[{"name": "Sami Khedira", "age": 30, "nationality": "Germany", "height": 189, "weight": 90, "photo": "https://media.api-sports.io/football/players/868.png"}, {"name": "Mario Mandzukic", "age": 31, "nationality": "Croatia", "height": 190, "weight": 85, "photo": "https://media.api-sports.io/football/players/878.png"}, {"name": "Fabrizio Cacciatore", "age": 31, "nationality": "Italy", "height": 182, "weight": 81, "photo": "https://media.api-sports.io/football/players/30548.png"}, {"name": "Andrea Costa", "age": 31, "nationality": "Italy", "height": 182, "weight": 73, "photo": "https://media.api-sports.io/football/players/30616.png"}, {"name": "Sergio Pellissier", "age": 38, "nationality": "Italy", "height": 175, "weight": 75, "photo": "https://media.api-sports.io/football/players/30759.png"}, {"name": "Oscar Hiljemark", "age": 25, "nationality": "Sweden", "height": 184, "weight": 77, "photo": "https://media.api-sports.io/football/players/30779.png"}, {"name": "Sergio Floccari", "age": 36, "nationality": "Italy", "height": 180, "weight": 80, "photo": "https://media.api-sports.io/football/players/30877.png"}, {"name": "Thomas Heurtaux", "age": 29, "nationality": "France", "height": 185, "weight": 80, "photo": "https://media.api-sports.io/football/players/50140.png"}, {"name": "Maxi López", "age": 33, "nationality": "Argentina", "height": 185, "weight": 81, "photo": "https://media.api-sports.io/football/players/10576.png"}, {"name": "Luca Rossettini", "age": 32, "nationality": "Italy", "height": 187, "weight": 82, "photo": "https://media.api-sports.io/football/players/30742.png"}, {"name": "Daniele De Rossi", "age": 34, "nationality": "Italy", "height": 184, "weight": 83, "photo": "https://media.api-sports.io/football/players/779.png"}, {"name": "Mateo Musacchio", "age": 27, "nationality": "Argentina", "height": 180, "weight": 73, "photo": "https://media.api-sports.io/football/players/1630.png"}, {"name": "Senad Lulic", "age": 31, "nationality": "Bosnia and Herzegovina", "height": 183, "weight": 75, "photo": "https://media.api-sports.io/football/players/1855.png"}, {"name": "Marco Parolo", "age": 32, "nationality": "Italy", "height": 184, "weight": 75, "photo": "https://media.api-sports.io/football/players/1857.png"}, {"name": "Dario Dainelli", "age": 38, "nationality": "Italy", "height": 191, "weight": 78, "photo": "https://media.api-sports.io/football/players/30952.png"}, {"name": "Massimo Gobbi", "age": 37, "nationality": "Italy", "height": 183, "weight": 79, "photo": "https://media.api-sports.io/football/players/31013.png"}, {"name": "Alessandro Gamberini", "age": 36, "nationality": "Italy", "height": 185, "weight": 78, "photo": "https://media.api-sports.io/football/players/91310.png"}, {"name": "Paolo Cannavaro", "age": 36, "nationality": "Italy", "height": 185, "weight": 83, "photo": "https://media.api-sports.io/football/players/91316.png"}, {"name": "Davide Astori", "age": 30, "nationality": "Italy", "height": 188, "weight": 80, "photo": "https://media.api-sports.io/football/players/91378.png"}, {"name": "Vasilis Torosidis", "age": 32, "nationality": "Greece", "height": 185, "weight": 80, "photo": "https://media.api-sports.io/football/players/1599.png"}, {"name": "Ignazio Abate", "age": 31, "nationality": "Italy", "height": 180, "weight": 73, "photo": "https://media.api-sports.io/football/players/1626.png"}, {"name": "Ivan Strinic", "age": 30, "nationality": "Croatia", "height": 186, "weight": 78, "photo": "https://media.api-sports.io/football/players/1633.png"}, {"name": "Riccardo Montolivo", "age": 32, "nationality": "Italy", "height": 182, "weight": 79, "photo": "https://media.api-sports.io/football/players/1645.png"}, {"name": "Alessandro Matri", "age": 33, "nationality": "Italy", "height": 183, "weight": 80, "photo": "https://media.api-sports.io/football/players/30541.png"}, {"name": "Marco Andreolli", "age": 31, "nationality": "Italy", "height": 187, "weight": 81, "photo": "https://media.api-sports.io/football/players/30735.png"}, {"name": "Nicolás Spolli", "age": 34, "nationality": "Argentina", "height": 193, "weight": 88, "photo": "https://media.api-sports.io/football/players/30985.png"}, {"name": "Nicolas Burdisso", "age": 36, "nationality": "Argentina", "height": 183, "weight": 81, "photo": "https://media.api-sports.io/football/players/91308.png"}, {"name": "Andrea Barzagli", "age": 36, "nationality": "Italy", "height": 187, "weight": 87, "photo": "https://media.api-sports.io/football/players/852.png"}, {"name": "Stephan Lichtsteiner", "age": 33, "nationality": "Switzerland", "height": 182, "weight": 76, "photo": "https://media.api-sports.io/football/players/1444.png"}, {"name": "Emiliano Moretti", "age": 36, "nationality": "Italy", "height": 185, "weight": 80, "photo": "https://media.api-sports.io/football/players/30502.png"}, {"name": "Simone Padoin", "age": 33, "nationality": "Italy", "height": 179, "weight": 73, "photo": "https://media.api-sports.io/football/players/30569.png"}, {"name": "Felipe", "age": 33, "nationality": "Brazil", "height": 188, "weight": 75, "photo": "https://media.api-sports.io/football/players/30856.png"}, {"name": "Giampaolo Pazzini", "age": 33, "nationality": "Italy", "height": 180, "weight": 77, "photo": "https://media.api-sports.io/football/players/30941.png"}, {"name": "Albano Bizzarri", "age": 40, "nationality": "Argentina", "height": 193, "weight": 89, "photo": "https://media.api-sports.io/football/players/31382.png"}, {"name": "Marco Borriello", "age": 35, "nationality": "Italy", "height": 180, "weight": 73, "photo": "https://media.api-sports.io/football/players/91319.png"}, {"name": "Kwadwo Asamoah", "age": 29, "nationality": "Ghana", "height": 173, "weight": 75, "photo": "https://media.api-sports.io/football/players/191.png"}, {"name": "Borja Valero", "age": 32, "nationality": "Spain", "height": 175, "weight": 73, "photo": "https://media.api-sports.io/football/players/210.png"}, {"name": "Diego Perotti", "age": 29, "nationality": "Argentina", "height": 179, "weight": 70, "photo": "https://media.api-sports.io/football/players/793.png"}, {"name": "Claudio Marchisio", "age": 31, "nationality": "Italy", "height": 180, "weight": 74, "photo": "https://media.api-sports.io/football/players/1214.png"}, {"name": "Iago Falque", "age": 27, "nationality": "Spain", "height": 174, "weight": 69, "photo": "https://media.api-sports.io/football/players/30512.png"}, {"name": "Valter Birsa", "age": 31, "nationality": "Slovenia", "height": 184, "weight": 83, "photo": "https://media.api-sports.io/football/players/30559.png"}, {"name": "Cristiano Lombardi", "age": 22, "nationality": "Italy", "height": 180, "weight": 75, "photo": "https://media.api-sports.io/football/players/31377.png"}, {"name": "Alessio Cerci", "age": 30, "nationality": "Italy", "height": 180, "weight": 78, "photo": "https://media.api-sports.io/football/players/50158.png"}, {"name": "Bruno Zuculini", "age": 24, "nationality": "Argentina", "height": 182, "weight": 74, "photo": "https://media.api-sports.io/football/players/6008.png"}, {"name": "Samuel Souprayen", "age": 28, "nationality": "France", "height": 187, "weight": 78, "photo": "https://media.api-sports.io/football/players/20855.png"}, {"name": "Vincent Laurini", "age": 28, "nationality": "France", "height": 173, "weight": 72, "photo": "https://media.api-sports.io/football/players/30400.png"}, {"name": "Fabio Pisacane", "age": 31, "nationality": "Italy", "height": 178, "weight": 77, "photo": "https://media.api-sports.io/football/players/30555.png"}, {"name": "Stefano Sorrentino", "age": 38, "nationality": "Italy", "height": 186, "weight": 84, "photo": "https://media.api-sports.io/football/players/30734.png"}, {"name": "Emil Hallfredsson", "age": 33, "nationality": "Iceland", "height": 185, "weight": 83, "photo": "https://media.api-sports.io/football/players/30808.png"}, {"name": "Marcello Trotta", "age": 25, "nationality": "Italy", "height": 188, "weight": 85, "photo": "https://media.api-sports.io/football/players/31095.png"}, {"name": "Simone Calvano", "age": 24, "nationality": "Italy", "height": 183, "weight": 75, "photo": "https://media.api-sports.io/football/players/31427.png"}, {"name": "Luca Cigarini", "age": 31, "nationality": "Italy", "height": 175, "weight": 72, "photo": "https://media.api-sports.io/football/players/30560.png"}, {"name": "Lorenzo Venuti", "age": 27, "nationality": "Italy", "height": 180, "weight": 76, "photo": "https://media.api-sports.io/football/players/30626.png"}, {"name": "Andrea Nalini", "age": 27, "nationality": "Italy", "height": 180, "weight": 74, "photo": "https://media.api-sports.io/football/players/30995.png"}, {"name": "Nicola Rigoni", "age": 27, "nationality": "Italy", "height": 185, "weight": 84, "photo": "https://media.api-sports.io/football/players/30754.png"}, {"name": "Simone Missiroli", "age": 31, "nationality": "Italy", "height": 191, "weight": 77, "photo": "https://media.api-sports.io/football/players/30867.png"}, {"name": "Alberto Paloschi", "age": 27, "nationality": "Italy", "height": 183, "weight": 82, "photo": "https://media.api-sports.io/football/players/30878.png"}, {"name": "Matías Silvestre", "age": 33, "nationality": "Argentina", "height": 187, "weight": 78, "photo": "https://media.api-sports.io/football/players/31049.png"}, {"name": "Daniele Dessena", "age": 30, "nationality": "Italy", "height": 182, "weight": 75, "photo": "https://media.api-sports.io/football/players/31141.png"}, {"name": "Ledian Memushaj", "age": 31, "nationality": "Albania", "height": 175, "weight": 71, "photo": "https://media.api-sports.io/football/players/31494.png"}, {"name": "Mirco Antenucci", "age": 33, "nationality": "Italy", "height": 178, "weight": 68, "photo": "https://media.api-sports.io/football/players/30876.png"}, {"name": "Jagos Vukovic", "age": 29, "nationality": "Serbia", "height": 195, "weight": 93, "photo": "https://media.api-sports.io/football/players/1601.png"}, {"name": "Bastos", "age": 26, "nationality": "Angola", "height": 184, "weight": 77, "photo": "https://media.api-sports.io/football/players/1845.png"}, {"name": "Marco Fossati", "age": 25, "nationality": "Italy", "height": 178, "weight": 74, "photo": "https://media.api-sports.io/football/players/31457.png"}, {"name": "Stipe Perica", "age": 22, "nationality": "Croatia", "height": 192, "weight": 76, "photo": "https://media.api-sports.io/football/players/50075.png"}, {"name": "Diego Laxalt", "age": 24, "nationality": "Uruguay", "height": 178, "weight": 66, "photo": "https://media.api-sports.io/football/players/1643.png"}, {"name": "Giancarlo Gonzalez", "age": 29, "nationality": "Costa Rica", "height": 186, "weight": 77, "photo": "https://media.api-sports.io/football/players/2833.png"}, {"name": "Dawid Kownacki", "age": 20, "nationality": "Poland", "height": 186, "weight": 75, "photo": "https://media.api-sports.io/football/players/3013.png"}, {"name": "Bartosz Salamon", "age": 26, "nationality": "Poland", "height": 194, "weight": 84, "photo": "https://media.api-sports.io/football/players/31076.png"}, {"name": "Andrija Balic", "age": 20, "nationality": "Croatia", "height": 180, "weight": 71, "photo": "https://media.api-sports.io/football/players/37009.png"}, {"name": "Adrian Stoian", "age": 26, "nationality": "Romania", "height": 178, "weight": 66, "photo": "https://media.api-sports.io/football/players/43030.png"}, {"name": "Nícolas", "age": 29, "nationality": "Brazil", "height": 190, "weight": 85, "photo": "https://media.api-sports.io/football/players/30792.png"}, {"name": "Marcus Rohden", "age": 26, "nationality": "Sweden", "height": 182, "weight": 76, "photo": "https://media.api-sports.io/football/players/30996.png"}, {"name": "Antonio Caracciolo", "age": 27, "nationality": "Italy", "height": 185, "weight": 83, "photo": "https://media.api-sports.io/football/players/31604.png"}, {"name": "Pietro Iemmello", "age": 25, "nationality": "Italy", "height": 186, "weight": 78, "photo": "https://media.api-sports.io/football/players/31660.png"}, {"name": "Marcel Büchel", "age": 26, "nationality": "Liechtenstein", "height": 175, "weight": 71, "photo": "https://media.api-sports.io/football/players/70351.png"}, {"name": "Radja Nainggolan", "age": 29, "nationality": "Belgium", "height": 176, "weight": 65, "photo": "https://media.api-sports.io/football/players/205.png"}, {"name": "Patrik Schick", "age": 21, "nationality": "Czech Republic", "height": 191, "weight": 85, "photo": "https://media.api-sports.io/football/players/794.png"}, {"name": "Bruno Petkovic", "age": 23, "nationality": "Croatia", "height": 193, "weight": 88, "photo": "https://media.api-sports.io/football/players/1331.png"}, {"name": "Riccardo Meggiorini", "age": 32, "nationality": "Italy", "height": 182, "weight": 79, "photo": "https://media.api-sports.io/football/players/30758.png"}, {"name": "Sebastien De Maio", "age": 30, "nationality": "France", "height": 190, "weight": 90, "photo": "https://media.api-sports.io/football/players/30796.png"}, {"name": "Luca Rigoni", "age": 33, "nationality": "Italy", "height": 185, "weight": 78, "photo": "https://media.api-sports.io/football/players/31025.png"}, {"name": "Adel Taarabt", "age": 28, "nationality": "Morocco", "height": 185, "weight": 77, "photo": "https://media.api-sports.io/football/players/578.png"}, {"name": "Gil Dias", "age": 21, "nationality": "Portugal", "height": 183, "weight": 75, "photo": "https://media.api-sports.io/football/players/1615.png"}, {"name": "Blerim Dzemaili", "age": 31, "nationality": "Switzerland", "height": 179, "weight": 73, "photo": "https://media.api-sports.io/football/players/30478.png"}, {"name": "Manuel Pucciarelli", "age": 26, "nationality": "Italy", "height": 174, "weight": 63, "photo": "https://media.api-sports.io/football/players/30760.png"}, {"name": "Miranda", "age": 33, "nationality": "Brazil", "height": 186, "weight": 78, "photo": "https://media.api-sports.io/football/players/195.png"}, {"name": "Mauro Icardi", "age": 24, "nationality": "Argentina", "height": 181, "weight": 75, "photo": "https://media.api-sports.io/football/players/216.png"}, {"name": "Arkadiusz Milik", "age": 23, "nationality": "Poland", "height": 186, "weight": 80, "photo": "https://media.api-sports.io/football/players/333.png"}, {"name": "Cengiz Ünder", "age": 20, "nationality": "Turkey", "height": 173, "weight": 66, "photo": "https://media.api-sports.io/football/players/785.png"}, {"name": "Douglas Costa", "age": 27, "nationality": "Brazil", "height": 172, "weight": 70, "photo": "https://media.api-sports.io/football/players/865.png"}, {"name": "Blaise Matuidi", "age": 30, "nationality": "France", "height": 180, "weight": 75, "photo": "https://media.api-sports.io/football/players/869.png"}, {"name": "M'Baye Niang", "age": 23, "nationality": "Senegal", "height": 184, "weight": 75, "photo": "https://media.api-sports.io/football/players/2216.png"}, {"name": "Gonzalo Higuaín", "age": 30, "nationality": "Argentina", "height": 186, "weight": 89, "photo": "https://media.api-sports.io/football/players/2297.png"}, {"name": "Éder", "age": 31, "nationality": "Italy", "height": 179, "weight": 72, "photo": "https://media.api-sports.io/football/players/12795.png"}, {"name": "Gerson", "age": 20, "nationality": "Brazil", "height": 188, "weight": 72, "photo": "https://media.api-sports.io/football/players/30408.png"}, {"name": "Seko Fofana", "age": 22, "nationality": "Côte d'Ivoire", "height": 183, "weight": 74, "photo": "https://media.api-sports.io/football/players/30807.png"}, {"name": "Miralem Pjanic", "age": 27, "nationality": "Bosnia and Herzegovina", "height": 178, "weight": 72, "photo": "https://media.api-sports.io/football/players/872.png"}, {"name": "Andrea Bertolacci", "age": 26, "nationality": "Italy", "height": 179, "weight": 75, "photo": "https://media.api-sports.io/football/players/1636.png"}, {"name": "Adem Ljajic", "age": 26, "nationality": "Serbia", "height": 182, "weight": 80, "photo": "https://media.api-sports.io/football/players/2002.png"}, {"name": "Lucas Castro", "age": 28, "nationality": "Argentina", "height": 182, "weight": 75, "photo": "https://media.api-sports.io/football/players/30567.png"}, {"name": "Davide Biraschi", "age": 23, "nationality": "Italy", "height": 182, "weight": 73, "photo": "https://media.api-sports.io/football/players/30769.png"}, {"name": "Ervin Zukanovic", "age": 30, "nationality": "Bosnia and Herzegovina", "height": 188, "weight": 85, "photo": "https://media.api-sports.io/football/players/30777.png"}, {"name": "Emiliano Viviano", "age": 32, "nationality": "Italy", "height": 195, "weight": 90, "photo": "https://media.api-sports.io/football/players/30852.png"}, {"name": "Rafinha", "age": 24, "nationality": "Brazil", "height": 174, "weight": 71, "photo": "https://media.api-sports.io/football/players/142.png"}, {"name": "Kostas Manolas", "age": 26, "nationality": "Greece", "height": 189, "weight": 83, "photo": "https://media.api-sports.io/football/players/772.png"}, {"name": "Yann Karamoh", "age": 19, "nationality": "France", "height": 185, "weight": 77, "photo": "https://media.api-sports.io/football/players/1278.png"}, {"name": "Lucas Biglia", "age": 31, "nationality": "Argentina", "height": 178, "weight": 64, "photo": "https://media.api-sports.io/football/players/1637.png"}, {"name": "Fabio Borini", "age": 26, "nationality": "Italy", "height": 180, "weight": 73, "photo": "https://media.api-sports.io/football/players/1648.png"}, {"name": "Afriyie Acquah", "age": 25, "nationality": "Ghana", "height": 179, "weight": 70, "photo": "https://media.api-sports.io/football/players/3419.png"}, {"name": "Valentin Eysseric", "age": 25, "nationality": "France", "height": 181, "weight": 73, "photo": "https://media.api-sports.io/football/players/21096.png"}, {"name": "Edgar Barreto", "age": 33, "nationality": "Paraguay", "height": 180, "weight": 79, "photo": "https://media.api-sports.io/football/players/30452.png"}, {"name": "Godfred Donsah", "age": 21, "nationality": "Ghana", "height": 175, "weight": 70, "photo": "https://media.api-sports.io/football/players/30477.png"}, {"name": "Andrea Poli", "age": 28, "nationality": "Italy", "height": 182, "weight": 77, "photo": "https://media.api-sports.io/football/players/30482.png"}, {"name": "Nenad Tomovic", "age": 30, "nationality": "Serbia", "height": 184, "weight": 79, "photo": "https://media.api-sports.io/football/players/30745.png"}, {"name": "Alisson", "age": 25, "nationality": "Brazil", "height": 193, "weight": 91, "photo": "https://media.api-sports.io/football/players/280.png"}, {"name": "Raúl Albiol", "age": 32, "nationality": "Spain", "height": 187, "weight": 74, "photo": "https://media.api-sports.io/football/players/314.png"}, {"name": "João Cancelo", "age": 23, "nationality": "Portugal", "height": 182, "weight": 74, "photo": "https://media.api-sports.io/football/players/855.png"}, {"name": "Suso", "age": 24, "nationality": "Spain", "height": 177, "weight": 70, "photo": "https://media.api-sports.io/football/players/1650.png"}, {"name": "Maxime Gonalons", "age": 28, "nationality": "France", "height": 187, "weight": 76, "photo": "https://media.api-sports.io/football/players/2051.png"}, {"name": "Filip Helander", "age": 24, "nationality": "Sweden", "height": 192, "weight": 81, "photo": "https://media.api-sports.io/football/players/2854.png"}, {"name": "Timothy Castagne", "age": 22, "nationality": "Belgium", "height": 185, "weight": 80, "photo": "https://media.api-sports.io/football/players/2920.png"}, {"name": "Adam Masina", "age": 23, "nationality": "Morocco", "height": 189, "weight": 78, "photo": "https://media.api-sports.io/football/players/18799.png"}, {"name": "Jakub Jankto", "age": 21, "nationality": "Czech Republic", "height": 184, "weight": 74, "photo": "https://media.api-sports.io/football/players/30453.png"}, {"name": "Alex Berenguer", "age": 22, "nationality": "Spain", "height": 175, "weight": 73, "photo": "https://media.api-sports.io/football/players/30510.png"}, {"name": "Ante Budimir", "age": 26, "nationality": "Croatia", "height": 190, "weight": 75, "photo": "https://media.api-sports.io/football/players/46746.png"}, {"name": "Mattia Caldara", "age": 23, "nationality": "Italy", "height": 187, "weight": 80, "photo": "https://media.api-sports.io/football/players/1628.png"}, {"name": "Duván Zapata", "age": 26, "nationality": "Colombia", "height": 189, "weight": 88, "photo": "https://media.api-sports.io/football/players/2495.png"}, {"name": "Berat Gjimshiti", "age": 24, "nationality": "Albania", "height": 190, "weight": 83, "photo": "https://media.api-sports.io/football/players/30421.png"}, {"name": "Robin Gosens", "age": 23, "nationality": "Germany", "height": 183, "weight": 76, "photo": "https://media.api-sports.io/football/players/30422.png"}, {"name": "Hans Hateboer", "age": 23, "nationality": "Netherlands", "height": 185, "weight": 72, "photo": "https://media.api-sports.io/football/players/30423.png"}, {"name": "José Luis Palomino", "age": 27, "nationality": "Argentina", "height": 188, "weight": 87, "photo": "https://media.api-sports.io/football/players/30428.png"}, {"name": "Rafael Toloi", "age": 27, "nationality": "Italy", "height": 185, "weight": 75, "photo": "https://media.api-sports.io/football/players/30429.png"}, {"name": "Nicolas N'Koulou", "age": 27, "nationality": "Cameroon", "height": 184, "weight": 77, "photo": "https://media.api-sports.io/football/players/30503.png"}, {"name": "Giuseppe Pezzella", "age": 20, "nationality": "Italy", "height": 185, "weight": 81, "photo": "https://media.api-sports.io/football/players/30775.png"}, {"name": "Samir", "age": 23, "nationality": "Brazil", "height": 189, "weight": 73, "photo": "https://media.api-sports.io/football/players/30795.png"}, {"name": "Marco Sportiello", "age": 25, "nationality": "Italy", "height": 192, "weight": 87, "photo": "https://media.api-sports.io/football/players/31069.png"}, {"name": "Cristian Molinaro", "age": 34, "nationality": "Italy", "height": 182, "weight": 82, "photo": "https://media.api-sports.io/football/players/31075.png"}, {"name": "Nani", "age": 31, "nationality": "Portugal", "height": 177, "weight": 72, "photo": "https://media.api-sports.io/football/players/50940.png"}, {"name": "Matteo Politano", "age": 24, "nationality": "Italy", "height": 171, "weight": 67, "photo": "https://media.api-sports.io/football/players/219.png"}, {"name": "Mário Rui", "age": 26, "nationality": "Portugal", "height": 170, "weight": 67, "photo": "https://media.api-sports.io/football/players/322.png"}, {"name": "Allan", "age": 26, "nationality": "Brazil", "height": 173, "weight": 73, "photo": "https://media.api-sports.io/football/players/326.png"}, {"name": "Piotr Zielinski", "age": 23, "nationality": "Poland", "height": 180, "weight": 75, "photo": "https://media.api-sports.io/football/players/329.png"}, {"name": "José Callejón", "age": 30, "nationality": "Spain", "height": 178, "weight": 73, "photo": "https://media.api-sports.io/football/players/330.png"}, {"name": "Dries Mertens", "age": 30, "nationality": "Belgium", "height": 169, "weight": 61, "photo": "https://media.api-sports.io/football/players/332.png"}, {"name": "Juan Jesus", "age": 26, "nationality": "Brazil", "height": 185, "weight": 83, "photo": "https://media.api-sports.io/football/players/774.png"}, {"name": "Lucas Torreira", "age": 21, "nationality": "Uruguay", "height": 168, "weight": 64, "photo": "https://media.api-sports.io/football/players/1462.png"}, {"name": "Giacomo Bonaventura", "age": 28, "nationality": "Italy", "height": 180, "weight": 75, "photo": "https://media.api-sports.io/football/players/1638.png"}, {"name": "Erick Pulgar", "age": 23, "nationality": "Chile", "height": 187, "weight": 78, "photo": "https://media.api-sports.io/football/players/2560.png"}, {"name": "Cristiano Biraghi", "age": 25, "nationality": "Italy", "height": 185, "weight": 78, "photo": "https://media.api-sports.io/football/players/30396.png"}, {"name": "Marco Benassi", "age": 23, "nationality": "Italy", "height": 183, "weight": 80, "photo": "https://media.api-sports.io/football/players/30403.png"}, {"name": "Riccardo Saponara", "age": 26, "nationality": "Italy", "height": 184, "weight": 73, "photo": "https://media.api-sports.io/football/players/30456.png"}, {"name": "Alfred Duncan", "age": 24, "nationality": "Ghana", "height": 178, "weight": 78, "photo": "https://media.api-sports.io/football/players/30532.png"}, {"name": "Andrea Petagna", "age": 22, "nationality": "Italy", "height": 190, "weight": 85, "photo": "https://media.api-sports.io/football/players/30879.png"}, {"name": "Lorenzo Venuti", "age": 22, "nationality": "Italy", "height": 176, "weight": 65, "photo": "https://media.api-sports.io/football/players/31730.png"}, {"name": "Antonio Mirante", "age": 34, "nationality": "Italy", "height": 193, "weight": 79, "photo": "https://media.api-sports.io/football/players/765.png"}, {"name": "Alessandro Florenzi", "age": 26, "nationality": "Italy", "height": 173, "weight": 67, "photo": "https://media.api-sports.io/football/players/769.png"}, {"name": "Davide Calabria", "age": 21, "nationality": "Italy", "height": 177, "weight": 70, "photo": "https://media.api-sports.io/football/players/1627.png"}, {"name": "Alessio Romagnoli", "age": 22, "nationality": "Italy", "height": 185, "weight": 75, "photo": "https://media.api-sports.io/football/players/1632.png"}, {"name": "Franck Kessié", "age": 21, "nationality": "Côte d'Ivoire", "height": 183, "weight": 74, "photo": "https://media.api-sports.io/football/players/1642.png"}, {"name": "Milan Badelj", "age": 28, "nationality": "Croatia", "height": 186, "weight": 76, "photo": "https://media.api-sports.io/football/players/1850.png"}, {"name": "Felipe Caicedo", "age": 29, "nationality": "Ecuador", "height": 183, "weight": 84, "photo": "https://media.api-sports.io/football/players/1861.png"}, {"name": "Andrea Masiello", "age": 31, "nationality": "Italy", "height": 185, "weight": 75, "photo": "https://media.api-sports.io/football/players/30426.png"}, {"name": "Salvatore Sirigu", "age": 30, "nationality": "Italy", "height": 192, "weight": 80, "photo": "https://media.api-sports.io/football/players/30495.png"}, {"name": "Mattia Bani", "age": 24, "nationality": "Italy", "height": 188, "weight": 80, "photo": "https://media.api-sports.io/football/players/30736.png"}, {"name": "Ivan Radovanovic", "age": 29, "nationality": "Serbia", "height": 186, "weight": 80, "photo": "https://media.api-sports.io/football/players/30782.png"}, {"name": "Goran Pandev", "age": 34, "nationality": "North Macedonia", "height": 184, "weight": 75, "photo": "https://media.api-sports.io/football/players/30791.png"}, {"name": "Valon Behrami", "age": 32, "nationality": "Switzerland", "height": 185, "weight": 78, "photo": "https://media.api-sports.io/football/players/30805.png"}, {"name": "Mattia Perin", "age": 25, "nationality": "Italy", "height": 188, "weight": 85, "photo": "https://media.api-sports.io/football/players/849.png"}, {"name": "Wojciech Szczesny", "age": 27, "nationality": "Poland", "height": 195, "weight": 90, "photo": "https://media.api-sports.io/football/players/851.png"}, {"name": "José Reina", "age": 35, "nationality": "Spain", "height": 188, "weight": 92, "photo": "https://media.api-sports.io/football/players/1624.png"}, {"name": "Jordan Lukaku", "age": 23, "nationality": "Belgium", "height": 177, "weight": 86, "photo": "https://media.api-sports.io/football/players/1843.png"}, {"name": "Stefan Radu", "age": 31, "nationality": "Romania", "height": 183, "weight": 79, "photo": "https://media.api-sports.io/football/players/1846.png"}, {"name": "Lucas Leiva", "age": 30, "nationality": "Brazil", "height": 179, "weight": 74, "photo": "https://media.api-sports.io/football/players/1858.png"}, {"name": "Luis Alberto", "age": 25, "nationality": "Spain", "height": 182, "weight": 70, "photo": "https://media.api-sports.io/football/players/1859.png"}, {"name": "Ciro Immobile", "age": 27, "nationality": "Italy", "height": 185, "weight": 78, "photo": "https://media.api-sports.io/football/players/1863.png"}, {"name": "Felipe Anderson", "age": 24, "nationality": "Brazil", "height": 175, "weight": 70, "photo": "https://media.api-sports.io/football/players/2412.png"}, {"name": "Mattia Destro", "age": 26, "nationality": "Italy", "height": 181, "weight": 73, "photo": "https://media.api-sports.io/football/players/30486.png"}, {"name": "Bram Nuytinck", "age": 27, "nationality": "Netherlands", "height": 190, "weight": 80, "photo": "https://media.api-sports.io/football/players/30797.png"}, {"name": "Manuel Lazzari", "age": 24, "nationality": "Italy", "height": 174, "weight": 67, "photo": "https://media.api-sports.io/football/players/30866.png"}, {"name": "Antonio Candreva", "age": 30, "nationality": "Italy", "height": 180, "weight": 70, "photo": "https://media.api-sports.io/football/players/202.png"}, {"name": "Giorgio Chiellini", "age": 33, "nationality": "Italy", "height": 187, "weight": 85, "photo": "https://media.api-sports.io/football/players/856.png"}, {"name": "Daniele Rugani", "age": 23, "nationality": "Italy", "height": 190, "weight": 84, "photo": "https://media.api-sports.io/football/players/861.png"}, {"name": "Rodrigo Bentancur", "age": 20, "nationality": "Uruguay", "height": 187, "weight": 72, "photo": "https://media.api-sports.io/football/players/863.png"}, {"name": "Juan Cuadrado", "age": 29, "nationality": "Colombia", "height": 179, "weight": 72, "photo": "https://media.api-sports.io/football/players/866.png"}, {"name": "Moise Kean", "age": 17, "nationality": "Italy", "height": 182, "weight": 67, "photo": "https://media.api-sports.io/football/players/877.png"}, {"name": "Tomás Rincón", "age": 29, "nationality": "Venezuela", "height": 177, "weight": 76, "photo": "https://media.api-sports.io/football/players/2452.png"}, {"name": "Bartosz Bereszynski", "age": 25, "nationality": "Poland", "height": 183, "weight": 77, "photo": "https://media.api-sports.io/football/players/3000.png"}, {"name": "Alex Ferrari", "age": 23, "nationality": "Italy", "height": 191, "weight": 80, "photo": "https://media.api-sports.io/football/players/30446.png"}, {"name": "Nicola Murru", "age": 23, "nationality": "Italy", "height": 180, "weight": 74, "photo": "https://media.api-sports.io/football/players/30447.png"}, {"name": "Fabio Quagliarella", "age": 34, "nationality": "Italy", "height": 180, "weight": 79, "photo": "https://media.api-sports.io/football/players/30463.png"}, {"name": "Andrea Consigli", "age": 30, "nationality": "Italy", "height": 189, "weight": 82, "photo": "https://media.api-sports.io/football/players/30516.png"}, {"name": "Federico Peluso", "age": 33, "nationality": "Italy", "height": 187, "weight": 82, "photo": "https://media.api-sports.io/football/players/30528.png"}, {"name": "Valerio Verre", "age": 23, "nationality": "Italy", "height": 180, "weight": 70, "photo": "https://media.api-sports.io/football/players/31403.png"}, {"name": "Kevin Strootman", "age": 27, "nationality": "Netherlands", "height": 186, "weight": 78, "photo": "https://media.api-sports.io/football/players/1916.png"}, {"name": "Marko Rog", "age": 22, "nationality": "Croatia", "height": 180, "weight": 73, "photo": "https://media.api-sports.io/football/players/2055.png"}, {"name": "Gregoire Defrel", "age": 26, "nationality": "France", "height": 180, "weight": 79, "photo": "https://media.api-sports.io/football/players/30461.png"}, {"name": "Francesco Magnanelli", "age": 33, "nationality": "Italy", "height": 181, "weight": 79, "photo": "https://media.api-sports.io/football/players/30534.png"}, {"name": "Luca Ceppitelli", "age": 28, "nationality": "Italy", "height": 186, "weight": 80, "photo": "https://media.api-sports.io/football/players/30549.png"}, {"name": "Filippo Romagna", "age": 20, "nationality": "Italy", "height": 186, "weight": 75, "photo": "https://media.api-sports.io/football/players/30556.png"}, {"name": "João Pedro", "age": 25, "nationality": "Brazil", "height": 184, "weight": 73, "photo": "https://media.api-sports.io/football/players/30562.png"}, {"name": "Leonardo Pavoletti", "age": 29, "nationality": "Italy", "height": 188, "weight": 80, "photo": "https://media.api-sports.io/football/players/30573.png"}, {"name": "Alberto Grassi", "age": 22, "nationality": "Italy", "height": 183, "weight": 75, "photo": "https://media.api-sports.io/football/players/31021.png"}, {"name": "Samir Handanovic", "age": 33, "nationality": "Slovenia", "height": 193, "weight": 92, "photo": "https://media.api-sports.io/football/players/188.png"}, {"name": "Danilo D'Ambrosio", "age": 29, "nationality": "Italy", "height": 180, "weight": 75, "photo": "https://media.api-sports.io/football/players/193.png"}, {"name": "Stefan de Vrij", "age": 25, "nationality": "Netherlands", "height": 189, "weight": 78, "photo": "https://media.api-sports.io/football/players/194.png"}, {"name": "Marcelo Brozovic", "age": 25, "nationality": "Croatia", "height": 181, "weight": 68, "photo": "https://media.api-sports.io/football/players/201.png"}, {"name": "Roberto Gagliardini", "age": 23, "nationality": "Italy", "height": 190, "weight": 77, "photo": "https://media.api-sports.io/football/players/203.png"}, {"name": "Ivan Perisic", "age": 28, "nationality": "Croatia", "height": 186, "weight": 80, "photo": "https://media.api-sports.io/football/players/207.png"}, {"name": "Matías Vecino", "age": 26, "nationality": "Uruguay", "height": 187, "weight": 81, "photo": "https://media.api-sports.io/football/players/211.png"}, {"name": "Aleksandar Kolarov", "age": 32, "nationality": "Serbia", "height": 187, "weight": 81, "photo": "https://media.api-sports.io/football/players/771.png"}, {"name": "Edin Dzeko", "age": 31, "nationality": "Bosnia and Herzegovina", "height": 193, "weight": 80, "photo": "https://media.api-sports.io/football/players/790.png"}, {"name": "Hakan Calhanoglu", "age": 23, "nationality": "Turkey", "height": 178, "weight": 76, "photo": "https://media.api-sports.io/football/players/1640.png"}, {"name": "Patrick Cutrone", "age": 19, "nationality": "Italy", "height": 183, "weight": 75, "photo": "https://media.api-sports.io/football/players/1649.png"}, {"name": "Stefano Sensi", "age": 22, "nationality": "Italy", "height": 168, "weight": 62, "photo": "https://media.api-sports.io/football/players/30535.png"}, {"name": "Federico Di Francesco", "age": 23, "nationality": "Italy", "height": 171, "weight": 75, "photo": "https://media.api-sports.io/football/players/30539.png"}, {"name": "Alex Cordaz", "age": 34, "nationality": "Italy", "height": 188, "weight": 83, "photo": "https://media.api-sports.io/football/players/30974.png"}, {"name": "Federico Fazio", "age": 30, "nationality": "Argentina", "height": 195, "weight": 85, "photo": "https://media.api-sports.io/football/players/768.png"}, {"name": "Davide Santon", "age": 26, "nationality": "Italy", "height": 187, "weight": 77, "photo": "https://media.api-sports.io/football/players/775.png"}, {"name": "Lorenzo Pellegrini", "age": 21, "nationality": "Italy", "height": 186, "weight": 77, "photo": "https://media.api-sports.io/football/players/782.png"}, {"name": "Stephan El Shaarawy", "age": 25, "nationality": "Italy", "height": 178, "weight": 72, "photo": "https://media.api-sports.io/football/players/791.png"}, {"name": "Leonardo Spinazzola", "age": 24, "nationality": "Italy", "height": 186, "weight": 75, "photo": "https://media.api-sports.io/football/players/862.png"}, {"name": "Federico Ceccherini", "age": 25, "nationality": "Italy", "height": 186, "weight": 72, "photo": "https://media.api-sports.io/football/players/30397.png"}, {"name": "Jordan Veretout", "age": 24, "nationality": "France", "height": 177, "weight": 67, "photo": "https://media.api-sports.io/football/players/30409.png"}, {"name": "Paolo Faragò", "age": 24, "nationality": "Italy", "height": 187, "weight": 80, "photo": "https://media.api-sports.io/football/players/30563.png"}, {"name": "Massimo Coda", "age": 29, "nationality": "Italy", "height": 184, "weight": 72, "photo": "https://media.api-sports.io/football/players/30635.png"}, {"name": "Fabio Depaoli", "age": 20, "nationality": "Italy", "height": 178, "weight": 71, "photo": "https://media.api-sports.io/football/players/30747.png"}, {"name": "Miguel Veloso", "age": 31, "nationality": "Portugal", "height": 180, "weight": 79, "photo": "https://media.api-sports.io/football/players/30781.png"}, {"name": "Marco Faraoni", "age": 26, "nationality": "Italy", "height": 180, "weight": 71, "photo": "https://media.api-sports.io/football/players/30922.png"}, {"name": "Nikola Kalinic", "age": 29, "nationality": "Croatia", "height": 187, "weight": 79, "photo": "https://media.api-sports.io/football/players/57.png"}, {"name": "Giovanni Simeone", "age": 22, "nationality": "Argentina", "height": 180, "weight": 81, "photo": "https://media.api-sports.io/football/players/30414.png"}, {"name": "Gianluca Caprari", "age": 24, "nationality": "Italy", "height": 176, "weight": 72, "photo": "https://media.api-sports.io/football/players/30460.png"}, {"name": "Artur Ionita", "age": 27, "nationality": "Moldova", "height": 186, "weight": 75, "photo": "https://media.api-sports.io/football/players/30564.png"}, {"name": "Gaetano Letizia", "age": 27, "nationality": "Italy", "height": 173, "weight": 63, "photo": "https://media.api-sports.io/football/players/30620.png"}, {"name": "Mariusz Stepinski", "age": 22, "nationality": "Poland", "height": 183, "weight": 72, "photo": "https://media.api-sports.io/football/players/30761.png"}, {"name": "Antonin Barak", "age": 23, "nationality": "Czech Republic", "height": 190, "weight": 86, "photo": "https://media.api-sports.io/football/players/30803.png"}, {"name": "Kevin Lasagna", "age": 25, "nationality": "Italy", "height": 185, "weight": 80, "photo": "https://media.api-sports.io/football/players/30815.png"}, {"name": "Daniele Verde", "age": 21, "nationality": "Italy", "height": 168, "weight": 64, "photo": "https://media.api-sports.io/football/players/47500.png"}, {"name": "Antonino Ragusa", "age": 27, "nationality": "Italy", "height": 183, "weight": 78, "photo": "https://media.api-sports.io/football/players/91301.png"}, {"name": "Marco Sau", "age": 30, "nationality": "Italy", "height": 169, "weight": 65, "photo": "https://media.api-sports.io/football/players/30464.png"}, {"name": "Enrico Brignola", "age": 18, "nationality": "Italy", "height": 180, "weight": 72, "photo": "https://media.api-sports.io/football/players/30538.png"}, {"name": "Gianluca Lapadula", "age": 27, "nationality": "Peru", "height": 178, "weight": 69, "photo": "https://media.api-sports.io/football/players/30790.png"}, {"name": "Luca Mora", "age": 29, "nationality": "Italy", "height": 183, "weight": 80, "photo": "https://media.api-sports.io/football/players/30837.png"}, {"name": "Francesco Vicari", "age": 23, "nationality": "Italy", "height": 190, "weight": 80, "photo": "https://media.api-sports.io/football/players/30863.png"}, {"name": "Diego Farias", "age": 27, "nationality": "Brazil", "height": 172, "weight": 63, "photo": "https://media.api-sports.io/football/players/31061.png"}, {"name": "Federico Viviani", "age": 25, "nationality": "Italy", "height": 180, "weight": 75, "photo": "https://media.api-sports.io/football/players/31090.png"}, {"name": "Gianluigi Buffon", "age": 39, "nationality": "Italy", "height": 192, "weight": 92, "photo": "https://media.api-sports.io/football/players/254.png"}, {"name": "Gastón Ramírez", "age": 27, "nationality": "Uruguay", "height": 183, "weight": 78, "photo": "https://media.api-sports.io/football/players/30455.png"}, {"name": "Danilo", "age": 33, "nationality": "Brazil", "height": 184, "weight": 80, "photo": "https://media.api-sports.io/football/players/30472.png"}, {"name": "Cristian Ansaldi", "age": 31, "nationality": "Argentina", "height": 181, "weight": 76, "photo": "https://media.api-sports.io/football/players/30496.png"}, {"name": "Armando Izzo", "age": 25, "nationality": "Italy", "height": 183, "weight": 78, "photo": "https://media.api-sports.io/football/players/30501.png"}, {"name": "Daniele Baselli", "age": 25, "nationality": "Italy", "height": 182, "weight": 70, "photo": "https://media.api-sports.io/football/players/30506.png"}, {"name": "Luca Mazzitelli", "age": 22, "nationality": "Italy", "height": 184, "weight": 76, "photo": "https://media.api-sports.io/football/players/30780.png"}, {"name": "Marco D'Alessandro", "age": 26, "nationality": "Italy", "height": 173, "weight": 71, "photo": "https://media.api-sports.io/football/players/30806.png"}, {"name": "Filippo Costa", "age": 22, "nationality": "Italy", "height": 175, "weight": 70, "photo": "https://media.api-sports.io/football/players/30854.png"}, {"name": "Pasquale Schiattarella", "age": 30, "nationality": "Italy", "height": 178, "weight": 68, "photo": "https://media.api-sports.io/football/players/30871.png"}, {"name": "Mattia Valoti", "age": 24, "nationality": "Italy", "height": 181, "weight": 62, "photo": "https://media.api-sports.io/football/players/30875.png"}, {"name": "Mario Sampirisi", "age": 25, "nationality": "Italy", "height": 188, "weight": 75, "photo": "https://media.api-sports.io/football/players/30984.png"}, {"name": "Andrea Barberis", "age": 24, "nationality": "Italy", "height": 177, "weight": 72, "photo": "https://media.api-sports.io/football/players/30989.png"}, {"name": "Roberto Inglese", "age": 26, "nationality": "Italy", "height": 187, "weight": 85, "photo": "https://media.api-sports.io/football/players/31031.png"}, {"name": "Simone Verdi", "age": 25, "nationality": "Italy", "height": 171, "weight": 62, "photo": "https://media.api-sports.io/football/players/334.png"}, {"name": "Dennis Praet", "age": 23, "nationality": "Belgium", "height": 181, "weight": 78, "photo": "https://media.api-sports.io/football/players/2925.png"}, {"name": "Karol Linetty", "age": 22, "nationality": "Poland", "height": 176, "weight": 73, "photo": "https://media.api-sports.io/football/players/3009.png"}, {"name": "Rodrigo Palacio", "age": 35, "nationality": "Argentina", "height": 180, "weight": 75, "photo": "https://media.api-sports.io/football/players/30489.png"}, {"name": "Rolando Mandragora", "age": 20, "nationality": "Italy", "height": 183, "weight": 76, "photo": "https://media.api-sports.io/football/players/30810.png"}, {"name": "Mohamed Fares", "age": 21, "nationality": "Algeria", "height": 183, "weight": 75, "photo": "https://media.api-sports.io/football/players/30859.png"}, {"name": "Lorenzo De Silvestri", "age": 29, "nationality": "Italy", "height": 186, "weight": 84, "photo": "https://media.api-sports.io/football/players/30498.png"}, {"name": "Marco Capuano", "age": 26, "nationality": "Italy", "height": 185, "weight": 80, "photo": "https://media.api-sports.io/football/players/31072.png"}, {"name": "Bruno Martella", "age": 25, "nationality": "Italy", "height": 183, "weight": 74, "photo": "https://media.api-sports.io/football/players/31134.png"}, {"name": "Vittorio Parigini", "age": 21, "nationality": "Italy", "height": 180, "weight": 71, "photo": "https://media.api-sports.io/football/players/30508.png"}, {"name": "Claud Adjapong", "age": 19, "nationality": "Italy", "height": 180, "weight": 74, "photo": "https://media.api-sports.io/football/players/30520.png"}, {"name": "Federico Ricci", "age": 23, "nationality": "Italy", "height": 175, "weight": 63, "photo": "https://media.api-sports.io/football/players/30638.png"}, {"name": "Perparim Hetemaj", "age": 31, "nationality": "Finland", "height": 179, "weight": 76, "photo": "https://media.api-sports.io/football/players/30750.png"}, {"name": "Andrej Galabinov", "age": 29, "nationality": "Bulgaria", "height": 192, "weight": 88, "photo": "https://media.api-sports.io/football/players/30844.png"}, {"name": "Alessandro Murgia", "age": 21, "nationality": "Italy", "height": 185, "weight": 78, "photo": "https://media.api-sports.io/football/players/30868.png"}, {"name": "Aleandro Rosi", "age": 30, "nationality": "Italy", "height": 180, "weight": 77, "photo": "https://media.api-sports.io/football/players/31392.png"}, {"name": "Kalidou Koulibaly", "age": 26, "nationality": "Senegal", "height": 195, "weight": 89, "photo": "https://media.api-sports.io/football/players/318.png"}, {"name": "Sergej Milinkovic-Savic", "age": 22, "nationality": "Serbia", "height": 191, "weight": 76, "photo": "https://media.api-sports.io/football/players/1856.png"}, {"name": "Nikola Milenkovic", "age": 20, "nationality": "Serbia", "height": 195, "weight": 90, "photo": "https://media.api-sports.io/football/players/2817.png"}, {"name": "Darko Lazovic", "age": 27, "nationality": "Serbia", "height": 181, "weight": 66, "photo": "https://media.api-sports.io/football/players/2822.png"}, {"name": "Ibrahima Mbaye", "age": 23, "nationality": "Senegal", "height": 187, "weight": 70, "photo": "https://media.api-sports.io/football/players/30473.png"}, {"name": "Filip Djuricic", "age": 25, "nationality": "Serbia", "height": 176, "weight": 69, "photo": "https://media.api-sports.io/football/players/30536.png"}, {"name": "Arlind Ajeti", "age": 24, "nationality": "Albania", "height": 184, "weight": 77, "photo": "https://media.api-sports.io/football/players/48566.png"}, {"name": "Milan Skriniar", "age": 22, "nationality": "Slovakia", "height": 187, "weight": 80, "photo": "https://media.api-sports.io/football/players/198.png"}, {"name": "Elseid Hysaj", "age": 23, "nationality": "Albania", "height": 182, "weight": 75, "photo": "https://media.api-sports.io/football/players/317.png"}, {"name": "Andreas Cornelius", "age": 24, "nationality": "Denmark", "height": 193, "weight": 91, "photo": "https://media.api-sports.io/football/players/1274.png"}, {"name": "Ricardo Rodríguez", "age": 25, "nationality": "Switzerland", "height": 181, "weight": 78, "photo": "https://media.api-sports.io/football/players/1631.png"}, {"name": "Thomas Strakosha", "age": 22, "nationality": "Albania", "height": 186, "weight": 78, "photo": "https://media.api-sports.io/football/players/1835.png"}, {"name": "Adam Marusic", "age": 25, "nationality": "Montenegro", "height": 185, "weight": 76, "photo": "https://media.api-sports.io/football/players/1844.png"}, {"name": "Jens Stryger Larsen", "age": 26, "nationality": "Denmark", "height": 180, "weight": 81, "photo": "https://media.api-sports.io/football/players/2733.png"}, {"name": "Remo Freuler", "age": 25, "nationality": "Switzerland", "height": 180, "weight": 80, "photo": "https://media.api-sports.io/football/players/2807.png"}, {"name": "Marek Hamsik", "age": 30, "nationality": "Slovakia", "height": 183, "weight": 79, "photo": "https://media.api-sports.io/football/players/12994.png"}, {"name": "Etrit Berisha", "age": 28, "nationality": "Albania", "height": 194, "weight": 82, "photo": "https://media.api-sports.io/football/players/30416.png"}, {"name": "Marten de Roon", "age": 26, "nationality": "Netherlands", "height": 185, "weight": 76, "photo": "https://media.api-sports.io/football/players/30432.png"}, {"name": "Josip Ilicic", "age": 29, "nationality": "Slovenia", "height": 190, "weight": 79, "photo": "https://media.api-sports.io/football/players/30434.png"}, {"name": "Jasmin Kurtic", "age": 28, "nationality": "Slovenia", "height": 186, "weight": 88, "photo": "https://media.api-sports.io/football/players/30865.png"}, {"name": "Silvan Widmer", "age": 24, "nationality": "Switzerland", "height": 183, "weight": 79, "photo": "https://media.api-sports.io/football/players/48378.png"}, {"name": "Lorenzo Insigne", "age": 26, "nationality": "Italy", "height": 163, "weight": 59, "photo": "https://media.api-sports.io/football/players/331.png"}, {"name": "Bryan Cristante", "age": 22, "nationality": "Italy", "height": 186, "weight": 80, "photo": "https://media.api-sports.io/football/players/778.png"}, {"name": "Leonardo Bonucci", "age": 30, "nationality": "Italy", "height": 190, "weight": 85, "photo": "https://media.api-sports.io/football/players/853.png"}, {"name": "Federico Bernardeschi", "age": 23, "nationality": "Italy", "height": 185, "weight": 77, "photo": "https://media.api-sports.io/football/players/873.png"}, {"name": "Gianluigi Donnarumma", "age": 18, "nationality": "Italy", "height": 196, "weight": 90, "photo": "https://media.api-sports.io/football/players/1622.png"}, {"name": "Francesco Acerbi", "age": 29, "nationality": "Italy", "height": 192, "weight": 88, "photo": "https://media.api-sports.io/football/players/1836.png"}, {"name": "Danilo Cataldi", "age": 23, "nationality": "Italy", "height": 180, "weight": 70, "photo": "https://media.api-sports.io/football/players/1852.png"}, {"name": "Jorginho", "age": 26, "nationality": "Italy", "height": 180, "weight": 65, "photo": "https://media.api-sports.io/football/players/2289.png"}, {"name": "Federico Chiesa", "age": 20, "nationality": "Italy", "height": 175, "weight": 70, "photo": "https://media.api-sports.io/football/players/30410.png"}, {"name": "Andrea Belotti", "age": 24, "nationality": "Italy", "height": 181, "weight": 72, "photo": "https://media.api-sports.io/football/players/30509.png"}, {"name": "Gianluca Caprari", "age": 25, "nationality": "Italy", "height": 189, "weight": 82, "photo": "https://media.api-sports.io/football/players/30523.png"}, {"name": "Manuel Locatelli", "age": 19, "nationality": "Italy", "height": 185, "weight": 75, "photo": "https://media.api-sports.io/football/players/30533.png"}, {"name": "Domenico Berardi", "age": 23, "nationality": "Italy", "height": 183, "weight": 72, "photo": "https://media.api-sports.io/football/players/30537.png"}, {"name": "Alessio Cragno", "age": 23, "nationality": "Italy", "height": 184, "weight": 78, "photo": "https://media.api-sports.io/football/players/30546.png"}, {"name": "Nicolò Barella", "age": 20, "nationality": "Italy", "height": 175, "weight": 68, "photo": "https://media.api-sports.io/football/players/30558.png"}, {"name": "Amadou Diawara", "age": 20, "nationality": "Guinea", "height": 183, "weight": 75, "photo": "https://media.api-sports.io/football/players/324.png"}, {"name": "Samuel Bastien", "age": 21, "nationality": "Congo DR", "height": 175, "weight": 63, "photo": "https://media.api-sports.io/football/players/2109.png"}, {"name": "Germán Pezzella", "age": 26, "nationality": "Argentina", "height": 187, "weight": 82, "photo": "https://media.api-sports.io/football/players/2469.png"}, {"name": "Rodrigo de Paul", "age": 23, "nationality": "Argentina", "height": 180, "weight": 70, "photo": "https://media.api-sports.io/football/players/2472.png"}, {"name": "Alejandro Gomez", "age": 29, "nationality": "Argentina", "height": 167, "weight": 68, "photo": "https://media.api-sports.io/football/players/30433.png"}]