[{"name": "Maxime Poundje", "age": 25, "nationality": "France", "height": 180, "weight": 74, "photo": "https://media.api-sports.io/football/players/1263.png"}, {"name": "Ludovic Baal", "age": 31, "nationality": "French Guiana", "height": 176, "weight": 75, "photo": "https://media.api-sports.io/football/players/2193.png"}, {"name": "Clément Grenier", "age": 26, "nationality": "France", "height": 186, "weight": 72, "photo": "https://media.api-sports.io/football/players/2208.png"}, {"name": "Stéphane Sessegnon", "age": 33, "nationality": "Benin", "height": 172, "weight": 72, "photo": "https://media.api-sports.io/football/players/3389.png"}, {"name": "Herve Bazile", "age": 27, "nationality": "Haiti", "height": 181, "weight": 78, "photo": "https://media.api-sports.io/football/players/20701.png"}, {"name": "Ernest Seka", "age": 30, "nationality": "Guinea", "height": 185, "weight": 89, "photo": "https://media.api-sports.io/football/players/20915.png"}, {"name": "Hilton", "age": 40, "nationality": "Brazil", "height": 180, "weight": 78, "photo": "https://media.api-sports.io/football/players/21571.png"}, {"name": "Neven Subotic", "age": 29, "nationality": "Serbia", "height": 193, "weight": 85, "photo": "https://media.api-sports.io/football/players/22091.png"}, {"name": "Yaya Sanogo", "age": 24, "nationality": "France", "height": 191, "weight": 74, "photo": "https://media.api-sports.io/football/players/22155.png"}, {"name": "Yassine El Ghanassy", "age": 27, "nationality": "Belgium", "height": 175, "weight": 70, "photo": "https://media.api-sports.io/football/players/44552.png"}, {"name": "Oswaldo Vizcarrondo", "age": 33, "nationality": "Venezuela", "height": 191, "weight": 85, "photo": "https://media.api-sports.io/football/players/20578.png"}, {"name": "Benjamin Nivet", "age": 40, "nationality": "France", "height": 178, "weight": 75, "photo": "https://media.api-sports.io/football/players/20584.png"}, {"name": "Étienne Didot", "age": 34, "nationality": "France", "height": 178, "weight": 65, "photo": "https://media.api-sports.io/football/players/21500.png"}, {"name": "Romain Genevois", "age": 30, "nationality": "Haiti", "height": 182, "weight": 79, "photo": "https://media.api-sports.io/football/players/21634.png"}, {"name": "Florent Balmont", "age": 37, "nationality": "France", "height": 168, "weight": 72, "photo": "https://media.api-sports.io/football/players/21706.png"}, {"name": "Stéphane Ruffier", "age": 31, "nationality": "France", "height": 188, "weight": 93, "photo": "https://media.api-sports.io/football/players/22083.png"}, {"name": "Loic Perrin", "age": 32, "nationality": "France", "height": 181, "weight": 80, "photo": "https://media.api-sports.io/football/players/22088.png"}, {"name": "Thiago Motta", "age": 35, "nationality": "Italy", "height": 187, "weight": 83, "photo": "https://media.api-sports.io/football/players/85062.png"}, {"name": "Rémy Vercoutre", "age": 37, "nationality": "France", "height": 185, "weight": 78, "photo": "https://media.api-sports.io/football/players/85676.png"}, {"name": "Andrea Raggi", "age": 33, "nationality": "Italy", "height": 187, "weight": 82, "photo": "https://media.api-sports.io/football/players/100.png"}, {"name": "Renaud Cohade", "age": 33, "nationality": "France", "height": 181, "weight": 75, "photo": "https://media.api-sports.io/football/players/20527.png"}, {"name": "Francois Bellugou", "age": 30, "nationality": "France", "height": 188, "weight": 74, "photo": "https://media.api-sports.io/football/players/20859.png"}, {"name": "Jérémy Sorbon", "age": 34, "nationality": "France", "height": 183, "weight": 79, "photo": "https://media.api-sports.io/football/players/21493.png"}, {"name": "Franck Tabanou", "age": 28, "nationality": "France", "height": 178, "weight": 78, "photo": "https://media.api-sports.io/football/players/21494.png"}, {"name": "Souleymane Camara", "age": 35, "nationality": "Senegal", "height": 173, "weight": 74, "photo": "https://media.api-sports.io/football/players/21590.png"}, {"name": "Bakary Koné", "age": 29, "nationality": "Burkina Faso", "height": 188, "weight": 79, "photo": "https://media.api-sports.io/football/players/53495.png"}, {"name": "Kader Mangane", "age": 34, "nationality": "Senegal", "height": 193, "weight": 90, "photo": "https://media.api-sports.io/football/players/85693.png"}, {"name": "Vincent Bessat", "age": 32, "nationality": "France", "height": 178, "weight": 73, "photo": "https://media.api-sports.io/football/players/15403.png"}, {"name": "Julien Féret", "age": 35, "nationality": "France", "height": 187, "weight": 76, "photo": "https://media.api-sports.io/football/players/20860.png"}, {"name": "Yoann Andreu", "age": 28, "nationality": "France", "height": 178, "weight": 70, "photo": "https://media.api-sports.io/football/players/21139.png"}, {"name": "Lacina Traoré", "age": 27, "nationality": "Côte d'Ivoire", "height": 203, "weight": 87, "photo": "https://media.api-sports.io/football/players/28406.png"}, {"name": "Emiliano Sala", "age": 27, "nationality": "Argentina", "height": 187, "weight": 75, "photo": "https://media.api-sports.io/football/players/84054.png"}, {"name": "Jonathan Bamba", "age": 26, "nationality": "Brazil", "height": 173, "weight": 65, "photo": "https://media.api-sports.io/football/players/350.png"}, {"name": "Gerónimo Poblete", "age": 25, "nationality": "Argentina", "height": 173, "weight": 63, "photo": "https://media.api-sports.io/football/players/6623.png"}, {"name": "Emmanuel Rivière", "age": 27, "nationality": "Martinique", "height": 182, "weight": 80, "photo": "https://media.api-sports.io/football/players/20539.png"}, {"name": "Nicolas Benezet", "age": 26, "nationality": "France", "height": 170, "weight": 65, "photo": "https://media.api-sports.io/football/players/21496.png"}, {"name": "Prejuce Nakoulma", "age": 30, "nationality": "Burkina Faso", "height": 176, "weight": 72, "photo": "https://media.api-sports.io/football/players/50049.png"}, {"name": "Mathieu Deplagne", "age": 26, "nationality": "France", "height": 183, "weight": 79, "photo": "https://media.api-sports.io/football/players/50975.png"}, {"name": "Christian Kouakou", "age": 26, "nationality": "Côte d'Ivoire", "height": 182, "weight": 72, "photo": "https://media.api-sports.io/football/players/66207.png"}, {"name": "Adama Niane", "age": 24, "nationality": "Mali", "height": 183, "weight": 71, "photo": "https://media.api-sports.io/football/players/3345.png"}, {"name": "Edgar Ié", "age": 23, "nationality": "Guinea-Bissau", "height": 182, "weight": 66, "photo": "https://media.api-sports.io/football/players/21085.png"}, {"name": "Mehdi Abeid", "age": 25, "nationality": "Algeria", "height": 181, "weight": 78, "photo": "https://media.api-sports.io/football/players/21704.png"}, {"name": "Jeremy Grimm", "age": 30, "nationality": "France", "height": 181, "weight": 69, "photo": "https://media.api-sports.io/football/players/22256.png"}, {"name": "Karl-Johan Johnsson", "age": 27, "nationality": "Sweden", "height": 188, "weight": 84, "photo": "https://media.api-sports.io/football/players/2850.png"}, {"name": "Ole Selnaes", "age": 23, "nationality": "Norway", "height": 187, "weight": 77, "photo": "https://media.api-sports.io/football/players/12880.png"}, {"name": "Jonathan Rivierez", "age": 28, "nationality": "France", "height": 181, "weight": 82, "photo": "https://media.api-sports.io/football/players/20523.png"}, {"name": "Alexandre Mendy", "age": 23, "nationality": "Guinea-Bissau", "height": 184, "weight": 94, "photo": "https://media.api-sports.io/football/players/21506.png"}, {"name": "Facundo Píriz", "age": 27, "nationality": "Uruguay", "height": 189, "weight": 79, "photo": "https://media.api-sports.io/football/players/21583.png"}, {"name": "Benjamin Jeannot", "age": 25, "nationality": "France", "height": 183, "weight": 75, "photo": "https://media.api-sports.io/football/players/21713.png"}, {"name": "Thiago Maia", "age": 20, "nationality": "Brazil", "height": 179, "weight": 64, "photo": "https://media.api-sports.io/football/players/22231.png"}, {"name": "Anthony Goncalves", "age": 31, "nationality": "France", "height": 179, "weight": 79, "photo": "https://media.api-sports.io/football/players/22255.png"}, {"name": "Joia Nuno Da Costa", "age": 26, "nationality": "Cape Verde Islands", "height": 182, "weight": 70, "photo": "https://media.api-sports.io/football/players/22265.png"}, {"name": "Jules Iloki", "age": 25, "nationality": "France", "height": 173, "weight": 70, "photo": "https://media.api-sports.io/football/players/43333.png"}, {"name": "Danijel Subasic", "age": 33, "nationality": "Croatia", "height": 191, "weight": 84, "photo": "https://media.api-sports.io/football/players/92.png"}, {"name": "Ezequiel Ponce", "age": 20, "nationality": "Argentina", "height": 180, "weight": 80, "photo": "https://media.api-sports.io/football/players/612.png"}, {"name": "Junior Alonso", "age": 24, "nationality": "Paraguay", "height": 184, "weight": 80, "photo": "https://media.api-sports.io/football/players/2499.png"}, {"name": "Lukas Lerager", "age": 24, "nationality": "Denmark", "height": 188, "weight": 80, "photo": "https://media.api-sports.io/football/players/2736.png"}, {"name": "Ola Toivonen", "age": 31, "nationality": "Sweden", "height": 189, "weight": 78, "photo": "https://media.api-sports.io/football/players/6868.png"}, {"name": "Rémy Cabella", "age": 27, "nationality": "France", "height": 172, "weight": 68, "photo": "https://media.api-sports.io/football/players/22093.png"}, {"name": "Malcom", "age": 20, "nationality": "Brazil", "height": 171, "weight": 77, "photo": "https://media.api-sports.io/football/players/156.png"}, {"name": "Francois Kamano", "age": 21, "nationality": "Guinea", "height": 175, "weight": 77, "photo": "https://media.api-sports.io/football/players/1277.png"}, {"name": "Kévin Théophile-Catherine", "age": 28, "nationality": "France", "height": 183, "weight": 86, "photo": "https://media.api-sports.io/football/players/1316.png"}, {"name": "Jordan Ikoko", "age": 23, "nationality": "Congo DR", "height": 177, "weight": 60, "photo": "https://media.api-sports.io/football/players/21489.png"}, {"name": "Keagan Dolly", "age": 24, "nationality": "South Africa", "height": 173, "weight": null, "photo": "https://media.api-sports.io/football/players/21578.png"}, {"name": "Fouad Chafik", "age": 31, "nationality": "Morocco", "height": 183, "weight": 72, "photo": "https://media.api-sports.io/football/players/21698.png"}, {"name": "Marlon Santos", "age": 22, "nationality": "Brazil", "height": 182, "weight": 80, "photo": "https://media.api-sports.io/football/players/30529.png"}, {"name": "Danilo Avelar", "age": 28, "nationality": "Brazil", "height": 185, "weight": 76, "photo": "https://media.api-sports.io/football/players/10230.png"}, {"name": "Isaac Mbenza", "age": 21, "nationality": "Belgium", "height": 187, "weight": 77, "photo": "https://media.api-sports.io/football/players/19059.png"}, {"name": "Baptiste Guillaume", "age": 22, "nationality": "Belgium", "height": 190, "weight": 86, "photo": "https://media.api-sports.io/football/players/21450.png"}, {"name": "Ronny Rodelin", "age": 28, "nationality": "France", "height": 192, "weight": 82, "photo": "https://media.api-sports.io/football/players/21507.png"}, {"name": "Jan Repas", "age": 20, "nationality": "Slovenia", "height": 171, "weight": 68, "photo": "https://media.api-sports.io/football/players/21645.png"}, {"name": "Mathieu Debuchy", "age": 32, "nationality": "France", "height": 176, "weight": 76, "photo": "https://media.api-sports.io/football/players/22085.png"}, {"name": "Pablo Martinez", "age": 28, "nationality": "France", "height": 182, "weight": 77, "photo": "https://media.api-sports.io/football/players/22248.png"}, {"name": "Idriss Saadi", "age": 25, "nationality": "Algeria", "height": 186, "weight": 85, "photo": "https://media.api-sports.io/football/players/22268.png"}, {"name": "Giovanni Sio", "age": 28, "nationality": "Côte d'Ivoire", "height": 180, "weight": 78, "photo": "https://media.api-sports.io/football/players/50610.png"}, {"name": "Harrison Manzala", "age": 23, "nationality": "Congo DR", "height": 177, "weight": 71, "photo": "https://media.api-sports.io/football/players/84063.png"}, {"name": "Jorge", "age": 21, "nationality": "Brazil", "height": 183, "weight": null, "photo": "https://media.api-sports.io/football/players/9985.png"}, {"name": "Mateo Pavlovic", "age": 27, "nationality": "Croatia", "height": 196, "weight": 94, "photo": "https://media.api-sports.io/football/players/21142.png"}, {"name": "Régis Gurtner", "age": 31, "nationality": "France", "height": 182, "weight": 82, "photo": "https://media.api-sports.io/football/players/21378.png"}, {"name": "Bongani Zungu", "age": 25, "nationality": "South Africa", "height": 184, "weight": 76, "photo": "https://media.api-sports.io/football/players/21390.png"}, {"name": "Felix Eboa Eboa", "age": 20, "nationality": "Cameroon", "height": 186, "weight": 80, "photo": "https://media.api-sports.io/football/players/21488.png"}, {"name": "Mathieu Dossevi", "age": 29, "nationality": "Togo", "height": 172, "weight": 65, "photo": "https://media.api-sports.io/football/players/22144.png"}, {"name": "Yassine Benzia", "age": 23, "nationality": "Algeria", "height": 179, "weight": 77, "photo": "https://media.api-sports.io/football/players/1371.png"}, {"name": "Théo Pellenard", "age": 23, "nationality": "France", "height": 184, "weight": 78, "photo": "https://media.api-sports.io/football/players/21143.png"}, {"name": "Lucas Deaux", "age": 29, "nationality": "France", "height": 188, "weight": 82, "photo": "https://media.api-sports.io/football/players/21499.png"}, {"name": "Daniel Congré", "age": 32, "nationality": "France", "height": 186, "weight": 82, "photo": "https://media.api-sports.io/football/players/21569.png"}, {"name": "Erwin Zelazny", "age": 26, "nationality": "France", "height": 186, "weight": 80, "photo": "https://media.api-sports.io/football/players/21629.png"}, {"name": "Jordan Marié", "age": 26, "nationality": "France", "height": 177, "weight": 73, "photo": "https://media.api-sports.io/football/players/21710.png"}, {"name": "Frederic Sammaritano", "age": 31, "nationality": "France", "height": 162, "weight": 65, "photo": "https://media.api-sports.io/football/players/21711.png"}, {"name": "Baptiste Reynet", "age": 27, "nationality": "France", "height": 185, "weight": 88, "photo": "https://media.api-sports.io/football/players/22132.png"}, {"name": "Adrien Hunou", "age": 23, "nationality": "France", "height": 176, "weight": 66, "photo": "https://media.api-sports.io/football/players/2210.png"}, {"name": "Bakaye Dibassy", "age": 28, "nationality": "Mali", "height": 183, "weight": 74, "photo": "https://media.api-sports.io/football/players/3332.png"}, {"name": "Emmanuel Bourgaud", "age": 30, "nationality": "France", "height": 178, "weight": 77, "photo": "https://media.api-sports.io/football/players/21064.png"}, {"name": "Robert Beric", "age": 26, "nationality": "Slovenia", "height": 188, "weight": 83, "photo": "https://media.api-sports.io/football/players/22099.png"}, {"name": "Luiz Araujo", "age": 21, "nationality": "Brazil", "height": 175, "weight": 70, "photo": "https://media.api-sports.io/football/players/22238.png"}, {"name": "Samuel Grandsir", "age": 21, "nationality": "France", "height": 170, "weight": 65, "photo": "https://media.api-sports.io/football/players/22266.png"}, {"name": "Younousse Sankhare", "age": 28, "nationality": "Senegal", "height": 184, "weight": 80, "photo": "https://media.api-sports.io/football/players/1270.png"}, {"name": "Hiroki Sakai", "age": 27, "nationality": "Japan", "height": 183, "weight": 70, "photo": "https://media.api-sports.io/football/players/1907.png"}, {"name": "Jimmy Durmaz", "age": 28, "nationality": "Sweden", "height": 180, "weight": 69, "photo": "https://media.api-sports.io/football/players/2857.png"}, {"name": "Rachid Ghezzal", "age": 25, "nationality": "Algeria", "height": 182, "weight": 70, "photo": "https://media.api-sports.io/football/players/18780.png"}, {"name": "Papy Djilobodji", "age": 29, "nationality": "Senegal", "height": 193, "weight": 82, "photo": "https://media.api-sports.io/football/players/21487.png"}, {"name": "Valentin Rosier", "age": 21, "nationality": "France", "height": 175, "weight": 71, "photo": "https://media.api-sports.io/football/players/21701.png"}, {"name": "Yannis Salibur", "age": 26, "nationality": "France", "height": 177, "weight": 76, "photo": "https://media.api-sports.io/football/players/22104.png"}, {"name": "François Moubandje", "age": 27, "nationality": "Switzerland", "height": 180, "weight": 74, "photo": "https://media.api-sports.io/football/players/22140.png"}, {"name": "Bryan Dabo", "age": 25, "nationality": "Burkina Faso", "height": 187, "weight": 75, "photo": "https://media.api-sports.io/football/players/30404.png"}, {"name": "Vukasin Jovanovic", "age": 21, "nationality": "Serbia", "height": 189, "weight": 88, "photo": "https://media.api-sports.io/football/players/1256.png"}, {"name": "Clinton N'Jie", "age": 24, "nationality": "Cameroon", "height": 176, "weight": 73, "photo": "https://media.api-sports.io/football/players/1919.png"}, {"name": "Mehdi Zeffane", "age": 25, "nationality": "Algeria", "height": 176, "weight": 71, "photo": "https://media.api-sports.io/football/players/2203.png"}, {"name": "Oussama Haddadi", "age": 25, "nationality": "Tunisia", "height": 184, "weight": 79, "photo": "https://media.api-sports.io/football/players/2946.png"}, {"name": "Max Gradel", "age": 30, "nationality": "Côte d'Ivoire", "height": 175, "weight": 70, "photo": "https://media.api-sports.io/football/players/3244.png"}, {"name": "Bryan Pelé", "age": 25, "nationality": "France", "height": 169, "weight": 65, "photo": "https://media.api-sports.io/football/players/20585.png"}, {"name": "Lebogang Phiri", "age": 23, "nationality": "South Africa", "height": 173, "weight": 63, "photo": "https://media.api-sports.io/football/players/21505.png"}, {"name": "Kévin Monnet-Paquet", "age": 29, "nationality": "France", "height": 184, "weight": 81, "photo": "https://media.api-sports.io/football/players/22103.png"}, {"name": "Ibrahim Sangare", "age": 20, "nationality": "Côte d'Ivoire", "height": 191, "weight": 77, "photo": "https://media.api-sports.io/football/players/22149.png"}, {"name": "Alois Confais", "age": 21, "nationality": "France", "height": 174, "weight": 61, "photo": "https://media.api-sports.io/football/players/24201.png"}, {"name": "Chidozie Awaziem", "age": 20, "nationality": "Nigeria", "height": 189, "weight": 78, "photo": "https://media.api-sports.io/football/players/50026.png"}, {"name": "Kostas Mitroglou", "age": 29, "nationality": "Greece", "height": 188, "weight": 86, "photo": "https://media.api-sports.io/football/players/462.png"}, {"name": "Kenny Tete", "age": 22, "nationality": "Netherlands", "height": 180, "weight": 71, "photo": "https://media.api-sports.io/football/players/657.png"}, {"name": "Florian Thauvin", "age": 24, "nationality": "France", "height": 179, "weight": 70, "photo": "https://media.api-sports.io/football/players/1922.png"}, {"name": "Jean Michael Seri", "age": 26, "nationality": "Côte d'Ivoire", "height": 168, "weight": 69, "photo": "https://media.api-sports.io/football/players/3243.png"}, {"name": "Mamadou Samassa", "age": 27, "nationality": "Mali", "height": 198, "weight": 85, "photo": "https://media.api-sports.io/football/players/3331.png"}, {"name": "Rene Krhin", "age": 27, "nationality": "Slovenia", "height": 189, "weight": 80, "photo": "https://media.api-sports.io/football/players/21099.png"}, {"name": "Yeni N'Gbakoto", "age": 25, "nationality": "Congo DR", "height": 173, "weight": 69, "photo": "https://media.api-sports.io/football/players/21503.png"}, {"name": "Yann M'Vila", "age": 27, "nationality": "France", "height": 182, "weight": 80, "photo": "https://media.api-sports.io/football/players/22096.png"}, {"name": "Kenny Lala", "age": 26, "nationality": "France", "height": 178, "weight": 78, "photo": "https://media.api-sports.io/football/players/22247.png"}, {"name": "Ivan Santini", "age": 28, "nationality": "Croatia", "height": 190, "weight": 90, "photo": "https://media.api-sports.io/football/players/1435.png"}, {"name": "Youssef Ait Bennasser", "age": 21, "nationality": "Morocco", "height": 184, "weight": 75, "photo": "https://media.api-sports.io/football/players/2709.png"}, {"name": "Kwon Chang-Hoon", "age": 23, "nationality": "Korea Republic", "height": 174, "weight": 71, "photo": "https://media.api-sports.io/football/players/2913.png"}, {"name": "Naim Sliti", "age": 25, "nationality": "Tunisia", "height": 173, "weight": 75, "photo": "https://media.api-sports.io/football/players/2958.png"}, {"name": "Steeve Yago", "age": 25, "nationality": "Burkina Faso", "height": 178, "weight": 77, "photo": "https://media.api-sports.io/football/players/20691.png"}, {"name": "Yacine Bammou", "age": 26, "nationality": "Morocco", "height": 189, "weight": 78, "photo": "https://media.api-sports.io/football/players/21647.png"}, {"name": "Romain Amalfitano", "age": 28, "nationality": "France", "height": 175, "weight": 72, "photo": "https://media.api-sports.io/football/players/21705.png"}, {"name": "Issiaga Sylla", "age": 23, "nationality": "Guinea", "height": 180, "weight": 72, "photo": "https://media.api-sports.io/football/players/22141.png"}, {"name": "Fallou Diagne", "age": 28, "nationality": "Senegal", "height": 185, "weight": 75, "photo": "https://media.api-sports.io/football/players/49994.png"}, {"name": "Serge Gakpe", "age": 30, "nationality": "Togo", "height": 177, "weight": 79, "photo": "https://media.api-sports.io/football/players/8685.png"}, {"name": "Christophe Kerbrat", "age": 31, "nationality": "France", "height": 185, "weight": 74, "photo": "https://media.api-sports.io/football/players/21490.png"}, {"name": "Guessouma Fofana", "age": 25, "nationality": "Mauritania", "height": 184, "weight": 78, "photo": "https://media.api-sports.io/football/players/21501.png"}, {"name": "Nolan Roux", "age": 29, "nationality": "France", "height": 182, "weight": 81, "photo": "https://media.api-sports.io/football/players/21508.png"}, {"name": "Adama Mbengue", "age": 24, "nationality": "Senegal", "height": 178, "weight": 68, "photo": "https://media.api-sports.io/football/players/21638.png"}, {"name": "Baissama Sankoh", "age": 25, "nationality": "Guinea", "height": 180, "weight": 73, "photo": "https://media.api-sports.io/football/players/21646.png"}, {"name": "Cédric Yambéré", "age": 27, "nationality": "Central African Republic", "height": 191, "weight": 81, "photo": "https://media.api-sports.io/football/players/21703.png"}, {"name": "Benjamin Corgnet", "age": 30, "nationality": "France", "height": 180, "weight": 73, "photo": "https://media.api-sports.io/football/players/22253.png"}, {"name": "Gilles Sunu", "age": 26, "nationality": "Togo", "height": 181, "weight": 83, "photo": "https://media.api-sports.io/football/players/50215.png"}, {"name": "Thomas Meunier", "age": 26, "nationality": "Belgium", "height": 190, "weight": 90, "photo": "https://media.api-sports.io/football/players/264.png"}, {"name": "Rolando", "age": 32, "nationality": "Portugal", "height": 189, "weight": 77, "photo": "https://media.api-sports.io/football/players/1905.png"}, {"name": "Bouna Sarr", "age": 25, "nationality": "Senegal", "height": 177, "weight": 69, "photo": "https://media.api-sports.io/football/players/1915.png"}, {"name": "Ludovic Butelle", "age": 34, "nationality": "France", "height": 188, "weight": 84, "photo": "https://media.api-sports.io/football/players/21136.png"}, {"name": "Soualiho Meité", "age": 23, "nationality": "France", "height": 187, "weight": 80, "photo": "https://media.api-sports.io/football/players/30507.png"}, {"name": "Giannelli Imbula", "age": 25, "nationality": "Congo DR", "height": 186, "weight": 78, "photo": "https://media.api-sports.io/football/players/47544.png"}, {"name": "Kamil Glik", "age": 29, "nationality": "Poland", "height": 190, "weight": 80, "photo": "https://media.api-sports.io/football/players/97.png"}, {"name": "Stevan Jovetic", "age": 28, "nationality": "Montenegro", "height": 183, "weight": 79, "photo": "https://media.api-sports.io/football/players/121.png"}, {"name": "Christopher Nkunku", "age": 20, "nationality": "France", "height": 175, "weight": 73, "photo": "https://media.api-sports.io/football/players/269.png"}, {"name": "Lucas Tousart", "age": 20, "nationality": "France", "height": 185, "weight": 83, "photo": "https://media.api-sports.io/football/players/664.png"}, {"name": "Nordi Mukiele", "age": 20, "nationality": "France", "height": 187, "weight": 84, "photo": "https://media.api-sports.io/football/players/1146.png"}, {"name": "Almamy Touré", "age": 21, "nationality": "France", "height": 183, "weight": 81, "photo": "https://media.api-sports.io/football/players/1811.png"}, {"name": "Tomas Koubek", "age": 25, "nationality": "Czech Republic", "height": 197, "weight": 98, "photo": "https://media.api-sports.io/football/players/2192.png"}, {"name": "Ramy Bensebaini", "age": 22, "nationality": "Algeria", "height": 186, "weight": 82, "photo": "https://media.api-sports.io/football/players/2194.png"}, {"name": "Alexis Blin", "age": 21, "nationality": "France", "height": 184, "weight": 78, "photo": "https://media.api-sports.io/football/players/21384.png"}, {"name": "Marcus Thuram", "age": 20, "nationality": "France", "height": 192, "weight": 88, "photo": "https://media.api-sports.io/football/players/21509.png"}, {"name": "Ellyes Skhiri", "age": 22, "nationality": "Tunisia", "height": 185, "weight": 74, "photo": "https://media.api-sports.io/football/players/21587.png"}, {"name": "Jérôme Roussillon", "age": 24, "nationality": "France", "height": 175, "weight": 80, "photo": "https://media.api-sports.io/football/players/25404.png"}, {"name": "Alassane Pléa", "age": 24, "nationality": "France", "height": 181, "weight": 79, "photo": "https://media.api-sports.io/football/players/25646.png"}, {"name": "Moussa Niakhate", "age": 21, "nationality": "France", "height": 190, "weight": 82, "photo": "https://media.api-sports.io/football/players/25916.png"}, {"name": "Fode Toure", "age": 20, "nationality": "Senegal", "height": 182, "weight": 70, "photo": "https://media.api-sports.io/football/players/105.png"}, {"name": "Kevin Malcuit", "age": 26, "nationality": "France", "height": 178, "weight": 77, "photo": "https://media.api-sports.io/football/players/321.png"}, {"name": "Bassem Srarfi", "age": 20, "nationality": "Tunisia", "height": 176, "weight": 71, "photo": "https://media.api-sports.io/football/players/2959.png"}, {"name": "Stef Peeters", "age": 25, "nationality": "Belgium", "height": 188, "weight": 84, "photo": "https://media.api-sports.io/football/players/8621.png"}, {"name": "Mike Maignan", "age": 22, "nationality": "France", "height": 191, "weight": 89, "photo": "https://media.api-sports.io/football/players/22221.png"}, {"name": "Bingourou Kamara", "age": 21, "nationality": "Senegal", "height": 196, "weight": 92, "photo": "https://media.api-sports.io/football/players/22241.png"}, {"name": "Vincent Koziello", "age": 22, "nationality": "France", "height": 168, "weight": 58, "photo": "https://media.api-sports.io/football/players/24804.png"}, {"name": "Alphonse Areola", "age": 24, "nationality": "France", "height": 195, "weight": 94, "photo": "https://media.api-sports.io/football/players/253.png"}, {"name": "Thiago Silva", "age": 33, "nationality": "Brazil", "height": 183, "weight": 79, "photo": "https://media.api-sports.io/football/players/259.png"}, {"name": "Adrien Rabiot", "age": 22, "nationality": "France", "height": 188, "weight": 71, "photo": "https://media.api-sports.io/football/players/272.png"}, {"name": "Fabinho", "age": 24, "nationality": "Brazil", "height": 188, "weight": 78, "photo": "https://media.api-sports.io/football/players/299.png"}, {"name": "Lassana Coulibaly", "age": 21, "nationality": "Mali", "height": 183, "weight": 77, "photo": "https://media.api-sports.io/football/players/1748.png"}, {"name": "Maxime Lopez", "age": 20, "nationality": "France", "height": 167, "weight": 58, "photo": "https://media.api-sports.io/football/players/1910.png"}, {"name": "Franck Zambo", "age": 22, "nationality": "Cameroon", "height": 184, "weight": 78, "photo": "https://media.api-sports.io/football/players/3406.png"}, {"name": "Issa Diop", "age": 20, "nationality": "France", "height": 194, "weight": 92, "photo": "https://media.api-sports.io/football/players/18814.png"}, {"name": "Abdoulaye Touré", "age": 23, "nationality": "France", "height": 187, "weight": 77, "photo": "https://media.api-sports.io/football/players/21103.png"}, {"name": "Kelvin Adou", "age": 19, "nationality": "France", "height": 180, "weight": 78, "photo": "https://media.api-sports.io/football/players/22134.png"}, {"name": "Malang Sarr", "age": 18, "nationality": "France", "height": 180, "weight": 70, "photo": "https://media.api-sports.io/football/players/22166.png"}, {"name": "Adrien Tameze", "age": 23, "nationality": "France", "height": 180, "weight": 78, "photo": "https://media.api-sports.io/football/players/22174.png"}, {"name": "Edinson Cavani", "age": 30, "nationality": "Uruguay", "height": 184, "weight": 71, "photo": "https://media.api-sports.io/football/players/274.png"}, {"name": "Fernando Marçal", "age": 28, "nationality": "Brazil", "height": 178, "weight": 74, "photo": "https://media.api-sports.io/football/players/652.png"}, {"name": "Bertrand Traoré", "age": 22, "nationality": "Burkina Faso", "height": 181, "weight": 73, "photo": "https://media.api-sports.io/football/players/671.png"}, {"name": "Giovani Lo Celso", "age": 21, "nationality": "Argentina", "height": 177, "weight": 68, "photo": "https://media.api-sports.io/football/players/1578.png"}, {"name": "Morgan Sanson", "age": 23, "nationality": "France", "height": 180, "weight": 73, "photo": "https://media.api-sports.io/football/players/1914.png"}, {"name": "Youri Tielemans", "age": 20, "nationality": "Belgium", "height": 176, "weight": 72, "photo": "https://media.api-sports.io/football/players/2926.png"}, {"name": "Nicolas Pepe", "age": 22, "nationality": "Côte d'Ivoire", "height": 178, "weight": 68, "photo": "https://media.api-sports.io/football/players/3246.png"}, {"name": "Yves Bissouma", "age": 21, "nationality": "Mali", "height": 182, "weight": 80, "photo": "https://media.api-sports.io/football/players/18968.png"}, {"name": "Anwar El Ghazi", "age": 22, "nationality": "Netherlands", "height": 188, "weight": 90, "photo": "https://media.api-sports.io/football/players/19195.png"}, {"name": "Christopher Jullien", "age": 24, "nationality": "France", "height": 196, "weight": 88, "photo": "https://media.api-sports.io/football/players/22138.png"}, {"name": "Marquinhos", "age": 23, "nationality": "Brazil", "height": 183, "weight": 75, "photo": "https://media.api-sports.io/football/players/257.png"}, {"name": "Presnel Kimpembe", "age": 22, "nationality": "France", "height": 183, "weight": 77, "photo": "https://media.api-sports.io/football/players/262.png"}, {"name": "Layvin Kurzawa", "age": 25, "nationality": "France", "height": 182, "weight": 74, "photo": "https://media.api-sports.io/football/players/263.png"}, {"name": "Ángel Di María", "age": 29, "nationality": "Argentina", "height": 180, "weight": 75, "photo": "https://media.api-sports.io/football/players/266.png"}, {"name": "Julian Draxler", "age": 24, "nationality": "Germany", "height": 185, "weight": 72, "photo": "https://media.api-sports.io/football/players/267.png"}, {"name": "Marco Verratti", "age": 25, "nationality": "Italy", "height": 165, "weight": 60, "photo": "https://media.api-sports.io/football/players/273.png"}, {"name": "Neymar", "age": 25, "nationality": "Brazil", "height": 175, "weight": 68, "photo": "https://media.api-sports.io/football/players/276.png"}, {"name": "Maxwel Cornet", "age": 21, "nationality": "Côte d'Ivoire", "height": 179, "weight": 69, "photo": "https://media.api-sports.io/football/players/665.png"}, {"name": "Steve Mandanda", "age": 32, "nationality": "France", "height": 185, "weight": 82, "photo": "https://media.api-sports.io/football/players/1897.png"}, {"name": "Jordan Amavi", "age": 23, "nationality": "France", "height": 176, "weight": 70, "photo": "https://media.api-sports.io/football/players/1901.png"}, {"name": "Ismaila Sarr", "age": 19, "nationality": "Senegal", "height": 185, "weight": 76, "photo": "https://media.api-sports.io/football/players/2218.png"}, {"name": "Andy Delort", "age": 26, "nationality": "Algeria", "height": 182, "weight": 82, "photo": "https://media.api-sports.io/football/players/21591.png"}, {"name": "Walter Benítez", "age": 24, "nationality": "Argentina", "height": 191, "weight": 91, "photo": "https://media.api-sports.io/football/players/22157.png"}, {"name": "Dante", "age": 34, "nationality": "Brazil", "height": 188, "weight": 87, "photo": "https://media.api-sports.io/football/players/22163.png"}, {"name": "Pierre Lees-Melou", "age": 24, "nationality": "France", "height": 185, "weight": 67, "photo": "https://media.api-sports.io/football/players/22170.png"}, {"name": "Allan Saint-Maximin", "age": 20, "nationality": "France", "height": 173, "weight": 67, "photo": "https://media.api-sports.io/football/players/22173.png"}, {"name": "Jean Eudes Aholou", "age": 23, "nationality": "Côte d'Ivoire", "height": 186, "weight": 71, "photo": "https://media.api-sports.io/football/players/103.png"}, {"name": "Ferland Mendy", "age": 22, "nationality": "France", "height": 180, "weight": 73, "photo": "https://media.api-sports.io/football/players/653.png"}, {"name": "Jules Koundé", "age": 19, "nationality": "France", "height": 178, "weight": 70, "photo": "https://media.api-sports.io/football/players/1257.png"}, {"name": "Lucas Ocampos", "age": 23, "nationality": "Argentina", "height": 187, "weight": 84, "photo": "https://media.api-sports.io/football/players/1911.png"}, {"name": "Dimitri Payet", "age": 30, "nationality": "France", "height": 175, "weight": 77, "photo": "https://media.api-sports.io/football/players/1912.png"}, {"name": "Maxime Le Marchand", "age": 28, "nationality": "France", "height": 181, "weight": 68, "photo": "https://media.api-sports.io/football/players/19019.png"}, {"name": "Diego Carlos", "age": 24, "nationality": "Brazil", "height": 186, "weight": 79, "photo": "https://media.api-sports.io/football/players/21090.png"}, {"name": "Valentin Rongier", "age": 23, "nationality": "France", "height": 172, "weight": 66, "photo": "https://media.api-sports.io/football/players/21102.png"}, {"name": "Alexander Djiku", "age": 23, "nationality": "Ghana", "height": 182, "weight": 74, "photo": "https://media.api-sports.io/football/players/21633.png"}, {"name": "Frederic Guilbert", "age": 23, "nationality": "France", "height": 178, "weight": 70, "photo": "https://media.api-sports.io/football/players/21636.png"}, {"name": "Eiji Kawashima", "age": 34, "nationality": "Japan", "height": 185, "weight": 74, "photo": "https://media.api-sports.io/football/players/22242.png"}, {"name": "Dmitri Lienard", "age": 29, "nationality": "France", "height": 184, "weight": 77, "photo": "https://media.api-sports.io/football/players/22257.png"}, {"name": "Sanjin Prcic", "age": 24, "nationality": "Bosnia and Herzegovina", "height": 181, "weight": 73, "photo": "https://media.api-sports.io/football/players/22259.png"}, {"name": "Adrien Thomasson", "age": 24, "nationality": "France", "height": 177, "weight": 72, "photo": "https://media.api-sports.io/football/players/22261.png"}, {"name": "Thomas Lemar", "age": 22, "nationality": "France", "height": 171, "weight": 63, "photo": "https://media.api-sports.io/football/players/45.png"}, {"name": "Djibril Sidibe", "age": 25, "nationality": "France", "height": 182, "weight": 71, "photo": "https://media.api-sports.io/football/players/102.png"}, {"name": "Nabil Fekir", "age": 24, "nationality": "France", "height": 173, "weight": 72, "photo": "https://media.api-sports.io/football/players/668.png"}, {"name": "Youssouf Sabaly", "age": 24, "nationality": "Senegal", "height": 173, "weight": 67, "photo": "https://media.api-sports.io/football/players/1264.png"}, {"name": "Jeremy Gelin", "age": 20, "nationality": "France", "height": 183, "weight": 77, "photo": "https://media.api-sports.io/football/players/2199.png"}, {"name": "Hamari Traore", "age": 25, "nationality": "Mali", "height": 175, "weight": 73, "photo": "https://media.api-sports.io/football/players/2202.png"}, {"name": "Benjamin Bourigeaud", "age": 23, "nationality": "France", "height": 178, "weight": 71, "photo": "https://media.api-sports.io/football/players/2206.png"}, {"name": "Baptiste Santamaria", "age": 22, "nationality": "France", "height": 183, "weight": 73, "photo": "https://media.api-sports.io/football/players/21153.png"}, {"name": "Flavien Tait", "age": 24, "nationality": "France", "height": 175, "weight": 70, "photo": "https://media.api-sports.io/football/players/21154.png"}, {"name": "Benjamin Lecomte", "age": 26, "nationality": "France", "height": 186, "weight": 78, "photo": "https://media.api-sports.io/football/players/21566.png"}, {"name": "Ruben Aguilar", "age": 24, "nationality": "France", "height": 172, "weight": 70, "photo": "https://media.api-sports.io/football/players/21568.png"}, {"name": "Gaetan Laborde", "age": 23, "nationality": "France", "height": 182, "weight": 81, "photo": "https://media.api-sports.io/football/players/21592.png"}, {"name": "Wesley Said", "age": 22, "nationality": "France", "height": 171, "weight": 75, "photo": "https://media.api-sports.io/football/players/21715.png"}, {"name": "Yannick Cahuzac", "age": 32, "nationality": "France", "height": 178, "weight": 72, "photo": "https://media.api-sports.io/football/players/22143.png"}, {"name": "Corentin Jean", "age": 22, "nationality": "France", "height": 170, "weight": 70, "photo": "https://media.api-sports.io/football/players/22151.png"}, {"name": "Jonas Martin", "age": 27, "nationality": "France", "height": 184, "weight": 77, "photo": "https://media.api-sports.io/football/players/22258.png"}, {"name": "Gaël Kakuta", "age": 26, "nationality": "Congo DR", "height": 173, "weight": 64, "photo": "https://media.api-sports.io/football/players/47545.png"}, {"name": "Dani Alves", "age": 34, "nationality": "Brazil", "height": 172, "weight": 70, "photo": "https://media.api-sports.io/football/players/256.png"}, {"name": "Anthony Lopes", "age": 27, "nationality": "Portugal", "height": 184, "weight": 81, "photo": "https://media.api-sports.io/football/players/647.png"}, {"name": "Léo Dubois", "age": 23, "nationality": "France", "height": 178, "weight": 65, "photo": "https://media.api-sports.io/football/players/650.png"}, {"name": "Marcelo", "age": 30, "nationality": "Brazil", "height": 191, "weight": 85, "photo": "https://media.api-sports.io/football/players/651.png"}, {"name": "Memphis Depay", "age": 23, "nationality": "Netherlands", "height": 176, "weight": 78, "photo": "https://media.api-sports.io/football/players/667.png"}, {"name": "Valère Germain", "age": 27, "nationality": "France", "height": 180, "weight": 73, "photo": "https://media.api-sports.io/football/players/1918.png"}, {"name": "Benjamin André", "age": 27, "nationality": "France", "height": 180, "weight": 76, "photo": "https://media.api-sports.io/football/players/2204.png"}, {"name": "Arnaud Souquet", "age": 25, "nationality": "France", "height": 180, "weight": 72, "photo": "https://media.api-sports.io/football/players/8478.png"}, {"name": "Jordan Ferri", "age": 25, "nationality": "France", "height": 172, "weight": 70, "photo": "https://media.api-sports.io/football/players/21439.png"}, {"name": "Pedro Mendes", "age": 27, "nationality": "Portugal", "height": 187, "weight": 78, "photo": "https://media.api-sports.io/football/players/21574.png"}, {"name": "Florent Mollet", "age": 26, "nationality": "France", "height": 174, "weight": 68, "photo": "https://media.api-sports.io/football/players/21582.png"}, {"name": "Xeka", "age": 23, "nationality": "Portugal", "height": 185, "weight": 80, "photo": "https://media.api-sports.io/football/players/22228.png"}, {"name": "Jonathan Bamba", "age": 21, "nationality": "France", "height": 175, "weight": 72, "photo": "https://media.api-sports.io/football/players/22235.png"}, {"name": "Falcao", "age": 31, "nationality": "Colombia", "height": 177, "weight": 72, "photo": "https://media.api-sports.io/football/players/119.png"}, {"name": "Houssem Aouar", "age": 19, "nationality": "France", "height": 175, "weight": 70, "photo": "https://media.api-sports.io/football/players/658.png"}, {"name": "Karl Toko Ekambi", "age": 25, "nationality": "Cameroon", "height": 185, "weight": 74, "photo": "https://media.api-sports.io/football/players/1709.png"}, {"name": "Damien Da Silva", "age": 29, "nationality": "France", "height": 184, "weight": 82, "photo": "https://media.api-sports.io/football/players/2196.png"}, {"name": "Iván Balliu", "age": 25, "nationality": "Albania", "height": 172, "weight": 63, "photo": "https://media.api-sports.io/football/players/20520.png"}, {"name": "Nicolas Pallois", "age": 30, "nationality": "France", "height": 190, "weight": 89, "photo": "https://media.api-sports.io/football/players/21088.png"}, {"name": "Charles Traore", "age": 25, "nationality": "Mali", "height": 180, "weight": 74, "photo": "https://media.api-sports.io/football/players/21091.png"}, {"name": "Andrei Girotto", "age": 25, "nationality": "Brazil", "height": 186, "weight": 73, "photo": "https://media.api-sports.io/football/players/21097.png"}, {"name": "Ludovic Blas", "age": 20, "nationality": "France", "height": 180, "weight": 70, "photo": "https://media.api-sports.io/football/players/21497.png"}, {"name": "Marcus Coco", "age": 21, "nationality": "France", "height": 180, "weight": 75, "photo": "https://media.api-sports.io/football/players/21498.png"}, {"name": "Wylan Cyprien", "age": 22, "nationality": "France", "height": 181, "weight": 75, "photo": "https://media.api-sports.io/football/players/22169.png"}, {"name": "Thiago Mendes", "age": 25, "nationality": "Brazil", "height": 176, "weight": 78, "photo": "https://media.api-sports.io/football/players/22232.png"}, {"name": "Alban Lafont", "age": 18, "nationality": "France", "height": 193, "weight": 82, "photo": "https://media.api-sports.io/football/players/30393.png"}, {"name": "Ronael Pierre Gabriel", "age": 19, "nationality": "France", "height": 177, "weight": 76, "photo": "https://media.api-sports.io/football/players/99.png"}, {"name": "Abdoulaye Bamba", "age": 27, "nationality": "Côte d'Ivoire", "height": 182, "weight": 72, "photo": "https://media.api-sports.io/football/players/3234.png"}, {"name": "Ismael Traoré", "age": 31, "nationality": "Côte d'Ivoire", "height": 184, "weight": 87, "photo": "https://media.api-sports.io/football/players/3237.png"}, {"name": "Stéphane Bahoken", "age": 25, "nationality": "Cameroon", "height": 185, "weight": 78, "photo": "https://media.api-sports.io/football/players/3407.png"}, {"name": "Vincent Manceau", "age": 28, "nationality": "France", "height": 176, "weight": 70, "photo": "https://media.api-sports.io/football/players/21141.png"}, {"name": "Romain Thomas", "age": 29, "nationality": "France", "height": 193, "weight": 84, "photo": "https://media.api-sports.io/football/players/21144.png"}, {"name": "Pierrick Capelle", "age": 30, "nationality": "France", "height": 181, "weight": 73, "photo": "https://media.api-sports.io/football/players/21145.png"}, {"name": "Angelo Fulgini", "age": 21, "nationality": "France", "height": 183, "weight": 71, "photo": "https://media.api-sports.io/football/players/21146.png"}, {"name": "Thomas Mangani", "age": 30, "nationality": "France", "height": 183, "weight": 79, "photo": "https://media.api-sports.io/football/players/21148.png"}, {"name": "Lois Diony", "age": 25, "nationality": "France", "height": 183, "weight": 82, "photo": "https://media.api-sports.io/football/players/22100.png"}, {"name": "Christophe Herelle", "age": 25, "nationality": "Martinique", "height": 188, "weight": 75, "photo": "https://media.api-sports.io/football/players/22164.png"}, {"name": "Dimitri Foulquier", "age": 24, "nationality": "Guadeloupe", "height": 183, "weight": 72, "photo": "https://media.api-sports.io/football/players/47251.png"}, {"name": "Jemerson", "age": 25, "nationality": "Brazil", "height": 184, "weight": 77, "photo": "https://media.api-sports.io/football/players/96.png"}, {"name": "Adil Rami", "age": 32, "nationality": "France", "height": 190, "weight": 90, "photo": "https://media.api-sports.io/football/players/1906.png"}, {"name": "Oualid El Hajjam", "age": 26, "nationality": "Morocco", "height": 181, "weight": 72, "photo": "https://media.api-sports.io/football/players/2707.png"}, {"name": "Alexandre Oukidja", "age": 29, "nationality": "Algeria", "height": 184, "weight": 79, "photo": "https://media.api-sports.io/football/players/20519.png"}, {"name": "Jimmy Giraudon", "age": 25, "nationality": "France", "height": 184, "weight": 66, "photo": "https://media.api-sports.io/football/players/20572.png"}, {"name": "Paul Lasne", "age": 28, "nationality": "France", "height": 186, "weight": 77, "photo": "https://media.api-sports.io/football/players/21580.png"}, {"name": "Karim Azamoum", "age": 27, "nationality": "France", "height": 178, "weight": 74, "photo": "https://media.api-sports.io/football/players/46972.png"}, {"name": "Yuri", "age": 27, "nationality": "Spain", "height": 181, "weight": 79, "photo": "https://media.api-sports.io/football/players/47273.png"}, {"name": "Jérémy Morel", "age": 33, "nationality": "Madagascar", "height": 172, "weight": 71, "photo": "https://media.api-sports.io/football/players/654.png"}, {"name": "Javier Pastore", "age": 28, "nationality": "Argentina", "height": 187, "weight": 78, "photo": "https://media.api-sports.io/football/players/781.png"}, {"name": "Benoit Costil", "age": 30, "nationality": "France", "height": 187, "weight": 88, "photo": "https://media.api-sports.io/football/players/1253.png"}, {"name": "Nicolas de Preville", "age": 26, "nationality": "France", "height": 177, "weight": 77, "photo": "https://media.api-sports.io/football/players/1275.png"}, {"name": "Ibrahim Amadou", "age": 24, "nationality": "France", "height": 183, "weight": 81, "photo": "https://media.api-sports.io/football/players/2049.png"}, {"name": "Mexer", "age": 29, "nationality": "Mozambique", "height": 188, "weight": 79, "photo": "https://media.api-sports.io/football/players/2201.png"}, {"name": "Saif-Eddine Khaoui", "age": 22, "nationality": "Tunisia", "height": 180, "weight": 68, "photo": "https://media.api-sports.io/football/players/2955.png"}, {"name": "Opa Nguette", "age": 23, "nationality": "Senegal", "height": 182, "weight": 76, "photo": "https://media.api-sports.io/football/players/20533.png"}, {"name": "Ibrahima Niane", "age": 18, "nationality": "Senegal", "height": 187, "weight": 73, "photo": "https://media.api-sports.io/football/players/20537.png"}, {"name": "Vincent Pajot", "age": 27, "nationality": "France", "height": 180, "weight": 68, "photo": "https://media.api-sports.io/football/players/21150.png"}, {"name": "Thomas Monconduit", "age": 26, "nationality": "France", "height": 184, "weight": 83, "photo": "https://media.api-sports.io/football/players/21387.png"}, {"name": "Otávio", "age": 23, "nationality": "Brazil", "height": 176, "weight": 73, "photo": "https://media.api-sports.io/football/players/1262.png"}, {"name": "Jimmy Briand", "age": 32, "nationality": "France", "height": 181, "weight": 84, "photo": "https://media.api-sports.io/football/players/1273.png"}, {"name": "Joris Gnagnon", "age": 20, "nationality": "France", "height": 182, "weight": 89, "photo": "https://media.api-sports.io/football/players/2041.png"}, {"name": "Saidy Janko", "age": 22, "nationality": "Gambia", "height": 181, "weight": 83, "photo": "https://media.api-sports.io/football/players/19291.png"}, {"name": "Romain Hamouma", "age": 30, "nationality": "France", "height": 178, "weight": 76, "photo": "https://media.api-sports.io/football/players/22095.png"}, {"name": "Valentin Vada", "age": 21, "nationality": "Argentina", "height": 175, "weight": 71, "photo": "https://media.api-sports.io/football/players/22098.png"}, {"name": "Wahbi Khazri", "age": 26, "nationality": "Tunisia", "height": 182, "weight": 76, "photo": "https://media.api-sports.io/football/players/22102.png"}, {"name": "Assane Diousse", "age": 20, "nationality": "Senegal", "height": 175, "weight": 68, "photo": "https://media.api-sports.io/football/players/30748.png"}, {"name": "Guido Carrillo", "age": 26, "nationality": "Argentina", "height": 191, "weight": 87, "photo": "https://media.api-sports.io/football/players/47421.png"}]