[{"name": "Wes Morgan", "age": 33, "nationality": "Jamaica", "height": 186, "weight": 101, "photo": "https://media.api-sports.io/football/players/18774.png"}, {"name": "Jack Wilshere", "age": 25, "nationality": "England", "height": 172, "weight": 68, "photo": "https://media.api-sports.io/football/players/18829.png"}, {"name": "Andrew Surman", "age": 31, "nationality": "England", "height": 178, "weight": 73, "photo": "https://media.api-sports.io/football/players/18879.png"}, {"name": "Glenn Murray", "age": 34, "nationality": "England", "height": 183, "weight": 80, "photo": "https://media.api-sports.io/football/players/18982.png"}, {"name": "Gareth Barry", "age": 36, "nationality": "England", "height": 183, "weight": 78, "photo": "https://media.api-sports.io/football/players/19153.png"}, {"name": "Nathan Dyer", "age": 30, "nationality": "England", "height": 165, "weight": 60, "photo": "https://media.api-sports.io/football/players/19325.png"}, {"name": "Collin Quaner", "age": 26, "nationality": "Germany", "height": 191, "weight": 81, "photo": "https://media.api-sports.io/football/players/19747.png"}, {"name": "Simon Francis", "age": 32, "nationality": "England", "height": 183, "weight": 90, "photo": "https://media.api-sports.io/football/players/18865.png"}, {"name": "Peter Crouch", "age": 36, "nationality": "England", "height": 201, "weight": 75, "photo": "https://media.api-sports.io/football/players/18928.png"}, {"name": "Ashley Williams", "age": 33, "nationality": "Wales", "height": 183, "weight": 77, "photo": "https://media.api-sports.io/football/players/19500.png"}, {"name": "Yohan Cabaye", "age": 31, "nationality": "France", "height": 174, "weight": 71, "photo": "https://media.api-sports.io/football/players/90488.png"}, {"name": "Leighton Baines", "age": 33, "nationality": "England", "height": 170, "weight": 74, "photo": "https://media.api-sports.io/football/players/18757.png"}, {"name": "Pablo Zabaleta", "age": 32, "nationality": "Argentina", "height": 176, "weight": 74, "photo": "https://media.api-sports.io/football/players/18818.png"}, {"name": "Danny Williams", "age": 28, "nationality": "USA", "height": 182, "weight": 79, "photo": "https://media.api-sports.io/football/players/19054.png"}, {"name": "Darren Fletcher", "age": 33, "nationality": "Scotland", "height": 183, "weight": 83, "photo": "https://media.api-sports.io/football/players/19504.png"}, {"name": "Wilfried Bony", "age": 29, "nationality": "Côte d'Ivoire", "height": 182, "weight": 88, "photo": "https://media.api-sports.io/football/players/42246.png"}, {"name": "José Holebas", "age": 33, "nationality": "Greece", "height": 184, "weight": 77, "photo": "https://media.api-sports.io/football/players/18795.png"}, {"name": "Sebastian Prödl", "age": 30, "nationality": "Austria", "height": 194, "weight": 92, "photo": "https://media.api-sports.io/football/players/18801.png"}, {"name": "Mohamed Diamé", "age": 30, "nationality": "Senegal", "height": 184, "weight": 86, "photo": "https://media.api-sports.io/football/players/18898.png"}, {"name": "Steven Defour", "age": 29, "nationality": "Belgium", "height": 173, "weight": 65, "photo": "https://media.api-sports.io/football/players/18923.png"}, {"name": "Chris Brunt", "age": 33, "nationality": "Northern Ireland", "height": 185, "weight": 84, "photo": "https://media.api-sports.io/football/players/19154.png"}, {"name": "Wayne Routledge", "age": 32, "nationality": "England", "height": 170, "weight": 64, "photo": "https://media.api-sports.io/football/players/19332.png"}, {"name": "Luciano Narsingh", "age": 27, "nationality": "Netherlands", "height": 175, "weight": 69, "photo": "https://media.api-sports.io/football/players/19339.png"}, {"name": "Marc Pugh", "age": 30, "nationality": "England", "height": 180, "weight": 72, "photo": "https://media.api-sports.io/football/players/19423.png"}, {"name": "Christian Eriksen", "age": 25, "nationality": "Denmark", "height": 182, "weight": 76, "photo": "https://media.api-sports.io/football/players/174.png"}, {"name": "Sergio Agüero", "age": 29, "nationality": "Argentina", "height": 173, "weight": 70, "photo": "https://media.api-sports.io/football/players/642.png"}, {"name": "Antonio Valencia", "age": 32, "nationality": "Ecuador", "height": 180, "weight": 83, "photo": "https://media.api-sports.io/football/players/893.png"}, {"name": "Petr Cech", "age": 35, "nationality": "Czech Republic", "height": 196, "weight": 90, "photo": "https://media.api-sports.io/football/players/1436.png"}, {"name": "Jordon Ibe", "age": 22, "nationality": "England", "height": 176, "weight": 81, "photo": "https://media.api-sports.io/football/players/18876.png"}, {"name": "Ki Sung-yueng", "age": 28, "nationality": "Korea Republic", "height": 189, "weight": 75, "photo": "https://media.api-sports.io/football/players/18900.png"}, {"name": "Davy Pröpper", "age": 26, "nationality": "Netherlands", "height": 185, "weight": 79, "photo": "https://media.api-sports.io/football/players/18975.png"}, {"name": "Claudio Yacob", "age": 30, "nationality": "Argentina", "height": 181, "weight": 77, "photo": "https://media.api-sports.io/football/players/19304.png"}, {"name": "Ryan Shawcross", "age": 30, "nationality": "England", "height": 191, "weight": 76, "photo": "https://media.api-sports.io/football/players/19498.png"}, {"name": "Mousa Dembélé", "age": 30, "nationality": "Belgium", "height": 185, "weight": 82, "photo": "https://media.api-sports.io/football/players/2921.png"}, {"name": "Marouane Fellaini", "age": 30, "nationality": "Belgium", "height": 194, "weight": 85, "photo": "https://media.api-sports.io/football/players/12753.png"}, {"name": "Aaron Mooy", "age": 27, "nationality": "Australia", "height": 174, "weight": 68, "photo": "https://media.api-sports.io/football/players/19050.png"}, {"name": "Hal Robson-Kanu", "age": 28, "nationality": "Wales", "height": 183, "weight": 83, "photo": "https://media.api-sports.io/football/players/19168.png"}, {"name": "Rajiv van La Parra", "age": 26, "nationality": "Netherlands", "height": 181, "weight": 72, "photo": "https://media.api-sports.io/football/players/19246.png"}, {"name": "Ragnar Klavan", "age": 32, "nationality": "Estonia", "height": 187, "weight": 85, "photo": "https://media.api-sports.io/football/players/30550.png"}, {"name": "Grzegorz Krychowiak", "age": 27, "nationality": "Poland", "height": 186, "weight": 83, "photo": "https://media.api-sports.io/football/players/481.png"}, {"name": "Jermain Defoe", "age": 35, "nationality": "England", "height": 171, "weight": 65, "photo": "https://media.api-sports.io/football/players/1758.png"}, {"name": "Beram Kayal", "age": 29, "nationality": "Israel", "height": 178, "weight": 74, "photo": "https://media.api-sports.io/football/players/18971.png"}, {"name": "Chris Löwe", "age": 28, "nationality": "Germany", "height": 175, "weight": 68, "photo": "https://media.api-sports.io/football/players/19044.png"}, {"name": "Christopher Schindler", "age": 27, "nationality": "Germany", "height": 189, "weight": 82, "photo": "https://media.api-sports.io/football/players/19045.png"}, {"name": "Laurent Depoitre", "age": 29, "nationality": "Belgium", "height": 191, "weight": 91, "photo": "https://media.api-sports.io/football/players/19056.png"}, {"name": "Moritz Bauer", "age": 25, "nationality": "Austria", "height": 181, "weight": 73, "photo": "https://media.api-sports.io/football/players/19494.png"}, {"name": "Simon Mignolet", "age": 29, "nationality": "Belgium", "height": 193, "weight": 87, "photo": "https://media.api-sports.io/football/players/282.png"}, {"name": "Christian Benteke", "age": 27, "nationality": "Belgium", "height": 190, "weight": 83, "photo": "https://media.api-sports.io/football/players/2928.png"}, {"name": "Jack Butland", "age": 24, "nationality": "England", "height": 196, "weight": 95, "photo": "https://media.api-sports.io/football/players/2930.png"}, {"name": "Will Hughes", "age": 22, "nationality": "England", "height": 185, "weight": 74, "photo": "https://media.api-sports.io/football/players/18806.png"}, {"name": "Martin Kelly", "age": 27, "nationality": "England", "height": 191, "weight": 77, "photo": "https://media.api-sports.io/football/players/18840.png"}, {"name": "Jeffrey Schlupp", "age": 25, "nationality": "Ghana", "height": 178, "weight": 72, "photo": "https://media.api-sports.io/football/players/18843.png"}, {"name": "James Tomkins", "age": 28, "nationality": "England", "height": 192, "weight": 74, "photo": "https://media.api-sports.io/football/players/18844.png"}, {"name": "Joel Ward", "age": 28, "nationality": "England", "height": 188, "weight": 83, "photo": "https://media.api-sports.io/football/players/18847.png"}, {"name": "James McArthur", "age": 30, "nationality": "Scotland", "height": 178, "weight": 75, "photo": "https://media.api-sports.io/football/players/18849.png"}, {"name": "Luka Milivojevic", "age": 26, "nationality": "Serbia", "height": 186, "weight": 80, "photo": "https://media.api-sports.io/football/players/18852.png"}, {"name": "José Izquierdo", "age": 25, "nationality": "Colombia", "height": 171, "weight": 73, "photo": "https://media.api-sports.io/football/players/18980.png"}, {"name": "Wesley Hoedt", "age": 23, "nationality": "Netherlands", "height": 188, "weight": 77, "photo": "https://media.api-sports.io/football/players/47430.png"}, {"name": "Victor Moses", "age": 27, "nationality": "Nigeria", "height": 177, "weight": 79, "photo": "https://media.api-sports.io/football/players/1347.png"}, {"name": "Charlie Daniels", "age": 31, "nationality": "England", "height": 178, "weight": 75, "photo": "https://media.api-sports.io/football/players/18864.png"}, {"name": "Timothy Fosu-Mensah", "age": 19, "nationality": "Netherlands", "height": 185, "weight": 80, "photo": "https://media.api-sports.io/football/players/19018.png"}, {"name": "Jan Vertonghen", "age": 30, "nationality": "Belgium", "height": 189, "weight": 79, "photo": "https://media.api-sports.io/football/players/170.png"}, {"name": "Dejan Lovren", "age": 28, "nationality": "Croatia", "height": 188, "weight": 84, "photo": "https://media.api-sports.io/football/players/287.png"}, {"name": "Emre Can", "age": 23, "nationality": "Germany", "height": 186, "weight": 86, "photo": "https://media.api-sports.io/football/players/864.png"}, {"name": "Kevin Wimmer", "age": 25, "nationality": "Austria", "height": 187, "weight": 85, "photo": "https://media.api-sports.io/football/players/25374.png"}, {"name": "Orestis Karnezis", "age": 32, "nationality": "Greece", "height": 189, "weight": 79, "photo": "https://media.api-sports.io/football/players/311.png"}, {"name": "Willian", "age": 29, "nationality": "Brazil", "height": 175, "weight": 77, "photo": "https://media.api-sports.io/football/players/2294.png"}, {"name": "Adrian Mariappa", "age": 31, "nationality": "Jamaica", "height": 180, "weight": 78, "photo": "https://media.api-sports.io/football/players/18798.png"}, {"name": "Tomer Hemed", "age": 30, "nationality": "Israel", "height": 186, "weight": 80, "photo": "https://media.api-sports.io/football/players/19593.png"}, {"name": "Cesc Fàbregas", "age": 30, "nationality": "Spain", "height": 180, "weight": 77, "photo": "https://media.api-sports.io/football/players/108.png"}, {"name": "Victor Wanyama", "age": 26, "nationality": "Kenya", "height": 188, "weight": 80, "photo": "https://media.api-sports.io/football/players/181.png"}, {"name": "Ander Herrera", "age": 28, "nationality": "Spain", "height": 182, "weight": 71, "photo": "https://media.api-sports.io/football/players/898.png"}, {"name": "Laurent Koscielny", "age": 32, "nationality": "France", "height": 186, "weight": 75, "photo": "https://media.api-sports.io/football/players/1443.png"}, {"name": "Steve Mounie", "age": 23, "nationality": "Benin", "height": 190, "weight": 83, "photo": "https://media.api-sports.io/football/players/3395.png"}, {"name": "Morgan Schneiderlin", "age": 28, "nationality": "France", "height": 181, "weight": 75, "photo": "https://media.api-sports.io/football/players/18764.png"}, {"name": "Christian Fuchs", "age": 31, "nationality": "Austria", "height": 187, "weight": 89, "photo": "https://media.api-sports.io/football/players/18773.png"}, {"name": "Mamadou Sakho", "age": 27, "nationality": "France", "height": 187, "weight": 83, "photo": "https://media.api-sports.io/football/players/18842.png"}, {"name": "Bakary Sako", "age": 29, "nationality": "Mali", "height": 183, "weight": 85, "photo": "https://media.api-sports.io/football/players/18856.png"}, {"name": "Kieran Gibbs", "age": 28, "nationality": "England", "height": 179, "weight": 70, "photo": "https://media.api-sports.io/football/players/19148.png"}, {"name": "Geoff Cameron", "age": 32, "nationality": "USA", "height": 191, "weight": 84, "photo": "https://media.api-sports.io/football/players/19575.png"}, {"name": "Mesut Özil", "age": 29, "nationality": "Germany", "height": 180, "weight": 76, "photo": "https://media.api-sports.io/football/players/1458.png"}, {"name": "André Carrillo", "age": 26, "nationality": "Peru", "height": 180, "weight": 75, "photo": "https://media.api-sports.io/football/players/2426.png"}, {"name": "Christian Atsu", "age": 25, "nationality": "Ghana", "height": 165, "weight": 65, "photo": "https://media.api-sports.io/football/players/3423.png"}, {"name": "Patrick van Aanholt", "age": 27, "nationality": "Netherlands", "height": 176, "weight": 74, "photo": "https://media.api-sports.io/football/players/18845.png"}, {"name": "DeAndre Yedlin", "age": 24, "nationality": "USA", "height": 172, "weight": 75, "photo": "https://media.api-sports.io/football/players/18897.png"}, {"name": "Florent Hadergjonaj", "age": 23, "nationality": "Kosovo", "height": 182, "weight": 73, "photo": "https://media.api-sports.io/football/players/19042.png"}, {"name": "Leroy Fer", "age": 27, "nationality": "Netherlands", "height": 188, "weight": 79, "photo": "https://media.api-sports.io/football/players/19326.png"}, {"name": "Stefano Okaka", "age": 28, "nationality": "Italy", "height": 186, "weight": 82, "photo": "https://media.api-sports.io/football/players/30816.png"}, {"name": "Sofiane Boufal", "age": 24, "nationality": "Morocco", "height": 170, "weight": 60, "photo": "https://media.api-sports.io/football/players/2710.png"}, {"name": "Wilfried Zaha", "age": 25, "nationality": "Côte d'Ivoire", "height": 180, "weight": 66, "photo": "https://media.api-sports.io/football/players/3247.png"}, {"name": "Jordan Ayew", "age": 26, "nationality": "Ghana", "height": 182, "weight": 80, "photo": "https://media.api-sports.io/football/players/3428.png"}, {"name": "Shinji Okazaki", "age": 31, "nationality": "Japan", "height": 174, "weight": 70, "photo": "https://media.api-sports.io/football/players/18787.png"}, {"name": "Daryl Janmaat", "age": 28, "nationality": "Netherlands", "height": 185, "weight": 80, "photo": "https://media.api-sports.io/football/players/18796.png"}, {"name": "Ahmed Hegazy", "age": 26, "nationality": "Egypt", "height": 193, "weight": 83, "photo": "https://media.api-sports.io/football/players/19149.png"}, {"name": "Mike van der Hoorn", "age": 25, "nationality": "Netherlands", "height": 190, "weight": 81, "photo": "https://media.api-sports.io/football/players/19322.png"}, {"name": "Bruno Martins Indi", "age": 25, "nationality": "Netherlands", "height": 185, "weight": 76, "photo": "https://media.api-sports.io/football/players/19497.png"}, {"name": "Cuco Martina", "age": 28, "nationality": "Curaçao", "height": 185, "weight": 77, "photo": "https://media.api-sports.io/football/players/37146.png"}, {"name": "Serge Aurier", "age": 25, "nationality": "Côte d'Ivoire", "height": 176, "weight": 76, "photo": "https://media.api-sports.io/football/players/163.png"}, {"name": "Fernando Llorente", "age": 32, "nationality": "Spain", "height": 193, "weight": 90, "photo": "https://media.api-sports.io/football/players/185.png"}, {"name": "Alberto Moreno", "age": 25, "nationality": "Spain", "height": 171, "weight": 65, "photo": "https://media.api-sports.io/football/players/288.png"}, {"name": "Thibaut Courtois", "age": 25, "nationality": "Belgium", "height": 199, "weight": 91, "photo": "https://media.api-sports.io/football/players/730.png"}, {"name": "Héctor Bellerín", "age": 22, "nationality": "Spain", "height": 178, "weight": 74, "photo": "https://media.api-sports.io/football/players/1439.png"}, {"name": "Nacho Monreal", "age": 31, "nationality": "Spain", "height": 179, "weight": 72, "photo": "https://media.api-sports.io/football/players/1447.png"}, {"name": "Vicente Iborra", "age": 29, "nationality": "Spain", "height": 190, "weight": 80, "photo": "https://media.api-sports.io/football/players/1699.png"}, {"name": "Eden Hazard", "age": 26, "nationality": "Belgium", "height": 175, "weight": 74, "photo": "https://media.api-sports.io/football/players/2296.png"}, {"name": "Mat Ryan", "age": 25, "nationality": "Australia", "height": 184, "weight": 82, "photo": "https://media.api-sports.io/football/players/2741.png"}, {"name": "Etienne Capoue", "age": 29, "nationality": "France", "height": 189, "weight": 80, "photo": "https://media.api-sports.io/football/players/18802.png"}, {"name": "Erik Lamela", "age": 25, "nationality": "Argentina", "height": 181, "weight": 79, "photo": "https://media.api-sports.io/football/players/176.png"}, {"name": "Scott Arfield", "age": 29, "nationality": "Canada", "height": 178, "weight": 70, "photo": "https://media.api-sports.io/football/players/1747.png"}, {"name": "Florian Lejeune", "age": 26, "nationality": "France", "height": 189, "weight": 89, "photo": "https://media.api-sports.io/football/players/18895.png"}, {"name": "Joselu", "age": 27, "nationality": "Spain", "height": 192, "weight": 80, "photo": "https://media.api-sports.io/football/players/18907.png"}, {"name": "Hugo Lloris", "age": 31, "nationality": "France", "height": 188, "weight": 82, "photo": "https://media.api-sports.io/football/players/159.png"}, {"name": "Ben Davies", "age": 24, "nationality": "Wales", "height": 181, "weight": 76, "photo": "https://media.api-sports.io/football/players/164.png"}, {"name": "Davinson Sánchez", "age": 21, "nationality": "Colombia", "height": 187, "weight": 81, "photo": "https://media.api-sports.io/football/players/168.png"}, {"name": "Dele Alli", "age": 21, "nationality": "England", "height": 188, "weight": 76, "photo": "https://media.api-sports.io/football/players/172.png"}, {"name": "Eric Dier", "age": 23, "nationality": "England", "height": 188, "weight": 88, "photo": "https://media.api-sports.io/football/players/175.png"}, {"name": "Harry Winks", "age": 21, "nationality": "England", "height": 178, "weight": 65, "photo": "https://media.api-sports.io/football/players/182.png"}, {"name": "Son Heung-Min", "age": 25, "nationality": "Korea Republic", "height": 183, "weight": 78, "photo": "https://media.api-sports.io/football/players/186.png"}, {"name": "Romelu Lukaku", "age": 24, "nationality": "Belgium", "height": 190, "weight": 93, "photo": "https://media.api-sports.io/football/players/907.png"}, {"name": "Marcos Alonso", "age": 27, "nationality": "Spain", "height": 188, "weight": 84, "photo": "https://media.api-sports.io/football/players/2278.png"}, {"name": "N'Golo Kanté", "age": 26, "nationality": "France", "height": 168, "weight": 68, "photo": "https://media.api-sports.io/football/players/2290.png"}, {"name": "Ruben Loftus-Cheek", "age": 21, "nationality": "England", "height": 191, "weight": 88, "photo": "https://media.api-sports.io/football/players/2292.png"}, {"name": "Pierre-Emile Højbjerg", "age": 22, "nationality": "Denmark", "height": 187, "weight": 84, "photo": "https://media.api-sports.io/football/players/2735.png"}, {"name": "Cédric Soares", "age": 26, "nationality": "Portugal", "height": 172, "weight": 67, "photo": "https://media.api-sports.io/football/players/190.png"}, {"name": "Joseph Gomez", "age": 20, "nationality": "England", "height": 188, "weight": 77, "photo": "https://media.api-sports.io/football/players/284.png"}, {"name": "Andrew Robertson", "age": 23, "nationality": "Scotland", "height": 178, "weight": 64, "photo": "https://media.api-sports.io/football/players/289.png"}, {"name": "Jordan Henderson", "age": 27, "nationality": "England", "height": 182, "weight": 67, "photo": "https://media.api-sports.io/football/players/292.png"}, {"name": "James Milner", "age": 31, "nationality": "England", "height": 175, "weight": 70, "photo": "https://media.api-sports.io/football/players/296.png"}, {"name": "Alex Oxlade-Chamberlain", "age": 24, "nationality": "England", "height": 180, "weight": 70, "photo": "https://media.api-sports.io/football/players/297.png"}, {"name": "Roberto Firmino", "age": 26, "nationality": "Brazil", "height": 181, "weight": 76, "photo": "https://media.api-sports.io/football/players/302.png"}, {"name": "Mohamed Salah", "age": 25, "nationality": "Egypt", "height": 175, "weight": 71, "photo": "https://media.api-sports.io/football/players/306.png"}, {"name": "Loris Karius", "age": 24, "nationality": "Germany", "height": 189, "weight": 90, "photo": "https://media.api-sports.io/football/players/1972.png"}, {"name": "Adrián", "age": 30, "nationality": "Spain", "height": 190, "weight": 80, "photo": "https://media.api-sports.io/football/players/18812.png"}, {"name": "Sead Kolasinac", "age": 24, "nationality": "Bosnia and Herzegovina", "height": 183, "weight": 85, "photo": "https://media.api-sports.io/football/players/1442.png"}, {"name": "Granit Xhaka", "age": 25, "nationality": "Switzerland", "height": 185, "weight": 82, "photo": "https://media.api-sports.io/football/players/1464.png"}, {"name": "Alexandre Lacazette", "age": 26, "nationality": "France", "height": 175, "weight": 73, "photo": "https://media.api-sports.io/football/players/1467.png"}, {"name": "Phil Jagielka", "age": 35, "nationality": "England", "height": 180, "weight": 87, "photo": "https://media.api-sports.io/football/players/18759.png"}, {"name": "Andre Gray", "age": 26, "nationality": "Jamaica", "height": 178, "weight": 83, "photo": "https://media.api-sports.io/football/players/18810.png"}, {"name": "Charlie Austin", "age": 28, "nationality": "England", "height": 188, "weight": 84, "photo": "https://media.api-sports.io/football/players/18952.png"}, {"name": "Tommy Smith", "age": 25, "nationality": "England", "height": 186, "weight": 75, "photo": "https://media.api-sports.io/football/players/19046.png"}, {"name": "Ederson", "age": 24, "nationality": "Brazil", "height": 188, "weight": 86, "photo": "https://media.api-sports.io/football/players/617.png"}, {"name": "Manuel Lanzini", "age": 24, "nationality": "Argentina", "height": 167, "weight": 59, "photo": "https://media.api-sports.io/football/players/2473.png"}, {"name": "Kurt Zouma", "age": 23, "nationality": "France", "height": 190, "weight": 96, "photo": "https://media.api-sports.io/football/players/2726.png"}, {"name": "Declan Rice", "age": 18, "nationality": "England", "height": 185, "weight": 76, "photo": "https://media.api-sports.io/football/players/2937.png"}, {"name": "Lukasz Fabianski", "age": 32, "nationality": "Poland", "height": 190, "weight": 83, "photo": "https://media.api-sports.io/football/players/2997.png"}, {"name": "Aaron Cresswell", "age": 28, "nationality": "England", "height": 170, "weight": 66, "photo": "https://media.api-sports.io/football/players/18813.png"}, {"name": "Angelo Ogbonna", "age": 29, "nationality": "Italy", "height": 191, "weight": 86, "photo": "https://media.api-sports.io/football/players/18817.png"}, {"name": "Michail Antonio", "age": 27, "nationality": "Jamaica", "height": 180, "weight": 82, "photo": "https://media.api-sports.io/football/players/18819.png"}, {"name": "Mark Noble", "age": 30, "nationality": "England", "height": 180, "weight": 70, "photo": "https://media.api-sports.io/football/players/18826.png"}, {"name": "Craig Dawson", "age": 27, "nationality": "England", "height": 188, "weight": 82, "photo": "https://media.api-sports.io/football/players/19147.png"}, {"name": "Joe Allen", "age": 27, "nationality": "Wales", "height": 168, "weight": 62, "photo": "https://media.api-sports.io/football/players/19502.png"}, {"name": "Sam Clucas", "age": 27, "nationality": "England", "height": 178, "weight": 75, "photo": "https://media.api-sports.io/football/players/19503.png"}, {"name": "Tom Ince", "age": 25, "nationality": "England", "height": 178, "weight": 66, "photo": "https://media.api-sports.io/football/players/19505.png"}, {"name": "Kevin De Bruyne", "age": 26, "nationality": "Belgium", "height": 181, "weight": 68, "photo": "https://media.api-sports.io/football/players/629.png"}, {"name": "Bernardo Silva", "age": 23, "nationality": "Portugal", "height": 173, "weight": 64, "photo": "https://media.api-sports.io/football/players/636.png"}, {"name": "Fernandinho", "age": 32, "nationality": "Brazil", "height": 179, "weight": 67, "photo": "https://media.api-sports.io/football/players/640.png"}, {"name": "Gabriel Jesus", "age": 20, "nationality": "Brazil", "height": 175, "weight": 73, "photo": "https://media.api-sports.io/football/players/643.png"}, {"name": "Raheem Sterling", "age": 23, "nationality": "England", "height": 170, "weight": 69, "photo": "https://media.api-sports.io/football/players/645.png"}, {"name": "Kelechi Iheanacho", "age": 21, "nationality": "Nigeria", "height": 185, "weight": 82, "photo": "https://media.api-sports.io/football/players/2778.png"}, {"name": "Marc Albrighton", "age": 28, "nationality": "England", "height": 175, "weight": 74, "photo": "https://media.api-sports.io/football/players/18777.png"}, {"name": "Wilfred Ndidi", "age": 21, "nationality": "Nigeria", "height": 183, "weight": 74, "photo": "https://media.api-sports.io/football/players/18786.png"}, {"name": "Jamie Vardy", "age": 30, "nationality": "England", "height": 179, "weight": 74, "photo": "https://media.api-sports.io/football/players/18788.png"}, {"name": "Ayoze Pérez", "age": 24, "nationality": "Spain", "height": 178, "weight": 72, "photo": "https://media.api-sports.io/football/players/18906.png"}, {"name": "Ryan Bertrand", "age": 28, "nationality": "England", "height": 179, "weight": 85, "photo": "https://media.api-sports.io/football/players/18936.png"}, {"name": "Shane Duffy", "age": 25, "nationality": "Republic of Ireland", "height": 193, "weight": 76, "photo": "https://media.api-sports.io/football/players/18962.png"}, {"name": "Lewis Dunk", "age": 26, "nationality": "England", "height": 192, "weight": 88, "photo": "https://media.api-sports.io/football/players/18963.png"}, {"name": "Pascal Groß", "age": 26, "nationality": "Germany", "height": 181, "weight": 78, "photo": "https://media.api-sports.io/football/players/18970.png"}, {"name": "Johann Berg Gudmundsson", "age": 27, "nationality": "Iceland", "height": 186, "weight": 78, "photo": "https://media.api-sports.io/football/players/2790.png"}, {"name": "James Tarkowski", "age": 25, "nationality": "England", "height": 185, "weight": 81, "photo": "https://media.api-sports.io/football/players/2936.png"}, {"name": "Wayne Hennessey", "age": 30, "nationality": "Wales", "height": 198, "weight": 90, "photo": "https://media.api-sports.io/football/players/18836.png"}, {"name": "Nick Pope", "age": 25, "nationality": "England", "height": 191, "weight": 76, "photo": "https://media.api-sports.io/football/players/18911.png"}, {"name": "Kevin Long", "age": 27, "nationality": "Republic of Ireland", "height": 188, "weight": 83, "photo": "https://media.api-sports.io/football/players/18915.png"}, {"name": "Matthew Lowton", "age": 28, "nationality": "England", "height": 180, "weight": 78, "photo": "https://media.api-sports.io/football/players/18916.png"}, {"name": "Ben Mee", "age": 28, "nationality": "England", "height": 180, "weight": 74, "photo": "https://media.api-sports.io/football/players/18917.png"}, {"name": "Jack Cork", "age": 28, "nationality": "England", "height": 183, "weight": 70, "photo": "https://media.api-sports.io/football/players/18922.png"}, {"name": "Ashley Westwood", "age": 27, "nationality": "England", "height": 175, "weight": 80, "photo": "https://media.api-sports.io/football/players/18926.png"}, {"name": "Ashley Barnes", "age": 28, "nationality": "England", "height": 186, "weight": 77, "photo": "https://media.api-sports.io/football/players/18927.png"}, {"name": "Solly March", "age": 23, "nationality": "England", "height": 180, "weight": 88, "photo": "https://media.api-sports.io/football/players/18973.png"}, {"name": "Dale Stephens", "age": 28, "nationality": "England", "height": 169, "weight": 71, "photo": "https://media.api-sports.io/football/players/18977.png"}, {"name": "Erik Pieters", "age": 29, "nationality": "Netherlands", "height": 183, "weight": 84, "photo": "https://media.api-sports.io/football/players/21383.png"}, {"name": "Ben Foster", "age": 34, "nationality": "England", "height": 193, "weight": 79, "photo": "https://media.api-sports.io/football/players/18791.png"}, {"name": "Kiko Femenía", "age": 26, "nationality": "Spain", "height": 176, "weight": 61, "photo": "https://media.api-sports.io/football/players/18794.png"}, {"name": "Christian Kabasele", "age": 26, "nationality": "Belgium", "height": 187, "weight": 84, "photo": "https://media.api-sports.io/football/players/18797.png"}, {"name": "Tom Cleverley", "age": 28, "nationality": "England", "height": 175, "weight": 67, "photo": "https://media.api-sports.io/football/players/18804.png"}, {"name": "Robert Elliot", "age": 31, "nationality": "Republic of Ireland", "height": 190, "weight": 94, "photo": "https://media.api-sports.io/football/players/18887.png"}, {"name": "Anthony Knockaert", "age": 26, "nationality": "France", "height": 172, "weight": 69, "photo": "https://media.api-sports.io/football/players/18972.png"}, {"name": "Alfie Mawson", "age": 23, "nationality": "England", "height": 188, "weight": 81, "photo": "https://media.api-sports.io/football/players/19020.png"}, {"name": "Jay Rodriguez", "age": 28, "nationality": "England", "height": 185, "weight": 80, "photo": "https://media.api-sports.io/football/players/19169.png"}, {"name": "Moussa Sissoko", "age": 28, "nationality": "France", "height": 187, "weight": 83, "photo": "https://media.api-sports.io/football/players/179.png"}, {"name": "Oliver Burke", "age": 20, "nationality": "Scotland", "height": 188, "weight": 74, "photo": "https://media.api-sports.io/football/players/1124.png"}, {"name": "Shkodran Mustafi", "age": 25, "nationality": "Germany", "height": 184, "weight": 82, "photo": "https://media.api-sports.io/football/players/1448.png"}, {"name": "James Ward-Prowse", "age": 23, "nationality": "England", "height": 173, "weight": 66, "photo": "https://media.api-sports.io/football/players/2938.png"}, {"name": "Dan Gosling", "age": 27, "nationality": "England", "height": 183, "weight": 79, "photo": "https://media.api-sports.io/football/players/18874.png"}, {"name": "Lys Mousset", "age": 21, "nationality": "France", "height": 184, "weight": 80, "photo": "https://media.api-sports.io/football/players/18882.png"}, {"name": "Fraser Forster", "age": 29, "nationality": "England", "height": 201, "weight": 93, "photo": "https://media.api-sports.io/football/players/18932.png"}, {"name": "Alex McCarthy", "age": 28, "nationality": "England", "height": 193, "weight": 79, "photo": "https://media.api-sports.io/football/players/18935.png"}, {"name": "Jack Stephens", "age": 23, "nationality": "England", "height": 185, "weight": 75, "photo": "https://media.api-sports.io/football/players/18940.png"}, {"name": "Nathan Redmond", "age": 23, "nationality": "England", "height": 173, "weight": 69, "photo": "https://media.api-sports.io/football/players/18948.png"}, {"name": "Oriol Romeu", "age": 26, "nationality": "Spain", "height": 183, "weight": 83, "photo": "https://media.api-sports.io/football/players/18949.png"}, {"name": "Shane Long", "age": 30, "nationality": "Republic of Ireland", "height": 178, "weight": 81, "photo": "https://media.api-sports.io/football/players/18956.png"}, {"name": "James McClean", "age": 28, "nationality": "Republic of Ireland", "height": 180, "weight": 70, "photo": "https://media.api-sports.io/football/players/19507.png"}, {"name": "Phil Jones", "age": 25, "nationality": "England", "height": 180, "weight": 71, "photo": "https://media.api-sports.io/football/players/888.png"}, {"name": "Jesse Lingard", "age": 25, "nationality": "England", "height": 175, "weight": 62, "photo": "https://media.api-sports.io/football/players/900.png"}, {"name": "Juan Mata", "age": 29, "nationality": "Spain", "height": 170, "weight": 63, "photo": "https://media.api-sports.io/football/players/901.png"}, {"name": "Nemanja Matic", "age": 29, "nationality": "Serbia", "height": 194, "weight": 85, "photo": "https://media.api-sports.io/football/players/902.png"}, {"name": "Paul Pogba", "age": 24, "nationality": "France", "height": 191, "weight": 84, "photo": "https://media.api-sports.io/football/players/904.png"}, {"name": "Anthony Martial", "age": 22, "nationality": "France", "height": 181, "weight": 76, "photo": "https://media.api-sports.io/football/players/908.png"}, {"name": "Marcus Rashford", "age": 20, "nationality": "England", "height": 180, "weight": 70, "photo": "https://media.api-sports.io/football/players/909.png"}, {"name": "Benik Afobe", "age": 24, "nationality": "Congo DR", "height": 183, "weight": 78, "photo": "https://media.api-sports.io/football/players/3032.png"}, {"name": "Scott Malone", "age": 26, "nationality": "England", "height": 189, "weight": 75, "photo": "https://media.api-sports.io/football/players/19208.png"}, {"name": "Fabian Delph", "age": 28, "nationality": "England", "height": 174, "weight": 60, "photo": "https://media.api-sports.io/football/players/630.png"}, {"name": "Michael Keane", "age": 24, "nationality": "England", "height": 191, "weight": 82, "photo": "https://media.api-sports.io/football/players/2934.png"}, {"name": "Jonjoe Kenny", "age": 20, "nationality": "England", "height": 176, "weight": 70, "photo": "https://media.api-sports.io/football/players/18760.png"}, {"name": "Asmir Begovic", "age": 30, "nationality": "Bosnia and Herzegovina", "height": 199, "weight": 101, "photo": "https://media.api-sports.io/football/players/18858.png"}, {"name": "Jonathan Hogg", "age": 29, "nationality": "England", "height": 170, "weight": 67, "photo": "https://media.api-sports.io/football/players/19049.png"}, {"name": "Mason Holgate", "age": 21, "nationality": "England", "height": 184, "weight": 63, "photo": "https://media.api-sports.io/football/players/19150.png"}, {"name": "Kyle Naughton", "age": 29, "nationality": "England", "height": 180, "weight": 73, "photo": "https://media.api-sports.io/football/players/19318.png"}, {"name": "Alex Iwobi", "age": 21, "nationality": "Nigeria", "height": 180, "weight": 75, "photo": "https://media.api-sports.io/football/players/1455.png"}, {"name": "Tiemoué Bakayoko", "age": 23, "nationality": "France", "height": 185, "weight": 77, "photo": "https://media.api-sports.io/football/players/1635.png"}, {"name": "Richarlison", "age": 20, "nationality": "Brazil", "height": 184, "weight": 83, "photo": "https://media.api-sports.io/football/players/2413.png"}, {"name": "Gylfi Sigurdsson", "age": 28, "nationality": "Iceland", "height": 186, "weight": 79, "photo": "https://media.api-sports.io/football/players/2795.png"}, {"name": "Tom Davies", "age": 19, "nationality": "England", "height": 180, "weight": 70, "photo": "https://media.api-sports.io/football/players/18762.png"}, {"name": "Dominic Calvert-Lewin", "age": 20, "nationality": "England", "height": 187, "weight": 71, "photo": "https://media.api-sports.io/football/players/18766.png"}, {"name": "Demarai Gray", "age": 21, "nationality": "England", "height": 180, "weight": 74, "photo": "https://media.api-sports.io/football/players/18781.png"}, {"name": "Abdoulaye Doucouré", "age": 24, "nationality": "France", "height": 184, "weight": 75, "photo": "https://media.api-sports.io/football/players/18805.png"}, {"name": "Andros Townsend", "age": 26, "nationality": "England", "height": 181, "weight": 77, "photo": "https://media.api-sports.io/football/players/18854.png"}, {"name": "David Silva", "age": 26, "nationality": "Brazil", "height": 184, "weight": 78, "photo": "https://media.api-sports.io/football/players/618.png"}, {"name": "Ashley Young", "age": 32, "nationality": "England", "height": 175, "weight": 65, "photo": "https://media.api-sports.io/football/players/894.png"}, {"name": "Aaron Ramsey", "age": 27, "nationality": "Wales", "height": 178, "weight": 76, "photo": "https://media.api-sports.io/football/players/1459.png"}, {"name": "Pedro", "age": 30, "nationality": "Spain", "height": 169, "weight": 65, "photo": "https://media.api-sports.io/football/players/2299.png"}, {"name": "Roberto Pereyra", "age": 26, "nationality": "Argentina", "height": 182, "weight": 77, "photo": "https://media.api-sports.io/football/players/2475.png"}, {"name": "Troy Deeney", "age": 29, "nationality": "England", "height": 183, "weight": 90, "photo": "https://media.api-sports.io/football/players/18808.png"}, {"name": "Pedro Obiang", "age": 25, "nationality": "Equatorial Guinea", "height": 185, "weight": 75, "photo": "https://media.api-sports.io/football/players/18824.png"}, {"name": "Maya Yoshida", "age": 29, "nationality": "Japan", "height": 189, "weight": 78, "photo": "https://media.api-sports.io/football/players/18944.png"}, {"name": "Sam Vokes", "age": 28, "nationality": "Wales", "height": 186, "weight": 90, "photo": "https://media.api-sports.io/football/players/19513.png"}, {"name": "Manolo Gabbiadini", "age": 26, "nationality": "Italy", "height": 181, "weight": 75, "photo": "https://media.api-sports.io/football/players/30462.png"}, {"name": "Kieran Trippier", "age": 27, "nationality": "England", "height": 178, "weight": 71, "photo": "https://media.api-sports.io/football/players/169.png"}, {"name": "Chris Smalling", "age": 28, "nationality": "England", "height": 194, "weight": 81, "photo": "https://media.api-sports.io/football/players/892.png"}, {"name": "Ainsley Maitland-Niles", "age": 20, "nationality": "England", "height": 177, "weight": 71, "photo": "https://media.api-sports.io/football/players/1456.png"}, {"name": "Gaëtan Bong", "age": 29, "nationality": "Cameroon", "height": 187, "weight": 74, "photo": "https://media.api-sports.io/football/players/3398.png"}, {"name": "Steve Cook", "age": 26, "nationality": "England", "height": 185, "weight": 82, "photo": "https://media.api-sports.io/football/players/18863.png"}, {"name": "Ciaran Clark", "age": 28, "nationality": "Republic of Ireland", "height": 185, "weight": 88, "photo": "https://media.api-sports.io/football/players/18891.png"}, {"name": "Paul Dummett", "age": 26, "nationality": "Wales", "height": 183, "weight": 82, "photo": "https://media.api-sports.io/football/players/18892.png"}, {"name": "Federico Fernández", "age": 28, "nationality": "Argentina", "height": 190, "weight": 83, "photo": "https://media.api-sports.io/football/players/18893.png"}, {"name": "Jamaal Lascelles", "age": 24, "nationality": "England", "height": 188, "weight": 89, "photo": "https://media.api-sports.io/football/players/18894.png"}, {"name": "Javier Manquillo", "age": 23, "nationality": "Spain", "height": 178, "weight": 76, "photo": "https://media.api-sports.io/football/players/18896.png"}, {"name": "Isaac Hayden", "age": 22, "nationality": "England", "height": 185, "weight": 79, "photo": "https://media.api-sports.io/football/players/18899.png"}, {"name": "Matt Ritchie", "age": 28, "nationality": "Scotland", "height": 172, "weight": 76, "photo": "https://media.api-sports.io/football/players/18903.png"}, {"name": "Jonjo Shelvey", "age": 25, "nationality": "England", "height": 184, "weight": 80, "photo": "https://media.api-sports.io/football/players/18904.png"}, {"name": "Gary Cahill", "age": 32, "nationality": "England", "height": 193, "weight": 86, "photo": "https://media.api-sports.io/football/players/2281.png"}, {"name": "Callum Wilson", "age": 25, "nationality": "England", "height": 180, "weight": 66, "photo": "https://media.api-sports.io/football/players/2939.png"}, {"name": "Adam Smith", "age": 26, "nationality": "England", "height": 180, "weight": 78, "photo": "https://media.api-sports.io/football/players/18869.png"}, {"name": "Lewis Cook", "age": 20, "nationality": "England", "height": 175, "weight": 71, "photo": "https://media.api-sports.io/football/players/18872.png"}, {"name": "Ryan Fraser", "age": 23, "nationality": "Scotland", "height": 163, "weight": 70, "photo": "https://media.api-sports.io/football/players/18873.png"}, {"name": "Robbie Brady", "age": 25, "nationality": "Republic of Ireland", "height": 176, "weight": 71, "photo": "https://media.api-sports.io/football/players/18921.png"}, {"name": "Jeff Hendrick", "age": 25, "nationality": "Republic of Ireland", "height": 185, "weight": 79, "photo": "https://media.api-sports.io/football/players/18924.png"}, {"name": "Jake Livermore", "age": 28, "nationality": "England", "height": 180, "weight": 76, "photo": "https://media.api-sports.io/football/players/19160.png"}, {"name": "Jacob Murphy", "age": 22, "nationality": "England", "height": 179, "weight": 74, "photo": "https://media.api-sports.io/football/players/19163.png"}, {"name": "Matt Phillips", "age": 26, "nationality": "Scotland", "height": 183, "weight": 75, "photo": "https://media.api-sports.io/football/players/19164.png"}, {"name": "Dwight Gayle", "age": 28, "nationality": "England", "height": 174, "weight": 78, "photo": "https://media.api-sports.io/football/players/19166.png"}, {"name": "Philip Billing", "age": 21, "nationality": "Denmark", "height": 193, "weight": 83, "photo": "https://media.api-sports.io/football/players/2734.png"}, {"name": "Saido Berahino", "age": 24, "nationality": "Burundi", "height": 180, "weight": 82, "photo": "https://media.api-sports.io/football/players/3106.png"}, {"name": "Marko Arnautovic", "age": 28, "nationality": "Austria", "height": 192, "weight": 83, "photo": "https://media.api-sports.io/football/players/18830.png"}, {"name": "Junior Stanislas", "age": 28, "nationality": "England", "height": 183, "weight": 76, "photo": "https://media.api-sports.io/football/players/18878.png"}, {"name": "Dominic Solanke", "age": 20, "nationality": "England", "height": 187, "weight": 80, "photo": "https://media.api-sports.io/football/players/18883.png"}, {"name": "Stephen Ward", "age": 32, "nationality": "Republic of Ireland", "height": 184, "weight": 82, "photo": "https://media.api-sports.io/football/players/18919.png"}, {"name": "Sadio Mané", "age": 25, "nationality": "Senegal", "height": 175, "weight": 69, "photo": "https://media.api-sports.io/football/players/304.png"}, {"name": "Riyad Mahrez", "age": 26, "nationality": "Algeria", "height": 179, "weight": 67, "photo": "https://media.api-sports.io/football/players/635.png"}, {"name": "Victor Lindelöf", "age": 23, "nationality": "Sweden", "height": 187, "weight": 80, "photo": "https://media.api-sports.io/football/players/889.png"}, {"name": "Idrissa Gueye", "age": 28, "nationality": "Senegal", "height": 174, "weight": 66, "photo": "https://media.api-sports.io/football/players/2990.png"}, {"name": "Cheikhou Kouyaté", "age": 28, "nationality": "Senegal", "height": 189, "weight": 83, "photo": "https://media.api-sports.io/football/players/2991.png"}, {"name": "Danny Simpson", "age": 30, "nationality": "England", "height": 176, "weight": 80, "photo": "https://media.api-sports.io/football/players/18775.png"}, {"name": "Tom Carroll", "age": 25, "nationality": "England", "height": 177, "weight": 71, "photo": "https://media.api-sports.io/football/players/19184.png"}, {"name": "Dusan Tadic", "age": 29, "nationality": "Serbia", "height": 181, "weight": 76, "photo": "https://media.api-sports.io/football/players/554.png"}, {"name": "Ilkay Gündogan", "age": 27, "nationality": "Germany", "height": 180, "weight": 80, "photo": "https://media.api-sports.io/football/players/633.png"}, {"name": "Steven Davis", "age": 32, "nationality": "Northern Ireland", "height": 173, "weight": 70, "photo": "https://media.api-sports.io/football/players/1749.png"}, {"name": "Antonio Rüdiger", "age": 24, "nationality": "Germany", "height": 190, "weight": 85, "photo": "https://media.api-sports.io/football/players/2285.png"}, {"name": "Andy Carroll", "age": 28, "nationality": "England", "height": 193, "weight": 79, "photo": "https://media.api-sports.io/football/players/18831.png"}, {"name": "Scott Dann", "age": 30, "nationality": "England", "height": 188, "weight": 76, "photo": "https://media.api-sports.io/football/players/18839.png"}, {"name": "Joshua King", "age": 25, "nationality": "Norway", "height": 180, "weight": 74, "photo": "https://media.api-sports.io/football/players/18881.png"}, {"name": "Elias Kachunga", "age": 25, "nationality": "Congo DR", "height": 178, "weight": 74, "photo": "https://media.api-sports.io/football/players/19058.png"}, {"name": "Trent Alexander-Arnold", "age": 19, "nationality": "England", "height": 175, "weight": 69, "photo": "https://media.api-sports.io/football/players/283.png"}, {"name": "Georginio Wijnaldum", "age": 27, "nationality": "Netherlands", "height": 175, "weight": 69, "photo": "https://media.api-sports.io/football/players/300.png"}, {"name": "John Stones", "age": 23, "nationality": "England", "height": 188, "weight": 70, "photo": "https://media.api-sports.io/football/players/626.png"}, {"name": "Kyle Walker", "age": 27, "nationality": "England", "height": 178, "weight": 70, "photo": "https://media.api-sports.io/football/players/627.png"}, {"name": "Leroy Sané", "age": 21, "nationality": "Germany", "height": 183, "weight": 80, "photo": "https://media.api-sports.io/football/players/644.png"}, {"name": "Kasper Schmeichel", "age": 31, "nationality": "Denmark", "height": 189, "weight": 89, "photo": "https://media.api-sports.io/football/players/2728.png"}, {"name": "Jordan Pickford", "age": 23, "nationality": "England", "height": 185, "weight": 77, "photo": "https://media.api-sports.io/football/players/2932.png"}, {"name": "Ben Chilwell", "age": 21, "nationality": "England", "height": 178, "weight": 77, "photo": "https://media.api-sports.io/football/players/2933.png"}, {"name": "Harry Maguire", "age": 24, "nationality": "England", "height": 194, "weight": 100, "photo": "https://media.api-sports.io/football/players/2935.png"}, {"name": "Nathan Aké", "age": 22, "nationality": "Netherlands", "height": 180, "weight": 75, "photo": "https://media.api-sports.io/football/players/18861.png"}, {"name": "Álvaro Morata", "age": 25, "nationality": "Spain", "height": 190, "weight": 84, "photo": "https://media.api-sports.io/football/players/59.png"}, {"name": "Harry Kane", "age": 24, "nationality": "England", "height": 188, "weight": 86, "photo": "https://media.api-sports.io/football/players/184.png"}, {"name": "Xherdan Shaqiri", "age": 26, "nationality": "Switzerland", "height": 169, "weight": 72, "photo": "https://media.api-sports.io/football/players/307.png"}, {"name": "Nicolás Otamendi", "age": 29, "nationality": "Argentina", "height": 183, "weight": 76, "photo": "https://media.api-sports.io/football/players/624.png"}, {"name": "David de Gea", "age": 27, "nationality": "Spain", "height": 192, "weight": 76, "photo": "https://media.api-sports.io/football/players/882.png"}, {"name": "César Azpilicueta", "age": 28, "nationality": "Spain", "height": 178, "weight": 76, "photo": "https://media.api-sports.io/football/players/2280.png"}, {"name": "Davide Zappacosta", "age": 25, "nationality": "Italy", "height": 185, "weight": 70, "photo": "https://media.api-sports.io/football/players/2286.png"}, {"name": "Arthur Masuaku", "age": 24, "nationality": "Congo DR", "height": 179, "weight": 70, "photo": "https://media.api-sports.io/football/players/18816.png"}, {"name": "Chris Wood", "age": 26, "nationality": "New Zealand", "height": 191, "weight": 81, "photo": "https://media.api-sports.io/football/players/18931.png"}, {"name": "Mario Lemina", "age": 24, "nationality": "Gabon", "height": 184, "weight": 85, "photo": "https://media.api-sports.io/football/players/18947.png"}, {"name": "Tammy Abraham", "age": 20, "nationality": "England", "height": 190, "weight": 80, "photo": "https://media.api-sports.io/football/players/19194.png"}, {"name": "Winston Reid", "age": 29, "nationality": "New Zealand", "height": 190, "weight": 87, "photo": "https://media.api-sports.io/football/players/90497.png"}, {"name": "Yannick Bolasie", "age": 28, "nationality": "Congo DR", "height": 188, "weight": 84, "photo": "https://media.api-sports.io/football/players/1432.png"}]