[{"name": "Tana", "age": 27, "nationality": "Spain", "height": 169, "weight": 73, "photo": "https://media.api-sports.io/football/players/12493.png"}, {"name": "Markel Bergara", "age": 31, "nationality": "Spain", "height": 180, "weight": 74, "photo": "https://media.api-sports.io/football/players/47259.png"}, {"name": "Beñat", "age": 30, "nationality": "Spain", "height": 176, "weight": 75, "photo": "https://media.api-sports.io/football/players/47280.png"}, {"name": "Iturraspe", "age": 28, "nationality": "Spain", "height": 187, "weight": 80, "photo": "https://media.api-sports.io/football/players/47284.png"}, {"name": "Markel Susaeta", "age": 30, "nationality": "Spain", "height": 179, "weight": 63, "photo": "https://media.api-sports.io/football/players/47289.png"}, {"name": "Aduriz", "age": 36, "nationality": "Spain", "height": 181, "weight": 77, "photo": "https://media.api-sports.io/football/players/47290.png"}, {"name": "Manuel Iturra", "age": 33, "nationality": "Chile", "height": 174, "weight": 73, "photo": "https://media.api-sports.io/football/players/95590.png"}, {"name": "Fernando Navarro", "age": 35, "nationality": "Spain", "height": 177, "weight": 70, "photo": "https://media.api-sports.io/football/players/104796.png"}, {"name": "Sergio Mora", "age": 38, "nationality": "Spain", "height": 182, "weight": 73, "photo": "https://media.api-sports.io/football/players/104799.png"}, {"name": "Juanfran", "age": 32, "nationality": "Spain", "height": 181, "weight": 71, "photo": "https://media.api-sports.io/football/players/41.png"}, {"name": "Daniele Bonera", "age": 36, "nationality": "Italy", "height": 183, "weight": 84, "photo": "https://media.api-sports.io/football/players/1685.png"}, {"name": "Jurado", "age": 31, "nationality": "Spain", "height": 173, "weight": 72, "photo": "https://media.api-sports.io/football/players/12541.png"}, {"name": "Fernando Torres", "age": 33, "nationality": "Spain", "height": 186, "weight": 79, "photo": "https://media.api-sports.io/football/players/33413.png"}, {"name": "Mehdi Lacen", "age": 33, "nationality": "Algeria", "height": 176, "weight": 74, "photo": "https://media.api-sports.io/football/players/46829.png"}, {"name": "David Zurutuza", "age": 31, "nationality": "Spain", "height": 186, "weight": 79, "photo": "https://media.api-sports.io/football/players/47316.png"}, {"name": "Iván Ramis", "age": 33, "nationality": "Spain", "height": 188, "weight": 82, "photo": "https://media.api-sports.io/football/players/47382.png"}, {"name": "Alberto Aquilani", "age": 33, "nationality": "Italy", "height": 185, "weight": 81, "photo": "https://media.api-sports.io/football/players/91451.png"}, {"name": "Xabi Prieto", "age": 34, "nationality": "Spain", "height": 187, "weight": 76, "photo": "https://media.api-sports.io/football/players/104794.png"}, {"name": "Adrián", "age": 29, "nationality": "Spain", "height": 183, "weight": 73, "photo": "https://media.api-sports.io/football/players/392.png"}, {"name": "Ezequiel Garay", "age": 31, "nationality": "Argentina", "height": 189, "weight": 90, "photo": "https://media.api-sports.io/football/players/917.png"}, {"name": "Antonio Rukavina", "age": 33, "nationality": "Serbia", "height": 176, "weight": 71, "photo": "https://media.api-sports.io/football/players/2230.png"}, {"name": "Marc Navarro", "age": 22, "nationality": "Spain", "height": 188, "weight": 79, "photo": "https://media.api-sports.io/football/players/18800.png"}, {"name": "Matías Aguirregaray", "age": 28, "nationality": "Uruguay", "height": 174, "weight": 78, "photo": "https://media.api-sports.io/football/players/44503.png"}, {"name": "Ibai Gómez", "age": 28, "nationality": "Spain", "height": 177, "weight": 72, "photo": "https://media.api-sports.io/football/players/47283.png"}, {"name": "Rodrigo Ely", "age": 24, "nationality": "Brazil", "height": 188, "weight": 83, "photo": "https://media.api-sports.io/football/players/47356.png"}, {"name": "Burgui", "age": 24, "nationality": "Spain", "height": 184, "weight": 75, "photo": "https://media.api-sports.io/football/players/47362.png"}, {"name": "Ezequiel Muñoz", "age": 27, "nationality": "Argentina", "height": 185, "weight": 78, "photo": "https://media.api-sports.io/football/players/47406.png"}, {"name": "Dimitrios Siovas", "age": 29, "nationality": "Greece", "height": 192, "weight": 83, "photo": "https://media.api-sports.io/football/players/47409.png"}, {"name": "Nabil El Zhar", "age": 31, "nationality": "Morocco", "height": 171, "weight": 66, "photo": "https://media.api-sports.io/football/players/47411.png"}, {"name": "Sergio Álvarez", "age": 31, "nationality": "Spain", "height": 180, "weight": 75, "photo": "https://media.api-sports.io/football/players/47425.png"}, {"name": "Pedro López", "age": 34, "nationality": "Spain", "height": 174, "weight": 72, "photo": "https://media.api-sports.io/football/players/47454.png"}, {"name": "Fede Cartabia", "age": 24, "nationality": "Argentina", "height": 170, "weight": 69, "photo": "https://media.api-sports.io/football/players/46797.png"}, {"name": "Esteban Granero", "age": 30, "nationality": "Spain", "height": 180, "weight": 78, "photo": "https://media.api-sports.io/football/players/47337.png"}, {"name": "Víctor Sánchez", "age": 30, "nationality": "Spain", "height": 174, "weight": 72, "photo": "https://media.api-sports.io/football/players/47342.png"}, {"name": "Aday Benítez", "age": 30, "nationality": "Spain", "height": 179, "weight": 75, "photo": "https://media.api-sports.io/football/players/47513.png"}, {"name": "Raúl Albentosa", "age": 29, "nationality": "Spain", "height": 193, "weight": 89, "photo": "https://media.api-sports.io/football/players/104809.png"}, {"name": "Hernán Toledo", "age": 21, "nationality": "Argentina", "height": 180, "weight": 70, "photo": "https://media.api-sports.io/football/players/6736.png"}, {"name": "Claudio Beauvue", "age": 29, "nationality": "Guadeloupe", "height": 174, "weight": 66, "photo": "https://media.api-sports.io/football/players/21648.png"}, {"name": "Sergio García", "age": 34, "nationality": "Spain", "height": 174, "weight": 72, "photo": "https://media.api-sports.io/football/players/47347.png"}, {"name": "Dani Castellano", "age": 30, "nationality": "Spain", "height": 182, "weight": 73, "photo": "https://media.api-sports.io/football/players/47001.png"}, {"name": "Diego González", "age": 25, "nationality": "Spain", "height": 186, "weight": 83, "photo": "https://media.api-sports.io/football/players/47370.png"}, {"name": "Fabián Orellana", "age": 31, "nationality": "Chile", "height": 170, "weight": 64, "photo": "https://media.api-sports.io/football/players/47390.png"}, {"name": "Diego Godín", "age": 31, "nationality": "Uruguay", "height": 187, "weight": 78, "photo": "https://media.api-sports.io/football/players/32.png"}, {"name": "Lucas Hernández", "age": 21, "nationality": "France", "height": 184, "weight": 79, "photo": "https://media.api-sports.io/football/players/33.png"}, {"name": "Filipe Luis", "age": 32, "nationality": "Brazil", "height": 181, "weight": 77, "photo": "https://media.api-sports.io/football/players/34.png"}, {"name": "Andreas Pereira", "age": 21, "nationality": "Brazil", "height": 178, "weight": 71, "photo": "https://media.api-sports.io/football/players/899.png"}, {"name": "Pablo Hernández", "age": 31, "nationality": "Chile", "height": 185, "weight": 82, "photo": "https://media.api-sports.io/football/players/2557.png"}, {"name": "Emmanuel Boateng", "age": 21, "nationality": "Ghana", "height": 175, "weight": 70, "photo": "https://media.api-sports.io/football/players/3429.png"}, {"name": "Míchel Macedo", "age": 27, "nationality": "Brazil", "height": 177, "weight": 88, "photo": "https://media.api-sports.io/football/players/10236.png"}, {"name": "Luis Hernández", "age": 28, "nationality": "Spain", "height": 183, "weight": 75, "photo": "https://media.api-sports.io/football/players/46818.png"}, {"name": "Gonzalo Castro", "age": 33, "nationality": "Uruguay", "height": 178, "weight": 77, "photo": "https://media.api-sports.io/football/players/51576.png"}, {"name": "Zakaria Bakkali", "age": 21, "nationality": "Belgium", "height": 168, "weight": 71, "photo": "https://media.api-sports.io/football/players/1421.png"}, {"name": "Celso Borges", "age": 29, "nationality": "Costa Rica", "height": 182, "weight": 78, "photo": "https://media.api-sports.io/football/players/2840.png"}, {"name": "Vicente Guaita", "age": 30, "nationality": "Spain", "height": 190, "weight": 81, "photo": "https://media.api-sports.io/football/players/18835.png"}, {"name": "Aarón Martín", "age": 20, "nationality": "Spain", "height": 180, "weight": 72, "photo": "https://media.api-sports.io/football/players/25914.png"}, {"name": "Mauricio Lemos", "age": 22, "nationality": "Uruguay", "height": 187, "weight": 85, "photo": "https://media.api-sports.io/football/players/30524.png"}, {"name": "Jordi Amat", "age": 25, "nationality": "Spain", "height": 184, "weight": 78, "photo": "https://media.api-sports.io/football/players/47531.png"}, {"name": "Antonio Adán", "age": 30, "nationality": "Spain", "height": 190, "weight": 86, "photo": "https://media.api-sports.io/football/players/27.png"}, {"name": "Gabriel Pires", "age": 24, "nationality": "Brazil", "height": 187, "weight": 83, "photo": "https://media.api-sports.io/football/players/568.png"}, {"name": "Steven N'Zonzi", "age": 29, "nationality": "France", "height": 196, "weight": 75, "photo": "https://media.api-sports.io/football/players/780.png"}, {"name": "Kevin Gameiro", "age": 30, "nationality": "France", "height": 172, "weight": 70, "photo": "https://media.api-sports.io/football/players/933.png"}, {"name": "Zouhair Feddal", "age": 28, "nationality": "Morocco", "height": 192, "weight": 84, "photo": "https://media.api-sports.io/football/players/1563.png"}, {"name": "Vitorino Antunes", "age": 30, "nationality": "Portugal", "height": 175, "weight": 72, "photo": "https://media.api-sports.io/football/players/47255.png"}, {"name": "Lionel Messi", "age": 30, "nationality": "Argentina", "height": 170, "weight": 72, "photo": "https://media.api-sports.io/football/players/154.png"}, {"name": "Keylor Navas", "age": 31, "nationality": "Costa Rica", "height": 185, "weight": 79, "photo": "https://media.api-sports.io/football/players/731.png"}, {"name": "Sergio Ramos", "age": 31, "nationality": "Spain", "height": 184, "weight": 82, "photo": "https://media.api-sports.io/football/players/738.png"}, {"name": "Pau López", "age": 23, "nationality": "Spain", "height": 189, "weight": 77, "photo": "https://media.api-sports.io/football/players/1557.png"}, {"name": "Álvaro González", "age": 27, "nationality": "Spain", "height": 182, "weight": 75, "photo": "https://media.api-sports.io/football/players/1689.png"}, {"name": "Gabriel Mercado", "age": 30, "nationality": "Argentina", "height": 180, "weight": 85, "photo": "https://media.api-sports.io/football/players/2044.png"}, {"name": "Wissam Ben Yedder", "age": 27, "nationality": "France", "height": 170, "weight": 68, "photo": "https://media.api-sports.io/football/players/2059.png"}, {"name": "Guillermo Maripán", "age": 23, "nationality": "Chile", "height": 193, "weight": 84, "photo": "https://media.api-sports.io/football/players/2553.png"}, {"name": "Paulinho", "age": 29, "nationality": "Brazil", "height": 181, "weight": 81, "photo": "https://media.api-sports.io/football/players/12719.png"}, {"name": "Sergio Rico", "age": 24, "nationality": "Spain", "height": 194, "weight": 90, "photo": "https://media.api-sports.io/football/players/19014.png"}, {"name": "Paul Baysse", "age": 29, "nationality": "France", "height": 187, "weight": 85, "photo": "https://media.api-sports.io/football/players/21631.png"}, {"name": "Jonathan Calleri", "age": 24, "nationality": "Argentina", "height": 181, "weight": 72, "photo": "https://media.api-sports.io/football/players/47368.png"}, {"name": "Ryad Boudebouz", "age": 27, "nationality": "Algeria", "height": 177, "weight": 70, "photo": "https://media.api-sports.io/football/players/47436.png"}, {"name": "Takashi Inui", "age": 29, "nationality": "Japan", "height": 169, "weight": 59, "photo": "https://media.api-sports.io/football/players/2600.png"}, {"name": "Miguel Layún", "age": 29, "nationality": "Mexico", "height": 180, "weight": 76, "photo": "https://media.api-sports.io/football/players/2872.png"}, {"name": "Andrés Iniesta", "age": 33, "nationality": "Spain", "height": 171, "weight": 68, "photo": "https://media.api-sports.io/football/players/33243.png"}, {"name": "Guido Pizarro", "age": 27, "nationality": "Argentina", "height": 185, "weight": 78, "photo": "https://media.api-sports.io/football/players/35525.png"}, {"name": "Diego Rolan", "age": 24, "nationality": "Uruguay", "height": 177, "weight": 69, "photo": "https://media.api-sports.io/football/players/47373.png"}, {"name": "Juanfran", "age": 29, "nationality": "Spain", "height": 180, "weight": 72, "photo": "https://media.api-sports.io/football/players/47405.png"}, {"name": "Cabral", "age": 32, "nationality": "Argentina", "height": 182, "weight": 80, "photo": "https://media.api-sports.io/football/players/47428.png"}, {"name": "Éver Banega", "age": 29, "nationality": "Argentina", "height": 174, "weight": 71, "photo": "https://media.api-sports.io/football/players/2050.png"}, {"name": "Emre Colak", "age": 26, "nationality": "Turkey", "height": 169, "weight": 67, "photo": "https://media.api-sports.io/football/players/44490.png"}, {"name": "Rubén Martínez", "age": 33, "nationality": "Spain", "height": 188, "weight": 79, "photo": "https://media.api-sports.io/football/players/46647.png"}, {"name": "Emre Mor", "age": 20, "nationality": "Turkey", "height": 169, "weight": 64, "photo": "https://media.api-sports.io/football/players/47446.png"}, {"name": "Álvaro Medrán", "age": 23, "nationality": "Spain", "height": 173, "weight": 71, "photo": "https://media.api-sports.io/football/players/47546.png"}, {"name": "Facundo Roncaglia", "age": 30, "nationality": "Argentina", "height": 179, "weight": 76, "photo": "https://media.api-sports.io/football/players/922.png"}, {"name": "Roberto Rosales", "age": 29, "nationality": "Venezuela", "height": 174, "weight": 73, "photo": "https://media.api-sports.io/football/players/2444.png"}, {"name": "Faycal Fajr", "age": 29, "nationality": "Morocco", "height": 178, "weight": 72, "photo": "https://media.api-sports.io/football/players/2715.png"}, {"name": "Mubarak Wakaso", "age": 27, "nationality": "Ghana", "height": 171, "weight": 72, "photo": "https://media.api-sports.io/football/players/3426.png"}, {"name": "Naranjo", "age": 23, "nationality": "Spain", "height": 186, "weight": 80, "photo": "https://media.api-sports.io/football/players/47093.png"}, {"name": "Iñigo Córdoba", "age": 20, "nationality": "Spain", "height": 180, "weight": 76, "photo": "https://media.api-sports.io/football/players/47279.png"}, {"name": "David López", "age": 28, "nationality": "Spain", "height": 183, "weight": 81, "photo": "https://media.api-sports.io/football/players/47334.png"}, {"name": "Manu García", "age": 31, "nationality": "Spain", "height": 182, "weight": 74, "photo": "https://media.api-sports.io/football/players/47363.png"}, {"name": "Sergi Enrich", "age": 27, "nationality": "Spain", "height": 181, "weight": 77, "photo": "https://media.api-sports.io/football/players/47395.png"}, {"name": "Oier", "age": 28, "nationality": "Spain", "height": 190, "weight": 86, "photo": "https://media.api-sports.io/football/players/47449.png"}, {"name": "Gabriel", "age": 27, "nationality": "Brazil", "height": 185, "weight": 72, "photo": "https://media.api-sports.io/football/players/915.png"}, {"name": "Denis Cheryshev", "age": 27, "nationality": "Russia", "height": 179, "weight": 74, "photo": "https://media.api-sports.io/football/players/923.png"}, {"name": "Loren Morón", "age": 24, "nationality": "Spain", "height": 188, "weight": 66, "photo": "https://media.api-sports.io/football/players/1584.png"}, {"name": "Sergi Gómez", "age": 25, "nationality": "Spain", "height": 185, "weight": 80, "photo": "https://media.api-sports.io/football/players/2042.png"}, {"name": "Aleix Vidal", "age": 28, "nationality": "Spain", "height": 177, "weight": 70, "photo": "https://media.api-sports.io/football/players/2047.png"}, {"name": "Sergi Darder", "age": 24, "nationality": "Spain", "height": 180, "weight": 71, "photo": "https://media.api-sports.io/football/players/47336.png"}, {"name": "Óscar Melendo", "age": 20, "nationality": "Spain", "height": 167, "weight": 63, "photo": "https://media.api-sports.io/football/players/47339.png"}, {"name": "Antonio Luna", "age": 26, "nationality": "Spain", "height": 178, "weight": 68, "photo": "https://media.api-sports.io/football/players/47455.png"}, {"name": "Jaume Costa", "age": 29, "nationality": "Spain", "height": 171, "weight": 62, "photo": "https://media.api-sports.io/football/players/1687.png"}, {"name": "Maxi Gómez", "age": 21, "nationality": "Uruguay", "height": 186, "weight": 91, "photo": "https://media.api-sports.io/football/players/2615.png"}, {"name": "Pablo Maffeo", "age": 20, "nationality": "Spain", "height": 172, "weight": 70, "photo": "https://media.api-sports.io/football/players/26302.png"}, {"name": "Ángel", "age": 30, "nationality": "Spain", "height": 172, "weight": 68, "photo": "https://media.api-sports.io/football/players/47266.png"}, {"name": "Anaitz Arbilla", "age": 30, "nationality": "Spain", "height": 178, "weight": 76, "photo": "https://media.api-sports.io/football/players/47377.png"}, {"name": "Unai Bustinza", "age": 25, "nationality": "Spain", "height": 175, "weight": 74, "photo": "https://media.api-sports.io/football/players/47403.png"}, {"name": "Chema Rodríguez", "age": 25, "nationality": "Spain", "height": 189, "weight": 80, "photo": "https://media.api-sports.io/football/players/47459.png"}, {"name": "Amath Diedhiou", "age": 21, "nationality": "Senegal", "height": 173, "weight": 70, "photo": "https://media.api-sports.io/football/players/104793.png"}, {"name": "Gaku Shibasaki", "age": 25, "nationality": "Japan", "height": 175, "weight": 64, "photo": "https://media.api-sports.io/football/players/2604.png"}, {"name": "Adnan Januzaj", "age": 22, "nationality": "Belgium", "height": 186, "weight": 76, "photo": "https://media.api-sports.io/football/players/2924.png"}, {"name": "Diego Rico", "age": 24, "nationality": "Spain", "height": 183, "weight": 76, "photo": "https://media.api-sports.io/football/players/18867.png"}, {"name": "Bruno", "age": 27, "nationality": "Spain", "height": 185, "weight": 83, "photo": "https://media.api-sports.io/football/players/47252.png"}, {"name": "Aritz Elustondo", "age": 23, "nationality": "Spain", "height": 180, "weight": 71, "photo": "https://media.api-sports.io/football/players/47298.png"}, {"name": "Zaldúa", "age": 25, "nationality": "Spain", "height": 176, "weight": 70, "photo": "https://media.api-sports.io/football/players/47307.png"}, {"name": "Asier Illarramendi", "age": 27, "nationality": "Spain", "height": 179, "weight": 75, "photo": "https://media.api-sports.io/football/players/47310.png"}, {"name": "Igor Zubeldia", "age": 20, "nationality": "Spain", "height": 180, "weight": 79, "photo": "https://media.api-sports.io/football/players/47314.png"}, {"name": "Eraso", "age": 27, "nationality": "Spain", "height": 180, "weight": 71, "photo": "https://media.api-sports.io/football/players/47412.png"}, {"name": "Recio", "age": 26, "nationality": "Spain", "height": 183, "weight": 74, "photo": "https://media.api-sports.io/football/players/47413.png"}, {"name": "Cheick Doukoure", "age": 25, "nationality": "Côte d'Ivoire", "height": 180, "weight": 82, "photo": "https://media.api-sports.io/football/players/47462.png"}, {"name": "Clement Lenglet", "age": 22, "nationality": "France", "height": 186, "weight": 81, "photo": "https://media.api-sports.io/football/players/133.png"}, {"name": "Jeison Murillo", "age": 25, "nationality": "Colombia", "height": 182, "weight": 78, "photo": "https://media.api-sports.io/football/players/135.png"}, {"name": "Gerard Piqué", "age": 30, "nationality": "Spain", "height": 194, "weight": 85, "photo": "https://media.api-sports.io/football/players/136.png"}, {"name": "Sergi Roberto", "age": 25, "nationality": "Spain", "height": 178, "weight": 68, "photo": "https://media.api-sports.io/football/players/137.png"}, {"name": "Samuel Umtiti", "age": 24, "nationality": "France", "height": 182, "weight": 75, "photo": "https://media.api-sports.io/football/players/139.png"}, {"name": "Ousmane Dembélé", "age": 20, "nationality": "France", "height": 178, "weight": 67, "photo": "https://media.api-sports.io/football/players/153.png"}, {"name": "Neto", "age": 28, "nationality": "Brazil", "height": 190, "weight": 84, "photo": "https://media.api-sports.io/football/players/912.png"}, {"name": "Santi Mina", "age": 22, "nationality": "Spain", "height": 181, "weight": 77, "photo": "https://media.api-sports.io/football/players/934.png"}, {"name": "Denis Suárez", "age": 23, "nationality": "Spain", "height": 176, "weight": 69, "photo": "https://media.api-sports.io/football/players/1461.png"}, {"name": "Nolito", "age": 31, "nationality": "Spain", "height": 175, "weight": 65, "photo": "https://media.api-sports.io/football/players/2058.png"}, {"name": "Mikel Oyarzabal", "age": 20, "nationality": "Spain", "height": 181, "weight": 78, "photo": "https://media.api-sports.io/football/players/47323.png"}, {"name": "Roberto Jiménez", "age": 31, "nationality": "Spain", "height": 192, "weight": 94, "photo": "https://media.api-sports.io/football/players/47326.png"}, {"name": "Rubén Blanco", "age": 22, "nationality": "Spain", "height": 188, "weight": 70, "photo": "https://media.api-sports.io/football/players/47426.png"}, {"name": "Hugo Mallo", "age": 26, "nationality": "Spain", "height": 173, "weight": 69, "photo": "https://media.api-sports.io/football/players/47432.png"}, {"name": "Iago Aspas", "age": 30, "nationality": "Spain", "height": 176, "weight": 67, "photo": "https://media.api-sports.io/football/players/47445.png"}, {"name": "Raúl García", "age": 28, "nationality": "Spain", "height": 180, "weight": 74, "photo": "https://media.api-sports.io/football/players/47506.png"}, {"name": "Cristhian Stuani", "age": 25, "nationality": "Spain", "height": 167, "weight": 66, "photo": "https://media.api-sports.io/football/players/47520.png"}, {"name": "Marc Bartra", "age": 26, "nationality": "Spain", "height": 184, "weight": 70, "photo": "https://media.api-sports.io/football/players/1561.png"}, {"name": "Sergio Canales", "age": 26, "nationality": "Spain", "height": 176, "weight": 65, "photo": "https://media.api-sports.io/football/players/1570.png"}, {"name": "Andrés Guardado", "age": 31, "nationality": "Mexico", "height": 169, "weight": 60, "photo": "https://media.api-sports.io/football/players/1573.png"}, {"name": "Joaquín", "age": 36, "nationality": "Spain", "height": 179, "weight": 75, "photo": "https://media.api-sports.io/football/players/1579.png"}, {"name": "Sergio León", "age": 28, "nationality": "Spain", "height": 178, "weight": 73, "photo": "https://media.api-sports.io/football/players/1583.png"}, {"name": "Cristian Tello", "age": 26, "nationality": "Spain", "height": 178, "weight": 65, "photo": "https://media.api-sports.io/football/players/1586.png"}, {"name": "Víctor Ruiz", "age": 28, "nationality": "Spain", "height": 184, "weight": 95, "photo": "https://media.api-sports.io/football/players/1693.png"}, {"name": "Martín Montoya", "age": 26, "nationality": "Spain", "height": 175, "weight": 73, "photo": "https://media.api-sports.io/football/players/18965.png"}, {"name": "Víctor Camarasa", "age": 23, "nationality": "Spain", "height": 183, "weight": 76, "photo": "https://media.api-sports.io/football/players/18998.png"}, {"name": "Kévin Rodrigues", "age": 23, "nationality": "Portugal", "height": 170, "weight": 70, "photo": "https://media.api-sports.io/football/players/47304.png"}, {"name": "Juanmi", "age": 24, "nationality": "Spain", "height": 172, "weight": 69, "photo": "https://media.api-sports.io/football/players/47320.png"}, {"name": "Nacho", "age": 27, "nationality": "Spain", "height": 180, "weight": 76, "photo": "https://media.api-sports.io/football/players/735.png"}, {"name": "Marcelo", "age": 29, "nationality": "Brazil", "height": 174, "weight": 75, "photo": "https://media.api-sports.io/football/players/743.png"}, {"name": "Isco", "age": 25, "nationality": "Spain", "height": 176, "weight": 79, "photo": "https://media.api-sports.io/football/players/745.png"}, {"name": "Marco Asensio", "age": 21, "nationality": "Spain", "height": 182, "weight": 76, "photo": "https://media.api-sports.io/football/players/746.png"}, {"name": "Casemiro", "age": 25, "nationality": "Brazil", "height": 185, "weight": 84, "photo": "https://media.api-sports.io/football/players/747.png"}, {"name": "Toni Kroos", "age": 27, "nationality": "Germany", "height": 183, "weight": 76, "photo": "https://media.api-sports.io/football/players/752.png"}, {"name": "Luka Modric", "age": 32, "nationality": "Croatia", "height": 172, "weight": 66, "photo": "https://media.api-sports.io/football/players/754.png"}, {"name": "Federico Valverde", "age": 19, "nationality": "Uruguay", "height": 182, "weight": 78, "photo": "https://media.api-sports.io/football/players/756.png"}, {"name": "Lucas Vázquez", "age": 26, "nationality": "Spain", "height": 173, "weight": 70, "photo": "https://media.api-sports.io/football/players/757.png"}, {"name": "Gareth Bale", "age": 28, "nationality": "Wales", "height": 185, "weight": 81, "photo": "https://media.api-sports.io/football/players/758.png"}, {"name": "Karim Benzema", "age": 30, "nationality": "France", "height": 185, "weight": 81, "photo": "https://media.api-sports.io/football/players/759.png"}, {"name": "Rubén Sobrino", "age": 25, "nationality": "Spain", "height": 185, "weight": 73, "photo": "https://media.api-sports.io/football/players/937.png"}, {"name": "Cristhian Stuani", "age": 31, "nationality": "Uruguay", "height": 186, "weight": 76, "photo": "https://media.api-sports.io/football/players/2617.png"}, {"name": "Florin Andone", "age": 24, "nationality": "Romania", "height": 180, "weight": 78, "photo": "https://media.api-sports.io/football/players/18978.png"}, {"name": "Iván Alejo", "age": 22, "nationality": "Spain", "height": 184, "weight": 73, "photo": "https://media.api-sports.io/football/players/46824.png"}, {"name": "Cala", "age": 28, "nationality": "Spain", "height": 185, "weight": 78, "photo": "https://media.api-sports.io/football/players/46998.png"}, {"name": "Darko Brasanac", "age": 25, "nationality": "Serbia", "height": 178, "weight": 73, "photo": "https://media.api-sports.io/football/players/47361.png"}, {"name": "David Juncà", "age": 24, "nationality": "Spain", "height": 175, "weight": 67, "photo": "https://media.api-sports.io/football/players/47431.png"}, {"name": "Jonás Ramalho", "age": 24, "nationality": "Angola", "height": 181, "weight": 68, "photo": "https://media.api-sports.io/football/players/47510.png"}, {"name": "Juanpe", "age": 26, "nationality": "Spain", "height": 190, "weight": 80, "photo": "https://media.api-sports.io/football/players/47511.png"}, {"name": "Aleix García", "age": 20, "nationality": "Spain", "height": 173, "weight": 68, "photo": "https://media.api-sports.io/football/players/47516.png"}, {"name": "Paco Alcácer", "age": 24, "nationality": "Spain", "height": 175, "weight": 72, "photo": "https://media.api-sports.io/football/players/21.png"}, {"name": "Daniel Parejo", "age": 28, "nationality": "Spain", "height": 182, "weight": 74, "photo": "https://media.api-sports.io/football/players/928.png"}, {"name": "Sergio Asenjo", "age": 28, "nationality": "Spain", "height": 189, "weight": 87, "photo": "https://media.api-sports.io/football/players/1682.png"}, {"name": "Manu Trigueros", "age": 26, "nationality": "Spain", "height": 178, "weight": 75, "photo": "https://media.api-sports.io/football/players/1705.png"}, {"name": "Gerard Moreno", "age": 25, "nationality": "Spain", "height": 180, "weight": 77, "photo": "https://media.api-sports.io/football/players/1707.png"}, {"name": "Raba", "age": 22, "nationality": "Spain", "height": 184, "weight": 76, "photo": "https://media.api-sports.io/football/players/1708.png"}, {"name": "Diego González", "age": 29, "nationality": "Spain", "height": 183, "weight": 78, "photo": "https://media.api-sports.io/football/players/46827.png"}, {"name": "Gerónimo Rulli", "age": 25, "nationality": "Argentina", "height": 189, "weight": 84, "photo": "https://media.api-sports.io/football/players/47296.png"}, {"name": "Rubén Peña", "age": 26, "nationality": "Spain", "height": 170, "weight": 65, "photo": "https://media.api-sports.io/football/players/47391.png"}, {"name": "Kike García", "age": 28, "nationality": "Spain", "height": 186, "weight": 79, "photo": "https://media.api-sports.io/football/players/47396.png"}, {"name": "Iván Cuéllar", "age": 33, "nationality": "Spain", "height": 187, "weight": 76, "photo": "https://media.api-sports.io/football/players/47399.png"}, {"name": "Rubén Pérez", "age": 28, "nationality": "Spain", "height": 178, "weight": 73, "photo": "https://media.api-sports.io/football/players/47415.png"}, {"name": "Ivan Rakitic", "age": 29, "nationality": "Croatia", "height": 184, "weight": 78, "photo": "https://media.api-sports.io/football/players/149.png"}, {"name": "Jesús Navas", "age": 32, "nationality": "Spain", "height": 172, "weight": 60, "photo": "https://media.api-sports.io/football/players/2054.png"}, {"name": "Bono", "age": 26, "nationality": "Morocco", "height": 192, "weight": 78, "photo": "https://media.api-sports.io/football/players/2701.png"}, {"name": "Nordin Amrabat", "age": 30, "nationality": "Morocco", "height": 179, "weight": 73, "photo": "https://media.api-sports.io/football/players/2719.png"}, {"name": "Balenziaga", "age": 29, "nationality": "Spain", "height": 177, "weight": 76, "photo": "https://media.api-sports.io/football/players/47272.png"}, {"name": "Ander Capa", "age": 25, "nationality": "Spain", "height": 175, "weight": 75, "photo": "https://media.api-sports.io/football/players/47274.png"}, {"name": "De Marcos", "age": 28, "nationality": "Spain", "height": 182, "weight": 77, "photo": "https://media.api-sports.io/football/players/47275.png"}, {"name": "Íñigo Lekue", "age": 24, "nationality": "Spain", "height": 180, "weight": 70, "photo": "https://media.api-sports.io/football/players/47276.png"}, {"name": "Unai Núñez", "age": 20, "nationality": "Spain", "height": 186, "weight": 80, "photo": "https://media.api-sports.io/football/players/47277.png"}, {"name": "Dani García", "age": 27, "nationality": "Spain", "height": 180, "weight": 81, "photo": "https://media.api-sports.io/football/players/47281.png"}, {"name": "Raúl García", "age": 31, "nationality": "Spain", "height": 184, "weight": 83, "photo": "https://media.api-sports.io/football/players/47282.png"}, {"name": "Iñaki Williams", "age": 23, "nationality": "Spain", "height": 186, "weight": 78, "photo": "https://media.api-sports.io/football/players/47294.png"}, {"name": "Joan Jordán", "age": 23, "nationality": "Spain", "height": 184, "weight": 74, "photo": "https://media.api-sports.io/football/players/47389.png"}, {"name": "Youssef En-Nesyri", "age": 20, "nationality": "Morocco", "height": 189, "weight": 73, "photo": "https://media.api-sports.io/football/players/47422.png"}, {"name": "Giménez", "age": 22, "nationality": "Uruguay", "height": 185, "weight": 80, "photo": "https://media.api-sports.io/football/players/31.png"}, {"name": "Sime Vrsaljko", "age": 25, "nationality": "Croatia", "height": 181, "weight": 76, "photo": "https://media.api-sports.io/football/players/199.png"}, {"name": "Geoffrey Kondogbia", "age": 24, "nationality": "Central African Republic", "height": 188, "weight": 80, "photo": "https://media.api-sports.io/football/players/926.png"}, {"name": "Antonio Barragán", "age": 30, "nationality": "Spain", "height": 182, "weight": 76, "photo": "https://media.api-sports.io/football/players/1560.png"}, {"name": "Mario Hermoso", "age": 22, "nationality": "Spain", "height": 184, "weight": 75, "photo": "https://media.api-sports.io/football/players/2669.png"}, {"name": "Lucas Pérez", "age": 29, "nationality": "Spain", "height": 180, "weight": 82, "photo": "https://media.api-sports.io/football/players/18833.png"}, {"name": "Diego González", "age": 22, "nationality": "Spain", "height": 185, "weight": 83, "photo": "https://media.api-sports.io/football/players/46817.png"}, {"name": "Francisco Portillo", "age": 27, "nationality": "Spain", "height": 169, "weight": 60, "photo": "https://media.api-sports.io/football/players/47262.png"}, {"name": "Pablo Piatti", "age": 28, "nationality": "Argentina", "height": 163, "weight": 63, "photo": "https://media.api-sports.io/football/players/47340.png"}, {"name": "Gerard Gumbau", "age": 23, "nationality": "Spain", "height": 187, "weight": 77, "photo": "https://media.api-sports.io/football/players/47414.png"}, {"name": "Johan Mojica", "age": 25, "nationality": "Colombia", "height": 185, "weight": 66, "photo": "https://media.api-sports.io/football/players/64268.png"}, {"name": "Antoine Griezmann", "age": 26, "nationality": "France", "height": 176, "weight": 73, "photo": "https://media.api-sports.io/football/players/56.png"}, {"name": "Luis Suárez", "age": 30, "nationality": "Uruguay", "height": 182, "weight": 86, "photo": "https://media.api-sports.io/football/players/157.png"}, {"name": "Yannick Carrasco", "age": 24, "nationality": "Belgium", "height": 185, "weight": 73, "photo": "https://media.api-sports.io/football/players/2923.png"}, {"name": "Daniel Torres", "age": 28, "nationality": "Colombia", "height": 183, "weight": 78, "photo": "https://media.api-sports.io/football/players/46720.png"}, {"name": "Pedro Mosquera", "age": 29, "nationality": "Spain", "height": 184, "weight": 75, "photo": "https://media.api-sports.io/football/players/46805.png"}, {"name": "Dani Castellano", "age": 30, "nationality": "Spain", "height": 180, "weight": 70, "photo": "https://media.api-sports.io/football/players/46992.png"}, {"name": "Ignasi Miquel", "age": 25, "nationality": "Spain", "height": 188, "weight": 82, "photo": "https://media.api-sports.io/football/players/47253.png"}, {"name": "Mikel Rico", "age": 33, "nationality": "Spain", "height": 179, "weight": 75, "photo": "https://media.api-sports.io/football/players/47287.png"}, {"name": "Carlos Bacca", "age": 31, "nationality": "Colombia", "height": 181, "weight": 77, "photo": "https://media.api-sports.io/football/players/1706.png"}, {"name": "Sergio Escudero", "age": 28, "nationality": "Spain", "height": 176, "weight": 65, "photo": "https://media.api-sports.io/football/players/2040.png"}, {"name": "Jorge Molina", "age": 35, "nationality": "Spain", "height": 188, "weight": 72, "photo": "https://media.api-sports.io/football/players/47265.png"}, {"name": "Markel Susaeta", "age": 28, "nationality": "Spain", "height": 188, "weight": 78, "photo": "https://media.api-sports.io/football/players/47288.png"}, {"name": "Fernando Pacheco", "age": 25, "nationality": "Spain", "height": 186, "weight": 81, "photo": "https://media.api-sports.io/football/players/47352.png"}, {"name": "Rubén Duarte", "age": 22, "nationality": "Spain", "height": 180, "weight": 75, "photo": "https://media.api-sports.io/football/players/47355.png"}, {"name": "Víctor Laguardia", "age": 28, "nationality": "Spain", "height": 185, "weight": 80, "photo": "https://media.api-sports.io/football/players/47357.png"}, {"name": "Saúl Ñíguez", "age": 23, "nationality": "Spain", "height": 184, "weight": 76, "photo": "https://media.api-sports.io/football/players/48.png"}, {"name": "Kepa", "age": 23, "nationality": "Spain", "height": 189, "weight": 84, "photo": "https://media.api-sports.io/football/players/2273.png"}, {"name": "Mateo Kovacic", "age": 23, "nationality": "Croatia", "height": 178, "weight": 78, "photo": "https://media.api-sports.io/football/players/2291.png"}, {"name": "Borja Valle", "age": 25, "nationality": "Spain", "height": 177, "weight": 74, "photo": "https://media.api-sports.io/football/players/46807.png"}, {"name": "David Soria", "age": 24, "nationality": "Spain", "height": 192, "weight": 85, "photo": "https://media.api-sports.io/football/players/47247.png"}, {"name": "Djené Dakonam", "age": 26, "nationality": "Togo", "height": 187, "weight": 72, "photo": "https://media.api-sports.io/football/players/47250.png"}, {"name": "Damián Suárez", "age": 29, "nationality": "Uruguay", "height": 172, "weight": 61, "photo": "https://media.api-sports.io/football/players/47257.png"}, {"name": "Martín Aguirregabiria", "age": 21, "nationality": "Spain", "height": 178, "weight": 69, "photo": "https://media.api-sports.io/football/players/47354.png"}, {"name": "Tomás Pina", "age": 30, "nationality": "Spain", "height": 184, "weight": 78, "photo": "https://media.api-sports.io/football/players/47365.png"}, {"name": "John Guidetti", "age": 25, "nationality": "Sweden", "height": 185, "weight": 79, "photo": "https://media.api-sports.io/football/players/47371.png"}, {"name": "Gonzalo Escalante", "age": 24, "nationality": "Argentina", "height": 182, "weight": 76, "photo": "https://media.api-sports.io/football/players/47388.png"}, {"name": "Jason", "age": 23, "nationality": "Spain", "height": 178, "weight": 65, "photo": "https://media.api-sports.io/football/players/47473.png"}, {"name": "Pere Pons", "age": 24, "nationality": "Spain", "height": 177, "weight": 70, "photo": "https://media.api-sports.io/football/players/47518.png"}, {"name": "Thomas Partey", "age": 24, "nationality": "Ghana", "height": 185, "weight": 77, "photo": "https://media.api-sports.io/football/players/49.png"}, {"name": "Guerrero", "age": 27, "nationality": "Spain", "height": 182, "weight": 77, "photo": "https://media.api-sports.io/football/players/1616.png"}, {"name": "David Timor", "age": 28, "nationality": "Spain", "height": 185, "weight": 80, "photo": "https://media.api-sports.io/football/players/47010.png"}, {"name": "Mauro Arambarri", "age": 22, "nationality": "Uruguay", "height": 175, "weight": 74, "photo": "https://media.api-sports.io/football/players/47258.png"}, {"name": "Papakouly Diop", "age": 31, "nationality": "Senegal", "height": 180, "weight": 77, "photo": "https://media.api-sports.io/football/players/47387.png"}, {"name": "Enes Ünal", "age": 20, "nationality": "Turkey", "height": 187, "weight": 78, "photo": "https://media.api-sports.io/football/players/47499.png"}, {"name": "Alejandro Gálvez", "age": 28, "nationality": "Spain", "height": 188, "weight": 79, "photo": "https://media.api-sports.io/football/players/47534.png"}, {"name": "Jonathan Viera", "age": 28, "nationality": "Spain", "height": 171, "weight": 66, "photo": "https://media.api-sports.io/football/players/12667.png"}, {"name": "Nemanja Radoja", "age": 24, "nationality": "Serbia", "height": 186, "weight": 77, "photo": "https://media.api-sports.io/football/players/47441.png"}, {"name": "Coke", "age": 30, "nationality": "Spain", "height": 182, "weight": 78, "photo": "https://media.api-sports.io/football/players/47451.png"}, {"name": "Rúben Vezo", "age": 23, "nationality": "Portugal", "height": 182, "weight": 80, "photo": "https://media.api-sports.io/football/players/47457.png"}, {"name": "Sergio Postigo", "age": 29, "nationality": "Spain", "height": 184, "weight": 78, "photo": "https://media.api-sports.io/football/players/47458.png"}, {"name": "Roger", "age": 22, "nationality": "Spain", "height": 182, "weight": 74, "photo": "https://media.api-sports.io/football/players/47460.png"}, {"name": "Fabián", "age": 21, "nationality": "Spain", "height": 189, "weight": 70, "photo": "https://media.api-sports.io/football/players/328.png"}, {"name": "Raphael Varane", "age": 24, "nationality": "France", "height": 191, "weight": 81, "photo": "https://media.api-sports.io/football/players/742.png"}, {"name": "Cristiano Ronaldo", "age": 32, "nationality": "Portugal", "height": 187, "weight": 83, "photo": "https://media.api-sports.io/football/players/874.png"}, {"name": "Luis Muriel", "age": 26, "nationality": "Colombia", "height": 179, "weight": 79, "photo": "https://media.api-sports.io/football/players/2493.png"}, {"name": "Jozabed", "age": 26, "nationality": "Spain", "height": 180, "weight": 65, "photo": "https://media.api-sports.io/football/players/47442.png"}, {"name": "Enis Bardhi", "age": 22, "nationality": "North Macedonia", "height": 172, "weight": 67, "photo": "https://media.api-sports.io/football/players/47461.png"}, {"name": "Morales", "age": 30, "nationality": "Spain", "height": 180, "weight": 70, "photo": "https://media.api-sports.io/football/players/47467.png"}, {"name": "Roger", "age": 26, "nationality": "Spain", "height": 179, "weight": 74, "photo": "https://media.api-sports.io/football/players/47471.png"}, {"name": "Philippe Coutinho", "age": 25, "nationality": "Brazil", "height": 172, "weight": 68, "photo": "https://media.api-sports.io/football/players/147.png"}, {"name": "Álvaro Odriozola", "age": 22, "nationality": "Spain", "height": 176, "weight": 66, "photo": "https://media.api-sports.io/football/players/737.png"}, {"name": "Aissa Mandi", "age": 26, "nationality": "Algeria", "height": 184, "weight": 78, "photo": "https://media.api-sports.io/football/players/1567.png"}, {"name": "Samu Castillejo", "age": 22, "nationality": "Spain", "height": 182, "weight": 67, "photo": "https://media.api-sports.io/football/players/1641.png"}, {"name": "Riza Durmisi", "age": 23, "nationality": "Denmark", "height": 168, "weight": 68, "photo": "https://media.api-sports.io/football/players/1839.png"}, {"name": "Franco Vázquez", "age": 28, "nationality": "Argentina", "height": 187, "weight": 82, "photo": "https://media.api-sports.io/football/players/2057.png"}, {"name": "Jefferson Lerma", "age": 23, "nationality": "Colombia", "height": 179, "weight": 70, "photo": "https://media.api-sports.io/football/players/2490.png"}, {"name": "Antonio Sanabria", "age": 21, "nationality": "Paraguay", "height": 180, "weight": 70, "photo": "https://media.api-sports.io/football/players/2522.png"}, {"name": "Roberto Soriano", "age": 26, "nationality": "Italy", "height": 182, "weight": 76, "photo": "https://media.api-sports.io/football/players/30483.png"}, {"name": "Nicola Sansone", "age": 26, "nationality": "Italy", "height": 175, "weight": 68, "photo": "https://media.api-sports.io/football/players/30490.png"}, {"name": "Simone Zaza", "age": 26, "nationality": "Italy", "height": 186, "weight": 84, "photo": "https://media.api-sports.io/football/players/30515.png"}, {"name": "Leandro Chichizola", "age": 27, "nationality": "Argentina", "height": 185, "weight": 80, "photo": "https://media.api-sports.io/football/players/47246.png"}, {"name": "Douglas Luiz", "age": 19, "nationality": "Brazil", "height": 175, "weight": 66, "photo": "https://media.api-sports.io/football/players/47522.png"}, {"name": "Jan Oblak", "age": 24, "nationality": "Slovenia", "height": 188, "weight": 87, "photo": "https://media.api-sports.io/football/players/29.png"}, {"name": "Marc-André ter Stegen", "age": 25, "nationality": "Germany", "height": 187, "weight": 85, "photo": "https://media.api-sports.io/football/players/127.png"}, {"name": "Jordi Alba", "age": 28, "nationality": "Spain", "height": 170, "weight": 68, "photo": "https://media.api-sports.io/football/players/128.png"}, {"name": "Aymeric Laporte", "age": 23, "nationality": "Spain", "height": 191, "weight": 86, "photo": "https://media.api-sports.io/football/players/622.png"}, {"name": "Daniel Carvajal", "age": 25, "nationality": "Spain", "height": 173, "weight": 73, "photo": "https://media.api-sports.io/football/players/733.png"}, {"name": "José Gayá", "age": 22, "nationality": "Spain", "height": 172, "weight": 66, "photo": "https://media.api-sports.io/football/players/918.png"}, {"name": "Daniel Wass", "age": 28, "nationality": "Denmark", "height": 181, "weight": 74, "photo": "https://media.api-sports.io/football/players/932.png"}, {"name": "Simon Kjaer", "age": 28, "nationality": "Denmark", "height": 190, "weight": 86, "photo": "https://media.api-sports.io/football/players/2045.png"}, {"name": "Alen Halilovic", "age": 21, "nationality": "Croatia", "height": 169, "weight": 69, "photo": "https://media.api-sports.io/football/players/2115.png"}, {"name": "Fabian Schär", "age": 26, "nationality": "Switzerland", "height": 188, "weight": 84, "photo": "https://media.api-sports.io/football/players/2806.png"}, {"name": "Marko Dmitrovic", "age": 25, "nationality": "Serbia", "height": 194, "weight": 94, "photo": "https://media.api-sports.io/football/players/2813.png"}, {"name": "Sasa Lukic", "age": 21, "nationality": "Serbia", "height": 183, "weight": 77, "photo": "https://media.api-sports.io/football/players/2823.png"}, {"name": "Nemanja Maksimovic", "age": 22, "nationality": "Serbia", "height": 189, "weight": 78, "photo": "https://media.api-sports.io/football/players/2824.png"}, {"name": "Diego Llorente", "age": 24, "nationality": "Spain", "height": 186, "weight": 75, "photo": "https://media.api-sports.io/football/players/47302.png"}, {"name": "Stanislav Lobotka", "age": 23, "nationality": "Slovakia", "height": 170, "weight": 68, "photo": "https://media.api-sports.io/football/players/47439.png"}, {"name": "Pione Sisto", "age": 22, "nationality": "Denmark", "height": 171, "weight": 64, "photo": "https://media.api-sports.io/football/players/47447.png"}, {"name": "Stefan Savic", "age": 26, "nationality": "Montenegro", "height": 187, "weight": 81, "photo": "https://media.api-sports.io/football/players/39.png"}, {"name": "Rodri", "age": 21, "nationality": "Spain", "height": 191, "weight": 82, "photo": "https://media.api-sports.io/football/players/44.png"}, {"name": "Koke", "age": 25, "nationality": "Spain", "height": 176, "weight": 77, "photo": "https://media.api-sports.io/football/players/50.png"}, {"name": "Ángel Correa", "age": 22, "nationality": "Argentina", "height": 171, "weight": 70, "photo": "https://media.api-sports.io/football/players/53.png"}, {"name": "Sergio Busquets", "age": 29, "nationality": "Spain", "height": 189, "weight": 76, "photo": "https://media.api-sports.io/football/players/144.png"}, {"name": "Carlos Soler", "age": 20, "nationality": "Spain", "height": 180, "weight": 76, "photo": "https://media.api-sports.io/football/players/930.png"}, {"name": "Rodrigo", "age": 26, "nationality": "Spain", "height": 182, "weight": 77, "photo": "https://media.api-sports.io/football/players/935.png"}, {"name": "Pablo Fornals", "age": 21, "nationality": "Spain", "height": 178, "weight": 67, "photo": "https://media.api-sports.io/football/players/1697.png"}, {"name": "Pablo Sarabia", "age": 25, "nationality": "Spain", "height": 174, "weight": 70, "photo": "https://media.api-sports.io/football/players/2056.png"}, {"name": "Iñigo Martínez", "age": 26, "nationality": "Spain", "height": 182, "weight": 76, "photo": "https://media.api-sports.io/football/players/2670.png"}, {"name": "Cédric Bakambu", "age": 26, "nationality": "Congo DR", "height": 182, "weight": 73, "photo": "https://media.api-sports.io/football/players/3033.png"}, {"name": "Brais Méndez", "age": 20, "nationality": "Spain", "height": 187, "weight": 76, "photo": "https://media.api-sports.io/football/players/47440.png"}]