[{"name": "Lukasz Piszczek", "age": 32, "nationality": "Poland", "height": 184, "weight": 79, "photo": "https://media.api-sports.io/football/players/10.png"}, {"name": "Sven Bender", "age": 28, "nationality": "Germany", "height": 186, "weight": 80, "photo": "https://media.api-sports.io/football/players/966.png"}, {"name": "Lars Bender", "age": 28, "nationality": "Germany", "height": 185, "weight": 81, "photo": "https://media.api-sports.io/football/players/977.png"}, {"name": "Aaron Hunt", "age": 31, "nationality": "Germany", "height": 183, "weight": 73, "photo": "https://media.api-sports.io/football/players/24877.png"}, {"name": "Marcel Heller", "age": 31, "nationality": "Germany", "height": 175, "weight": 70, "photo": "https://media.api-sports.io/football/players/25045.png"}, {"name": "Oliver Sorg", "age": 27, "nationality": "Germany", "height": 175, "weight": 78, "photo": "https://media.api-sports.io/football/players/25372.png"}, {"name": "Pirmin Schwegler", "age": 30, "nationality": "Switzerland", "height": 178, "weight": 74, "photo": "https://media.api-sports.io/football/players/25386.png"}, {"name": "Dennis Aogo", "age": 30, "nationality": "Germany", "height": 184, "weight": 85, "photo": "https://media.api-sports.io/football/players/26295.png"}, {"name": "Caiuby", "age": 29, "nationality": "Brazil", "height": 184, "weight": 85, "photo": "https://media.api-sports.io/football/players/48579.png"}, {"name": "Paul Verhaegh", "age": 34, "nationality": "Netherlands", "height": 178, "weight": 74, "photo": "https://media.api-sports.io/football/players/90636.png"}, {"name": "Marco Russ", "age": 32, "nationality": "Germany", "height": 190, "weight": 88, "photo": "https://media.api-sports.io/football/players/1808.png"}, {"name": "Daniel Baier", "age": 33, "nationality": "Germany", "height": 176, "weight": 77, "photo": "https://media.api-sports.io/football/players/25296.png"}, {"name": "Martin Harnik", "age": 30, "nationality": "Austria", "height": 185, "weight": 75, "photo": "https://media.api-sports.io/football/players/25327.png"}, {"name": "Vedad Ibisevic", "age": 33, "nationality": "Bosnia and Herzegovina", "height": 188, "weight": 83, "photo": "https://media.api-sports.io/football/players/25359.png"}, {"name": "Mario Gomez", "age": 32, "nationality": "Germany", "height": 189, "weight": 89, "photo": "https://media.api-sports.io/football/players/26314.png"}, {"name": "Naldo", "age": 35, "nationality": "Brazil", "height": 198, "weight": 91, "photo": "https://media.api-sports.io/football/players/94.png"}, {"name": "Matthias Lehmann", "age": 34, "nationality": "Germany", "height": 179, "weight": 75, "photo": "https://media.api-sports.io/football/players/24805.png"}, {"name": "Claudio Pizarro", "age": 39, "nationality": "Peru", "height": 184, "weight": 84, "photo": "https://media.api-sports.io/football/players/25331.png"}, {"name": "Julian Schuster", "age": 32, "nationality": "Germany", "height": 189, "weight": 80, "photo": "https://media.api-sports.io/football/players/90645.png"}, {"name": "Arjen Robben", "age": 33, "nationality": "Netherlands", "height": 180, "weight": 80, "photo": "https://media.api-sports.io/football/players/516.png"}, {"name": "David Abraham", "age": 31, "nationality": "Argentina", "height": 188, "weight": 83, "photo": "https://media.api-sports.io/football/players/1802.png"}, {"name": "Gelson Fernandes", "age": 31, "nationality": "Switzerland", "height": 179, "weight": 70, "photo": "https://media.api-sports.io/football/players/1816.png"}, {"name": "André Schürrle", "age": 27, "nationality": "Germany", "height": 184, "weight": 73, "photo": "https://media.api-sports.io/football/players/19031.png"}, {"name": "Nuri Sahin", "age": 29, "nationality": "Turkey", "height": 180, "weight": 73, "photo": "https://media.api-sports.io/football/players/25325.png"}, {"name": "Salomon Kalou", "age": 32, "nationality": "Côte d'Ivoire", "height": 184, "weight": 77, "photo": "https://media.api-sports.io/football/players/25352.png"}, {"name": "Emiliano Insúa", "age": 28, "nationality": "Argentina", "height": 180, "weight": 79, "photo": "https://media.api-sports.io/football/players/26299.png"}, {"name": "Shinji Kagawa", "age": 28, "nationality": "Japan", "height": 175, "weight": 68, "photo": "https://media.api-sports.io/football/players/1991.png"}, {"name": "Tatsuya Ito", "age": 20, "nationality": "Japan", "height": 163, "weight": 59, "photo": "https://media.api-sports.io/football/players/24878.png"}, {"name": "Theodor Gebre Selassie", "age": 31, "nationality": "Czech Republic", "height": 181, "weight": 71, "photo": "https://media.api-sports.io/football/players/25315.png"}, {"name": "Niklas Moisander", "age": 32, "nationality": "Finland", "height": 183, "weight": 75, "photo": "https://media.api-sports.io/football/players/25317.png"}, {"name": "Robert Bauer", "age": 22, "nationality": "Germany", "height": 183, "weight": 76, "photo": "https://media.api-sports.io/football/players/25601.png"}, {"name": "Oscar Wendt", "age": 32, "nationality": "Sweden", "height": 181, "weight": 82, "photo": "https://media.api-sports.io/football/players/25633.png"}, {"name": "Holger Badstuber", "age": 28, "nationality": "Germany", "height": 189, "weight": 83, "photo": "https://media.api-sports.io/football/players/26296.png"}, {"name": "Ömer Toprak", "age": 28, "nationality": "Turkey", "height": 186, "weight": 83, "photo": "https://media.api-sports.io/football/players/12.png"}, {"name": "Guido Burgstaller", "age": 28, "nationality": "Austria", "height": 187, "weight": 80, "photo": "https://media.api-sports.io/football/players/420.png"}, {"name": "Leonardo Bittencourt", "age": 24, "nationality": "Germany", "height": 171, "weight": 63, "photo": "https://media.api-sports.io/football/players/716.png"}, {"name": "Mitchell Weiser", "age": 23, "nationality": "Germany", "height": 177, "weight": 71, "photo": "https://media.api-sports.io/football/players/973.png"}, {"name": "Jhon Córdoba", "age": 24, "nationality": "Colombia", "height": 188, "weight": 85, "photo": "https://media.api-sports.io/football/players/24810.png"}, {"name": "Jiri Pavlenka", "age": 25, "nationality": "Czech Republic", "height": 196, "weight": 81, "photo": "https://media.api-sports.io/football/players/25310.png"}, {"name": "Niclas Füllkrug", "age": 24, "nationality": "Germany", "height": 189, "weight": 83, "photo": "https://media.api-sports.io/football/players/25391.png"}, {"name": "Tim Kleindienst", "age": 22, "nationality": "Germany", "height": 194, "weight": 85, "photo": "https://media.api-sports.io/football/players/26256.png"}, {"name": "Marco Terrazzino", "age": 26, "nationality": "Germany", "height": 177, "weight": 76, "photo": "https://media.api-sports.io/football/players/26259.png"}, {"name": "Milos Jojic", "age": 25, "nationality": "Serbia", "height": 177, "weight": 79, "photo": "https://media.api-sports.io/football/players/49855.png"}, {"name": "Ralf Fährmann", "age": 29, "nationality": "Germany", "height": 197, "weight": 98, "photo": "https://media.api-sports.io/football/players/396.png"}, {"name": "Salif Sané", "age": 27, "nationality": "Senegal", "height": 196, "weight": 85, "photo": "https://media.api-sports.io/football/players/406.png"}, {"name": "Sven Ulreich", "age": 29, "nationality": "Germany", "height": 192, "weight": 87, "photo": "https://media.api-sports.io/football/players/498.png"}, {"name": "Niklas Süle", "age": 22, "nationality": "Germany", "height": 195, "weight": 99, "photo": "https://media.api-sports.io/football/players/506.png"}, {"name": "Kingsley Coman", "age": 21, "nationality": "France", "height": 180, "weight": 76, "photo": "https://media.api-sports.io/football/players/508.png"}, {"name": "Serge Gnabry", "age": 22, "nationality": "Germany", "height": 176, "weight": 77, "photo": "https://media.api-sports.io/football/players/510.png"}, {"name": "Corentin Tolisso", "age": 23, "nationality": "France", "height": 181, "weight": 81, "photo": "https://media.api-sports.io/football/players/519.png"}, {"name": "Robert Lewandowski", "age": 29, "nationality": "Poland", "height": 185, "weight": 81, "photo": "https://media.api-sports.io/football/players/521.png"}, {"name": "Marcel Sabitzer", "age": 23, "nationality": "Austria", "height": 178, "weight": 76, "photo": "https://media.api-sports.io/football/players/1159.png"}, {"name": "Benjamin Pavard", "age": 21, "nationality": "France", "height": 186, "weight": 81, "photo": "https://media.api-sports.io/football/players/2725.png"}, {"name": "Marcin Kaminski", "age": 25, "nationality": "Poland", "height": 192, "weight": 84, "photo": "https://media.api-sports.io/football/players/3003.png"}, {"name": "Simon Terodde", "age": 29, "nationality": "Germany", "height": 192, "weight": 83, "photo": "https://media.api-sports.io/football/players/24812.png"}, {"name": "Danny Latza", "age": 28, "nationality": "Germany", "height": 179, "weight": 76, "photo": "https://media.api-sports.io/football/players/25920.png"}, {"name": "Sebastian Rudy", "age": 27, "nationality": "Germany", "height": 180, "weight": 74, "photo": "https://media.api-sports.io/football/players/416.png"}, {"name": "Oliver Baumann", "age": 27, "nationality": "Germany", "height": 187, "weight": 82, "photo": "https://media.api-sports.io/football/players/702.png"}, {"name": "Benjamin Hübner", "age": 28, "nationality": "Germany", "height": 193, "weight": 86, "photo": "https://media.api-sports.io/football/players/708.png"}, {"name": "Pavel Kaderábek", "age": 25, "nationality": "Czech Republic", "height": 182, "weight": 81, "photo": "https://media.api-sports.io/football/players/709.png"}, {"name": "Kevin Vogt", "age": 26, "nationality": "Germany", "height": 194, "weight": 87, "photo": "https://media.api-sports.io/football/players/713.png"}, {"name": "Dennis Geiger", "age": 19, "nationality": "Germany", "height": 173, "weight": 67, "photo": "https://media.api-sports.io/football/players/718.png"}, {"name": "Florian Grillitsch", "age": 22, "nationality": "Austria", "height": 187, "weight": 77, "photo": "https://media.api-sports.io/football/players/719.png"}, {"name": "Kevin Akpoguma", "age": 22, "nationality": "Nigeria", "height": 192, "weight": 85, "photo": "https://media.api-sports.io/football/players/25366.png"}, {"name": "Christian Mathenia", "age": 25, "nationality": "Germany", "height": 190, "weight": 89, "photo": "https://media.api-sports.io/football/players/25599.png"}, {"name": "Bastian Oczipka", "age": 28, "nationality": "Germany", "height": 185, "weight": 85, "photo": "https://media.api-sports.io/football/players/404.png"}, {"name": "Andrej Kramaric", "age": 26, "nationality": "Croatia", "height": 177, "weight": 73, "photo": "https://media.api-sports.io/football/players/726.png"}, {"name": "Mijat Gacinovic", "age": 22, "nationality": "Serbia", "height": 175, "weight": 67, "photo": "https://media.api-sports.io/football/players/1818.png"}, {"name": "Rick van Drongelen", "age": 19, "nationality": "Netherlands", "height": 185, "weight": 81, "photo": "https://media.api-sports.io/football/players/24873.png"}, {"name": "Rani Khedira", "age": 23, "nationality": "Germany", "height": 188, "weight": 84, "photo": "https://media.api-sports.io/football/players/25300.png"}, {"name": "Ihlas Bebou", "age": 23, "nationality": "Togo", "height": 185, "weight": 80, "photo": "https://media.api-sports.io/football/players/25389.png"}, {"name": "Robin Knoche", "age": 25, "nationality": "Germany", "height": 190, "weight": 77, "photo": "https://media.api-sports.io/football/players/25403.png"}, {"name": "Levin Öztunali", "age": 21, "nationality": "Germany", "height": 184, "weight": 80, "photo": "https://media.api-sports.io/football/players/25922.png"}, {"name": "Manuel Gulde", "age": 26, "nationality": "Germany", "height": 184, "weight": 78, "photo": "https://media.api-sports.io/football/players/26235.png"}, {"name": "Dominique Heintz", "age": 24, "nationality": "Germany", "height": 188, "weight": 89, "photo": "https://media.api-sports.io/football/players/26237.png"}, {"name": "Jérôme Gondorf", "age": 29, "nationality": "Germany", "height": 176, "weight": 81, "photo": "https://media.api-sports.io/football/players/26247.png"}, {"name": "Timo Baumgartl", "age": 21, "nationality": "Germany", "height": 190, "weight": 89, "photo": "https://media.api-sports.io/football/players/26297.png"}, {"name": "Maximilian Eggestein", "age": 21, "nationality": "Germany", "height": 181, "weight": 75, "photo": "https://media.api-sports.io/football/players/2917.png"}, {"name": "Lewis Holtby", "age": 27, "nationality": "Germany", "height": 176, "weight": 72, "photo": "https://media.api-sports.io/football/players/24876.png"}, {"name": "Jann-Fiete Arp", "age": 17, "nationality": "Germany", "height": 184, "weight": 78, "photo": "https://media.api-sports.io/football/players/24887.png"}, {"name": "Julian Korb", "age": 25, "nationality": "Germany", "height": 177, "weight": 70, "photo": "https://media.api-sports.io/football/players/25370.png"}, {"name": "Lukas Kübler", "age": 25, "nationality": "Germany", "height": 182, "weight": 73, "photo": "https://media.api-sports.io/football/players/26239.png"}, {"name": "Mike Frantz", "age": 31, "nationality": "Germany", "height": 182, "weight": 81, "photo": "https://media.api-sports.io/football/players/26246.png"}, {"name": "Vincenzo Grifo", "age": 24, "nationality": "Italy", "height": 180, "weight": 72, "photo": "https://media.api-sports.io/football/players/26248.png"}, {"name": "Janik Haberer", "age": 23, "nationality": "Germany", "height": 186, "weight": 77, "photo": "https://media.api-sports.io/football/players/26249.png"}, {"name": "Nicolas Höfler", "age": 27, "nationality": "Germany", "height": 181, "weight": 78, "photo": "https://media.api-sports.io/football/players/26250.png"}, {"name": "Ron-Robert Zieler", "age": 28, "nationality": "Germany", "height": 188, "weight": 81, "photo": "https://media.api-sports.io/football/players/26293.png"}, {"name": "Mark Uth", "age": 26, "nationality": "Germany", "height": 185, "weight": 72, "photo": "https://media.api-sports.io/football/players/426.png"}, {"name": "Dominik Kohr", "age": 23, "nationality": "Germany", "height": 183, "weight": 77, "photo": "https://media.api-sports.io/football/players/979.png"}, {"name": "Timo Horn", "age": 24, "nationality": "Germany", "height": 192, "weight": 90, "photo": "https://media.api-sports.io/football/players/24785.png"}, {"name": "Jonas Hector", "age": 27, "nationality": "Germany", "height": 185, "weight": 75, "photo": "https://media.api-sports.io/football/players/24801.png"}, {"name": "Florian Kainz", "age": 25, "nationality": "Austria", "height": 176, "weight": 71, "photo": "https://media.api-sports.io/football/players/24803.png"}, {"name": "Salih Özcan", "age": 19, "nationality": "Germany", "height": 182, "weight": 74, "photo": "https://media.api-sports.io/football/players/24807.png"}, {"name": "Dennis Diekmeier", "age": 28, "nationality": "Germany", "height": 188, "weight": 79, "photo": "https://media.api-sports.io/football/players/25172.png"}, {"name": "Felix Klaus", "age": 25, "nationality": "Germany", "height": 179, "weight": 79, "photo": "https://media.api-sports.io/football/players/25411.png"}, {"name": "Robin Zentner", "age": 23, "nationality": "Germany", "height": 194, "weight": 96, "photo": "https://media.api-sports.io/football/players/25906.png"}, {"name": "Stefan Bell", "age": 26, "nationality": "Germany", "height": 192, "weight": 88, "photo": "https://media.api-sports.io/football/players/25907.png"}, {"name": "Daniel Brosinski", "age": 29, "nationality": "Germany", "height": 178, "weight": 70, "photo": "https://media.api-sports.io/football/players/25908.png"}, {"name": "Alexander Hack", "age": 24, "nationality": "Germany", "height": 193, "weight": 88, "photo": "https://media.api-sports.io/football/players/25913.png"}, {"name": "Nico Elvedi", "age": 21, "nationality": "Switzerland", "height": 189, "weight": 81, "photo": "https://media.api-sports.io/football/players/2803.png"}, {"name": "Simon Zoller", "age": 26, "nationality": "Germany", "height": 179, "weight": 70, "photo": "https://media.api-sports.io/football/players/25084.png"}, {"name": "Takuma Asano", "age": 23, "nationality": "Japan", "height": 173, "weight": 71, "photo": "https://media.api-sports.io/football/players/25375.png"}, {"name": "Christoph Kramer", "age": 26, "nationality": "Germany", "height": 191, "weight": 76, "photo": "https://media.api-sports.io/football/players/25637.png"}, {"name": "Lars Stindl", "age": 29, "nationality": "Germany", "height": 181, "weight": 80, "photo": "https://media.api-sports.io/football/players/25639.png"}, {"name": "Gerrit Holtmann", "age": 22, "nationality": "Germany", "height": 185, "weight": 77, "photo": "https://media.api-sports.io/football/players/25919.png"}, {"name": "Alexander Esswein", "age": 27, "nationality": "Germany", "height": 182, "weight": 85, "photo": "https://media.api-sports.io/football/players/26308.png"}, {"name": "Kevin-Prince Boateng", "age": 30, "nationality": "Ghana", "height": 186, "weight": 77, "photo": "https://media.api-sports.io/football/players/152.png"}, {"name": "Suat Serdar", "age": 20, "nationality": "Germany", "height": 184, "weight": 75, "photo": "https://media.api-sports.io/football/players/418.png"}, {"name": "Breel Embolo", "age": 20, "nationality": "Switzerland", "height": 187, "weight": 88, "photo": "https://media.api-sports.io/football/players/421.png"}, {"name": "Ishak Belfodil", "age": 25, "nationality": "Algeria", "height": 192, "weight": 86, "photo": "https://media.api-sports.io/football/players/724.png"}, {"name": "Niklas Stark", "age": 22, "nationality": "Germany", "height": 190, "weight": 88, "photo": "https://media.api-sports.io/football/players/2916.png"}, {"name": "Lukas Klünter", "age": 21, "nationality": "Germany", "height": 184, "weight": 76, "photo": "https://media.api-sports.io/football/players/25340.png"}, {"name": "Marvin Plattenhardt", "age": 25, "nationality": "Germany", "height": 181, "weight": 76, "photo": "https://media.api-sports.io/football/players/25344.png"}, {"name": "Vladimir Darida", "age": 27, "nationality": "Czech Republic", "height": 172, "weight": 67, "photo": "https://media.api-sports.io/football/players/25348.png"}, {"name": "Davie Selke", "age": 22, "nationality": "Germany", "height": 195, "weight": 84, "photo": "https://media.api-sports.io/football/players/25362.png"}, {"name": "Patrick Herrmann", "age": 26, "nationality": "Germany", "height": 179, "weight": 71, "photo": "https://media.api-sports.io/football/players/25644.png"}, {"name": "Alexander Schwolow", "age": 25, "nationality": "Germany", "height": 190, "weight": 84, "photo": "https://media.api-sports.io/football/players/26234.png"}, {"name": "Santiago Ascacibar", "age": 20, "nationality": "Argentina", "height": 168, "weight": 70, "photo": "https://media.api-sports.io/football/players/26305.png"}, {"name": "Maximilian Philipp", "age": 23, "nationality": "Germany", "height": 183, "weight": 79, "photo": "https://media.api-sports.io/football/players/24.png"}, {"name": "Daniel Caligiuri", "age": 29, "nationality": "Germany", "height": 182, "weight": 80, "photo": "https://media.api-sports.io/football/players/410.png"}, {"name": "Koen Casteels", "age": 25, "nationality": "Belgium", "height": 197, "weight": 78, "photo": "https://media.api-sports.io/football/players/2918.png"}, {"name": "Jeffrey Gouweleeuw", "age": 26, "nationality": "Netherlands", "height": 188, "weight": 83, "photo": "https://media.api-sports.io/football/players/25290.png"}, {"name": "André Hahn", "age": 27, "nationality": "Germany", "height": 185, "weight": 80, "photo": "https://media.api-sports.io/football/players/25298.png"}, {"name": "Jan Morávek", "age": 28, "nationality": "Czech Republic", "height": 180, "weight": 78, "photo": "https://media.api-sports.io/football/players/25302.png"}, {"name": "Arne Maier", "age": 18, "nationality": "Germany", "height": 186, "weight": 79, "photo": "https://media.api-sports.io/football/players/25355.png"}, {"name": "William", "age": 22, "nationality": "Brazil", "height": 176, "weight": 67, "photo": "https://media.api-sports.io/football/players/25398.png"}, {"name": "Yannick Gerhardt", "age": 23, "nationality": "Germany", "height": 184, "weight": 81, "photo": "https://media.api-sports.io/football/players/25400.png"}, {"name": "Felix Uduokhai", "age": 20, "nationality": "Germany", "height": 193, "weight": 89, "photo": "https://media.api-sports.io/football/players/25406.png"}, {"name": "Josuha Guilavogui", "age": 27, "nationality": "France", "height": 188, "weight": 77, "photo": "https://media.api-sports.io/football/players/25410.png"}, {"name": "Daniel Ginczek", "age": 26, "nationality": "Germany", "height": 191, "weight": 85, "photo": "https://media.api-sports.io/football/players/25415.png"}, {"name": "Gian-Luca Waldschmidt", "age": 21, "nationality": "Germany", "height": 181, "weight": 74, "photo": "https://media.api-sports.io/football/players/26260.png"}, {"name": "Alessandro Schöpf", "age": 23, "nationality": "Austria", "height": 178, "weight": 74, "photo": "https://media.api-sports.io/football/players/417.png"}, {"name": "Jetro Willems", "age": 23, "nationality": "Netherlands", "height": 169, "weight": 65, "photo": "https://media.api-sports.io/football/players/1813.png"}, {"name": "Sergio Córdova", "age": 20, "nationality": "Venezuela", "height": 188, "weight": 87, "photo": "https://media.api-sports.io/football/players/2457.png"}, {"name": "Alfred Finnbogason", "age": 28, "nationality": "Iceland", "height": 184, "weight": 80, "photo": "https://media.api-sports.io/football/players/2797.png"}, {"name": "Gideon Jung", "age": 23, "nationality": "Germany", "height": 189, "weight": 76, "photo": "https://media.api-sports.io/football/players/24867.png"}, {"name": "Orel Mangala", "age": 19, "nationality": "Belgium", "height": 178, "weight": 82, "photo": "https://media.api-sports.io/football/players/24882.png"}, {"name": "Waldemar Anton", "age": 21, "nationality": "Germany", "height": 189, "weight": 84, "photo": "https://media.api-sports.io/football/players/25368.png"}, {"name": "Pascal Stenzel", "age": 21, "nationality": "Germany", "height": 183, "weight": 74, "photo": "https://media.api-sports.io/football/players/26244.png"}, {"name": "Florian Kath", "age": 23, "nationality": "Germany", "height": 186, "weight": 76, "photo": "https://media.api-sports.io/football/players/26251.png"}, {"name": "Gonzalo Castro", "age": 30, "nationality": "Germany", "height": 172, "weight": 72, "photo": "https://media.api-sports.io/football/players/26306.png"}, {"name": "Daniel Didavi", "age": 27, "nationality": "Germany", "height": 180, "weight": 77, "photo": "https://media.api-sports.io/football/players/26307.png"}, {"name": "Marco Höger", "age": 28, "nationality": "Germany", "height": 182, "weight": 83, "photo": "https://media.api-sports.io/football/players/24802.png"}, {"name": "Marcel Risse", "age": 28, "nationality": "Germany", "height": 183, "weight": 75, "photo": "https://media.api-sports.io/football/players/24808.png"}, {"name": "Jonathan Schmid", "age": 27, "nationality": "France", "height": 179, "weight": 79, "photo": "https://media.api-sports.io/football/players/25303.png"}, {"name": "Nils Petersen", "age": 29, "nationality": "Germany", "height": 188, "weight": 84, "photo": "https://media.api-sports.io/football/players/26258.png"}, {"name": "Zlatko Junuzovic", "age": 30, "nationality": "Austria", "height": 172, "weight": 72, "photo": "https://media.api-sports.io/football/players/1091.png"}, {"name": "Bernardo", "age": 22, "nationality": "Brazil", "height": 186, "weight": 76, "photo": "https://media.api-sports.io/football/players/18964.png"}, {"name": "Mergim Mavraj", "age": 31, "nationality": "Albania", "height": 189, "weight": 84, "photo": "https://media.api-sports.io/football/players/25205.png"}, {"name": "Per Skjelbred", "age": 30, "nationality": "Norway", "height": 178, "weight": 73, "photo": "https://media.api-sports.io/football/players/25356.png"}, {"name": "Marvin Bakalorz", "age": 28, "nationality": "Germany", "height": 180, "weight": 79, "photo": "https://media.api-sports.io/football/players/25376.png"}, {"name": "Andreas Beck", "age": 30, "nationality": "Germany", "height": 180, "weight": 74, "photo": "https://media.api-sports.io/football/players/26298.png"}, {"name": "Daniel Opare", "age": 27, "nationality": "Ghana", "height": 175, "weight": 74, "photo": "https://media.api-sports.io/football/players/8449.png"}, {"name": "Håvard Nordtveit", "age": 27, "nationality": "Norway", "height": 188, "weight": 83, "photo": "https://media.api-sports.io/football/players/19021.png"}, {"name": "Philipp Bargfrede", "age": 28, "nationality": "Germany", "height": 174, "weight": 71, "photo": "https://media.api-sports.io/football/players/25318.png"}, {"name": "Matthias Ostrzolek", "age": 27, "nationality": "Germany", "height": 178, "weight": 72, "photo": "https://media.api-sports.io/football/players/25371.png"}, {"name": "Martin Hinteregger", "age": 25, "nationality": "Austria", "height": 186, "weight": 82, "photo": "https://media.api-sports.io/football/players/1805.png"}, {"name": "Makoto Hasebe", "age": 33, "nationality": "Japan", "height": 180, "weight": 72, "photo": "https://media.api-sports.io/football/players/1819.png"}, {"name": "Michael Gregoritsch", "age": 23, "nationality": "Austria", "height": 193, "weight": 91, "photo": "https://media.api-sports.io/football/players/25297.png"}, {"name": "Yevhen Konoplyanka", "age": 28, "nationality": "Ukraine", "height": 178, "weight": 78, "photo": "https://media.api-sports.io/football/players/413.png"}, {"name": "Nadiem Amiri", "age": 21, "nationality": "Germany", "height": 180, "weight": 77, "photo": "https://media.api-sports.io/football/players/714.png"}, {"name": "Kerem Demirbay", "age": 24, "nationality": "Germany", "height": 183, "weight": 73, "photo": "https://media.api-sports.io/football/players/717.png"}, {"name": "Panagiotis Retsos", "age": 19, "nationality": "Greece", "height": 186, "weight": 79, "photo": "https://media.api-sports.io/football/players/971.png"}, {"name": "Charles Aránguiz", "age": 28, "nationality": "Chile", "height": 171, "weight": 68, "photo": "https://media.api-sports.io/football/players/974.png"}, {"name": "Julian Baumgartlinger", "age": 29, "nationality": "Austria", "height": 181, "weight": 85, "photo": "https://media.api-sports.io/football/players/975.png"}, {"name": "Karim Bellarabi", "age": 27, "nationality": "Germany", "height": 184, "weight": 81, "photo": "https://media.api-sports.io/football/players/976.png"}, {"name": "Lucas Alario", "age": 25, "nationality": "Argentina", "height": 184, "weight": 78, "photo": "https://media.api-sports.io/football/players/982.png"}, {"name": "Stefan Ilsanker", "age": 28, "nationality": "Austria", "height": 189, "weight": 85, "photo": "https://media.api-sports.io/football/players/1154.png"}, {"name": "Timothy Chandler", "age": 27, "nationality": "USA", "height": 187, "weight": 84, "photo": "https://media.api-sports.io/football/players/1803.png"}, {"name": "Roman Bürki", "age": 27, "nationality": "Switzerland", "height": 187, "weight": 85, "photo": "https://media.api-sports.io/football/players/1.png"}, {"name": "Marwin Hitz", "age": 30, "nationality": "Switzerland", "height": 194, "weight": 89, "photo": "https://media.api-sports.io/football/players/2.png"}, {"name": "Marcel Schmelzer", "age": 29, "nationality": "Germany", "height": 180, "weight": 74, "photo": "https://media.api-sports.io/football/players/11.png"}, {"name": "Mahmoud Dahoud", "age": 21, "nationality": "Germany", "height": 178, "weight": 68, "photo": "https://media.api-sports.io/football/players/14.png"}, {"name": "Marius Wolf", "age": 22, "nationality": "Germany", "height": 188, "weight": 81, "photo": "https://media.api-sports.io/football/players/26.png"}, {"name": "Benjamin Henrichs", "age": 20, "nationality": "Germany", "height": 183, "weight": 79, "photo": "https://media.api-sports.io/football/players/98.png"}, {"name": "Mats Hummels", "age": 29, "nationality": "Germany", "height": 191, "weight": 94, "photo": "https://media.api-sports.io/football/players/501.png"}, {"name": "Nico Schulz", "age": 24, "nationality": "Germany", "height": 181, "weight": 83, "photo": "https://media.api-sports.io/football/players/721.png"}, {"name": "Péter Gulácsi", "age": 27, "nationality": "Hungary", "height": 191, "weight": 86, "photo": "https://media.api-sports.io/football/players/1139.png"}, {"name": "Marcel Halstenberg", "age": 26, "nationality": "Germany", "height": 188, "weight": 87, "photo": "https://media.api-sports.io/football/players/1143.png"}, {"name": "Lukas Klostermann", "age": 21, "nationality": "Germany", "height": 187, "weight": 88, "photo": "https://media.api-sports.io/football/players/1144.png"}, {"name": "Konrad Laimer", "age": 20, "nationality": "Austria", "height": 180, "weight": 72, "photo": "https://media.api-sports.io/football/players/1157.png"}, {"name": "Thorgan Hazard", "age": 24, "nationality": "Belgium", "height": 175, "weight": 71, "photo": "https://media.api-sports.io/football/players/2929.png"}, {"name": "Douglas Santos", "age": 23, "nationality": "Brazil", "height": 176, "weight": 74, "photo": "https://media.api-sports.io/football/players/24866.png"}, {"name": "Philipp Tschauner", "age": 32, "nationality": "Germany", "height": 196, "weight": 100, "photo": "https://media.api-sports.io/football/players/25199.png"}, {"name": "Julian Weigl", "age": 22, "nationality": "Germany", "height": 186, "weight": 80, "photo": "https://media.api-sports.io/football/players/19.png"}, {"name": "Javi Martínez", "age": 29, "nationality": "Spain", "height": 192, "weight": 86, "photo": "https://media.api-sports.io/football/players/514.png"}, {"name": "James Rodríguez", "age": 26, "nationality": "Colombia", "height": 180, "weight": 75, "photo": "https://media.api-sports.io/football/players/517.png"}, {"name": "Wendell", "age": 24, "nationality": "Brazil", "height": 178, "weight": 72, "photo": "https://media.api-sports.io/football/players/970.png"}, {"name": "Kevin Kampl", "age": 27, "nationality": "Slovenia", "height": 178, "weight": 66, "photo": "https://media.api-sports.io/football/players/1155.png"}, {"name": "Valentino Lazaro", "age": 21, "nationality": "Austria", "height": 180, "weight": 75, "photo": "https://media.api-sports.io/football/players/25353.png"}, {"name": "Fabian Lustenberger", "age": 29, "nationality": "Switzerland", "height": 180, "weight": 73, "photo": "https://media.api-sports.io/football/players/25354.png"}, {"name": "Christian Gentner", "age": 32, "nationality": "Germany", "height": 189, "weight": 81, "photo": "https://media.api-sports.io/football/players/26309.png"}, {"name": "Nabil Bentaleb", "age": 23, "nationality": "Algeria", "height": 187, "weight": 78, "photo": "https://media.api-sports.io/football/players/409.png"}, {"name": "Amine Harit", "age": 20, "nationality": "Morocco", "height": 180, "weight": 67, "photo": "https://media.api-sports.io/football/players/412.png"}, {"name": "Jérôme Boateng", "age": 29, "nationality": "Germany", "height": 192, "weight": 90, "photo": "https://media.api-sports.io/football/players/499.png"}, {"name": "Rafinha", "age": 32, "nationality": "Brazil", "height": 172, "weight": 65, "photo": "https://media.api-sports.io/football/players/500.png"}, {"name": "Jean-Kevin Augustin", "age": 20, "nationality": "France", "height": 177, "weight": 69, "photo": "https://media.api-sports.io/football/players/1164.png"}, {"name": "Mathew Leckie", "age": 26, "nationality": "Australia", "height": 181, "weight": 82, "photo": "https://media.api-sports.io/football/players/2751.png"}, {"name": "Sehrou Guirassy", "age": 21, "nationality": "France", "height": 187, "weight": 82, "photo": "https://media.api-sports.io/football/players/21393.png"}, {"name": "Kevin Danso", "age": 19, "nationality": "Austria", "height": 190, "weight": 89, "photo": "https://media.api-sports.io/football/players/25287.png"}, {"name": "Ja-Cheol Koo", "age": 28, "nationality": "Korea Republic", "height": 183, "weight": 79, "photo": "https://media.api-sports.io/football/players/25301.png"}, {"name": "Anastasios Donis", "age": 21, "nationality": "Greece", "height": 178, "weight": 77, "photo": "https://media.api-sports.io/football/players/26313.png"}, {"name": "Benjamin Stambouli", "age": 27, "nationality": "France", "height": 180, "weight": 82, "photo": "https://media.api-sports.io/football/players/407.png"}, {"name": "Simon Falette", "age": 25, "nationality": "Guinea", "height": 185, "weight": 89, "photo": "https://media.api-sports.io/football/players/1804.png"}, {"name": "Carlos Salcedo", "age": 24, "nationality": "Mexico", "height": 188, "weight": 77, "photo": "https://media.api-sports.io/football/players/2877.png"}, {"name": "Max Meyer", "age": 22, "nationality": "Germany", "height": 173, "weight": 67, "photo": "https://media.api-sports.io/football/players/18851.png"}, {"name": "Yoshinori Muto", "age": 25, "nationality": "Japan", "height": 179, "weight": 72, "photo": "https://media.api-sports.io/football/players/18905.png"}, {"name": "Jorge Meré", "age": 20, "nationality": "Spain", "height": 182, "weight": 77, "photo": "https://media.api-sports.io/football/players/24793.png"}, {"name": "Gotoku Sakai", "age": 26, "nationality": "Japan", "height": 176, "weight": 74, "photo": "https://media.api-sports.io/football/players/24872.png"}, {"name": "Berkay Özcan", "age": 19, "nationality": "Turkey", "height": 180, "weight": 79, "photo": "https://media.api-sports.io/football/players/24885.png"}, {"name": "Yuya Osako", "age": 27, "nationality": "Japan", "height": 182, "weight": 71, "photo": "https://media.api-sports.io/football/players/25330.png"}, {"name": "Bobby Wood", "age": 25, "nationality": "USA", "height": 180, "weight": 79, "photo": "https://media.api-sports.io/football/players/25394.png"}, {"name": "Yunus Malli", "age": 25, "nationality": "Turkey", "height": 179, "weight": 72, "photo": "https://media.api-sports.io/football/players/25412.png"}, {"name": "Kenan Karaman", "age": 23, "nationality": "Turkey", "height": 189, "weight": 83, "photo": "https://media.api-sports.io/football/players/25466.png"}, {"name": "Mario Götze", "age": 25, "nationality": "Germany", "height": 176, "weight": 75, "photo": "https://media.api-sports.io/football/players/16.png"}, {"name": "Bruma", "age": 23, "nationality": "Portugal", "height": 173, "weight": 70, "photo": "https://media.api-sports.io/football/players/1163.png"}, {"name": "Landry Dimata", "age": 20, "nationality": "Belgium", "height": 185, "weight": 81, "photo": "https://media.api-sports.io/football/players/1434.png"}, {"name": "Sébastien Haller", "age": 23, "nationality": "Côte d'Ivoire", "height": 190, "weight": 82, "photo": "https://media.api-sports.io/football/players/1826.png"}, {"name": "Philipp Max", "age": 24, "nationality": "Germany", "height": 177, "weight": 77, "photo": "https://media.api-sports.io/football/players/25292.png"}, {"name": "Pablo De Blasis", "age": 29, "nationality": "Argentina", "height": 165, "weight": 65, "photo": "https://media.api-sports.io/football/players/47386.png"}, {"name": "Franco Di Santo", "age": 28, "nationality": "Argentina", "height": 193, "weight": 88, "photo": "https://media.api-sports.io/football/players/47552.png"}, {"name": "Christian Pulisic", "age": 19, "nationality": "USA", "height": 172, "weight": 69, "photo": "https://media.api-sports.io/football/players/17.png"}, {"name": "Divock Origi", "age": 22, "nationality": "Belgium", "height": 185, "weight": 75, "photo": "https://media.api-sports.io/football/players/305.png"}, {"name": "David Alaba", "age": 25, "nationality": "Austria", "height": 180, "weight": 78, "photo": "https://media.api-sports.io/football/players/505.png"}, {"name": "Thiago Alcántara", "age": 26, "nationality": "Spain", "height": 174, "weight": 70, "photo": "https://media.api-sports.io/football/players/507.png"}, {"name": "Ibrahima Konaté", "age": 18, "nationality": "France", "height": 192, "weight": 93, "photo": "https://media.api-sports.io/football/players/1145.png"}, {"name": "Timo Werner", "age": 21, "nationality": "Germany", "height": 180, "weight": 75, "photo": "https://media.api-sports.io/football/players/1166.png"}, {"name": "Jonathan de Guzmán", "age": 30, "nationality": "Netherlands", "height": 173, "weight": 70, "photo": "https://media.api-sports.io/football/players/1815.png"}, {"name": "Steven Zuber", "age": 26, "nationality": "Switzerland", "height": 182, "weight": 79, "photo": "https://media.api-sports.io/football/players/2811.png"}, {"name": "Kyriakos Papadopoulos", "age": 25, "nationality": "Greece", "height": 185, "weight": 87, "photo": "https://media.api-sports.io/football/players/24871.png"}, {"name": "Karim Rekik", "age": 23, "nationality": "Netherlands", "height": 186, "weight": 84, "photo": "https://media.api-sports.io/football/players/25345.png"}, {"name": "Weston McKennie", "age": 19, "nationality": "USA", "height": 185, "weight": 84, "photo": "https://media.api-sports.io/football/players/415.png"}, {"name": "Lukas Rupp", "age": 26, "nationality": "Germany", "height": 178, "weight": 73, "photo": "https://media.api-sports.io/football/players/720.png"}, {"name": "Leon Bailey", "age": 20, "nationality": "Jamaica", "height": 178, "weight": 79, "photo": "https://media.api-sports.io/football/players/983.png"}, {"name": "Jeremy Toljan", "age": 23, "nationality": "Germany", "height": 182, "weight": 74, "photo": "https://media.api-sports.io/football/players/1118.png"}, {"name": "Diego Demme", "age": 26, "nationality": "Germany", "height": 172, "weight": 71, "photo": "https://media.api-sports.io/football/players/1151.png"}, {"name": "Ante Rebic", "age": 24, "nationality": "Croatia", "height": 185, "weight": 78, "photo": "https://media.api-sports.io/football/players/1831.png"}, {"name": "Jean-Philippe Gbamin", "age": 22, "nationality": "Côte d'Ivoire", "height": 186, "weight": 83, "photo": "https://media.api-sports.io/football/players/3240.png"}, {"name": "Caglar Söyüncü", "age": 21, "nationality": "Turkey", "height": 185, "weight": 82, "photo": "https://media.api-sports.io/football/players/18776.png"}, {"name": "Andriy Yarmolenko", "age": 28, "nationality": "Ukraine", "height": 189, "weight": 81, "photo": "https://media.api-sports.io/football/players/18834.png"}, {"name": "Walace", "age": 22, "nationality": "Brazil", "height": 188, "weight": 75, "photo": "https://media.api-sports.io/football/players/25387.png"}, {"name": "Michaël Cuisance", "age": 18, "nationality": "France", "height": 181, "weight": 74, "photo": "https://media.api-sports.io/football/players/25634.png"}, {"name": "Robin Koch", "age": 21, "nationality": "Germany", "height": 192, "weight": 85, "photo": "https://media.api-sports.io/football/players/26238.png"}, {"name": "Abdou Diallo", "age": 21, "nationality": "Senegal", "height": 187, "weight": 79, "photo": "https://media.api-sports.io/football/players/7.png"}, {"name": "Arturo Vidal", "age": 30, "nationality": "Chile", "height": 180, "weight": 75, "photo": "https://media.api-sports.io/football/players/151.png"}, {"name": "Matija Nastasic", "age": 24, "nationality": "Serbia", "height": 188, "weight": 83, "photo": "https://media.api-sports.io/football/players/403.png"}, {"name": "Franck Ribéry", "age": 34, "nationality": "France", "height": 170, "weight": 72, "photo": "https://media.api-sports.io/football/players/515.png"}, {"name": "Ádám Szalai", "age": 30, "nationality": "Hungary", "height": 193, "weight": 93, "photo": "https://media.api-sports.io/football/players/729.png"}, {"name": "Lukas Hradecky", "age": 28, "nationality": "Finland", "height": 192, "weight": 83, "photo": "https://media.api-sports.io/football/players/963.png"}, {"name": "Emil Forsberg", "age": 26, "nationality": "Sweden", "height": 177, "weight": 76, "photo": "https://media.api-sports.io/football/players/1152.png"}, {"name": "Milos Veljkovic", "age": 22, "nationality": "Serbia", "height": 184, "weight": 77, "photo": "https://media.api-sports.io/football/players/2821.png"}, {"name": "Ludwig Augustinsson", "age": 23, "nationality": "Sweden", "height": 181, "weight": 74, "photo": "https://media.api-sports.io/football/players/2852.png"}, {"name": "Albin Ekdal", "age": 28, "nationality": "Sweden", "height": 186, "weight": 75, "photo": "https://media.api-sports.io/football/players/2858.png"}, {"name": "Robin Quaison", "age": 24, "nationality": "Sweden", "height": 183, "weight": 76, "photo": "https://media.api-sports.io/football/players/2866.png"}, {"name": "Giulio Donati", "age": 27, "nationality": "Italy", "height": 178, "weight": 76, "photo": "https://media.api-sports.io/football/players/25911.png"}, {"name": "Thilo Kehrer", "age": 21, "nationality": "Germany", "height": 186, "weight": 76, "photo": "https://media.api-sports.io/football/players/261.png"}, {"name": "Joshua Kimmich", "age": 22, "nationality": "Germany", "height": 177, "weight": 75, "photo": "https://media.api-sports.io/football/players/502.png"}, {"name": "Leon Goretzka", "age": 22, "nationality": "Germany", "height": 189, "weight": 82, "photo": "https://media.api-sports.io/football/players/511.png"}, {"name": "Thomas Müller", "age": 28, "nationality": "Germany", "height": 185, "weight": 76, "photo": "https://media.api-sports.io/football/players/522.png"}, {"name": "Jonathan Tah", "age": 21, "nationality": "Germany", "height": 195, "weight": 98, "photo": "https://media.api-sports.io/football/players/972.png"}, {"name": "Kai Havertz", "age": 18, "nationality": "Germany", "height": 188, "weight": 83, "photo": "https://media.api-sports.io/football/players/978.png"}, {"name": "Julian Brandt", "age": 21, "nationality": "Germany", "height": 185, "weight": 83, "photo": "https://media.api-sports.io/football/players/984.png"}, {"name": "Bernd Leno", "age": 25, "nationality": "Germany", "height": 190, "weight": 83, "photo": "https://media.api-sports.io/football/players/1438.png"}, {"name": "Filip Kostic", "age": 25, "nationality": "Serbia", "height": 184, "weight": 84, "photo": "https://media.api-sports.io/football/players/1821.png"}, {"name": "Luka Jovic", "age": 20, "nationality": "Serbia", "height": 182, "weight": 85, "photo": "https://media.api-sports.io/football/players/1828.png"}, {"name": "Matthias Ginter", "age": 23, "nationality": "Germany", "height": 191, "weight": 86, "photo": "https://media.api-sports.io/football/players/2915.png"}, {"name": "Peter Pekarík", "age": 31, "nationality": "Slovakia", "height": 177, "weight": 73, "photo": "https://media.api-sports.io/football/players/25343.png"}, {"name": "Ondrej Duda", "age": 23, "nationality": "Slovakia", "height": 181, "weight": 75, "photo": "https://media.api-sports.io/football/players/25349.png"}, {"name": "Maximilian Arnold", "age": 23, "nationality": "Germany", "height": 184, "weight": 74, "photo": "https://media.api-sports.io/football/players/25408.png"}, {"name": "Jonas Hofmann", "age": 25, "nationality": "Germany", "height": 176, "weight": 73, "photo": "https://media.api-sports.io/football/players/25635.png"}, {"name": "Alexandru Maxim", "age": 27, "nationality": "Romania", "height": 179, "weight": 73, "photo": "https://media.api-sports.io/football/players/25921.png"}, {"name": "Christian Günter", "age": 24, "nationality": "Germany", "height": 184, "weight": 83, "photo": "https://media.api-sports.io/football/players/26236.png"}, {"name": "Thomas Delaney", "age": 26, "nationality": "Denmark", "height": 182, "weight": 79, "photo": "https://media.api-sports.io/football/players/15.png"}, {"name": "Naby Keita", "age": 22, "nationality": "Guinea", "height": 172, "weight": 64, "photo": "https://media.api-sports.io/football/players/294.png"}, {"name": "Kevin Volland", "age": 25, "nationality": "Germany", "height": 178, "weight": 85, "photo": "https://media.api-sports.io/football/players/989.png"}, {"name": "Pierre-Emerick Aubameyang", "age": 28, "nationality": "Gabon", "height": 187, "weight": 80, "photo": "https://media.api-sports.io/football/players/1465.png"}, {"name": "Yann Sommer", "age": 29, "nationality": "Switzerland", "height": 183, "weight": 79, "photo": "https://media.api-sports.io/football/players/2802.png"}, {"name": "Renato Steffen", "age": 26, "nationality": "Switzerland", "height": 170, "weight": 65, "photo": "https://media.api-sports.io/football/players/2809.png"}, {"name": "Denis Zakaria", "age": 21, "nationality": "Switzerland", "height": 191, "weight": 81, "photo": "https://media.api-sports.io/football/players/2810.png"}, {"name": "Jannik Vestergaard", "age": 25, "nationality": "Denmark", "height": 199, "weight": 98, "photo": "https://media.api-sports.io/football/players/18943.png"}, {"name": "Marcel Tisserand", "age": 24, "nationality": "Congo DR", "height": 190, "weight": 80, "photo": "https://media.api-sports.io/football/players/25405.png"}, {"name": "Chadrac Akolo", "age": 22, "nationality": "Congo DR", "height": 172, "weight": 72, "photo": "https://media.api-sports.io/football/players/26304.png"}]