[{"name": "Bruno", "age": 34, "nationality": "Spain", "height": 184, "weight": 73, "photo": "https://media.api-sports.io/football/players/1704.png"}, {"name": "Beñat", "age": 31, "nationality": "Spain", "height": 176, "weight": 75, "photo": "https://media.api-sports.io/football/players/47280.png"}, {"name": "Ander Capa", "age": 29, "nationality": "Spain", "height": 187, "weight": 80, "photo": "https://media.api-sports.io/football/players/47284.png"}, {"name": "Markel Susaeta", "age": 31, "nationality": "Spain", "height": 179, "weight": 63, "photo": "https://media.api-sports.io/football/players/47289.png"}, {"name": "Aduriz", "age": 37, "nationality": "Spain", "height": 181, "weight": 77, "photo": "https://media.api-sports.io/football/players/47290.png"}, {"name": "David Zurutuza", "age": 32, "nationality": "Spain", "height": 186, "weight": 79, "photo": "https://media.api-sports.io/football/players/47316.png"}, {"name": "Alberto García", "age": 33, "nationality": "Spain", "height": 181, "weight": 77, "photo": "https://media.api-sports.io/football/players/47528.png"}, {"name": "Juanfran", "age": 33, "nationality": "Spain", "height": 181, "weight": 71, "photo": "https://media.api-sports.io/football/players/41.png"}, {"name": "Ezequiel Garay", "age": 32, "nationality": "Argentina", "height": 189, "weight": 90, "photo": "https://media.api-sports.io/football/players/917.png"}, {"name": "Sebastián Cristóforo", "age": 25, "nationality": "Uruguay", "height": 175, "weight": 68, "photo": "https://media.api-sports.io/football/players/47260.png"}, {"name": "Ibai Gómez", "age": 29, "nationality": "Spain", "height": 177, "weight": 72, "photo": "https://media.api-sports.io/football/players/47283.png"}, {"name": "Burgui", "age": 25, "nationality": "Spain", "height": 184, "weight": 75, "photo": "https://media.api-sports.io/football/players/47362.png"}, {"name": "Iván Ramis", "age": 34, "nationality": "Spain", "height": 188, "weight": 82, "photo": "https://media.api-sports.io/football/players/47382.png"}, {"name": "Dimitrios Siovas", "age": 30, "nationality": "Greece", "height": 192, "weight": 83, "photo": "https://media.api-sports.io/football/players/47409.png"}, {"name": "Nabil El Zhar", "age": 32, "nationality": "Morocco", "height": 171, "weight": 66, "photo": "https://media.api-sports.io/football/players/47411.png"}, {"name": "Michael Santos", "age": 25, "nationality": "Uruguay", "height": 175, "weight": 68, "photo": "https://media.api-sports.io/football/players/47424.png"}, {"name": "Sergio Álvarez", "age": 32, "nationality": "Spain", "height": 180, "weight": 75, "photo": "https://media.api-sports.io/football/players/47425.png"}, {"name": "Francis", "age": 22, "nationality": "Spain", "height": 175, "weight": 78, "photo": "https://media.api-sports.io/football/players/1574.png"}, {"name": "Santiago Cazorla", "age": 34, "nationality": "Spain", "height": 168, "weight": 65, "photo": "https://media.api-sports.io/football/players/1695.png"}, {"name": "Éver Banega", "age": 30, "nationality": "Argentina", "height": 174, "weight": 71, "photo": "https://media.api-sports.io/football/players/2050.png"}, {"name": "Luis Advíncula", "age": 28, "nationality": "Peru", "height": 178, "weight": 80, "photo": "https://media.api-sports.io/football/players/2419.png"}, {"name": "Samuele Longo", "age": 26, "nationality": "Italy", "height": 186, "weight": 81, "photo": "https://media.api-sports.io/football/players/31626.png"}, {"name": "Iago Herrerín", "age": 30, "nationality": "Spain", "height": 187, "weight": 88, "photo": "https://media.api-sports.io/football/players/47267.png"}, {"name": "Esteban Granero", "age": 31, "nationality": "Spain", "height": 180, "weight": 78, "photo": "https://media.api-sports.io/football/players/47337.png"}, {"name": "Víctor Sánchez", "age": 31, "nationality": "Spain", "height": 174, "weight": 72, "photo": "https://media.api-sports.io/football/players/47342.png"}, {"name": "Sergio García", "age": 35, "nationality": "Spain", "height": 174, "weight": 72, "photo": "https://media.api-sports.io/football/players/47347.png"}, {"name": "Koke", "age": 23, "nationality": "Spain", "height": 188, "weight": 88, "photo": "https://media.api-sports.io/football/players/47450.png"}, {"name": "Álvaro Medrán", "age": 24, "nationality": "Spain", "height": 173, "weight": 71, "photo": "https://media.api-sports.io/football/players/47546.png"}, {"name": "Cristian Tello", "age": 19, "nationality": "Spain", "height": 172, "weight": 63, "photo": "https://media.api-sports.io/football/players/1581.png"}, {"name": "Hernán Pérez", "age": 29, "nationality": "Paraguay", "height": 180, "weight": 71, "photo": "https://media.api-sports.io/football/players/2520.png"}, {"name": "José Pozo", "age": 36, "nationality": "Spain", "height": 180, "weight": 70, "photo": "https://media.api-sports.io/football/players/47049.png"}, {"name": "Javi López", "age": 32, "nationality": "Spain", "height": 180, "weight": 76, "photo": "https://media.api-sports.io/football/players/47333.png"}, {"name": "Marc Muniesa", "age": 26, "nationality": "Spain", "height": 179, "weight": 72, "photo": "https://media.api-sports.io/football/players/47508.png"}, {"name": "José Pozo", "age": 22, "nationality": "Spain", "height": 171, "weight": 67, "photo": "https://media.api-sports.io/football/players/47549.png"}, {"name": "Kevin Gameiro", "age": 31, "nationality": "France", "height": 172, "weight": 70, "photo": "https://media.api-sports.io/football/players/933.png"}, {"name": "Franco Vázquez", "age": 29, "nationality": "Argentina", "height": 187, "weight": 82, "photo": "https://media.api-sports.io/football/players/2057.png"}, {"name": "Leandro Cabrera", "age": 28, "nationality": "Argentina", "height": 185, "weight": 80, "photo": "https://media.api-sports.io/football/players/47246.png"}, {"name": "Rubén Pérez", "age": 29, "nationality": "Spain", "height": 178, "weight": 73, "photo": "https://media.api-sports.io/football/players/47415.png"}, {"name": "David Costas", "age": 23, "nationality": "Spain", "height": 184, "weight": 71, "photo": "https://media.api-sports.io/football/players/47429.png"}, {"name": "Seydou Doumbia", "age": 31, "nationality": "Côte d'Ivoire", "height": 179, "weight": 74, "photo": "https://media.api-sports.io/football/players/47524.png"}, {"name": "Sergi Gómez", "age": 26, "nationality": "Spain", "height": 185, "weight": 80, "photo": "https://media.api-sports.io/football/players/2042.png"}, {"name": "Leandro Cabrera", "age": 27, "nationality": "Uruguay", "height": 190, "weight": 80, "photo": "https://media.api-sports.io/football/players/47249.png"}, {"name": "Luca Sangalli", "age": 23, "nationality": "Spain", "height": 167, "weight": 74, "photo": "https://media.api-sports.io/football/players/47313.png"}, {"name": "Diego López", "age": 37, "nationality": "Spain", "height": 196, "weight": 89, "photo": "https://media.api-sports.io/football/players/47327.png"}, {"name": "David López", "age": 29, "nationality": "Spain", "height": 183, "weight": 81, "photo": "https://media.api-sports.io/football/players/47334.png"}, {"name": "Dídac Vilá", "age": 29, "nationality": "Spain", "height": 185, "weight": 74, "photo": "https://media.api-sports.io/football/players/47335.png"}, {"name": "Sergi Enrich", "age": 28, "nationality": "Spain", "height": 181, "weight": 77, "photo": "https://media.api-sports.io/football/players/47395.png"}, {"name": "Fernando Calero", "age": 23, "nationality": "Spain", "height": 183, "weight": 71, "photo": "https://media.api-sports.io/football/players/47478.png"}, {"name": "Cristian Rivera", "age": 20, "nationality": "Spain", "height": 188, "weight": 75, "photo": "https://media.api-sports.io/football/players/913.png"}, {"name": "Mouctar Diakhaby", "age": 22, "nationality": "France", "height": 189, "weight": 78, "photo": "https://media.api-sports.io/football/players/916.png"}, {"name": "Denis Cheryshev", "age": 28, "nationality": "Russia", "height": 179, "weight": 74, "photo": "https://media.api-sports.io/football/players/923.png"}, {"name": "Loren Morón", "age": 25, "nationality": "Spain", "height": 188, "weight": 66, "photo": "https://media.api-sports.io/football/players/1584.png"}, {"name": "Yangel Herrera", "age": 20, "nationality": "Venezuela", "height": 184, "weight": 78, "photo": "https://media.api-sports.io/football/players/2449.png"}, {"name": "Maxi Gómez", "age": 22, "nationality": "Uruguay", "height": 186, "weight": 91, "photo": "https://media.api-sports.io/football/players/2615.png"}, {"name": "Dimitri Foulquier", "age": 25, "nationality": "Guadeloupe", "height": 183, "weight": 72, "photo": "https://media.api-sports.io/football/players/47251.png"}, {"name": "Sergi Darder", "age": 25, "nationality": "Spain", "height": 180, "weight": 71, "photo": "https://media.api-sports.io/football/players/47336.png"}, {"name": "Óscar Melendo", "age": 21, "nationality": "Spain", "height": 167, "weight": 63, "photo": "https://media.api-sports.io/football/players/47339.png"}, {"name": "Pablo De Blasis", "age": 30, "nationality": "Argentina", "height": 165, "weight": 65, "photo": "https://media.api-sports.io/football/players/47386.png"}, {"name": "Antonio Luna", "age": 27, "nationality": "Spain", "height": 178, "weight": 68, "photo": "https://media.api-sports.io/football/players/47455.png"}, {"name": "Pedro Alcalá", "age": 29, "nationality": "Spain", "height": 196, "weight": 93, "photo": "https://media.api-sports.io/football/players/47504.png"}, {"name": "Adrián Embarba", "age": 26, "nationality": "Spain", "height": 173, "weight": 66, "photo": "https://media.api-sports.io/football/players/47554.png"}, {"name": "Álex Gallar", "age": 26, "nationality": "Spain", "height": 176, "weight": 71, "photo": "https://media.api-sports.io/football/players/47580.png"}, {"name": "Jaume Costa", "age": 30, "nationality": "Spain", "height": 171, "weight": 62, "photo": "https://media.api-sports.io/football/players/1687.png"}, {"name": "Bruno", "age": 28, "nationality": "Spain", "height": 185, "weight": 83, "photo": "https://media.api-sports.io/football/players/47252.png"}, {"name": "Rubén Pardo", "age": 26, "nationality": "Spain", "height": 181, "weight": 69, "photo": "https://media.api-sports.io/football/players/47312.png"}, {"name": "Anaitz Arbilla", "age": 31, "nationality": "Spain", "height": 178, "weight": 76, "photo": "https://media.api-sports.io/football/players/47377.png"}, {"name": "Sergio Álvarez", "age": 26, "nationality": "Spain", "height": 183, "weight": 74, "photo": "https://media.api-sports.io/football/players/47385.png"}, {"name": "Unai Bustinza", "age": 26, "nationality": "Spain", "height": 175, "weight": 74, "photo": "https://media.api-sports.io/football/players/47403.png"}, {"name": "Rodrigo Tarín", "age": 22, "nationality": "Spain", "height": 184, "weight": 76, "photo": "https://media.api-sports.io/football/players/47410.png"}, {"name": "Recio", "age": 27, "nationality": "Spain", "height": 183, "weight": 74, "photo": "https://media.api-sports.io/football/players/47413.png"}, {"name": "Toño", "age": 29, "nationality": "Spain", "height": 179, "weight": 69, "photo": "https://media.api-sports.io/football/players/47453.png"}, {"name": "Óscar Rodríguez", "age": 26, "nationality": "Spain", "height": 189, "weight": 80, "photo": "https://media.api-sports.io/football/players/47459.png"}, {"name": "Amath Diedhiou", "age": 22, "nationality": "Senegal", "height": 173, "weight": 70, "photo": "https://media.api-sports.io/football/players/104793.png"}, {"name": "Adnan Januzaj", "age": 23, "nationality": "Belgium", "height": 186, "weight": 76, "photo": "https://media.api-sports.io/football/players/2924.png"}, {"name": "Aritz Elustondo", "age": 24, "nationality": "Spain", "height": 180, "weight": 71, "photo": "https://media.api-sports.io/football/players/47298.png"}, {"name": "Zaldúa", "age": 26, "nationality": "Spain", "height": 176, "weight": 70, "photo": "https://media.api-sports.io/football/players/47307.png"}, {"name": "Asier Illarramendi", "age": 28, "nationality": "Spain", "height": 179, "weight": 75, "photo": "https://media.api-sports.io/football/players/47310.png"}, {"name": "Igor Zubeldia", "age": 21, "nationality": "Spain", "height": 180, "weight": 79, "photo": "https://media.api-sports.io/football/players/47314.png"}, {"name": "Jon Bautista", "age": 23, "nationality": "Spain", "height": 180, "weight": 72, "photo": "https://media.api-sports.io/football/players/47318.png"}, {"name": "Rubén Blanco", "age": 23, "nationality": "Spain", "height": 188, "weight": 70, "photo": "https://media.api-sports.io/football/players/47426.png"}, {"name": "Cristhian Stuani", "age": 26, "nationality": "Spain", "height": 167, "weight": 66, "photo": "https://media.api-sports.io/football/players/47520.png"}, {"name": "Santi Mina", "age": 23, "nationality": "Spain", "height": 181, "weight": 77, "photo": "https://media.api-sports.io/football/players/934.png"}, {"name": "Luis Suárez", "age": 24, "nationality": "Spain", "height": 176, "weight": 69, "photo": "https://media.api-sports.io/football/players/1461.png"}, {"name": "Roque Mesa", "age": 29, "nationality": "Spain", "height": 172, "weight": 74, "photo": "https://media.api-sports.io/football/players/2053.png"}, {"name": "Hugo Mallo", "age": 27, "nationality": "Spain", "height": 173, "weight": 69, "photo": "https://media.api-sports.io/football/players/47432.png"}, {"name": "Fran Beltrán", "age": 19, "nationality": "Spain", "height": 170, "weight": 66, "photo": "https://media.api-sports.io/football/players/47435.png"}, {"name": "Okay Yokuslu", "age": 24, "nationality": "Turkey", "height": 190, "weight": 79, "photo": "https://media.api-sports.io/football/players/47443.png"}, {"name": "Iago Aspas", "age": 31, "nationality": "Spain", "height": 176, "weight": 67, "photo": "https://media.api-sports.io/football/players/47445.png"}, {"name": "Jordi Masip", "age": 29, "nationality": "Spain", "height": 180, "weight": 76, "photo": "https://media.api-sports.io/football/players/47474.png"}, {"name": "Kiko Olivas", "age": 30, "nationality": "Spain", "height": 184, "weight": 76, "photo": "https://media.api-sports.io/football/players/47483.png"}, {"name": "Rubén Alcaraz", "age": 27, "nationality": "Spain", "height": 183, "weight": 81, "photo": "https://media.api-sports.io/football/players/47485.png"}, {"name": "Raúl García", "age": 29, "nationality": "Spain", "height": 180, "weight": 74, "photo": "https://media.api-sports.io/football/players/47506.png"}, {"name": "Javi Galán", "age": 24, "nationality": "Spain", "height": 172, "weight": 70, "photo": "https://media.api-sports.io/football/players/47566.png"}, {"name": "Marc Bartra", "age": 27, "nationality": "Spain", "height": 184, "weight": 70, "photo": "https://media.api-sports.io/football/players/1561.png"}, {"name": "Sergio Canales", "age": 27, "nationality": "Spain", "height": 176, "weight": 65, "photo": "https://media.api-sports.io/football/players/1570.png"}, {"name": "Joaquín", "age": 37, "nationality": "Spain", "height": 179, "weight": 75, "photo": "https://media.api-sports.io/football/players/1579.png"}, {"name": "Sergio León", "age": 29, "nationality": "Spain", "height": 178, "weight": 73, "photo": "https://media.api-sports.io/football/players/1583.png"}, {"name": "Cristian Tello", "age": 27, "nationality": "Spain", "height": 178, "weight": 65, "photo": "https://media.api-sports.io/football/players/1586.png"}, {"name": "Víctor Ruiz", "age": 29, "nationality": "Spain", "height": 184, "weight": 95, "photo": "https://media.api-sports.io/football/players/1693.png"}, {"name": "Anuar Mohamed", "age": 23, "nationality": "Morocco", "height": 173, "weight": 69, "photo": "https://media.api-sports.io/football/players/2717.png"}, {"name": "Borja Iglesias", "age": 25, "nationality": "Spain", "height": 187, "weight": 86, "photo": "https://media.api-sports.io/football/players/47348.png"}, {"name": "Óscar Plano", "age": 27, "nationality": "Spain", "height": 180, "weight": 72, "photo": "https://media.api-sports.io/football/players/47496.png"}, {"name": "Álex Moreno", "age": 25, "nationality": "Spain", "height": 179, "weight": 68, "photo": "https://media.api-sports.io/football/players/47547.png"}, {"name": "Sergio Ramos", "age": 17, "nationality": "Spain", "height": 177, "weight": 69, "photo": "https://media.api-sports.io/football/players/52.png"}, {"name": "Sergi Guardiola", "age": 27, "nationality": "Spain", "height": 184, "weight": 78, "photo": "https://media.api-sports.io/football/players/47495.png"}, {"name": "Anthony Lozano", "age": 25, "nationality": "Honduras", "height": 185, "weight": 74, "photo": "https://media.api-sports.io/football/players/47525.png"}, {"name": "Santiago Comesaña", "age": 22, "nationality": "Spain", "height": 184, "weight": 75, "photo": "https://media.api-sports.io/football/players/47541.png"}, {"name": "Álvaro García", "age": 26, "nationality": "Spain", "height": 167, "weight": 61, "photo": "https://media.api-sports.io/football/players/47543.png"}, {"name": "Óscar Trejo", "age": 30, "nationality": "Argentina", "height": 180, "weight": 79, "photo": "https://media.api-sports.io/football/players/47557.png"}, {"name": "Rubén Sobrino", "age": 26, "nationality": "Spain", "height": 185, "weight": 73, "photo": "https://media.api-sports.io/football/players/937.png"}, {"name": "Cristhian Stuani", "age": 32, "nationality": "Uruguay", "height": 186, "weight": 76, "photo": "https://media.api-sports.io/football/players/2617.png"}, {"name": "Darko Brasanac", "age": 26, "nationality": "Serbia", "height": 178, "weight": 73, "photo": "https://media.api-sports.io/football/players/47361.png"}, {"name": "Kike García", "age": 29, "nationality": "Spain", "height": 186, "weight": 79, "photo": "https://media.api-sports.io/football/players/47396.png"}, {"name": "Iván Cuéllar", "age": 34, "nationality": "Spain", "height": 187, "weight": 76, "photo": "https://media.api-sports.io/football/players/47399.png"}, {"name": "David Juncà", "age": 25, "nationality": "Spain", "height": 175, "weight": 67, "photo": "https://media.api-sports.io/football/players/47431.png"}, {"name": "Jonás Ramalho", "age": 25, "nationality": "Angola", "height": 181, "weight": 68, "photo": "https://media.api-sports.io/football/players/47510.png"}, {"name": "Juanpe", "age": 27, "nationality": "Spain", "height": 190, "weight": 80, "photo": "https://media.api-sports.io/football/players/47511.png"}, {"name": "Valery Fernández", "age": 19, "nationality": "Spain", "height": 182, "weight": 75, "photo": "https://media.api-sports.io/football/players/47514.png"}, {"name": "Aleix García", "age": 21, "nationality": "Spain", "height": 173, "weight": 68, "photo": "https://media.api-sports.io/football/players/47516.png"}, {"name": "Ezequiel Ávila", "age": 24, "nationality": "Argentina", "height": 172, "weight": 81, "photo": "https://media.api-sports.io/football/players/47579.png"}, {"name": "Yeray Álvarez", "age": 23, "nationality": "Spain", "height": 182, "weight": 78, "photo": "https://media.api-sports.io/football/players/47271.png"}, {"name": "Ander Capa", "age": 26, "nationality": "Spain", "height": 175, "weight": 75, "photo": "https://media.api-sports.io/football/players/47274.png"}, {"name": "Raúl García", "age": 28, "nationality": "Spain", "height": 180, "weight": 81, "photo": "https://media.api-sports.io/football/players/47281.png"}, {"name": "Raúl García", "age": 32, "nationality": "Spain", "height": 184, "weight": 83, "photo": "https://media.api-sports.io/football/players/47282.png"}, {"name": "Iñaki Williams", "age": 24, "nationality": "Spain", "height": 186, "weight": 78, "photo": "https://media.api-sports.io/football/players/47294.png"}, {"name": "Mikel Vesga", "age": 25, "nationality": "Spain", "height": 191, "weight": 83, "photo": "https://media.api-sports.io/football/players/47418.png"}, {"name": "Cristian Rivera", "age": 21, "nationality": "Spain", "height": 191, "weight": 87, "photo": "https://media.api-sports.io/football/players/47578.png"}, {"name": "Antonio Sanabria", "age": 31, "nationality": "Spain", "height": 182, "weight": 76, "photo": "https://media.api-sports.io/football/players/1560.png"}, {"name": "Daniel Carriço", "age": 30, "nationality": "Portugal", "height": 180, "weight": 79, "photo": "https://media.api-sports.io/football/players/2043.png"}, {"name": "Francisco Portillo", "age": 28, "nationality": "Spain", "height": 169, "weight": 60, "photo": "https://media.api-sports.io/football/players/47262.png"}, {"name": "Pablo Piatti", "age": 29, "nationality": "Argentina", "height": 163, "weight": 63, "photo": "https://media.api-sports.io/football/players/47340.png"}, {"name": "Gerard Gumbau", "age": 24, "nationality": "Spain", "height": 187, "weight": 77, "photo": "https://media.api-sports.io/football/players/47414.png"}, {"name": "Guido Carrillo", "age": 27, "nationality": "Argentina", "height": 191, "weight": 87, "photo": "https://media.api-sports.io/football/players/47421.png"}, {"name": "Jorge Pulido", "age": 27, "nationality": "Spain", "height": 186, "weight": 72, "photo": "https://media.api-sports.io/football/players/47569.png"}, {"name": "David Ferreiro", "age": 30, "nationality": "Spain", "height": 170, "weight": 63, "photo": "https://media.api-sports.io/football/players/47573.png"}, {"name": "Santiago Arias", "age": 26, "nationality": "Colombia", "height": 178, "weight": 72, "photo": "https://media.api-sports.io/football/players/30.png"}, {"name": "Carlos Bacca", "age": 32, "nationality": "Colombia", "height": 181, "weight": 77, "photo": "https://media.api-sports.io/football/players/1706.png"}, {"name": "Sergio Escudero", "age": 29, "nationality": "Spain", "height": 176, "weight": 65, "photo": "https://media.api-sports.io/football/players/2040.png"}, {"name": "Jorge Molina", "age": 36, "nationality": "Spain", "height": 188, "weight": 72, "photo": "https://media.api-sports.io/football/players/47265.png"}, {"name": "Fernando Pacheco", "age": 26, "nationality": "Spain", "height": 186, "weight": 81, "photo": "https://media.api-sports.io/football/players/47352.png"}, {"name": "Rubén Rochina", "age": 27, "nationality": "Spain", "height": 182, "weight": 76, "photo": "https://media.api-sports.io/football/players/47468.png"}, {"name": "Roberto Santamaría", "age": 33, "nationality": "Spain", "height": 183, "weight": 75, "photo": "https://media.api-sports.io/football/players/47559.png"}, {"name": "Enric Gallego", "age": 32, "nationality": "Spain", "height": 190, "weight": 79, "photo": "https://media.api-sports.io/football/players/47581.png"}, {"name": "David Soria", "age": 25, "nationality": "Spain", "height": 192, "weight": 85, "photo": "https://media.api-sports.io/football/players/47247.png"}, {"name": "Martín Aguirregabiria", "age": 22, "nationality": "Spain", "height": 178, "weight": 69, "photo": "https://media.api-sports.io/football/players/47354.png"}, {"name": "Rubén Duarte", "age": 23, "nationality": "Spain", "height": 180, "weight": 75, "photo": "https://media.api-sports.io/football/players/47355.png"}, {"name": "Víctor Laguardia", "age": 29, "nationality": "Spain", "height": 185, "weight": 80, "photo": "https://media.api-sports.io/football/players/47357.png"}, {"name": "Ximo Navarro", "age": 28, "nationality": "Spain", "height": 176, "weight": 75, "photo": "https://media.api-sports.io/football/players/47360.png"}, {"name": "Tomás Pina", "age": 31, "nationality": "Spain", "height": 184, "weight": 78, "photo": "https://media.api-sports.io/football/players/47365.png"}, {"name": "John Guidetti", "age": 26, "nationality": "Sweden", "height": 185, "weight": 79, "photo": "https://media.api-sports.io/football/players/47371.png"}, {"name": "Gonzalo Escalante", "age": 25, "nationality": "Argentina", "height": 182, "weight": 76, "photo": "https://media.api-sports.io/football/players/47388.png"}, {"name": "Jonathan Silva", "age": 24, "nationality": "Argentina", "height": 178, "weight": 72, "photo": "https://media.api-sports.io/football/players/47408.png"}, {"name": "Erick Cabaco", "age": 23, "nationality": "Uruguay", "height": 185, "weight": 84, "photo": "https://media.api-sports.io/football/players/47452.png"}, {"name": "Jason", "age": 24, "nationality": "Spain", "height": 178, "weight": 65, "photo": "https://media.api-sports.io/football/players/47473.png"}, {"name": "Pere Pons", "age": 25, "nationality": "Spain", "height": 177, "weight": 70, "photo": "https://media.api-sports.io/football/players/47518.png"}, {"name": "Vitolo", "age": 29, "nationality": "Spain", "height": 185, "weight": 80, "photo": "https://media.api-sports.io/football/players/46.png"}, {"name": "Carles Aleñá", "age": 20, "nationality": "Spain", "height": 180, "weight": 73, "photo": "https://media.api-sports.io/football/players/143.png"}, {"name": "Pau López", "age": 24, "nationality": "Spain", "height": 189, "weight": 77, "photo": "https://media.api-sports.io/football/players/1557.png"}, {"name": "Álvaro González", "age": 28, "nationality": "Spain", "height": 182, "weight": 75, "photo": "https://media.api-sports.io/football/players/1689.png"}, {"name": "Ibrahim Amadou", "age": 25, "nationality": "France", "height": 183, "weight": 81, "photo": "https://media.api-sports.io/football/players/2049.png"}, {"name": "Jaime Mata", "age": 30, "nationality": "Spain", "height": 185, "weight": 79, "photo": "https://media.api-sports.io/football/players/2671.png"}, {"name": "Alejandro Gálvez", "age": 26, "nationality": "Spain", "height": 190, "weight": 82, "photo": "https://media.api-sports.io/football/players/46898.png"}, {"name": "Sandro Ramírez", "age": 23, "nationality": "Spain", "height": 175, "weight": 71, "photo": "https://media.api-sports.io/football/players/47324.png"}, {"name": "Papakouly Diop", "age": 32, "nationality": "Senegal", "height": 180, "weight": 77, "photo": "https://media.api-sports.io/football/players/47387.png"}, {"name": "Borja Mayoral", "age": 21, "nationality": "Spain", "height": 182, "weight": 74, "photo": "https://media.api-sports.io/football/players/47472.png"}, {"name": "Enes Ünal", "age": 21, "nationality": "Turkey", "height": 187, "weight": 78, "photo": "https://media.api-sports.io/football/players/47499.png"}, {"name": "Alejandro Gálvez", "age": 29, "nationality": "Spain", "height": 188, "weight": 79, "photo": "https://media.api-sports.io/football/players/47534.png"}, {"name": "Rober", "age": 17, "nationality": "Spain", "height": 173, "weight": 63, "photo": "https://media.api-sports.io/football/players/1582.png"}, {"name": "Ryad Boudebouz", "age": 28, "nationality": "Algeria", "height": 177, "weight": 70, "photo": "https://media.api-sports.io/football/players/47436.png"}, {"name": "Aitor Fernández", "age": 27, "nationality": "Spain", "height": 182, "weight": 78, "photo": "https://media.api-sports.io/football/players/47448.png"}, {"name": "Rúben Vezo", "age": 24, "nationality": "Portugal", "height": 182, "weight": 80, "photo": "https://media.api-sports.io/football/players/47457.png"}, {"name": "Sergio Postigo", "age": 30, "nationality": "Spain", "height": 184, "weight": 78, "photo": "https://media.api-sports.io/football/players/47458.png"}, {"name": "Roger", "age": 23, "nationality": "Spain", "height": 182, "weight": 74, "photo": "https://media.api-sports.io/football/players/47460.png"}, {"name": "Morales", "age": 31, "nationality": "Spain", "height": 180, "weight": 70, "photo": "https://media.api-sports.io/football/players/47467.png"}, {"name": "Nikola Vukcevic", "age": 27, "nationality": "Montenegro", "height": 184, "weight": 76, "photo": "https://media.api-sports.io/football/players/47469.png"}, {"name": "Roger", "age": 27, "nationality": "Spain", "height": 179, "weight": 74, "photo": "https://media.api-sports.io/football/players/47471.png"}, {"name": "Jorge Miramón", "age": 29, "nationality": "Spain", "height": 175, "weight": 74, "photo": "https://media.api-sports.io/football/players/47568.png"}, {"name": "Javi López", "age": 20, "nationality": "Spain", "height": null, "weight": null, "photo": "https://media.api-sports.io/football/players/47575.png"}, {"name": "Gonzalo Melero", "age": 24, "nationality": "Spain", "height": 183, "weight": 77, "photo": "https://media.api-sports.io/football/players/47576.png"}, {"name": "Sergio Busquets", "age": 19, "nationality": "Spain", "height": 185, "weight": 77, "photo": "https://media.api-sports.io/football/players/145.png"}, {"name": "Andrés Guardado", "age": 32, "nationality": "Mexico", "height": 169, "weight": 60, "photo": "https://media.api-sports.io/football/players/1573.png"}, {"name": "Karl Toko Ekambi", "age": 26, "nationality": "Cameroon", "height": 185, "weight": 74, "photo": "https://media.api-sports.io/football/players/1709.png"}, {"name": "Sofiane Boufal", "age": 25, "nationality": "Morocco", "height": 170, "weight": 60, "photo": "https://media.api-sports.io/football/players/2710.png"}, {"name": "Kenneth Omeruo", "age": 25, "nationality": "Nigeria", "height": 185, "weight": 81, "photo": "https://media.api-sports.io/football/players/2772.png"}, {"name": "Moses Simon", "age": 23, "nationality": "Nigeria", "height": 168, "weight": 66, "photo": "https://media.api-sports.io/football/players/2781.png"}, {"name": "Néstor Araújo", "age": 27, "nationality": "Mexico", "height": 188, "weight": 87, "photo": "https://media.api-sports.io/football/players/2870.png"}, {"name": "Djené Dakonam", "age": 27, "nationality": "Togo", "height": 187, "weight": 72, "photo": "https://media.api-sports.io/football/players/47250.png"}, {"name": "Damián Suárez", "age": 30, "nationality": "Uruguay", "height": 172, "weight": 61, "photo": "https://media.api-sports.io/football/players/47257.png"}, {"name": "Mauro Arambarri", "age": 23, "nationality": "Uruguay", "height": 175, "weight": 74, "photo": "https://media.api-sports.io/football/players/47258.png"}, {"name": "Jozabed", "age": 27, "nationality": "Spain", "height": 180, "weight": 65, "photo": "https://media.api-sports.io/football/players/47442.png"}, {"name": "Patrick Roberts", "age": 21, "nationality": "England", "height": 168, "weight": 58, "photo": "https://media.api-sports.io/football/players/47521.png"}, {"name": "José Gayá", "age": 23, "nationality": "Spain", "height": 172, "weight": 66, "photo": "https://media.api-sports.io/football/players/918.png"}, {"name": "Daniel Wass", "age": 29, "nationality": "Denmark", "height": 181, "weight": 74, "photo": "https://media.api-sports.io/football/players/932.png"}, {"name": "William Carvalho", "age": 26, "nationality": "Portugal", "height": 187, "weight": 79, "photo": "https://media.api-sports.io/football/players/1580.png"}, {"name": "Iñigo Martínez", "age": 27, "nationality": "Spain", "height": 182, "weight": 76, "photo": "https://media.api-sports.io/football/players/2670.png"}, {"name": "Nemanja Maksimovic", "age": 23, "nationality": "Serbia", "height": 189, "weight": 78, "photo": "https://media.api-sports.io/football/players/2824.png"}, {"name": "Brais Méndez", "age": 21, "nationality": "Spain", "height": 187, "weight": 76, "photo": "https://media.api-sports.io/football/players/47440.png"}, {"name": "Enis Bardhi", "age": 23, "nationality": "North Macedonia", "height": 172, "weight": 67, "photo": "https://media.api-sports.io/football/players/47461.png"}, {"name": "Marc Muniesa", "age": 20, "nationality": "Spain", "height": 177, "weight": 70, "photo": "https://media.api-sports.io/football/players/47507.png"}, {"name": "Stole Dimitrievski", "age": 25, "nationality": "North Macedonia", "height": 188, "weight": 84, "photo": "https://media.api-sports.io/football/players/47527.png"}, {"name": "Raúl de Tomás", "age": 24, "nationality": "Spain", "height": 180, "weight": 72, "photo": "https://media.api-sports.io/football/players/47551.png"}, {"name": "Diego Godín", "age": 32, "nationality": "Uruguay", "height": 187, "weight": 78, "photo": "https://media.api-sports.io/football/players/32.png"}, {"name": "Gabriel Mercado", "age": 31, "nationality": "Argentina", "height": 180, "weight": 85, "photo": "https://media.api-sports.io/football/players/2044.png"}, {"name": "Takashi Inui", "age": 30, "nationality": "Japan", "height": 169, "weight": 59, "photo": "https://media.api-sports.io/football/players/2600.png"}, {"name": "Mubarak Wakaso", "age": 28, "nationality": "Ghana", "height": 171, "weight": 72, "photo": "https://media.api-sports.io/football/players/3426.png"}, {"name": "Emmanuel Boateng", "age": 22, "nationality": "Ghana", "height": 175, "weight": 70, "photo": "https://media.api-sports.io/football/players/3429.png"}, {"name": "Jonathan Calleri", "age": 25, "nationality": "Argentina", "height": 181, "weight": 72, "photo": "https://media.api-sports.io/football/players/47368.png"}, {"name": "Fabián Orellana", "age": 32, "nationality": "Chile", "height": 170, "weight": 64, "photo": "https://media.api-sports.io/football/players/47390.png"}, {"name": "Javi Moyano", "age": 32, "nationality": "Spain", "height": 180, "weight": 71, "photo": "https://media.api-sports.io/football/players/47482.png"}, {"name": "Emiliano Velázquez", "age": 24, "nationality": "Uruguay", "height": 184, "weight": 79, "photo": "https://media.api-sports.io/football/players/47538.png"}, {"name": "Jan Oblak", "age": 25, "nationality": "Slovenia", "height": 188, "weight": 87, "photo": "https://media.api-sports.io/football/players/29.png"}, {"name": "Giménez", "age": 23, "nationality": "Uruguay", "height": 185, "weight": 80, "photo": "https://media.api-sports.io/football/players/31.png"}, {"name": "Stefan Savic", "age": 27, "nationality": "Montenegro", "height": 187, "weight": 81, "photo": "https://media.api-sports.io/football/players/39.png"}, {"name": "Thomas Lemar", "age": 23, "nationality": "France", "height": 171, "weight": 63, "photo": "https://media.api-sports.io/football/players/45.png"}, {"name": "Koke", "age": 26, "nationality": "Spain", "height": 176, "weight": 77, "photo": "https://media.api-sports.io/football/players/50.png"}, {"name": "Lionel Messi", "age": 31, "nationality": "Argentina", "height": 170, "weight": 72, "photo": "https://media.api-sports.io/football/players/154.png"}, {"name": "Sergio Ramos", "age": 32, "nationality": "Spain", "height": 184, "weight": 82, "photo": "https://media.api-sports.io/football/players/738.png"}, {"name": "Geoffrey Kondogbia", "age": 25, "nationality": "Central African Republic", "height": 188, "weight": 80, "photo": "https://media.api-sports.io/football/players/926.png"}, {"name": "Carlos Soler", "age": 21, "nationality": "Spain", "height": 180, "weight": 76, "photo": "https://media.api-sports.io/football/players/930.png"}, {"name": "Mario Hermoso", "age": 23, "nationality": "Spain", "height": 184, "weight": 75, "photo": "https://media.api-sports.io/football/players/2669.png"}, {"name": "Mikel Merino", "age": 22, "nationality": "Spain", "height": 188, "weight": 83, "photo": "https://media.api-sports.io/football/players/47311.png"}, {"name": "Mikel Oyarzabal", "age": 21, "nationality": "Spain", "height": 181, "weight": 78, "photo": "https://media.api-sports.io/football/players/47323.png"}, {"name": "Javi Puado", "age": 20, "nationality": "Spain", "height": 177, "weight": 69, "photo": "https://media.api-sports.io/football/players/47349.png"}, {"name": "Damián Musto", "age": 31, "nationality": "Argentina", "height": 182, "weight": 80, "photo": "https://media.api-sports.io/football/players/47577.png"}, {"name": "Ángel Correa", "age": 23, "nationality": "Argentina", "height": 171, "weight": 70, "photo": "https://media.api-sports.io/football/players/53.png"}, {"name": "Antoine Griezmann", "age": 27, "nationality": "France", "height": 176, "weight": 73, "photo": "https://media.api-sports.io/football/players/56.png"}, {"name": "Luis Suárez", "age": 31, "nationality": "Uruguay", "height": 182, "weight": 86, "photo": "https://media.api-sports.io/football/players/157.png"}, {"name": "Thibaut Courtois", "age": 26, "nationality": "Belgium", "height": 199, "weight": 91, "photo": "https://media.api-sports.io/football/players/730.png"}, {"name": "Daniel Carvajal", "age": 26, "nationality": "Spain", "height": 173, "weight": 73, "photo": "https://media.api-sports.io/football/players/733.png"}, {"name": "Nacho", "age": 28, "nationality": "Spain", "height": 180, "weight": 76, "photo": "https://media.api-sports.io/football/players/735.png"}, {"name": "Marcelo", "age": 30, "nationality": "Brazil", "height": 174, "weight": 75, "photo": "https://media.api-sports.io/football/players/743.png"}, {"name": "Isco", "age": 26, "nationality": "Spain", "height": 176, "weight": 79, "photo": "https://media.api-sports.io/football/players/745.png"}, {"name": "Marco Asensio", "age": 22, "nationality": "Spain", "height": 182, "weight": 76, "photo": "https://media.api-sports.io/football/players/746.png"}, {"name": "Casemiro", "age": 26, "nationality": "Brazil", "height": 185, "weight": 84, "photo": "https://media.api-sports.io/football/players/747.png"}, {"name": "Dani Ceballos", "age": 22, "nationality": "Spain", "height": 179, "weight": 70, "photo": "https://media.api-sports.io/football/players/748.png"}, {"name": "Toni Kroos", "age": 28, "nationality": "Germany", "height": 183, "weight": 76, "photo": "https://media.api-sports.io/football/players/752.png"}, {"name": "Luka Modric", "age": 33, "nationality": "Croatia", "height": 172, "weight": 66, "photo": "https://media.api-sports.io/football/players/754.png"}, {"name": "Federico Valverde", "age": 20, "nationality": "Uruguay", "height": 182, "weight": 78, "photo": "https://media.api-sports.io/football/players/756.png"}, {"name": "Lucas Vázquez", "age": 27, "nationality": "Spain", "height": 173, "weight": 70, "photo": "https://media.api-sports.io/football/players/757.png"}, {"name": "Karim Benzema", "age": 31, "nationality": "France", "height": 185, "weight": 81, "photo": "https://media.api-sports.io/football/players/759.png"}, {"name": "Michy Batshuayi", "age": 25, "nationality": "Belgium", "height": 184, "weight": 76, "photo": "https://media.api-sports.io/football/players/2927.png"}, {"name": "Marc-André ter Stegen", "age": 26, "nationality": "Germany", "height": 187, "weight": 85, "photo": "https://media.api-sports.io/football/players/127.png"}, {"name": "Jordi Alba", "age": 29, "nationality": "Spain", "height": 170, "weight": 68, "photo": "https://media.api-sports.io/football/players/128.png"}, {"name": "Clement Lenglet", "age": 23, "nationality": "France", "height": 186, "weight": 81, "photo": "https://media.api-sports.io/football/players/133.png"}, {"name": "Gerard Piqué", "age": 31, "nationality": "Spain", "height": 194, "weight": 85, "photo": "https://media.api-sports.io/football/players/136.png"}, {"name": "Sergi Roberto", "age": 26, "nationality": "Spain", "height": 178, "weight": 68, "photo": "https://media.api-sports.io/football/players/137.png"}, {"name": "Sergio Busquets", "age": 30, "nationality": "Spain", "height": 189, "weight": 76, "photo": "https://media.api-sports.io/football/players/144.png"}, {"name": "Ousmane Dembélé", "age": 21, "nationality": "France", "height": 178, "weight": 67, "photo": "https://media.api-sports.io/football/players/153.png"}, {"name": "Gareth Bale", "age": 29, "nationality": "Wales", "height": 185, "weight": 81, "photo": "https://media.api-sports.io/football/players/758.png"}, {"name": "Vinícius Júnior", "age": 18, "nationality": "Brazil", "height": 176, "weight": 73, "photo": "https://media.api-sports.io/football/players/762.png"}, {"name": "Neto", "age": 29, "nationality": "Brazil", "height": 190, "weight": 84, "photo": "https://media.api-sports.io/football/players/912.png"}, {"name": "Ferrán Torres", "age": 18, "nationality": "Spain", "height": 184, "weight": 77, "photo": "https://media.api-sports.io/football/players/931.png"}, {"name": "Sergio Asenjo", "age": 29, "nationality": "Spain", "height": 189, "weight": 87, "photo": "https://media.api-sports.io/football/players/1682.png"}, {"name": "Martin Braithwaite", "age": 27, "nationality": "Denmark", "height": 177, "weight": 73, "photo": "https://media.api-sports.io/football/players/2737.png"}, {"name": "Gerónimo Rulli", "age": 26, "nationality": "Argentina", "height": 189, "weight": 84, "photo": "https://media.api-sports.io/football/players/47296.png"}, {"name": "Ivan Rakitic", "age": 30, "nationality": "Croatia", "height": 184, "weight": 78, "photo": "https://media.api-sports.io/football/players/149.png"}, {"name": "Francis Coquelin", "age": 27, "nationality": "France", "height": 176, "weight": 74, "photo": "https://media.api-sports.io/football/players/924.png"}, {"name": "Daniel Parejo", "age": 29, "nationality": "Spain", "height": 182, "weight": 74, "photo": "https://media.api-sports.io/football/players/928.png"}, {"name": "Aissa Mandi", "age": 27, "nationality": "Algeria", "height": 184, "weight": 78, "photo": "https://media.api-sports.io/football/players/1567.png"}, {"name": "Santiago Cáseres", "age": 21, "nationality": "Argentina", "height": 177, "weight": 75, "photo": "https://media.api-sports.io/football/players/1694.png"}, {"name": "Samuel Chukwueze", "age": 19, "nationality": "Nigeria", "height": 172, "weight": 70, "photo": "https://media.api-sports.io/football/players/1696.png"}, {"name": "Vicente Iborra", "age": 30, "nationality": "Spain", "height": 190, "weight": 80, "photo": "https://media.api-sports.io/football/players/1699.png"}, {"name": "Manu Trigueros", "age": 27, "nationality": "Spain", "height": 178, "weight": 75, "photo": "https://media.api-sports.io/football/players/1705.png"}, {"name": "Gerard Moreno", "age": 26, "nationality": "Spain", "height": 180, "weight": 77, "photo": "https://media.api-sports.io/football/players/1707.png"}, {"name": "Jesús Navas", "age": 33, "nationality": "Spain", "height": 172, "weight": 60, "photo": "https://media.api-sports.io/football/players/2054.png"}, {"name": "Bono", "age": 27, "nationality": "Morocco", "height": 192, "weight": 78, "photo": "https://media.api-sports.io/football/players/2701.png"}, {"name": "Marko Dmitrovic", "age": 26, "nationality": "Serbia", "height": 194, "weight": 94, "photo": "https://media.api-sports.io/football/players/2813.png"}, {"name": "Joan Jordán", "age": 24, "nationality": "Spain", "height": 184, "weight": 74, "photo": "https://media.api-sports.io/football/players/47389.png"}, {"name": "Rubén Peña", "age": 27, "nationality": "Spain", "height": 170, "weight": 65, "photo": "https://media.api-sports.io/football/players/47391.png"}, {"name": "Óscar Rodríguez", "age": 20, "nationality": "Spain", "height": 174, "weight": 67, "photo": "https://media.api-sports.io/football/players/47416.png"}, {"name": "Moi Gómez", "age": 24, "nationality": "Spain", "height": 176, "weight": 71, "photo": "https://media.api-sports.io/football/players/47574.png"}, {"name": "Thomas Partey", "age": 25, "nationality": "Ghana", "height": 185, "weight": 77, "photo": "https://media.api-sports.io/football/players/49.png"}, {"name": "Cristiano Piccini", "age": 26, "nationality": "Italy", "height": 189, "weight": 86, "photo": "https://media.api-sports.io/football/players/921.png"}, {"name": "Tomás Vaclik", "age": 29, "nationality": "Czech Republic", "height": 188, "weight": 85, "photo": "https://media.api-sports.io/football/players/2037.png"}, {"name": "Wissam Ben Yedder", "age": 28, "nationality": "France", "height": 170, "weight": 68, "photo": "https://media.api-sports.io/football/players/2059.png"}, {"name": "Guillermo Maripán", "age": 24, "nationality": "Chile", "height": 193, "weight": 84, "photo": "https://media.api-sports.io/football/players/2553.png"}, {"name": "Iñigo Córdoba", "age": 21, "nationality": "Spain", "height": 180, "weight": 76, "photo": "https://media.api-sports.io/football/players/47279.png"}, {"name": "Marc Cardona", "age": 23, "nationality": "Spain", "height": 183, "weight": 70, "photo": "https://media.api-sports.io/football/players/47393.png"}, {"name": "Youssef En-Nesyri", "age": 21, "nationality": "Morocco", "height": 189, "weight": 73, "photo": "https://media.api-sports.io/football/players/47422.png"}, {"name": "Pione Sisto", "age": 23, "nationality": "Denmark", "height": 171, "weight": 64, "photo": "https://media.api-sports.io/football/players/47447.png"}, {"name": "Duje Cop", "age": 28, "nationality": "Croatia", "height": 184, "weight": 72, "photo": "https://media.api-sports.io/football/players/47493.png"}, {"name": "Philippe Coutinho", "age": 26, "nationality": "Brazil", "height": 172, "weight": 68, "photo": "https://media.api-sports.io/football/players/147.png"}, {"name": "Rodrigo", "age": 27, "nationality": "Spain", "height": 182, "weight": 77, "photo": "https://media.api-sports.io/football/players/935.png"}, {"name": "Júnior Firpo", "age": 22, "nationality": "Spain", "height": 184, "weight": 78, "photo": "https://media.api-sports.io/football/players/1564.png"}, {"name": "Héctor Moreno", "age": 30, "nationality": "Mexico", "height": 183, "weight": 76, "photo": "https://media.api-sports.io/football/players/2874.png"}, {"name": "Diego Llorente", "age": 25, "nationality": "Spain", "height": 186, "weight": 75, "photo": "https://media.api-sports.io/football/players/47302.png"}, {"name": "Marc Roca", "age": 22, "nationality": "Spain", "height": 184, "weight": 77, "photo": "https://media.api-sports.io/football/players/47341.png"}, {"name": "Diego Rolan", "age": 25, "nationality": "Uruguay", "height": 177, "weight": 69, "photo": "https://media.api-sports.io/football/players/47373.png"}, {"name": "Cabral", "age": 33, "nationality": "Argentina", "height": 182, "weight": 80, "photo": "https://media.api-sports.io/football/players/47428.png"}, {"name": "Douglas Luiz", "age": 20, "nationality": "Brazil", "height": 175, "weight": 66, "photo": "https://media.api-sports.io/football/players/47522.png"}, {"name": "Juan Camilo Hernández", "age": 19, "nationality": "Colombia", "height": 176, "weight": 73, "photo": "https://media.api-sports.io/football/players/47582.png"}, {"name": "Saúl Ñíguez", "age": 24, "nationality": "Spain", "height": 184, "weight": 76, "photo": "https://media.api-sports.io/football/players/48.png"}, {"name": "Malcom", "age": 21, "nationality": "Brazil", "height": 171, "weight": 77, "photo": "https://media.api-sports.io/football/players/156.png"}, {"name": "Raphael Varane", "age": 25, "nationality": "France", "height": 191, "weight": 81, "photo": "https://media.api-sports.io/football/players/742.png"}, {"name": "Facundo Roncaglia", "age": 31, "nationality": "Argentina", "height": 179, "weight": 76, "photo": "https://media.api-sports.io/football/players/922.png"}, {"name": "Zouhair Feddal", "age": 29, "nationality": "Morocco", "height": 192, "weight": 84, "photo": "https://media.api-sports.io/football/players/1563.png"}, {"name": "Pablo Fornals", "age": 22, "nationality": "Spain", "height": 178, "weight": 67, "photo": "https://media.api-sports.io/football/players/1697.png"}, {"name": "Quincy Promes", "age": 26, "nationality": "Netherlands", "height": 174, "weight": 71, "photo": "https://media.api-sports.io/football/players/2062.png"}, {"name": "Roberto Rosales", "age": 30, "nationality": "Venezuela", "height": 174, "weight": 73, "photo": "https://media.api-sports.io/football/players/2444.png"}, {"name": "Manu García", "age": 32, "nationality": "Spain", "height": 182, "weight": 74, "photo": "https://media.api-sports.io/football/players/47363.png"}, {"name": "Andrew Hjulsager", "age": 23, "nationality": "Denmark", "height": 175, "weight": 73, "photo": "https://media.api-sports.io/football/players/47437.png"}, {"name": "Pedro Porro", "age": 19, "nationality": "Spain", "height": 176, "weight": 71, "photo": "https://media.api-sports.io/football/players/47519.png"}, {"name": "Jordi Amat", "age": 26, "nationality": "Spain", "height": 184, "weight": 78, "photo": "https://media.api-sports.io/football/players/47531.png"}, {"name": "Rodri", "age": 22, "nationality": "Spain", "height": 191, "weight": 82, "photo": "https://media.api-sports.io/football/players/44.png"}, {"name": "Arturo Vidal", "age": 31, "nationality": "Chile", "height": 180, "weight": 75, "photo": "https://media.api-sports.io/football/players/151.png"}, {"name": "Simon Kjaer", "age": 29, "nationality": "Denmark", "height": 190, "weight": 86, "photo": "https://media.api-sports.io/football/players/2045.png"}, {"name": "Pablo Sarabia", "age": 26, "nationality": "Spain", "height": 174, "weight": 70, "photo": "https://media.api-sports.io/football/players/2056.png"}, {"name": "Vitorino Antunes", "age": 31, "nationality": "Portugal", "height": 175, "weight": 72, "photo": "https://media.api-sports.io/football/players/47255.png"}, {"name": "Theo Hernández", "age": 21, "nationality": "France", "height": 184, "weight": 81, "photo": "https://media.api-sports.io/football/players/47300.png"}, {"name": "Abdoulaye Ba", "age": 27, "nationality": "Senegal", "height": 197, "weight": 82, "photo": "https://media.api-sports.io/football/players/47532.png"}, {"name": "Giannelli Imbula", "age": 26, "nationality": "Congo DR", "height": 186, "weight": 78, "photo": "https://media.api-sports.io/football/players/47544.png"}, {"name": "Nikola Kalinic", "age": 30, "nationality": "Croatia", "height": 187, "weight": 79, "photo": "https://media.api-sports.io/football/players/57.png"}, {"name": "Álvaro Morata", "age": 26, "nationality": "Spain", "height": 190, "weight": 84, "photo": "https://media.api-sports.io/football/players/59.png"}, {"name": "Arthur", "age": 22, "nationality": "Brazil", "height": 171, "weight": 73, "photo": "https://media.api-sports.io/football/players/150.png"}, {"name": "Álvaro Morata", "age": 23, "nationality": "Spain", "height": 176, "weight": 66, "photo": "https://media.api-sports.io/football/players/737.png"}, {"name": "Giovani Lo Celso", "age": 22, "nationality": "Argentina", "height": 177, "weight": 68, "photo": "https://media.api-sports.io/football/players/1578.png"}, {"name": "Antonio Sanabria", "age": 22, "nationality": "Paraguay", "height": 180, "weight": 70, "photo": "https://media.api-sports.io/football/players/2522.png"}, {"name": "Jony", "age": 27, "nationality": "Spain", "height": 179, "weight": 76, "photo": "https://media.api-sports.io/football/players/47366.png"}, {"name": "Marc Cucurella", "age": 20, "nationality": "Spain", "height": 172, "weight": 66, "photo": "https://media.api-sports.io/football/players/47380.png"}, {"name": "Stanislav Lobotka", "age": 24, "nationality": "Slovakia", "height": 170, "weight": 68, "photo": "https://media.api-sports.io/football/players/47439.png"}, {"name": "Daniele Verde", "age": 22, "nationality": "Italy", "height": 168, "weight": 64, "photo": "https://media.api-sports.io/football/players/47500.png"}, {"name": "Carles Aleñá", "age": 20, "nationality": "Spain", "height": 173, "weight": 75, "photo": "https://media.api-sports.io/football/players/67955.png"}]