[{"name": "Mario Mandzukic", "age": 32, "nationality": "Croatia", "height": 190, "weight": 85, "photo": "https://media.api-sports.io/football/players/878.png"}, {"name": "Fabio Pisacane", "age": 32, "nationality": "Italy", "height": 182, "weight": 81, "photo": "https://media.api-sports.io/football/players/30548.png"}, {"name": "Luca Rossettini", "age": 33, "nationality": "Italy", "height": 187, "weight": 82, "photo": "https://media.api-sports.io/football/players/30742.png"}, {"name": "Emanuele Giaccherini", "age": 33, "nationality": "Italy", "height": 167, "weight": 60, "photo": "https://media.api-sports.io/football/players/30749.png"}, {"name": "Sergio Pellissier", "age": 39, "nationality": "Italy", "height": 175, "weight": 75, "photo": "https://media.api-sports.io/football/players/30759.png"}, {"name": "Oscar Hiljemark", "age": 26, "nationality": "Sweden", "height": 184, "weight": 77, "photo": "https://media.api-sports.io/football/players/30779.png"}, {"name": "Sergio Floccari", "age": 37, "nationality": "Italy", "height": 180, "weight": 80, "photo": "https://media.api-sports.io/football/players/30877.png"}, {"name": "Lorenzo Ariaudo", "age": 29, "nationality": "Italy", "height": 186, "weight": 76, "photo": "https://media.api-sports.io/football/players/31070.png"}, {"name": "Daniele De Rossi", "age": 35, "nationality": "Italy", "height": 184, "weight": 83, "photo": "https://media.api-sports.io/football/players/779.png"}, {"name": "Ignazio Abate", "age": 32, "nationality": "Italy", "height": 180, "weight": 73, "photo": "https://media.api-sports.io/football/players/1626.png"}, {"name": "Mateo Musacchio", "age": 28, "nationality": "Argentina", "height": 180, "weight": 73, "photo": "https://media.api-sports.io/football/players/1630.png"}, {"name": "Senad Lulic", "age": 32, "nationality": "Bosnia and Herzegovina", "height": 183, "weight": 75, "photo": "https://media.api-sports.io/football/players/1855.png"}, {"name": "Marco Parolo", "age": 33, "nationality": "Italy", "height": 184, "weight": 75, "photo": "https://media.api-sports.io/football/players/1857.png"}, {"name": "Darijo Srna", "age": 36, "nationality": "Croatia", "height": 178, "weight": 77, "photo": "https://media.api-sports.io/football/players/30557.png"}, {"name": "Alessandro Matri", "age": 19, "nationality": "Italy", "height": null, "weight": null, "photo": "https://media.api-sports.io/football/players/30566.png"}, {"name": "Massimo Gobbi", "age": 38, "nationality": "Italy", "height": 183, "weight": 79, "photo": "https://media.api-sports.io/football/players/31013.png"}, {"name": "Manuel Pasqual", "age": 36, "nationality": "Italy", "height": 178, "weight": 71, "photo": "https://media.api-sports.io/football/players/31046.png"}, {"name": "Emiliano Moretti", "age": 37, "nationality": "Italy", "height": 185, "weight": 80, "photo": "https://media.api-sports.io/football/players/30502.png"}, {"name": "Alessandro Matri", "age": 34, "nationality": "Italy", "height": 183, "weight": 80, "photo": "https://media.api-sports.io/football/players/30541.png"}, {"name": "Simone Padoin", "age": 34, "nationality": "Italy", "height": 179, "weight": 73, "photo": "https://media.api-sports.io/football/players/30569.png"}, {"name": "Felipe", "age": 34, "nationality": "Brazil", "height": 188, "weight": 75, "photo": "https://media.api-sports.io/football/players/30856.png"}, {"name": "Marcello Gazzola", "age": 33, "nationality": "Italy", "height": 184, "weight": 79, "photo": "https://media.api-sports.io/football/players/31012.png"}, {"name": "Domenico Maietta", "age": 36, "nationality": "Italy", "height": 185, "weight": 77, "photo": "https://media.api-sports.io/football/players/31044.png"}, {"name": "Kwadwo Asamoah", "age": 30, "nationality": "Ghana", "height": 173, "weight": 75, "photo": "https://media.api-sports.io/football/players/191.png"}, {"name": "Borja Valero", "age": 33, "nationality": "Spain", "height": 175, "weight": 73, "photo": "https://media.api-sports.io/football/players/210.png"}, {"name": "Kevin Mirallas", "age": 31, "nationality": "Belgium", "height": 182, "weight": 72, "photo": "https://media.api-sports.io/football/players/30412.png"}, {"name": "Iago Falque", "age": 28, "nationality": "Spain", "height": 174, "weight": 69, "photo": "https://media.api-sports.io/football/players/30512.png"}, {"name": "Valter Birsa", "age": 32, "nationality": "Slovenia", "height": 184, "weight": 83, "photo": "https://media.api-sports.io/football/players/30559.png"}, {"name": "Luca Siligardi", "age": 30, "nationality": "Italy", "height": 180, "weight": 72, "photo": "https://media.api-sports.io/football/players/31034.png"}, {"name": "Vincent Laurini", "age": 29, "nationality": "France", "height": 173, "weight": 72, "photo": "https://media.api-sports.io/football/players/30400.png"}, {"name": "Fabio Pisacane", "age": 32, "nationality": "Italy", "height": 178, "weight": 77, "photo": "https://media.api-sports.io/football/players/30555.png"}, {"name": "Stefano Sorrentino", "age": 39, "nationality": "Italy", "height": 186, "weight": 84, "photo": "https://media.api-sports.io/football/players/30734.png"}, {"name": "Esteban Rolón", "age": 23, "nationality": "Argentina", "height": 175, "weight": 70, "photo": "https://media.api-sports.io/football/players/30783.png"}, {"name": "Mirko Valdifiori", "age": 32, "nationality": "Italy", "height": 185, "weight": 70, "photo": "https://media.api-sports.io/football/players/30874.png"}, {"name": "Afriyie Acquah", "age": 26, "nationality": "Ghana", "height": 179, "weight": 70, "photo": "https://media.api-sports.io/football/players/3419.png"}, {"name": "Federico Mattiello", "age": 23, "nationality": "Italy", "height": 182, "weight": 73, "photo": "https://media.api-sports.io/football/players/30474.png"}, {"name": "Riccardo Meggiorini", "age": 33, "nationality": "Italy", "height": 182, "weight": 79, "photo": "https://media.api-sports.io/football/players/30758.png"}, {"name": "Davide Biraschi", "age": 24, "nationality": "Italy", "height": 182, "weight": 73, "photo": "https://media.api-sports.io/football/players/30769.png"}, {"name": "Sebastien De Maio", "age": 31, "nationality": "France", "height": 190, "weight": 90, "photo": "https://media.api-sports.io/football/players/30796.png"}, {"name": "Luca Rigoni", "age": 34, "nationality": "Italy", "height": 185, "weight": 78, "photo": "https://media.api-sports.io/football/players/31025.png"}, {"name": "Francesco Zampano", "age": 25, "nationality": "Italy", "height": 177, "weight": 72, "photo": "https://media.api-sports.io/football/players/31079.png"}, {"name": "Raffaele Maiello", "age": 27, "nationality": "Italy", "height": 177, "weight": 73, "photo": "https://media.api-sports.io/football/players/31086.png"}, {"name": "Camillo Ciano", "age": 28, "nationality": "Italy", "height": 176, "weight": 73, "photo": "https://media.api-sports.io/football/players/31091.png"}, {"name": "Steven N'Zonzi", "age": 30, "nationality": "France", "height": 196, "weight": 75, "photo": "https://media.api-sports.io/football/players/780.png"}, {"name": "Blaise Matuidi", "age": 31, "nationality": "France", "height": 180, "weight": 75, "photo": "https://media.api-sports.io/football/players/869.png"}, {"name": "Lucas Biglia", "age": 32, "nationality": "Argentina", "height": 178, "weight": 64, "photo": "https://media.api-sports.io/football/players/1637.png"}, {"name": "Gonzalo Higuaín", "age": 31, "nationality": "Argentina", "height": 186, "weight": 89, "photo": "https://media.api-sports.io/football/players/2297.png"}, {"name": "Filip Bradaric", "age": 26, "nationality": "Croatia", "height": 186, "weight": 78, "photo": "https://media.api-sports.io/football/players/2761.png"}, {"name": "Luca Cigarini", "age": 29, "nationality": "Argentina", "height": 182, "weight": 75, "photo": "https://media.api-sports.io/football/players/30567.png"}, {"name": "Ervin Zukanovic", "age": 31, "nationality": "Bosnia and Herzegovina", "height": 188, "weight": 85, "photo": "https://media.api-sports.io/football/players/30777.png"}, {"name": "Stefano Okaka", "age": 29, "nationality": "Italy", "height": 186, "weight": 82, "photo": "https://media.api-sports.io/football/players/30816.png"}, {"name": "Lukasz Teodorczyk", "age": 27, "nationality": "Poland", "height": 185, "weight": 76, "photo": "https://media.api-sports.io/football/players/30817.png"}, {"name": "Emiliano Viviano", "age": 33, "nationality": "Italy", "height": 195, "weight": 90, "photo": "https://media.api-sports.io/football/players/30852.png"}, {"name": "Gervinho", "age": 31, "nationality": "Côte d'Ivoire", "height": 179, "weight": 66, "photo": "https://media.api-sports.io/football/players/31032.png"}, {"name": "Fabio Borini", "age": 27, "nationality": "Italy", "height": 180, "weight": 73, "photo": "https://media.api-sports.io/football/players/1648.png"}, {"name": "Wallace", "age": 24, "nationality": "Brazil", "height": 191, "weight": 83, "photo": "https://media.api-sports.io/football/players/1840.png"}, {"name": "Bryan Dabo", "age": 26, "nationality": "Burkina Faso", "height": 187, "weight": 75, "photo": "https://media.api-sports.io/football/players/30404.png"}, {"name": "Arturo Calabresi", "age": 22, "nationality": "Italy", "height": 186, "weight": 75, "photo": "https://media.api-sports.io/football/players/30469.png"}, {"name": "Andrea Poli", "age": 29, "nationality": "Italy", "height": 182, "weight": 77, "photo": "https://media.api-sports.io/football/players/30482.png"}, {"name": "Paolo Faragò", "age": 25, "nationality": "Italy", "height": 187, "weight": 80, "photo": "https://media.api-sports.io/football/players/30563.png"}, {"name": "Francesco Cassata", "age": 21, "nationality": "Italy", "height": 183, "weight": 76, "photo": "https://media.api-sports.io/football/players/31081.png"}, {"name": "Marco Sau", "age": 31, "nationality": "Italy", "height": 169, "weight": 65, "photo": "https://media.api-sports.io/football/players/30464.png"}, {"name": "Artur Ionita", "age": 28, "nationality": "Moldova", "height": 186, "weight": 75, "photo": "https://media.api-sports.io/football/players/30564.png"}, {"name": "Federico Barba", "age": 25, "nationality": "Italy", "height": 185, "weight": 77, "photo": "https://media.api-sports.io/football/players/30737.png"}, {"name": "Francesco Vicari", "age": 24, "nationality": "Italy", "height": 190, "weight": 80, "photo": "https://media.api-sports.io/football/players/30863.png"}, {"name": "Gastón Ramírez", "age": 28, "nationality": "Uruguay", "height": 183, "weight": 78, "photo": "https://media.api-sports.io/football/players/30455.png"}, {"name": "Danilo", "age": 34, "nationality": "Brazil", "height": 184, "weight": 80, "photo": "https://media.api-sports.io/football/players/30472.png"}, {"name": "Pedro Pereira", "age": 20, "nationality": "Portugal", "height": 182, "weight": 77, "photo": "https://media.api-sports.io/football/players/30768.png"}, {"name": "Marco D'Alessandro", "age": 27, "nationality": "Italy", "height": 173, "weight": 71, "photo": "https://media.api-sports.io/football/players/30806.png"}, {"name": "Pasquale Schiattarella", "age": 31, "nationality": "Italy", "height": 178, "weight": 68, "photo": "https://media.api-sports.io/football/players/30871.png"}, {"name": "Mattia Valoti", "age": 25, "nationality": "Italy", "height": 181, "weight": 62, "photo": "https://media.api-sports.io/football/players/30875.png"}, {"name": "Luigi Sepe", "age": 27, "nationality": "Italy", "height": 191, "weight": 90, "photo": "https://media.api-sports.io/football/players/31008.png"}, {"name": "Simone Iacoponi", "age": 31, "nationality": "Italy", "height": 180, "weight": 73, "photo": "https://media.api-sports.io/football/players/31014.png"}, {"name": "Antonino Barillà", "age": 30, "nationality": "Italy", "height": 180, "weight": 76, "photo": "https://media.api-sports.io/football/players/31017.png"}, {"name": "Matteo Scozzarella", "age": 30, "nationality": "Italy", "height": 170, "weight": 65, "photo": "https://media.api-sports.io/football/players/31026.png"}, {"name": "Mattia Sprocati", "age": 25, "nationality": "Italy", "height": 178, "weight": 70, "photo": "https://media.api-sports.io/football/players/31027.png"}, {"name": "Rodrigo Palacio", "age": 36, "nationality": "Argentina", "height": 180, "weight": 75, "photo": "https://media.api-sports.io/football/players/30489.png"}, {"name": "Luca Cigarini", "age": 32, "nationality": "Italy", "height": 175, "weight": 72, "photo": "https://media.api-sports.io/football/players/30560.png"}, {"name": "Mehdi Leris", "age": 20, "nationality": "France", "height": 186, "weight": 83, "photo": "https://media.api-sports.io/football/players/30753.png"}, {"name": "Nicola Rigoni", "age": 28, "nationality": "Italy", "height": 185, "weight": 84, "photo": "https://media.api-sports.io/football/players/30754.png"}, {"name": "Antonio Candreva", "age": 18, "nationality": "Italy", "height": 185, "weight": 77, "photo": "https://media.api-sports.io/football/players/30770.png"}, {"name": "Simone Missiroli", "age": 32, "nationality": "Italy", "height": 191, "weight": 77, "photo": "https://media.api-sports.io/football/players/30867.png"}, {"name": "Roberto Inglese", "age": 27, "nationality": "Italy", "height": 187, "weight": 85, "photo": "https://media.api-sports.io/football/players/31031.png"}, {"name": "Marko Pjaca", "age": 25, "nationality": "Croatia", "height": 185, "weight": 70, "photo": "https://media.api-sports.io/football/players/31055.png"}, {"name": "Marco Capuano", "age": 27, "nationality": "Italy", "height": 185, "weight": 80, "photo": "https://media.api-sports.io/football/players/31072.png"}, {"name": "Luca Valzania", "age": 22, "nationality": "Italy", "height": 184, "weight": 72, "photo": "https://media.api-sports.io/football/players/31089.png"}, {"name": "Daniel Ciofani", "age": 33, "nationality": "Italy", "height": 191, "weight": 74, "photo": "https://media.api-sports.io/football/players/31092.png"}, {"name": "Lorenzo Tonelli", "age": 18, "nationality": "Italy", "height": 173, "weight": null, "photo": "https://media.api-sports.io/football/players/30439.png"}, {"name": "Vittorio Parigini", "age": 22, "nationality": "Italy", "height": 180, "weight": 71, "photo": "https://media.api-sports.io/football/players/30508.png"}, {"name": "Alberto Cerri", "age": 22, "nationality": "Italy", "height": 194, "weight": 92, "photo": "https://media.api-sports.io/football/players/30570.png"}, {"name": "Perparim Hetemaj", "age": 32, "nationality": "Finland", "height": 179, "weight": 76, "photo": "https://media.api-sports.io/football/players/30750.png"}, {"name": "Matías Silvestre", "age": 34, "nationality": "Argentina", "height": 187, "weight": 78, "photo": "https://media.api-sports.io/football/players/31049.png"}, {"name": "Antonio La Gumina", "age": 22, "nationality": "Italy", "height": 182, "weight": 78, "photo": "https://media.api-sports.io/football/players/31062.png"}, {"name": "Daniel Bessa", "age": 31, "nationality": "Italy", "height": 182, "weight": 75, "photo": "https://media.api-sports.io/football/players/31141.png"}, {"name": "Nicolò Barella", "age": 18, "nationality": "Italy", "height": 188, "weight": null, "photo": "https://media.api-sports.io/football/players/30551.png"}, {"name": "Alessandro Murgia", "age": 22, "nationality": "Italy", "height": 185, "weight": 78, "photo": "https://media.api-sports.io/football/players/30868.png"}, {"name": "Alberto Paloschi", "age": 28, "nationality": "Italy", "height": 183, "weight": 82, "photo": "https://media.api-sports.io/football/players/30878.png"}, {"name": "Fabio Ceravolo", "age": 31, "nationality": "Italy", "height": 180, "weight": 73, "photo": "https://media.api-sports.io/football/players/31029.png"}, {"name": "Cristian Dell'Orco", "age": 24, "nationality": "Italy", "height": 183, "weight": 80, "photo": "https://media.api-sports.io/football/players/31041.png"}, {"name": "Andrea Beghetto", "age": 24, "nationality": "Italy", "height": 182, "weight": 72, "photo": "https://media.api-sports.io/football/players/31080.png"}, {"name": "Marco Parolo", "age": 18, "nationality": "Albania", "height": 185, "weight": null, "photo": "https://media.api-sports.io/football/players/1832.png"}, {"name": "Mirco Antenucci", "age": 34, "nationality": "Italy", "height": 178, "weight": 68, "photo": "https://media.api-sports.io/football/players/30876.png"}, {"name": "Andrea Pinamonti", "age": 19, "nationality": "Italy", "height": null, "weight": null, "photo": "https://media.api-sports.io/football/players/31083.png"}, {"name": "Radja Nainggolan", "age": 30, "nationality": "Belgium", "height": 176, "weight": 65, "photo": "https://media.api-sports.io/football/players/205.png"}, {"name": "Cengiz Ünder", "age": 21, "nationality": "Turkey", "height": 173, "weight": 66, "photo": "https://media.api-sports.io/football/players/785.png"}, {"name": "Justin Kluivert", "age": 19, "nationality": "Netherlands", "height": 171, "weight": 66, "photo": "https://media.api-sports.io/football/players/792.png"}, {"name": "Germán Pezzella", "age": 27, "nationality": "Argentina", "height": 187, "weight": 82, "photo": "https://media.api-sports.io/football/players/2469.png"}, {"name": "Alban Lafont", "age": 19, "nationality": "France", "height": 193, "weight": 82, "photo": "https://media.api-sports.io/football/players/30393.png"}, {"name": "Jakub Jankto", "age": 22, "nationality": "Czech Republic", "height": 184, "weight": 74, "photo": "https://media.api-sports.io/football/players/30453.png"}, {"name": "Alex Berenguer", "age": 23, "nationality": "Spain", "height": 175, "weight": 73, "photo": "https://media.api-sports.io/football/players/30510.png"}, {"name": "Pol Lirola", "age": 21, "nationality": "Spain", "height": 183, "weight": 70, "photo": "https://media.api-sports.io/football/players/30525.png"}, {"name": "Seko Fofana", "age": 23, "nationality": "Côte d'Ivoire", "height": 183, "weight": 74, "photo": "https://media.api-sports.io/football/players/30807.png"}, {"name": "João Mário", "age": 34, "nationality": "Brazil", "height": 186, "weight": 78, "photo": "https://media.api-sports.io/football/players/195.png"}, {"name": "Arkadiusz Milik", "age": 24, "nationality": "Poland", "height": 186, "weight": 80, "photo": "https://media.api-sports.io/football/players/333.png"}, {"name": "Douglas Costa", "age": 28, "nationality": "Brazil", "height": 172, "weight": 70, "photo": "https://media.api-sports.io/football/players/865.png"}, {"name": "Miha Zajc", "age": 24, "nationality": "Slovenia", "height": 180, "weight": 76, "photo": "https://media.api-sports.io/football/players/1369.png"}, {"name": "Gerson", "age": 21, "nationality": "Brazil", "height": 188, "weight": 72, "photo": "https://media.api-sports.io/football/players/30408.png"}, {"name": "Ragnar Klavan", "age": 33, "nationality": "Estonia", "height": 187, "weight": 85, "photo": "https://media.api-sports.io/football/players/30550.png"}, {"name": "Jasmin Kurtic", "age": 29, "nationality": "Slovenia", "height": 186, "weight": 88, "photo": "https://media.api-sports.io/football/players/30865.png"}, {"name": "Jonathan Biabiany", "age": 30, "nationality": "France", "height": 177, "weight": 73, "photo": "https://media.api-sports.io/football/players/31018.png"}, {"name": "Mauro Icardi", "age": 25, "nationality": "Argentina", "height": 181, "weight": 75, "photo": "https://media.api-sports.io/football/players/216.png"}, {"name": "Raúl Albiol", "age": 33, "nationality": "Spain", "height": 187, "weight": 74, "photo": "https://media.api-sports.io/football/players/314.png"}, {"name": "Miralem Pjanic", "age": 28, "nationality": "Bosnia and Herzegovina", "height": 178, "weight": 72, "photo": "https://media.api-sports.io/football/players/872.png"}, {"name": "Gianluigi Donnarumma", "age": 19, "nationality": "Italy", "height": 196, "weight": 90, "photo": "https://media.api-sports.io/football/players/1622.png"}, {"name": "Suso", "age": 25, "nationality": "Spain", "height": 177, "weight": 70, "photo": "https://media.api-sports.io/football/players/1650.png"}, {"name": "Rodrigo de Paul", "age": 24, "nationality": "Argentina", "height": 180, "weight": 70, "photo": "https://media.api-sports.io/football/players/2472.png"}, {"name": "Alejandro Gomez", "age": 30, "nationality": "Argentina", "height": 167, "weight": 68, "photo": "https://media.api-sports.io/football/players/30433.png"}, {"name": "Kostas Manolas", "age": 27, "nationality": "Greece", "height": 189, "weight": 83, "photo": "https://media.api-sports.io/football/players/772.png"}, {"name": "Bastos", "age": 27, "nationality": "Angola", "height": 184, "weight": 77, "photo": "https://media.api-sports.io/football/players/1845.png"}, {"name": "Filip Helander", "age": 25, "nationality": "Sweden", "height": 192, "weight": 81, "photo": "https://media.api-sports.io/football/players/2854.png"}, {"name": "Ladislav Krejci", "age": 26, "nationality": "Czech Republic", "height": 180, "weight": 67, "photo": "https://media.api-sports.io/football/players/30480.png"}, {"name": "Marlon Santos", "age": 23, "nationality": "Brazil", "height": 182, "weight": 80, "photo": "https://media.api-sports.io/football/players/30529.png"}, {"name": "Bartosz Salamon", "age": 27, "nationality": "Poland", "height": 194, "weight": 84, "photo": "https://media.api-sports.io/football/players/31076.png"}, {"name": "Robin Olsen", "age": 28, "nationality": "Sweden", "height": 198, "weight": 89, "photo": "https://media.api-sports.io/football/players/766.png"}, {"name": "Patrik Schick", "age": 22, "nationality": "Czech Republic", "height": 191, "weight": 85, "photo": "https://media.api-sports.io/football/players/794.png"}, {"name": "Emre Can", "age": 24, "nationality": "Germany", "height": 186, "weight": 86, "photo": "https://media.api-sports.io/football/players/864.png"}, {"name": "William Troost-Ekong", "age": 25, "nationality": "Nigeria", "height": 191, "weight": 82, "photo": "https://media.api-sports.io/football/players/2773.png"}, {"name": "Blerim Dzemaili", "age": 32, "nationality": "Switzerland", "height": 179, "weight": 73, "photo": "https://media.api-sports.io/football/players/30478.png"}, {"name": "Nicolas N'Koulou", "age": 28, "nationality": "Cameroon", "height": 184, "weight": 77, "photo": "https://media.api-sports.io/football/players/30503.png"}, {"name": "Samir", "age": 24, "nationality": "Brazil", "height": 189, "weight": 73, "photo": "https://media.api-sports.io/football/players/30795.png"}, {"name": "Juraj Kucka", "age": 31, "nationality": "Slovakia", "height": 186, "weight": 86, "photo": "https://media.api-sports.io/football/players/31023.png"}, {"name": "Diego Laxalt", "age": 25, "nationality": "Uruguay", "height": 178, "weight": 66, "photo": "https://media.api-sports.io/football/players/1643.png"}, {"name": "Joel Campbell", "age": 26, "nationality": "Costa Rica", "height": 178, "weight": 71, "photo": "https://media.api-sports.io/football/players/2845.png"}, {"name": "Edimilson Fernandes", "age": 22, "nationality": "Switzerland", "height": 187, "weight": 77, "photo": "https://media.api-sports.io/football/players/30405.png"}, {"name": "Christian Kouamé", "age": 21, "nationality": "Côte d'Ivoire", "height": 188, "weight": 70, "photo": "https://media.api-sports.io/football/players/30789.png"}, {"name": "Allan", "age": 27, "nationality": "Brazil", "height": 173, "weight": 73, "photo": "https://media.api-sports.io/football/players/326.png"}, {"name": "João Cancelo", "age": 24, "nationality": "Portugal", "height": 182, "weight": 74, "photo": "https://media.api-sports.io/football/players/855.png"}, {"name": "Cristiano Ronaldo", "age": 33, "nationality": "Portugal", "height": 187, "weight": 83, "photo": "https://media.api-sports.io/football/players/874.png"}, {"name": "Joachim Andersen", "age": 22, "nationality": "Denmark", "height": 192, "weight": 90, "photo": "https://media.api-sports.io/football/players/2729.png"}, {"name": "Lyanco", "age": 21, "nationality": "Brazil", "height": 187, "weight": 85, "photo": "https://media.api-sports.io/football/players/30476.png"}, {"name": "Soualiho Meité", "age": 24, "nationality": "France", "height": 187, "weight": 80, "photo": "https://media.api-sports.io/football/players/30507.png"}, {"name": "Sandro", "age": 29, "nationality": "Brazil", "height": 187, "weight": 82, "photo": "https://media.api-sports.io/football/players/30813.png"}, {"name": "Samir Handanovic", "age": 34, "nationality": "Slovenia", "height": 193, "weight": 92, "photo": "https://media.api-sports.io/football/players/188.png"}, {"name": "Danilo D'Ambrosio", "age": 30, "nationality": "Italy", "height": 180, "weight": 75, "photo": "https://media.api-sports.io/football/players/193.png"}, {"name": "Stefan de Vrij", "age": 26, "nationality": "Netherlands", "height": 189, "weight": 78, "photo": "https://media.api-sports.io/football/players/194.png"}, {"name": "Milan Skriniar", "age": 23, "nationality": "Slovakia", "height": 187, "weight": 80, "photo": "https://media.api-sports.io/football/players/198.png"}, {"name": "Marcelo Brozovic", "age": 26, "nationality": "Croatia", "height": 181, "weight": 68, "photo": "https://media.api-sports.io/football/players/201.png"}, {"name": "Roberto Gagliardini", "age": 24, "nationality": "Italy", "height": 190, "weight": 77, "photo": "https://media.api-sports.io/football/players/203.png"}, {"name": "Ivan Perisic", "age": 29, "nationality": "Croatia", "height": 186, "weight": 80, "photo": "https://media.api-sports.io/football/players/207.png"}, {"name": "Matías Vecino", "age": 27, "nationality": "Uruguay", "height": 187, "weight": 81, "photo": "https://media.api-sports.io/football/players/211.png"}, {"name": "Lautaro Martínez", "age": 21, "nationality": "Argentina", "height": 174, "weight": 72, "photo": "https://media.api-sports.io/football/players/217.png"}, {"name": "Aleksandar Kolarov", "age": 33, "nationality": "Serbia", "height": 187, "weight": 81, "photo": "https://media.api-sports.io/football/players/771.png"}, {"name": "Edin Dzeko", "age": 32, "nationality": "Bosnia and Herzegovina", "height": 193, "weight": 80, "photo": "https://media.api-sports.io/football/players/790.png"}, {"name": "Hakan Calhanoglu", "age": 24, "nationality": "Turkey", "height": 178, "weight": 76, "photo": "https://media.api-sports.io/football/players/1640.png"}, {"name": "Stefano Sensi", "age": 23, "nationality": "Italy", "height": 168, "weight": 62, "photo": "https://media.api-sports.io/football/players/30535.png"}, {"name": "Nicolò Barella", "age": 21, "nationality": "Italy", "height": 175, "weight": 68, "photo": "https://media.api-sports.io/football/players/30558.png"}, {"name": "Ionut Radu", "age": 21, "nationality": "Romania", "height": 188, "weight": 70, "photo": "https://media.api-sports.io/football/players/30765.png"}, {"name": "Alessandro Bastoni", "age": 19, "nationality": "Italy", "height": 190, "weight": 75, "photo": "https://media.api-sports.io/football/players/31009.png"}, {"name": "David Ospina", "age": 30, "nationality": "Colombia", "height": 183, "weight": 80, "photo": "https://media.api-sports.io/football/players/313.png"}, {"name": "Kalidou Koulibaly", "age": 27, "nationality": "Senegal", "height": 195, "weight": 89, "photo": "https://media.api-sports.io/football/players/318.png"}, {"name": "Kevin Malcuit", "age": 27, "nationality": "France", "height": 178, "weight": 77, "photo": "https://media.api-sports.io/football/players/321.png"}, {"name": "Mário Rui", "age": 27, "nationality": "Portugal", "height": 170, "weight": 67, "photo": "https://media.api-sports.io/football/players/322.png"}, {"name": "Alessandro Florenzi", "age": 27, "nationality": "Italy", "height": 173, "weight": 67, "photo": "https://media.api-sports.io/football/players/769.png"}, {"name": "Juan Jesus", "age": 27, "nationality": "Brazil", "height": 185, "weight": 83, "photo": "https://media.api-sports.io/football/players/774.png"}, {"name": "Davide Calabria", "age": 22, "nationality": "Italy", "height": 177, "weight": 70, "photo": "https://media.api-sports.io/football/players/1627.png"}, {"name": "Alessio Romagnoli", "age": 23, "nationality": "Italy", "height": 185, "weight": 75, "photo": "https://media.api-sports.io/football/players/1632.png"}, {"name": "Tiemoué Bakayoko", "age": 24, "nationality": "France", "height": 185, "weight": 77, "photo": "https://media.api-sports.io/football/players/1635.png"}, {"name": "Samu Castillejo", "age": 23, "nationality": "Spain", "height": 182, "weight": 67, "photo": "https://media.api-sports.io/football/players/1641.png"}, {"name": "Franck Kessié", "age": 22, "nationality": "Côte d'Ivoire", "height": 183, "weight": 74, "photo": "https://media.api-sports.io/football/players/1642.png"}, {"name": "Ismael Bennacer", "age": 21, "nationality": "Algeria", "height": 175, "weight": 70, "photo": "https://media.api-sports.io/football/players/3173.png"}, {"name": "Pierluigi Gollini", "age": 23, "nationality": "Italy", "height": 194, "weight": 94, "photo": "https://media.api-sports.io/football/players/30418.png"}, {"name": "Cristian Romero", "age": 20, "nationality": "Argentina", "height": 185, "weight": 79, "photo": "https://media.api-sports.io/football/players/30776.png"}, {"name": "Giovanni Di Lorenzo", "age": 25, "nationality": "Italy", "height": 183, "weight": 83, "photo": "https://media.api-sports.io/football/players/31042.png"}, {"name": "Rade Krunic", "age": 25, "nationality": "Bosnia and Herzegovina", "height": 184, "weight": 74, "photo": "https://media.api-sports.io/football/players/31054.png"}, {"name": "Matteo Politano", "age": 25, "nationality": "Italy", "height": 171, "weight": 67, "photo": "https://media.api-sports.io/football/players/219.png"}, {"name": "Faouzi Ghoulam", "age": 27, "nationality": "Algeria", "height": 186, "weight": 80, "photo": "https://media.api-sports.io/football/players/316.png"}, {"name": "Adam Ounas", "age": 22, "nationality": "Algeria", "height": 172, "weight": 65, "photo": "https://media.api-sports.io/football/players/327.png"}, {"name": "Fabián", "age": 22, "nationality": "Spain", "height": 189, "weight": 70, "photo": "https://media.api-sports.io/football/players/328.png"}, {"name": "Piotr Zielinski", "age": 24, "nationality": "Poland", "height": 180, "weight": 75, "photo": "https://media.api-sports.io/football/players/329.png"}, {"name": "Lorenzo Insigne", "age": 27, "nationality": "Italy", "height": 163, "weight": 59, "photo": "https://media.api-sports.io/football/players/331.png"}, {"name": "Dries Mertens", "age": 31, "nationality": "Belgium", "height": 169, "weight": 61, "photo": "https://media.api-sports.io/football/players/332.png"}, {"name": "Juan Musso", "age": 24, "nationality": "Argentina", "height": 191, "weight": 93, "photo": "https://media.api-sports.io/football/players/2465.png"}, {"name": "Remo Freuler", "age": 26, "nationality": "Switzerland", "height": 180, "weight": 80, "photo": "https://media.api-sports.io/football/players/2807.png"}, {"name": "Berat Gjimshiti", "age": 25, "nationality": "Albania", "height": 190, "weight": 83, "photo": "https://media.api-sports.io/football/players/30421.png"}, {"name": "Robin Gosens", "age": 24, "nationality": "Germany", "height": 183, "weight": 76, "photo": "https://media.api-sports.io/football/players/30422.png"}, {"name": "Hans Hateboer", "age": 24, "nationality": "Netherlands", "height": 185, "weight": 72, "photo": "https://media.api-sports.io/football/players/30423.png"}, {"name": "José Luis Palomino", "age": 28, "nationality": "Argentina", "height": 188, "weight": 87, "photo": "https://media.api-sports.io/football/players/30428.png"}, {"name": "Rafael Toloi", "age": 28, "nationality": "Italy", "height": 185, "weight": 75, "photo": "https://media.api-sports.io/football/players/30429.png"}, {"name": "Marten de Roon", "age": 27, "nationality": "Netherlands", "height": 185, "weight": 76, "photo": "https://media.api-sports.io/football/players/30432.png"}, {"name": "Andrea Petagna", "age": 23, "nationality": "Italy", "height": 190, "weight": 85, "photo": "https://media.api-sports.io/football/players/30879.png"}, {"name": "Marco Sportiello", "age": 26, "nationality": "Italy", "height": 192, "weight": 87, "photo": "https://media.api-sports.io/football/players/31069.png"}, {"name": "Wojciech Szczesny", "age": 28, "nationality": "Poland", "height": 195, "weight": 90, "photo": "https://media.api-sports.io/football/players/851.png"}, {"name": "Leonardo Bonucci", "age": 31, "nationality": "Italy", "height": 190, "weight": 85, "photo": "https://media.api-sports.io/football/players/853.png"}, {"name": "Giorgio Chiellini", "age": 34, "nationality": "Italy", "height": 187, "weight": 85, "photo": "https://media.api-sports.io/football/players/856.png"}, {"name": "Mattia De Sciglio", "age": 26, "nationality": "Italy", "height": 182, "weight": 78, "photo": "https://media.api-sports.io/football/players/858.png"}, {"name": "Daniele Rugani", "age": 24, "nationality": "Italy", "height": 190, "weight": 84, "photo": "https://media.api-sports.io/football/players/861.png"}, {"name": "Rodrigo Bentancur", "age": 21, "nationality": "Uruguay", "height": 187, "weight": 72, "photo": "https://media.api-sports.io/football/players/863.png"}, {"name": "Juan Cuadrado", "age": 30, "nationality": "Colombia", "height": 179, "weight": 72, "photo": "https://media.api-sports.io/football/players/866.png"}, {"name": "Luis Muriel", "age": 27, "nationality": "Colombia", "height": 179, "weight": 79, "photo": "https://media.api-sports.io/football/players/2493.png"}, {"name": "Duván Zapata", "age": 27, "nationality": "Colombia", "height": 189, "weight": 88, "photo": "https://media.api-sports.io/football/players/2495.png"}, {"name": "Mario Pasalic", "age": 23, "nationality": "Croatia", "height": 188, "weight": 82, "photo": "https://media.api-sports.io/football/players/2763.png"}, {"name": "Josip Ilicic", "age": 30, "nationality": "Slovenia", "height": 190, "weight": 79, "photo": "https://media.api-sports.io/football/players/30434.png"}, {"name": "Manuel Locatelli", "age": 20, "nationality": "Italy", "height": 185, "weight": 75, "photo": "https://media.api-sports.io/football/players/30533.png"}, {"name": "Luca Pellegrini", "age": 19, "nationality": "Italy", "height": 178, "weight": 72, "photo": "https://media.api-sports.io/football/players/30554.png"}, {"name": "José Callejón", "age": 31, "nationality": "Spain", "height": 178, "weight": 73, "photo": "https://media.api-sports.io/football/players/330.png"}, {"name": "Federico Bernardeschi", "age": 24, "nationality": "Italy", "height": 185, "weight": 77, "photo": "https://media.api-sports.io/football/players/873.png"}, {"name": "Krzysztof Piatek", "age": 23, "nationality": "Poland", "height": 183, "weight": 77, "photo": "https://media.api-sports.io/football/players/1651.png"}, {"name": "Erick Pulgar", "age": 24, "nationality": "Chile", "height": 187, "weight": 78, "photo": "https://media.api-sports.io/football/players/2560.png"}, {"name": "Nikola Milenkovic", "age": 21, "nationality": "Serbia", "height": 195, "weight": 90, "photo": "https://media.api-sports.io/football/players/2817.png"}, {"name": "Cristiano Biraghi", "age": 26, "nationality": "Italy", "height": 185, "weight": 78, "photo": "https://media.api-sports.io/football/players/30396.png"}, {"name": "Marco Benassi", "age": 24, "nationality": "Italy", "height": 183, "weight": 80, "photo": "https://media.api-sports.io/football/players/30403.png"}, {"name": "Federico Chiesa", "age": 21, "nationality": "Italy", "height": 175, "weight": 70, "photo": "https://media.api-sports.io/football/players/30410.png"}, {"name": "Riccardo Saponara", "age": 27, "nationality": "Italy", "height": 184, "weight": 73, "photo": "https://media.api-sports.io/football/players/30456.png"}, {"name": "Alfred Duncan", "age": 25, "nationality": "Ghana", "height": 178, "weight": 78, "photo": "https://media.api-sports.io/football/players/30532.png"}, {"name": "Bartlomiej Dragowski", "age": 21, "nationality": "Poland", "height": 191, "weight": 74, "photo": "https://media.api-sports.io/football/players/31035.png"}, {"name": "Elseid Hysaj", "age": 24, "nationality": "Albania", "height": 182, "weight": 75, "photo": "https://media.api-sports.io/football/players/317.png"}, {"name": "Federico Fazio", "age": 31, "nationality": "Argentina", "height": 195, "weight": 85, "photo": "https://media.api-sports.io/football/players/768.png"}, {"name": "Davide Santon", "age": 27, "nationality": "Italy", "height": 187, "weight": 77, "photo": "https://media.api-sports.io/football/players/775.png"}, {"name": "Bryan Cristante", "age": 23, "nationality": "Italy", "height": 186, "weight": 80, "photo": "https://media.api-sports.io/football/players/778.png"}, {"name": "Lorenzo Pellegrini", "age": 22, "nationality": "Italy", "height": 186, "weight": 77, "photo": "https://media.api-sports.io/football/players/782.png"}, {"name": "Nicolo Zaniolo", "age": 19, "nationality": "Italy", "height": 190, "weight": 79, "photo": "https://media.api-sports.io/football/players/786.png"}, {"name": "Stephan El Shaarawy", "age": 26, "nationality": "Italy", "height": 178, "weight": 72, "photo": "https://media.api-sports.io/football/players/791.png"}, {"name": "Thomas Strakosha", "age": 23, "nationality": "Albania", "height": 186, "weight": 78, "photo": "https://media.api-sports.io/football/players/1835.png"}, {"name": "Francesco Acerbi", "age": 30, "nationality": "Italy", "height": 192, "weight": 88, "photo": "https://media.api-sports.io/football/players/1836.png"}, {"name": "Patric", "age": 25, "nationality": "Spain", "height": 184, "weight": 72, "photo": "https://media.api-sports.io/football/players/1841.png"}, {"name": "Adam Marusic", "age": 26, "nationality": "Montenegro", "height": 185, "weight": 76, "photo": "https://media.api-sports.io/football/players/1844.png"}, {"name": "Stefan Radu", "age": 32, "nationality": "Romania", "height": 183, "weight": 79, "photo": "https://media.api-sports.io/football/players/1846.png"}, {"name": "Jordan Veretout", "age": 25, "nationality": "France", "height": 177, "weight": 67, "photo": "https://media.api-sports.io/football/players/30409.png"}, {"name": "Gianluca Mancini", "age": 22, "nationality": "Italy", "height": 190, "weight": 77, "photo": "https://media.api-sports.io/football/players/30425.png"}, {"name": "Ricardo Rodríguez", "age": 26, "nationality": "Switzerland", "height": 181, "weight": 78, "photo": "https://media.api-sports.io/football/players/1631.png"}, {"name": "Sergej Milinkovic-Savic", "age": 23, "nationality": "Serbia", "height": 191, "weight": 76, "photo": "https://media.api-sports.io/football/players/1856.png"}, {"name": "Luis Alberto", "age": 26, "nationality": "Spain", "height": 182, "weight": 70, "photo": "https://media.api-sports.io/football/players/1859.png"}, {"name": "Ciro Immobile", "age": 28, "nationality": "Italy", "height": 185, "weight": 78, "photo": "https://media.api-sports.io/football/players/1863.png"}, {"name": "Sasa Lukic", "age": 22, "nationality": "Serbia", "height": 183, "weight": 77, "photo": "https://media.api-sports.io/football/players/2823.png"}, {"name": "Timothy Castagne", "age": 23, "nationality": "Belgium", "height": 185, "weight": 80, "photo": "https://media.api-sports.io/football/players/2920.png"}, {"name": "Etrit Berisha", "age": 29, "nationality": "Albania", "height": 194, "weight": 82, "photo": "https://media.api-sports.io/football/players/30416.png"}, {"name": "Cristian Ansaldi", "age": 32, "nationality": "Argentina", "height": 181, "weight": 76, "photo": "https://media.api-sports.io/football/players/30496.png"}, {"name": "Koffi Djidji", "age": 26, "nationality": "Côte d'Ivoire", "height": 184, "weight": 71, "photo": "https://media.api-sports.io/football/players/30499.png"}, {"name": "Armando Izzo", "age": 26, "nationality": "Italy", "height": 183, "weight": 78, "photo": "https://media.api-sports.io/football/players/30501.png"}, {"name": "Daniele Baselli", "age": 26, "nationality": "Italy", "height": 182, "weight": 70, "photo": "https://media.api-sports.io/football/players/30506.png"}, {"name": "Manuel Lazzari", "age": 25, "nationality": "Italy", "height": 174, "weight": 67, "photo": "https://media.api-sports.io/football/players/30866.png"}, {"name": "Simone Verdi", "age": 26, "nationality": "Italy", "height": 171, "weight": 62, "photo": "https://media.api-sports.io/football/players/334.png"}, {"name": "Antonio Sanabria", "age": 22, "nationality": "Paraguay", "height": 180, "weight": 70, "photo": "https://media.api-sports.io/football/players/2522.png"}, {"name": "Darko Lazovic", "age": 28, "nationality": "Serbia", "height": 181, "weight": 66, "photo": "https://media.api-sports.io/football/players/2822.png"}, {"name": "Dennis Praet", "age": 24, "nationality": "Belgium", "height": 181, "weight": 78, "photo": "https://media.api-sports.io/football/players/2925.png"}, {"name": "Karol Linetty", "age": 23, "nationality": "Poland", "height": 176, "weight": 73, "photo": "https://media.api-sports.io/football/players/3009.png"}, {"name": "Federico Ceccherini", "age": 26, "nationality": "Italy", "height": 186, "weight": 72, "photo": "https://media.api-sports.io/football/players/30397.png"}, {"name": "Marko Pjaca", "age": 23, "nationality": "Croatia", "height": 186, "weight": 83, "photo": "https://media.api-sports.io/football/players/30413.png"}, {"name": "Gianluca Caprari", "age": 25, "nationality": "Italy", "height": 176, "weight": 72, "photo": "https://media.api-sports.io/football/players/30460.png"}, {"name": "Andrea Belotti", "age": 25, "nationality": "Italy", "height": 181, "weight": 72, "photo": "https://media.api-sports.io/football/players/30509.png"}, {"name": "Simone Zaza", "age": 27, "nationality": "Italy", "height": 186, "weight": 84, "photo": "https://media.api-sports.io/football/players/30515.png"}, {"name": "Fabio Depaoli", "age": 21, "nationality": "Italy", "height": 178, "weight": 71, "photo": "https://media.api-sports.io/football/players/30747.png"}, {"name": "Miguel Veloso", "age": 32, "nationality": "Portugal", "height": 180, "weight": 79, "photo": "https://media.api-sports.io/football/players/30781.png"}, {"name": "Rolando Mandragora", "age": 21, "nationality": "Italy", "height": 183, "weight": 76, "photo": "https://media.api-sports.io/football/players/30810.png"}, {"name": "Kevin Lasagna", "age": 26, "nationality": "Italy", "height": 185, "weight": 80, "photo": "https://media.api-sports.io/football/players/30815.png"}, {"name": "Mohamed Fares", "age": 22, "nationality": "Algeria", "height": 183, "weight": 75, "photo": "https://media.api-sports.io/football/players/30859.png"}, {"name": "Patrick Cutrone", "age": 20, "nationality": "Italy", "height": 183, "weight": 75, "photo": "https://media.api-sports.io/football/players/1649.png"}, {"name": "Giovanni Simeone", "age": 23, "nationality": "Argentina", "height": 180, "weight": 81, "photo": "https://media.api-sports.io/football/players/30414.png"}, {"name": "Lorenzo Tonelli", "age": 28, "nationality": "Italy", "height": 183, "weight": 78, "photo": "https://media.api-sports.io/football/players/30450.png"}, {"name": "Andrea Consigli", "age": 31, "nationality": "Italy", "height": 189, "weight": 82, "photo": "https://media.api-sports.io/football/players/30516.png"}, {"name": "Gianmarco Ferrari", "age": 26, "nationality": "Italy", "height": 189, "weight": 82, "photo": "https://media.api-sports.io/football/players/30523.png"}, {"name": "Rogerio", "age": 20, "nationality": "Brazil", "height": 178, "weight": 70, "photo": "https://media.api-sports.io/football/players/30527.png"}, {"name": "Federico Peluso", "age": 34, "nationality": "Italy", "height": 187, "weight": 82, "photo": "https://media.api-sports.io/football/players/30528.png"}, {"name": "Jeremie Boga", "age": 21, "nationality": "Côte d'Ivoire", "height": 172, "weight": 68, "photo": "https://media.api-sports.io/football/players/30531.png"}, {"name": "Francesco Magnanelli", "age": 34, "nationality": "Italy", "height": 181, "weight": 79, "photo": "https://media.api-sports.io/football/players/30534.png"}, {"name": "Federico Di Francesco", "age": 24, "nationality": "Italy", "height": 171, "weight": 75, "photo": "https://media.api-sports.io/football/players/30539.png"}, {"name": "Filippo Romagna", "age": 21, "nationality": "Italy", "height": 186, "weight": 75, "photo": "https://media.api-sports.io/football/players/30556.png"}, {"name": "Mariusz Stepinski", "age": 23, "nationality": "Poland", "height": 183, "weight": 72, "photo": "https://media.api-sports.io/football/players/30761.png"}, {"name": "Leo Stulac", "age": 24, "nationality": "Slovenia", "height": 175, "weight": 70, "photo": "https://media.api-sports.io/football/players/31028.png"}, {"name": "Andrea Pinamonti", "age": 19, "nationality": "Italy", "height": 188, "weight": 72, "photo": "https://media.api-sports.io/football/players/31094.png"}, {"name": "Lukasz Skorupski", "age": 27, "nationality": "Poland", "height": 187, "weight": 84, "photo": "https://media.api-sports.io/football/players/2998.png"}, {"name": "Gregoire Defrel", "age": 27, "nationality": "France", "height": 180, "weight": 79, "photo": "https://media.api-sports.io/football/players/30461.png"}, {"name": "Mitchell Dijks", "age": 25, "nationality": "Netherlands", "height": 194, "weight": 93, "photo": "https://media.api-sports.io/football/players/30471.png"}, {"name": "Ibrahima Mbaye", "age": 24, "nationality": "Senegal", "height": 187, "weight": 70, "photo": "https://media.api-sports.io/football/players/30473.png"}, {"name": "Roberto Soriano", "age": 27, "nationality": "Italy", "height": 182, "weight": 76, "photo": "https://media.api-sports.io/football/players/30483.png"}, {"name": "Mattias Svanberg", "age": 19, "nationality": "Sweden", "height": 185, "weight": 75, "photo": "https://media.api-sports.io/football/players/30484.png"}, {"name": "Riccardo Orsolini", "age": 21, "nationality": "Italy", "height": 183, "weight": 73, "photo": "https://media.api-sports.io/football/players/30488.png"}, {"name": "Federico Santander", "age": 27, "nationality": "Paraguay", "height": 187, "weight": 79, "photo": "https://media.api-sports.io/football/players/30491.png"}, {"name": "Lorenzo De Silvestri", "age": 30, "nationality": "Italy", "height": 186, "weight": 84, "photo": "https://media.api-sports.io/football/players/30498.png"}, {"name": "Filip Djuricic", "age": 26, "nationality": "Serbia", "height": 176, "weight": 69, "photo": "https://media.api-sports.io/football/players/30536.png"}, {"name": "Domenico Berardi", "age": 24, "nationality": "Italy", "height": 183, "weight": 72, "photo": "https://media.api-sports.io/football/players/30537.png"}, {"name": "Kevin Bonifazi", "age": 22, "nationality": "Italy", "height": 187, "weight": 70, "photo": "https://media.api-sports.io/football/players/30853.png"}, {"name": "Hamed Junior Traore", "age": 18, "nationality": "Côte d'Ivoire", "height": 184, "weight": 77, "photo": "https://media.api-sports.io/football/players/31057.png"}, {"name": "Francesco Vicari", "age": 26, "nationality": "Italy", "height": 188, "weight": 80, "photo": "https://media.api-sports.io/football/players/31065.png"}, {"name": "Daniele Baselli", "age": 33, "nationality": "Italy", "height": 191, "weight": 82, "photo": "https://media.api-sports.io/football/players/189.png"}, {"name": "Andrea Consigli", "age": 24, "nationality": "Italy", "height": 184, "weight": 76, "photo": "https://media.api-sports.io/football/players/1629.png"}, {"name": "Mehdi Bourabia", "age": 27, "nationality": "Morocco", "height": 183, "weight": 73, "photo": "https://media.api-sports.io/football/players/2711.png"}, {"name": "Jens Stryger Larsen", "age": 27, "nationality": "Denmark", "height": 180, "weight": 81, "photo": "https://media.api-sports.io/football/players/2733.png"}, {"name": "Bartosz Bereszynski", "age": 26, "nationality": "Poland", "height": 183, "weight": 77, "photo": "https://media.api-sports.io/football/players/3000.png"}, {"name": "Musa Barrow", "age": 20, "nationality": "Gambia", "height": 183, "weight": 77, "photo": "https://media.api-sports.io/football/players/30437.png"}, {"name": "Emil Audero", "age": 21, "nationality": "Italy", "height": 190, "weight": 83, "photo": "https://media.api-sports.io/football/players/30441.png"}, {"name": "Omar Colley", "age": 26, "nationality": "Gambia", "height": 192, "weight": 88, "photo": "https://media.api-sports.io/football/players/30444.png"}, {"name": "Jacopo Sala", "age": 27, "nationality": "Italy", "height": 181, "weight": 75, "photo": "https://media.api-sports.io/football/players/30448.png"}, {"name": "Diego Falcinelli", "age": 27, "nationality": "Italy", "height": 186, "weight": 76, "photo": "https://media.api-sports.io/football/players/30487.png"}, {"name": "Bram Nuytinck", "age": 28, "nationality": "Netherlands", "height": 190, "weight": 80, "photo": "https://media.api-sports.io/football/players/30797.png"}, {"name": "Ignacio Pussetto", "age": 23, "nationality": "Argentina", "height": 180, "weight": 74, "photo": "https://media.api-sports.io/football/players/30812.png"}, {"name": "Ivan Provedel", "age": 24, "nationality": "Italy", "height": 192, "weight": 82, "photo": "https://media.api-sports.io/football/players/31037.png"}, {"name": "Antonio Candreva", "age": 31, "nationality": "Italy", "height": 180, "weight": 70, "photo": "https://media.api-sports.io/football/players/202.png"}, {"name": "Tomás Rincón", "age": 30, "nationality": "Venezuela", "height": 177, "weight": 76, "photo": "https://media.api-sports.io/football/players/2452.png"}, {"name": "Albin Ekdal", "age": 29, "nationality": "Sweden", "height": 186, "weight": 75, "photo": "https://media.api-sports.io/football/players/2858.png"}, {"name": "Nicola Murru", "age": 24, "nationality": "Italy", "height": 180, "weight": 74, "photo": "https://media.api-sports.io/football/players/30447.png"}, {"name": "Manolo Gabbiadini", "age": 27, "nationality": "Italy", "height": 181, "weight": 75, "photo": "https://media.api-sports.io/football/players/30462.png"}, {"name": "Fabio Quagliarella", "age": 35, "nationality": "Italy", "height": 180, "weight": 79, "photo": "https://media.api-sports.io/football/players/30463.png"}, {"name": "Giangiacomo Magnani", "age": 23, "nationality": "Italy", "height": 190, "weight": 85, "photo": "https://media.api-sports.io/football/players/30526.png"}, {"name": "Alessio Cragno", "age": 24, "nationality": "Italy", "height": 184, "weight": 78, "photo": "https://media.api-sports.io/football/players/30546.png"}, {"name": "Sofian Kiyine", "age": 21, "nationality": "Morocco", "height": 182, "weight": 78, "photo": "https://media.api-sports.io/football/players/30752.png"}, {"name": "Francesco Caputo", "age": 31, "nationality": "Italy", "height": 180, "weight": 75, "photo": "https://media.api-sports.io/football/players/31060.png"}, {"name": "Edoardo Goldaniga", "age": 25, "nationality": "Italy", "height": 193, "weight": 87, "photo": "https://media.api-sports.io/football/players/31073.png"}, {"name": "Andrea Masiello", "age": 32, "nationality": "Italy", "height": 185, "weight": 75, "photo": "https://media.api-sports.io/football/players/30426.png"}, {"name": "Salvatore Sirigu", "age": 31, "nationality": "Italy", "height": 192, "weight": 80, "photo": "https://media.api-sports.io/football/players/30495.png"}, {"name": "Luca Ceppitelli", "age": 29, "nationality": "Italy", "height": 186, "weight": 80, "photo": "https://media.api-sports.io/football/players/30549.png"}, {"name": "Alessandro Deiola", "age": 23, "nationality": "Italy", "height": 189, "weight": 85, "photo": "https://media.api-sports.io/football/players/30561.png"}, {"name": "João Pedro", "age": 26, "nationality": "Brazil", "height": 184, "weight": 73, "photo": "https://media.api-sports.io/football/players/30562.png"}, {"name": "Leonardo Pavoletti", "age": 30, "nationality": "Italy", "height": 188, "weight": 80, "photo": "https://media.api-sports.io/football/players/30573.png"}, {"name": "Mattia Bani", "age": 25, "nationality": "Italy", "height": 188, "weight": 80, "photo": "https://media.api-sports.io/football/players/30736.png"}, {"name": "Domenico Criscito", "age": 32, "nationality": "Italy", "height": 183, "weight": 75, "photo": "https://media.api-sports.io/football/players/30771.png"}, {"name": "Nikola Maksimovic", "age": 27, "nationality": "Serbia", "height": 193, "weight": 82, "photo": "https://media.api-sports.io/football/players/320.png"}, {"name": "Milan Badelj", "age": 29, "nationality": "Croatia", "height": 186, "weight": 76, "photo": "https://media.api-sports.io/football/players/1850.png"}, {"name": "Felipe Caicedo", "age": 30, "nationality": "Ecuador", "height": 183, "weight": 84, "photo": "https://media.api-sports.io/football/players/1861.png"}, {"name": "Mattia Destro", "age": 27, "nationality": "Italy", "height": 181, "weight": 73, "photo": "https://media.api-sports.io/football/players/30486.png"}, {"name": "Pawel Jaroszynski", "age": 24, "nationality": "Poland", "height": 184, "weight": 78, "photo": "https://media.api-sports.io/football/players/30740.png"}, {"name": "Ivan Radovanovic", "age": 30, "nationality": "Serbia", "height": 186, "weight": 80, "photo": "https://media.api-sports.io/football/players/30782.png"}, {"name": "Goran Pandev", "age": 35, "nationality": "North Macedonia", "height": 184, "weight": 75, "photo": "https://media.api-sports.io/football/players/30791.png"}, {"name": "Valon Behrami", "age": 33, "nationality": "Switzerland", "height": 185, "weight": 78, "photo": "https://media.api-sports.io/football/players/30805.png"}, {"name": "Riccardo Gagliolo", "age": 28, "nationality": "Sweden", "height": 180, "weight": 75, "photo": "https://media.api-sports.io/football/players/31011.png"}, {"name": "Frederic Veseli", "age": 26, "nationality": "Albania", "height": 183, "weight": 80, "photo": "https://media.api-sports.io/football/players/31050.png"}]