[{"name": "Wes Morgan", "age": 34, "nationality": "Jamaica", "height": 186, "weight": 101, "photo": "https://media.api-sports.io/football/players/18774.png"}, {"name": "Simon Francis", "age": 33, "nationality": "England", "height": 183, "weight": 90, "photo": "https://media.api-sports.io/football/players/18865.png"}, {"name": "Andrew Surman", "age": 32, "nationality": "England", "height": 178, "weight": 73, "photo": "https://media.api-sports.io/football/players/18879.png"}, {"name": "Glenn Murray", "age": 35, "nationality": "England", "height": 183, "weight": 80, "photo": "https://media.api-sports.io/football/players/18982.png"}, {"name": "Kevin McDonald", "age": 30, "nationality": "Scotland", "height": 188, "weight": 82, "photo": "https://media.api-sports.io/football/players/19029.png"}, {"name": "Sergio Agüero", "age": 30, "nationality": "Argentina", "height": 173, "weight": 70, "photo": "https://media.api-sports.io/football/players/642.png"}, {"name": "José Holebas", "age": 34, "nationality": "Greece", "height": 184, "weight": 77, "photo": "https://media.api-sports.io/football/players/18795.png"}, {"name": "Pablo Zabaleta", "age": 33, "nationality": "Argentina", "height": 176, "weight": 74, "photo": "https://media.api-sports.io/football/players/18818.png"}, {"name": "Mohamed Diamé", "age": 31, "nationality": "Senegal", "height": 184, "weight": 86, "photo": "https://media.api-sports.io/football/players/18898.png"}, {"name": "Ki Sung-yueng", "age": 29, "nationality": "Korea Republic", "height": 189, "weight": 75, "photo": "https://media.api-sports.io/football/players/18900.png"}, {"name": "André Schürrle", "age": 28, "nationality": "Germany", "height": 184, "weight": 73, "photo": "https://media.api-sports.io/football/players/19031.png"}, {"name": "Christian Eriksen", "age": 26, "nationality": "Denmark", "height": 182, "weight": 76, "photo": "https://media.api-sports.io/football/players/174.png"}, {"name": "Christian Atsu", "age": 26, "nationality": "Ghana", "height": 165, "weight": 65, "photo": "https://media.api-sports.io/football/players/3423.png"}, {"name": "Jordon Ibe", "age": 23, "nationality": "England", "height": 176, "weight": 81, "photo": "https://media.api-sports.io/football/players/18876.png"}, {"name": "Davy Pröpper", "age": 27, "nationality": "Netherlands", "height": 185, "weight": 79, "photo": "https://media.api-sports.io/football/players/18975.png"}, {"name": "Luciano Vietto", "age": 25, "nationality": "Argentina", "height": 174, "weight": 69, "photo": "https://media.api-sports.io/football/players/19036.png"}, {"name": "Fernando Llorente", "age": 33, "nationality": "Spain", "height": 193, "weight": 90, "photo": "https://media.api-sports.io/football/players/185.png"}, {"name": "Daniel Sturridge", "age": 29, "nationality": "England", "height": 188, "weight": 76, "photo": "https://media.api-sports.io/football/players/308.png"}, {"name": "Mesut Özil", "age": 30, "nationality": "Germany", "height": 180, "weight": 76, "photo": "https://media.api-sports.io/football/players/1458.png"}, {"name": "Shinji Okazaki", "age": 32, "nationality": "Japan", "height": 174, "weight": 70, "photo": "https://media.api-sports.io/football/players/18787.png"}, {"name": "Adrian Mariappa", "age": 32, "nationality": "Jamaica", "height": 180, "weight": 78, "photo": "https://media.api-sports.io/football/players/18798.png"}, {"name": "Max Meyer", "age": 23, "nationality": "Germany", "height": 173, "weight": 67, "photo": "https://media.api-sports.io/football/players/18851.png"}, {"name": "Maxime Le Marchand", "age": 29, "nationality": "France", "height": 181, "weight": 68, "photo": "https://media.api-sports.io/football/players/19019.png"}, {"name": "Florent Hadergjonaj", "age": 24, "nationality": "Kosovo", "height": 182, "weight": 73, "photo": "https://media.api-sports.io/football/players/19042.png"}, {"name": "Isaac Mbenza", "age": 22, "nationality": "Belgium", "height": 187, "weight": 77, "photo": "https://media.api-sports.io/football/players/19059.png"}, {"name": "Héctor Bellerín", "age": 23, "nationality": "Spain", "height": 178, "weight": 74, "photo": "https://media.api-sports.io/football/players/1439.png"}, {"name": "Laurent Koscielny", "age": 33, "nationality": "France", "height": 186, "weight": 75, "photo": "https://media.api-sports.io/football/players/1443.png"}, {"name": "Nacho Monreal", "age": 32, "nationality": "Spain", "height": 179, "weight": 72, "photo": "https://media.api-sports.io/football/players/1447.png"}, {"name": "Lucas Pérez", "age": 30, "nationality": "Spain", "height": 180, "weight": 82, "photo": "https://media.api-sports.io/football/players/18833.png"}, {"name": "Mamadou Sakho", "age": 28, "nationality": "France", "height": 187, "weight": 83, "photo": "https://media.api-sports.io/football/players/18842.png"}, {"name": "Martín Montoya", "age": 27, "nationality": "Spain", "height": 175, "weight": 73, "photo": "https://media.api-sports.io/football/players/18965.png"}, {"name": "Florin Andone", "age": 25, "nationality": "Romania", "height": 180, "weight": 78, "photo": "https://media.api-sports.io/football/players/18978.png"}, {"name": "Víctor Camarasa", "age": 24, "nationality": "Spain", "height": 183, "weight": 76, "photo": "https://media.api-sports.io/football/players/18998.png"}, {"name": "Toby Alderweireld", "age": 29, "nationality": "Belgium", "height": 186, "weight": 81, "photo": "https://media.api-sports.io/football/players/162.png"}, {"name": "Xherdan Shaqiri", "age": 27, "nationality": "Switzerland", "height": 169, "weight": 72, "photo": "https://media.api-sports.io/football/players/307.png"}, {"name": "Shkodran Mustafi", "age": 26, "nationality": "Germany", "height": 184, "weight": 82, "photo": "https://media.api-sports.io/football/players/1448.png"}, {"name": "Matteo Guendouzi", "age": 19, "nationality": "France", "height": 185, "weight": 68, "photo": "https://media.api-sports.io/football/players/1454.png"}, {"name": "Willian", "age": 30, "nationality": "Brazil", "height": 175, "weight": 77, "photo": "https://media.api-sports.io/football/players/2294.png"}, {"name": "Mat Ryan", "age": 26, "nationality": "Australia", "height": 184, "weight": 82, "photo": "https://media.api-sports.io/football/players/2741.png"}, {"name": "Steve Mounie", "age": 24, "nationality": "Benin", "height": 190, "weight": 83, "photo": "https://media.api-sports.io/football/players/3395.png"}, {"name": "Hélder Costa", "age": 24, "nationality": "Angola", "height": 178, "weight": 69, "photo": "https://media.api-sports.io/football/players/18752.png"}, {"name": "Yoshinori Muto", "age": 26, "nationality": "Japan", "height": 179, "weight": 72, "photo": "https://media.api-sports.io/football/players/18905.png"}, {"name": "Mario Lemina", "age": 25, "nationality": "Gabon", "height": 184, "weight": 85, "photo": "https://media.api-sports.io/football/players/18947.png"}, {"name": "Bruno Ecuele Manga", "age": 30, "nationality": "Gabon", "height": 188, "weight": 86, "photo": "https://media.api-sports.io/football/players/18991.png"}, {"name": "Floyd Ayité", "age": 30, "nationality": "Togo", "height": 175, "weight": 73, "photo": "https://media.api-sports.io/football/players/19033.png"}, {"name": "Erik Lamela", "age": 26, "nationality": "Argentina", "height": 181, "weight": 79, "photo": "https://media.api-sports.io/football/players/176.png"}, {"name": "Georginio Wijnaldum", "age": 28, "nationality": "Netherlands", "height": 175, "weight": 69, "photo": "https://media.api-sports.io/football/players/300.png"}, {"name": "Ander Herrera", "age": 29, "nationality": "Spain", "height": 182, "weight": 71, "photo": "https://media.api-sports.io/football/players/898.png"}, {"name": "Eden Hazard", "age": 27, "nationality": "Belgium", "height": 175, "weight": 74, "photo": "https://media.api-sports.io/football/players/2296.png"}, {"name": "Idrissa Gueye", "age": 29, "nationality": "Senegal", "height": 174, "weight": 66, "photo": "https://media.api-sports.io/football/players/2990.png"}, {"name": "Rachid Ghezzal", "age": 26, "nationality": "Algeria", "height": 182, "weight": 70, "photo": "https://media.api-sports.io/football/players/18780.png"}, {"name": "Etienne Capoue", "age": 30, "nationality": "France", "height": 189, "weight": 80, "photo": "https://media.api-sports.io/football/players/18802.png"}, {"name": "Sergio Rico", "age": 25, "nationality": "Spain", "height": 194, "weight": 90, "photo": "https://media.api-sports.io/football/players/19014.png"}, {"name": "Aaron Mooy", "age": 28, "nationality": "Australia", "height": 174, "weight": 68, "photo": "https://media.api-sports.io/football/players/19050.png"}, {"name": "Alireza Jahanbakhsh", "age": 25, "nationality": "Iran", "height": 180, "weight": 76, "photo": "https://media.api-sports.io/football/players/2700.png"}, {"name": "Daryl Janmaat", "age": 29, "nationality": "Netherlands", "height": 185, "weight": 80, "photo": "https://media.api-sports.io/football/players/18796.png"}, {"name": "Patrick van Aanholt", "age": 28, "nationality": "Netherlands", "height": 176, "weight": 74, "photo": "https://media.api-sports.io/football/players/18845.png"}, {"name": "DeAndre Yedlin", "age": 25, "nationality": "USA", "height": 172, "weight": 75, "photo": "https://media.api-sports.io/football/players/18897.png"}, {"name": "Charlie Taylor", "age": 31, "nationality": "England", "height": 196, "weight": 91, "photo": "https://media.api-sports.io/football/players/18908.png"}, {"name": "Beram Kayal", "age": 30, "nationality": "Israel", "height": 178, "weight": 74, "photo": "https://media.api-sports.io/football/players/18971.png"}, {"name": "Ryan Babel", "age": 32, "nationality": "Netherlands", "height": 185, "weight": 79, "photo": "https://media.api-sports.io/football/players/19034.png"}, {"name": "Juninho Bacuna", "age": 21, "nationality": "Curaçao", "height": 178, "weight": 74, "photo": "https://media.api-sports.io/football/players/19047.png"}, {"name": "Cédric Soares", "age": 27, "nationality": "Portugal", "height": 172, "weight": 67, "photo": "https://media.api-sports.io/football/players/190.png"}, {"name": "Bernd Leno", "age": 26, "nationality": "Germany", "height": 190, "weight": 83, "photo": "https://media.api-sports.io/football/players/1438.png"}, {"name": "Sead Kolasinac", "age": 25, "nationality": "Bosnia and Herzegovina", "height": 183, "weight": 85, "photo": "https://media.api-sports.io/football/players/1442.png"}, {"name": "Granit Xhaka", "age": 26, "nationality": "Switzerland", "height": 185, "weight": 82, "photo": "https://media.api-sports.io/football/players/1464.png"}, {"name": "Pierre-Emerick Aubameyang", "age": 29, "nationality": "Gabon", "height": 187, "weight": 80, "photo": "https://media.api-sports.io/football/players/1465.png"}, {"name": "Alexandre Lacazette", "age": 27, "nationality": "France", "height": 175, "weight": 73, "photo": "https://media.api-sports.io/football/players/1467.png"}, {"name": "Ben Foster", "age": 35, "nationality": "England", "height": 193, "weight": 79, "photo": "https://media.api-sports.io/football/players/18791.png"}, {"name": "Josh Murphy", "age": 23, "nationality": "England", "height": 173, "weight": 67, "photo": "https://media.api-sports.io/football/players/19002.png"}, {"name": "Calum Chambers", "age": 23, "nationality": "England", "height": 182, "weight": 66, "photo": "https://media.api-sports.io/football/players/19016.png"}, {"name": "Danny Rose", "age": 28, "nationality": "England", "height": 173, "weight": 72, "photo": "https://media.api-sports.io/football/players/167.png"}, {"name": "Moussa Sissoko", "age": 29, "nationality": "France", "height": 187, "weight": 83, "photo": "https://media.api-sports.io/football/players/179.png"}, {"name": "Ashley Young", "age": 33, "nationality": "England", "height": 175, "weight": 65, "photo": "https://media.api-sports.io/football/players/894.png"}, {"name": "Ken Sema", "age": 25, "nationality": "Sweden", "height": 180, "weight": 69, "photo": "https://media.api-sports.io/football/players/2860.png"}, {"name": "Morgan Gibbs-White", "age": 18, "nationality": "England", "height": null, "weight": null, "photo": "https://media.api-sports.io/football/players/18746.png"}, {"name": "Craig Cathcart", "age": 29, "nationality": "Northern Ireland", "height": 188, "weight": 73, "photo": "https://media.api-sports.io/football/players/18793.png"}, {"name": "Kiko Femenía", "age": 27, "nationality": "Spain", "height": 176, "weight": 61, "photo": "https://media.api-sports.io/football/players/18794.png"}, {"name": "Christian Kabasele", "age": 27, "nationality": "Belgium", "height": 187, "weight": 84, "photo": "https://media.api-sports.io/football/players/18797.png"}, {"name": "Dan Gosling", "age": 28, "nationality": "England", "height": 183, "weight": 79, "photo": "https://media.api-sports.io/football/players/18874.png"}, {"name": "Joshua King", "age": 26, "nationality": "Norway", "height": 180, "weight": 74, "photo": "https://media.api-sports.io/football/players/18881.png"}, {"name": "Lys Mousset", "age": 22, "nationality": "France", "height": 184, "weight": 80, "photo": "https://media.api-sports.io/football/players/18882.png"}, {"name": "Matt Targett", "age": 23, "nationality": "England", "height": 183, "weight": 70, "photo": "https://media.api-sports.io/football/players/18941.png"}, {"name": "Leroy Sané", "age": 22, "nationality": "Germany", "height": 183, "weight": 80, "photo": "https://media.api-sports.io/football/players/644.png"}, {"name": "Lucas Digne", "age": 25, "nationality": "France", "height": 178, "weight": 74, "photo": "https://media.api-sports.io/football/players/2724.png"}, {"name": "Danny Ings", "age": 26, "nationality": "England", "height": 178, "weight": 73, "photo": "https://media.api-sports.io/football/players/18955.png"}, {"name": "Jürgen Locadia", "age": 25, "nationality": "Netherlands", "height": 193, "weight": 85, "photo": "https://media.api-sports.io/football/players/18981.png"}, {"name": "Callum Paterson", "age": 24, "nationality": "Scotland", "height": 183, "weight": 76, "photo": "https://media.api-sports.io/football/players/18993.png"}, {"name": "Nathaniel Mendez-Laing", "age": 26, "nationality": "England", "height": 178, "weight": 75, "photo": "https://media.api-sports.io/football/players/19008.png"}, {"name": "Erik Durm", "age": 26, "nationality": "Germany", "height": 182, "weight": 70, "photo": "https://media.api-sports.io/football/players/19040.png"}, {"name": "Chris Löwe", "age": 29, "nationality": "Germany", "height": 175, "weight": 68, "photo": "https://media.api-sports.io/football/players/19044.png"}, {"name": "Christopher Schindler", "age": 28, "nationality": "Germany", "height": 189, "weight": 82, "photo": "https://media.api-sports.io/football/players/19045.png"}, {"name": "Elias Kachunga", "age": 26, "nationality": "Congo DR", "height": 178, "weight": 74, "photo": "https://media.api-sports.io/football/players/19058.png"}, {"name": "David de Gea", "age": 28, "nationality": "Spain", "height": 192, "weight": 76, "photo": "https://media.api-sports.io/football/players/882.png"}, {"name": "Victor Lindelöf", "age": 24, "nationality": "Sweden", "height": 187, "weight": 80, "photo": "https://media.api-sports.io/football/players/889.png"}, {"name": "Fabián Balbuena", "age": 27, "nationality": "Paraguay", "height": 188, "weight": 82, "photo": "https://media.api-sports.io/football/players/2500.png"}, {"name": "Tom Heaton", "age": 32, "nationality": "England", "height": 188, "weight": 85, "photo": "https://media.api-sports.io/football/players/2931.png"}, {"name": "Bernardo", "age": 23, "nationality": "Brazil", "height": 186, "weight": 76, "photo": "https://media.api-sports.io/football/players/18964.png"}, {"name": "José Izquierdo", "age": 26, "nationality": "Colombia", "height": 171, "weight": 73, "photo": "https://media.api-sports.io/football/players/18980.png"}, {"name": "Laurent Depoitre", "age": 30, "nationality": "Belgium", "height": 191, "weight": 91, "photo": "https://media.api-sports.io/football/players/19056.png"}, {"name": "Diogo Dalot", "age": 19, "nationality": "Portugal", "height": 183, "weight": 76, "photo": "https://media.api-sports.io/football/players/886.png"}, {"name": "Phil Jones", "age": 26, "nationality": "England", "height": 180, "weight": 71, "photo": "https://media.api-sports.io/football/players/888.png"}, {"name": "Luke Shaw", "age": 23, "nationality": "England", "height": 185, "weight": 75, "photo": "https://media.api-sports.io/football/players/891.png"}, {"name": "Jesse Lingard", "age": 26, "nationality": "England", "height": 175, "weight": 62, "photo": "https://media.api-sports.io/football/players/900.png"}, {"name": "Juan Mata", "age": 30, "nationality": "Spain", "height": 170, "weight": 63, "photo": "https://media.api-sports.io/football/players/901.png"}, {"name": "Nemanja Matic", "age": 30, "nationality": "Serbia", "height": 194, "weight": 85, "photo": "https://media.api-sports.io/football/players/902.png"}, {"name": "Scott McTominay", "age": 22, "nationality": "Scotland", "height": 193, "weight": 88, "photo": "https://media.api-sports.io/football/players/903.png"}, {"name": "Paul Pogba", "age": 25, "nationality": "France", "height": 191, "weight": 84, "photo": "https://media.api-sports.io/football/players/904.png"}, {"name": "Fred", "age": 25, "nationality": "Brazil", "height": 169, "weight": 64, "photo": "https://media.api-sports.io/football/players/905.png"}, {"name": "Anthony Martial", "age": 23, "nationality": "France", "height": 181, "weight": 76, "photo": "https://media.api-sports.io/football/players/908.png"}, {"name": "Marcus Rashford", "age": 21, "nationality": "England", "height": 180, "weight": 70, "photo": "https://media.api-sports.io/football/players/909.png"}, {"name": "Kepa", "age": 24, "nationality": "Spain", "height": 189, "weight": 84, "photo": "https://media.api-sports.io/football/players/2273.png"}, {"name": "Marcos Alonso", "age": 28, "nationality": "Spain", "height": 188, "weight": 84, "photo": "https://media.api-sports.io/football/players/2278.png"}, {"name": "Antonio Rüdiger", "age": 25, "nationality": "Germany", "height": 190, "weight": 85, "photo": "https://media.api-sports.io/football/players/2285.png"}, {"name": "Harry Maguire", "age": 25, "nationality": "England", "height": 194, "weight": 100, "photo": "https://media.api-sports.io/football/players/2935.png"}, {"name": "Aaron Wan-Bissaka", "age": 21, "nationality": "England", "height": 183, "weight": 72, "photo": "https://media.api-sports.io/football/players/18846.png"}, {"name": "Sol Bamba", "age": 33, "nationality": "Côte d'Ivoire", "height": 190, "weight": 90, "photo": "https://media.api-sports.io/football/players/18986.png"}, {"name": "Lee Peltier", "age": 32, "nationality": "England", "height": 178, "weight": 73, "photo": "https://media.api-sports.io/football/players/18994.png"}, {"name": "Romelu Lukaku", "age": 25, "nationality": "Belgium", "height": 190, "weight": 93, "photo": "https://media.api-sports.io/football/players/907.png"}, {"name": "César Azpilicueta", "age": 29, "nationality": "Spain", "height": 178, "weight": 76, "photo": "https://media.api-sports.io/football/players/2280.png"}, {"name": "Ross Barkley", "age": 25, "nationality": "England", "height": 189, "weight": 76, "photo": "https://media.api-sports.io/football/players/2287.png"}, {"name": "Jorginho", "age": 27, "nationality": "Italy", "height": 180, "weight": 65, "photo": "https://media.api-sports.io/football/players/2289.png"}, {"name": "N'Golo Kanté", "age": 27, "nationality": "France", "height": 168, "weight": 68, "photo": "https://media.api-sports.io/football/players/2290.png"}, {"name": "Mateo Kovacic", "age": 24, "nationality": "Croatia", "height": 178, "weight": 78, "photo": "https://media.api-sports.io/football/players/2291.png"}, {"name": "Ruben Loftus-Cheek", "age": 22, "nationality": "England", "height": 191, "weight": 88, "photo": "https://media.api-sports.io/football/players/2292.png"}, {"name": "Kurt Zouma", "age": 24, "nationality": "France", "height": 190, "weight": 96, "photo": "https://media.api-sports.io/football/players/2726.png"}, {"name": "Ben Chilwell", "age": 22, "nationality": "England", "height": 178, "weight": 77, "photo": "https://media.api-sports.io/football/players/2933.png"}, {"name": "Lukasz Fabianski", "age": 33, "nationality": "Poland", "height": 190, "weight": 83, "photo": "https://media.api-sports.io/football/players/2997.png"}, {"name": "Aaron Cresswell", "age": 29, "nationality": "England", "height": 170, "weight": 66, "photo": "https://media.api-sports.io/football/players/18813.png"}, {"name": "Issa Diop", "age": 21, "nationality": "France", "height": 194, "weight": 92, "photo": "https://media.api-sports.io/football/players/18814.png"}, {"name": "Ryan Fredericks", "age": 26, "nationality": "England", "height": 181, "weight": 74, "photo": "https://media.api-sports.io/football/players/18815.png"}, {"name": "Arthur Masuaku", "age": 25, "nationality": "Congo DR", "height": 179, "weight": 70, "photo": "https://media.api-sports.io/football/players/18816.png"}, {"name": "Angelo Ogbonna", "age": 30, "nationality": "Italy", "height": 191, "weight": 86, "photo": "https://media.api-sports.io/football/players/18817.png"}, {"name": "Kenedy", "age": 22, "nationality": "Brazil", "height": 182, "weight": 77, "photo": "https://media.api-sports.io/football/players/18902.png"}, {"name": "Christian Benteke", "age": 28, "nationality": "Belgium", "height": 190, "weight": 83, "photo": "https://media.api-sports.io/football/players/2928.png"}, {"name": "Declan Rice", "age": 19, "nationality": "England", "height": 185, "weight": 76, "photo": "https://media.api-sports.io/football/players/2937.png"}, {"name": "Cheikhou Kouyaté", "age": 29, "nationality": "Senegal", "height": 189, "weight": 83, "photo": "https://media.api-sports.io/football/players/2991.png"}, {"name": "Wilfried Zaha", "age": 26, "nationality": "Côte d'Ivoire", "height": 180, "weight": 66, "photo": "https://media.api-sports.io/football/players/3247.png"}, {"name": "Jordan Ayew", "age": 27, "nationality": "Ghana", "height": 182, "weight": 80, "photo": "https://media.api-sports.io/football/players/3428.png"}, {"name": "Will Hughes", "age": 23, "nationality": "England", "height": 185, "weight": 74, "photo": "https://media.api-sports.io/football/players/18806.png"}, {"name": "Michail Antonio", "age": 28, "nationality": "Jamaica", "height": 180, "weight": 82, "photo": "https://media.api-sports.io/football/players/18819.png"}, {"name": "Mark Noble", "age": 31, "nationality": "England", "height": 180, "weight": 70, "photo": "https://media.api-sports.io/football/players/18826.png"}, {"name": "Vicente Guaita", "age": 31, "nationality": "Spain", "height": 190, "weight": 81, "photo": "https://media.api-sports.io/football/players/18835.png"}, {"name": "Jeffrey Schlupp", "age": 26, "nationality": "Ghana", "height": 178, "weight": 72, "photo": "https://media.api-sports.io/football/players/18843.png"}, {"name": "James Tomkins", "age": 29, "nationality": "England", "height": 192, "weight": 74, "photo": "https://media.api-sports.io/football/players/18844.png"}, {"name": "James McArthur", "age": 31, "nationality": "Scotland", "height": 178, "weight": 75, "photo": "https://media.api-sports.io/football/players/18849.png"}, {"name": "Luka Milivojevic", "age": 27, "nationality": "Serbia", "height": 186, "weight": 80, "photo": "https://media.api-sports.io/football/players/18852.png"}, {"name": "Jan Vertonghen", "age": 31, "nationality": "Belgium", "height": 189, "weight": 79, "photo": "https://media.api-sports.io/football/players/170.png"}, {"name": "Nicolás Otamendi", "age": 30, "nationality": "Argentina", "height": 183, "weight": 76, "photo": "https://media.api-sports.io/football/players/624.png"}, {"name": "Andre Gray", "age": 27, "nationality": "Jamaica", "height": 178, "weight": 83, "photo": "https://media.api-sports.io/football/players/18810.png"}, {"name": "Alex McCarthy", "age": 29, "nationality": "England", "height": 193, "weight": 79, "photo": "https://media.api-sports.io/football/players/18935.png"}, {"name": "Jack Stephens", "age": 24, "nationality": "England", "height": 185, "weight": 75, "photo": "https://media.api-sports.io/football/players/18940.png"}, {"name": "Charlie Austin", "age": 29, "nationality": "England", "height": 188, "weight": 84, "photo": "https://media.api-sports.io/football/players/18952.png"}, {"name": "Jonathan Hogg", "age": 30, "nationality": "England", "height": 170, "weight": 67, "photo": "https://media.api-sports.io/football/players/19049.png"}, {"name": "Gylfi Sigurdsson", "age": 29, "nationality": "Iceland", "height": 186, "weight": 79, "photo": "https://media.api-sports.io/football/players/2795.png"}, {"name": "Jordan Pickford", "age": 24, "nationality": "England", "height": 185, "weight": 77, "photo": "https://media.api-sports.io/football/players/2932.png"}, {"name": "Michael Keane", "age": 25, "nationality": "England", "height": 191, "weight": 82, "photo": "https://media.api-sports.io/football/players/2934.png"}, {"name": "James Ward-Prowse", "age": 24, "nationality": "England", "height": 173, "weight": 66, "photo": "https://media.api-sports.io/football/players/2938.png"}, {"name": "Jan Bednarek", "age": 22, "nationality": "Poland", "height": 189, "weight": 77, "photo": "https://media.api-sports.io/football/players/2999.png"}, {"name": "Seamus Coleman", "age": 30, "nationality": "Republic of Ireland", "height": 177, "weight": 67, "photo": "https://media.api-sports.io/football/players/18758.png"}, {"name": "Theo Walcott", "age": 29, "nationality": "England", "height": 176, "weight": 68, "photo": "https://media.api-sports.io/football/players/18769.png"}, {"name": "Asmir Begovic", "age": 31, "nationality": "Bosnia and Herzegovina", "height": 199, "weight": 101, "photo": "https://media.api-sports.io/football/players/18858.png"}, {"name": "Yan Valery", "age": 19, "nationality": "France", "height": 180, "weight": 85, "photo": "https://media.api-sports.io/football/players/18942.png"}, {"name": "Stuart Armstrong", "age": 26, "nationality": "Scotland", "height": 183, "weight": 75, "photo": "https://media.api-sports.io/football/players/18945.png"}, {"name": "Mohamed Elyounoussi", "age": 24, "nationality": "Norway", "height": 178, "weight": 70, "photo": "https://media.api-sports.io/football/players/18946.png"}, {"name": "Nathan Redmond", "age": 24, "nationality": "England", "height": 173, "weight": 69, "photo": "https://media.api-sports.io/football/players/18948.png"}, {"name": "Oriol Romeu", "age": 27, "nationality": "Spain", "height": 183, "weight": 83, "photo": "https://media.api-sports.io/football/players/18949.png"}, {"name": "Shane Long", "age": 31, "nationality": "Republic of Ireland", "height": 178, "weight": 81, "photo": "https://media.api-sports.io/football/players/18956.png"}, {"name": "Ederson", "age": 25, "nationality": "Brazil", "height": 188, "weight": 86, "photo": "https://media.api-sports.io/football/players/617.png"}, {"name": "Alex Iwobi", "age": 22, "nationality": "Nigeria", "height": 180, "weight": 75, "photo": "https://media.api-sports.io/football/players/1455.png"}, {"name": "Richarlison", "age": 21, "nationality": "Brazil", "height": 184, "weight": 83, "photo": "https://media.api-sports.io/football/players/2413.png"}, {"name": "Salomón Rondón", "age": 29, "nationality": "Venezuela", "height": 186, "weight": 86, "photo": "https://media.api-sports.io/football/players/2461.png"}, {"name": "Tom Davies", "age": 20, "nationality": "England", "height": 180, "weight": 70, "photo": "https://media.api-sports.io/football/players/18762.png"}, {"name": "André Gomes", "age": 25, "nationality": "Portugal", "height": 188, "weight": 84, "photo": "https://media.api-sports.io/football/players/18765.png"}, {"name": "Dominic Calvert-Lewin", "age": 21, "nationality": "England", "height": 187, "weight": 71, "photo": "https://media.api-sports.io/football/players/18766.png"}, {"name": "Cenk Tosun", "age": 27, "nationality": "Turkey", "height": 183, "weight": 78, "photo": "https://media.api-sports.io/football/players/18768.png"}, {"name": "Demarai Gray", "age": 22, "nationality": "England", "height": 180, "weight": 74, "photo": "https://media.api-sports.io/football/players/18781.png"}, {"name": "Abdoulaye Doucouré", "age": 25, "nationality": "France", "height": 184, "weight": 75, "photo": "https://media.api-sports.io/football/players/18805.png"}, {"name": "Andros Townsend", "age": 27, "nationality": "England", "height": 181, "weight": 77, "photo": "https://media.api-sports.io/football/players/18854.png"}, {"name": "Joe Bennett", "age": 28, "nationality": "England", "height": 177, "weight": 74, "photo": "https://media.api-sports.io/football/players/18987.png"}, {"name": "Tommy Smith", "age": 26, "nationality": "England", "height": 186, "weight": 75, "photo": "https://media.api-sports.io/football/players/19046.png"}, {"name": "Aymeric Laporte", "age": 24, "nationality": "Spain", "height": 191, "weight": 86, "photo": "https://media.api-sports.io/football/players/622.png"}, {"name": "John Stones", "age": 24, "nationality": "England", "height": 188, "weight": 70, "photo": "https://media.api-sports.io/football/players/626.png"}, {"name": "Kyle Walker", "age": 28, "nationality": "England", "height": 178, "weight": 70, "photo": "https://media.api-sports.io/football/players/627.png"}, {"name": "Kevin De Bruyne", "age": 27, "nationality": "Belgium", "height": 181, "weight": 68, "photo": "https://media.api-sports.io/football/players/629.png"}, {"name": "Ilkay Gündogan", "age": 28, "nationality": "Germany", "height": 180, "weight": 80, "photo": "https://media.api-sports.io/football/players/633.png"}, {"name": "Riyad Mahrez", "age": 27, "nationality": "Algeria", "height": 179, "weight": 67, "photo": "https://media.api-sports.io/football/players/635.png"}, {"name": "Bernardo Silva", "age": 24, "nationality": "Portugal", "height": 173, "weight": 64, "photo": "https://media.api-sports.io/football/players/636.png"}, {"name": "Fernandinho", "age": 33, "nationality": "Brazil", "height": 179, "weight": 67, "photo": "https://media.api-sports.io/football/players/640.png"}, {"name": "Gabriel Jesus", "age": 21, "nationality": "Brazil", "height": 175, "weight": 73, "photo": "https://media.api-sports.io/football/players/643.png"}, {"name": "Raheem Sterling", "age": 24, "nationality": "England", "height": 170, "weight": 69, "photo": "https://media.api-sports.io/football/players/645.png"}, {"name": "Nathan Aké", "age": 23, "nationality": "Netherlands", "height": 180, "weight": 75, "photo": "https://media.api-sports.io/football/players/18861.png"}, {"name": "Joe Bryan", "age": 25, "nationality": "England", "height": 170, "weight": 72, "photo": "https://media.api-sports.io/football/players/19015.png"}, {"name": "Denis Odoi", "age": 30, "nationality": "Belgium", "height": 178, "weight": 67, "photo": "https://media.api-sports.io/football/players/19022.png"}, {"name": "Tim Ream", "age": 31, "nationality": "USA", "height": 185, "weight": 73, "photo": "https://media.api-sports.io/football/players/19023.png"}, {"name": "Terence Kongolo", "age": 24, "nationality": "Netherlands", "height": 188, "weight": 70, "photo": "https://media.api-sports.io/football/players/19043.png"}, {"name": "Romain Saiss", "age": 28, "nationality": "Morocco", "height": 190, "weight": 80, "photo": "https://media.api-sports.io/football/players/2716.png"}, {"name": "Aleksandar Mitrovic", "age": 24, "nationality": "Serbia", "height": 187, "weight": 90, "photo": "https://media.api-sports.io/football/players/2825.png"}, {"name": "Leander Dendoncker", "age": 23, "nationality": "Belgium", "height": 188, "weight": 83, "photo": "https://media.api-sports.io/football/players/2922.png"}, {"name": "Jean Michael Seri", "age": 27, "nationality": "Côte d'Ivoire", "height": 168, "weight": 69, "photo": "https://media.api-sports.io/football/players/3243.png"}, {"name": "Conor Coady", "age": 25, "nationality": "England", "height": 185, "weight": 75, "photo": "https://media.api-sports.io/football/players/18741.png"}, {"name": "Anthony Knockaert", "age": 27, "nationality": "France", "height": 172, "weight": 69, "photo": "https://media.api-sports.io/football/players/18972.png"}, {"name": "Bobby Reid", "age": 25, "nationality": "Jamaica", "height": 170, "weight": 68, "photo": "https://media.api-sports.io/football/players/19004.png"}, {"name": "Alfie Mawson", "age": 24, "nationality": "England", "height": 188, "weight": 81, "photo": "https://media.api-sports.io/football/players/19020.png"}, {"name": "Tom Cairney", "age": 27, "nationality": "Scotland", "height": 183, "weight": 72, "photo": "https://media.api-sports.io/football/players/19025.png"}, {"name": "Hugo Lloris", "age": 32, "nationality": "France", "height": 188, "weight": 82, "photo": "https://media.api-sports.io/football/players/159.png"}, {"name": "Ben Davies", "age": 25, "nationality": "Wales", "height": 181, "weight": 76, "photo": "https://media.api-sports.io/football/players/164.png"}, {"name": "Davinson Sánchez", "age": 22, "nationality": "Colombia", "height": 187, "weight": 81, "photo": "https://media.api-sports.io/football/players/168.png"}, {"name": "Eric Dier", "age": 24, "nationality": "England", "height": 188, "weight": 88, "photo": "https://media.api-sports.io/football/players/175.png"}, {"name": "Harry Winks", "age": 22, "nationality": "England", "height": 178, "weight": 65, "photo": "https://media.api-sports.io/football/players/182.png"}, {"name": "Son Heung-Min", "age": 26, "nationality": "Korea Republic", "height": 183, "weight": 78, "photo": "https://media.api-sports.io/football/players/186.png"}, {"name": "Alexis Sánchez", "age": 30, "nationality": "Chile", "height": 169, "weight": 62, "photo": "https://media.api-sports.io/football/players/910.png"}, {"name": "Olivier Giroud", "age": 32, "nationality": "France", "height": 192, "weight": 93, "photo": "https://media.api-sports.io/football/players/2295.png"}, {"name": "Pierre-Emile Højbjerg", "age": 23, "nationality": "Denmark", "height": 187, "weight": 84, "photo": "https://media.api-sports.io/football/players/2735.png"}, {"name": "Raúl Jiménez", "age": 27, "nationality": "Mexico", "height": 187, "weight": 76, "photo": "https://media.api-sports.io/football/players/2887.png"}, {"name": "Matt Doherty", "age": 26, "nationality": "Republic of Ireland", "height": 183, "weight": 90, "photo": "https://media.api-sports.io/football/players/18742.png"}, {"name": "Adama Traoré", "age": 22, "nationality": "Spain", "height": 178, "weight": 72, "photo": "https://media.api-sports.io/football/players/18753.png"}, {"name": "Dele Alli", "age": 22, "nationality": "England", "height": 188, "weight": 76, "photo": "https://media.api-sports.io/football/players/172.png"}, {"name": "Lucas Moura", "age": 26, "nationality": "Brazil", "height": 172, "weight": 72, "photo": "https://media.api-sports.io/football/players/178.png"}, {"name": "Harry Kane", "age": 25, "nationality": "England", "height": 188, "weight": 86, "photo": "https://media.api-sports.io/football/players/184.png"}, {"name": "Alisson", "age": 26, "nationality": "Brazil", "height": 193, "weight": 91, "photo": "https://media.api-sports.io/football/players/280.png"}, {"name": "Virgil van Dijk", "age": 27, "nationality": "Netherlands", "height": 193, "weight": 92, "photo": "https://media.api-sports.io/football/players/290.png"}, {"name": "Franck Zambo", "age": 23, "nationality": "Cameroon", "height": 184, "weight": 78, "photo": "https://media.api-sports.io/football/players/3406.png"}, {"name": "Shane Duffy", "age": 26, "nationality": "Republic of Ireland", "height": 193, "weight": 76, "photo": "https://media.api-sports.io/football/players/18962.png"}, {"name": "Lewis Dunk", "age": 27, "nationality": "England", "height": 192, "weight": 88, "photo": "https://media.api-sports.io/football/players/18963.png"}, {"name": "Yves Bissouma", "age": 22, "nationality": "Mali", "height": 182, "weight": 80, "photo": "https://media.api-sports.io/football/players/18968.png"}, {"name": "Pascal Groß", "age": 27, "nationality": "Germany", "height": 181, "weight": 78, "photo": "https://media.api-sports.io/football/players/18970.png"}, {"name": "Solly March", "age": 24, "nationality": "England", "height": 180, "weight": 88, "photo": "https://media.api-sports.io/football/players/18973.png"}, {"name": "Ryan Sessegnon", "age": 18, "nationality": "England", "height": 178, "weight": 70, "photo": "https://media.api-sports.io/football/players/19032.png"}, {"name": "Álvaro Morata", "age": 26, "nationality": "Spain", "height": 190, "weight": 84, "photo": "https://media.api-sports.io/football/players/59.png"}, {"name": "Trent Alexander-Arnold", "age": 20, "nationality": "England", "height": 175, "weight": 69, "photo": "https://media.api-sports.io/football/players/283.png"}, {"name": "Joseph Gomez", "age": 21, "nationality": "England", "height": 188, "weight": 77, "photo": "https://media.api-sports.io/football/players/284.png"}, {"name": "Andrew Robertson", "age": 24, "nationality": "Scotland", "height": 178, "weight": 64, "photo": "https://media.api-sports.io/football/players/289.png"}, {"name": "Jordan Henderson", "age": 28, "nationality": "England", "height": 182, "weight": 67, "photo": "https://media.api-sports.io/football/players/292.png"}, {"name": "Naby Keita", "age": 23, "nationality": "Guinea", "height": 172, "weight": 64, "photo": "https://media.api-sports.io/football/players/294.png"}, {"name": "James Milner", "age": 32, "nationality": "England", "height": 175, "weight": 70, "photo": "https://media.api-sports.io/football/players/296.png"}, {"name": "Fabinho", "age": 25, "nationality": "Brazil", "height": 188, "weight": 78, "photo": "https://media.api-sports.io/football/players/299.png"}, {"name": "Roberto Firmino", "age": 27, "nationality": "Brazil", "height": 181, "weight": 76, "photo": "https://media.api-sports.io/football/players/302.png"}, {"name": "Sadio Mané", "age": 26, "nationality": "Senegal", "height": 175, "weight": 69, "photo": "https://media.api-sports.io/football/players/304.png"}, {"name": "Mohamed Salah", "age": 26, "nationality": "Egypt", "height": 175, "weight": 71, "photo": "https://media.api-sports.io/football/players/306.png"}, {"name": "Aaron Ramsey", "age": 28, "nationality": "Wales", "height": 178, "weight": 76, "photo": "https://media.api-sports.io/football/players/1459.png"}, {"name": "Chris Smalling", "age": 29, "nationality": "England", "height": 194, "weight": 81, "photo": "https://media.api-sports.io/football/players/892.png"}, {"name": "Ainsley Maitland-Niles", "age": 21, "nationality": "England", "height": 177, "weight": 71, "photo": "https://media.api-sports.io/football/players/1456.png"}, {"name": "Henrikh Mkhitaryan", "age": 29, "nationality": "Armenia", "height": 177, "weight": 75, "photo": "https://media.api-sports.io/football/players/1457.png"}, {"name": "Lucas Torreira", "age": 22, "nationality": "Uruguay", "height": 168, "weight": 64, "photo": "https://media.api-sports.io/football/players/1462.png"}, {"name": "Kasper Schmeichel", "age": 32, "nationality": "Denmark", "height": 189, "weight": 89, "photo": "https://media.api-sports.io/football/players/2728.png"}, {"name": "Gaëtan Bong", "age": 30, "nationality": "Cameroon", "height": 187, "weight": 74, "photo": "https://media.api-sports.io/football/players/3398.png"}, {"name": "Jonny Evans", "age": 30, "nationality": "Northern Ireland", "height": 188, "weight": 77, "photo": "https://media.api-sports.io/football/players/18772.png"}, {"name": "Steve Cook", "age": 27, "nationality": "England", "height": 185, "weight": 82, "photo": "https://media.api-sports.io/football/players/18863.png"}, {"name": "Ryan Bertrand", "age": 29, "nationality": "England", "height": 179, "weight": 85, "photo": "https://media.api-sports.io/football/players/18936.png"}, {"name": "Sean Morrison", "age": 27, "nationality": "England", "height": 194, "weight": 77, "photo": "https://media.api-sports.io/football/players/18992.png"}, {"name": "Harry Arter", "age": 29, "nationality": "Republic of Ireland", "height": 176, "weight": 70, "photo": "https://media.api-sports.io/football/players/18996.png"}, {"name": "Joe Ralls", "age": 25, "nationality": "England", "height": 178, "weight": 70, "photo": "https://media.api-sports.io/football/players/19003.png"}, {"name": "Pedro", "age": 31, "nationality": "Spain", "height": 169, "weight": 65, "photo": "https://media.api-sports.io/football/players/2299.png"}, {"name": "Felipe Anderson", "age": 25, "nationality": "Brazil", "height": 175, "weight": 70, "photo": "https://media.api-sports.io/football/players/2412.png"}, {"name": "Kelechi Iheanacho", "age": 22, "nationality": "Nigeria", "height": 185, "weight": 82, "photo": "https://media.api-sports.io/football/players/2778.png"}, {"name": "Ademola Lookman", "age": 21, "nationality": "England", "height": 174, "weight": 78, "photo": "https://media.api-sports.io/football/players/18767.png"}, {"name": "Ricardo Pereira", "age": 25, "nationality": "Portugal", "height": 175, "weight": 70, "photo": "https://media.api-sports.io/football/players/18771.png"}, {"name": "Marc Albrighton", "age": 29, "nationality": "England", "height": 175, "weight": 74, "photo": "https://media.api-sports.io/football/players/18777.png"}, {"name": "Harvey Barnes", "age": 21, "nationality": "England", "height": 174, "weight": 66, "photo": "https://media.api-sports.io/football/players/18778.png"}, {"name": "James Maddison", "age": 22, "nationality": "England", "height": 175, "weight": 73, "photo": "https://media.api-sports.io/football/players/18784.png"}, {"name": "Nampalys Mendy", "age": 26, "nationality": "Senegal", "height": 167, "weight": 73, "photo": "https://media.api-sports.io/football/players/18785.png"}, {"name": "Wilfred Ndidi", "age": 22, "nationality": "Nigeria", "height": 183, "weight": 74, "photo": "https://media.api-sports.io/football/players/18786.png"}, {"name": "Jamie Vardy", "age": 31, "nationality": "England", "height": 179, "weight": 74, "photo": "https://media.api-sports.io/football/players/18788.png"}, {"name": "Adam Smith", "age": 27, "nationality": "England", "height": 180, "weight": 78, "photo": "https://media.api-sports.io/football/players/18869.png"}, {"name": "Ayoze Pérez", "age": 25, "nationality": "Spain", "height": 178, "weight": 72, "photo": "https://media.api-sports.io/football/players/18906.png"}, {"name": "Jannik Vestergaard", "age": 26, "nationality": "Denmark", "height": 199, "weight": 98, "photo": "https://media.api-sports.io/football/players/18943.png"}, {"name": "Jefferson Lerma", "age": 24, "nationality": "Colombia", "height": 179, "weight": 70, "photo": "https://media.api-sports.io/football/players/2490.png"}, {"name": "Philip Billing", "age": 22, "nationality": "Denmark", "height": 193, "weight": 83, "photo": "https://media.api-sports.io/football/players/2734.png"}, {"name": "Johann Berg Gudmundsson", "age": 28, "nationality": "Iceland", "height": 186, "weight": 78, "photo": "https://media.api-sports.io/football/players/2790.png"}, {"name": "James Tarkowski", "age": 26, "nationality": "England", "height": 185, "weight": 81, "photo": "https://media.api-sports.io/football/players/2936.png"}, {"name": "Pedro Obiang", "age": 26, "nationality": "Equatorial Guinea", "height": 185, "weight": 75, "photo": "https://media.api-sports.io/football/players/18824.png"}, {"name": "Wayne Hennessey", "age": 31, "nationality": "Wales", "height": 198, "weight": 90, "photo": "https://media.api-sports.io/football/players/18836.png"}, {"name": "David Brooks", "age": 21, "nationality": "Wales", "height": 173, "weight": 62, "photo": "https://media.api-sports.io/football/players/18870.png"}, {"name": "Junior Stanislas", "age": 29, "nationality": "England", "height": 183, "weight": 76, "photo": "https://media.api-sports.io/football/players/18878.png"}, {"name": "Phil Bardsley", "age": 33, "nationality": "Scotland", "height": 180, "weight": 74, "photo": "https://media.api-sports.io/football/players/18912.png"}, {"name": "Matthew Lowton", "age": 29, "nationality": "England", "height": 180, "weight": 78, "photo": "https://media.api-sports.io/football/players/18916.png"}, {"name": "Ben Mee", "age": 29, "nationality": "England", "height": 180, "weight": 74, "photo": "https://media.api-sports.io/football/players/18917.png"}, {"name": "Charlie Taylor", "age": 25, "nationality": "England", "height": 176, "weight": 70, "photo": "https://media.api-sports.io/football/players/18918.png"}, {"name": "Robbie Brady", "age": 26, "nationality": "Republic of Ireland", "height": 176, "weight": 71, "photo": "https://media.api-sports.io/football/players/18921.png"}, {"name": "Jack Cork", "age": 29, "nationality": "England", "height": 183, "weight": 70, "photo": "https://media.api-sports.io/football/players/18922.png"}, {"name": "Aaron Lennon", "age": 31, "nationality": "England", "height": 165, "weight": 63, "photo": "https://media.api-sports.io/football/players/18925.png"}, {"name": "Ashley Westwood", "age": 28, "nationality": "England", "height": 175, "weight": 80, "photo": "https://media.api-sports.io/football/players/18926.png"}, {"name": "Dale Stephens", "age": 29, "nationality": "England", "height": 169, "weight": 71, "photo": "https://media.api-sports.io/football/players/18977.png"}, {"name": "Roberto Pereyra", "age": 27, "nationality": "Argentina", "height": 182, "weight": 77, "photo": "https://media.api-sports.io/football/players/2475.png"}, {"name": "Gerard Deulofeu", "age": 24, "nationality": "Spain", "height": 177, "weight": 73, "photo": "https://media.api-sports.io/football/players/18809.png"}, {"name": "Grady Diangana", "age": 20, "nationality": "England", "height": 180, "weight": 73, "photo": "https://media.api-sports.io/football/players/18821.png"}, {"name": "Robert Snodgrass", "age": 31, "nationality": "Scotland", "height": 182, "weight": 82, "photo": "https://media.api-sports.io/football/players/18828.png"}, {"name": "Marko Arnautovic", "age": 29, "nationality": "Austria", "height": 192, "weight": 83, "photo": "https://media.api-sports.io/football/players/18830.png"}, {"name": "Martin Dubravka", "age": 29, "nationality": "Slovakia", "height": 190, "weight": 83, "photo": "https://media.api-sports.io/football/players/18886.png"}, {"name": "Ashley Barnes", "age": 29, "nationality": "England", "height": 186, "weight": 77, "photo": "https://media.api-sports.io/football/players/18927.png"}, {"name": "Dwight McNeil", "age": 19, "nationality": "England", "height": null, "weight": null, "photo": "https://media.api-sports.io/football/players/18929.png"}, {"name": "Maya Yoshida", "age": 30, "nationality": "Japan", "height": 189, "weight": 78, "photo": "https://media.api-sports.io/football/players/18944.png"}, {"name": "Kenneth Zohore", "age": 24, "nationality": "Denmark", "height": 190, "weight": 98, "photo": "https://media.api-sports.io/football/players/19005.png"}, {"name": "Kieran Trippier", "age": 28, "nationality": "England", "height": 178, "weight": 71, "photo": "https://media.api-sports.io/football/players/169.png"}, {"name": "Fabian Schär", "age": 27, "nationality": "Switzerland", "height": 188, "weight": 84, "photo": "https://media.api-sports.io/football/players/2806.png"}, {"name": "Callum Wilson", "age": 26, "nationality": "England", "height": 180, "weight": 66, "photo": "https://media.api-sports.io/football/players/2939.png"}, {"name": "Ryan Fraser", "age": 24, "nationality": "Scotland", "height": 163, "weight": 70, "photo": "https://media.api-sports.io/football/players/18873.png"}, {"name": "Paul Dummett", "age": 27, "nationality": "Wales", "height": 183, "weight": 82, "photo": "https://media.api-sports.io/football/players/18892.png"}, {"name": "Federico Fernández", "age": 29, "nationality": "Argentina", "height": 190, "weight": 83, "photo": "https://media.api-sports.io/football/players/18893.png"}, {"name": "Jamaal Lascelles", "age": 25, "nationality": "England", "height": 188, "weight": 89, "photo": "https://media.api-sports.io/football/players/18894.png"}, {"name": "Javier Manquillo", "age": 24, "nationality": "Spain", "height": 178, "weight": 76, "photo": "https://media.api-sports.io/football/players/18896.png"}, {"name": "Isaac Hayden", "age": 23, "nationality": "England", "height": 185, "weight": 79, "photo": "https://media.api-sports.io/football/players/18899.png"}, {"name": "Matt Ritchie", "age": 29, "nationality": "Scotland", "height": 172, "weight": 76, "photo": "https://media.api-sports.io/football/players/18903.png"}, {"name": "Jonjo Shelvey", "age": 26, "nationality": "England", "height": 184, "weight": 80, "photo": "https://media.api-sports.io/football/players/18904.png"}, {"name": "Jeff Hendrick", "age": 26, "nationality": "Republic of Ireland", "height": 185, "weight": 79, "photo": "https://media.api-sports.io/football/players/18924.png"}, {"name": "Ryan Bennett", "age": 28, "nationality": "England", "height": 188, "weight": 77, "photo": "https://media.api-sports.io/football/players/18738.png"}, {"name": "Troy Deeney", "age": 30, "nationality": "England", "height": 183, "weight": 90, "photo": "https://media.api-sports.io/football/players/18808.png"}, {"name": "Chris Wood", "age": 27, "nationality": "New Zealand", "height": 191, "weight": 81, "photo": "https://media.api-sports.io/football/players/18931.png"}, {"name": "Cyrus Christie", "age": 26, "nationality": "Republic of Ireland", "height": 188, "weight": 78, "photo": "https://media.api-sports.io/football/players/19017.png"}, {"name": "Charlie Daniels", "age": 32, "nationality": "England", "height": 178, "weight": 75, "photo": "https://media.api-sports.io/football/players/18864.png"}, {"name": "Alex Pritchard", "age": 25, "nationality": "England", "height": 171, "weight": 62, "photo": "https://media.api-sports.io/football/players/19051.png"}, {"name": "Sam Vokes", "age": 29, "nationality": "Wales", "height": 186, "weight": 90, "photo": "https://media.api-sports.io/football/players/19513.png"}]