[{"name": "Lukasz Piszczek", "age": 33, "nationality": "Poland", "height": 184, "weight": 79, "photo": "https://media.api-sports.io/football/players/10.png"}, {"name": "Sven Bender", "age": 29, "nationality": "Germany", "height": 186, "weight": 80, "photo": "https://media.api-sports.io/football/players/966.png"}, {"name": "Lars Bender", "age": 29, "nationality": "Germany", "height": 185, "weight": 81, "photo": "https://media.api-sports.io/football/players/977.png"}, {"name": "Sebastian Langkamp", "age": 30, "nationality": "Germany", "height": 191, "weight": 85, "photo": "https://media.api-sports.io/football/players/25316.png"}, {"name": "Vedad Ibisevic", "age": 34, "nationality": "Bosnia and Herzegovina", "height": 188, "weight": 83, "photo": "https://media.api-sports.io/football/players/25359.png"}, {"name": "Oliver Sorg", "age": 28, "nationality": "Germany", "height": 175, "weight": 78, "photo": "https://media.api-sports.io/football/players/25372.png"}, {"name": "Pirmin Schwegler", "age": 31, "nationality": "Switzerland", "height": 178, "weight": 74, "photo": "https://media.api-sports.io/football/players/25386.png"}, {"name": "Ewerton", "age": 29, "nationality": "Brazil", "height": 188, "weight": 89, "photo": "https://media.api-sports.io/football/players/25600.png"}, {"name": "Ibrahima Traoré", "age": 30, "nationality": "Guinea", "height": 171, "weight": 61, "photo": "https://media.api-sports.io/football/players/25647.png"}, {"name": "Dennis Aogo", "age": 31, "nationality": "Germany", "height": 184, "weight": 85, "photo": "https://media.api-sports.io/football/players/26295.png"}, {"name": "Christoph Kramer", "age": 33, "nationality": "Germany", "height": 185, "weight": 78, "photo": "https://media.api-sports.io/football/players/25291.png"}, {"name": "Daniel Baier", "age": 34, "nationality": "Germany", "height": 176, "weight": 77, "photo": "https://media.api-sports.io/football/players/25296.png"}, {"name": "Martin Harnik", "age": 31, "nationality": "Austria", "height": 185, "weight": 75, "photo": "https://media.api-sports.io/football/players/25327.png"}, {"name": "Claudio Pizarro", "age": 40, "nationality": "Peru", "height": 184, "weight": 84, "photo": "https://media.api-sports.io/football/players/25331.png"}, {"name": "Michael Rensing", "age": 34, "nationality": "Germany", "height": 190, "weight": 93, "photo": "https://media.api-sports.io/football/players/25445.png"}, {"name": "Fabian Johnson", "age": 31, "nationality": "USA", "height": 183, "weight": 74, "photo": "https://media.api-sports.io/football/players/25636.png"}, {"name": "Mario Gomez", "age": 33, "nationality": "Germany", "height": 189, "weight": 89, "photo": "https://media.api-sports.io/football/players/26314.png"},  {"name": "David Abraham", "age": 32, "nationality": "Argentina", "height": 188, "weight": 83, "photo": "https://media.api-sports.io/football/players/1802.png"}, {"name": "Gelson Fernandes", "age": 32, "nationality": "Switzerland", "height": 179, "weight": 70, "photo": "https://media.api-sports.io/football/players/1816.png"}, {"name": "Nuri Sahin", "age": 30, "nationality": "Turkey", "height": 180, "weight": 73, "photo": "https://media.api-sports.io/football/players/25325.png"}, {"name": "Salomon Kalou", "age": 33, "nationality": "Côte d'Ivoire", "height": 184, "weight": 77, "photo": "https://media.api-sports.io/football/players/25352.png"}, {"name": "Miiko Albornoz", "age": 28, "nationality": "Chile", "height": 180, "weight": 80, "photo": "https://media.api-sports.io/football/players/25367.png"}, {"name": "Ondrej Petrák", "age": 26, "nationality": "Czech Republic", "height": 186, "weight": 79, "photo": "https://media.api-sports.io/football/players/25615.png"}, {"name": "Emiliano Insúa", "age": 29, "nationality": "Argentina", "height": 180, "weight": 79, "photo": "https://media.api-sports.io/football/players/26299.png"}, {"name": "Benjamin Stambouli", "age": 28, "nationality": "France", "height": 180, "weight": 82, "photo": "https://media.api-sports.io/football/players/407.png"}, {"name": "Javi Martínez", "age": 30, "nationality": "Spain", "height": 192, "weight": 86, "photo": "https://media.api-sports.io/football/players/514.png"}, {"name": "James Rodríguez", "age": 27, "nationality": "Colombia", "height": 180, "weight": 75, "photo": "https://media.api-sports.io/football/players/517.png"}, {"name": "Jonathan de Guzmán", "age": 31, "nationality": "Netherlands", "height": 173, "weight": 70, "photo": "https://media.api-sports.io/football/players/1815.png"}, {"name": "Steven Zuber", "age": 27, "nationality": "Switzerland", "height": 182, "weight": 79, "photo": "https://media.api-sports.io/football/players/2811.png"}, {"name": "Ja-Cheol Koo", "age": 29, "nationality": "Korea Republic", "height": 183, "weight": 79, "photo": "https://media.api-sports.io/football/players/25301.png"}, {"name": "Nicolai Müller", "age": 31, "nationality": "Germany", "height": 173, "weight": 66, "photo": "https://media.api-sports.io/football/players/25382.png"}, {"name": "Bobby Wood", "age": 26, "nationality": "USA", "height": 180, "weight": 79, "photo": "https://media.api-sports.io/football/players/25394.png"}, {"name": "Yunus Malli", "age": 26, "nationality": "Turkey", "height": 179, "weight": 72, "photo": "https://media.api-sports.io/football/players/25412.png"}, {"name": "Alfredo Morales", "age": 28, "nationality": "USA", "height": 183, "weight": 77, "photo": "https://media.api-sports.io/football/players/25459.png"}, {"name": "Yuya Kubo", "age": 25, "nationality": "Japan", "height": 178, "weight": 72, "photo": "https://media.api-sports.io/football/players/25621.png"}, {"name": "Amine Harit", "age": 21, "nationality": "Morocco", "height": 180, "weight": 67, "photo": "https://media.api-sports.io/football/players/412.png"}, {"name": "Jean-Kevin Augustin", "age": 21, "nationality": "France", "height": 177, "weight": 69, "photo": "https://media.api-sports.io/football/players/1164.png"}, {"name": "Admir Mehmedi", "age": 27, "nationality": "Switzerland", "height": 183, "weight": 78, "photo": "https://media.api-sports.io/football/players/2808.png"}, {"name": "Kevin Danso", "age": 20, "nationality": "Austria", "height": 190, "weight": 89, "photo": "https://media.api-sports.io/football/players/25287.png"}, {"name": "Johannes Eggestein", "age": 20, "nationality": "Germany", "height": 183, "weight": 75, "photo": "https://media.api-sports.io/football/players/25326.png"}, {"name": "Javairo Dilrosun", "age": 20, "nationality": "Netherlands", "height": 174, "weight": 74, "photo": "https://media.api-sports.io/football/players/25358.png"}, {"name": "Robert Bauer", "age": 23, "nationality": "Germany", "height": 183, "weight": 76, "photo": "https://media.api-sports.io/football/players/25601.png"}, {"name": "Abdou Diallo", "age": 22, "nationality": "Senegal", "height": 187, "weight": 79, "photo": "https://media.api-sports.io/football/players/7.png"}, {"name": "Achraf Hakimi", "age": 20, "nationality": "Morocco", "height": 181, "weight": 73, "photo": "https://media.api-sports.io/football/players/9.png"}, {"name": "Nabil Bentaleb", "age": 24, "nationality": "Algeria", "height": 187, "weight": 78, "photo": "https://media.api-sports.io/football/players/409.png"}, {"name": "Jérôme Boateng", "age": 30, "nationality": "Germany", "height": 192, "weight": 90, "photo": "https://media.api-sports.io/football/players/499.png"}, {"name": "Rafinha", "age": 33, "nationality": "Brazil", "height": 172, "weight": 65, "photo": "https://media.api-sports.io/football/players/500.png"}, {"name": "Takashi Usami", "age": 26, "nationality": "Japan", "height": 178, "weight": 69, "photo": "https://media.api-sports.io/football/players/2605.png"}, {"name": "Mathew Leckie", "age": 27, "nationality": "Australia", "height": 181, "weight": 82, "photo": "https://media.api-sports.io/football/players/2751.png"}, {"name": "Yuya Osako", "age": 28, "nationality": "Japan", "height": 182, "weight": 71, "photo": "https://media.api-sports.io/football/players/25330.png"}, {"name": "Kenan Karaman", "age": 24, "nationality": "Turkey", "height": 189, "weight": 83, "photo": "https://media.api-sports.io/football/players/25466.png"}, {"name": "Alexandru Maxim", "age": 28, "nationality": "Romania", "height": 179, "weight": 73, "photo": "https://media.api-sports.io/football/players/25921.png"}, {"name": "Chadrac Akolo", "age": 23, "nationality": "Congo DR", "height": 172, "weight": 72, "photo": "https://media.api-sports.io/football/players/26304.png"}, {"name": "Anastasios Donis", "age": 22, "nationality": "Greece", "height": 178, "weight": 77, "photo": "https://media.api-sports.io/football/players/26313.png"}, {"name": "Thomas Delaney", "age": 27, "nationality": "Denmark", "height": 182, "weight": 79, "photo": "https://media.api-sports.io/football/players/15.png"}, {"name": "Paco Alcácer", "age": 25, "nationality": "Spain", "height": 175, "weight": 72, "photo": "https://media.api-sports.io/football/players/21.png"}, {"name": "Alexander Nübel", "age": 22, "nationality": "Germany", "height": 193, "weight": 86, "photo": "https://media.api-sports.io/football/players/399.png"}, {"name": "David Alaba", "age": 26, "nationality": "Austria", "height": 180, "weight": 78, "photo": "https://media.api-sports.io/football/players/505.png"}, {"name": "Reiss Nelson", "age": 19, "nationality": "England", "height": 175, "weight": 71, "photo": "https://media.api-sports.io/football/players/727.png"}, {"name": "Kevin Volland", "age": 26, "nationality": "Germany", "height": 178, "weight": 85, "photo": "https://media.api-sports.io/football/players/989.png"}, {"name": "Sébastien Haller", "age": 24, "nationality": "Côte d'Ivoire", "height": 190, "weight": 82, "photo": "https://media.api-sports.io/football/players/1826.png"}, {"name": "Luka Jovic", "age": 21, "nationality": "Serbia", "height": 182, "weight": 85, "photo": "https://media.api-sports.io/football/players/1828.png"}, {"name": "Ludwig Augustinsson", "age": 24, "nationality": "Sweden", "height": 181, "weight": 74, "photo": "https://media.api-sports.io/football/players/2852.png"}, {"name": "Philipp Max", "age": 25, "nationality": "Germany", "height": 177, "weight": 77, "photo": "https://media.api-sports.io/football/players/25292.png"}, {"name": "Niklas Moisander", "age": 33, "nationality": "Finland", "height": 183, "weight": 75, "photo": "https://media.api-sports.io/football/players/25317.png"}, {"name": "Davy Klaassen", "age": 25, "nationality": "Netherlands", "height": 179, "weight": 70, "photo": "https://media.api-sports.io/football/players/25321.png"}, {"name": "Karim Rekik", "age": 24, "nationality": "Netherlands", "height": 186, "weight": 84, "photo": "https://media.api-sports.io/football/players/25345.png"}, {"name": "Virgil Misidjan", "age": 25, "nationality": "Netherlands", "height": 173, "weight": 70, "photo": "https://media.api-sports.io/football/players/25622.png"}, {"name": "Oscar Wendt", "age": 33, "nationality": "Sweden", "height": 181, "weight": 82, "photo": "https://media.api-sports.io/football/players/25633.png"}, {"name": "Mario Götze", "age": 26, "nationality": "Germany", "height": 176, "weight": 75, "photo": "https://media.api-sports.io/football/players/16.png"}, {"name": "Aleksandar Dragovic", "age": 27, "nationality": "Austria", "height": 186, "weight": 84, "photo": "https://media.api-sports.io/football/players/968.png"}, {"name": "Pierre Kunde", "age": 23, "nationality": "Cameroon", "height": 180, "weight": 86, "photo": "https://media.api-sports.io/football/players/3403.png"}, {"name": "Theodor Gebre Selassie", "age": 32, "nationality": "Czech Republic", "height": 181, "weight": 71, "photo": "https://media.api-sports.io/football/players/25315.png"}, {"name": "Mikael Ishak", "age": 25, "nationality": "Sweden", "height": 185, "weight": 81, "photo": "https://media.api-sports.io/football/players/25619.png"}, {"name": "Florian Müller", "age": 20, "nationality": "Germany", "height": 190, "weight": 87, "photo": "https://media.api-sports.io/football/players/25631.png"}, {"name": "Robin Koch", "age": 22, "nationality": "Germany", "height": 192, "weight": 85, "photo": "https://media.api-sports.io/football/players/26238.png"}, {"name": "Benjamin Stambouli", "age": 19, "nationality": "Germany", "height": 180, "weight": 65, "photo": "https://media.api-sports.io/football/players/411.png"}, {"name": "Guido Burgstaller", "age": 29, "nationality": "Austria", "height": 187, "weight": 80, "photo": "https://media.api-sports.io/football/players/420.png"}, {"name": "Leonardo Bittencourt", "age": 25, "nationality": "Germany", "height": 171, "weight": 63, "photo": "https://media.api-sports.io/football/players/716.png"}, {"name": "Mitchell Weiser", "age": 24, "nationality": "Germany", "height": 177, "weight": 71, "photo": "https://media.api-sports.io/football/players/973.png"}, {"name": "Michael Lang", "age": 27, "nationality": "Switzerland", "height": 185, "weight": 79, "photo": "https://media.api-sports.io/football/players/2805.png"}, {"name": "Milos Veljkovic", "age": 23, "nationality": "Serbia", "height": 184, "weight": 77, "photo": "https://media.api-sports.io/football/players/2821.png"}, {"name": "Jiri Pavlenka", "age": 26, "nationality": "Czech Republic", "height": 196, "weight": 81, "photo": "https://media.api-sports.io/football/players/25310.png"}, {"name": "Fabian Lustenberger", "age": 30, "nationality": "Switzerland", "height": 180, "weight": 73, "photo": "https://media.api-sports.io/football/players/25354.png"}, {"name": "Georg Margreitter", "age": 30, "nationality": "Austria", "height": 186, "weight": 87, "photo": "https://media.api-sports.io/football/players/25605.png"}, {"name": "Christian Gentner", "age": 33, "nationality": "Germany", "height": 189, "weight": 81, "photo": "https://media.api-sports.io/football/players/26309.png"}, {"name": "Ralf Fährmann", "age": 30, "nationality": "Germany", "height": 197, "weight": 98, "photo": "https://media.api-sports.io/football/players/396.png"}, {"name": "Michael Lang", "age": 33, "nationality": "Austria", "height": 195, "weight": 93, "photo": "https://media.api-sports.io/football/players/397.png"}, {"name": "Manuel Neuer", "age": 32, "nationality": "Germany", "height": 193, "weight": 93, "photo": "https://media.api-sports.io/football/players/497.png"}, {"name": "Joshua Kimmich", "age": 23, "nationality": "Germany", "height": 177, "weight": 75, "photo": "https://media.api-sports.io/football/players/502.png"}, {"name": "Niklas Süle", "age": 23, "nationality": "Germany", "height": 195, "weight": 99, "photo": "https://media.api-sports.io/football/players/506.png"}, {"name": "Serge Gnabry", "age": 23, "nationality": "Germany", "height": 176, "weight": 77, "photo": "https://media.api-sports.io/football/players/510.png"}, {"name": "Leon Goretzka", "age": 23, "nationality": "Germany", "height": 189, "weight": 82, "photo": "https://media.api-sports.io/football/players/511.png"}, {"name": "Leon Bailey", "age": 21, "nationality": "Jamaica", "height": 178, "weight": 79, "photo": "https://media.api-sports.io/football/players/983.png"}, {"name": "Dayotchanculle Upamecano", "age": 20, "nationality": "France", "height": 186, "weight": 90, "photo": "https://media.api-sports.io/football/players/1149.png"}, {"name": "Marcel Sabitzer", "age": 24, "nationality": "Austria", "height": 178, "weight": 76, "photo": "https://media.api-sports.io/football/players/1159.png"}, {"name": "Benjamin Pavard", "age": 22, "nationality": "France", "height": 186, "weight": 81, "photo": "https://media.api-sports.io/football/players/2725.png"}, {"name": "Marvin Ducksch", "age": 24, "nationality": "Germany", "height": 188, "weight": 79, "photo": "https://media.api-sports.io/football/players/25464.png"}, {"name": "Tim Leibold", "age": 25, "nationality": "Germany", "height": 174, "weight": 72, "photo": "https://media.api-sports.io/football/players/25603.png"}, {"name": "Roman Bürki", "age": 28, "nationality": "Switzerland", "height": 187, "weight": 85, "photo": "https://media.api-sports.io/football/players/1.png"}, {"name": "Mario Götze", "age": 31, "nationality": "Switzerland", "height": 194, "weight": 89, "photo": "https://media.api-sports.io/football/players/2.png"}, {"name": "Manuel Akanji", "age": 23, "nationality": "Switzerland", "height": 187, "weight": 91, "photo": "https://media.api-sports.io/football/players/5.png"}, {"name": "Raphael Guerreiro", "age": 25, "nationality": "Portugal", "height": 170, "weight": 71, "photo": "https://media.api-sports.io/football/players/8.png"}, {"name": "Salif Sané", "age": 28, "nationality": "Senegal", "height": 196, "weight": 85, "photo": "https://media.api-sports.io/football/players/406.png"}, {"name": "Mats Hummels", "age": 30, "nationality": "Germany", "height": 191, "weight": 94, "photo": "https://media.api-sports.io/football/players/501.png"}, {"name": "Kingsley Coman", "age": 22, "nationality": "France", "height": 180, "weight": 76, "photo": "https://media.api-sports.io/football/players/508.png"}, {"name": "Robert Lewandowski", "age": 30, "nationality": "Poland", "height": 185, "weight": 81, "photo": "https://media.api-sports.io/football/players/521.png"}, {"name": "Thomas Müller", "age": 29, "nationality": "Germany", "height": 185, "weight": 76, "photo": "https://media.api-sports.io/football/players/522.png"}, {"name": "Nico Schulz", "age": 25, "nationality": "Germany", "height": 181, "weight": 83, "photo": "https://media.api-sports.io/football/players/721.png"}, {"name": "Julian Brandt", "age": 22, "nationality": "Germany", "height": 185, "weight": 83, "photo": "https://media.api-sports.io/football/players/984.png"}, {"name": "Thorgan Hazard", "age": 25, "nationality": "Belgium", "height": 175, "weight": 71, "photo": "https://media.api-sports.io/football/players/2929.png"}, {"name": "Marcin Kaminski", "age": 26, "nationality": "Poland", "height": 192, "weight": 84, "photo": "https://media.api-sports.io/football/players/3003.png"}, {"name": "Gregor Kobel", "age": 21, "nationality": "Switzerland", "height": 196, "weight": 88, "photo": "https://media.api-sports.io/football/players/25282.png"}, {"name": "Danny Latza", "age": 29, "nationality": "Germany", "height": 179, "weight": 76, "photo": "https://media.api-sports.io/football/players/25920.png"}, {"name": "Marco Reus", "age": 29, "nationality": "Germany", "height": 180, "weight": 71, "photo": "https://media.api-sports.io/football/players/25.png"}, {"name": "Marius Wolf", "age": 23, "nationality": "Germany", "height": 188, "weight": 81, "photo": "https://media.api-sports.io/football/players/26.png"}, {"name": "Oliver Baumann", "age": 28, "nationality": "Germany", "height": 187, "weight": 82, "photo": "https://media.api-sports.io/football/players/702.png"}, {"name": "Kerem Demirbay", "age": 25, "nationality": "Germany", "height": 183, "weight": 73, "photo": "https://media.api-sports.io/football/players/717.png"}, {"name": "Lukas Hradecky", "age": 29, "nationality": "Finland", "height": 192, "weight": 83, "photo": "https://media.api-sports.io/football/players/963.png"}, {"name": "Jonathan Tah", "age": 22, "nationality": "Germany", "height": 195, "weight": 98, "photo": "https://media.api-sports.io/football/players/972.png"}, {"name": "Charles Aránguiz", "age": 29, "nationality": "Chile", "height": 171, "weight": 68, "photo": "https://media.api-sports.io/football/players/974.png"}, {"name": "Julian Baumgartlinger", "age": 30, "nationality": "Austria", "height": 181, "weight": 85, "photo": "https://media.api-sports.io/football/players/975.png"}, {"name": "Karim Bellarabi", "age": 28, "nationality": "Germany", "height": 184, "weight": 81, "photo": "https://media.api-sports.io/football/players/976.png"}, {"name": "Lucas Alario", "age": 26, "nationality": "Argentina", "height": 184, "weight": 78, "photo": "https://media.api-sports.io/football/players/982.png"}, {"name": "Paulinho", "age": 18, "nationality": "Brazil", "height": 177, "weight": 77, "photo": "https://media.api-sports.io/football/players/987.png"}, {"name": "Florent Muslija", "age": 20, "nationality": "Kosovo", "height": 172, "weight": 65, "photo": "https://media.api-sports.io/football/players/25383.png"}, {"name": "Christian Mathenia", "age": 26, "nationality": "Germany", "height": 190, "weight": 89, "photo": "https://media.api-sports.io/football/players/25599.png"}, {"name": "Jacob Bruun Larsen", "age": 20, "nationality": "Denmark", "height": 183, "weight": 77, "photo": "https://media.api-sports.io/football/players/22.png"}, {"name": "Sebastian Rudy", "age": 28, "nationality": "Germany", "height": 180, "weight": 74, "photo": "https://media.api-sports.io/football/players/416.png"}, {"name": "Ermin Bicakcic", "age": 28, "nationality": "Bosnia and Herzegovina", "height": 185, "weight": 85, "photo": "https://media.api-sports.io/football/players/705.png"}, {"name": "Pavel Kaderábek", "age": 26, "nationality": "Czech Republic", "height": 182, "weight": 81, "photo": "https://media.api-sports.io/football/players/709.png"}, {"name": "Stefan Posch", "age": 21, "nationality": "Austria", "height": 189, "weight": 82, "photo": "https://media.api-sports.io/football/players/711.png"}, {"name": "Kevin Vogt", "age": 27, "nationality": "Germany", "height": 194, "weight": 87, "photo": "https://media.api-sports.io/football/players/713.png"}, {"name": "Florian Grillitsch", "age": 23, "nationality": "Austria", "height": 187, "weight": 77, "photo": "https://media.api-sports.io/football/players/719.png"}, {"name": "Andrej Kramaric", "age": 27, "nationality": "Croatia", "height": 177, "weight": 73, "photo": "https://media.api-sports.io/football/players/726.png"}, {"name": "Mijat Gacinovic", "age": 23, "nationality": "Serbia", "height": 175, "weight": 67, "photo": "https://media.api-sports.io/football/players/1818.png"}, {"name": "Enrico Valentini", "age": 29, "nationality": "Germany", "height": 182, "weight": 80, "photo": "https://media.api-sports.io/football/players/25607.png"}, {"name": "Bastian Oczipka", "age": 29, "nationality": "Germany", "height": 185, "weight": 85, "photo": "https://media.api-sports.io/football/players/404.png"}, {"name": "Andreas Luthe", "age": 31, "nationality": "Germany", "height": 197, "weight": 85, "photo": "https://media.api-sports.io/football/players/25284.png"}, {"name": "Rani Khedira", "age": 24, "nationality": "Germany", "height": 188, "weight": 84, "photo": "https://media.api-sports.io/football/players/25300.png"}, {"name": "Kevin Möhwald", "age": 25, "nationality": "Germany", "height": 183, "weight": 77, "photo": "https://media.api-sports.io/football/players/25323.png"}, {"name": "Genki Haraguchi", "age": 27, "nationality": "Japan", "height": 179, "weight": 68, "photo": "https://media.api-sports.io/football/players/25379.png"}, {"name": "Robin Knoche", "age": 26, "nationality": "Germany", "height": 190, "weight": 77, "photo": "https://media.api-sports.io/football/players/25403.png"}, {"name": "Niko Gießelmann", "age": 27, "nationality": "Germany", "height": 182, "weight": 75, "photo": "https://media.api-sports.io/football/players/25452.png"}, {"name": "Levin Öztunali", "age": 22, "nationality": "Germany", "height": 184, "weight": 80, "photo": "https://media.api-sports.io/football/players/25922.png"}, {"name": "Anthony Ujah", "age": 28, "nationality": "Nigeria", "height": 180, "weight": 81, "photo": "https://media.api-sports.io/football/players/25929.png"}, {"name": "Manuel Gulde", "age": 27, "nationality": "Germany", "height": 184, "weight": 78, "photo": "https://media.api-sports.io/football/players/26235.png"}, {"name": "Dominique Heintz", "age": 25, "nationality": "Germany", "height": 188, "weight": 89, "photo": "https://media.api-sports.io/football/players/26237.png"}, {"name": "Jérôme Gondorf", "age": 30, "nationality": "Germany", "height": 176, "weight": 81, "photo": "https://media.api-sports.io/football/players/26247.png"}, {"name": "Timo Baumgartl", "age": 22, "nationality": "Germany", "height": 190, "weight": 89, "photo": "https://media.api-sports.io/football/players/26297.png"}, {"name": "Péter Gulácsi", "age": 28, "nationality": "Hungary", "height": 191, "weight": 86, "photo": "https://media.api-sports.io/football/players/1139.png"}, {"name": "Marcel Halstenberg", "age": 27, "nationality": "Germany", "height": 188, "weight": 87, "photo": "https://media.api-sports.io/football/players/1143.png"}, {"name": "Lukas Klostermann", "age": 22, "nationality": "Germany", "height": 187, "weight": 88, "photo": "https://media.api-sports.io/football/players/1144.png"}, {"name": "Nordi Mukiele", "age": 21, "nationality": "France", "height": 187, "weight": 84, "photo": "https://media.api-sports.io/football/players/1146.png"}, {"name": "Maximilian Eggestein", "age": 22, "nationality": "Germany", "height": 181, "weight": 75, "photo": "https://media.api-sports.io/football/players/2917.png"}, {"name": "Linton Maina", "age": 19, "nationality": "Germany", "height": 173, "weight": 70, "photo": "https://media.api-sports.io/football/players/25380.png"}, {"name": "Christian Günter", "age": 25, "nationality": "Germany", "height": 184, "weight": 83, "photo": "https://media.api-sports.io/football/players/26236.png"}, {"name": "Lukas Kübler", "age": 26, "nationality": "Germany", "height": 182, "weight": 73, "photo": "https://media.api-sports.io/football/players/26239.png"}, {"name": "Mike Frantz", "age": 32, "nationality": "Germany", "height": 182, "weight": 81, "photo": "https://media.api-sports.io/football/players/26246.png"}, {"name": "Vincenzo Grifo", "age": 25, "nationality": "Italy", "height": 180, "weight": 72, "photo": "https://media.api-sports.io/football/players/26248.png"}, {"name": "Janik Haberer", "age": 24, "nationality": "Germany", "height": 186, "weight": 77, "photo": "https://media.api-sports.io/football/players/26249.png"}, {"name": "Nicolas Höfler", "age": 28, "nationality": "Germany", "height": 181, "weight": 78, "photo": "https://media.api-sports.io/football/players/26250.png"}, {"name": "Lucas Höler", "age": 24, "nationality": "Germany", "height": 183, "weight": 80, "photo": "https://media.api-sports.io/football/players/26255.png"}, {"name": "Ron-Robert Zieler", "age": 29, "nationality": "Germany", "height": 188, "weight": 81, "photo": "https://media.api-sports.io/football/players/26293.png"}, {"name": "Emil Forsberg", "age": 27, "nationality": "Sweden", "height": 177, "weight": 76, "photo": "https://media.api-sports.io/football/players/1152.png"}, {"name": "Kevin Kampl", "age": 28, "nationality": "Slovenia", "height": 178, "weight": 66, "photo": "https://media.api-sports.io/football/players/1155.png"}, {"name": "Konrad Laimer", "age": 21, "nationality": "Austria", "height": 180, "weight": 72, "photo": "https://media.api-sports.io/football/players/1157.png"}, {"name": "Kevin Trapp", "age": 28, "nationality": "Germany", "height": 189, "weight": 84, "photo": "https://media.api-sports.io/football/players/1800.png"}, {"name": "Martin Hinteregger", "age": 26, "nationality": "Austria", "height": 186, "weight": 82, "photo": "https://media.api-sports.io/football/players/1805.png"}, {"name": "Makoto Hasebe", "age": 34, "nationality": "Japan", "height": 180, "weight": 72, "photo": "https://media.api-sports.io/football/players/1819.png"}, {"name": "Patrick Erras", "age": 23, "nationality": "Germany", "height": 196, "weight": 87, "photo": "https://media.api-sports.io/football/players/25609.png"}, {"name": "Sebastian Kerk", "age": 24, "nationality": "Germany", "height": 184, "weight": 76, "photo": "https://media.api-sports.io/football/players/25613.png"}, {"name": "Mark Uth", "age": 27, "nationality": "Germany", "height": 185, "weight": 72, "photo": "https://media.api-sports.io/football/players/426.png"}, {"name": "Stefan Ilsanker", "age": 29, "nationality": "Austria", "height": 189, "weight": 85, "photo": "https://media.api-sports.io/football/players/1154.png"}, {"name": "Filip Kostic", "age": 26, "nationality": "Serbia", "height": 184, "weight": 84, "photo": "https://media.api-sports.io/football/players/1821.png"}, {"name": "Sebastian Rudy", "age": 28, "nationality": "Germany", "height": 180, "weight": 71, "photo": "https://media.api-sports.io/football/players/1822.png"}, {"name": "Ondrej Duda", "age": 24, "nationality": "Slovakia", "height": 181, "weight": 75, "photo": "https://media.api-sports.io/football/players/25349.png"}, {"name": "Felix Klaus", "age": 26, "nationality": "Germany", "height": 179, "weight": 79, "photo": "https://media.api-sports.io/football/players/25411.png"}, {"name": "Adam Bodzek", "age": 33, "nationality": "Germany", "height": 184, "weight": 80, "photo": "https://media.api-sports.io/football/players/25449.png"}, {"name": "Matthias Zimmermann", "age": 26, "nationality": "Germany", "height": 177, "weight": 76, "photo": "https://media.api-sports.io/football/players/25463.png"}, {"name": "Rouwen Hennings", "age": 31, "nationality": "Germany", "height": 180, "weight": 80, "photo": "https://media.api-sports.io/football/players/25465.png"}, {"name": "Ádám Szalai", "age": 31, "nationality": "Hungary", "height": 193, "weight": 93, "photo": "https://media.api-sports.io/football/players/729.png"}, {"name": "Dominik Kohr", "age": 24, "nationality": "Germany", "height": 183, "weight": 77, "photo": "https://media.api-sports.io/football/players/979.png"}, {"name": "Michael Esser", "age": 31, "nationality": "Germany", "height": 198, "weight": 97, "photo": "https://media.api-sports.io/football/players/25363.png"}, {"name": "Kevin Stöger", "age": 25, "nationality": "Austria", "height": 175, "weight": 74, "photo": "https://media.api-sports.io/football/players/25461.png"}, {"name": "Hanno Behrens", "age": 28, "nationality": "Germany", "height": 188, "weight": 82, "photo": "https://media.api-sports.io/football/players/25608.png"}, {"name": "Stefan Bell", "age": 27, "nationality": "Germany", "height": 192, "weight": 88, "photo": "https://media.api-sports.io/football/players/25907.png"}, {"name": "Daniel Brosinski", "age": 30, "nationality": "Germany", "height": 178, "weight": 70, "photo": "https://media.api-sports.io/football/players/25908.png"}, {"name": "Alexandru Maxim", "age": 25, "nationality": "Germany", "height": 193, "weight": 88, "photo": "https://media.api-sports.io/football/players/25913.png"}, {"name": "Aarón Martín", "age": 21, "nationality": "Spain", "height": 180, "weight": 72, "photo": "https://media.api-sports.io/football/players/25914.png"}, {"name": "Moussa Niakhate", "age": 22, "nationality": "France", "height": 190, "weight": 82, "photo": "https://media.api-sports.io/football/players/25916.png"}, {"name": "Jean-Paul Boëtius", "age": 24, "nationality": "Netherlands", "height": 178, "weight": 76, "photo": "https://media.api-sports.io/football/players/25925.png"}, {"name": "Karim Onisiwo", "age": 26, "nationality": "Austria", "height": 188, "weight": 85, "photo": "https://media.api-sports.io/football/players/25928.png"}, {"name": "Yann Sommer", "age": 30, "nationality": "Switzerland", "height": 183, "weight": 79, "photo": "https://media.api-sports.io/football/players/2802.png"}, {"name": "Nico Elvedi", "age": 22, "nationality": "Switzerland", "height": 189, "weight": 81, "photo": "https://media.api-sports.io/football/players/2803.png"}, {"name": "Denis Zakaria", "age": 22, "nationality": "Switzerland", "height": 191, "weight": 81, "photo": "https://media.api-sports.io/football/players/2810.png"}, {"name": "Matthias Ginter", "age": 24, "nationality": "Germany", "height": 191, "weight": 86, "photo": "https://media.api-sports.io/football/players/2915.png"}, {"name": "Elvis Rexhbecaj", "age": 21, "nationality": "Germany", "height": 182, "weight": 78, "photo": "https://media.api-sports.io/football/players/25413.png"}, {"name": "Eduard Löwen", "age": 21, "nationality": "Germany", "height": 188, "weight": 91, "photo": "https://media.api-sports.io/football/players/25614.png"}, {"name": "Christoph Kramer", "age": 27, "nationality": "Germany", "height": 191, "weight": 76, "photo": "https://media.api-sports.io/football/players/25637.png"}, {"name": "Lars Stindl", "age": 30, "nationality": "Germany", "height": 181, "weight": 80, "photo": "https://media.api-sports.io/football/players/25639.png"}, {"name": "Alexander Esswein", "age": 28, "nationality": "Germany", "height": 182, "weight": 85, "photo": "https://media.api-sports.io/football/players/26308.png"}, {"name": "Breel Embolo", "age": 21, "nationality": "Switzerland", "height": 187, "weight": 88, "photo": "https://media.api-sports.io/football/players/421.png"}, {"name": "Niklas Stark", "age": 23, "nationality": "Germany", "height": 190, "weight": 88, "photo": "https://media.api-sports.io/football/players/2916.png"}, {"name": "Maximilian Mittelstädt", "age": 21, "nationality": "Germany", "height": 180, "weight": 71, "photo": "https://media.api-sports.io/football/players/25342.png"}, {"name": "Marvin Plattenhardt", "age": 26, "nationality": "Germany", "height": 181, "weight": 76, "photo": "https://media.api-sports.io/football/players/25344.png"}, {"name": "Jonas Hofmann", "age": 26, "nationality": "Germany", "height": 176, "weight": 73, "photo": "https://media.api-sports.io/football/players/25635.png"}, {"name": "Florian Neuhaus", "age": 21, "nationality": "Germany", "height": 185, "weight": 74, "photo": "https://media.api-sports.io/football/players/25638.png"}, {"name": "Patrick Herrmann", "age": 27, "nationality": "Germany", "height": 179, "weight": 71, "photo": "https://media.api-sports.io/football/players/25644.png"}, {"name": "Alassane Pléa", "age": 25, "nationality": "France", "height": 181, "weight": 79, "photo": "https://media.api-sports.io/football/players/25646.png"}, {"name": "Alexander Schwolow", "age": 26, "nationality": "Germany", "height": 190, "weight": 84, "photo": "https://media.api-sports.io/football/players/26234.png"}, {"name": "Maximilian Philipp", "age": 24, "nationality": "Germany", "height": 183, "weight": 79, "photo": "https://media.api-sports.io/football/players/24.png"}, {"name": "Suat Serdar", "age": 21, "nationality": "Germany", "height": 184, "weight": 75, "photo": "https://media.api-sports.io/football/players/418.png"}, {"name": "Ishak Belfodil", "age": 26, "nationality": "Algeria", "height": 192, "weight": 86, "photo": "https://media.api-sports.io/football/players/724.png"}, {"name": "Renato Steffen", "age": 27, "nationality": "Switzerland", "height": 170, "weight": 65, "photo": "https://media.api-sports.io/football/players/2809.png"}, {"name": "Koen Casteels", "age": 26, "nationality": "Belgium", "height": 197, "weight": 78, "photo": "https://media.api-sports.io/football/players/2918.png"}, {"name": "Marco Richter", "age": 21, "nationality": "Germany", "height": 176, "weight": 74, "photo": "https://media.api-sports.io/football/players/25307.png"}, {"name": "Davie Selke", "age": 23, "nationality": "Germany", "height": 195, "weight": 84, "photo": "https://media.api-sports.io/football/players/25362.png"}, {"name": "John Brooks", "age": 25, "nationality": "USA", "height": 193, "weight": 78, "photo": "https://media.api-sports.io/football/players/25397.png"}, {"name": "William", "age": 23, "nationality": "Brazil", "height": 176, "weight": 67, "photo": "https://media.api-sports.io/football/players/25398.png"}, {"name": "Yannick Gerhardt", "age": 24, "nationality": "Germany", "height": 184, "weight": 81, "photo": "https://media.api-sports.io/football/players/25400.png"}, {"name": "Jérôme Roussillon", "age": 25, "nationality": "France", "height": 175, "weight": 80, "photo": "https://media.api-sports.io/football/players/25404.png"}, {"name": "Maximilian Arnold", "age": 24, "nationality": "Germany", "height": 184, "weight": 74, "photo": "https://media.api-sports.io/football/players/25408.png"}, {"name": "Josuha Guilavogui", "age": 28, "nationality": "France", "height": 188, "weight": 77, "photo": "https://media.api-sports.io/football/players/25410.png"}, {"name": "Daniel Ginczek", "age": 27, "nationality": "Germany", "height": 191, "weight": 85, "photo": "https://media.api-sports.io/football/players/25415.png"}, {"name": "Wout Weghorst", "age": 26, "nationality": "Netherlands", "height": 197, "weight": 84, "photo": "https://media.api-sports.io/football/players/25416.png"}, {"name": "Dodi Lukebakio", "age": 21, "nationality": "Belgium", "height": 187, "weight": 77, "photo": "https://media.api-sports.io/football/players/25458.png"}, {"name": "Bote Baku", "age": 20, "nationality": "Germany", "height": 176, "weight": 72, "photo": "https://media.api-sports.io/football/players/25917.png"}, {"name": "Gian-Luca Waldschmidt", "age": 22, "nationality": "Germany", "height": 181, "weight": 74, "photo": "https://media.api-sports.io/football/players/26260.png"}, {"name": "Santiago Ascacibar", "age": 21, "nationality": "Argentina", "height": 168, "weight": 70, "photo": "https://media.api-sports.io/football/players/26305.png"}, {"name": "Daniel Caligiuri", "age": 30, "nationality": "Germany", "height": 182, "weight": 80, "photo": "https://media.api-sports.io/football/players/410.png"}, {"name": "Alessandro Schöpf", "age": 24, "nationality": "Austria", "height": 178, "weight": 74, "photo": "https://media.api-sports.io/football/players/417.png"}, {"name": "Sergio Córdova", "age": 21, "nationality": "Venezuela", "height": 188, "weight": 87, "photo": "https://media.api-sports.io/football/players/2457.png"}, {"name": "Alfred Finnbogason", "age": 29, "nationality": "Iceland", "height": 184, "weight": 80, "photo": "https://media.api-sports.io/football/players/2797.png"}, {"name": "Jeffrey Gouweleeuw", "age": 27, "nationality": "Netherlands", "height": 188, "weight": 83, "photo": "https://media.api-sports.io/football/players/25290.png"}, {"name": "André Hahn", "age": 28, "nationality": "Germany", "height": 185, "weight": 80, "photo": "https://media.api-sports.io/football/players/25298.png"}, {"name": "Arne Maier", "age": 19, "nationality": "Germany", "height": 186, "weight": 79, "photo": "https://media.api-sports.io/football/players/25355.png"}, {"name": "Waldemar Anton", "age": 22, "nationality": "Germany", "height": 189, "weight": 84, "photo": "https://media.api-sports.io/football/players/25368.png"}, {"name": "Tobias Strobl", "age": 28, "nationality": "Germany", "height": 188, "weight": 77, "photo": "https://media.api-sports.io/football/players/25640.png"}, {"name": "Florian Müller", "age": 21, "nationality": "Germany", "height": 190, "weight": 88, "photo": "https://media.api-sports.io/football/players/25905.png"}, {"name": "Florian Niederlechner", "age": 28, "nationality": "Germany", "height": 187, "weight": 86, "photo": "https://media.api-sports.io/football/players/26257.png"}, {"name": "Gonzalo Castro", "age": 31, "nationality": "Germany", "height": 172, "weight": 72, "photo": "https://media.api-sports.io/football/players/26306.png"}, {"name": "Dan-Axel Zagadou", "age": 19, "nationality": "France", "height": 196, "weight": 90, "photo": "https://media.api-sports.io/football/players/13.png"}, {"name": "Jetro Willems", "age": 24, "nationality": "Netherlands", "height": 169, "weight": 65, "photo": "https://media.api-sports.io/football/players/1813.png"}, {"name": "Jean Zimmer", "age": 25, "nationality": "Germany", "height": 171, "weight": 72, "photo": "https://media.api-sports.io/football/players/25462.png"}, {"name": "Pascal Stenzel", "age": 22, "nationality": "Germany", "height": 183, "weight": 74, "photo": "https://media.api-sports.io/football/players/26244.png"}, {"name": "Marc-Oliver Kempf", "age": 23, "nationality": "Germany", "height": 186, "weight": 87, "photo": "https://media.api-sports.io/football/players/26301.png"}, {"name": "Daniel Didavi", "age": 28, "nationality": "Germany", "height": 180, "weight": 77, "photo": "https://media.api-sports.io/football/players/26307.png"}, {"name": "Erik Thommy", "age": 24, "nationality": "Germany", "height": 175, "weight": 71, "photo": "https://media.api-sports.io/football/players/26311.png"}, {"name": "Tobias Strobl", "age": 18, "nationality": "Germany", "height": 189, "weight": 83, "photo": "https://media.api-sports.io/football/players/1799.png"}, {"name": "Jonathan Schmid", "age": 28, "nationality": "France", "height": 179, "weight": 79, "photo": "https://media.api-sports.io/football/players/25303.png"}, {"name": "Marvin Bakalorz", "age": 29, "nationality": "Germany", "height": 180, "weight": 79, "photo": "https://media.api-sports.io/football/players/25376.png"}, {"name": "Törles Knöll", "age": 21, "nationality": "Germany", "height": 184, "weight": 80, "photo": "https://media.api-sports.io/football/players/25620.png"}, {"name": "Federico Palacios", "age": 23, "nationality": "Germany", "height": 170, "weight": 68, "photo": "https://media.api-sports.io/football/players/25623.png"}, {"name": "Nils Petersen", "age": 30, "nationality": "Germany", "height": 188, "weight": 84, "photo": "https://media.api-sports.io/football/players/26258.png"}, {"name": "Christian Pulisic", "age": 20, "nationality": "USA", "height": 172, "weight": 69, "photo": "https://media.api-sports.io/football/players/17.png"}, {"name": "Jadon Sancho", "age": 18, "nationality": "England", "height": 180, "weight": 76, "photo": "https://media.api-sports.io/football/players/18.png"}, {"name": "Tin Jedvaj", "age": 23, "nationality": "Croatia", "height": 184, "weight": 82, "photo": "https://media.api-sports.io/football/players/969.png"}, {"name": "Kai Havertz", "age": 19, "nationality": "Germany", "height": 188, "weight": 83, "photo": "https://media.api-sports.io/football/players/978.png"}, {"name": "Gregor Kobel", "age": 27, "nationality": "Austria", "height": 183, "weight": 77, "photo": "https://media.api-sports.io/football/players/25304.png"}, {"name": "Per Skjelbred", "age": 31, "nationality": "Norway", "height": 178, "weight": 73, "photo": "https://media.api-sports.io/football/players/25356.png"}, {"name": "Kevin Wimmer", "age": 26, "nationality": "Austria", "height": 187, "weight": 85, "photo": "https://media.api-sports.io/football/players/25374.png"}, {"name": "Benito Raman", "age": 24, "nationality": "Belgium", "height": 172, "weight": 67, "photo": "https://media.api-sports.io/football/players/25467.png"}, {"name": "Lukas Mühl", "age": 21, "nationality": "Germany", "height": 189, "weight": 83, "photo": "https://media.api-sports.io/football/players/25606.png"}, {"name": "Andreas Beck", "age": 31, "nationality": "Germany", "height": 180, "weight": 74, "photo": "https://media.api-sports.io/football/players/26298.png"}, {"name": "Julian Weigl", "age": 23, "nationality": "Germany", "height": 186, "weight": 80, "photo": "https://media.api-sports.io/football/players/19.png"}, {"name": "Matija Nastasic", "age": 25, "nationality": "Serbia", "height": 188, "weight": 83, "photo": "https://media.api-sports.io/football/players/403.png"}, {"name": "Weston McKennie", "age": 20, "nationality": "USA", "height": 185, "weight": 84, "photo": "https://media.api-sports.io/football/players/415.png"}, {"name": "Thiago Alcántara", "age": 27, "nationality": "Spain", "height": 174, "weight": 70, "photo": "https://media.api-sports.io/football/players/507.png"}, {"name": "Wendell", "age": 25, "nationality": "Brazil", "height": 178, "weight": 72, "photo": "https://media.api-sports.io/football/players/970.png"}, {"name": "Ibrahima Konaté", "age": 19, "nationality": "France", "height": 192, "weight": 93, "photo": "https://media.api-sports.io/football/players/1145.png"}, {"name": "Diego Demme", "age": 27, "nationality": "Germany", "height": 172, "weight": 71, "photo": "https://media.api-sports.io/football/players/1151.png"}, {"name": "Timo Werner", "age": 22, "nationality": "Germany", "height": 180, "weight": 75, "photo": "https://media.api-sports.io/football/players/1166.png"}, {"name": "Ante Rebic", "age": 25, "nationality": "Croatia", "height": 185, "weight": 78, "photo": "https://media.api-sports.io/football/players/1831.png"}, {"name": "Jean-Philippe Gbamin", "age": 23, "nationality": "Côte d'Ivoire", "height": 186, "weight": 83, "photo": "https://media.api-sports.io/football/players/3240.png"}, {"name": "Milot Rashica", "age": 22, "nationality": "Kosovo", "height": 177, "weight": 73, "photo": "https://media.api-sports.io/football/players/25324.png"}, {"name": "Marko Grujic", "age": 22, "nationality": "Serbia", "height": 191, "weight": 82, "photo": "https://media.api-sports.io/football/players/25350.png"}, {"name": "Valentino Lazaro", "age": 22, "nationality": "Austria", "height": 180, "weight": 75, "photo": "https://media.api-sports.io/football/players/25353.png"}, {"name": "Jean-Philippe Mateta", "age": 21, "nationality": "France", "height": 190, "weight": 84, "photo": "https://media.api-sports.io/football/players/25927.png"}, {"name": "Ozan Kabak", "age": 18, "nationality": "Turkey", "height": 186, "weight": 86, "photo": "https://media.api-sports.io/football/players/26300.png"}, {"name": "Nicolás González", "age": 20, "nationality": "Argentina", "height": 180, "weight": 72, "photo": "https://media.api-sports.io/football/players/26315.png"}, {"name": "Franck Ribéry", "age": 35, "nationality": "France", "height": 170, "weight": 72, "photo": "https://media.api-sports.io/football/players/515.png"}, {"name": "Joelinton", "age": 22, "nationality": "Brazil", "height": 186, "weight": 81, "photo": "https://media.api-sports.io/football/players/723.png"}, {"name": "Josip Brekalo", "age": 20, "nationality": "Croatia", "height": 175, "weight": 70, "photo": "https://media.api-sports.io/football/players/2762.png"}, {"name": "Philipp Bargfrede", "age": 29, "nationality": "Germany", "height": 174, "weight": 71, "photo": "https://media.api-sports.io/football/players/25318.png"}, {"name": "Matthias Ostrzolek", "age": 28, "nationality": "Germany", "height": 178, "weight": 72, "photo": "https://media.api-sports.io/football/players/25371.png"}, {"name": "Walace", "age": 23, "nationality": "Brazil", "height": 188, "weight": 75, "photo": "https://media.api-sports.io/football/players/25387.png"}, {"name": "Hendrik Weydandt", "age": 23, "nationality": "Germany", "height": 195, "weight": 94, "photo": "https://media.api-sports.io/football/players/25388.png"}, {"name": "Kaan Ayhan", "age": 24, "nationality": "Turkey", "height": 184, "weight": 84, "photo": "https://media.api-sports.io/football/players/25448.png"}, {"name": "Oliver Fink", "age": 36, "nationality": "Germany", "height": 187, "weight": 78, "photo": "https://media.api-sports.io/football/players/25456.png"}, {"name": "Robin Quaison", "age": 25, "nationality": "Sweden", "height": 183, "weight": 76, "photo": "https://media.api-sports.io/football/players/2866.png"}, {"name": "Michael Gregoritsch", "age": 24, "nationality": "Austria", "height": 193, "weight": 91, "photo": "https://media.api-sports.io/football/players/25297.png"}]