[{"name": "Maxime Poundje", "age": 26, "nationality": "France", "height": 180, "weight": 74, "photo": "https://media.api-sports.io/football/players/1263.png"}, {"name": "Ludovic Blas", "age": 32, "nationality": "French Guiana", "height": 176, "weight": 75, "photo": "https://media.api-sports.io/football/players/2193.png"}, {"name": "Clément Grenier", "age": 27, "nationality": "France", "height": 186, "weight": 72, "photo": "https://media.api-sports.io/football/players/2208.png"}, {"name": "Hilton", "age": 41, "nationality": "Brazil", "height": 180, "weight": 78, "photo": "https://media.api-sports.io/football/players/21571.png"}, {"name": "Wesley Lautoa", "age": 31, "nationality": "France", "height": 184, "weight": 87, "photo": "https://media.api-sports.io/football/players/21700.png"}, {"name": "Loic Perrin", "age": 33, "nationality": "France", "height": 181, "weight": 80, "photo": "https://media.api-sports.io/football/players/22088.png"}, {"name": "Neven Subotic", "age": 30, "nationality": "Serbia", "height": 193, "weight": 85, "photo": "https://media.api-sports.io/football/players/22091.png"}, {"name": "Yaya Sanogo", "age": 25, "nationality": "France", "height": 191, "weight": 74, "photo": "https://media.api-sports.io/football/players/22155.png"}, {"name": "Diego Benaglio", "age": 35, "nationality": "Switzerland", "height": 194, "weight": 89, "photo": "https://media.api-sports.io/football/players/90.png"}, {"name": "Mathieu Bodmer", "age": 36, "nationality": "France", "height": 190, "weight": 90, "photo": "https://media.api-sports.io/football/players/21379.png"}, {"name": "Jérémy Sorbon", "age": 35, "nationality": "France", "height": 183, "weight": 79, "photo": "https://media.api-sports.io/football/players/21493.png"}, {"name": "Étienne Didot", "age": 35, "nationality": "France", "height": 178, "weight": 65, "photo": "https://media.api-sports.io/football/players/21500.png"}, {"name": "Florent Balmont", "age": 38, "nationality": "France", "height": 168, "weight": 72, "photo": "https://media.api-sports.io/football/players/21706.png"}, {"name": "Stéphane Ruffier", "age": 32, "nationality": "France", "height": 188, "weight": 93, "photo": "https://media.api-sports.io/football/players/22083.png"}, {"name": "Jonathan Bamba", "age": 27, "nationality": "Brazil", "height": 173, "weight": 65, "photo": "https://media.api-sports.io/football/players/350.png"}, {"name": "Jakob Johansson", "age": 28, "nationality": "Sweden", "height": 188, "weight": 87, "photo": "https://media.api-sports.io/football/players/2212.png"}, {"name": "Nicolas Benezet", "age": 27, "nationality": "France", "height": 170, "weight": 65, "photo": "https://media.api-sports.io/football/players/21496.png"}, {"name": "Pierre-Yves Polomat", "age": 25, "nationality": "France", "height": 183, "weight": 78, "photo": "https://media.api-sports.io/football/players/22089.png"}, {"name": "Emiliano Sala", "age": 28, "nationality": "Argentina", "height": 187, "weight": 75, "photo": "https://media.api-sports.io/football/players/84054.png"}, {"name": "Edgar Ié", "age": 24, "nationality": "Guinea-Bissau", "height": 182, "weight": 66, "photo": "https://media.api-sports.io/football/players/21085.png"}, {"name": "Abdoulaye Touré", "age": 17, "nationality": "France", "height": null, "weight": null, "photo": "https://media.api-sports.io/football/players/21094.png"}, {"name": "Nolan Roux", "age": 30, "nationality": "France", "height": 182, "weight": 81, "photo": "https://media.api-sports.io/football/players/21508.png"}, {"name": "Petar Skuletic", "age": 28, "nationality": "Serbia", "height": 193, "weight": 89, "photo": "https://media.api-sports.io/football/players/21594.png"}, {"name": "Claudio Beauvue", "age": 30, "nationality": "Guadeloupe", "height": 174, "weight": 66, "photo": "https://media.api-sports.io/football/players/21648.png"}, {"name": "Mehdi Abeid", "age": 26, "nationality": "Algeria", "height": 181, "weight": 78, "photo": "https://media.api-sports.io/football/players/21704.png"}, {"name": "Adrien Hunou", "age": 24, "nationality": "France", "height": 176, "weight": 66, "photo": "https://media.api-sports.io/football/players/2210.png"}, {"name": "Cheikh Ndoye", "age": 32, "nationality": "Senegal", "height": 192, "weight": 90, "photo": "https://media.api-sports.io/football/players/2993.png"}, {"name": "Bakaye Dibassy", "age": 29, "nationality": "Mali", "height": 183, "weight": 74, "photo": "https://media.api-sports.io/football/players/3332.png"}, {"name": "Ludovic Butelle", "age": 35, "nationality": "France", "height": 188, "weight": 84, "photo": "https://media.api-sports.io/football/players/21136.png"}, {"name": "Christophe Kerbrat", "age": 32, "nationality": "France", "height": 185, "weight": 74, "photo": "https://media.api-sports.io/football/players/21490.png"}, {"name": "Robert Beric", "age": 27, "nationality": "Slovenia", "height": 188, "weight": 83, "photo": "https://media.api-sports.io/football/players/22099.png"}, {"name": "Remi Walter", "age": 23, "nationality": "France", "height": 174, "weight": 73, "photo": "https://media.api-sports.io/football/players/22175.png"}, {"name": "Luiz Araujo", "age": 22, "nationality": "Brazil", "height": 175, "weight": 70, "photo": "https://media.api-sports.io/football/players/22238.png"}, {"name": "Samuel Grandsir", "age": 22, "nationality": "France", "height": 170, "weight": 65, "photo": "https://media.api-sports.io/football/players/22266.png"}, {"name": "Nacer Chadli", "age": 29, "nationality": "Belgium", "height": 187, "weight": 80, "photo": "https://media.api-sports.io/football/players/106.png"}, {"name": "Yann Karamoh", "age": 20, "nationality": "France", "height": 185, "weight": 77, "photo": "https://media.api-sports.io/football/players/1278.png"}, {"name": "Jimmy Durmaz", "age": 29, "nationality": "Sweden", "height": 180, "weight": 69, "photo": "https://media.api-sports.io/football/players/2857.png"}, {"name": "Rene Krhin", "age": 28, "nationality": "Slovenia", "height": 189, "weight": 80, "photo": "https://media.api-sports.io/football/players/21099.png"}, {"name": "Yeni N'Gbakoto", "age": 26, "nationality": "Congo DR", "height": 173, "weight": 69, "photo": "https://media.api-sports.io/football/players/21503.png"}, {"name": "Damien Le Tallec", "age": 28, "nationality": "France", "height": 187, "weight": 77, "photo": "https://media.api-sports.io/football/players/21581.png"}, {"name": "Baissama Sankoh", "age": 26, "nationality": "Guinea", "height": 180, "weight": 73, "photo": "https://media.api-sports.io/football/players/21646.png"}, {"name": "Yannis Salibur", "age": 27, "nationality": "France", "height": 177, "weight": 76, "photo": "https://media.api-sports.io/football/players/22104.png"}, {"name": "Firmin Ndombe Mubele", "age": 24, "nationality": "Congo DR", "height": 175, "weight": 74, "photo": "https://media.api-sports.io/football/players/22154.png"}, {"name": "Lionel Carole", "age": 27, "nationality": "France", "height": 182, "weight": 79, "photo": "https://media.api-sports.io/football/players/22245.png"}, {"name": "Younousse Sankhare", "age": 29, "nationality": "Senegal", "height": 184, "weight": 80, "photo": "https://media.api-sports.io/football/players/1270.png"}, {"name": "Mehdi Zeffane", "age": 26, "nationality": "Algeria", "height": 176, "weight": 71, "photo": "https://media.api-sports.io/football/players/2203.png"}, {"name": "Valentin Rongier", "age": 26, "nationality": "France", "height": 181, "weight": 73, "photo": "https://media.api-sports.io/football/players/21096.png"}, {"name": "Herve Lybohy", "age": 35, "nationality": "Niger", "height": 186, "weight": 88, "photo": "https://media.api-sports.io/football/players/21432.png"}, {"name": "Umut Bozok", "age": 22, "nationality": "Turkey", "height": 178, "weight": 70, "photo": "https://media.api-sports.io/football/players/21447.png"}, {"name": "Lebogang Phiri", "age": 24, "nationality": "South Africa", "height": 173, "weight": 63, "photo": "https://media.api-sports.io/football/players/21505.png"}, {"name": "Emmanuel Imorou", "age": 30, "nationality": "Benin", "height": 181, "weight": 78, "photo": "https://media.api-sports.io/football/players/21637.png"}, {"name": "Enzo Crivelli", "age": 23, "nationality": "France", "height": 184, "weight": 79, "photo": "https://media.api-sports.io/football/players/21649.png"}, {"name": "François Moubandje", "age": 28, "nationality": "Switzerland", "height": 180, "weight": 74, "photo": "https://media.api-sports.io/football/players/22140.png"}, {"name": "Jean Eudes Aholou", "age": 24, "nationality": "Côte d'Ivoire", "height": 186, "weight": 71, "photo": "https://media.api-sports.io/football/players/103.png"}, {"name": "Gianluigi Buffon", "age": 40, "nationality": "Italy", "height": 192, "weight": 92, "photo": "https://media.api-sports.io/football/players/254.png"}, {"name": "Benjamin Bourigeaud", "age": 24, "nationality": "France", "height": 178, "weight": 71, "photo": "https://media.api-sports.io/football/players/2206.png"}, {"name": "Lebo Mothiba", "age": 22, "nationality": "South Africa", "height": 181, "weight": 78, "photo": "https://media.api-sports.io/football/players/3292.png"}, {"name": "Majeed Waris", "age": 27, "nationality": "Ghana", "height": 172, "weight": 71, "photo": "https://media.api-sports.io/football/players/3432.png"}, {"name": "Baptiste Santamaria", "age": 23, "nationality": "France", "height": 183, "weight": 73, "photo": "https://media.api-sports.io/football/players/21153.png"}, {"name": "Flavien Tait", "age": 25, "nationality": "France", "height": 175, "weight": 70, "photo": "https://media.api-sports.io/football/players/21154.png"}, {"name": "Alexis Blin", "age": 22, "nationality": "France", "height": 184, "weight": 78, "photo": "https://media.api-sports.io/football/players/21384.png"}, {"name": "Frederic Guilbert", "age": 24, "nationality": "France", "height": 178, "weight": 70, "photo": "https://media.api-sports.io/football/players/21636.png"}, {"name": "Dmitri Lienard", "age": 30, "nationality": "France", "height": 184, "weight": 77, "photo": "https://media.api-sports.io/football/players/22257.png"}, {"name": "Jonas Martin", "age": 28, "nationality": "France", "height": 184, "weight": 77, "photo": "https://media.api-sports.io/football/players/22258.png"}, {"name": "Ibrahima Sissoko", "age": 21, "nationality": "France", "height": 193, "weight": 88, "photo": "https://media.api-sports.io/football/players/22260.png"}, {"name": "Adrien Thomasson", "age": 25, "nationality": "France", "height": 177, "weight": 72, "photo": "https://media.api-sports.io/football/players/22261.png"}, {"name": "Ludovic Ajorque", "age": 24, "nationality": "France", "height": 197, "weight": 82, "photo": "https://media.api-sports.io/football/players/22264.png"}, {"name": "Martin Terrier", "age": 21, "nationality": "France", "height": 184, "weight": 71, "photo": "https://media.api-sports.io/football/players/663.png"}, {"name": "Farid El Melali", "age": 21, "nationality": "Algeria", "height": 168, "weight": 65, "photo": "https://media.api-sports.io/football/players/3177.png"}, {"name": "Gaetan Laborde", "age": 24, "nationality": "France", "height": 182, "weight": 81, "photo": "https://media.api-sports.io/football/players/21592.png"}, {"name": "Malik Tchokounte", "age": 30, "nationality": "France", "height": 188, "weight": 90, "photo": "https://media.api-sports.io/football/players/21653.png"}, {"name": "Kalidou Sidibe", "age": 19, "nationality": "France", "height": 200, "weight": 85, "photo": "https://media.api-sports.io/football/players/22150.png"}, {"name": "Nabil Fekir", "age": 25, "nationality": "France", "height": 173, "weight": 72, "photo": "https://media.api-sports.io/football/players/668.png"}, {"name": "Sergi Palencia", "age": 22, "nationality": "Spain", "height": 168, "weight": 67, "photo": "https://media.api-sports.io/football/players/1261.png"}, {"name": "Youssouf Sabaly", "age": 25, "nationality": "Senegal", "height": 173, "weight": 67, "photo": "https://media.api-sports.io/football/players/1264.png"}, {"name": "Anthony Briancon", "age": 24, "nationality": "France", "height": 185, "weight": 79, "photo": "https://media.api-sports.io/football/players/21438.png"}, {"name": "Gaetan Paquiez", "age": 24, "nationality": "France", "height": 182, "weight": 72, "photo": "https://media.api-sports.io/football/players/21442.png"}, {"name": "Jonathan Gradit", "age": 26, "nationality": "France", "height": 180, "weight": 75, "photo": "https://media.api-sports.io/football/players/21635.png"}, {"name": "Björn Engels", "age": 24, "nationality": "Belgium", "height": 193, "weight": 83, "photo": "https://media.api-sports.io/football/players/21999.png"}, {"name": "Yannick Cahuzac", "age": 33, "nationality": "France", "height": 178, "weight": 72, "photo": "https://media.api-sports.io/football/players/22143.png"}, {"name": "Patrick Burner", "age": 22, "nationality": "Martinique", "height": 168, "weight": 61, "photo": "https://media.api-sports.io/football/players/22161.png"}, {"name": "Pablo Martinez", "age": 29, "nationality": "France", "height": 182, "weight": 77, "photo": "https://media.api-sports.io/football/players/22248.png"}, {"name": "Otávio", "age": 24, "nationality": "Brazil", "height": 176, "weight": 73, "photo": "https://media.api-sports.io/football/players/1262.png"}, {"name": "Jimmy Briand", "age": 33, "nationality": "France", "height": 181, "weight": 84, "photo": "https://media.api-sports.io/football/players/1273.png"}, {"name": "Samuel Kalu", "age": 21, "nationality": "Nigeria", "height": 176, "weight": 74, "photo": "https://media.api-sports.io/football/players/1276.png"}, {"name": "M'Baye Niang", "age": 24, "nationality": "Senegal", "height": 184, "weight": 75, "photo": "https://media.api-sports.io/football/players/2216.png"}, {"name": "Enock Kwateng", "age": 21, "nationality": "France", "height": 183, "weight": 75, "photo": "https://media.api-sports.io/football/players/21086.png"}, {"name": "Cheick Traoré", "age": 23, "nationality": "Mali", "height": 174, "weight": 78, "photo": "https://media.api-sports.io/football/players/21495.png"}, {"name": "Daniel Congré", "age": 33, "nationality": "France", "height": 186, "weight": 82, "photo": "https://media.api-sports.io/football/players/21569.png"}, {"name": "Paul Baysse", "age": 30, "nationality": "France", "height": 187, "weight": 85, "photo": "https://media.api-sports.io/football/players/21631.png"}, {"name": "Wesley Said", "age": 23, "nationality": "France", "height": 171, "weight": 75, "photo": "https://media.api-sports.io/football/players/21715.png"}, {"name": "Remi Oudin", "age": 22, "nationality": "France", "height": 185, "weight": 79, "photo": "https://media.api-sports.io/football/players/22016.png"}, {"name": "Baptiste Reynet", "age": 28, "nationality": "France", "height": 185, "weight": 88, "photo": "https://media.api-sports.io/football/players/22132.png"}, {"name": "Manu García", "age": 20, "nationality": "Spain", "height": 169, "weight": 65, "photo": "https://media.api-sports.io/football/players/22146.png"}, {"name": "Corentin Jean", "age": 23, "nationality": "France", "height": 170, "weight": 70, "photo": "https://media.api-sports.io/football/players/22151.png"}, {"name": "Jordan Amavi", "age": 24, "nationality": "France", "height": 176, "weight": 70, "photo": "https://media.api-sports.io/football/players/1901.png"}, {"name": "Nicolas Pallois", "age": 31, "nationality": "France", "height": 190, "weight": 89, "photo": "https://media.api-sports.io/football/players/21088.png"}, {"name": "Andrei Girotto", "age": 26, "nationality": "Brazil", "height": 186, "weight": 73, "photo": "https://media.api-sports.io/football/players/21097.png"}, {"name": "Anthony Limbombe", "age": 24, "nationality": "Belgium", "height": 177, "weight": 72, "photo": "https://media.api-sports.io/football/players/21105.png"}, {"name": "Ludovic Blas", "age": 21, "nationality": "France", "height": 180, "weight": 70, "photo": "https://media.api-sports.io/football/players/21497.png"}, {"name": "Lucas Deaux", "age": 30, "nationality": "France", "height": 188, "weight": 82, "photo": "https://media.api-sports.io/football/players/21499.png"}, {"name": "Andy Delort", "age": 27, "nationality": "Algeria", "height": 182, "weight": 82, "photo": "https://media.api-sports.io/football/players/21591.png"}, {"name": "Jordan Marié", "age": 27, "nationality": "France", "height": 177, "weight": 73, "photo": "https://media.api-sports.io/football/players/21710.png"}, {"name": "Walter Benítez", "age": 25, "nationality": "Argentina", "height": 191, "weight": 91, "photo": "https://media.api-sports.io/football/players/22157.png"}, {"name": "Wylan Cyprien", "age": 23, "nationality": "France", "height": 181, "weight": 75, "photo": "https://media.api-sports.io/football/players/22169.png"}, {"name": "Jemerson", "age": 26, "nationality": "Brazil", "height": 184, "weight": 77, "photo": "https://media.api-sports.io/football/players/96.png"}, {"name": "Nicolas de Preville", "age": 27, "nationality": "France", "height": 177, "weight": 77, "photo": "https://media.api-sports.io/football/players/1275.png"}, {"name": "Steve Mandanda", "age": 33, "nationality": "France", "height": 185, "weight": 82, "photo": "https://media.api-sports.io/football/players/1897.png"}, {"name": "Boubacar Kamara", "age": 19, "nationality": "France", "height": 184, "weight": 68, "photo": "https://media.api-sports.io/football/players/1904.png"}, {"name": "Dimitri Payet", "age": 31, "nationality": "France", "height": 175, "weight": 77, "photo": "https://media.api-sports.io/football/players/1912.png"}, {"name": "Romain Del Castillo", "age": 22, "nationality": "France", "height": 172, "weight": 56, "photo": "https://media.api-sports.io/football/players/2214.png"}, {"name": "Yunis Abdelhamid", "age": 31, "nationality": "Morocco", "height": 190, "weight": 83, "photo": "https://media.api-sports.io/football/players/2704.png"}, {"name": "Valentin Rongier", "age": 24, "nationality": "France", "height": 172, "weight": 66, "photo": "https://media.api-sports.io/football/players/21102.png"}, {"name": "Marc-Aurele Caillard", "age": 24, "nationality": "France", "height": 191, "weight": 87, "photo": "https://media.api-sports.io/football/players/21483.png"}, {"name": "Marcus Coco", "age": 22, "nationality": "France", "height": 180, "weight": 75, "photo": "https://media.api-sports.io/football/players/21498.png"}, {"name": "Paul Lasne", "age": 29, "nationality": "France", "height": 186, "weight": 77, "photo": "https://media.api-sports.io/football/players/21580.png"}, {"name": "William Saliba", "age": 17, "nationality": "France", "height": 192, "weight": 83, "photo": "https://media.api-sports.io/football/players/22090.png"}, {"name": "Christophe Herelle", "age": 26, "nationality": "Martinique", "height": 188, "weight": 75, "photo": "https://media.api-sports.io/football/players/22164.png"}, {"name": "Valère Germain", "age": 28, "nationality": "France", "height": 180, "weight": 73, "photo": "https://media.api-sports.io/football/players/1918.png"}, {"name": "Mateo Pavlovic", "age": 28, "nationality": "Croatia", "height": 196, "weight": 94, "photo": "https://media.api-sports.io/football/players/21142.png"}, {"name": "Régis Gurtner", "age": 32, "nationality": "France", "height": 182, "weight": 82, "photo": "https://media.api-sports.io/football/players/21378.png"}, {"name": "Baptiste Guillaume", "age": 26, "nationality": "France", "height": 185, "weight": 80, "photo": "https://media.api-sports.io/football/players/21428.png"}, {"name": "Jordan Ferri", "age": 26, "nationality": "France", "height": 172, "weight": 70, "photo": "https://media.api-sports.io/football/players/21439.png"}, {"name": "Antonin Bobichon", "age": 23, "nationality": "France", "height": 170, "weight": 72, "photo": "https://media.api-sports.io/football/players/21446.png"}, {"name": "Pedro Mendes", "age": 28, "nationality": "Portugal", "height": 187, "weight": 78, "photo": "https://media.api-sports.io/football/players/21574.png"}, {"name": "Florent Mollet", "age": 27, "nationality": "France", "height": 174, "weight": 68, "photo": "https://media.api-sports.io/football/players/21582.png"}, {"name": "Thomas Foket", "age": 24, "nationality": "Belgium", "height": 177, "weight": 67, "photo": "https://media.api-sports.io/football/players/22000.png"}, {"name": "Arbër Zeneli", "age": 23, "nationality": "Kosovo", "height": 176, "weight": 72, "photo": "https://media.api-sports.io/football/players/22019.png"}, {"name": "Benjamin Corgnet", "age": 31, "nationality": "France", "height": 180, "weight": 73, "photo": "https://media.api-sports.io/football/players/22253.png"}, {"name": "Abdoulaye Bamba", "age": 28, "nationality": "Côte d'Ivoire", "height": 182, "weight": 72, "photo": "https://media.api-sports.io/football/players/3234.png"}, {"name": "Ismael Traoré", "age": 32, "nationality": "Côte d'Ivoire", "height": 184, "weight": 87, "photo": "https://media.api-sports.io/football/players/3237.png"}, {"name": "Vincent Manceau", "age": 29, "nationality": "France", "height": 176, "weight": 70, "photo": "https://media.api-sports.io/football/players/21141.png"}, {"name": "Romain Thomas", "age": 30, "nationality": "France", "height": 193, "weight": 84, "photo": "https://media.api-sports.io/football/players/21144.png"}, {"name": "Pierrick Capelle", "age": 31, "nationality": "France", "height": 181, "weight": 73, "photo": "https://media.api-sports.io/football/players/21145.png"}, {"name": "Angelo Fulgini", "age": 22, "nationality": "France", "height": 183, "weight": 71, "photo": "https://media.api-sports.io/football/players/21146.png"}, {"name": "Thomas Mangani", "age": 31, "nationality": "France", "height": 183, "weight": 79, "photo": "https://media.api-sports.io/football/players/21148.png"}, {"name": "Lois Diony", "age": 26, "nationality": "France", "height": 183, "weight": 82, "photo": "https://media.api-sports.io/football/players/22100.png"}, {"name": "Anthony Lopes", "age": 28, "nationality": "Portugal", "height": 184, "weight": 81, "photo": "https://media.api-sports.io/football/players/647.png"}, {"name": "Marcelo", "age": 31, "nationality": "Brazil", "height": 191, "weight": 85, "photo": "https://media.api-sports.io/football/players/651.png"}, {"name": "Houssem Aouar", "age": 20, "nationality": "France", "height": 175, "weight": 70, "photo": "https://media.api-sports.io/football/players/658.png"}, {"name": "Moussa Dembele", "age": 22, "nationality": "France", "height": 183, "weight": 73, "photo": "https://media.api-sports.io/football/players/666.png"}, {"name": "Damien Da Silva", "age": 30, "nationality": "France", "height": 184, "weight": 82, "photo": "https://media.api-sports.io/football/players/2196.png"}, {"name": "Jeff Reine-Adelaide", "age": 20, "nationality": "France", "height": 183, "weight": 75, "photo": "https://media.api-sports.io/football/players/21152.png"}, {"name": "Timothée Kolodziejczak", "age": 27, "nationality": "France", "height": 185, "weight": 75, "photo": "https://media.api-sports.io/football/players/22086.png"}, {"name": "Thiago Mendes", "age": 26, "nationality": "Brazil", "height": 176, "weight": 78, "photo": "https://media.api-sports.io/football/players/22232.png"}, {"name": "Sada Thioub", "age": 23, "nationality": "Senegal", "height": 179, "weight": 75, "photo": "https://media.api-sports.io/football/players/2996.png"}, {"name": "Thomas Monconduit", "age": 27, "nationality": "France", "height": 184, "weight": 83, "photo": "https://media.api-sports.io/football/players/21387.png"}, {"name": "Clement Depres", "age": 24, "nationality": "France", "height": 188, "weight": 80, "photo": "https://media.api-sports.io/football/players/21449.png"}, {"name": "Yoel Armougom", "age": 20, "nationality": "France", "height": 173, "weight": 71, "photo": "https://media.api-sports.io/football/players/21630.png"}, {"name": "Thomas Foket", "age": 27, "nationality": "Madagascar", "height": 184, "weight": 78, "photo": "https://media.api-sports.io/football/players/22001.png"}, {"name": "Pablo Chavarria", "age": 30, "nationality": "Argentina", "height": 182, "weight": 74, "photo": "https://media.api-sports.io/football/players/22014.png"}, {"name": "Romain Hamouma", "age": 31, "nationality": "France", "height": 178, "weight": 76, "photo": "https://media.api-sports.io/football/players/22095.png"}, {"name": "Florian Thauvin", "age": 20, "nationality": "France", "height": 171, "weight": null, "photo": "https://media.api-sports.io/football/players/1908.png"}, {"name": "Baptiste Guillaume", "age": 23, "nationality": "Belgium", "height": 190, "weight": 86, "photo": "https://media.api-sports.io/football/players/21450.png"}, {"name": "Felix Eboa Eboa", "age": 21, "nationality": "Cameroon", "height": 186, "weight": 80, "photo": "https://media.api-sports.io/football/players/21488.png"}, {"name": "Alexandre Mendy", "age": 24, "nationality": "Guinea-Bissau", "height": 184, "weight": 94, "photo": "https://media.api-sports.io/football/players/21506.png"}, {"name": "Jessy Deminguet", "age": 20, "nationality": "France", "height": 178, "weight": 74, "photo": "https://media.api-sports.io/football/players/21640.png"}, {"name": "Prince Oniangué", "age": 30, "nationality": "Congo", "height": 187, "weight": 78, "photo": "https://media.api-sports.io/football/players/21644.png"}, {"name": "Cédric Yambéré", "age": 28, "nationality": "Central African Republic", "height": 191, "weight": 81, "photo": "https://media.api-sports.io/football/players/21703.png"}, {"name": "Benjamin Jeannot", "age": 26, "nationality": "France", "height": 183, "weight": 75, "photo": "https://media.api-sports.io/football/players/21713.png"}, {"name": "Mathieu Debuchy", "age": 33, "nationality": "France", "height": 176, "weight": 76, "photo": "https://media.api-sports.io/football/players/22085.png"}, {"name": "Anthony Goncalves", "age": 32, "nationality": "France", "height": 179, "weight": 79, "photo": "https://media.api-sports.io/football/players/22255.png"}, {"name": "Joia Nuno Da Costa", "age": 27, "nationality": "Cape Verde Islands", "height": 182, "weight": 70, "photo": "https://media.api-sports.io/football/players/22265.png"}, {"name": "Adil Rami", "age": 33, "nationality": "France", "height": 190, "weight": 90, "photo": "https://media.api-sports.io/football/players/1906.png"}, {"name": "Oussama Haddadi", "age": 26, "nationality": "Tunisia", "height": 184, "weight": 79, "photo": "https://media.api-sports.io/football/players/2946.png"}, {"name": "Saif-Eddine Khaoui", "age": 23, "nationality": "Tunisia", "height": 180, "weight": 68, "photo": "https://media.api-sports.io/football/players/2955.png"}, {"name": "Youcef Atal", "age": 22, "nationality": "Algeria", "height": 176, "weight": 64, "photo": "https://media.api-sports.io/football/players/3165.png"}, {"name": "Youssouf Kone", "age": 23, "nationality": "Mali", "height": 174, "weight": 71, "photo": "https://media.api-sports.io/football/players/3334.png"}, {"name": "Stéphane Bahoken", "age": 26, "nationality": "Cameroon", "height": 185, "weight": 78, "photo": "https://media.api-sports.io/football/players/3407.png"}, {"name": "Renaud Ripart", "age": 25, "nationality": "France", "height": 181, "weight": 73, "photo": "https://media.api-sports.io/football/players/21451.png"}, {"name": "Ambroise Oyongo", "age": 27, "nationality": "Cameroon", "height": 170, "weight": 68, "photo": "https://media.api-sports.io/football/players/21572.png"}, {"name": "Ghislain Konan", "age": 23, "nationality": "Côte d'Ivoire", "height": 176, "weight": 71, "photo": "https://media.api-sports.io/football/players/22002.png"}, {"name": "Xavier Chavalerin", "age": 27, "nationality": "France", "height": 178, "weight": 66, "photo": "https://media.api-sports.io/football/players/22005.png"}, {"name": "Tristan Dingome", "age": 27, "nationality": "France", "height": 174, "weight": 71, "photo": "https://media.api-sports.io/football/players/22006.png"}, {"name": "Suk Hyun-Jun", "age": 27, "nationality": "Korea Republic", "height": 190, "weight": 82, "photo": "https://media.api-sports.io/football/players/22018.png"}, {"name": "Wahbi Khazri", "age": 27, "nationality": "Tunisia", "height": 182, "weight": 76, "photo": "https://media.api-sports.io/football/players/22102.png"}, {"name": "Ignatius Ganago", "age": 19, "nationality": "Cameroon", "height": 176, "weight": 78, "photo": "https://media.api-sports.io/football/players/22177.png"}, {"name": "Kamil Glik", "age": 30, "nationality": "Poland", "height": 190, "weight": 80, "photo": "https://media.api-sports.io/football/players/97.png"}, {"name": "Hamari Traore", "age": 26, "nationality": "Mali", "height": 175, "weight": 73, "photo": "https://media.api-sports.io/football/players/2202.png"}, {"name": "Faycal Fajr", "age": 30, "nationality": "Morocco", "height": 178, "weight": 72, "photo": "https://media.api-sports.io/football/players/2715.png"}, {"name": "Moussa Doumbia", "age": 24, "nationality": "Mali", "height": 173, "weight": 68, "photo": "https://media.api-sports.io/football/players/3340.png"}, {"name": "Kalifa Coulibaly", "age": 27, "nationality": "Mali", "height": 197, "weight": 84, "photo": "https://media.api-sports.io/football/players/3344.png"}, {"name": "Samuel Moutoussamy", "age": 22, "nationality": "Congo DR", "height": 176, "weight": 72, "photo": "https://media.api-sports.io/football/players/21101.png"}, {"name": "Sofiane Alakouch", "age": 20, "nationality": "Morocco", "height": 175, "weight": 66, "photo": "https://media.api-sports.io/football/players/21436.png"}, {"name": "Denis Bouanga", "age": 24, "nationality": "Gabon", "height": 175, "weight": 70, "photo": "https://media.api-sports.io/football/players/21437.png"}, {"name": "Alexander Djiku", "age": 24, "nationality": "Ghana", "height": 182, "weight": 74, "photo": "https://media.api-sports.io/football/players/21633.png"}, {"name": "Issiaga Sylla", "age": 24, "nationality": "Guinea", "height": 180, "weight": 72, "photo": "https://media.api-sports.io/football/players/22141.png"}, {"name": "Jason Denayer", "age": 23, "nationality": "Belgium", "height": 184, "weight": 70, "photo": "https://media.api-sports.io/football/players/649.png"}, {"name": "Léo Dubois", "age": 24, "nationality": "France", "height": 178, "weight": 65, "photo": "https://media.api-sports.io/football/players/650.png"}, {"name": "Nabil Fekir", "age": 21, "nationality": "France", "height": null, "weight": null, "photo": "https://media.api-sports.io/football/players/669.png"}, {"name": "Benoit Costil", "age": 31, "nationality": "France", "height": 187, "weight": 88, "photo": "https://media.api-sports.io/football/players/1253.png"}, {"name": "Andreas Cornelius", "age": 25, "nationality": "Denmark", "height": 193, "weight": 91, "photo": "https://media.api-sports.io/football/players/1274.png"}, {"name": "Duje Caleta-Car", "age": 22, "nationality": "Croatia", "height": 192, "weight": 89, "photo": "https://media.api-sports.io/football/players/1902.png"}, {"name": "Gen Shoji", "age": 26, "nationality": "Japan", "height": 182, "weight": 76, "photo": "https://media.api-sports.io/football/players/2596.png"}, {"name": "Stefan Mitrovic", "age": 28, "nationality": "Serbia", "height": 189, "weight": 84, "photo": "https://media.api-sports.io/football/players/2819.png"}, {"name": "Matz Sels", "age": 26, "nationality": "Belgium", "height": 188, "weight": 75, "photo": "https://media.api-sports.io/football/players/2919.png"}, {"name": "Boschilia", "age": 22, "nationality": "Brazil", "height": 172, "weight": 63, "photo": "https://media.api-sports.io/football/players/21093.png"}, {"name": "John Mendoza", "age": 26, "nationality": "Colombia", "height": 172, "weight": 70, "photo": "https://media.api-sports.io/football/players/21394.png"}, {"name": "Jacques-Alaixys Romao", "age": 34, "nationality": "Togo", "height": 180, "weight": 77, "photo": "https://media.api-sports.io/football/players/22012.png"}, {"name": "Thiago Maia", "age": 21, "nationality": "Brazil", "height": 179, "weight": 64, "photo": "https://media.api-sports.io/football/players/22231.png"}, {"name": "Marquinhos", "age": 24, "nationality": "Brazil", "height": 183, "weight": 75, "photo": "https://media.api-sports.io/football/players/257.png"}, {"name": "Presnel Kimpembe", "age": 23, "nationality": "France", "height": 183, "weight": 77, "photo": "https://media.api-sports.io/football/players/262.png"}, {"name": "Hiroki Sakai", "age": 28, "nationality": "Japan", "height": 183, "weight": 70, "photo": "https://media.api-sports.io/football/players/1907.png"}, {"name": "Jeremy Gelin", "age": 21, "nationality": "France", "height": 183, "weight": 77, "photo": "https://media.api-sports.io/football/players/2199.png"}, {"name": "Lukas Lerager", "age": 25, "nationality": "Denmark", "height": 188, "weight": 80, "photo": "https://media.api-sports.io/football/players/2736.png"}, {"name": "Karl-Johan Johnsson", "age": 28, "nationality": "Sweden", "height": 188, "weight": 84, "photo": "https://media.api-sports.io/football/players/2850.png"}, {"name": "Kwon Chang-Hoon", "age": 24, "nationality": "Korea Republic", "height": 174, "weight": 71, "photo": "https://media.api-sports.io/football/players/2913.png"}, {"name": "Max Gradel", "age": 31, "nationality": "Côte d'Ivoire", "height": 175, "weight": 70, "photo": "https://media.api-sports.io/football/players/3244.png"}, {"name": "Ole Selnaes", "age": 24, "nationality": "Norway", "height": 187, "weight": 77, "photo": "https://media.api-sports.io/football/players/12880.png"}, {"name": "Cheick Timite", "age": 21, "nationality": "Côte d'Ivoire", "height": 180, "weight": 79, "photo": "https://media.api-sports.io/football/players/21388.png"}, {"name": "Paul Bernardoni", "age": 21, "nationality": "France", "height": 190, "weight": 78, "photo": "https://media.api-sports.io/football/players/21425.png"}, {"name": "Téji Savanier", "age": 27, "nationality": "France", "height": 171, "weight": 62, "photo": "https://media.api-sports.io/football/players/21443.png"}, {"name": "Arnaud Nordin", "age": 20, "nationality": "France", "height": 170, "weight": 69, "photo": "https://media.api-sports.io/football/players/22097.png"}, {"name": "Anthony Caci", "age": 21, "nationality": "France", "height": 184, "weight": 76, "photo": "https://media.api-sports.io/football/players/22244.png"}, {"name": "Dani Alves", "age": 35, "nationality": "Brazil", "height": 172, "weight": 70, "photo": "https://media.api-sports.io/football/players/256.png"}, {"name": "Juan Bernat", "age": 25, "nationality": "Spain", "height": 177, "weight": 67, "photo": "https://media.api-sports.io/football/players/258.png"}, {"name": "Colin Dagba", "age": 20, "nationality": "France", "height": 170, "weight": 62, "photo": "https://media.api-sports.io/football/players/260.png"}, {"name": "Layvin Kurzawa", "age": 26, "nationality": "France", "height": 182, "weight": 74, "photo": "https://media.api-sports.io/football/players/263.png"}, {"name": "Ángel Di María", "age": 30, "nationality": "Argentina", "height": 180, "weight": 75, "photo": "https://media.api-sports.io/football/players/266.png"}, {"name": "Julian Draxler", "age": 25, "nationality": "Germany", "height": 185, "weight": 72, "photo": "https://media.api-sports.io/football/players/267.png"}, {"name": "Leandro Paredes", "age": 24, "nationality": "Argentina", "height": 180, "weight": 75, "photo": "https://media.api-sports.io/football/players/271.png"}, {"name": "Marco Verratti", "age": 26, "nationality": "Italy", "height": 165, "weight": 60, "photo": "https://media.api-sports.io/football/players/273.png"}, {"name": "Kylian Mbappe-Lottin", "age": 20, "nationality": "France", "height": 178, "weight": 73, "photo": "https://media.api-sports.io/football/players/278.png"}, {"name": "Ferland Mendy", "age": 23, "nationality": "France", "height": 180, "weight": 73, "photo": "https://media.api-sports.io/football/players/653.png"}, {"name": "Memphis Depay", "age": 24, "nationality": "Netherlands", "height": 176, "weight": 78, "photo": "https://media.api-sports.io/football/players/667.png"}, {"name": "Benjamin Lecomte", "age": 27, "nationality": "France", "height": 186, "weight": 78, "photo": "https://media.api-sports.io/football/players/21566.png"}, {"name": "Valentin Rosier", "age": 22, "nationality": "France", "height": 175, "weight": 71, "photo": "https://media.api-sports.io/football/players/21701.png"}, {"name": "Benoit Badiashile Mukinayi", "age": 17, "nationality": "France", "height": 194, "weight": 75, "photo": "https://media.api-sports.io/football/players/95.png"}, {"name": "Moussa Sylla", "age": 19, "nationality": "France", "height": 181, "weight": 70, "photo": "https://media.api-sports.io/football/players/115.png"}, {"name": "Jules Koundé", "age": 20, "nationality": "France", "height": 178, "weight": 70, "photo": "https://media.api-sports.io/football/players/1257.png"}, {"name": "Lucas Ocampos", "age": 24, "nationality": "Argentina", "height": 187, "weight": 84, "photo": "https://media.api-sports.io/football/players/1911.png"}, {"name": "Benjamin André", "age": 28, "nationality": "France", "height": 180, "weight": 76, "photo": "https://media.api-sports.io/football/players/2204.png"}, {"name": "Hatem Ben Arfa", "age": 31, "nationality": "France", "height": 178, "weight": 65, "photo": "https://media.api-sports.io/football/players/2205.png"}, {"name": "Diego Carlos", "age": 25, "nationality": "Brazil", "height": 186, "weight": 79, "photo": "https://media.api-sports.io/football/players/21090.png"}, {"name": "Boulaye Dia", "age": 22, "nationality": "Senegal", "height": 180, "weight": 75, "photo": "https://media.api-sports.io/football/players/22015.png"}, {"name": "Mehmet Zeki Çelik", "age": 21, "nationality": "Turkey", "height": 180, "weight": 78, "photo": "https://media.api-sports.io/football/players/22222.png"}, {"name": "Xeka", "age": 24, "nationality": "Portugal", "height": 185, "weight": 80, "photo": "https://media.api-sports.io/football/players/22228.png"}, {"name": "Jonathan Bamba", "age": 22, "nationality": "France", "height": 175, "weight": 72, "photo": "https://media.api-sports.io/football/players/22235.png"}, {"name": "Djibril Sidibe", "age": 26, "nationality": "France", "height": 182, "weight": 71, "photo": "https://media.api-sports.io/football/players/102.png"}, {"name": "Aleksandr Golovin", "age": 22, "nationality": "Russia", "height": 180, "weight": 69, "photo": "https://media.api-sports.io/football/players/109.png"}, {"name": "Gelson Martins", "age": 23, "nationality": "Portugal", "height": 173, "weight": 72, "photo": "https://media.api-sports.io/football/players/118.png"}, {"name": "Jordan Ikoko", "age": 24, "nationality": "Congo DR", "height": 177, "weight": 60, "photo": "https://media.api-sports.io/football/players/21489.png"}, {"name": "Ruben Aguilar", "age": 25, "nationality": "France", "height": 172, "weight": 70, "photo": "https://media.api-sports.io/football/players/21568.png"}, {"name": "Yann M'Vila", "age": 28, "nationality": "France", "height": 182, "weight": 80, "photo": "https://media.api-sports.io/football/players/22096.png"}, {"name": "Ibrahim Sangare", "age": 21, "nationality": "Côte d'Ivoire", "height": 191, "weight": 77, "photo": "https://media.api-sports.io/football/players/22149.png"}, {"name": "Kenny Lala", "age": 27, "nationality": "France", "height": 178, "weight": 78, "photo": "https://media.api-sports.io/football/players/22247.png"}, {"name": "Youssouf Fofana", "age": 19, "nationality": "France", "height": 178, "weight": null, "photo": "https://media.api-sports.io/football/players/22254.png"},{"name": "Ismaila Sarr", "age": 20, "nationality": "Senegal", "height": 185, "weight": 76, "photo": "https://media.api-sports.io/football/players/2218.png"}, {"name": "Nicolas Pepe", "age": 23, "nationality": "Côte d'Ivoire", "height": 178, "weight": 68, "photo": "https://media.api-sports.io/football/players/3246.png"}, {"name": "Hassane Kamara", "age": 24, "nationality": "Côte d'Ivoire", "height": 168, "weight": 67, "photo": "https://media.api-sports.io/football/players/22007.png"}, {"name": "Rémy Cabella", "age": 28, "nationality": "France", "height": 172, "weight": 68, "photo": "https://media.api-sports.io/football/players/22093.png"}, {"name": "Christopher Jullien", "age": 25, "nationality": "France", "height": 196, "weight": 88, "photo": "https://media.api-sports.io/football/players/22138.png"}, {"name": "Thomas Meunier", "age": 27, "nationality": "Belgium", "height": 190, "weight": 90, "photo": "https://media.api-sports.io/football/players/264.png"}, {"name": "Eric Maxim Choupo-Moting", "age": 29, "nationality": "Cameroon", "height": 191, "weight": 90, "photo": "https://media.api-sports.io/football/players/275.png"}, {"name": "Moussa Diaby", "age": 19, "nationality": "France", "height": 170, "weight": 68, "photo": "https://media.api-sports.io/football/players/277.png"}, {"name": "Bertrand Traoré", "age": 23, "nationality": "Burkina Faso", "height": 181, "weight": 73, "photo": "https://media.api-sports.io/football/players/671.png"}, {"name": "Morgan Sanson", "age": 24, "nationality": "France", "height": 180, "weight": 73, "photo": "https://media.api-sports.io/football/players/1914.png"}, {"name": "Bouna Sarr", "age": 26, "nationality": "Senegal", "height": 177, "weight": 69, "photo": "https://media.api-sports.io/football/players/1915.png"}, {"name": "Jordan Siebatcheu", "age": 22, "nationality": "USA", "height": 175, "weight": 70, "photo": "https://media.api-sports.io/football/players/2219.png"}, {"name": "Jordan Lefort", "age": 25, "nationality": "France", "height": 184, "weight": 81, "photo": "https://media.api-sports.io/football/players/21381.png"}, {"name": "Theo Valls", "age": 23, "nationality": "France", "height": 180, "weight": 75, "photo": "https://media.api-sports.io/football/players/21435.png"}, {"name": "Ronny Rodelin", "age": 29, "nationality": "France", "height": 192, "weight": 82, "photo": "https://media.api-sports.io/football/players/21507.png"}, {"name": "Fouad Chafik", "age": 32, "nationality": "Morocco", "height": 183, "weight": 72, "photo": "https://media.api-sports.io/football/players/21698.png"}, {"name": "Lamine Koné", "age": 29, "nationality": "Côte d'Ivoire", "height": 189, "weight": 90, "photo": "https://media.api-sports.io/football/players/22246.png"}, {"name": "Benjamin Henrichs", "age": 21, "nationality": "Germany", "height": 183, "weight": 79, "photo": "https://media.api-sports.io/football/players/98.png"}, {"name": "Christopher Nkunku", "age": 21, "nationality": "France", "height": 175, "weight": 73, "photo": "https://media.api-sports.io/football/players/269.png"}, {"name": "Lucas Tousart", "age": 21, "nationality": "France", "height": 185, "weight": 83, "photo": "https://media.api-sports.io/football/players/664.png"}, {"name": "Florian Thauvin", "age": 25, "nationality": "France", "height": 179, "weight": 70, "photo": "https://media.api-sports.io/football/players/1922.png"}, {"name": "Tomas Koubek", "age": 26, "nationality": "Czech Republic", "height": 197, "weight": 98, "photo": "https://media.api-sports.io/football/players/2192.png"}, {"name": "Ramy Bensebaini", "age": 23, "nationality": "Algeria", "height": 186, "weight": 82, "photo": "https://media.api-sports.io/football/players/2194.png"}, {"name": "Juan Ferney Otero", "age": 23, "nationality": "Colombia", "height": 179, "weight": 70, "photo": "https://media.api-sports.io/football/players/21395.png"}, {"name": "Marcus Thuram", "age": 21, "nationality": "France", "height": 192, "weight": 88, "photo": "https://media.api-sports.io/football/players/21509.png"}, {"name": "Ellyes Skhiri", "age": 23, "nationality": "Tunisia", "height": 185, "weight": 74, "photo": "https://media.api-sports.io/football/players/21587.png"}, {"name": "Vukasin Jovanovic", "age": 22, "nationality": "Serbia", "height": 189, "weight": 88, "photo": "https://media.api-sports.io/football/players/1256.png"}, {"name": "Francois Kamano", "age": 22, "nationality": "Guinea", "height": 175, "weight": 77, "photo": "https://media.api-sports.io/football/players/1277.png"}, {"name": "Clinton N'Jie", "age": 25, "nationality": "Cameroon", "height": 176, "weight": 73, "photo": "https://media.api-sports.io/football/players/1919.png"}, {"name": "Rachid Alioui", "age": 26, "nationality": "Morocco", "height": 186, "weight": 81, "photo": "https://media.api-sports.io/football/players/2718.png"}, {"name": "Rúnar Alex Rúnarsson", "age": 23, "nationality": "Iceland", "height": 186, "weight": 78, "photo": "https://media.api-sports.io/football/players/2784.png"}, {"name": "Kévin Monnet-Paquet", "age": 30, "nationality": "France", "height": 184, "weight": 81, "photo": "https://media.api-sports.io/football/players/22103.png"}, {"name": "Alphonse Areola", "age": 25, "nationality": "France", "height": 195, "weight": 94, "photo": "https://media.api-sports.io/football/players/253.png"}, {"name": "Thiago Silva", "age": 34, "nationality": "Brazil", "height": 183, "weight": 79, "photo": "https://media.api-sports.io/football/players/259.png"}, {"name": "Edinson Cavani", "age": 31, "nationality": "Uruguay", "height": 184, "weight": 71, "photo": "https://media.api-sports.io/football/players/274.png"}, {"name": "Nemanja Radonjic", "age": 22, "nationality": "Serbia", "height": 185, "weight": 77, "photo": "https://media.api-sports.io/football/players/1920.png"}, {"name": "Bassem Srarfi", "age": 21, "nationality": "Tunisia", "height": 176, "weight": 71, "photo": "https://media.api-sports.io/football/players/2959.png"}, {"name": "Edouard Mendy", "age": 26, "nationality": "Senegal", "height": 197, "weight": 86, "photo": "https://media.api-sports.io/football/players/2986.png"}, {"name": "Mathieu Cafaro", "age": 21, "nationality": "France", "height": 178, "weight": 74, "photo": "https://media.api-sports.io/football/players/22003.png"}, {"name": "Aaron Leya Iseka", "age": 21, "nationality": "Belgium", "height": 182, "weight": 85, "photo": "https://media.api-sports.io/football/players/22153.png"}, {"name": "Malang Sarr", "age": 19, "nationality": "France", "height": 180, "weight": 70, "photo": "https://media.api-sports.io/football/players/22166.png"}, {"name": "Tanguy NDombele Alvaro", "age": 22, "nationality": "France", "height": 181, "weight": 76, "photo": "https://media.api-sports.io/football/players/662.png"}, {"name": "Saman Ghoddos", "age": 25, "nationality": "Iran", "height": 176, "weight": 75, "photo": "https://media.api-sports.io/football/players/2699.png"}, {"name": "Pierre Lees-Melou", "age": 25, "nationality": "France", "height": 185, "weight": 67, "photo": "https://media.api-sports.io/football/players/22170.png"}, {"name": "Mike Maignan", "age": 23, "nationality": "France", "height": 191, "weight": 89, "photo": "https://media.api-sports.io/football/players/22221.png"}, {"name": "Rafael Leão", "age": 19, "nationality": "Portugal", "height": 188, "weight": 81, "photo": "https://media.api-sports.io/football/players/22236.png"}, {"name": "Kévin Zohi", "age": 22, "nationality": "Mali", "height": 177, "weight": 70, "photo": "https://media.api-sports.io/football/players/22263.png"}, {"name": "Maxwel Cornet", "age": 22, "nationality": "Côte d'Ivoire", "height": 179, "weight": 69, "photo": "https://media.api-sports.io/football/players/665.png"}, {"name": "Toma Basic", "age": 22, "nationality": "Croatia", "height": 189, "weight": 80, "photo": "https://media.api-sports.io/football/players/1266.png"}, {"name": "Maxime Lopez", "age": 21, "nationality": "France", "height": 167, "weight": 58, "photo": "https://media.api-sports.io/football/players/1910.png"}, {"name": "Emil Krafth", "age": 24, "nationality": "Sweden", "height": 184, "weight": 83, "photo": "https://media.api-sports.io/football/players/2855.png"}, {"name": "Youri Tielemans", "age": 21, "nationality": "Belgium", "height": 176, "weight": 72, "photo": "https://media.api-sports.io/football/players/2926.png"}, {"name": "Erik Pieters", "age": 30, "nationality": "Netherlands", "height": 183, "weight": 84, "photo": "https://media.api-sports.io/football/players/21383.png"}, {"name": "Brice Samba", "age": 24, "nationality": "Congo", "height": 186, "weight": 79, "photo": "https://media.api-sports.io/football/players/21628.png"}, {"name": "Sheyi Ojo", "age": 21, "nationality": "England", "height": 177, "weight": 64, "photo": "https://media.api-sports.io/football/players/22010.png"}, {"name": "Kelvin Adou", "age": 20, "nationality": "France", "height": 180, "weight": 78, "photo": "https://media.api-sports.io/football/players/22134.png"}, {"name": "Jean-Victor Makengo", "age": 20, "nationality": "France", "height": 177, "weight": 75, "photo": "https://media.api-sports.io/football/players/22171.png"}, {"name": "Allan Saint-Maximin", "age": 21, "nationality": "France", "height": 173, "weight": 67, "photo": "https://media.api-sports.io/football/players/22173.png"}, {"name": "Adrien Tameze", "age": 24, "nationality": "France", "height": 180, "weight": 78, "photo": "https://media.api-sports.io/football/players/22174.png"}, {"name": "Boubakary Soumare", "age": 26, "nationality": "France", "height": 186, "weight": 93, "photo": "https://media.api-sports.io/football/players/22227.png"}, {"name": "Boubakary Soumare", "age": 19, "nationality": "France", "height": 188, "weight": 70, "photo": "https://media.api-sports.io/football/players/22233.png"}, {"name": "Kevin Strootman", "age": 28, "nationality": "Netherlands", "height": 186, "weight": 78, "photo": "https://media.api-sports.io/football/players/1916.png"}, {"name": "Naim Sliti", "age": 26, "nationality": "Tunisia", "height": 173, "weight": 75, "photo": "https://media.api-sports.io/football/players/2958.png"}, {"name": "Ismael Diomande", "age": 26, "nationality": "Côte d'Ivoire", "height": 180, "weight": 82, "photo": "https://media.api-sports.io/football/players/3239.png"}, {"name": "Abdoulaye Touré", "age": 24, "nationality": "France", "height": 187, "weight": 77, "photo": "https://media.api-sports.io/football/players/21103.png"}, {"name": "Loïck Landre", "age": 26, "nationality": "France", "height": 182, "weight": 75, "photo": "https://media.api-sports.io/football/players/21431.png"}, {"name": "Yacine Bammou", "age": 27, "nationality": "Morocco", "height": 189, "weight": 78, "photo": "https://media.api-sports.io/football/players/21647.png"}, {"name": "Romain Amalfitano", "age": 29, "nationality": "France", "height": 175, "weight": 72, "photo": "https://media.api-sports.io/football/players/21705.png"}, {"name": "John Bostock", "age": 26, "nationality": "Trinidad and Tobago", "height": 188, "weight": 84, "photo": "https://media.api-sports.io/football/players/22142.png"}]