[{"name": "Lukasz Piszczek", "age": 34, "nationality": "Poland", "height": 184, "weight": 79, "photo": "https://media.api-sports.io/football/players/10.png"}, {"name": "Sven Bender", "age": 30, "nationality": "Germany", "height": 186, "weight": 80, "photo": "https://media.api-sports.io/football/players/966.png"}, {"name": "Lars Bender", "age": 30, "nationality": "Germany", "height": 185, "weight": 81, "photo": "https://media.api-sports.io/football/players/977.png"}, {"name": "Stephan Lichtsteiner", "age": 35, "nationality": "Switzerland", "height": 182, "weight": 76, "photo": "https://media.api-sports.io/football/players/1444.png"}, {"name": "Neven Subotic", "age": 31, "nationality": "Serbia", "height": 193, "weight": 85, "photo": "https://media.api-sports.io/football/players/22091.png"}, {"name": "Felix Kroos", "age": 28, "nationality": "Germany", "height": 184, "weight": 78, "photo": "https://media.api-sports.io/football/players/24851.png"}, {"name": "Vedad Ibisevic", "age": 35, "nationality": "Bosnia and Herzegovina", "height": 188, "weight": 83, "photo": "https://media.api-sports.io/football/players/25359.png"}, {"name": "David Abraham", "age": 33, "nationality": "Argentina", "height": 188, "weight": 83, "photo": "https://media.api-sports.io/football/players/1802.png"}, {"name": "Daniel Baier", "age": 35, "nationality": "Germany", "height": 176, "weight": 77, "photo": "https://media.api-sports.io/football/players/25296.png"}, {"name": "Claudio Pizarro", "age": 41, "nationality": "Peru", "height": 184, "weight": 84, "photo": "https://media.api-sports.io/football/players/25331.png"}, {"name": "Guido Burgstaller", "age": 30, "nationality": "Austria", "height": 187, "weight": 80, "photo": "https://media.api-sports.io/football/players/420.png"}, {"name": "Jhon Córdoba", "age": 26, "nationality": "Colombia", "height": 188, "weight": 85, "photo": "https://media.api-sports.io/football/players/24810.png"}, {"name": "Theodor Gebre Selassie", "age": 33, "nationality": "Czech Republic", "height": 181, "weight": 71, "photo": "https://media.api-sports.io/football/players/25315.png"}, {"name": "Niklas Moisander", "age": 34, "nationality": "Finland", "height": 183, "weight": 75, "photo": "https://media.api-sports.io/football/players/25317.png"}, {"name": "Nuri Sahin", "age": 31, "nationality": "Turkey", "height": 180, "weight": 73, "photo": "https://media.api-sports.io/football/players/25325.png"}, {"name": "Oscar Wendt", "age": 34, "nationality": "Sweden", "height": 181, "weight": 82, "photo": "https://media.api-sports.io/football/players/25633.png"}, {"name": "Mitchell Weiser", "age": 25, "nationality": "Germany", "height": 177, "weight": 71, "photo": "https://media.api-sports.io/football/players/973.png"}, {"name": "Sebastian Schonlau", "age": 25, "nationality": "Germany", "height": 185, "weight": 87, "photo": "https://media.api-sports.io/football/players/24820.png"}, {"name": "Jiri Pavlenka", "age": 27, "nationality": "Czech Republic", "height": 196, "weight": 81, "photo": "https://media.api-sports.io/football/players/25310.png"}, {"name": "Marco Friedl", "age": 21, "nationality": "Austria", "height": 187, "weight": 82, "photo": "https://media.api-sports.io/football/players/25314.png"}, {"name": "Lucas Hernández", "age": 23, "nationality": "France", "height": 184, "weight": 79, "photo": "https://media.api-sports.io/football/players/33.png"}, {"name": "Salif Sané", "age": 29, "nationality": "Senegal", "height": 196, "weight": 85, "photo": "https://media.api-sports.io/football/players/406.png"}, {"name": "Kingsley Coman", "age": 23, "nationality": "France", "height": 180, "weight": 76, "photo": "https://media.api-sports.io/football/players/508.png"}, {"name": "Serge Gnabry", "age": 24, "nationality": "Germany", "height": 176, "weight": 77, "photo": "https://media.api-sports.io/football/players/510.png"}, {"name": "Robert Lewandowski", "age": 31, "nationality": "Poland", "height": 185, "weight": 81, "photo": "https://media.api-sports.io/football/players/521.png"}, {"name": "Marcel Sabitzer", "age": 25, "nationality": "Austria", "height": 178, "weight": 76, "photo": "https://media.api-sports.io/football/players/1159.png"}, {"name": "Benjamin Pavard", "age": 23, "nationality": "France", "height": 186, "weight": 81, "photo": "https://media.api-sports.io/football/players/2725.png"}, {"name": "Dominick Drexler", "age": 29, "nationality": "Germany", "height": 182, "weight": 71, "photo": "https://media.api-sports.io/football/players/24797.png"}, {"name": "Simon Terodde", "age": 31, "nationality": "Germany", "height": 192, "weight": 83, "photo": "https://media.api-sports.io/football/players/24812.png"}, {"name": "Leopold Zingerle", "age": 25, "nationality": "Germany", "height": 185, "weight": 82, "photo": "https://media.api-sports.io/football/players/24814.png"}, {"name": "Marius Bülter", "age": 26, "nationality": "Germany", "height": 188, "weight": 85, "photo": "https://media.api-sports.io/football/players/25242.png"}, {"name": "Danny Latza", "age": 30, "nationality": "Germany", "height": 179, "weight": 76, "photo": "https://media.api-sports.io/football/players/25920.png"}, {"name": "Oliver Baumann", "age": 29, "nationality": "Germany", "height": 187, "weight": 82, "photo": "https://media.api-sports.io/football/players/702.png"}, {"name": "Ermin Bicakcic", "age": 29, "nationality": "Bosnia and Herzegovina", "height": 185, "weight": 85, "photo": "https://media.api-sports.io/football/players/705.png"}, {"name": "Benjamin Hübner", "age": 30, "nationality": "Germany", "height": 193, "weight": 86, "photo": "https://media.api-sports.io/football/players/708.png"}, {"name": "Pavel Kaderábek", "age": 27, "nationality": "Czech Republic", "height": 182, "weight": 81, "photo": "https://media.api-sports.io/football/players/709.png"}, {"name": "Dennis Srbeny", "age": 25, "nationality": "Germany", "height": 190, "weight": 83, "photo": "https://media.api-sports.io/football/players/19087.png"}, {"name": "Uwe Hünemeier", "age": 33, "nationality": "Germany", "height": 189, "weight": 85, "photo": "https://media.api-sports.io/football/players/24819.png"}, {"name": "Sven Michel", "age": 29, "nationality": "Germany", "height": 179, "weight": 77, "photo": "https://media.api-sports.io/football/players/24826.png"}, {"name": "Kai Pröger", "age": 27, "nationality": "Germany", "height": 173, "weight": 73, "photo": "https://media.api-sports.io/football/players/24827.png"}, {"name": "Bastian Oczipka", "age": 30, "nationality": "Germany", "height": 185, "weight": 85, "photo": "https://media.api-sports.io/football/players/404.png"}, {"name": "Sebastian Rudy", "age": 29, "nationality": "Germany", "height": 180, "weight": 74, "photo": "https://media.api-sports.io/football/players/416.png"}, {"name": "Stefan Posch", "age": 22, "nationality": "Austria", "height": 189, "weight": 82, "photo": "https://media.api-sports.io/football/players/711.png"}, {"name": "Christoph Baumgartner", "age": 20, "nationality": "Austria", "height": 180, "weight": 73, "photo": "https://media.api-sports.io/football/players/715.png"}, {"name": "Dennis Geiger", "age": 21, "nationality": "Germany", "height": 173, "weight": 67, "photo": "https://media.api-sports.io/football/players/718.png"}, {"name": "Florian Grillitsch", "age": 24, "nationality": "Austria", "height": 187, "weight": 77, "photo": "https://media.api-sports.io/football/players/719.png"}, {"name": "Andrej Kramaric", "age": 28, "nationality": "Croatia", "height": 177, "weight": 73, "photo": "https://media.api-sports.io/football/players/726.png"}, {"name": "Robert Skov", "age": 23, "nationality": "Denmark", "height": 185, "weight": 81, "photo": "https://media.api-sports.io/football/players/1298.png"}, {"name": "Mijat Gacinovic", "age": 24, "nationality": "Serbia", "height": 175, "weight": 67, "photo": "https://media.api-sports.io/football/players/1818.png"}, {"name": "Christopher Trimmel", "age": 32, "nationality": "Austria", "height": 189, "weight": 82, "photo": "https://media.api-sports.io/football/players/24848.png"}, {"name": "Kevin Akpoguma", "age": 24, "nationality": "Nigeria", "height": 192, "weight": 85, "photo": "https://media.api-sports.io/football/players/25366.png"}, {"name": "Ihlas Bebou", "age": 25, "nationality": "Togo", "height": 185, "weight": 80, "photo": "https://media.api-sports.io/football/players/25389.png"}, {"name": "Niko Gießelmann", "age": 28, "nationality": "Germany", "height": 182, "weight": 75, "photo": "https://media.api-sports.io/football/players/25452.png"}, {"name": "Maximilian Eggestein", "age": 23, "nationality": "Germany", "height": 181, "weight": 75, "photo": "https://media.api-sports.io/football/players/2917.png"}, {"name": "Grischa Prömel", "age": 24, "nationality": "Germany", "height": 184, "weight": 81, "photo": "https://media.api-sports.io/football/players/24854.png"}, {"name": "Rani Khedira", "age": 25, "nationality": "Germany", "height": 188, "weight": 84, "photo": "https://media.api-sports.io/football/players/25300.png"}, {"name": "Robin Knoche", "age": 27, "nationality": "Germany", "height": 190, "weight": 77, "photo": "https://media.api-sports.io/football/players/25403.png"}, {"name": "Levin Öztunali", "age": 23, "nationality": "Germany", "height": 184, "weight": 80, "photo": "https://media.api-sports.io/football/players/25922.png"}, {"name": "Anthony Ujah", "age": 29, "nationality": "Nigeria", "height": 180, "weight": 81, "photo": "https://media.api-sports.io/football/players/25929.png"}, {"name": "Manuel Gulde", "age": 28, "nationality": "Germany", "height": 184, "weight": 78, "photo": "https://media.api-sports.io/football/players/26235.png"}, {"name": "Dominique Heintz", "age": 26, "nationality": "Germany", "height": 188, "weight": 89, "photo": "https://media.api-sports.io/football/players/26237.png"}, {"name": "Philipp Lienhart", "age": 23, "nationality": "Austria", "height": 189, "weight": 83, "photo": "https://media.api-sports.io/football/players/26240.png"}, {"name": "Janik Haberer", "age": 25, "nationality": "Germany", "height": 186, "weight": 77, "photo": "https://media.api-sports.io/football/players/26249.png"}, {"name": "Timo Horn", "age": 26, "nationality": "Germany", "height": 192, "weight": 90, "photo": "https://media.api-sports.io/football/players/24785.png"}, {"name": "Benno Schmitz", "age": 25, "nationality": "Germany", "height": 182, "weight": 75, "photo": "https://media.api-sports.io/football/players/24794.png"}, {"name": "Joshua Mees", "age": 23, "nationality": "Germany", "height": 180, "weight": 70, "photo": "https://media.api-sports.io/football/players/24852.png"}, {"name": "Adam Bodzek", "age": 34, "nationality": "Germany", "height": 184, "weight": 80, "photo": "https://media.api-sports.io/football/players/25449.png"}, {"name": "Andre Hoffmann", "age": 26, "nationality": "Germany", "height": 190, "weight": 84, "photo": "https://media.api-sports.io/football/players/25453.png"}, {"name": "Mike Frantz", "age": 33, "nationality": "Germany", "height": 182, "weight": 81, "photo": "https://media.api-sports.io/football/players/26246.png"}, {"name": "Vincenzo Grifo", "age": 26, "nationality": "Italy", "height": 180, "weight": 72, "photo": "https://media.api-sports.io/football/players/26248.png"}, {"name": "Nicolas Höfler", "age": 29, "nationality": "Germany", "height": 181, "weight": 78, "photo": "https://media.api-sports.io/football/players/26250.png"}, {"name": "Roland Sallai", "age": 22, "nationality": "Hungary", "height": 183, "weight": 75, "photo": "https://media.api-sports.io/football/players/26252.png"}, {"name": "Lucas Höler", "age": 25, "nationality": "Germany", "height": 183, "weight": 80, "photo": "https://media.api-sports.io/football/players/26255.png"}, {"name": "Luca Kilian", "age": 20, "nationality": "Germany", "height": 192, "weight": 91, "photo": "https://media.api-sports.io/football/players/108474.png"}, {"name": "Florian Kastenmeier", "age": 22, "nationality": "Germany", "height": 192, "weight": 84, "photo": "https://media.api-sports.io/football/players/108485.png"}, {"name": "Mark Uth", "age": 28, "nationality": "Germany", "height": 185, "weight": 72, "photo": "https://media.api-sports.io/football/players/426.png"}, {"name": "Sebastian Andersson", "age": 28, "nationality": "Sweden", "height": 190, "weight": 86, "photo": "https://media.api-sports.io/football/players/2862.png"}, {"name": "Jonas Hector", "age": 29, "nationality": "Germany", "height": 185, "weight": 75, "photo": "https://media.api-sports.io/football/players/24801.png"}, {"name": "Florian Kainz", "age": 27, "nationality": "Austria", "height": 176, "weight": 71, "photo": "https://media.api-sports.io/football/players/24803.png"}, {"name": "Anthony Modeste", "age": 31, "nationality": "France", "height": 187, "weight": 84, "photo": "https://media.api-sports.io/football/players/24811.png"}, {"name": "Felix Klaus", "age": 27, "nationality": "Germany", "height": 179, "weight": 79, "photo": "https://media.api-sports.io/football/players/25411.png"}, {"name": "Marcel Sobottka", "age": 25, "nationality": "Germany", "height": 185, "weight": 75, "photo": "https://media.api-sports.io/football/players/25460.png"}, {"name": "Matthias Zimmermann", "age": 27, "nationality": "Germany", "height": 177, "weight": 76, "photo": "https://media.api-sports.io/football/players/25463.png"}, {"name": "Rouwen Hennings", "age": 32, "nationality": "Germany", "height": 180, "weight": 80, "photo": "https://media.api-sports.io/football/players/25465.png"}, {"name": "Robin Zentner", "age": 25, "nationality": "Germany", "height": 194, "weight": 96, "photo": "https://media.api-sports.io/football/players/25906.png"}, {"name": "Aarón Martín", "age": 22, "nationality": "Spain", "height": 180, "weight": 72, "photo": "https://media.api-sports.io/football/players/25914.png"}, {"name": "Kingsley Ehizibue", "age": 24, "nationality": "Netherlands", "height": 189, "weight": 78, "photo": "https://media.api-sports.io/football/players/36916.png"}, {"name": "Ahmed Kutucu", "age": 19, "nationality": "Turkey", "height": 181, "weight": 76, "photo": "https://media.api-sports.io/football/players/422.png"}, {"name": "Dominik Kohr", "age": 25, "nationality": "Germany", "height": 183, "weight": 77, "photo": "https://media.api-sports.io/football/players/979.png"}, {"name": "Marcus Ingvartsen", "age": 23, "nationality": "Denmark", "height": 186, "weight": 79, "photo": "https://media.api-sports.io/football/players/1941.png"}, {"name": "Kevin Stöger", "age": 26, "nationality": "Austria", "height": 175, "weight": 74, "photo": "https://media.api-sports.io/football/players/25461.png"}, {"name": "Eduard Löwen", "age": 22, "nationality": "Germany", "height": 188, "weight": 91, "photo": "https://media.api-sports.io/football/players/25614.png"}, {"name": "Daniel Brosinski", "age": 31, "nationality": "Germany", "height": 178, "weight": 70, "photo": "https://media.api-sports.io/football/players/25908.png"}, {"name": "Moussa Niakhate", "age": 23, "nationality": "France", "height": 190, "weight": 82, "photo": "https://media.api-sports.io/football/players/25916.png"}, {"name": "Jean-Paul Boëtius", "age": 25, "nationality": "Netherlands", "height": 178, "weight": 76, "photo": "https://media.api-sports.io/football/players/25925.png"}, {"name": "Karim Onisiwo", "age": 27, "nationality": "Austria", "height": 188, "weight": 85, "photo": "https://media.api-sports.io/football/players/25928.png"}, {"name": "Streli Mamba", "age": 25, "nationality": "Germany", "height": 177, "weight": 75, "photo": "https://media.api-sports.io/football/players/26228.png"}, {"name": "Jeremiah St. Juste", "age": 23, "nationality": "Netherlands", "height": 184, "weight": 74, "photo": "https://media.api-sports.io/football/players/37148.png"}, {"name": "Stefan Lainer", "age": 27, "nationality": "Austria", "height": 175, "weight": 73, "photo": "https://media.api-sports.io/football/players/1082.png"}, {"name": "Nico Elvedi", "age": 23, "nationality": "Switzerland", "height": 189, "weight": 81, "photo": "https://media.api-sports.io/football/players/2803.png"}, {"name": "Marcus Thuram", "age": 22, "nationality": "France", "height": 192, "weight": 88, "photo": "https://media.api-sports.io/football/players/21509.png"}, {"name": "Christopher Antwi-Adjei", "age": 25, "nationality": "Ghana", "height": 173, "weight": 72, "photo": "https://media.api-sports.io/football/players/24815.png"}, {"name": "Ben Zolinski", "age": 27, "nationality": "Germany", "height": 181, "weight": 78, "photo": "https://media.api-sports.io/football/players/24830.png"}, {"name": "Marvin Friedrich", "age": 24, "nationality": "Germany", "height": 193, "weight": 81, "photo": "https://media.api-sports.io/football/players/24839.png"}, {"name": "László Bénes", "age": 22, "nationality": "Slovakia", "height": 181, "weight": 72, "photo": "https://media.api-sports.io/football/players/24962.png"}, {"name": "Tony Jantschke", "age": 29, "nationality": "Germany", "height": 177, "weight": 76, "photo": "https://media.api-sports.io/football/players/25630.png"}, {"name": "Christoph Kramer", "age": 28, "nationality": "Germany", "height": 191, "weight": 76, "photo": "https://media.api-sports.io/football/players/25637.png"}, {"name": "Lars Stindl", "age": 31, "nationality": "Germany", "height": 181, "weight": 80, "photo": "https://media.api-sports.io/football/players/25639.png"}, {"name": "Patrick Herrmann", "age": 28, "nationality": "Germany", "height": 179, "weight": 71, "photo": "https://media.api-sports.io/football/players/25644.png"}, {"name": "Gerrit Holtmann", "age": 24, "nationality": "Germany", "height": 185, "weight": 77, "photo": "https://media.api-sports.io/football/players/25919.png"}, {"name": "Suat Serdar", "age": 22, "nationality": "Germany", "height": 184, "weight": 75, "photo": "https://media.api-sports.io/football/players/418.png"}, {"name": "Breel Embolo", "age": 22, "nationality": "Switzerland", "height": 187, "weight": 88, "photo": "https://media.api-sports.io/football/players/421.png"}, {"name": "Niklas Stark", "age": 24, "nationality": "Germany", "height": 190, "weight": 88, "photo": "https://media.api-sports.io/football/players/2916.png"}, {"name": "Koen Casteels", "age": 27, "nationality": "Belgium", "height": 197, "weight": 78, "photo": "https://media.api-sports.io/football/players/2918.png"}, {"name": "Marco Richter", "age": 22, "nationality": "Germany", "height": 176, "weight": 74, "photo": "https://media.api-sports.io/football/players/25307.png"}, {"name": "Lukas Klünter", "age": 23, "nationality": "Germany", "height": 184, "weight": 76, "photo": "https://media.api-sports.io/football/players/25340.png"}, {"name": "Maximilian Mittelstädt", "age": 22, "nationality": "Germany", "height": 180, "weight": 71, "photo": "https://media.api-sports.io/football/players/25342.png"}, {"name": "Marvin Plattenhardt", "age": 27, "nationality": "Germany", "height": 181, "weight": 76, "photo": "https://media.api-sports.io/football/players/25344.png"}, {"name": "Jordan Torunarigha", "age": 22, "nationality": "Germany", "height": 191, "weight": 80, "photo": "https://media.api-sports.io/football/players/25346.png"}, {"name": "Vladimir Darida", "age": 29, "nationality": "Czech Republic", "height": 172, "weight": 67, "photo": "https://media.api-sports.io/football/players/25348.png"}, {"name": "Alassane Pléa", "age": 26, "nationality": "France", "height": 181, "weight": 79, "photo": "https://media.api-sports.io/football/players/25646.png"}, {"name": "Alexander Schwolow", "age": 27, "nationality": "Germany", "height": 190, "weight": 84, "photo": "https://media.api-sports.io/football/players/26234.png"}, {"name": "Xaver Schlager", "age": 22, "nationality": "Austria", "height": 174, "weight": 76, "photo": "https://media.api-sports.io/football/players/1095.png"}, {"name": "Sebastiaan Bornauw", "age": 20, "nationality": "Belgium", "height": 191, "weight": 81, "photo": "https://media.api-sports.io/football/players/1408.png"}, {"name": "Tomas Koubek", "age": 27, "nationality": "Czech Republic", "height": 197, "weight": 98, "photo": "https://media.api-sports.io/football/players/2192.png"}, {"name": "Rafal Gikiewicz", "age": 32, "nationality": "Poland", "height": 190, "weight": 81, "photo": "https://media.api-sports.io/football/players/24837.png"}, {"name": "Jeffrey Gouweleeuw", "age": 28, "nationality": "Netherlands", "height": 188, "weight": 83, "photo": "https://media.api-sports.io/football/players/25290.png"}, {"name": "John Brooks", "age": 26, "nationality": "USA", "height": 193, "weight": 78, "photo": "https://media.api-sports.io/football/players/25397.png"}, {"name": "William", "age": 24, "nationality": "Brazil", "height": 176, "weight": 67, "photo": "https://media.api-sports.io/football/players/25398.png"}, {"name": "Yannick Gerhardt", "age": 25, "nationality": "Germany", "height": 184, "weight": 81, "photo": "https://media.api-sports.io/football/players/25400.png"}, {"name": "Jérôme Roussillon", "age": 26, "nationality": "France", "height": 175, "weight": 80, "photo": "https://media.api-sports.io/football/players/25404.png"}, {"name": "Felix Uduokhai", "age": 22, "nationality": "Germany", "height": 193, "weight": 89, "photo": "https://media.api-sports.io/football/players/25406.png"}, {"name": "Josuha Guilavogui", "age": 29, "nationality": "France", "height": 188, "weight": 77, "photo": "https://media.api-sports.io/football/players/25410.png"}, {"name": "Daniel Ginczek", "age": 28, "nationality": "Germany", "height": 191, "weight": 85, "photo": "https://media.api-sports.io/football/players/25415.png"}, {"name": "Dodi Lukebakio", "age": 22, "nationality": "Belgium", "height": 187, "weight": 77, "photo": "https://media.api-sports.io/football/players/25458.png"}, {"name": "Gian-Luca Waldschmidt", "age": 23, "nationality": "Germany", "height": 181, "weight": 74, "photo": "https://media.api-sports.io/football/players/26260.png"}, {"name": "Daniel Caligiuri", "age": 31, "nationality": "Germany", "height": 182, "weight": 80, "photo": "https://media.api-sports.io/football/players/410.png"}, {"name": "Alessandro Schöpf", "age": 25, "nationality": "Austria", "height": 178, "weight": 74, "photo": "https://media.api-sports.io/football/players/417.png"}, {"name": "Sergio Córdova", "age": 22, "nationality": "Venezuela", "height": 188, "weight": 87, "photo": "https://media.api-sports.io/football/players/2457.png"}, {"name": "Alfred Finnbogason", "age": 30, "nationality": "Iceland", "height": 184, "weight": 80, "photo": "https://media.api-sports.io/football/players/2797.png"}, {"name": "Sebastian Vasiliadis", "age": 22, "nationality": "Greece", "height": 177, "weight": 73, "photo": "https://media.api-sports.io/football/players/24829.png"}, {"name": "Raphael Framberger", "age": 24, "nationality": "Germany", "height": 179, "weight": 76, "photo": "https://media.api-sports.io/football/players/25288.png"}, {"name": "André Hahn", "age": 29, "nationality": "Germany", "height": 185, "weight": 80, "photo": "https://media.api-sports.io/football/players/25298.png"}, {"name": "Florian Niederlechner", "age": 29, "nationality": "Germany", "height": 187, "weight": 86, "photo": "https://media.api-sports.io/football/players/26257.png"}, {"name": "Erik Thommy", "age": 25, "nationality": "Germany", "height": 175, "weight": 71, "photo": "https://media.api-sports.io/football/players/26311.png"}, {"name": "Edimilson Fernandes", "age": 23, "nationality": "Switzerland", "height": 187, "weight": 77, "photo": "https://media.api-sports.io/football/players/30405.png"}, {"name": "Marco Höger", "age": 30, "nationality": "Germany", "height": 182, "weight": 83, "photo": "https://media.api-sports.io/football/players/24802.png"}, {"name": "Jonathan Schmid", "age": 29, "nationality": "France", "height": 179, "weight": 79, "photo": "https://media.api-sports.io/football/players/25303.png"}, {"name": "Jean Zimmer", "age": 26, "nationality": "Germany", "height": 171, "weight": 72, "photo": "https://media.api-sports.io/football/players/25462.png"}, {"name": "Keven Schlotterbeck", "age": 22, "nationality": "Germany", "height": 189, "weight": 84, "photo": "https://media.api-sports.io/football/players/26242.png"}, {"name": "Nils Petersen", "age": 31, "nationality": "Germany", "height": 188, "weight": 84, "photo": "https://media.api-sports.io/football/players/26258.png"}, {"name": "Bas Dost", "age": 30, "nationality": "Netherlands", "height": 196, "weight": 89, "photo": "https://media.api-sports.io/football/players/1497.png"}, {"name": "Christian Strohdiek", "age": 31, "nationality": "Germany", "height": 192, "weight": 88, "photo": "https://media.api-sports.io/football/players/24821.png"}, {"name": "Per Skjelbred", "age": 32, "nationality": "Norway", "height": 178, "weight": 73, "photo": "https://media.api-sports.io/football/players/25356.png"}, {"name": "Markus Suttner", "age": 32, "nationality": "Austria", "height": 179, "weight": 73, "photo": "https://media.api-sports.io/football/players/25454.png"}, {"name": "Rabbi Matondo", "age": 19, "nationality": "Wales", "height": 175, "weight": 66, "photo": "https://media.api-sports.io/football/players/423.png"}, {"name": "Philipp Bargfrede", "age": 30, "nationality": "Germany", "height": 174, "weight": 71, "photo": "https://media.api-sports.io/football/players/25318.png"}, {"name": "Benito Raman", "age": 25, "nationality": "Belgium", "height": 172, "weight": 67, "photo": "https://media.api-sports.io/football/players/25467.png"}, {"name": "Jean-Philippe Mateta", "age": 22, "nationality": "France", "height": 190, "weight": 84, "photo": "https://media.api-sports.io/football/players/25927.png"}, {"name": "Timothy Chandler", "age": 29, "nationality": "USA", "height": 187, "weight": 84, "photo": "https://media.api-sports.io/football/players/1803.png"}, {"name": "Martin Hinteregger", "age": 27, "nationality": "Austria", "height": 186, "weight": 82, "photo": "https://media.api-sports.io/football/players/1805.png"}, {"name": "Almamy Touré", "age": 23, "nationality": "France", "height": 183, "weight": 81, "photo": "https://media.api-sports.io/football/players/1811.png"}, {"name": "Makoto Hasebe", "age": 35, "nationality": "Japan", "height": 180, "weight": 72, "photo": "https://media.api-sports.io/football/players/1819.png"}, {"name": "Daichi Kamada", "age": 23, "nationality": "Japan", "height": 184, "weight": 76, "photo": "https://media.api-sports.io/football/players/2601.png"}, {"name": "Abdelhamid Sabiri", "age": 23, "nationality": "Germany", "height": 186, "weight": 80, "photo": "https://media.api-sports.io/football/players/19053.png"}, {"name": "Christopher Lenz", "age": 25, "nationality": "Germany", "height": 181, "weight": 81, "photo": "https://media.api-sports.io/football/players/24841.png"}, {"name": "Nadiem Amiri", "age": 23, "nationality": "Germany", "height": 180, "weight": 77, "photo": "https://media.api-sports.io/football/players/714.png"}, {"name": "Kerem Demirbay", "age": 26, "nationality": "Germany", "height": 183, "weight": 73, "photo": "https://media.api-sports.io/football/players/717.png"}, {"name": "Aleksandar Dragovic", "age": 28, "nationality": "Austria", "height": 186, "weight": 84, "photo": "https://media.api-sports.io/football/players/968.png"}, {"name": "Tin Jedvaj", "age": 24, "nationality": "Croatia", "height": 184, "weight": 82, "photo": "https://media.api-sports.io/football/players/969.png"}, {"name": "Charles Aránguiz", "age": 30, "nationality": "Chile", "height": 171, "weight": 68, "photo": "https://media.api-sports.io/football/players/974.png"}, {"name": "Julian Baumgartlinger", "age": 31, "nationality": "Austria", "height": 181, "weight": 85, "photo": "https://media.api-sports.io/football/players/975.png"}, {"name": "Lucas Alario", "age": 27, "nationality": "Argentina", "height": 184, "weight": 78, "photo": "https://media.api-sports.io/football/players/982.png"}, {"name": "Sebastian Rode", "age": 29, "nationality": "Germany", "height": 180, "weight": 71, "photo": "https://media.api-sports.io/football/players/1822.png"}, {"name": "Robert Andrich", "age": 25, "nationality": "Germany", "height": 187, "weight": 83, "photo": "https://media.api-sports.io/football/players/24903.png"}, {"name": "Roman Bürki", "age": 29, "nationality": "Switzerland", "height": 187, "weight": 85, "photo": "https://media.api-sports.io/football/players/1.png"}, {"name": "Raphael Guerreiro", "age": 26, "nationality": "Portugal", "height": 170, "weight": 71, "photo": "https://media.api-sports.io/football/players/8.png"}, {"name": "Dan-Axel Zagadou", "age": 20, "nationality": "France", "height": 196, "weight": 90, "photo": "https://media.api-sports.io/football/players/13.png"}, {"name": "Moussa Diaby", "age": 20, "nationality": "France", "height": 170, "weight": 68, "photo": "https://media.api-sports.io/football/players/277.png"}, {"name": "Mats Hummels", "age": 31, "nationality": "Germany", "height": 191, "weight": 94, "photo": "https://media.api-sports.io/football/players/501.png"}, {"name": "Patrik Schick", "age": 23, "nationality": "Czech Republic", "height": 191, "weight": 85, "photo": "https://media.api-sports.io/football/players/794.png"}, {"name": "Karim Bellarabi", "age": 29, "nationality": "Germany", "height": 184, "weight": 81, "photo": "https://media.api-sports.io/football/players/976.png"}, {"name": "Thorgan Hazard", "age": 26, "nationality": "Belgium", "height": 175, "weight": 71, "photo": "https://media.api-sports.io/football/players/2929.png"}, {"name": "Giovanni Reyna", "age": 17, "nationality": "USA", "height": 185, "weight": 79, "photo": "https://media.api-sports.io/football/players/161921.png"}, {"name": "Marius Wolf", "age": 24, "nationality": "Germany", "height": 188, "weight": 81, "photo": "https://media.api-sports.io/football/players/26.png"}, {"name": "Christopher Nkunku", "age": 22, "nationality": "France", "height": 175, "weight": 73, "photo": "https://media.api-sports.io/football/players/269.png"}, {"name": "Wendell", "age": 26, "nationality": "Brazil", "height": 178, "weight": 72, "photo": "https://media.api-sports.io/football/players/970.png"}, {"name": "Erling Haaland", "age": 19, "nationality": "Norway", "height": 194, "weight": 88, "photo": "https://media.api-sports.io/football/players/1100.png"}, {"name": "Péter Gulácsi", "age": 29, "nationality": "Hungary", "height": 191, "weight": 86, "photo": "https://media.api-sports.io/football/players/1139.png"}, {"name": "Marcel Halstenberg", "age": 28, "nationality": "Germany", "height": 188, "weight": 87, "photo": "https://media.api-sports.io/football/players/1143.png"}, {"name": "Lukas Klostermann", "age": 23, "nationality": "Germany", "height": 187, "weight": 88, "photo": "https://media.api-sports.io/football/players/1144.png"}, {"name": "Nordi Mukiele", "age": 22, "nationality": "France", "height": 187, "weight": 84, "photo": "https://media.api-sports.io/football/players/1146.png"}, {"name": "Konrad Laimer", "age": 22, "nationality": "Austria", "height": 180, "weight": 72, "photo": "https://media.api-sports.io/football/players/1157.png"}, {"name": "Alexander Nübel", "age": 23, "nationality": "Germany", "height": 193, "weight": 86, "photo": "https://media.api-sports.io/football/players/399.png"}, {"name": "Amine Harit", "age": 22, "nationality": "Morocco", "height": 180, "weight": 67, "photo": "https://media.api-sports.io/football/players/412.png"}, {"name": "Jérôme Boateng", "age": 31, "nationality": "Germany", "height": 192, "weight": 90, "photo": "https://media.api-sports.io/football/players/499.png"}, {"name": "Javi Martínez", "age": 31, "nationality": "Spain", "height": 192, "weight": 86, "photo": "https://media.api-sports.io/football/players/514.png"}, {"name": "Noah Katterbach", "age": 18, "nationality": "Germany", "height": 180, "weight": 73, "photo": "https://media.api-sports.io/football/players/24792.png"}, {"name": "Christian Gentner", "age": 34, "nationality": "Germany", "height": 189, "weight": 81, "photo": "https://media.api-sports.io/football/players/26309.png"}, {"name": "Ismail Jakobs", "age": 20, "nationality": "Germany", "height": 184, "weight": null, "photo": "https://media.api-sports.io/football/players/158121.png"}, {"name": "Rafael Czichos", "age": 29, "nationality": "Germany", "height": 187, "weight": 86, "photo": "https://media.api-sports.io/football/players/24789.png"}, {"name": "Yuya Osako", "age": 29, "nationality": "Japan", "height": 182, "weight": 71, "photo": "https://media.api-sports.io/football/players/25330.png"}, {"name": "Javairo Dilrosun", "age": 21, "nationality": "Netherlands", "height": 174, "weight": 74, "photo": "https://media.api-sports.io/football/players/25358.png"}, {"name": "Alfredo Morales", "age": 29, "nationality": "USA", "height": 183, "weight": 77, "photo": "https://media.api-sports.io/football/players/25459.png"}, {"name": "Kenan Karaman", "age": 25, "nationality": "Turkey", "height": 189, "weight": 83, "photo": "https://media.api-sports.io/football/players/25466.png"}, {"name": "Achraf Hakimi", "age": 21, "nationality": "Morocco", "height": 181, "weight": 73, "photo": "https://media.api-sports.io/football/players/9.png"}, {"name": "Mario Götze", "age": 27, "nationality": "Germany", "height": 176, "weight": 75, "photo": "https://media.api-sports.io/football/players/16.png"}, {"name": "Jamilu Collins", "age": 25, "nationality": "Nigeria", "height": 183, "weight": 69, "photo": "https://media.api-sports.io/football/players/2768.png"}, {"name": "Admir Mehmedi", "age": 28, "nationality": "Switzerland", "height": 183, "weight": 78, "photo": "https://media.api-sports.io/football/players/2808.png"}, {"name": "Ellyes Skhiri", "age": 24, "nationality": "Tunisia", "height": 185, "weight": 74, "photo": "https://media.api-sports.io/football/players/21587.png"}, {"name": "Philipp Max", "age": 26, "nationality": "Germany", "height": 177, "weight": 77, "photo": "https://media.api-sports.io/football/players/25292.png"}, {"name": "Omar Mascarell", "age": 26, "nationality": "Spain", "height": 181, "weight": 76, "photo": "https://media.api-sports.io/football/players/414.png"}, {"name": "David Alaba", "age": 27, "nationality": "Austria", "height": 180, "weight": 78, "photo": "https://media.api-sports.io/football/players/505.png"}, {"name": "Thiago Alcántara", "age": 28, "nationality": "Spain", "height": 174, "weight": 70, "photo": "https://media.api-sports.io/football/players/507.png"}, {"name": "Timo Werner", "age": 23, "nationality": "Germany", "height": 180, "weight": 75, "photo": "https://media.api-sports.io/football/players/1166.png"}, {"name": "Pierre Kunde", "age": 24, "nationality": "Cameroon", "height": 180, "weight": 86, "photo": "https://media.api-sports.io/football/players/3403.png"}, {"name": "Zack Steffen", "age": 24, "nationality": "USA", "height": 191, "weight": 86, "photo": "https://media.api-sports.io/football/players/50828.png"}, {"name": "Jadon Sancho", "age": 19, "nationality": "England", "height": 180, "weight": 76, "photo": "https://media.api-sports.io/football/players/18.png"}, {"name": "Philippe Coutinho", "age": 27, "nationality": "Brazil", "height": 172, "weight": 68, "photo": "https://media.api-sports.io/football/players/147.png"}, {"name": "Weston McKennie", "age": 21, "nationality": "USA", "height": 185, "weight": 84, "photo": "https://media.api-sports.io/football/players/415.png"}, {"name": "Leon Bailey", "age": 22, "nationality": "Jamaica", "height": 178, "weight": 79, "photo": "https://media.api-sports.io/football/players/983.png"}, {"name": "Diego Demme", "age": 28, "nationality": "Germany", "height": 172, "weight": 71, "photo": "https://media.api-sports.io/football/players/1151.png"}, {"name": "Krzysztof Piatek", "age": 24, "nationality": "Poland", "height": 183, "weight": 77, "photo": "https://media.api-sports.io/football/players/1651.png"}, {"name": "Jonjoe Kenny", "age": 22, "nationality": "England", "height": 176, "weight": 70, "photo": "https://media.api-sports.io/football/players/18760.png"}, {"name": "Milot Rashica", "age": 23, "nationality": "Kosovo", "height": 177, "weight": 73, "photo": "https://media.api-sports.io/football/players/25324.png"}, {"name": "Joshua Sargent", "age": 19, "nationality": "USA", "height": 185, "weight": 79, "photo": "https://media.api-sports.io/football/players/25332.png"}, {"name": "Kaan Ayhan", "age": 25, "nationality": "Turkey", "height": 184, "weight": 84, "photo": "https://media.api-sports.io/football/players/25448.png"}, {"name": "Robin Koch", "age": 23, "nationality": "Germany", "height": 192, "weight": 85, "photo": "https://media.api-sports.io/football/players/26238.png"}, {"name": "Ozan Kabak", "age": 19, "nationality": "Turkey", "height": 186, "weight": 86, "photo": "https://media.api-sports.io/football/players/26300.png"}, {"name": "Ivan Perisic", "age": 30, "nationality": "Croatia", "height": 186, "weight": 80, "photo": "https://media.api-sports.io/football/players/207.png"}, {"name": "Matija Nastasic", "age": 26, "nationality": "Serbia", "height": 188, "weight": 83, "photo": "https://media.api-sports.io/football/players/403.png"}, {"name": "Alphonso Davies", "age": 19, "nationality": "Canada", "height": 183, "weight": 75, "photo": "https://media.api-sports.io/football/players/509.png"}, {"name": "Ádám Szalai", "age": 32, "nationality": "Hungary", "height": 193, "weight": 93, "photo": "https://media.api-sports.io/football/players/729.png"}, {"name": "Lukas Hradecky", "age": 30, "nationality": "Finland", "height": 192, "weight": 83, "photo": "https://media.api-sports.io/football/players/963.png"}, {"name": "Emil Forsberg", "age": 28, "nationality": "Sweden", "height": 177, "weight": 76, "photo": "https://media.api-sports.io/football/players/1152.png"}, {"name": "Filip Kostic", "age": 27, "nationality": "Serbia", "height": 184, "weight": 84, "photo": "https://media.api-sports.io/football/players/1821.png"}, {"name": "Ramy Bensebaini", "age": 24, "nationality": "Algeria", "height": 186, "weight": 82, "photo": "https://media.api-sports.io/football/players/2194.png"}, {"name": "Josip Brekalo", "age": 21, "nationality": "Croatia", "height": 175, "weight": 70, "photo": "https://media.api-sports.io/football/players/2762.png"}, {"name": "Milos Veljkovic", "age": 24, "nationality": "Serbia", "height": 184, "weight": 77, "photo": "https://media.api-sports.io/football/players/2821.png"}, {"name": "Robin Quaison", "age": 26, "nationality": "Sweden", "height": 183, "weight": 76, "photo": "https://media.api-sports.io/football/players/2866.png"}, {"name": "Kwon Chang-Hoon", "age": 25, "nationality": "Korea Republic", "height": 174, "weight": 71, "photo": "https://media.api-sports.io/football/players/2913.png"}, {"name": "Mohamed Dräger", "age": 23, "nationality": "Tunisia", "height": 180, "weight": 74, "photo": "https://media.api-sports.io/football/players/2952.png"}, {"name": "Laurent Jans", "age": 27, "nationality": "Luxembourg", "height": 178, "weight": 73, "photo": "https://media.api-sports.io/football/players/20522.png"}, {"name": "Marko Grujic", "age": 23, "nationality": "Serbia", "height": 191, "weight": 82, "photo": "https://media.api-sports.io/football/players/25350.png"}, {"name": "Manuel Neuer", "age": 33, "nationality": "Germany", "height": 193, "weight": 93, "photo": "https://media.api-sports.io/football/players/497.png"}, {"name": "Joshua Kimmich", "age": 24, "nationality": "Germany", "height": 177, "weight": 75, "photo": "https://media.api-sports.io/football/players/502.png"}, {"name": "Leon Goretzka", "age": 24, "nationality": "Germany", "height": 189, "weight": 82, "photo": "https://media.api-sports.io/football/players/511.png"}, {"name": "Thomas Müller", "age": 30, "nationality": "Germany", "height": 185, "weight": 76, "photo": "https://media.api-sports.io/football/players/522.png"}, {"name": "Jonathan Tah", "age": 23, "nationality": "Germany", "height": 195, "weight": 98, "photo": "https://media.api-sports.io/football/players/972.png"}, {"name": "Kai Havertz", "age": 20, "nationality": "Germany", "height": 188, "weight": 83, "photo": "https://media.api-sports.io/football/players/978.png"}, {"name": "Julian Brandt", "age": 23, "nationality": "Germany", "height": 185, "weight": 83, "photo": "https://media.api-sports.io/football/players/984.png"}, {"name": "Kevin Trapp", "age": 29, "nationality": "Germany", "height": 189, "weight": 84, "photo": "https://media.api-sports.io/football/players/1800.png"}, {"name": "Matthias Ginter", "age": 25, "nationality": "Germany", "height": 191, "weight": 86, "photo": "https://media.api-sports.io/football/players/2915.png"}, {"name": "Maximilian Arnold", "age": 25, "nationality": "Germany", "height": 184, "weight": 74, "photo": "https://media.api-sports.io/football/players/25408.png"}, {"name": "Jonas Hofmann", "age": 27, "nationality": "Germany", "height": 176, "weight": 73, "photo": "https://media.api-sports.io/football/players/25635.png"}, {"name": "Florian Neuhaus", "age": 22, "nationality": "Germany", "height": 185, "weight": 74, "photo": "https://media.api-sports.io/football/players/25638.png"}, {"name": "Bote Baku", "age": 21, "nationality": "Germany", "height": 176, "weight": 72, "photo": "https://media.api-sports.io/football/players/25917.png"}, {"name": "Leandro Barreiro Martins", "age": 19, "nationality": "Luxembourg", "height": 174, "weight": 65, "photo": "https://media.api-sports.io/football/players/25918.png"}, {"name": "Christian Günter", "age": 26, "nationality": "Germany", "height": 184, "weight": 83, "photo": "https://media.api-sports.io/football/players/26236.png"}, {"name": "Manuel Akanji", "age": 24, "nationality": "Switzerland", "height": 187, "weight": 91, "photo": "https://media.api-sports.io/football/players/5.png"}, {"name": "Marco Reus", "age": 30, "nationality": "Germany", "height": 180, "weight": 71, "photo": "https://media.api-sports.io/football/players/25.png"}, {"name": "Kevin Mbabu", "age": 24, "nationality": "Switzerland", "height": 184, "weight": 83, "photo": "https://media.api-sports.io/football/players/946.png"}, {"name": "Kevin Volland", "age": 27, "nationality": "Germany", "height": 178, "weight": 85, "photo": "https://media.api-sports.io/football/players/989.png"}, {"name": "Yann Sommer", "age": 31, "nationality": "Switzerland", "height": 183, "weight": 79, "photo": "https://media.api-sports.io/football/players/2802.png"}, {"name": "Renato Steffen", "age": 28, "nationality": "Switzerland", "height": 170, "weight": 65, "photo": "https://media.api-sports.io/football/players/2809.png"}, {"name": "Denis Zakaria", "age": 23, "nationality": "Switzerland", "height": 191, "weight": 81, "photo": "https://media.api-sports.io/football/players/2810.png"}, {"name": "Klaus Gjasula", "age": 30, "nationality": "Albania", "height": 192, "weight": 84, "photo": "https://media.api-sports.io/football/players/24823.png"}, {"name": "Davy Klaassen", "age": 26, "nationality": "Netherlands", "height": 179, "weight": 70, "photo": "https://media.api-sports.io/football/players/25321.png"}, {"name": "Wout Weghorst", "age": 27, "nationality": "Netherlands", "height": 197, "weight": 84, "photo": "https://media.api-sports.io/football/players/25416.png"}, {"name": "Diadie Samassékou", "age": 23, "nationality": "Mali", "height": 175, "weight": 70, "photo": "https://media.api-sports.io/football/players/1094.png"}, {"name": "Amadou Haidara", "age": 21, "nationality": "Mali", "height": 175, "weight": 72, "photo": "https://media.api-sports.io/football/players/1153.png"}, {"name": "Sargis Adamyan", "age": 26, "nationality": "Armenia", "height": 184, "weight": 78, "photo": "https://media.api-sports.io/football/players/24993.png"}, {"name": "Marcel Tisserand", "age": 26, "nationality": "Congo DR", "height": 190, "weight": 80, "photo": "https://media.api-sports.io/football/players/25405.png"}]