[{"name": "Simon Francis", "age": 34, "nationality": "England", "height": 183, "weight": 90, "photo": "https://media.api-sports.io/football/players/18865.png"}, {"name": "Glenn Murray", "age": 36, "nationality": "England", "height": 183, "weight": 80, "photo": "https://media.api-sports.io/football/players/18982.png"}, {"name": "Ahmed Elmohamady", "age": 32, "nationality": "Egypt", "height": 183, "weight": 75, "photo": "https://media.api-sports.io/football/players/19186.png"}, {"name": "Sergio Agüero", "age": 31, "nationality": "Argentina", "height": 173, "weight": 70, "photo": "https://media.api-sports.io/football/players/642.png"}, {"name": "Adrian Mariappa", "age": 33, "nationality": "Jamaica", "height": 180, "weight": 78, "photo": "https://media.api-sports.io/football/players/18798.png"}, {"name": "Davy Pröpper", "age": 28, "nationality": "Netherlands", "height": 185, "weight": 79, "photo": "https://media.api-sports.io/football/players/18975.png"}, {"name": "Alexander Tettey", "age": 33, "nationality": "Norway", "height": 180, "weight": 76, "photo": "https://media.api-sports.io/football/players/19079.png"}, {"name": "Mesut Özil", "age": 31, "nationality": "Germany", "height": 180, "weight": 76, "photo": "https://media.api-sports.io/football/players/1458.png"}, {"name": "Max Meyer", "age": 24, "nationality": "Germany", "height": 173, "weight": 67, "photo": "https://media.api-sports.io/football/players/18851.png"}, {"name": "Diego Rico", "age": 26, "nationality": "Spain", "height": 183, "weight": 76, "photo": "https://media.api-sports.io/football/players/18867.png"}, {"name": "Frederic Guilbert", "age": 25, "nationality": "France", "height": 178, "weight": 70, "photo": "https://media.api-sports.io/football/players/21636.png"}, {"name": "Björn Engels", "age": 25, "nationality": "Belgium", "height": 193, "weight": 83, "photo": "https://media.api-sports.io/football/players/21999.png"}, {"name": "Toby Alderweireld", "age": 30, "nationality": "Belgium", "height": 186, "weight": 81, "photo": "https://media.api-sports.io/football/players/162.png"}, {"name": "Héctor Bellerín", "age": 24, "nationality": "Spain", "height": 178, "weight": 74, "photo": "https://media.api-sports.io/football/players/1439.png"}, {"name": "Shkodran Mustafi", "age": 27, "nationality": "Germany", "height": 184, "weight": 82, "photo": "https://media.api-sports.io/football/players/1448.png"}, {"name": "Matteo Guendouzi", "age": 20, "nationality": "France", "height": 185, "weight": 68, "photo": "https://media.api-sports.io/football/players/1454.png"}, {"name": "Emerson", "age": 25, "nationality": "Italy", "height": 176, "weight": 63, "photo": "https://media.api-sports.io/football/players/2284.png"}, {"name": "Sofiane Boufal", "age": 26, "nationality": "Morocco", "height": 170, "weight": 60, "photo": "https://media.api-sports.io/football/players/2710.png"}, {"name": "Mat Ryan", "age": 27, "nationality": "Australia", "height": 184, "weight": 82, "photo": "https://media.api-sports.io/football/players/2741.png"}, {"name": "Morgan Schneiderlin", "age": 30, "nationality": "France", "height": 181, "weight": 75, "photo": "https://media.api-sports.io/football/players/18764.png"}, {"name": "Martín Montoya", "age": 28, "nationality": "Spain", "height": 175, "weight": 73, "photo": "https://media.api-sports.io/football/players/18965.png"}, {"name": "Wesley", "age": 23, "nationality": "Brazil", "height": 191, "weight": 93, "photo": "https://media.api-sports.io/football/players/84.png"}, {"name": "Serge Aurier", "age": 27, "nationality": "Côte d'Ivoire", "height": 176, "weight": 76, "photo": "https://media.api-sports.io/football/players/163.png"}, {"name": "Georginio Wijnaldum", "age": 29, "nationality": "Netherlands", "height": 175, "weight": 69, "photo": "https://media.api-sports.io/football/players/300.png"}, {"name": "Dani Ceballos", "age": 23, "nationality": "Spain", "height": 179, "weight": 70, "photo": "https://media.api-sports.io/football/players/748.png"}, {"name": "Andreas Pereira", "age": 23, "nationality": "Brazil", "height": 178, "weight": 71, "photo": "https://media.api-sports.io/football/players/899.png"}, {"name": "Willian", "age": 31, "nationality": "Brazil", "height": 175, "weight": 77, "photo": "https://media.api-sports.io/football/players/2294.png"}, {"name": "Michy Batshuayi", "age": 26, "nationality": "Belgium", "height": 184, "weight": 76, "photo": "https://media.api-sports.io/football/players/2927.png"}, {"name": "Etienne Capoue", "age": 31, "nationality": "France", "height": 189, "weight": 80, "photo": "https://media.api-sports.io/football/players/18802.png"}, {"name": "Djibril Sidibe", "age": 27, "nationality": "France", "height": 182, "weight": 71, "photo": "https://media.api-sports.io/football/players/102.png"}, {"name": "Erik Lamela", "age": 27, "nationality": "Argentina", "height": 181, "weight": 79, "photo": "https://media.api-sports.io/football/players/176.png"}, {"name": "Reiss Nelson", "age": 20, "nationality": "England", "height": 175, "weight": 71, "photo": "https://media.api-sports.io/football/players/727.png"}, {"name": "Sébastien Haller", "age": 25, "nationality": "Côte d'Ivoire", "height": 190, "weight": 82, "photo": "https://media.api-sports.io/football/players/1826.png"}, {"name": "James McCarthy", "age": 29, "nationality": "Republic of Ireland", "height": 180, "weight": 72, "photo": "https://media.api-sports.io/football/players/18763.png"}, {"name": "Patrick van Aanholt", "age": 29, "nationality": "Netherlands", "height": 176, "weight": 74, "photo": "https://media.api-sports.io/football/players/18845.png"}, {"name": "DeAndre Yedlin", "age": 26, "nationality": "USA", "height": 172, "weight": 75, "photo": "https://media.api-sports.io/football/players/18897.png"}, {"name": "John Lundstram", "age": 25, "nationality": "England", "height": 181, "weight": 78, "photo": "https://media.api-sports.io/football/players/19104.png"}, {"name": "Kieran Tierney", "age": 22, "nationality": "Scotland", "height": 178, "weight": 70, "photo": "https://media.api-sports.io/football/players/1117.png"}, {"name": "Bernd Leno", "age": 27, "nationality": "Germany", "height": 190, "weight": 83, "photo": "https://media.api-sports.io/football/players/1438.png"}, {"name": "Sead Kolasinac", "age": 26, "nationality": "Bosnia and Herzegovina", "height": 183, "weight": 85, "photo": "https://media.api-sports.io/football/players/1442.png"}, {"name": "Granit Xhaka", "age": 27, "nationality": "Switzerland", "height": 185, "weight": 82, "photo": "https://media.api-sports.io/football/players/1464.png"}, {"name": "Aaron Ramsdale", "age": 21, "nationality": "England", "height": 188, "weight": 77, "photo": "https://media.api-sports.io/football/players/20355.png"}, {"name": "Josip Drmic", "age": 27, "nationality": "Switzerland", "height": 183, "weight": 81, "photo": "https://media.api-sports.io/football/players/25643.png"}, {"name": "Bukayo Saka", "age": 18, "nationality": "England", "height": 178, "weight": 65, "photo": "https://media.api-sports.io/football/players/1460.png"}, {"name": "Pierre-Emerick Aubameyang", "age": 30, "nationality": "Gabon", "height": 187, "weight": 80, "photo": "https://media.api-sports.io/football/players/1465.png"}, {"name": "Alexandre Lacazette", "age": 28, "nationality": "France", "height": 175, "weight": 73, "photo": "https://media.api-sports.io/football/players/1467.png"}, {"name": "Nicolas Pepe", "age": 24, "nationality": "Côte d'Ivoire", "height": 178, "weight": 68, "photo": "https://media.api-sports.io/football/players/3246.png"}, {"name": "Ben Foster", "age": 36, "nationality": "England", "height": 193, "weight": 79, "photo": "https://media.api-sports.io/football/players/18791.png"}, {"name": "Craig Cathcart", "age": 30, "nationality": "Northern Ireland", "height": 188, "weight": 73, "photo": "https://media.api-sports.io/football/players/18793.png"}, {"name": "Kiko Femenía", "age": 28, "nationality": "Spain", "height": 176, "weight": 61, "photo": "https://media.api-sports.io/football/players/18794.png"}, {"name": "Christian Kabasele", "age": 28, "nationality": "Belgium", "height": 187, "weight": 84, "photo": "https://media.api-sports.io/football/players/18797.png"}, {"name": "Adam Masina", "age": 25, "nationality": "Morocco", "height": 189, "weight": 78, "photo": "https://media.api-sports.io/football/players/18799.png"}, {"name": "Tom Cleverley", "age": 30, "nationality": "England", "height": 175, "weight": 67, "photo": "https://media.api-sports.io/football/players/18804.png"}, {"name": "Daniel James", "age": 22, "nationality": "Wales", "height": 171, "weight": 76, "photo": "https://media.api-sports.io/football/players/19329.png"}, {"name": "Moussa Sissoko", "age": 30, "nationality": "France", "height": 187, "weight": 83, "photo": "https://media.api-sports.io/football/players/179.png"}, {"name": "Ismaila Sarr", "age": 21, "nationality": "Senegal", "height": 185, "weight": 76, "photo": "https://media.api-sports.io/football/players/2218.png"}, {"name": "Dan Gosling", "age": 29, "nationality": "England", "height": 183, "weight": 79, "photo": "https://media.api-sports.io/football/players/18874.png"}, {"name": "Joshua King", "age": 27, "nationality": "Norway", "height": 180, "weight": 74, "photo": "https://media.api-sports.io/football/players/18881.png"}, {"name": "George Baldock", "age": 26, "nationality": "England", "height": 178, "weight": 71, "photo": "https://media.api-sports.io/football/players/19090.png"}, {"name": "Chris Basham", "age": 31, "nationality": "England", "height": 190, "weight": 80, "photo": "https://media.api-sports.io/football/players/19091.png"}, {"name": "John Egan", "age": 27, "nationality": "Republic of Ireland", "height": 185, "weight": 75, "photo": "https://media.api-sports.io/football/players/19093.png"}, {"name": "Jack O'Connell", "age": 25, "nationality": "England", "height": 190, "weight": 85, "photo": "https://media.api-sports.io/football/players/19095.png"}, {"name": "Enda Stevens", "age": 29, "nationality": "Republic of Ireland", "height": 183, "weight": 78, "photo": "https://media.api-sports.io/football/players/19097.png"}, {"name": "John Fleck", "age": 28, "nationality": "Scotland", "height": 170, "weight": 72, "photo": "https://media.api-sports.io/football/players/19102.png"}, {"name": "Oliver Norwood", "age": 28, "nationality": "Northern Ireland", "height": 180, "weight": 75, "photo": "https://media.api-sports.io/football/players/19105.png"}, {"name": "Conor Hourihane", "age": 28, "nationality": "Republic of Ireland", "height": 180, "weight": 62, "photo": "https://media.api-sports.io/football/players/19188.png"}, {"name": "Lucas Digne", "age": 26, "nationality": "France", "height": 178, "weight": 74, "photo": "https://media.api-sports.io/football/players/2724.png"}, {"name": "Lys Mousset", "age": 23, "nationality": "France", "height": 184, "weight": 80, "photo": "https://media.api-sports.io/football/players/18882.png"}, {"name": "Matt Targett", "age": 24, "nationality": "England", "height": 183, "weight": 70, "photo": "https://media.api-sports.io/football/players/18941.png"}, {"name": "David McGoldrick", "age": 32, "nationality": "Republic of Ireland", "height": 183, "weight": 74, "photo": "https://media.api-sports.io/football/players/19108.png"}, {"name": "Billy Sharp", "age": 33, "nationality": "England", "height": 175, "weight": 70, "photo": "https://media.api-sports.io/football/players/19109.png"}, {"name": "Kortney Hause", "age": 24, "nationality": "England", "height": 191, "weight": 77, "photo": "https://media.api-sports.io/football/players/19177.png"}, {"name": "Tyrone Mings", "age": 26, "nationality": "England", "height": 196, "weight": 77, "photo": "https://media.api-sports.io/football/players/19179.png"}, {"name": "Oliver McBurnie", "age": 23, "nationality": "Scotland", "height": 188, "weight": 79, "photo": "https://media.api-sports.io/football/players/19337.png"}, {"name": "Ezri Konsa Ngoyo", "age": 22, "nationality": "England", "height": 183, "weight": 77, "photo": "https://media.api-sports.io/football/players/19354.png"}, {"name": "Marvelous Nakamba", "age": 25, "nationality": "Zimbabwe", "height": 178, "weight": 71, "photo": "https://media.api-sports.io/football/players/76.png"}, {"name": "Jetro Willems", "age": 25, "nationality": "Netherlands", "height": 169, "weight": 65, "photo": "https://media.api-sports.io/football/players/1813.png"}, {"name": "Trézéguet", "age": 25, "nationality": "Egypt", "height": 180, "weight": 71, "photo": "https://media.api-sports.io/football/players/2664.png"}, {"name": "Danny Ings", "age": 27, "nationality": "England", "height": 178, "weight": 73, "photo": "https://media.api-sports.io/football/players/18955.png"}, {"name": "Emiliano Buendía", "age": 23, "nationality": "Argentina", "height": 172, "weight": 72, "photo": "https://media.api-sports.io/football/players/19071.png"}, {"name": "Marco Stiepermann", "age": 28, "nationality": "Germany", "height": 190, "weight": 86, "photo": "https://media.api-sports.io/football/players/19078.png"}, {"name": "John McGinn", "age": 25, "nationality": "Scotland", "height": 178, "weight": 68, "photo": "https://media.api-sports.io/football/players/19191.png"}, {"name": "Douglas Luiz", "age": 21, "nationality": "Brazil", "height": 175, "weight": 66, "photo": "https://media.api-sports.io/football/players/47522.png"}, {"name": "David de Gea", "age": 29, "nationality": "Spain", "height": 192, "weight": 76, "photo": "https://media.api-sports.io/football/players/882.png"}, {"name": "Victor Lindelöf", "age": 25, "nationality": "Sweden", "height": 187, "weight": 80, "photo": "https://media.api-sports.io/football/players/889.png"}, {"name": "Fabián Balbuena", "age": 28, "nationality": "Paraguay", "height": 188, "weight": 82, "photo": "https://media.api-sports.io/football/players/2500.png"}, {"name": "Tom Heaton", "age": 33, "nationality": "England", "height": 188, "weight": 85, "photo": "https://media.api-sports.io/football/players/2931.png"}, {"name": "Andy Carroll", "age": 30, "nationality": "England", "height": 193, "weight": 79, "photo": "https://media.api-sports.io/football/players/18831.png"}, {"name": "Scott Dann", "age": 32, "nationality": "England", "height": 188, "weight": 76, "photo": "https://media.api-sports.io/football/players/18839.png"}, {"name": "Dean Henderson", "age": 22, "nationality": "England", "height": 188, "weight": 85, "photo": "https://media.api-sports.io/football/players/19088.png"}, {"name": "Luke Shaw", "age": 24, "nationality": "England", "height": 185, "weight": 75, "photo": "https://media.api-sports.io/football/players/891.png"}, {"name": "Mason Greenwood", "age": 18, "nationality": "England", "height": 181, "weight": 70, "photo": "https://media.api-sports.io/football/players/897.png"}, {"name": "Jesse Lingard", "age": 27, "nationality": "England", "height": 175, "weight": 62, "photo": "https://media.api-sports.io/football/players/900.png"}, {"name": "Juan Mata", "age": 31, "nationality": "Spain", "height": 170, "weight": 63, "photo": "https://media.api-sports.io/football/players/901.png"}, {"name": "Nemanja Matic", "age": 31, "nationality": "Serbia", "height": 194, "weight": 85, "photo": "https://media.api-sports.io/football/players/902.png"}, {"name": "Scott McTominay", "age": 23, "nationality": "Scotland", "height": 193, "weight": 88, "photo": "https://media.api-sports.io/football/players/903.png"}, {"name": "Paul Pogba", "age": 26, "nationality": "France", "height": 191, "weight": 84, "photo": "https://media.api-sports.io/football/players/904.png"}, {"name": "Fred", "age": 26, "nationality": "Brazil", "height": 169, "weight": 64, "photo": "https://media.api-sports.io/football/players/905.png"}, {"name": "Anthony Martial", "age": 24, "nationality": "France", "height": 181, "weight": 76, "photo": "https://media.api-sports.io/football/players/908.png"}, {"name": "Marcus Rashford", "age": 22, "nationality": "England", "height": 180, "weight": 70, "photo": "https://media.api-sports.io/football/players/909.png"}, {"name": "Kepa", "age": 25, "nationality": "Spain", "height": 189, "weight": 84, "photo": "https://media.api-sports.io/football/players/2273.png"}, {"name": "Marcos Alonso", "age": 29, "nationality": "Spain", "height": 188, "weight": 84, "photo": "https://media.api-sports.io/football/players/2278.png"}, {"name": "Antonio Rüdiger", "age": 26, "nationality": "Germany", "height": 190, "weight": 85, "photo": "https://media.api-sports.io/football/players/2285.png"}, {"name": "Harry Maguire", "age": 26, "nationality": "England", "height": 194, "weight": 100, "photo": "https://media.api-sports.io/football/players/2935.png"}, {"name": "Aaron Wan-Bissaka", "age": 22, "nationality": "England", "height": 183, "weight": 72, "photo": "https://media.api-sports.io/football/players/18846.png"}, {"name": "Aaron Connolly", "age": 19, "nationality": "Republic of Ireland", "height": null, "weight": null, "photo": "https://media.api-sports.io/football/players/19772.png"}, {"name": "Christian Pulisic", "age": 21, "nationality": "USA", "height": 172, "weight": 69, "photo": "https://media.api-sports.io/football/players/17.png"}, {"name": "César Azpilicueta", "age": 30, "nationality": "Spain", "height": 178, "weight": 76, "photo": "https://media.api-sports.io/football/players/2280.png"}, {"name": "Ross Barkley", "age": 26, "nationality": "England", "height": 189, "weight": 76, "photo": "https://media.api-sports.io/football/players/2287.png"}, {"name": "Jorginho", "age": 28, "nationality": "Italy", "height": 180, "weight": 65, "photo": "https://media.api-sports.io/football/players/2289.png"}, {"name": "N'Golo Kanté", "age": 28, "nationality": "France", "height": 168, "weight": 68, "photo": "https://media.api-sports.io/football/players/2290.png"}, {"name": "Mateo Kovacic", "age": 25, "nationality": "Croatia", "height": 178, "weight": 78, "photo": "https://media.api-sports.io/football/players/2291.png"}, {"name": "Callum Hudson-Odoi", "age": 19, "nationality": "England", "height": 182, "weight": 76, "photo": "https://media.api-sports.io/football/players/2298.png"}, {"name": "Ben Chilwell", "age": 23, "nationality": "England", "height": 178, "weight": 77, "photo": "https://media.api-sports.io/football/players/2933.png"}, {"name": "Lukasz Fabianski", "age": 34, "nationality": "Poland", "height": 190, "weight": 83, "photo": "https://media.api-sports.io/football/players/2997.png"}, {"name": "Aaron Cresswell", "age": 30, "nationality": "England", "height": 170, "weight": 66, "photo": "https://media.api-sports.io/football/players/18813.png"}, {"name": "Mason Mount", "age": 20, "nationality": "England", "height": 178, "weight": 70, "photo": "https://media.api-sports.io/football/players/19220.png"}, {"name": "Reece James", "age": 20, "nationality": "England", "height": 183, "weight": 82, "photo": "https://media.api-sports.io/football/players/19545.png"}, {"name": "Pablo Fornals", "age": 23, "nationality": "Spain", "height": 178, "weight": 67, "photo": "https://media.api-sports.io/football/players/1697.png"}, {"name": "Manuel Lanzini", "age": 26, "nationality": "Argentina", "height": 167, "weight": 59, "photo": "https://media.api-sports.io/football/players/2473.png"}, {"name": "Kurt Zouma", "age": 25, "nationality": "France", "height": 190, "weight": 96, "photo": "https://media.api-sports.io/football/players/2726.png"}, {"name": "Declan Rice", "age": 20, "nationality": "England", "height": 185, "weight": 76, "photo": "https://media.api-sports.io/football/players/2937.png"}, {"name": "Issa Diop", "age": 22, "nationality": "France", "height": 194, "weight": 92, "photo": "https://media.api-sports.io/football/players/18814.png"}, {"name": "Ryan Fredericks", "age": 27, "nationality": "England", "height": 181, "weight": 74, "photo": "https://media.api-sports.io/football/players/18815.png"}, {"name": "Arthur Masuaku", "age": 26, "nationality": "Congo DR", "height": 179, "weight": 70, "photo": "https://media.api-sports.io/football/players/18816.png"}, {"name": "Angelo Ogbonna", "age": 31, "nationality": "Italy", "height": 191, "weight": 86, "photo": "https://media.api-sports.io/football/players/18817.png"}, {"name": "Michail Antonio", "age": 29, "nationality": "Jamaica", "height": 180, "weight": 82, "photo": "https://media.api-sports.io/football/players/18819.png"}, {"name": "Mark Noble", "age": 32, "nationality": "England", "height": 180, "weight": 70, "photo": "https://media.api-sports.io/football/players/18826.png"}, {"name": "Andriy Yarmolenko", "age": 30, "nationality": "Ukraine", "height": 189, "weight": 81, "photo": "https://media.api-sports.io/football/players/18834.png"}, {"name": "Vicente Guaita", "age": 32, "nationality": "Spain", "height": 190, "weight": 81, "photo": "https://media.api-sports.io/football/players/18835.png"}, {"name": "James Tomkins", "age": 30, "nationality": "England", "height": 192, "weight": 74, "photo": "https://media.api-sports.io/football/players/18844.png"}, {"name": "Joel Ward", "age": 30, "nationality": "England", "height": 188, "weight": 83, "photo": "https://media.api-sports.io/football/players/18847.png"}, {"name": "Craig Dawson", "age": 29, "nationality": "England", "height": 188, "weight": 82, "photo": "https://media.api-sports.io/football/players/19147.png"}, {"name": "Jan Vertonghen", "age": 32, "nationality": "Belgium", "height": 189, "weight": 79, "photo": "https://media.api-sports.io/football/players/170.png"}, {"name": "Nicolás Otamendi", "age": 31, "nationality": "Argentina", "height": 183, "weight": 76, "photo": "https://media.api-sports.io/football/players/624.png"}, {"name": "Christian Benteke", "age": 29, "nationality": "Belgium", "height": 190, "weight": 83, "photo": "https://media.api-sports.io/football/players/2928.png"}, {"name": "Cheikhou Kouyaté", "age": 30, "nationality": "Senegal", "height": 189, "weight": 83, "photo": "https://media.api-sports.io/football/players/2991.png"}, {"name": "Wilfried Zaha", "age": 27, "nationality": "Côte d'Ivoire", "height": 180, "weight": 66, "photo": "https://media.api-sports.io/football/players/3247.png"}, {"name": "Jordan Ayew", "age": 28, "nationality": "Ghana", "height": 182, "weight": 80, "photo": "https://media.api-sports.io/football/players/3428.png"}, {"name": "Will Hughes", "age": 24, "nationality": "England", "height": 185, "weight": 74, "photo": "https://media.api-sports.io/football/players/18806.png"}, {"name": "Andre Gray", "age": 28, "nationality": "Jamaica", "height": 178, "weight": 83, "photo": "https://media.api-sports.io/football/players/18810.png"}, {"name": "Martin Kelly", "age": 29, "nationality": "England", "height": 191, "weight": 77, "photo": "https://media.api-sports.io/football/players/18840.png"}, {"name": "Jeffrey Schlupp", "age": 27, "nationality": "Ghana", "height": 178, "weight": 72, "photo": "https://media.api-sports.io/football/players/18843.png"}, {"name": "James McArthur", "age": 32, "nationality": "Scotland", "height": 178, "weight": 75, "photo": "https://media.api-sports.io/football/players/18849.png"}, {"name": "Luka Milivojevic", "age": 28, "nationality": "Serbia", "height": 186, "weight": 80, "photo": "https://media.api-sports.io/football/players/18852.png"}, {"name": "Jairo Riedewald", "age": 23, "nationality": "Netherlands", "height": 182, "weight": 79, "photo": "https://media.api-sports.io/football/players/18853.png"}, {"name": "Moussa Djenepo", "age": 21, "nationality": "Mali", "height": 177, "weight": 65, "photo": "https://media.api-sports.io/football/players/2114.png"}, {"name": "James Ward-Prowse", "age": 25, "nationality": "England", "height": 173, "weight": 66, "photo": "https://media.api-sports.io/football/players/2938.png"}, {"name": "Jan Bednarek", "age": 23, "nationality": "Poland", "height": 189, "weight": 77, "photo": "https://media.api-sports.io/football/players/2999.png"}, {"name": "Theo Walcott", "age": 30, "nationality": "England", "height": 176, "weight": 68, "photo": "https://media.api-sports.io/football/players/18769.png"}, {"name": "Alex McCarthy", "age": 30, "nationality": "England", "height": 193, "weight": 79, "photo": "https://media.api-sports.io/football/players/18935.png"}, {"name": "Jack Stephens", "age": 25, "nationality": "England", "height": 185, "weight": 75, "photo": "https://media.api-sports.io/football/players/18940.png"}, {"name": "Stuart Armstrong", "age": 27, "nationality": "Scotland", "height": 183, "weight": 75, "photo": "https://media.api-sports.io/football/players/18945.png"}, {"name": "Nathan Redmond", "age": 25, "nationality": "England", "height": 173, "weight": 69, "photo": "https://media.api-sports.io/football/players/18948.png"}, {"name": "Oriol Romeu", "age": 28, "nationality": "Spain", "height": 183, "weight": 83, "photo": "https://media.api-sports.io/football/players/18949.png"}, {"name": "Shane Long", "age": 32, "nationality": "Republic of Ireland", "height": 178, "weight": 81, "photo": "https://media.api-sports.io/football/players/18956.png"}, {"name": "Che Adams", "age": 23, "nationality": "Scotland", "height": 175, "weight": 70, "photo": "https://media.api-sports.io/football/players/19524.png"}, {"name": "Fabian Delph", "age": 30, "nationality": "England", "height": 174, "weight": 60, "photo": "https://media.api-sports.io/football/players/630.png"}, {"name": "Richarlison", "age": 22, "nationality": "Brazil", "height": 184, "weight": 83, "photo": "https://media.api-sports.io/football/players/2413.png"}, {"name": "Yerry Mina", "age": 25, "nationality": "Colombia", "height": 195, "weight": 94, "photo": "https://media.api-sports.io/football/players/2484.png"}, {"name": "Gylfi Sigurdsson", "age": 30, "nationality": "Iceland", "height": 186, "weight": 79, "photo": "https://media.api-sports.io/football/players/2795.png"}, {"name": "Jordan Pickford", "age": 25, "nationality": "England", "height": 185, "weight": 77, "photo": "https://media.api-sports.io/football/players/2932.png"}, {"name": "Michael Keane", "age": 26, "nationality": "England", "height": 191, "weight": 82, "photo": "https://media.api-sports.io/football/players/2934.png"}, {"name": "Seamus Coleman", "age": 31, "nationality": "Republic of Ireland", "height": 177, "weight": 67, "photo": "https://media.api-sports.io/football/players/18758.png"}, {"name": "Tom Davies", "age": 21, "nationality": "England", "height": 180, "weight": 70, "photo": "https://media.api-sports.io/football/players/18762.png"}, {"name": "André Gomes", "age": 26, "nationality": "Portugal", "height": 188, "weight": 84, "photo": "https://media.api-sports.io/football/players/18765.png"}, {"name": "Dominic Calvert-Lewin", "age": 22, "nationality": "England", "height": 187, "weight": 71, "photo": "https://media.api-sports.io/football/players/18766.png"}, {"name": "Demarai Gray", "age": 23, "nationality": "England", "height": 180, "weight": 74, "photo": "https://media.api-sports.io/football/players/18781.png"}, {"name": "Abdoulaye Doucouré", "age": 26, "nationality": "France", "height": 184, "weight": 75, "photo": "https://media.api-sports.io/football/players/18805.png"}, {"name": "Andros Townsend", "age": 28, "nationality": "England", "height": 181, "weight": 77, "photo": "https://media.api-sports.io/football/players/18854.png"}, {"name": "Ben Godfrey", "age": 21, "nationality": "England", "height": 183, "weight": 74, "photo": "https://media.api-sports.io/football/players/19073.png"}, {"name": "Mason Holgate", "age": 23, "nationality": "England", "height": 184, "weight": 63, "photo": "https://media.api-sports.io/football/players/19150.png"}, {"name": "Anwar El Ghazi", "age": 24, "nationality": "Netherlands", "height": 188, "weight": 90, "photo": "https://media.api-sports.io/football/players/19195.png"}, {"name": "Ederson", "age": 26, "nationality": "Brazil", "height": 188, "weight": 86, "photo": "https://media.api-sports.io/football/players/617.png"}, {"name": "Aymeric Laporte", "age": 25, "nationality": "Spain", "height": 191, "weight": 86, "photo": "https://media.api-sports.io/football/players/622.png"}, {"name": "Benjamin Mendy", "age": 25, "nationality": "France", "height": 185, "weight": 85, "photo": "https://media.api-sports.io/football/players/623.png"}, {"name": "John Stones", "age": 25, "nationality": "England", "height": 188, "weight": 70, "photo": "https://media.api-sports.io/football/players/626.png"}, {"name": "Kyle Walker", "age": 29, "nationality": "England", "height": 178, "weight": 70, "photo": "https://media.api-sports.io/football/players/627.png"}, {"name": "Ilkay Gündogan", "age": 29, "nationality": "Germany", "height": 180, "weight": 80, "photo": "https://media.api-sports.io/football/players/633.png"}, {"name": "João Cancelo", "age": 25, "nationality": "Portugal", "height": 182, "weight": 74, "photo": "https://media.api-sports.io/football/players/855.png"}, {"name": "Alex Iwobi", "age": 23, "nationality": "Nigeria", "height": 180, "weight": 75, "photo": "https://media.api-sports.io/football/players/1455.png"}, {"name": "Nathan Aké", "age": 24, "nationality": "Netherlands", "height": 180, "weight": 75, "photo": "https://media.api-sports.io/football/players/18861.png"}, {"name": "Mario Vrancic", "age": 30, "nationality": "Bosnia and Herzegovina", "height": 187, "weight": 78, "photo": "https://media.api-sports.io/football/players/19082.png"}, {"name": "Rodri", "age": 23, "nationality": "Spain", "height": 191, "weight": 82, "photo": "https://media.api-sports.io/football/players/44.png"}, {"name": "Paulo Gazzaniga", "age": 27, "nationality": "Argentina", "height": 196, "weight": 90, "photo": "https://media.api-sports.io/football/players/158.png"}, {"name": "Kevin De Bruyne", "age": 28, "nationality": "Belgium", "height": 181, "weight": 68, "photo": "https://media.api-sports.io/football/players/629.png"}, {"name": "Phil Foden", "age": 19, "nationality": "England", "height": 171, "weight": 70, "photo": "https://media.api-sports.io/football/players/631.png"}, {"name": "Riyad Mahrez", "age": 28, "nationality": "Algeria", "height": 179, "weight": 67, "photo": "https://media.api-sports.io/football/players/635.png"}, {"name": "Bernardo Silva", "age": 25, "nationality": "Portugal", "height": 173, "weight": 64, "photo": "https://media.api-sports.io/football/players/636.png"}, {"name": "Fernandinho", "age": 34, "nationality": "Brazil", "height": 179, "weight": 67, "photo": "https://media.api-sports.io/football/players/640.png"}, {"name": "Oleksandr Zinchenko", "age": 23, "nationality": "Ukraine", "height": 175, "weight": 64, "photo": "https://media.api-sports.io/football/players/641.png"}, {"name": "Gabriel Jesus", "age": 22, "nationality": "Brazil", "height": 175, "weight": 73, "photo": "https://media.api-sports.io/football/players/643.png"}, {"name": "Raheem Sterling", "age": 25, "nationality": "England", "height": 170, "weight": 69, "photo": "https://media.api-sports.io/football/players/645.png"}, {"name": "Nathaniel Chalobah", "age": 25, "nationality": "England", "height": 187, "weight": 80, "photo": "https://media.api-sports.io/football/players/18803.png"}, {"name": "Jack Grealish", "age": 24, "nationality": "England", "height": 175, "weight": 68, "photo": "https://media.api-sports.io/football/players/19187.png"}, {"name": "Harry Wilson", "age": 22, "nationality": "Wales", "height": 173, "weight": 70, "photo": "https://media.api-sports.io/football/players/19221.png"}, {"name": "Romain Saiss", "age": 29, "nationality": "Morocco", "height": 190, "weight": 80, "photo": "https://media.api-sports.io/football/players/2716.png"}, {"name": "Raúl Jiménez", "age": 28, "nationality": "Mexico", "height": 187, "weight": 76, "photo": "https://media.api-sports.io/football/players/2887.png"}, {"name": "Leander Dendoncker", "age": 24, "nationality": "Belgium", "height": 188, "weight": 83, "photo": "https://media.api-sports.io/football/players/2922.png"}, {"name": "Conor Coady", "age": 26, "nationality": "England", "height": 185, "weight": 75, "photo": "https://media.api-sports.io/football/players/18741.png"}, {"name": "Adama Traoré", "age": 23, "nationality": "Spain", "height": 178, "weight": 72, "photo": "https://media.api-sports.io/football/players/18753.png"}, {"name": "Tim Krul", "age": 31, "nationality": "Netherlands", "height": 188, "weight": 84, "photo": "https://media.api-sports.io/football/players/19061.png"}, {"name": "Max Aarons", "age": 19, "nationality": "England", "height": 178, "weight": 69, "photo": "https://media.api-sports.io/football/players/19070.png"}, {"name": "Sam Byram", "age": 26, "nationality": "England", "height": 180, "weight": 72, "photo": "https://media.api-sports.io/football/players/19287.png"}, {"name": "Hugo Lloris", "age": 33, "nationality": "France", "height": 188, "weight": 82, "photo": "https://media.api-sports.io/football/players/159.png"}, {"name": "Ben Davies", "age": 26, "nationality": "Wales", "height": 181, "weight": 76, "photo": "https://media.api-sports.io/football/players/164.png"}, {"name": "Davinson Sánchez", "age": 23, "nationality": "Colombia", "height": 187, "weight": 81, "photo": "https://media.api-sports.io/football/players/168.png"}, {"name": "Olivier Giroud", "age": 33, "nationality": "France", "height": 192, "weight": 93, "photo": "https://media.api-sports.io/football/players/2295.png"}, {"name": "Matt Doherty", "age": 27, "nationality": "Republic of Ireland", "height": 183, "weight": 90, "photo": "https://media.api-sports.io/football/players/18742.png"}, {"name": "Grant Hanley", "age": 28, "nationality": "Scotland", "height": 187, "weight": 81, "photo": "https://media.api-sports.io/football/players/19066.png"}, {"name": "Christoph Zimmermann", "age": 26, "nationality": "Germany", "height": 194, "weight": 92, "photo": "https://media.api-sports.io/football/players/19069.png"}, {"name": "Todd Cantwell", "age": 21, "nationality": "England", "height": 177, "weight": 70, "photo": "https://media.api-sports.io/football/players/19072.png"}, {"name": "Kenny McLean", "age": 27, "nationality": "Scotland", "height": 183, "weight": 70, "photo": "https://media.api-sports.io/football/players/19077.png"}, {"name": "Teemu Pukki", "age": 29, "nationality": "Finland", "height": 180, "weight": 75, "photo": "https://media.api-sports.io/football/players/19085.png"}, {"name": "Fikayo Tomori", "age": 22, "nationality": "England", "height": 185, "weight": 75, "photo": "https://media.api-sports.io/football/players/19209.png"}, {"name": "Brandon Williams", "age": 19, "nationality": "England", "height": 171, "weight": 63, "photo": "https://media.api-sports.io/football/players/138806.png"}, {"name": "Dele Alli", "age": 23, "nationality": "England", "height": 188, "weight": 76, "photo": "https://media.api-sports.io/football/players/172.png"}, {"name": "Eric Dier", "age": 25, "nationality": "England", "height": 188, "weight": 88, "photo": "https://media.api-sports.io/football/players/175.png"}, {"name": "Harry Winks", "age": 23, "nationality": "England", "height": 178, "weight": 65, "photo": "https://media.api-sports.io/football/players/182.png"}, {"name": "Harry Kane", "age": 26, "nationality": "England", "height": 188, "weight": 86, "photo": "https://media.api-sports.io/football/players/184.png"}, {"name": "Son Heung-Min", "age": 27, "nationality": "Korea Republic", "height": 183, "weight": 78, "photo": "https://media.api-sports.io/football/players/186.png"}, {"name": "Tanguy NDombele Alvaro", "age": 23, "nationality": "France", "height": 181, "weight": 76, "photo": "https://media.api-sports.io/football/players/662.png"}, {"name": "Pierre-Emile Højbjerg", "age": 24, "nationality": "Denmark", "height": 187, "weight": 84, "photo": "https://media.api-sports.io/football/players/2735.png"}, {"name": "Dan Burn", "age": 27, "nationality": "England", "height": 198, "weight": 87, "photo": "https://media.api-sports.io/football/players/18961.png"}, {"name": "Shane Duffy", "age": 27, "nationality": "Republic of Ireland", "height": 193, "weight": 76, "photo": "https://media.api-sports.io/football/players/18962.png"}, {"name": "Lewis Dunk", "age": 28, "nationality": "England", "height": 192, "weight": 88, "photo": "https://media.api-sports.io/football/players/18963.png"}, {"name": "Adam Webster", "age": 24, "nationality": "England", "height": 191, "weight": 75, "photo": "https://media.api-sports.io/football/players/19265.png"}, {"name": "Alisson", "age": 27, "nationality": "Brazil", "height": 193, "weight": 91, "photo": "https://media.api-sports.io/football/players/280.png"}, {"name": "Trent Alexander-Arnold", "age": 21, "nationality": "England", "height": 175, "weight": 69, "photo": "https://media.api-sports.io/football/players/283.png"}, {"name": "Joseph Gomez", "age": 22, "nationality": "England", "height": 188, "weight": 77, "photo": "https://media.api-sports.io/football/players/284.png"}, {"name": "Andrew Robertson", "age": 25, "nationality": "Scotland", "height": 178, "weight": 64, "photo": "https://media.api-sports.io/football/players/289.png"}, {"name": "Virgil van Dijk", "age": 28, "nationality": "Netherlands", "height": 193, "weight": 92, "photo": "https://media.api-sports.io/football/players/290.png"}, {"name": "Adam Lallana", "age": 31, "nationality": "England", "height": 172, "weight": 73, "photo": "https://media.api-sports.io/football/players/295.png"}, {"name": "Leandro Trossard", "age": 25, "nationality": "Belgium", "height": 171, "weight": 61, "photo": "https://media.api-sports.io/football/players/1946.png"}, {"name": "Steven Alzate", "age": 21, "nationality": "Colombia", "height": 180, "weight": null, "photo": "https://media.api-sports.io/football/players/17715.png"}, {"name": "Yves Bissouma", "age": 23, "nationality": "Mali", "height": 182, "weight": 80, "photo": "https://media.api-sports.io/football/players/18968.png"}, {"name": "Pascal Groß", "age": 28, "nationality": "Germany", "height": 181, "weight": 78, "photo": "https://media.api-sports.io/football/players/18970.png"}, {"name": "Solly March", "age": 25, "nationality": "England", "height": 180, "weight": 88, "photo": "https://media.api-sports.io/football/players/18973.png"}, {"name": "Neal Maupay", "age": 23, "nationality": "France", "height": 173, "weight": 69, "photo": "https://media.api-sports.io/football/players/19364.png"}, {"name": "Jordan Henderson", "age": 29, "nationality": "England", "height": 182, "weight": 67, "photo": "https://media.api-sports.io/football/players/292.png"}, {"name": "Naby Keita", "age": 24, "nationality": "Guinea", "height": 172, "weight": 64, "photo": "https://media.api-sports.io/football/players/294.png"}, {"name": "James Milner", "age": 33, "nationality": "England", "height": 175, "weight": 70, "photo": "https://media.api-sports.io/football/players/296.png"}, {"name": "Alex Oxlade-Chamberlain", "age": 26, "nationality": "England", "height": 180, "weight": 70, "photo": "https://media.api-sports.io/football/players/297.png"}, {"name": "Fabinho", "age": 26, "nationality": "Brazil", "height": 188, "weight": 78, "photo": "https://media.api-sports.io/football/players/299.png"}, {"name": "Roberto Firmino", "age": 28, "nationality": "Brazil", "height": 181, "weight": 76, "photo": "https://media.api-sports.io/football/players/302.png"}, {"name": "Sadio Mané", "age": 27, "nationality": "Senegal", "height": 175, "weight": 69, "photo": "https://media.api-sports.io/football/players/304.png"}, {"name": "Divock Origi", "age": 24, "nationality": "Belgium", "height": 185, "weight": 75, "photo": "https://media.api-sports.io/football/players/305.png"}, {"name": "Mohamed Salah", "age": 27, "nationality": "Egypt", "height": 175, "weight": 71, "photo": "https://media.api-sports.io/football/players/306.png"}, {"name": "Moise Kean", "age": 19, "nationality": "Italy", "height": 182, "weight": 67, "photo": "https://media.api-sports.io/football/players/877.png"}, {"name": "Lucas Torreira", "age": 23, "nationality": "Uruguay", "height": 168, "weight": 64, "photo": "https://media.api-sports.io/football/players/1462.png"}, {"name": "Steve Cook", "age": 28, "nationality": "England", "height": 185, "weight": 82, "photo": "https://media.api-sports.io/football/players/18863.png"}, {"name": "Ainsley Maitland-Niles", "age": 22, "nationality": "England", "height": 177, "weight": 71, "photo": "https://media.api-sports.io/football/players/1456.png"}, {"name": "Kasper Schmeichel", "age": 33, "nationality": "Denmark", "height": 189, "weight": 89, "photo": "https://media.api-sports.io/football/players/2728.png"}, {"name": "Youri Tielemans", "age": 22, "nationality": "Belgium", "height": 176, "weight": 72, "photo": "https://media.api-sports.io/football/players/2926.png"}, {"name": "Ricardo Pereira", "age": 26, "nationality": "Portugal", "height": 175, "weight": 70, "photo": "https://media.api-sports.io/football/players/18771.png"}, {"name": "Jonny Evans", "age": 31, "nationality": "Northern Ireland", "height": 188, "weight": 77, "photo": "https://media.api-sports.io/football/players/18772.png"}, {"name": "Caglar Söyüncü", "age": 23, "nationality": "Turkey", "height": 185, "weight": 82, "photo": "https://media.api-sports.io/football/players/18776.png"}, {"name": "Marc Albrighton", "age": 30, "nationality": "England", "height": 175, "weight": 74, "photo": "https://media.api-sports.io/football/players/18777.png"}, {"name": "James Maddison", "age": 23, "nationality": "England", "height": 175, "weight": 73, "photo": "https://media.api-sports.io/football/players/18784.png"}, {"name": "Ryan Bertrand", "age": 30, "nationality": "England", "height": 179, "weight": 85, "photo": "https://media.api-sports.io/football/players/18936.png"}, {"name": "Jannik Vestergaard", "age": 27, "nationality": "Denmark", "height": 199, "weight": 98, "photo": "https://media.api-sports.io/football/players/18943.png"}, {"name": "Keinan Davis", "age": 21, "nationality": "England", "height": 191, "weight": 68, "photo": "https://media.api-sports.io/football/players/19185.png"}, {"name": "Tammy Abraham", "age": 22, "nationality": "England", "height": 190, "weight": 80, "photo": "https://media.api-sports.io/football/players/19194.png"}, {"name": "Gary Cahill", "age": 34, "nationality": "England", "height": 193, "weight": 86, "photo": "https://media.api-sports.io/football/players/2281.png"}, {"name": "Felipe Anderson", "age": 26, "nationality": "Brazil", "height": 175, "weight": 70, "photo": "https://media.api-sports.io/football/players/2412.png"}, {"name": "Jefferson Lerma", "age": 25, "nationality": "Colombia", "height": 179, "weight": 70, "photo": "https://media.api-sports.io/football/players/2490.png"}, {"name": "Kelechi Iheanacho", "age": 23, "nationality": "Nigeria", "height": 185, "weight": 82, "photo": "https://media.api-sports.io/football/players/2778.png"}, {"name": "Dennis Praet", "age": 25, "nationality": "Belgium", "height": 181, "weight": 78, "photo": "https://media.api-sports.io/football/players/2925.png"}, {"name": "Harvey Barnes", "age": 22, "nationality": "England", "height": 174, "weight": 66, "photo": "https://media.api-sports.io/football/players/18778.png"}, {"name": "Hamza Choudhury", "age": 22, "nationality": "England", "height": 178, "weight": 64, "photo": "https://media.api-sports.io/football/players/18779.png"}, {"name": "Wilfred Ndidi", "age": 23, "nationality": "Nigeria", "height": 183, "weight": 74, "photo": "https://media.api-sports.io/football/players/18786.png"}, {"name": "Jamie Vardy", "age": 32, "nationality": "England", "height": 179, "weight": 74, "photo": "https://media.api-sports.io/football/players/18788.png"}, {"name": "Adam Smith", "age": 28, "nationality": "England", "height": 180, "weight": 78, "photo": "https://media.api-sports.io/football/players/18869.png"}, {"name": "Lewis Cook", "age": 22, "nationality": "England", "height": 175, "weight": 71, "photo": "https://media.api-sports.io/football/players/18872.png"}, {"name": "Ayoze Pérez", "age": 26, "nationality": "Spain", "height": 178, "weight": 72, "photo": "https://media.api-sports.io/football/players/18906.png"}, {"name": "Jack Stacey", "age": 23, "nationality": "England", "height": 180, "weight": 62, "photo": "https://media.api-sports.io/football/players/19769.png"}, {"name": "Philip Billing", "age": 23, "nationality": "Denmark", "height": 193, "weight": 83, "photo": "https://media.api-sports.io/football/players/2734.png"}, {"name": "James Tarkowski", "age": 27, "nationality": "England", "height": 185, "weight": 81, "photo": "https://media.api-sports.io/football/players/2936.png"}, {"name": "Junior Stanislas", "age": 30, "nationality": "England", "height": 183, "weight": 76, "photo": "https://media.api-sports.io/football/players/18878.png"}, {"name": "Dominic Solanke", "age": 22, "nationality": "England", "height": 187, "weight": 80, "photo": "https://media.api-sports.io/football/players/18883.png"}, {"name": "Nick Pope", "age": 27, "nationality": "England", "height": 191, "weight": 76, "photo": "https://media.api-sports.io/football/players/18911.png"}, {"name": "Phil Bardsley", "age": 34, "nationality": "Scotland", "height": 180, "weight": 74, "photo": "https://media.api-sports.io/football/players/18912.png"}, {"name": "Matthew Lowton", "age": 30, "nationality": "England", "height": 180, "weight": 78, "photo": "https://media.api-sports.io/football/players/18916.png"}, {"name": "Ben Mee", "age": 30, "nationality": "England", "height": 180, "weight": 74, "photo": "https://media.api-sports.io/football/players/18917.png"}, {"name": "Charlie Taylor", "age": 26, "nationality": "England", "height": 176, "weight": 70, "photo": "https://media.api-sports.io/football/players/18918.png"}, {"name": "Robbie Brady", "age": 27, "nationality": "Republic of Ireland", "height": 176, "weight": 71, "photo": "https://media.api-sports.io/football/players/18921.png"}, {"name": "Jack Cork", "age": 30, "nationality": "England", "height": 183, "weight": 70, "photo": "https://media.api-sports.io/football/players/18922.png"}, {"name": "Erik Pieters", "age": 31, "nationality": "Netherlands", "height": 183, "weight": 84, "photo": "https://media.api-sports.io/football/players/21383.png"}, {"name": "Roberto Pereyra", "age": 28, "nationality": "Argentina", "height": 182, "weight": 77, "photo": "https://media.api-sports.io/football/players/2475.png"}, {"name": "Gerard Deulofeu", "age": 25, "nationality": "Spain", "height": 177, "weight": 73, "photo": "https://media.api-sports.io/football/players/18809.png"}, {"name": "Robert Snodgrass", "age": 32, "nationality": "Scotland", "height": 182, "weight": 82, "photo": "https://media.api-sports.io/football/players/18828.png"}, {"name": "Aaron Lennon", "age": 32, "nationality": "England", "height": 165, "weight": 63, "photo": "https://media.api-sports.io/football/players/18925.png"}, {"name": "Ashley Westwood", "age": 29, "nationality": "England", "height": 175, "weight": 80, "photo": "https://media.api-sports.io/football/players/18926.png"}, {"name": "Ashley Barnes", "age": 30, "nationality": "England", "height": 186, "weight": 77, "photo": "https://media.api-sports.io/football/players/18927.png"}, {"name": "Dwight McNeil", "age": 20, "nationality": "England", "height": null, "weight": null, "photo": "https://media.api-sports.io/football/players/18929.png"}, {"name": "Matej Vydra", "age": 27, "nationality": "Czech Republic", "height": 180, "weight": 71, "photo": "https://media.api-sports.io/football/players/18930.png"}, {"name": "Dale Stephens", "age": 30, "nationality": "England", "height": 169, "weight": 71, "photo": "https://media.api-sports.io/football/players/18977.png"}, {"name": "Jay Rodriguez", "age": 30, "nationality": "England", "height": 185, "weight": 80, "photo": "https://media.api-sports.io/football/players/19169.png"}, {"name": "Callum Robinson", "age": 24, "nationality": "Republic of Ireland", "height": 178, "weight": 75, "photo": "https://media.api-sports.io/football/players/19462.png"}, {"name": "Miguel Almirón", "age": 25, "nationality": "Paraguay", "height": 174, "weight": 63, "photo": "https://media.api-sports.io/football/players/2507.png"}, {"name": "Fabian Schär", "age": 28, "nationality": "Switzerland", "height": 188, "weight": 84, "photo": "https://media.api-sports.io/football/players/2806.png"}, {"name": "Emil Krafth", "age": 25, "nationality": "Sweden", "height": 184, "weight": 83, "photo": "https://media.api-sports.io/football/players/2855.png"}, {"name": "Ryan Fraser", "age": 25, "nationality": "Scotland", "height": 163, "weight": 70, "photo": "https://media.api-sports.io/football/players/18873.png"}, {"name": "Martin Dubravka", "age": 30, "nationality": "Slovakia", "height": 190, "weight": 83, "photo": "https://media.api-sports.io/football/players/18886.png"}, {"name": "Paul Dummett", "age": 28, "nationality": "Wales", "height": 183, "weight": 82, "photo": "https://media.api-sports.io/football/players/18892.png"}, {"name": "Federico Fernández", "age": 30, "nationality": "Argentina", "height": 190, "weight": 83, "photo": "https://media.api-sports.io/football/players/18893.png"}, {"name": "Jamaal Lascelles", "age": 26, "nationality": "England", "height": 188, "weight": 89, "photo": "https://media.api-sports.io/football/players/18894.png"}, {"name": "Javier Manquillo", "age": 25, "nationality": "Spain", "height": 178, "weight": 76, "photo": "https://media.api-sports.io/football/players/18896.png"}, {"name": "Isaac Hayden", "age": 24, "nationality": "England", "height": 185, "weight": 79, "photo": "https://media.api-sports.io/football/players/18899.png"}, {"name": "Matt Ritchie", "age": 30, "nationality": "Scotland", "height": 172, "weight": 76, "photo": "https://media.api-sports.io/football/players/18903.png"}, {"name": "Jonjo Shelvey", "age": 27, "nationality": "England", "height": 184, "weight": 80, "photo": "https://media.api-sports.io/football/players/18904.png"}, {"name": "Jeff Hendrick", "age": 27, "nationality": "Republic of Ireland", "height": 185, "weight": 79, "photo": "https://media.api-sports.io/football/players/18924.png"}, {"name": "Jamal Lewis", "age": 21, "nationality": "Northern Ireland", "height": 178, "weight": 70, "photo": "https://media.api-sports.io/football/players/19076.png"}, {"name": "Allan Saint-Maximin", "age": 22, "nationality": "France", "height": 173, "weight": 67, "photo": "https://media.api-sports.io/football/players/22173.png"}, {"name": "Joelinton", "age": 23, "nationality": "Brazil", "height": 186, "weight": 81, "photo": "https://media.api-sports.io/football/players/723.png"}, {"name": "Joe Willock", "age": 20, "nationality": "England", "height": 179, "weight": 71, "photo": "https://media.api-sports.io/football/players/1463.png"}, {"name": "Callum Wilson", "age": 27, "nationality": "England", "height": 180, "weight": 66, "photo": "https://media.api-sports.io/football/players/2939.png"}, {"name": "Troy Deeney", "age": 31, "nationality": "England", "height": 183, "weight": 90, "photo": "https://media.api-sports.io/football/players/18808.png"}, {"name": "Sean Longstaff", "age": 22, "nationality": "England", "height": 181, "weight": 65, "photo": "https://media.api-sports.io/football/players/18901.png"}, {"name": "Chris Wood", "age": 28, "nationality": "New Zealand", "height": 191, "weight": 81, "photo": "https://media.api-sports.io/football/players/18931.png"}, {"name": "Michael Obafemi", "age": 19, "nationality": "Republic of Ireland", "height": 169, "weight": 71, "photo": "https://media.api-sports.io/football/players/18957.png"}, {"name": "Onel Hernández", "age": 26, "nationality": "Cuba", "height": 172, "weight": 76, "photo": "https://media.api-sports.io/football/players/19074.png"}, {"name": "Dwight Gayle", "age": 30, "nationality": "England", "height": 174, "weight": 78, "photo": "https://media.api-sports.io/football/players/19166.png"}, {"name": "Tom Trybull", "age": 26, "nationality": "Germany", "height": 181, "weight": 72, "photo": "https://media.api-sports.io/football/players/19081.png"}, {"name": "Christian Atsu", "age": 27, "nationality": "Ghana", "height": 165, "weight": 65, "photo": "https://media.api-sports.io/football/players/3423.png"}]