[{"name": "Hilton", "age": 42, "nationality": "Brazil", "height": 180, "weight": 78, "photo": "https://media.api-sports.io/football/players/21571.png"}, {"name": "Wesley Lautoa", "age": 32, "nationality": "France", "height": 184, "weight": 87, "photo": "https://media.api-sports.io/football/players/21700.png"}, {"name": "Yaya Sanogo", "age": 26, "nationality": "France", "height": 191, "weight": 74, "photo": "https://media.api-sports.io/football/players/22155.png"}, {"name": "Stéphane Ruffier", "age": 33, "nationality": "France", "height": 188, "weight": 93, "photo": "https://media.api-sports.io/football/players/22083.png"}, {"name": "Loic Perrin", "age": 34, "nationality": "France", "height": 181, "weight": 80, "photo": "https://media.api-sports.io/football/players/22088.png"}, {"name": "Aurélien Chedjou", "age": 34, "nationality": "Cameroon", "height": 184, "weight": 86, "photo": "https://media.api-sports.io/football/players/50219.png"}, {"name": "Yohan Cabaye", "age": 33, "nationality": "France", "height": 174, "weight": 71, "photo": "https://media.api-sports.io/football/players/90488.png"}, {"name": "Loris Benito", "age": 27, "nationality": "Switzerland", "height": 184, "weight": 80, "photo": "https://media.api-sports.io/football/players/941.png"}, {"name": "Mehdi Abeid", "age": 27, "nationality": "Algeria", "height": 181, "weight": 78, "photo": "https://media.api-sports.io/football/players/21704.png"}, {"name": "Yoann Court", "age": 29, "nationality": "France", "height": 172, "weight": 70, "photo": "https://media.api-sports.io/football/players/20556.png"}, {"name": "John Mendoza", "age": 27, "nationality": "Colombia", "height": 172, "weight": 70, "photo": "https://media.api-sports.io/football/players/21394.png"}, {"name": "Alexandre Mendy", "age": 25, "nationality": "Guinea-Bissau", "height": 184, "weight": 94, "photo": "https://media.api-sports.io/football/players/21506.png"}, {"name": "Stanley N'Soki", "age": 20, "nationality": "France", "height": 184, "weight": 77, "photo": "https://media.api-sports.io/football/players/270.png"}, {"name": "Myziane Maolida", "age": 20, "nationality": "France", "height": 181, "weight": 78, "photo": "https://media.api-sports.io/football/players/22179.png"}, {"name": "Yusuf Yazici", "age": 22, "nationality": "Turkey", "height": 183, "weight": 74, "photo": "https://media.api-sports.io/football/players/49888.png"}, {"name": "Rachid Alioui", "age": 27, "nationality": "Morocco", "height": 186, "weight": 81, "photo": "https://media.api-sports.io/football/players/2718.png"}, {"name": "Joachim Andersen", "age": 23, "nationality": "Denmark", "height": 192, "weight": 90, "photo": "https://media.api-sports.io/football/players/2729.png"}, {"name": "Thierry Ambrose", "age": 22, "nationality": "France", "height": 178, "weight": 75, "photo": "https://media.api-sports.io/football/players/20673.png"}, {"name": "Thomas Meunier", "age": 28, "nationality": "Belgium", "height": 190, "weight": 90, "photo": "https://media.api-sports.io/football/players/264.png"}, {"name": "Jhonder Cádiz", "age": 24, "nationality": "Venezuela", "height": 191, "weight": 84, "photo": "https://media.api-sports.io/football/players/2456.png"}, {"name": "Fouad Chafik", "age": 33, "nationality": "Morocco", "height": 183, "weight": 72, "photo": "https://media.api-sports.io/football/players/21698.png"}, {"name": "Lamine Koné", "age": 30, "nationality": "Côte d'Ivoire", "height": 189, "weight": 90, "photo": "https://media.api-sports.io/football/players/22246.png"}, {"name": "Mohamed Simakan", "age": 19, "nationality": "France", "height": 187, "weight": 82, "photo": "https://media.api-sports.io/football/players/22250.png"}, {"name": "Kévin Zohi", "age": 23, "nationality": "Mali", "height": 177, "weight": 70, "photo": "https://media.api-sports.io/football/players/22263.png"}, {"name": "Matz Sels", "age": 27, "nationality": "Belgium", "height": 188, "weight": 75, "photo": "https://media.api-sports.io/football/players/2919.png"}, {"name": "Theo Valls", "age": 24, "nationality": "France", "height": 180, "weight": 75, "photo": "https://media.api-sports.io/football/players/21435.png"}, {"name": "Mathieu Debuchy", "age": 34, "nationality": "France", "height": 176, "weight": 76, "photo": "https://media.api-sports.io/football/players/22085.png"}, {"name": "Anthony Lopes", "age": 29, "nationality": "Portugal", "height": 184, "weight": 81, "photo": "https://media.api-sports.io/football/players/647.png"}, {"name": "Jason Denayer", "age": 24, "nationality": "Belgium", "height": 184, "weight": 70, "photo": "https://media.api-sports.io/football/players/649.png"}, {"name": "Léo Dubois", "age": 25, "nationality": "France", "height": 178, "weight": 65, "photo": "https://media.api-sports.io/football/players/650.png"}, {"name": "Marcelo", "age": 32, "nationality": "Brazil", "height": 191, "weight": 85, "photo": "https://media.api-sports.io/football/players/651.png"}, {"name": "Houssem Aouar", "age": 21, "nationality": "France", "height": 175, "weight": 70, "photo": "https://media.api-sports.io/football/players/658.png"}, {"name": "Damien Da Silva", "age": 31, "nationality": "France", "height": 184, "weight": 82, "photo": "https://media.api-sports.io/football/players/2196.png"}, {"name": "Lebo Mothiba", "age": 23, "nationality": "South Africa", "height": 181, "weight": 78, "photo": "https://media.api-sports.io/football/players/3292.png"}, {"name": "Jean-Ricner Bellegarde", "age": 21, "nationality": "France", "height": 170, "weight": 66, "photo": "https://media.api-sports.io/football/players/20665.png"}, {"name": "Thiago Mendes", "age": 27, "nationality": "Brazil", "height": 176, "weight": 78, "photo": "https://media.api-sports.io/football/players/22232.png"}, {"name": "Dmitri Lienard", "age": 31, "nationality": "France", "height": 184, "weight": 77, "photo": "https://media.api-sports.io/football/players/22257.png"}, {"name": "Ibrahima Sissoko", "age": 22, "nationality": "France", "height": 193, "weight": 88, "photo": "https://media.api-sports.io/football/players/22260.png"}, {"name": "Adrien Thomasson", "age": 26, "nationality": "France", "height": 177, "weight": 72, "photo": "https://media.api-sports.io/football/players/22261.png"}, {"name": "Ludovic Ajorque", "age": 25, "nationality": "France", "height": 197, "weight": 82, "photo": "https://media.api-sports.io/football/players/22264.png"}, {"name": "Moussa Dembele", "age": 23, "nationality": "France", "height": 183, "weight": 73, "photo": "https://media.api-sports.io/football/players/666.png"}, {"name": "Zinedine Ferhat", "age": 26, "nationality": "Algeria", "height": 183, "weight": 77, "photo": "https://media.api-sports.io/football/players/3175.png"}, {"name": "Sidy Sarr", "age": 23, "nationality": "Senegal", "height": 196, "weight": 86, "photo": "https://media.api-sports.io/football/players/20642.png"}, {"name": "Lamine Fomba", "age": 21, "nationality": "France", "height": 188, "weight": 68, "photo": "https://media.api-sports.io/football/players/20861.png"}, {"name": "Anthony Briancon", "age": 25, "nationality": "France", "height": 185, "weight": 79, "photo": "https://media.api-sports.io/football/players/21438.png"}, {"name": "Gaetan Paquiez", "age": 25, "nationality": "France", "height": 182, "weight": 72, "photo": "https://media.api-sports.io/football/players/21442.png"}, {"name": "Bafode Diakite", "age": 18, "nationality": "France", "height": 185, "weight": 74, "photo": "https://media.api-sports.io/football/players/22136.png"}, {"name": "Patrick Burner", "age": 23, "nationality": "Martinique", "height": 168, "weight": 61, "photo": "https://media.api-sports.io/football/players/22161.png"}, {"name": "Pablo Martinez", "age": 30, "nationality": "France", "height": 182, "weight": 77, "photo": "https://media.api-sports.io/football/players/22248.png"}, {"name": "Arnaud Lusamba", "age": 22, "nationality": "France", "height": 180, "weight": 74, "photo": "https://media.api-sports.io/football/players/8678.png"}, {"name": "Régis Gurtner", "age": 33, "nationality": "France", "height": 182, "weight": 82, "photo": "https://media.api-sports.io/football/players/21378.png"}, {"name": "Renaud Ripart", "age": 26, "nationality": "France", "height": 181, "weight": 73, "photo": "https://media.api-sports.io/football/players/21451.png"}, {"name": "Mickaël Alphonse", "age": 30, "nationality": "Guadeloupe", "height": 182, "weight": 75, "photo": "https://media.api-sports.io/football/players/21695.png"}, {"name": "Xavier Chavalerin", "age": 28, "nationality": "France", "height": 178, "weight": 66, "photo": "https://media.api-sports.io/football/players/22005.png"}, {"name": "Tristan Dingome", "age": 28, "nationality": "France", "height": 174, "weight": 71, "photo": "https://media.api-sports.io/football/players/22006.png"}, {"name": "Mathieu Dossevi", "age": 31, "nationality": "Togo", "height": 172, "weight": 65, "photo": "https://media.api-sports.io/football/players/22144.png"}, {"name": "Charles Nathan Abi", "age": 19, "nationality": "France", "height": 187, "weight": 71, "photo": "https://media.api-sports.io/football/players/67785.png"}, {"name": "Dennis Appiah", "age": 27, "nationality": "France", "height": 179, "weight": 68, "photo": "https://media.api-sports.io/football/players/1407.png"}, {"name": "Nicolas Pallois", "age": 32, "nationality": "France", "height": 190, "weight": 89, "photo": "https://media.api-sports.io/football/players/21088.png"}, {"name": "Andrei Girotto", "age": 27, "nationality": "Brazil", "height": 186, "weight": 73, "photo": "https://media.api-sports.io/football/players/21097.png"}, {"name": "Bongani Zungu", "age": 27, "nationality": "South Africa", "height": 184, "weight": 76, "photo": "https://media.api-sports.io/football/players/21390.png"}, {"name": "Ludovic Blas", "age": 22, "nationality": "France", "height": 180, "weight": 70, "photo": "https://media.api-sports.io/football/players/21497.png"}, {"name": "Wylan Cyprien", "age": 24, "nationality": "France", "height": 181, "weight": 75, "photo": "https://media.api-sports.io/football/players/22169.png"}, {"name": "Alban Lafont", "age": 20, "nationality": "France", "height": 193, "weight": 82, "photo": "https://media.api-sports.io/football/players/30393.png"}, {"name": "Abdoul Kader Bamba", "age": 25, "nationality": "France", "height": 177, "weight": 74, "photo": "https://media.api-sports.io/football/players/84055.png"}, {"name": "Romain Philippoteaux", "age": 31, "nationality": "France", "height": 170, "weight": 67, "photo": "https://media.api-sports.io/football/players/20865.png"}, {"name": "Lucas Deaux", "age": 31, "nationality": "France", "height": 188, "weight": 82, "photo": "https://media.api-sports.io/football/players/21499.png"}, {"name": "Daniel Congré", "age": 34, "nationality": "France", "height": 186, "weight": 82, "photo": "https://media.api-sports.io/football/players/21569.png"}, {"name": "Baptiste Reynet", "age": 29, "nationality": "France", "height": 185, "weight": 88, "photo": "https://media.api-sports.io/football/players/22132.png"}, {"name": "Mehmet Zeki Çelik", "age": 22, "nationality": "Turkey", "height": 180, "weight": 78, "photo": "https://media.api-sports.io/football/players/22222.png"}, {"name": "Benjamin André", "age": 29, "nationality": "France", "height": 180, "weight": 76, "photo": "https://media.api-sports.io/football/players/2204.png"}, {"name": "Benjamin Bourigeaud", "age": 25, "nationality": "France", "height": 178, "weight": 71, "photo": "https://media.api-sports.io/football/players/2206.png"}, {"name": "Domagoj Bradaric", "age": 20, "nationality": "Croatia", "height": 178, "weight": 69, "photo": "https://media.api-sports.io/football/players/14327.png"}, {"name": "Mathias Autret", "age": 28, "nationality": "France", "height": 179, "weight": 71, "photo": "https://media.api-sports.io/football/players/20551.png"}, {"name": "Gaëtan Charbonnier", "age": 31, "nationality": "France", "height": 188, "weight": 80, "photo": "https://media.api-sports.io/football/players/20563.png"}, {"name": "Baptiste Santamaria", "age": 24, "nationality": "France", "height": 183, "weight": 73, "photo": "https://media.api-sports.io/football/players/21153.png"}, {"name": "Reinildo", "age": 25, "nationality": "Mozambique", "height": 180, "weight": 73, "photo": "https://media.api-sports.io/football/players/22225.png"}, {"name": "Xeka", "age": 25, "nationality": "Portugal", "height": 185, "weight": 80, "photo": "https://media.api-sports.io/football/players/22228.png"}, {"name": "Jonathan Bamba", "age": 23, "nationality": "France", "height": 175, "weight": 72, "photo": "https://media.api-sports.io/football/players/22235.png"}, {"name": "Kevin N'Doram", "age": 23, "nationality": "France", "height": 184, "weight": 76, "photo": "https://media.api-sports.io/football/players/112.png"}, {"name": "Jérémy Morel", "age": 35, "nationality": "Madagascar", "height": 172, "weight": 71, "photo": "https://media.api-sports.io/football/players/654.png"}, {"name": "Martin Terrier", "age": 22, "nationality": "France", "height": 184, "weight": 71, "photo": "https://media.api-sports.io/football/players/663.png"}, {"name": "Thomas Delaine", "age": 27, "nationality": "France", "height": 180, "weight": 72, "photo": "https://media.api-sports.io/football/players/20521.png"}, {"name": "Fabien Centonze", "age": 23, "nationality": "France", "height": 182, "weight": 75, "photo": "https://media.api-sports.io/football/players/20654.png"}, {"name": "Flavien Tait", "age": 26, "nationality": "France", "height": 175, "weight": 70, "photo": "https://media.api-sports.io/football/players/21154.png"}, {"name": "Thomas Monconduit", "age": 28, "nationality": "France", "height": 184, "weight": 83, "photo": "https://media.api-sports.io/football/players/21387.png"}, {"name": "Sehrou Guirassy", "age": 23, "nationality": "France", "height": 187, "weight": 82, "photo": "https://media.api-sports.io/football/players/21393.png"}, {"name": "Gaetan Laborde", "age": 25, "nationality": "France", "height": 182, "weight": 81, "photo": "https://media.api-sports.io/football/players/21592.png"}, {"name": "Wesley Said", "age": 24, "nationality": "France", "height": 171, "weight": 75, "photo": "https://media.api-sports.io/football/players/21715.png"}, {"name": "Quentin Boisgard", "age": 22, "nationality": "France", "height": 174, "weight": 75, "photo": "https://media.api-sports.io/football/players/23120.png"}, {"name": "Benoit Badiashile Mukinayi", "age": 18, "nationality": "France", "height": 194, "weight": 75, "photo": "https://media.api-sports.io/football/players/95.png"}, {"name": "Cesc Fàbregas", "age": 32, "nationality": "Spain", "height": 180, "weight": 77, "photo": "https://media.api-sports.io/football/players/108.png"}, {"name": "Aleksandr Golovin", "age": 23, "nationality": "Russia", "height": 180, "weight": 69, "photo": "https://media.api-sports.io/football/players/109.png"}, {"name": "Gelson Martins", "age": 24, "nationality": "Portugal", "height": 173, "weight": 72, "photo": "https://media.api-sports.io/football/players/118.png"}, {"name": "Nicolas de Preville", "age": 28, "nationality": "France", "height": 177, "weight": 77, "photo": "https://media.api-sports.io/football/players/1275.png"}, {"name": "Wissam Ben Yedder", "age": 29, "nationality": "France", "height": 170, "weight": 68, "photo": "https://media.api-sports.io/football/players/2059.png"}, {"name": "Guillermo Maripán", "age": 25, "nationality": "Chile", "height": 193, "weight": 84, "photo": "https://media.api-sports.io/football/players/2553.png"}, {"name": "Opa Nguette", "age": 25, "nationality": "Senegal", "height": 182, "weight": 76, "photo": "https://media.api-sports.io/football/players/20533.png"}, {"name": "Ibrahima Niane", "age": 20, "nationality": "Senegal", "height": 187, "weight": 73, "photo": "https://media.api-sports.io/football/players/20537.png"}, {"name": "Ludovic Butelle", "age": 36, "nationality": "France", "height": 188, "weight": 84, "photo": "https://media.api-sports.io/football/players/21136.png"}, {"name": "Ruben Aguilar", "age": 26, "nationality": "France", "height": 172, "weight": 70, "photo": "https://media.api-sports.io/football/players/21568.png"}, {"name": "Axel Disasi", "age": 21, "nationality": "France", "height": 190, "weight": 86, "photo": "https://media.api-sports.io/football/players/21998.png"}, {"name": "Zaydou Youssef", "age": 20, "nationality": "France", "height": 182, "weight": 81, "photo": "https://media.api-sports.io/football/players/1272.png"}, {"name": "Joris Gnagnon", "age": 22, "nationality": "France", "height": 182, "weight": 89, "photo": "https://media.api-sports.io/football/players/2041.png"}, {"name": "Miguel Trauco", "age": 27, "nationality": "Peru", "height": 175, "weight": 62, "photo": "https://media.api-sports.io/football/players/2424.png"}, {"name": "Sada Thioub", "age": 24, "nationality": "Senegal", "height": 179, "weight": 75, "photo": "https://media.api-sports.io/football/players/2996.png"}, {"name": "Paul Bernardoni", "age": 22, "nationality": "France", "height": 190, "weight": 78, "photo": "https://media.api-sports.io/football/players/21425.png"}, {"name": "Timothée Kolodziejczak", "age": 28, "nationality": "France", "height": 185, "weight": 75, "photo": "https://media.api-sports.io/football/players/22086.png"}, {"name": "Arnaud Nordin", "age": 21, "nationality": "France", "height": 170, "weight": 69, "photo": "https://media.api-sports.io/football/players/22097.png"}, {"name": "Ryad Boudebouz", "age": 29, "nationality": "Algeria", "height": 177, "weight": 70, "photo": "https://media.api-sports.io/football/players/47436.png"}, {"name": "Álvaro González", "age": 29, "nationality": "Spain", "height": 182, "weight": 75, "photo": "https://media.api-sports.io/football/players/1689.png"}, {"name": "Steve Mandanda", "age": 34, "nationality": "France", "height": 185, "weight": 82, "photo": "https://media.api-sports.io/football/players/1897.png"}, {"name": "Duje Caleta-Car", "age": 23, "nationality": "Croatia", "height": 192, "weight": 89, "photo": "https://media.api-sports.io/football/players/1902.png"}, {"name": "Boubacar Kamara", "age": 20, "nationality": "France", "height": 184, "weight": 68, "photo": "https://media.api-sports.io/football/players/1904.png"}, {"name": "Dimitri Payet", "age": 32, "nationality": "France", "height": 175, "weight": 77, "photo": "https://media.api-sports.io/football/players/1912.png"}, {"name": "Ismael Traoré", "age": 33, "nationality": "Côte d'Ivoire", "height": 184, "weight": 87, "photo": "https://media.api-sports.io/football/players/3237.png"}, {"name": "Valentin Rongier", "age": 25, "nationality": "France", "height": 172, "weight": 66, "photo": "https://media.api-sports.io/football/players/21102.png"}, {"name": "Vincent Manceau", "age": 30, "nationality": "France", "height": 176, "weight": 70, "photo": "https://media.api-sports.io/football/players/21141.png"}, {"name": "Romain Thomas", "age": 31, "nationality": "France", "height": 193, "weight": 84, "photo": "https://media.api-sports.io/football/players/21144.png"}, {"name": "Pierrick Capelle", "age": 32, "nationality": "France", "height": 181, "weight": 73, "photo": "https://media.api-sports.io/football/players/21145.png"}, {"name": "Angelo Fulgini", "age": 23, "nationality": "France", "height": 183, "weight": 71, "photo": "https://media.api-sports.io/football/players/21146.png"}, {"name": "Thomas Mangani", "age": 32, "nationality": "France", "height": 183, "weight": 79, "photo": "https://media.api-sports.io/football/players/21148.png"}, {"name": "Stephy Mavididi", "age": 21, "nationality": "England", "height": 182, "weight": 71, "photo": "https://media.api-sports.io/football/players/879.png"}, {"name": "Valère Germain", "age": 29, "nationality": "France", "height": 180, "weight": 73, "photo": "https://media.api-sports.io/football/players/1918.png"}, {"name": "Yunis Abdelhamid", "age": 32, "nationality": "Morocco", "height": 190, "weight": 83, "photo": "https://media.api-sports.io/football/players/2704.png"}, {"name": "Arnaud Souquet", "age": 27, "nationality": "France", "height": 180, "weight": 72, "photo": "https://media.api-sports.io/football/players/8478.png"}, {"name": "Jordan Ferri", "age": 27, "nationality": "France", "height": 172, "weight": 70, "photo": "https://media.api-sports.io/football/players/21439.png"}, {"name": "Téji Savanier", "age": 28, "nationality": "France", "height": 171, "weight": 62, "photo": "https://media.api-sports.io/football/players/21443.png"}, {"name": "Pedro Mendes", "age": 29, "nationality": "Portugal", "height": 187, "weight": 78, "photo": "https://media.api-sports.io/football/players/21574.png"}, {"name": "Florent Mollet", "age": 28, "nationality": "France", "height": 174, "weight": 68, "photo": "https://media.api-sports.io/football/players/21582.png"}, {"name": "Thomas Foket", "age": 25, "nationality": "Belgium", "height": 177, "weight": 67, "photo": "https://media.api-sports.io/football/players/22000.png"}, {"name": "Joris Chotard", "age": 18, "nationality": "France", "height": null, "weight": null, "photo": "https://media.api-sports.io/football/players/128287.png"}, {"name": "Benoit Costil", "age": 32, "nationality": "France", "height": 187, "weight": 88, "photo": "https://media.api-sports.io/football/players/1253.png"}, {"name": "Otávio", "age": 25, "nationality": "Brazil", "height": 176, "weight": 73, "photo": "https://media.api-sports.io/football/players/1262.png"}, {"name": "Yacine Adli", "age": 19, "nationality": "France", "height": 186, "weight": 73, "photo": "https://media.api-sports.io/football/players/1265.png"}, {"name": "Jimmy Briand", "age": 34, "nationality": "France", "height": 181, "weight": 84, "photo": "https://media.api-sports.io/football/players/1273.png"}, {"name": "Samuel Kalu", "age": 22, "nationality": "Nigeria", "height": 176, "weight": 74, "photo": "https://media.api-sports.io/football/players/1276.png"}, {"name": "Josh Maja", "age": 21, "nationality": "Nigeria", "height": 180, "weight": 74, "photo": "https://media.api-sports.io/football/players/1279.png"}, {"name": "Laurent Koscielny", "age": 34, "nationality": "France", "height": 186, "weight": 75, "photo": "https://media.api-sports.io/football/players/1443.png"}, {"name": "Mexer", "age": 31, "nationality": "Mozambique", "height": 188, "weight": 79, "photo": "https://media.api-sports.io/football/players/2201.png"}, {"name": "M'Baye Niang", "age": 25, "nationality": "Senegal", "height": 184, "weight": 75, "photo": "https://media.api-sports.io/football/players/2216.png"}, {"name": "Marshall Munetsi", "age": 23, "nationality": "Zimbabwe", "height": 188, "weight": 83, "photo": "https://media.api-sports.io/football/players/3080.png"}, {"name": "Anastasios Donis", "age": 23, "nationality": "Greece", "height": 178, "weight": 77, "photo": "https://media.api-sports.io/football/players/26313.png"}, {"name": "Jordan Amavi", "age": 25, "nationality": "France", "height": 176, "weight": 70, "photo": "https://media.api-sports.io/football/players/1901.png"}, {"name": "Romain Del Castillo", "age": 23, "nationality": "France", "height": 172, "weight": 56, "photo": "https://media.api-sports.io/football/players/2214.png"}, {"name": "Irvin Cardona", "age": 22, "nationality": "France", "height": 185, "weight": 76, "photo": "https://media.api-sports.io/football/players/8683.png"}, {"name": "Gautier Larsonneur", "age": 22, "nationality": "France", "height": 181, "weight": 70, "photo": "https://media.api-sports.io/football/players/20541.png"}, {"name": "Julien Faussurier", "age": 32, "nationality": "France", "height": 173, "weight": 70, "photo": "https://media.api-sports.io/football/players/20547.png"}, {"name": "Denys Bain", "age": 26, "nationality": "France", "height": 181, "weight": 74, "photo": "https://media.api-sports.io/football/players/20684.png"}, {"name": "Paul Lasne", "age": 30, "nationality": "France", "height": 186, "weight": 77, "photo": "https://media.api-sports.io/football/players/21580.png"}, {"name": "Walter Benítez", "age": 26, "nationality": "Argentina", "height": 191, "weight": 91, "photo": "https://media.api-sports.io/football/players/22157.png"}, {"name": "Dante", "age": 36, "nationality": "Brazil", "height": 188, "weight": 87, "photo": "https://media.api-sports.io/football/players/22163.png"}, {"name": "Christophe Herelle", "age": 27, "nationality": "Martinique", "height": 188, "weight": 75, "photo": "https://media.api-sports.io/football/players/22164.png"}, {"name": "Mauro Icardi", "age": 26, "nationality": "Argentina", "height": 181, "weight": 75, "photo": "https://media.api-sports.io/football/players/216.png"}, {"name": "Marquinhos", "age": 25, "nationality": "Brazil", "height": 183, "weight": 75, "photo": "https://media.api-sports.io/football/players/257.png"}, {"name": "Juan Bernat", "age": 26, "nationality": "Spain", "height": 177, "weight": 67, "photo": "https://media.api-sports.io/football/players/258.png"}, {"name": "Presnel Kimpembe", "age": 24, "nationality": "France", "height": 183, "weight": 77, "photo": "https://media.api-sports.io/football/players/262.png"}, {"name": "Marco Verratti", "age": 27, "nationality": "Italy", "height": 165, "weight": 60, "photo": "https://media.api-sports.io/football/players/273.png"}, {"name": "Kylian Mbappe-Lottin", "age": 21, "nationality": "France", "height": 178, "weight": 73, "photo": "https://media.api-sports.io/football/players/278.png"}, {"name": "Kasper Dolberg", "age": 22, "nationality": "Denmark", "height": 187, "weight": 82, "photo": "https://media.api-sports.io/football/players/550.png"}, {"name": "Keylor Navas", "age": 33, "nationality": "Costa Rica", "height": 185, "weight": 79, "photo": "https://media.api-sports.io/football/players/731.png"}, {"name": "Alexis Claude Maurice", "age": 21, "nationality": "France", "height": 174, "weight": 62, "photo": "https://media.api-sports.io/football/players/20634.png"}, {"name": "Andy Delort", "age": 28, "nationality": "Algeria", "height": 182, "weight": 82, "photo": "https://media.api-sports.io/football/players/21591.png"}, {"name": "Neymar", "age": 27, "nationality": "Brazil", "height": 175, "weight": 68, "photo": "https://media.api-sports.io/football/players/276.png"}, {"name": "Adrien Hunou", "age": 25, "nationality": "France", "height": 176, "weight": 66, "photo": "https://media.api-sports.io/football/players/2210.png"}, {"name": "Bakaye Dibassy", "age": 30, "nationality": "Mali", "height": 183, "weight": 74, "photo": "https://media.api-sports.io/football/players/3332.png"}, {"name": "Steven Moreira", "age": 25, "nationality": "France", "height": 178, "weight": 72, "photo": "https://media.api-sports.io/football/players/22139.png"}, {"name": "Luiz Araujo", "age": 23, "nationality": "Brazil", "height": 175, "weight": 70, "photo": "https://media.api-sports.io/football/players/22238.png"}, {"name": "Samuel Grandsir", "age": 23, "nationality": "France", "height": 170, "weight": 65, "photo": "https://media.api-sports.io/football/players/22266.png"}, {"name": "Hamza Mendyl", "age": 22, "nationality": "Morocco", "height": 179, "weight": 73, "photo": "https://media.api-sports.io/football/players/402.png"}, {"name": "Hiroki Sakai", "age": 29, "nationality": "Japan", "height": 183, "weight": 70, "photo": "https://media.api-sports.io/football/players/1907.png"}, {"name": "Stoppila Sunzu", "age": 30, "nationality": "Zambia", "height": 190, "weight": 91, "photo": "https://media.api-sports.io/football/players/20524.png"}, {"name": "Cristian Battocchio", "age": 27, "nationality": "Italy", "height": 169, "weight": 64, "photo": "https://media.api-sports.io/football/players/20553.png"}, {"name": "Mounir Chouiar", "age": 20, "nationality": "France", "height": 177, "weight": 75, "photo": "https://media.api-sports.io/football/players/20675.png"}, {"name": "Juan Ferney Otero", "age": 24, "nationality": "Colombia", "height": 179, "weight": 70, "photo": "https://media.api-sports.io/football/players/21395.png"}, {"name": "Lionel Carole", "age": 28, "nationality": "France", "height": 182, "weight": 79, "photo": "https://media.api-sports.io/football/players/22245.png"}, {"name": "Fousseni Diabate", "age": 24, "nationality": "Mali", "height": 175, "weight": 60, "photo": "https://media.api-sports.io/football/players/50101.png"}, {"name": "Stéphane Bahoken", "age": 27, "nationality": "Cameroon", "height": 185, "weight": 78, "photo": "https://media.api-sports.io/football/players/3407.png"}, {"name": "John Boye", "age": 32, "nationality": "Ghana", "height": 184, "weight": 73, "photo": "https://media.api-sports.io/football/players/3416.png"}, {"name": "Jean-Charles Castelletto", "age": 24, "nationality": "Cameroon", "height": 185, "weight": 76, "photo": "https://media.api-sports.io/football/players/20545.png"}, {"name": "Sofiane Alakouch", "age": 21, "nationality": "Morocco", "height": 175, "weight": 66, "photo": "https://media.api-sports.io/football/players/21436.png"}, {"name": "Ambroise Oyongo", "age": 28, "nationality": "Cameroon", "height": 170, "weight": 68, "photo": "https://media.api-sports.io/football/players/21572.png"}, {"name": "Romain Amalfitano", "age": 30, "nationality": "France", "height": 175, "weight": 72, "photo": "https://media.api-sports.io/football/players/21705.png"}, {"name": "Ignatius Ganago", "age": 20, "nationality": "Cameroon", "height": 176, "weight": 78, "photo": "https://media.api-sports.io/football/players/22177.png"}, {"name": "Haitam Aleesami", "age": 28, "nationality": "Norway", "height": 181, "weight": 73, "photo": "https://media.api-sports.io/football/players/31541.png"}, {"name": "Eduardo Camavinga", "age": 17, "nationality": "France", "height": 182, "weight": 68, "photo": "https://media.api-sports.io/football/players/2207.png"}, {"name": "Moses Simon", "age": 24, "nationality": "Nigeria", "height": 168, "weight": 66, "photo": "https://media.api-sports.io/football/players/2781.png"}, {"name": "Max Gradel", "age": 32, "nationality": "Côte d'Ivoire", "height": 175, "weight": 70, "photo": "https://media.api-sports.io/football/players/3244.png"}, {"name": "Digbo Maiga", "age": 23, "nationality": "Côte d'Ivoire", "height": 181, "weight": 80, "photo": "https://media.api-sports.io/football/players/20531.png"}, {"name": "Alexander Djiku", "age": 25, "nationality": "Ghana", "height": 182, "weight": 74, "photo": "https://media.api-sports.io/football/players/21633.png"}, {"name": "Ghislain Konan", "age": 24, "nationality": "Côte d'Ivoire", "height": 176, "weight": 71, "photo": "https://media.api-sports.io/football/players/22002.png"}, {"name": "Wahbi Khazri", "age": 28, "nationality": "Tunisia", "height": 182, "weight": 76, "photo": "https://media.api-sports.io/football/players/22102.png"}, {"name": "Ibrahim Sangare", "age": 22, "nationality": "Côte d'Ivoire", "height": 191, "weight": 77, "photo": "https://media.api-sports.io/football/players/22149.png"}, {"name": "Mama Baldé", "age": 24, "nationality": "Guinea-Bissau", "height": 181, "weight": 75, "photo": "https://media.api-sports.io/football/players/41323.png"}, {"name": "Thiago Silva", "age": 35, "nationality": "Brazil", "height": 183, "weight": 79, "photo": "https://media.api-sports.io/football/players/259.png"}, {"name": "Maxwel Cornet", "age": 23, "nationality": "Côte d'Ivoire", "height": 179, "weight": 69, "photo": "https://media.api-sports.io/football/players/665.png"}, {"name": "Darío Benedetto", "age": 29, "nationality": "Argentina", "height": 177, "weight": 75, "photo": "https://media.api-sports.io/football/players/2478.png"}, {"name": "Florian Miguel", "age": 23, "nationality": "France", "height": 179, "weight": 70, "photo": "https://media.api-sports.io/football/players/21433.png"}, {"name": "Benjamin Lecomte", "age": 28, "nationality": "France", "height": 186, "weight": 78, "photo": "https://media.api-sports.io/football/players/21566.png"}, {"name": "Damien Le Tallec", "age": 29, "nationality": "France", "height": 187, "weight": 77, "photo": "https://media.api-sports.io/football/players/21581.png"}, {"name": "Jacques-Alaixys Romao", "age": 35, "nationality": "Togo", "height": 180, "weight": 77, "photo": "https://media.api-sports.io/football/players/22012.png"}, {"name": "Yann M'Vila", "age": 29, "nationality": "France", "height": 182, "weight": 80, "photo": "https://media.api-sports.io/football/players/22096.png"}, {"name": "Malang Sarr", "age": 20, "nationality": "France", "height": 180, "weight": 70, "photo": "https://media.api-sports.io/football/players/22166.png"}, {"name": "Boubakary Soumare", "age": 20, "nationality": "France", "height": 188, "weight": 70, "photo": "https://media.api-sports.io/football/players/22233.png"}, {"name": "Kenny Lala", "age": 28, "nationality": "France", "height": 178, "weight": 78, "photo": "https://media.api-sports.io/football/players/22247.png"}, {"name": "Efthymios Koulouris", "age": 23, "nationality": "Greece", "height": 186, "weight": 82, "photo": "https://media.api-sports.io/football/players/26665.png"}, {"name": "Gerónimo Rulli", "age": 27, "nationality": "Argentina", "height": 189, "weight": 84, "photo": "https://media.api-sports.io/football/players/47296.png"}, {"name": "Kenny Tete", "age": 24, "nationality": "Netherlands", "height": 180, "weight": 71, "photo": "https://media.api-sports.io/football/players/657.png"}, {"name": "Raphinha", "age": 23, "nationality": "Brazil", "height": 176, "weight": 58, "photo": "https://media.api-sports.io/football/players/1496.png"}, {"name": "Tiemoué Bakayoko", "age": 25, "nationality": "France", "height": 185, "weight": 77, "photo": "https://media.api-sports.io/football/players/1635.png"}, {"name": "Victor Osimhen", "age": 21, "nationality": "Nigeria", "height": 185, "weight": 78, "photo": "https://media.api-sports.io/football/players/2780.png"}, {"name": "Ibrahima Diallo", "age": 20, "nationality": "France", "height": 179, "weight": 68, "photo": "https://media.api-sports.io/football/players/20557.png"}, {"name": "Romain Perraud", "age": 22, "nationality": "France", "height": 173, "weight": 68, "photo": "https://media.api-sports.io/football/players/20600.png"}, {"name": "Imran Louza", "age": 20, "nationality": "Morocco", "height": 178, "weight": 65, "photo": "https://media.api-sports.io/football/players/21100.png"}, {"name": "Abdoulaye Touré", "age": 25, "nationality": "France", "height": 187, "weight": 77, "photo": "https://media.api-sports.io/football/players/21103.png"}, {"name": "Rayan Ait Nouri", "age": 18, "nationality": "France", "height": 179, "weight": 70, "photo": "https://media.api-sports.io/football/players/21138.png"}, {"name": "Hassane Kamara", "age": 25, "nationality": "Côte d'Ivoire", "height": 168, "weight": 67, "photo": "https://media.api-sports.io/football/players/22007.png"}, {"name": "Pierre Lees-Melou", "age": 26, "nationality": "France", "height": 185, "weight": 67, "photo": "https://media.api-sports.io/football/players/22170.png"}, {"name": "Mike Maignan", "age": 24, "nationality": "France", "height": 191, "weight": 89, "photo": "https://media.api-sports.io/football/players/22221.png"}, {"name": "Kamil Glik", "age": 31, "nationality": "Poland", "height": 190, "weight": 80, "photo": "https://media.api-sports.io/football/players/97.png"}, {"name": "Toma Basic", "age": 23, "nationality": "Croatia", "height": 189, "weight": 80, "photo": "https://media.api-sports.io/football/players/1266.png"}, {"name": "Maxime Lopez", "age": 22, "nationality": "France", "height": 167, "weight": 58, "photo": "https://media.api-sports.io/football/players/1910.png"}, {"name": "Morgan Sanson", "age": 25, "nationality": "France", "height": 180, "weight": 73, "photo": "https://media.api-sports.io/football/players/1914.png"}, {"name": "Kevin Strootman", "age": 29, "nationality": "Netherlands", "height": 186, "weight": 78, "photo": "https://media.api-sports.io/football/players/1916.png"}, {"name": "Alexandre Oukidja", "age": 31, "nationality": "Algeria", "height": 184, "weight": 79, "photo": "https://media.api-sports.io/football/players/20519.png"}, {"name": "Alexis Blin", "age": 23, "nationality": "France", "height": 184, "weight": 78, "photo": "https://media.api-sports.io/football/players/21384.png"}, {"name": "Kelvin Adou", "age": 21, "nationality": "France", "height": 180, "weight": 78, "photo": "https://media.api-sports.io/football/players/22134.png"}, {"name": "Jean-Victor Makengo", "age": 21, "nationality": "France", "height": 177, "weight": 75, "photo": "https://media.api-sports.io/football/players/22171.png"}, {"name": "Arturo Calabresi", "age": 23, "nationality": "Italy", "height": 186, "weight": 75, "photo": "https://media.api-sports.io/football/players/30469.png"}, {"name": "Abdou Diallo", "age": 23, "nationality": "Senegal", "height": 187, "weight": 79, "photo": "https://media.api-sports.io/football/players/7.png"}, {"name": "Fode Toure", "age": 22, "nationality": "Senegal", "height": 182, "weight": 70, "photo": "https://media.api-sports.io/football/players/105.png"}, {"name": "Adam Ounas", "age": 23, "nationality": "Algeria", "height": 172, "weight": 65, "photo": "https://media.api-sports.io/football/players/327.png"}, {"name": "Islam Slimani", "age": 31, "nationality": "Algeria", "height": 188, "weight": 83, "photo": "https://media.api-sports.io/football/players/1374.png"}, {"name": "Bouna Sarr", "age": 27, "nationality": "Senegal", "height": 177, "weight": 69, "photo": "https://media.api-sports.io/football/players/1915.png"}, {"name": "Predrag Rajkovic", "age": 24, "nationality": "Serbia", "height": 191, "weight": 85, "photo": "https://media.api-sports.io/football/players/2814.png"}, {"name": "Stefan Mitrovic", "age": 29, "nationality": "Serbia", "height": 189, "weight": 84, "photo": "https://media.api-sports.io/football/players/2819.png"}, {"name": "Alfred Gomis", "age": 26, "nationality": "Senegal", "height": 196, "weight": 83, "photo": "https://media.api-sports.io/football/players/2985.png"}, {"name": "Edouard Mendy", "age": 27, "nationality": "Senegal", "height": 197, "weight": 86, "photo": "https://media.api-sports.io/football/players/2986.png"}, {"name": "Idrissa Gueye", "age": 30, "nationality": "Senegal", "height": 174, "weight": 66, "photo": "https://media.api-sports.io/football/players/2990.png"}, {"name": "Farid Boulaya", "age": 26, "nationality": "Algeria", "height": 179, "weight": 70, "photo": "https://media.api-sports.io/football/players/20526.png"}, {"name": "Habib Diallo", "age": 24, "nationality": "Senegal", "height": 186, "weight": 79, "photo": "https://media.api-sports.io/football/players/20535.png"}, {"name": "Haris Belkebla", "age": 25, "nationality": "Algeria", "height": 177, "weight": 68, "photo": "https://media.api-sports.io/football/players/20554.png"}, {"name": "Mihailo Ristic", "age": 24, "nationality": "Serbia", "height": 183, "weight": 73, "photo": "https://media.api-sports.io/football/players/21584.png"}, {"name": "Boulaye Dia", "age": 23, "nationality": "Senegal", "height": 180, "weight": 75, "photo": "https://media.api-sports.io/football/players/22015.png"}, {"name": "Aaron Leya Iseka", "age": 22, "nationality": "Belgium", "height": 182, "weight": 85, "photo": "https://media.api-sports.io/football/players/22153.png"}, {"name": "Ángel Di María", "age": 31, "nationality": "Argentina", "height": 180, "weight": 75, "photo": "https://media.api-sports.io/football/players/266.png"}, {"name": "Leandro Paredes", "age": 25, "nationality": "Argentina", "height": 180, "weight": 75, "photo": "https://media.api-sports.io/football/players/271.png"}, {"name": "Bertrand Traoré", "age": 24, "nationality": "Burkina Faso", "height": 181, "weight": 73, "photo": "https://media.api-sports.io/football/players/671.png"}, {"name": "Nemanja Radonjic", "age": 23, "nationality": "Serbia", "height": 185, "weight": 77, "photo": "https://media.api-sports.io/football/players/1920.png"}, {"name": "Pablo Sarabia", "age": 27, "nationality": "Spain", "height": 174, "weight": 70, "photo": "https://media.api-sports.io/football/players/2056.png"}, {"name": "Bruno Ecuele Manga", "age": 31, "nationality": "Gabon", "height": 188, "weight": 86, "photo": "https://media.api-sports.io/football/players/18991.png"}, {"name": "Samuel Moutoussamy", "age": 23, "nationality": "Congo DR", "height": 176, "weight": 72, "photo": "https://media.api-sports.io/football/players/21101.png"}, {"name": "Denis Bouanga", "age": 25, "nationality": "Gabon", "height": 175, "weight": 70, "photo": "https://media.api-sports.io/football/players/21437.png"}, {"name": "Issiaga Sylla", "age": 25, "nationality": "Guinea", "height": 180, "weight": 72, "photo": "https://media.api-sports.io/football/players/22141.png"}, {"name": "Chadrac Akolo", "age": 24, "nationality": "Congo DR", "height": 172, "weight": 72, "photo": "https://media.api-sports.io/football/players/26304.png"}, {"name": "Gaël Kakuta", "age": 28, "nationality": "Congo DR", "height": 173, "weight": 64, "photo": "https://media.api-sports.io/football/players/47545.png"}, {"name": "Hamari Traore", "age": 27, "nationality": "Mali", "height": 175, "weight": 73, "photo": "https://media.api-sports.io/football/players/2202.png"}, {"name": "Moussa Doumbia", "age": 25, "nationality": "Mali", "height": 173, "weight": 68, "photo": "https://media.api-sports.io/football/players/3340.png"}, {"name": "Mamadou Fofana", "age": 21, "nationality": "Mali", "height": 187, "weight": 75, "photo": "https://media.api-sports.io/football/players/3341.png"}, {"name": "Adama Traoré", "age": 24, "nationality": "Mali", "height": 178, "weight": 72, "photo": "https://media.api-sports.io/football/players/3343.png"}, {"name": "Kalifa Coulibaly", "age": 28, "nationality": "Mali", "height": 197, "weight": 84, "photo": "https://media.api-sports.io/football/players/3344.png"}, {"name": "Charles Traore", "age": 27, "nationality": "Mali", "height": 180, "weight": 74, "photo": "https://media.api-sports.io/football/players/21091.png"}]