[{"name": "Adrián", "age": 31, "nationality": "Spain", "height": 183, "weight": 73, "photo": "https://media.api-sports.io/football/players/392.png"}, {"name": "Ezequiel Garay", "age": 33, "nationality": "Argentina", "height": 189, "weight": 90, "photo": "https://media.api-sports.io/football/players/917.png"}, {"name": "Ibai Gómez", "age": 30, "nationality": "Spain", "height": 177, "weight": 72, "photo": "https://media.api-sports.io/football/players/47283.png"}, {"name": "Santiago Cazorla", "age": 35, "nationality": "Spain", "height": 168, "weight": 65, "photo": "https://media.api-sports.io/football/players/1695.png"}, {"name": "José Antonio Martínez", "age": 26, "nationality": "Spain", "height": 189, "weight": 84, "photo": "https://media.api-sports.io/football/players/46680.png"}, {"name": "Ramón Azeez", "age": 27, "nationality": "Nigeria", "height": 169, "weight": 67, "photo": "https://media.api-sports.io/football/players/46685.png"}, {"name": "Sebastián Cristóforo", "age": 26, "nationality": "Uruguay", "height": 175, "weight": 68, "photo": "https://media.api-sports.io/football/players/47260.png"}, {"name": "Víctor Sánchez", "age": 32, "nationality": "Spain", "height": 174, "weight": 72, "photo": "https://media.api-sports.io/football/players/47342.png"}, {"name": "Rodrigo Ely", "age": 26, "nationality": "Brazil", "height": 188, "weight": 83, "photo": "https://media.api-sports.io/football/players/47356.png"}, {"name": "Dimitrios Siovas", "age": 31, "nationality": "Greece", "height": 192, "weight": 83, "photo": "https://media.api-sports.io/football/players/47409.png"}, {"name": "Lumor Agbenyenu", "age": 23, "nationality": "Ghana", "height": 175, "weight": 70, "photo": "https://media.api-sports.io/football/players/3415.png"}, {"name": "Joan Sastre", "age": 22, "nationality": "Spain", "height": 174, "weight": 75, "photo": "https://media.api-sports.io/football/players/46737.png"}, {"name": "David López", "age": 33, "nationality": "Spain", "height": 180, "weight": 76, "photo": "https://media.api-sports.io/football/players/47333.png"}, {"name": "Rubén Pérez", "age": 30, "nationality": "Spain", "height": 178, "weight": 73, "photo": "https://media.api-sports.io/football/players/47415.png"}, {"name": "Kevin Gameiro", "age": 32, "nationality": "France", "height": 172, "weight": 70, "photo": "https://media.api-sports.io/football/players/933.png"}, {"name": "Franco Vázquez", "age": 30, "nationality": "Argentina", "height": 187, "weight": 82, "photo": "https://media.api-sports.io/football/players/2057.png"}, {"name": "Matías Vargas", "age": 22, "nationality": "Argentina", "height": 168, "weight": 66, "photo": "https://media.api-sports.io/football/players/6066.png"}, {"name": "Diego López", "age": 38, "nationality": "Spain", "height": 196, "weight": 89, "photo": "https://media.api-sports.io/football/players/47327.png"}, {"name": "Sergi Enrich", "age": 29, "nationality": "Spain", "height": 181, "weight": 77, "photo": "https://media.api-sports.io/football/players/47395.png"}, {"name": "Loren Morón", "age": 26, "nationality": "Spain", "height": 188, "weight": 66, "photo": "https://media.api-sports.io/football/players/1584.png"}, {"name": "Aleix Vidal", "age": 30, "nationality": "Spain", "height": 177, "weight": 70, "photo": "https://media.api-sports.io/football/players/2047.png"}, {"name": "Yangel Herrera", "age": 21, "nationality": "Venezuela", "height": 184, "weight": 78, "photo": "https://media.api-sports.io/football/players/2449.png"}, {"name": "Fran Mérida", "age": 29, "nationality": "Spain", "height": 177, "weight": 74, "photo": "https://media.api-sports.io/football/players/46661.png"}, {"name": "Leandro Cabrera", "age": 28, "nationality": "Uruguay", "height": 190, "weight": 80, "photo": "https://media.api-sports.io/football/players/47249.png"}, {"name": "David López", "age": 30, "nationality": "Spain", "height": 183, "weight": 81, "photo": "https://media.api-sports.io/football/players/47334.png"}, {"name": "Dídac Vilá", "age": 30, "nationality": "Spain", "height": 185, "weight": 74, "photo": "https://media.api-sports.io/football/players/47335.png"}, {"name": "Sergi Darder", "age": 26, "nationality": "Spain", "height": 180, "weight": 71, "photo": "https://media.api-sports.io/football/players/47336.png"}, {"name": "Óscar Melendo", "age": 22, "nationality": "Spain", "height": 167, "weight": 63, "photo": "https://media.api-sports.io/football/players/47339.png"}, {"name": "Pablo De Blasis", "age": 31, "nationality": "Argentina", "height": 165, "weight": 65, "photo": "https://media.api-sports.io/football/players/47386.png"}, {"name": "Fernando Calero", "age": 24, "nationality": "Spain", "height": 183, "weight": 71, "photo": "https://media.api-sports.io/football/players/47478.png"}, {"name": "Adrián Embarba", "age": 27, "nationality": "Spain", "height": 173, "weight": 66, "photo": "https://media.api-sports.io/football/players/47554.png"}, {"name": "Mouctar Diakhaby", "age": 23, "nationality": "France", "height": 189, "weight": 78, "photo": "https://media.api-sports.io/football/players/916.png"}, {"name": "Denis Cheryshev", "age": 29, "nationality": "Russia", "height": 179, "weight": 74, "photo": "https://media.api-sports.io/football/players/923.png"}, {"name": "Maxi Gómez", "age": 23, "nationality": "Uruguay", "height": 186, "weight": 91, "photo": "https://media.api-sports.io/football/players/2615.png"}, {"name": "Tejero", "age": 23, "nationality": "Spain", "height": 174, "weight": 69, "photo": "https://media.api-sports.io/football/players/46709.png"}, {"name": "Esteban Burgos", "age": 27, "nationality": "Argentina", "height": 190, "weight": 80, "photo": "https://media.api-sports.io/football/players/46940.png"}, {"name": "Dimitri Foulquier", "age": 26, "nationality": "Guadeloupe", "height": 183, "weight": 72, "photo": "https://media.api-sports.io/football/players/47251.png"}, {"name": "Anaitz Arbilla", "age": 32, "nationality": "Spain", "height": 178, "weight": 76, "photo": "https://media.api-sports.io/football/players/47377.png"}, {"name": "Toño", "age": 30, "nationality": "Spain", "height": 179, "weight": 69, "photo": "https://media.api-sports.io/football/players/47453.png"}, {"name": "Jaume Costa", "age": 31, "nationality": "Spain", "height": 171, "weight": 62, "photo": "https://media.api-sports.io/football/players/1687.png"}, {"name": "Xavier Quintillá", "age": 23, "nationality": "Spain", "height": 183, "weight": 70, "photo": "https://media.api-sports.io/football/players/1692.png"}, {"name": "Manolo Reina", "age": 34, "nationality": "Spain", "height": 186, "weight": 81, "photo": "https://media.api-sports.io/football/players/46729.png"}, {"name": "Raíllo", "age": 28, "nationality": "Spain", "height": 187, "weight": 80, "photo": "https://media.api-sports.io/football/players/46733.png"}, {"name": "Dani Rodríguez", "age": 31, "nationality": "Spain", "height": 178, "weight": 71, "photo": "https://media.api-sports.io/football/players/46742.png"}, {"name": "Salva Sevilla", "age": 35, "nationality": "Spain", "height": 178, "weight": 71, "photo": "https://media.api-sports.io/football/players/46743.png"}, {"name": "Abdón Prats", "age": 27, "nationality": "Spain", "height": 181, "weight": 81, "photo": "https://media.api-sports.io/football/players/46751.png"}, {"name": "Edu Expósito", "age": 23, "nationality": "Spain", "height": 178, "weight": 68, "photo": "https://media.api-sports.io/football/players/46799.png"}, {"name": "Quique González", "age": 29, "nationality": "Spain", "height": 177, "weight": 78, "photo": "https://media.api-sports.io/football/players/46809.png"}, {"name": "Sergio Álvarez", "age": 27, "nationality": "Spain", "height": 183, "weight": 74, "photo": "https://media.api-sports.io/football/players/47385.png"}, {"name": "Unai Bustinza", "age": 27, "nationality": "Spain", "height": 175, "weight": 74, "photo": "https://media.api-sports.io/football/players/47403.png"}, {"name": "Nacho Monreal", "age": 33, "nationality": "Spain", "height": 179, "weight": 72, "photo": "https://media.api-sports.io/football/players/1447.png"}, {"name": "Adnan Januzaj", "age": 24, "nationality": "Belgium", "height": 186, "weight": 76, "photo": "https://media.api-sports.io/football/players/2924.png"}, {"name": "Fede Vico", "age": 25, "nationality": "Spain", "height": 176, "weight": 70, "photo": "https://media.api-sports.io/football/players/46693.png"}, {"name": "Aritz Elustondo", "age": 25, "nationality": "Spain", "height": 180, "weight": 71, "photo": "https://media.api-sports.io/football/players/47298.png"}, {"name": "Robin Le Normand", "age": 23, "nationality": "France", "height": 187, "weight": 80, "photo": "https://media.api-sports.io/football/players/47301.png"}, {"name": "Aihen Muñoz", "age": 22, "nationality": "Spain", "height": 175, "weight": 72, "photo": "https://media.api-sports.io/football/players/47303.png"}, {"name": "Zaldúa", "age": 27, "nationality": "Spain", "height": 176, "weight": 70, "photo": "https://media.api-sports.io/football/players/47307.png"}, {"name": "Igor Zubeldia", "age": 22, "nationality": "Spain", "height": 180, "weight": 79, "photo": "https://media.api-sports.io/football/players/47314.png"}, {"name": "Eraso", "age": 29, "nationality": "Spain", "height": 180, "weight": 71, "photo": "https://media.api-sports.io/football/players/47412.png"}, {"name": "Recio", "age": 28, "nationality": "Spain", "height": 183, "weight": 74, "photo": "https://media.api-sports.io/football/players/47413.png"}, {"name": "Jeison Murillo", "age": 27, "nationality": "Colombia", "height": 182, "weight": 78, "photo": "https://media.api-sports.io/football/players/135.png"}, {"name": "Rafinha", "age": 26, "nationality": "Brazil", "height": 174, "weight": 71, "photo": "https://media.api-sports.io/football/players/142.png"}, {"name": "Santi Mina", "age": 24, "nationality": "Spain", "height": 181, "weight": 77, "photo": "https://media.api-sports.io/football/players/934.png"}, {"name": "Denis Suárez", "age": 25, "nationality": "Spain", "height": 176, "weight": 69, "photo": "https://media.api-sports.io/football/players/1461.png"}, {"name": "Joseph Aidoo", "age": 24, "nationality": "Ghana", "height": 180, "weight": 80, "photo": "https://media.api-sports.io/football/players/1926.png"}, {"name": "Carlos Fernández", "age": 23, "nationality": "Spain", "height": 185, "weight": 72, "photo": "https://media.api-sports.io/football/players/46808.png"}, {"name": "Ander Barrenetxea", "age": 18, "nationality": "Spain", "height": 178, "weight": 75, "photo": "https://media.api-sports.io/football/players/47317.png"}, {"name": "Rubén Blanco", "age": 24, "nationality": "Spain", "height": 188, "weight": 70, "photo": "https://media.api-sports.io/football/players/47426.png"}, {"name": "Hugo Mallo", "age": 28, "nationality": "Spain", "height": 173, "weight": 69, "photo": "https://media.api-sports.io/football/players/47432.png"}, {"name": "Fran Beltrán", "age": 20, "nationality": "Spain", "height": 170, "weight": 66, "photo": "https://media.api-sports.io/football/players/47435.png"}, {"name": "Okay Yokuslu", "age": 25, "nationality": "Turkey", "height": 190, "weight": 79, "photo": "https://media.api-sports.io/football/players/47443.png"}, {"name": "Iago Aspas", "age": 32, "nationality": "Spain", "height": 176, "weight": 67, "photo": "https://media.api-sports.io/football/players/47445.png"}, {"name": "Portu", "age": 27, "nationality": "Spain", "height": 167, "weight": 66, "photo": "https://media.api-sports.io/football/players/47520.png"}, {"name": "Joel Robles", "age": 29, "nationality": "Spain", "height": 195, "weight": 78, "photo": "https://media.api-sports.io/football/players/1558.png"}, {"name": "Sergio León", "age": 30, "nationality": "Spain", "height": 178, "weight": 73, "photo": "https://media.api-sports.io/football/players/1583.png"}, {"name": "Roque Mesa", "age": 30, "nationality": "Spain", "height": 172, "weight": 74, "photo": "https://media.api-sports.io/football/players/2053.png"}, {"name": "Lucas Olaza", "age": 25, "nationality": "Uruguay", "height": 173, "weight": 68, "photo": "https://media.api-sports.io/football/players/47433.png"}, {"name": "Jordi Masip", "age": 30, "nationality": "Spain", "height": 180, "weight": 76, "photo": "https://media.api-sports.io/football/players/47474.png"}, {"name": "Kiko Olivas", "age": 31, "nationality": "Spain", "height": 184, "weight": 76, "photo": "https://media.api-sports.io/football/players/47483.png"}, {"name": "Rubén Alcaraz", "age": 28, "nationality": "Spain", "height": 183, "weight": 81, "photo": "https://media.api-sports.io/football/players/47485.png"}, {"name": "Joaquín Fernández", "age": 23, "nationality": "Spain", "height": 190, "weight": 72, "photo": "https://media.api-sports.io/football/players/47487.png"}, {"name": "Pablo Hervías", "age": 26, "nationality": "Spain", "height": 174, "weight": 67, "photo": "https://media.api-sports.io/football/players/47490.png"}, {"name": "Óscar Plano", "age": 28, "nationality": "Spain", "height": 180, "weight": 72, "photo": "https://media.api-sports.io/football/players/47496.png"}, {"name": "Nabil Fekir", "age": 26, "nationality": "France", "height": 173, "weight": 72, "photo": "https://media.api-sports.io/football/players/668.png"}, {"name": "Marc Bartra", "age": 28, "nationality": "Spain", "height": 184, "weight": 70, "photo": "https://media.api-sports.io/football/players/1561.png"}, {"name": "Sergio Canales", "age": 28, "nationality": "Spain", "height": 176, "weight": 65, "photo": "https://media.api-sports.io/football/players/1570.png"}, {"name": "Joaquín", "age": 38, "nationality": "Spain", "height": 179, "weight": 75, "photo": "https://media.api-sports.io/football/players/1579.png"}, {"name": "Cristian Tello", "age": 28, "nationality": "Spain", "height": 178, "weight": 65, "photo": "https://media.api-sports.io/football/players/1586.png"}, {"name": "Víctor Camarasa", "age": 25, "nationality": "Spain", "height": 183, "weight": 76, "photo": "https://media.api-sports.io/football/players/18998.png"}, {"name": "Aitor Ruibal", "age": 23, "nationality": "Spain", "height": 176, "weight": 74, "photo": "https://media.api-sports.io/football/players/47119.png"}, {"name": "Unai López", "age": 24, "nationality": "Spain", "height": 170, "weight": 68, "photo": "https://media.api-sports.io/football/players/47285.png"}, {"name": "Kévin Rodrigues", "age": 25, "nationality": "Portugal", "height": 170, "weight": 70, "photo": "https://media.api-sports.io/football/players/47304.png"}, {"name": "Borja Iglesias", "age": 26, "nationality": "Spain", "height": 187, "weight": 86, "photo": "https://media.api-sports.io/football/players/47348.png"}, {"name": "Sergi Guardiola", "age": 28, "nationality": "Spain", "height": 184, "weight": 78, "photo": "https://media.api-sports.io/football/players/47495.png"}, {"name": "Álex Moreno", "age": 26, "nationality": "Spain", "height": 179, "weight": 68, "photo": "https://media.api-sports.io/football/players/47547.png"}, {"name": "Sergio Herrera", "age": 26, "nationality": "Spain", "height": 192, "weight": 82, "photo": "https://media.api-sports.io/football/players/46646.png"}, {"name": "David García", "age": 25, "nationality": "Spain", "height": 185, "weight": 72, "photo": "https://media.api-sports.io/football/players/46653.png"}, {"name": "Aridane Hernández", "age": 30, "nationality": "Spain", "height": 186, "weight": 77, "photo": "https://media.api-sports.io/football/players/46654.png"}, {"name": "Nacho Vidal", "age": 24, "nationality": "Spain", "height": 180, "weight": 75, "photo": "https://media.api-sports.io/football/players/46657.png"}, {"name": "Roberto Torres", "age": 30, "nationality": "Spain", "height": 178, "weight": 72, "photo": "https://media.api-sports.io/football/players/46666.png"}, {"name": "Darko Brasanac", "age": 27, "nationality": "Serbia", "height": 178, "weight": 73, "photo": "https://media.api-sports.io/football/players/47361.png"}, {"name": "Rubén García", "age": 26, "nationality": "Spain", "height": 171, "weight": 72, "photo": "https://media.api-sports.io/football/players/46658.png"}, {"name": "Iñigo Pérez", "age": 31, "nationality": "Spain", "height": 178, "weight": 74, "photo": "https://media.api-sports.io/football/players/46665.png"}, {"name": "Fran Gámez", "age": 28, "nationality": "Spain", "height": 174, "weight": 71, "photo": "https://media.api-sports.io/football/players/46732.png"}, {"name": "Ante Budimir", "age": 28, "nationality": "Croatia", "height": 190, "weight": 75, "photo": "https://media.api-sports.io/football/players/46746.png"}, {"name": "Javi Ontiveros", "age": 22, "nationality": "Spain", "height": 170, "weight": 75, "photo": "https://media.api-sports.io/football/players/46832.png"}, {"name": "Unai Núñez", "age": 22, "nationality": "Spain", "height": 186, "weight": 80, "photo": "https://media.api-sports.io/football/players/47277.png"}, {"name": "Víctor Campuzano", "age": 22, "nationality": "Spain", "height": 174, "weight": 72, "photo": "https://media.api-sports.io/football/players/47344.png"}, {"name": "Kike García", "age": 30, "nationality": "Spain", "height": 186, "weight": 79, "photo": "https://media.api-sports.io/football/players/47396.png"}, {"name": "Iván Cuéllar", "age": 35, "nationality": "Spain", "height": 187, "weight": 76, "photo": "https://media.api-sports.io/football/players/47399.png"}, {"name": "Ezequiel Ávila", "age": 25, "nationality": "Argentina", "height": 172, "weight": 81, "photo": "https://media.api-sports.io/football/players/47579.png"}, {"name": "Borja Sainz", "age": 18, "nationality": "Spain", "height": 178, "weight": 75, "photo": "https://media.api-sports.io/football/players/133453.png"}, {"name": "Alejandro Pozo", "age": 20, "nationality": "Spain", "height": 174, "weight": 70, "photo": "https://media.api-sports.io/football/players/46688.png"}, {"name": "Francisco Portillo", "age": 29, "nationality": "Spain", "height": 169, "weight": 60, "photo": "https://media.api-sports.io/football/players/47262.png"}, {"name": "Yeray Álvarez", "age": 24, "nationality": "Spain", "height": 182, "weight": 78, "photo": "https://media.api-sports.io/football/players/47271.png"}, {"name": "Ander Capa", "age": 27, "nationality": "Spain", "height": 175, "weight": 75, "photo": "https://media.api-sports.io/football/players/47274.png"}, {"name": "Raúl García", "age": 29, "nationality": "Spain", "height": 180, "weight": 81, "photo": "https://media.api-sports.io/football/players/47281.png"}, {"name": "Raúl García", "age": 33, "nationality": "Spain", "height": 184, "weight": 83, "photo": "https://media.api-sports.io/football/players/47282.png"}, {"name": "Iñaki Williams", "age": 25, "nationality": "Spain", "height": 186, "weight": 78, "photo": "https://media.api-sports.io/football/players/47294.png"}, {"name": "Mikel Vesga", "age": 26, "nationality": "Spain", "height": 191, "weight": 83, "photo": "https://media.api-sports.io/football/players/47418.png"}, {"name": "Asier Villalibre", "age": 22, "nationality": "Spain", "height": 184, "weight": 86, "photo": "https://media.api-sports.io/football/players/104853.png"}, {"name": "Oihan Sancet", "age": 19, "nationality": "Spain", "height": 188, "weight": 73, "photo": "https://media.api-sports.io/football/players/128398.png"}, {"name": "Lucas Pérez", "age": 31, "nationality": "Spain", "height": 180, "weight": 82, "photo": "https://media.api-sports.io/football/players/18833.png"}, {"name": "Pedro Bigas", "age": 29, "nationality": "Spain", "height": 181, "weight": 83, "photo": "https://media.api-sports.io/football/players/47378.png"}, {"name": "Guido Carrillo", "age": 28, "nationality": "Argentina", "height": 191, "weight": 87, "photo": "https://media.api-sports.io/football/players/47421.png"}, {"name": "Carlos Bacca", "age": 33, "nationality": "Colombia", "height": 181, "weight": 77, "photo": "https://media.api-sports.io/football/players/1706.png"}, {"name": "Maxime Gonalons", "age": 30, "nationality": "France", "height": 187, "weight": 76, "photo": "https://media.api-sports.io/football/players/2051.png"}, {"name": "Víctor Díaz", "age": 31, "nationality": "Spain", "height": 184, "weight": 71, "photo": "https://media.api-sports.io/football/players/46677.png"}, {"name": "Carlos Neva", "age": 23, "nationality": "Spain", "height": 174, "weight": 64, "photo": "https://media.api-sports.io/football/players/46682.png"}, {"name": "Germán Sánchez", "age": 33, "nationality": "Spain", "height": 187, "weight": 82, "photo": "https://media.api-sports.io/football/players/46683.png"}, {"name": "Domingos Duarte", "age": 24, "nationality": "Portugal", "height": 192, "weight": 80, "photo": "https://media.api-sports.io/football/players/46795.png"}, {"name": "Yan Eteki", "age": 22, "nationality": "Cameroon", "height": 180, "weight": 70, "photo": "https://media.api-sports.io/football/players/46920.png"}, {"name": "Rubén Rochina", "age": 28, "nationality": "Spain", "height": 182, "weight": 76, "photo": "https://media.api-sports.io/football/players/47468.png"}, {"name": "Edgar Méndez", "age": 29, "nationality": "Spain", "height": 187, "weight": 80, "photo": "https://media.api-sports.io/football/players/35575.png"}, {"name": "Luis Rioja", "age": 26, "nationality": "Spain", "height": 175, "weight": 68, "photo": "https://media.api-sports.io/football/players/46933.png"}, {"name": "Jorge Molina", "age": 37, "nationality": "Spain", "height": 188, "weight": 72, "photo": "https://media.api-sports.io/football/players/47265.png"}, {"name": "Fernando Pacheco", "age": 27, "nationality": "Spain", "height": 186, "weight": 81, "photo": "https://media.api-sports.io/football/players/47352.png"}, {"name": "Martín Aguirregabiria", "age": 23, "nationality": "Spain", "height": 178, "weight": 69, "photo": "https://media.api-sports.io/football/players/47354.png"}, {"name": "Rubén Duarte", "age": 24, "nationality": "Spain", "height": 180, "weight": 75, "photo": "https://media.api-sports.io/football/players/47355.png"}, {"name": "Víctor Laguardia", "age": 30, "nationality": "Spain", "height": 185, "weight": 80, "photo": "https://media.api-sports.io/football/players/47357.png"}, {"name": "Ximo Navarro", "age": 29, "nationality": "Spain", "height": 176, "weight": 75, "photo": "https://media.api-sports.io/football/players/47360.png"}, {"name": "Tomás Pina", "age": 32, "nationality": "Spain", "height": 184, "weight": 78, "photo": "https://media.api-sports.io/football/players/47365.png"}, {"name": "Gonzalo Escalante", "age": 26, "nationality": "Argentina", "height": 182, "weight": 76, "photo": "https://media.api-sports.io/football/players/47388.png"}, {"name": "David Timor", "age": 25, "nationality": "Spain", "height": 178, "weight": 65, "photo": "https://media.api-sports.io/football/players/47473.png"}, {"name": "Pere Pons", "age": 26, "nationality": "Spain", "height": 177, "weight": 70, "photo": "https://media.api-sports.io/football/players/47518.png"}, {"name": "Vitolo", "age": 30, "nationality": "Spain", "height": 185, "weight": 80, "photo": "https://media.api-sports.io/football/players/46.png"}, {"name": "Carles Aleñá", "age": 21, "nationality": "Spain", "height": 180, "weight": 73, "photo": "https://media.api-sports.io/football/players/143.png"}, {"name": "Jaime Mata", "age": 31, "nationality": "Spain", "height": 185, "weight": 79, "photo": "https://media.api-sports.io/football/players/2671.png"}, {"name": "David Timor", "age": 30, "nationality": "Spain", "height": 185, "weight": 80, "photo": "https://media.api-sports.io/football/players/47010.png"}, {"name": "David Soria", "age": 26, "nationality": "Spain", "height": 192, "weight": 85, "photo": "https://media.api-sports.io/football/players/47247.png"}, {"name": "Mathías Olivera", "age": 22, "nationality": "Uruguay", "height": 184, "weight": 78, "photo": "https://media.api-sports.io/football/players/47254.png"}, {"name": "Sandro Ramírez", "age": 24, "nationality": "Spain", "height": 175, "weight": 71, "photo": "https://media.api-sports.io/football/players/47324.png"}, {"name": "Jonathan Silva", "age": 25, "nationality": "Argentina", "height": 178, "weight": 72, "photo": "https://media.api-sports.io/football/players/47408.png"}, {"name": "Borja Mayoral", "age": 22, "nationality": "Spain", "height": 182, "weight": 74, "photo": "https://media.api-sports.io/football/players/47472.png"}, {"name": "Enes Ünal", "age": 22, "nationality": "Turkey", "height": 187, "weight": 78, "photo": "https://media.api-sports.io/football/players/47499.png"}, {"name": "Carlos Clerc", "age": 27, "nationality": "Spain", "height": 182, "weight": 72, "photo": "https://media.api-sports.io/football/players/46651.png"}, {"name": "Papakouly Diop", "age": 33, "nationality": "Senegal", "height": 180, "weight": 77, "photo": "https://media.api-sports.io/football/players/47387.png"}, {"name": "Aitor Fernández", "age": 28, "nationality": "Spain", "height": 182, "weight": 78, "photo": "https://media.api-sports.io/football/players/47448.png"}, {"name": "Rúben Vezo", "age": 25, "nationality": "Portugal", "height": 182, "weight": 80, "photo": "https://media.api-sports.io/football/players/47457.png"}, {"name": "Sergio Postigo", "age": 31, "nationality": "Spain", "height": 184, "weight": 78, "photo": "https://media.api-sports.io/football/players/47458.png"}, {"name": "Roberto Soldado", "age": 34, "nationality": "Spain", "height": 180, "weight": 74, "photo": "https://media.api-sports.io/football/players/1375.png"}, {"name": "Álvaro Vadillo", "age": 25, "nationality": "Spain", "height": 180, "weight": 69, "photo": "https://media.api-sports.io/football/players/46692.png"}, {"name": "Aleix Febas", "age": 23, "nationality": "Spain", "height": 171, "weight": 61, "photo": "https://media.api-sports.io/football/players/46711.png"}, {"name": "Nemanja Radoja", "age": 26, "nationality": "Serbia", "height": 186, "weight": 77, "photo": "https://media.api-sports.io/football/players/47441.png"}, {"name": "Morales", "age": 32, "nationality": "Spain", "height": 180, "weight": 70, "photo": "https://media.api-sports.io/football/players/47467.png"}, {"name": "Nikola Vukcevic", "age": 28, "nationality": "Montenegro", "height": 184, "weight": 76, "photo": "https://media.api-sports.io/football/players/47469.png"}, {"name": "Roger", "age": 28, "nationality": "Spain", "height": 179, "weight": 74, "photo": "https://media.api-sports.io/football/players/47471.png"}, {"name": "Jorge Miramón", "age": 30, "nationality": "Spain", "height": 175, "weight": 74, "photo": "https://media.api-sports.io/football/players/47568.png"}, {"name": "Gonzalo Melero", "age": 25, "nationality": "Spain", "height": 183, "weight": 77, "photo": "https://media.api-sports.io/football/players/47576.png"}, {"name": "Víctor Gómez", "age": 19, "nationality": "Spain", "height": 166, "weight": 69, "photo": "https://media.api-sports.io/football/players/153290.png"}, {"name": "Jasper Cillessen", "age": 30, "nationality": "Netherlands", "height": 185, "weight": 83, "photo": "https://media.api-sports.io/football/players/124.png"}, {"name": "José Gayá", "age": 24, "nationality": "Spain", "height": 172, "weight": 66, "photo": "https://media.api-sports.io/football/players/918.png"}, {"name": "Daniel Wass", "age": 30, "nationality": "Denmark", "height": 181, "weight": 74, "photo": "https://media.api-sports.io/football/players/932.png"}, {"name": "Andrés Guardado", "age": 33, "nationality": "Mexico", "height": 169, "weight": 60, "photo": "https://media.api-sports.io/football/players/1573.png"}, {"name": "Darwin Machís", "age": 26, "nationality": "Venezuela", "height": 170, "weight": 68, "photo": "https://media.api-sports.io/football/players/2459.png"}, {"name": "Kenneth Omeruo", "age": 26, "nationality": "Nigeria", "height": 185, "weight": 81, "photo": "https://media.api-sports.io/football/players/2772.png"}, {"name": "Alexander Isak", "age": 20, "nationality": "Sweden", "height": 190, "weight": 70, "photo": "https://media.api-sports.io/football/players/2864.png"}, {"name": "Néstor Araújo", "age": 28, "nationality": "Mexico", "height": 188, "weight": 87, "photo": "https://media.api-sports.io/football/players/2870.png"}, {"name": "Iddrisu Baba", "age": 23, "nationality": "Ghana", "height": 185, "weight": 73, "photo": "https://media.api-sports.io/football/players/46739.png"}, {"name": "Djené Dakonam", "age": 28, "nationality": "Togo", "height": 187, "weight": 72, "photo": "https://media.api-sports.io/football/players/47250.png"}, {"name": "Damián Suárez", "age": 31, "nationality": "Uruguay", "height": 172, "weight": 61, "photo": "https://media.api-sports.io/football/players/47257.png"}, {"name": "Mauro Arambarri", "age": 24, "nationality": "Uruguay", "height": 175, "weight": 74, "photo": "https://media.api-sports.io/football/players/47258.png"}, {"name": "Chidozie Awaziem", "age": 22, "nationality": "Nigeria", "height": 189, "weight": 78, "photo": "https://media.api-sports.io/football/players/50026.png"}, {"name": "Iñigo Martínez", "age": 28, "nationality": "Spain", "height": 182, "weight": 76, "photo": "https://media.api-sports.io/football/players/2670.png"}, {"name": "Nemanja Maksimovic", "age": 24, "nationality": "Serbia", "height": 189, "weight": 78, "photo": "https://media.api-sports.io/football/players/2824.png"}, {"name": "Martin Valjent", "age": 24, "nationality": "Slovakia", "height": 187, "weight": 70, "photo": "https://media.api-sports.io/football/players/46738.png"}, {"name": "Brais Méndez", "age": 22, "nationality": "Spain", "height": 187, "weight": 76, "photo": "https://media.api-sports.io/football/players/47440.png"}, {"name": "Takashi Inui", "age": 31, "nationality": "Japan", "height": 169, "weight": 59, "photo": "https://media.api-sports.io/football/players/2600.png"}, {"name": "Enis Bardhi", "age": 24, "nationality": "North Macedonia", "height": 172, "weight": 67, "photo": "https://media.api-sports.io/football/players/47461.png"}, {"name": "Javi Moyano", "age": 33, "nationality": "Spain", "height": 180, "weight": 71, "photo": "https://media.api-sports.io/football/players/47482.png"}, {"name": "Lee Kang-In", "age": 18, "nationality": "Korea Republic", "height": 173, "weight": 68, "photo": "https://media.api-sports.io/football/players/927.png"}, {"name": "Carlos Soler", "age": 22, "nationality": "Spain", "height": 180, "weight": 76, "photo": "https://media.api-sports.io/football/players/930.png"}, {"name": "Diego Lainez", "age": 19, "nationality": "Mexico", "height": 168, "weight": 58, "photo": "https://media.api-sports.io/football/players/1577.png"}, {"name": "Mubarak Wakaso", "age": 29, "nationality": "Ghana", "height": 171, "weight": 72, "photo": "https://media.api-sports.io/football/players/3426.png"}, {"name": "Takefusa Kubo", "age": 18, "nationality": "Japan", "height": 173, "weight": 67, "photo": "https://media.api-sports.io/football/players/32862.png"}, {"name": "Jon Moncayola", "age": 21, "nationality": "Spain", "height": 189, "weight": 86, "photo": "https://media.api-sports.io/football/players/46662.png"}, {"name": "Unai Simón", "age": 22, "nationality": "Spain", "height": 190, "weight": 88, "photo": "https://media.api-sports.io/football/players/47270.png"}, {"name": "Mikel Merino", "age": 23, "nationality": "Spain", "height": 188, "weight": 83, "photo": "https://media.api-sports.io/football/players/47311.png"}, {"name": "Mikel Oyarzabal", "age": 22, "nationality": "Spain", "height": 181, "weight": 78, "photo": "https://media.api-sports.io/football/players/47323.png"}, {"name": "Jonathan Calleri", "age": 26, "nationality": "Argentina", "height": 181, "weight": 72, "photo": "https://media.api-sports.io/football/players/47368.png"}, {"name": "Fabián Orellana", "age": 33, "nationality": "Chile", "height": 170, "weight": 64, "photo": "https://media.api-sports.io/football/players/47390.png"}, {"name": "Jan Oblak", "age": 26, "nationality": "Slovenia", "height": 188, "weight": 87, "photo": "https://media.api-sports.io/football/players/29.png"}, {"name": "Giménez", "age": 24, "nationality": "Uruguay", "height": 185, "weight": 80, "photo": "https://media.api-sports.io/football/players/31.png"}, {"name": "Stefan Savic", "age": 28, "nationality": "Montenegro", "height": 187, "weight": 81, "photo": "https://media.api-sports.io/football/players/39.png"}, {"name": "Thomas Lemar", "age": 24, "nationality": "France", "height": 171, "weight": 63, "photo": "https://media.api-sports.io/football/players/45.png"}, {"name": "Koke", "age": 27, "nationality": "Spain", "height": 176, "weight": 77, "photo": "https://media.api-sports.io/football/players/50.png"}, {"name": "Antoine Griezmann", "age": 28, "nationality": "France", "height": 176, "weight": 73, "photo": "https://media.api-sports.io/football/players/56.png"}, {"name": "Lionel Messi", "age": 32, "nationality": "Argentina", "height": 170, "weight": 72, "photo": "https://media.api-sports.io/football/players/154.png"}, {"name": "Felipe", "age": 30, "nationality": "Brazil", "height": 190, "weight": 83, "photo": "https://media.api-sports.io/football/players/371.png"}, {"name": "Héctor Herrera", "age": 29, "nationality": "Mexico", "height": 185, "weight": 80, "photo": "https://media.api-sports.io/football/players/382.png"}, {"name": "Sergio Ramos", "age": 33, "nationality": "Spain", "height": 184, "weight": 82, "photo": "https://media.api-sports.io/football/players/738.png"}, {"name": "Marcos Llorente", "age": 24, "nationality": "Spain", "height": 184, "weight": 74, "photo": "https://media.api-sports.io/football/players/753.png"}, {"name": "Geoffrey Kondogbia", "age": 26, "nationality": "Central African Republic", "height": 188, "weight": 80, "photo": "https://media.api-sports.io/football/players/926.png"}, {"name": "Mario Hermoso", "age": 24, "nationality": "Spain", "height": 184, "weight": 75, "photo": "https://media.api-sports.io/football/players/2669.png"}, {"name": "Yannick Carrasco", "age": 26, "nationality": "Belgium", "height": 185, "weight": 73, "photo": "https://media.api-sports.io/football/players/2923.png"}, {"name": "Renan Lodi", "age": 21, "nationality": "Brazil", "height": 173, "weight": 68, "photo": "https://media.api-sports.io/football/players/10122.png"}, {"name": "Ángel Correa", "age": 24, "nationality": "Argentina", "height": 171, "weight": 70, "photo": "https://media.api-sports.io/football/players/53.png"}, {"name": "Luis Suárez", "age": 32, "nationality": "Uruguay", "height": 182, "weight": 86, "photo": "https://media.api-sports.io/football/players/157.png"}, {"name": "Ferland Mendy", "age": 24, "nationality": "France", "height": 180, "weight": 73, "photo": "https://media.api-sports.io/football/players/653.png"}, {"name": "Thibaut Courtois", "age": 27, "nationality": "Belgium", "height": 199, "weight": 91, "photo": "https://media.api-sports.io/football/players/730.png"}, {"name": "Daniel Carvajal", "age": 27, "nationality": "Spain", "height": 173, "weight": 73, "photo": "https://media.api-sports.io/football/players/733.png"}, {"name": "Marcelo", "age": 31, "nationality": "Brazil", "height": 174, "weight": 75, "photo": "https://media.api-sports.io/football/players/743.png"}, {"name": "Isco", "age": 27, "nationality": "Spain", "height": 176, "weight": 79, "photo": "https://media.api-sports.io/football/players/745.png"}, {"name": "Casemiro", "age": 27, "nationality": "Brazil", "height": 185, "weight": 84, "photo": "https://media.api-sports.io/football/players/747.png"}, {"name": "Toni Kroos", "age": 29, "nationality": "Germany", "height": 183, "weight": 76, "photo": "https://media.api-sports.io/football/players/752.png"}, {"name": "Luka Modric", "age": 34, "nationality": "Croatia", "height": 172, "weight": 66, "photo": "https://media.api-sports.io/football/players/754.png"}, {"name": "Federico Valverde", "age": 21, "nationality": "Uruguay", "height": 182, "weight": 78, "photo": "https://media.api-sports.io/football/players/756.png"}, {"name": "Lucas Vázquez", "age": 28, "nationality": "Spain", "height": 173, "weight": 70, "photo": "https://media.api-sports.io/football/players/757.png"}, {"name": "Eden Hazard", "age": 28, "nationality": "Belgium", "height": 175, "weight": 74, "photo": "https://media.api-sports.io/football/players/2296.png"}, {"name": "Marc-André ter Stegen", "age": 27, "nationality": "Germany", "height": 187, "weight": 85, "photo": "https://media.api-sports.io/football/players/127.png"}, {"name": "Jordi Alba", "age": 30, "nationality": "Spain", "height": 170, "weight": 68, "photo": "https://media.api-sports.io/football/players/128.png"}, {"name": "Clement Lenglet", "age": 24, "nationality": "France", "height": 186, "weight": 81, "photo": "https://media.api-sports.io/football/players/133.png"}, {"name": "Gerard Piqué", "age": 32, "nationality": "Spain", "height": 194, "weight": 85, "photo": "https://media.api-sports.io/football/players/136.png"}, {"name": "Sergi Roberto", "age": 27, "nationality": "Spain", "height": 178, "weight": 68, "photo": "https://media.api-sports.io/football/players/137.png"}, {"name": "Sergio Busquets", "age": 31, "nationality": "Spain", "height": 189, "weight": 76, "photo": "https://media.api-sports.io/football/players/144.png"}, {"name": "Frenkie de Jong", "age": 22, "nationality": "Netherlands", "height": 180, "weight": 74, "photo": "https://media.api-sports.io/football/players/538.png"}, {"name": "Gareth Bale", "age": 30, "nationality": "Wales", "height": 185, "weight": 81, "photo": "https://media.api-sports.io/football/players/758.png"}, {"name": "Karim Benzema", "age": 32, "nationality": "France", "height": 185, "weight": 81, "photo": "https://media.api-sports.io/football/players/759.png"}, {"name": "Vinícius Júnior", "age": 19, "nationality": "Brazil", "height": 176, "weight": 73, "photo": "https://media.api-sports.io/football/players/762.png"}, {"name": "Luka Jovic", "age": 22, "nationality": "Serbia", "height": 182, "weight": 85, "photo": "https://media.api-sports.io/football/players/1828.png"}, {"name": "Rodrygo", "age": 18, "nationality": "Brazil", "height": 174, "weight": 64, "photo": "https://media.api-sports.io/football/players/10009.png"}, {"name": "Luuk de Jong", "age": 29, "nationality": "Netherlands", "height": 188, "weight": 86, "photo": "https://media.api-sports.io/football/players/246.png"}, {"name": "Alberto Moreno", "age": 27, "nationality": "Spain", "height": 171, "weight": 65, "photo": "https://media.api-sports.io/football/players/288.png"}, {"name": "Raúl Albiol", "age": 34, "nationality": "Spain", "height": 187, "weight": 74, "photo": "https://media.api-sports.io/football/players/314.png"}, {"name": "Francis Coquelin", "age": 28, "nationality": "France", "height": 176, "weight": 74, "photo": "https://media.api-sports.io/football/players/924.png"}, {"name": "Daniel Parejo", "age": 30, "nationality": "Spain", "height": 182, "weight": 74, "photo": "https://media.api-sports.io/football/players/928.png"}, {"name": "Ferrán Torres", "age": 19, "nationality": "Spain", "height": 184, "weight": 77, "photo": "https://media.api-sports.io/football/players/931.png"}, {"name": "Aissa Mandi", "age": 28, "nationality": "Algeria", "height": 184, "weight": 78, "photo": "https://media.api-sports.io/football/players/1567.png"}, {"name": "Sergio Asenjo", "age": 30, "nationality": "Spain", "height": 189, "weight": 87, "photo": "https://media.api-sports.io/football/players/1682.png"}, {"name": "Vicente Iborra", "age": 31, "nationality": "Spain", "height": 190, "weight": 80, "photo": "https://media.api-sports.io/football/players/1699.png"}, {"name": "Manu Trigueros", "age": 28, "nationality": "Spain", "height": 178, "weight": 75, "photo": "https://media.api-sports.io/football/players/1705.png"}, {"name": "Estupiñán", "age": 21, "nationality": "Ecuador", "height": 175, "weight": 73, "photo": "https://media.api-sports.io/football/players/46731.png"}, {"name": "Rubén Peña", "age": 28, "nationality": "Spain", "height": 170, "weight": 65, "photo": "https://media.api-sports.io/football/players/47391.png"}, {"name": "Moi Gómez", "age": 25, "nationality": "Spain", "height": 176, "weight": 71, "photo": "https://media.api-sports.io/football/players/47574.png"}, {"name": "Anssumane Fati", "age": 17, "nationality": "Spain", "height": 178, "weight": 66, "photo": "https://media.api-sports.io/football/players/135775.png"}, {"name": "Ivan Rakitic", "age": 31, "nationality": "Croatia", "height": 184, "weight": 78, "photo": "https://media.api-sports.io/football/players/149.png"}, {"name": "Óliver Torres", "age": 25, "nationality": "Spain", "height": 178, "weight": 70, "photo": "https://media.api-sports.io/football/players/385.png"}, {"name": "Jules Koundé", "age": 21, "nationality": "France", "height": 178, "weight": 70, "photo": "https://media.api-sports.io/football/players/1257.png"}, {"name": "Nemanja Gudelj", "age": 28, "nationality": "Serbia", "height": 187, "weight": 81, "photo": "https://media.api-sports.io/football/players/1489.png"}, {"name": "Suso", "age": 26, "nationality": "Spain", "height": 177, "weight": 70, "photo": "https://media.api-sports.io/football/players/1650.png"}, {"name": "Samuel Chukwueze", "age": 20, "nationality": "Nigeria", "height": 172, "weight": 70, "photo": "https://media.api-sports.io/football/players/1696.png"}, {"name": "Gerard Moreno", "age": 27, "nationality": "Spain", "height": 180, "weight": 77, "photo": "https://media.api-sports.io/football/players/1707.png"}, {"name": "Lucas Ocampos", "age": 25, "nationality": "Argentina", "height": 187, "weight": 84, "photo": "https://media.api-sports.io/football/players/1911.png"}, {"name": "Jesús Navas", "age": 34, "nationality": "Spain", "height": 172, "weight": 60, "photo": "https://media.api-sports.io/football/players/2054.png"}, {"name": "Marko Dmitrovic", "age": 27, "nationality": "Serbia", "height": 194, "weight": 94, "photo": "https://media.api-sports.io/football/players/2813.png"}, {"name": "Diego Carlos", "age": 26, "nationality": "Brazil", "height": 186, "weight": 79, "photo": "https://media.api-sports.io/football/players/21090.png"}, {"name": "Joan Jordán", "age": 25, "nationality": "Spain", "height": 184, "weight": 74, "photo": "https://media.api-sports.io/football/players/47389.png"}, {"name": "Óscar Rodríguez", "age": 21, "nationality": "Spain", "height": 174, "weight": 67, "photo": "https://media.api-sports.io/football/players/47416.png"}, {"name": "Thomas Partey", "age": 26, "nationality": "Ghana", "height": 185, "weight": 77, "photo": "https://media.api-sports.io/football/players/49.png"}, {"name": "Fernando", "age": 32, "nationality": "Brazil", "height": 183, "weight": 76, "photo": "https://media.api-sports.io/football/players/452.png"}, {"name": "Tomás Vaclik", "age": 30, "nationality": "Czech Republic", "height": 188, "weight": 85, "photo": "https://media.api-sports.io/football/players/2037.png"}, {"name": "Martin Odegaard", "age": 21, "nationality": "Norway", "height": 178, "weight": 68, "photo": "https://media.api-sports.io/football/players/37127.png"}, {"name": "Iñigo Córdoba", "age": 22, "nationality": "Spain", "height": 180, "weight": 76, "photo": "https://media.api-sports.io/football/players/47279.png"}, {"name": "Marc Cardona", "age": 24, "nationality": "Spain", "height": 183, "weight": 70, "photo": "https://media.api-sports.io/football/players/47393.png"}, {"name": "Youssef En-Nesyri", "age": 22, "nationality": "Morocco", "height": 189, "weight": 73, "photo": "https://media.api-sports.io/football/players/47422.png"}, {"name": "Pione Sisto", "age": 24, "nationality": "Denmark", "height": 171, "weight": 64, "photo": "https://media.api-sports.io/football/players/47447.png"}, {"name": "Lisandro Magallán", "age": 26, "nationality": "Argentina", "height": 185, "weight": 79, "photo": "https://media.api-sports.io/football/players/534.png"}, {"name": "Rodrigo", "age": 28, "nationality": "Spain", "height": 182, "weight": 77, "photo": "https://media.api-sports.io/football/players/935.png"}, {"name": "Oliver Burke", "age": 22, "nationality": "Scotland", "height": 188, "weight": 74, "photo": "https://media.api-sports.io/football/players/1124.png"}, {"name": "Júnior Firpo", "age": 23, "nationality": "Spain", "height": 184, "weight": 78, "photo": "https://media.api-sports.io/football/players/1564.png"}, {"name": "Diego Llorente", "age": 26, "nationality": "Spain", "height": 186, "weight": 75, "photo": "https://media.api-sports.io/football/players/47302.png"}, {"name": "Marc Roca", "age": 23, "nationality": "Spain", "height": 184, "weight": 77, "photo": "https://media.api-sports.io/football/players/47341.png"}, {"name": "Facundo Ferreyra", "age": 28, "nationality": "Argentina", "height": 183, "weight": 79, "photo": "https://media.api-sports.io/football/players/47346.png"}, {"name": "Juan Camilo Hernández", "age": 20, "nationality": "Colombia", "height": 176, "weight": 73, "photo": "https://media.api-sports.io/football/players/47582.png"}, {"name": "Gabriel Fernández", "age": 25, "nationality": "Uruguay", "height": 186, "weight": 80, "photo": "https://media.api-sports.io/football/players/51616.png"}, {"name": "Saúl Ñíguez", "age": 25, "nationality": "Spain", "height": 184, "weight": 76, "photo": "https://media.api-sports.io/football/players/48.png"}, {"name": "Raphael Varane", "age": 26, "nationality": "France", "height": 191, "weight": 81, "photo": "https://media.api-sports.io/football/players/742.png"}, {"name": "Zouhair Feddal", "age": 30, "nationality": "Morocco", "height": 192, "weight": 84, "photo": "https://media.api-sports.io/football/players/1563.png"}, {"name": "Roberto Rosales", "age": 31, "nationality": "Venezuela", "height": 174, "weight": 73, "photo": "https://media.api-sports.io/football/players/2444.png"}, {"name": "Kenedy", "age": 23, "nationality": "Brazil", "height": 182, "weight": 77, "photo": "https://media.api-sports.io/football/players/18902.png"}, {"name": "Rubén Martínez", "age": 35, "nationality": "Spain", "height": 188, "weight": 79, "photo": "https://media.api-sports.io/football/players/46647.png"}, {"name": "Manu García", "age": 33, "nationality": "Spain", "height": 182, "weight": 74, "photo": "https://media.api-sports.io/football/players/47363.png"}, {"name": "Mohammed Salisu", "age": 20, "nationality": "Ghana", "height": 191, "weight": 82, "photo": "https://media.api-sports.io/football/players/47480.png"}, {"name": "Waldo Rubio", "age": 24, "nationality": "Spain", "height": 181, "weight": 80, "photo": "https://media.api-sports.io/football/players/47498.png"}, {"name": "Álvaro Morata", "age": 27, "nationality": "Spain", "height": 190, "weight": 84, "photo": "https://media.api-sports.io/football/players/59.png"}, {"name": "Arthur", "age": 23, "nationality": "Brazil", "height": 171, "weight": 73, "photo": "https://media.api-sports.io/football/players/150.png"}, {"name": "Arturo Vidal", "age": 32, "nationality": "Chile", "height": 180, "weight": 75, "photo": "https://media.api-sports.io/football/players/151.png"}, {"name": "Sergio Reguilón", "age": 23, "nationality": "Spain", "height": 178, "weight": 68, "photo": "https://media.api-sports.io/football/players/739.png"}, {"name": "Emerson", "age": 20, "nationality": "Brazil", "height": 181, "weight": 79, "photo": "https://media.api-sports.io/football/players/1566.png"}, {"name": "Franck Zambo", "age": 24, "nationality": "Cameroon", "height": 184, "weight": 78, "photo": "https://media.api-sports.io/football/players/3406.png"}, {"name": "Marc Cucurella", "age": 21, "nationality": "Spain", "height": 172, "weight": 66, "photo": "https://media.api-sports.io/football/players/47380.png"}, {"name": "Stanislav Lobotka", "age": 25, "nationality": "Slovakia", "height": 170, "weight": 68, "photo": "https://media.api-sports.io/football/players/47439.png"}, {"name": "Kieran Trippier", "age": 29, "nationality": "England", "height": 178, "weight": 71, "photo": "https://media.api-sports.io/football/players/169.png"}, {"name": "Karl Toko Ekambi", "age": 27, "nationality": "Cameroon", "height": 185, "weight": 74, "photo": "https://media.api-sports.io/football/players/1709.png"}, {"name": "Éver Banega", "age": 31, "nationality": "Argentina", "height": 174, "weight": 71, "photo": "https://media.api-sports.io/football/players/2050.png"}]