[{"name": "Fabrizio Cacciatore", "age": 33, "nationality": "Italy", "height": 182, "weight": 81, "photo": "https://media.api-sports.io/football/players/30548.png"}, {"name": "Luca Rossettini", "age": 34, "nationality": "Italy", "height": 187, "weight": 82, "photo": "https://media.api-sports.io/football/players/30742.png"}, {"name": "Sergio Floccari", "age": 38, "nationality": "Italy", "height": 180, "weight": 80, "photo": "https://media.api-sports.io/football/players/30877.png"}, {"name": "Mateo Musacchio", "age": 29, "nationality": "Argentina", "height": 180, "weight": 73, "photo": "https://media.api-sports.io/football/players/1630.png"}, {"name": "Senad Lulic", "age": 33, "nationality": "Bosnia and Herzegovina", "height": 183, "weight": 75, "photo": "https://media.api-sports.io/football/players/1855.png"}, {"name": "Marco Parolo", "age": 34, "nationality": "Italy", "height": 184, "weight": 75, "photo": "https://media.api-sports.io/football/players/1857.png"}, {"name": "Felipe", "age": 35, "nationality": "Brazil", "height": 188, "weight": 75, "photo": "https://media.api-sports.io/football/players/30856.png"}, {"name": "Borja Valero", "age": 34, "nationality": "Spain", "height": 175, "weight": 73, "photo": "https://media.api-sports.io/football/players/210.png"}, {"name": "Diego Perotti", "age": 31, "nationality": "Argentina", "height": 179, "weight": 70, "photo": "https://media.api-sports.io/football/players/793.png"}, {"name": "Giampaolo Pazzini", "age": 35, "nationality": "Italy", "height": 180, "weight": 77, "photo": "https://media.api-sports.io/football/players/30941.png"}, {"name": "Blaise Matuidi", "age": 32, "nationality": "France", "height": 180, "weight": 75, "photo": "https://media.api-sports.io/football/players/869.png"}, {"name": "Cristian Zapata", "age": 33, "nationality": "Colombia", "height": 187, "weight": 82, "photo": "https://media.api-sports.io/football/players/1634.png"}, {"name": "Gonzalo Higuaín", "age": 32, "nationality": "Argentina", "height": 186, "weight": 89, "photo": "https://media.api-sports.io/football/players/2297.png"}, {"name": "Vincent Laurini", "age": 30, "nationality": "France", "height": 173, "weight": 72, "photo": "https://media.api-sports.io/football/players/30400.png"}, {"name": "Federico Mattiello", "age": 24, "nationality": "Italy", "height": 182, "weight": 73, "photo": "https://media.api-sports.io/football/players/30474.png"}, {"name": "Fabio Pisacane", "age": 33, "nationality": "Italy", "height": 178, "weight": 77, "photo": "https://media.api-sports.io/football/players/30555.png"}, {"name": "Davide Biraschi", "age": 25, "nationality": "Italy", "height": 182, "weight": 73, "photo": "https://media.api-sports.io/football/players/30769.png"}, {"name": "Sebastien De Maio", "age": 32, "nationality": "France", "height": 190, "weight": 90, "photo": "https://media.api-sports.io/football/players/30796.png"}, {"name": "Mirko Valdifiori", "age": 33, "nationality": "Italy", "height": 185, "weight": 70, "photo": "https://media.api-sports.io/football/players/30874.png"}, {"name": "Marco Calderoni", "age": 30, "nationality": "Italy", "height": 183, "weight": 75, "photo": "https://media.api-sports.io/football/players/31721.png"}, {"name": "Stefano Denswil", "age": 26, "nationality": "Netherlands", "height": 188, "weight": 81, "photo": "https://media.api-sports.io/football/players/67.png"}, {"name": "Evgen Shakhov", "age": 29, "nationality": "Ukraine", "height": 189, "weight": 81, "photo": "https://media.api-sports.io/football/players/2376.png"}, {"name": "Bryan Dabo", "age": 27, "nationality": "Burkina Faso", "height": 187, "weight": 75, "photo": "https://media.api-sports.io/football/players/30404.png"}, {"name": "Andrea Poli", "age": 30, "nationality": "Italy", "height": 182, "weight": 77, "photo": "https://media.api-sports.io/football/players/30482.png"}, {"name": "Stefano Okaka", "age": 30, "nationality": "Italy", "height": 186, "weight": 82, "photo": "https://media.api-sports.io/football/players/30816.png"}, {"name": "Gervinho", "age": 32, "nationality": "Côte d'Ivoire", "height": 179, "weight": 66, "photo": "https://media.api-sports.io/football/players/31032.png"}, {"name": "Luca Cigarini", "age": 33, "nationality": "Italy", "height": 175, "weight": 72, "photo": "https://media.api-sports.io/football/players/30560.png"}, {"name": "Simone Missiroli", "age": 33, "nationality": "Italy", "height": 191, "weight": 77, "photo": "https://media.api-sports.io/football/players/30867.png"}, {"name": "Daniele Dessena", "age": 32, "nationality": "Italy", "height": 182, "weight": 75, "photo": "https://media.api-sports.io/football/players/31141.png"}, {"name": "Fernando Llorente", "age": 34, "nationality": "Spain", "height": 193, "weight": 90, "photo": "https://media.api-sports.io/football/players/185.png"}, {"name": "Radja Nainggolan", "age": 31, "nationality": "Belgium", "height": 176, "weight": 65, "photo": "https://media.api-sports.io/football/players/205.png"}, {"name": "Alex Berenguer", "age": 24, "nationality": "Spain", "height": 175, "weight": 73, "photo": "https://media.api-sports.io/football/players/30510.png"}, {"name": "Gastón Brugman", "age": 27, "nationality": "Uruguay", "height": 178, "weight": 75, "photo": "https://media.api-sports.io/football/players/31489.png"}, {"name": "Arkadiusz Milik", "age": 25, "nationality": "Poland", "height": 186, "weight": 80, "photo": "https://media.api-sports.io/football/players/333.png"}, {"name": "Cengiz Ünder", "age": 22, "nationality": "Turkey", "height": 173, "weight": 66, "photo": "https://media.api-sports.io/football/players/785.png"}, {"name": "Justin Kluivert", "age": 20, "nationality": "Netherlands", "height": 171, "weight": 66, "photo": "https://media.api-sports.io/football/players/792.png"}, {"name": "Andreas Cornelius", "age": 26, "nationality": "Denmark", "height": 193, "weight": 91, "photo": "https://media.api-sports.io/football/players/1274.png"}, {"name": "Pau López", "age": 25, "nationality": "Spain", "height": 189, "weight": 77, "photo": "https://media.api-sports.io/football/players/1557.png"}, {"name": "Germán Pezzella", "age": 28, "nationality": "Argentina", "height": 187, "weight": 82, "photo": "https://media.api-sports.io/football/players/2469.png"}, {"name": "Jakub Jankto", "age": 23, "nationality": "Czech Republic", "height": 184, "weight": 74, "photo": "https://media.api-sports.io/football/players/30453.png"}, {"name": "Pol Lirola", "age": 22, "nationality": "Spain", "height": 183, "weight": 70, "photo": "https://media.api-sports.io/football/players/30525.png"}, {"name": "Ragnar Klavan", "age": 34, "nationality": "Estonia", "height": 187, "weight": 85, "photo": "https://media.api-sports.io/football/players/30550.png"}, {"name": "Seko Fofana", "age": 24, "nationality": "Côte d'Ivoire", "height": 183, "weight": 74, "photo": "https://media.api-sports.io/football/players/30807.png"}, {"name": "Jasmin Kurtic", "age": 30, "nationality": "Slovenia", "height": 186, "weight": 88, "photo": "https://media.api-sports.io/football/players/30865.png"}, {"name": "Ales Mateju", "age": 23, "nationality": "Czech Republic", "height": 185, "weight": 84, "photo": "https://media.api-sports.io/football/players/31135.png"}, {"name": "Diego Godín", "age": 33, "nationality": "Uruguay", "height": 187, "weight": 78, "photo": "https://media.api-sports.io/football/players/32.png"}, {"name": "Douglas Costa", "age": 29, "nationality": "Brazil", "height": 172, "weight": 70, "photo": "https://media.api-sports.io/football/players/865.png"}, {"name": "Miralem Pjanic", "age": 29, "nationality": "Bosnia and Herzegovina", "height": 178, "weight": 72, "photo": "https://media.api-sports.io/football/players/872.png"}, {"name": "Gianluigi Donnarumma", "age": 20, "nationality": "Italy", "height": 196, "weight": 90, "photo": "https://media.api-sports.io/football/players/1622.png"}, {"name": "Rodrigo de Paul", "age": 25, "nationality": "Argentina", "height": 180, "weight": 70, "photo": "https://media.api-sports.io/football/players/2472.png"}, {"name": "Lukas Lerager", "age": 26, "nationality": "Denmark", "height": 188, "weight": 80, "photo": "https://media.api-sports.io/football/players/2736.png"}, {"name": "Lasse Schöne", "age": 33, "nationality": "Denmark", "height": 177, "weight": 78, "photo": "https://media.api-sports.io/football/players/546.png"}, {"name": "Kostas Manolas", "age": 28, "nationality": "Greece", "height": 189, "weight": 83, "photo": "https://media.api-sports.io/football/players/772.png"}, {"name": "Bastos", "age": 28, "nationality": "Angola", "height": 184, "weight": 77, "photo": "https://media.api-sports.io/football/players/1845.png"}, {"name": "Rachid Ghezzal", "age": 27, "nationality": "Algeria", "height": 182, "weight": 70, "photo": "https://media.api-sports.io/football/players/18780.png"}, {"name": "Alejandro Gomez", "age": 31, "nationality": "Argentina", "height": 167, "weight": 68, "photo": "https://media.api-sports.io/football/players/30433.png"}, {"name": "Marlon Santos", "age": 24, "nationality": "Brazil", "height": 182, "weight": 80, "photo": "https://media.api-sports.io/football/players/30529.png"}, {"name": "Hidde ter Avest", "age": 22, "nationality": "Netherlands", "height": 182, "weight": 78, "photo": "https://media.api-sports.io/football/players/30798.png"}, {"name": "Robin Olsen", "age": 29, "nationality": "Sweden", "height": 198, "weight": 89, "photo": "https://media.api-sports.io/football/players/766.png"}, {"name": "Ashley Young", "age": 34, "nationality": "England", "height": 175, "weight": 65, "photo": "https://media.api-sports.io/football/players/894.png"}, {"name": "Takehiro Tomiyasu", "age": 21, "nationality": "Japan", "height": 188, "weight": 70, "photo": "https://media.api-sports.io/football/players/2597.png"}, {"name": "William Troost-Ekong", "age": 26, "nationality": "Nigeria", "height": 191, "weight": 82, "photo": "https://media.api-sports.io/football/players/2773.png"}, {"name": "Ken Sema", "age": 26, "nationality": "Sweden", "height": 180, "weight": 69, "photo": "https://media.api-sports.io/football/players/2860.png"}, {"name": "Nicolas N'Koulou", "age": 29, "nationality": "Cameroon", "height": 184, "weight": 77, "photo": "https://media.api-sports.io/football/players/30503.png"}, {"name": "Samir", "age": 25, "nationality": "Brazil", "height": 189, "weight": 73, "photo": "https://media.api-sports.io/football/players/30795.png"}, {"name": "Juraj Kucka", "age": 32, "nationality": "Slovakia", "height": 186, "weight": 86, "photo": "https://media.api-sports.io/football/players/31023.png"}, {"name": "Filippo Falco", "age": 27, "nationality": "Italy", "height": 171, "weight": 70, "photo": "https://media.api-sports.io/football/players/31733.png"}, {"name": "Cristiano Ronaldo", "age": 34, "nationality": "Portugal", "height": 187, "weight": 83, "photo": "https://media.api-sports.io/football/players/874.png"}, {"name": "Romelu Lukaku", "age": 26, "nationality": "Belgium", "height": 190, "weight": 93, "photo": "https://media.api-sports.io/football/players/907.png"}, {"name": "Jaromir Zmrhal", "age": 26, "nationality": "Czech Republic", "height": 189, "weight": 79, "photo": "https://media.api-sports.io/football/players/1248.png"}, {"name": "Lyanco", "age": 22, "nationality": "Brazil", "height": 187, "weight": 85, "photo": "https://media.api-sports.io/football/players/30476.png"}, {"name": "Soualiho Meité", "age": 25, "nationality": "France", "height": 187, "weight": 80, "photo": "https://media.api-sports.io/football/players/30507.png"}, {"name": "Nenad Tomovic", "age": 32, "nationality": "Serbia", "height": 184, "weight": 79, "photo": "https://media.api-sports.io/football/players/30745.png"}, {"name": "Samir Handanovic", "age": 35, "nationality": "Slovenia", "height": 193, "weight": 92, "photo": "https://media.api-sports.io/football/players/188.png"}, {"name": "Danilo D'Ambrosio", "age": 31, "nationality": "Italy", "height": 180, "weight": 75, "photo": "https://media.api-sports.io/football/players/193.png"}, {"name": "Stefan de Vrij", "age": 27, "nationality": "Netherlands", "height": 189, "weight": 78, "photo": "https://media.api-sports.io/football/players/194.png"}, {"name": "Milan Skriniar", "age": 24, "nationality": "Slovakia", "height": 187, "weight": 80, "photo": "https://media.api-sports.io/football/players/198.png"}, {"name": "Marcelo Brozovic", "age": 27, "nationality": "Croatia", "height": 181, "weight": 68, "photo": "https://media.api-sports.io/football/players/201.png"}, {"name": "Roberto Gagliardini", "age": 25, "nationality": "Italy", "height": 190, "weight": 77, "photo": "https://media.api-sports.io/football/players/203.png"}, {"name": "Matías Vecino", "age": 28, "nationality": "Uruguay", "height": 187, "weight": 81, "photo": "https://media.api-sports.io/football/players/211.png"}, {"name": "Allan", "age": 28, "nationality": "Brazil", "height": 173, "weight": 73, "photo": "https://media.api-sports.io/football/players/326.png"}, {"name": "Aleksandar Kolarov", "age": 34, "nationality": "Serbia", "height": 187, "weight": 81, "photo": "https://media.api-sports.io/football/players/771.png"}, {"name": "Matteo Darmian", "age": 30, "nationality": "Italy", "height": 182, "weight": 70, "photo": "https://media.api-sports.io/football/players/887.png"}, {"name": "Alexis Sánchez", "age": 31, "nationality": "Chile", "height": 169, "weight": 62, "photo": "https://media.api-sports.io/football/players/910.png"}, {"name": "Hakan Calhanoglu", "age": 25, "nationality": "Turkey", "height": 178, "weight": 76, "photo": "https://media.api-sports.io/football/players/1640.png"}, {"name": "Nicolò Barella", "age": 22, "nationality": "Italy", "height": 175, "weight": 68, "photo": "https://media.api-sports.io/football/players/30558.png"}, {"name": "Alessandro Bastoni", "age": 20, "nationality": "Italy", "height": 190, "weight": 75, "photo": "https://media.api-sports.io/football/players/31009.png"}, {"name": "Lautaro Martínez", "age": 22, "nationality": "Argentina", "height": 174, "weight": 72, "photo": "https://media.api-sports.io/football/players/217.png"}, {"name": "Edin Dzeko", "age": 33, "nationality": "Bosnia and Herzegovina", "height": 193, "weight": 80, "photo": "https://media.api-sports.io/football/players/790.png"}, {"name": "Davide Calabria", "age": 23, "nationality": "Italy", "height": 177, "weight": 70, "photo": "https://media.api-sports.io/football/players/1627.png"}, {"name": "Alessio Romagnoli", "age": 24, "nationality": "Italy", "height": 185, "weight": 75, "photo": "https://media.api-sports.io/football/players/1632.png"}, {"name": "Samu Castillejo", "age": 24, "nationality": "Spain", "height": 182, "weight": 67, "photo": "https://media.api-sports.io/football/players/1641.png"}, {"name": "Franck Kessié", "age": 23, "nationality": "Côte d'Ivoire", "height": 183, "weight": 74, "photo": "https://media.api-sports.io/football/players/1642.png"}, {"name": "Ante Rebic", "age": 26, "nationality": "Croatia", "height": 185, "weight": 78, "photo": "https://media.api-sports.io/football/players/1831.png"}, {"name": "Simon Kjaer", "age": 30, "nationality": "Denmark", "height": 190, "weight": 86, "photo": "https://media.api-sports.io/football/players/2045.png"}, {"name": "Ismael Bennacer", "age": 22, "nationality": "Algeria", "height": 175, "weight": 70, "photo": "https://media.api-sports.io/football/players/3173.png"}, {"name": "Rafael Leão", "age": 20, "nationality": "Portugal", "height": 188, "weight": 81, "photo": "https://media.api-sports.io/football/players/22236.png"}, {"name": "Pierluigi Gollini", "age": 24, "nationality": "Italy", "height": 194, "weight": 94, "photo": "https://media.api-sports.io/football/players/30418.png"}, {"name": "Rade Krunic", "age": 26, "nationality": "Bosnia and Herzegovina", "height": 184, "weight": 74, "photo": "https://media.api-sports.io/football/players/31054.png"}, {"name": "Sandro Tonali", "age": 19, "nationality": "Italy", "height": 181, "weight": 79, "photo": "https://media.api-sports.io/football/players/31146.png"}, {"name": "Theo Hernández", "age": 22, "nationality": "France", "height": 184, "weight": 81, "photo": "https://media.api-sports.io/football/players/47300.png"}, {"name": "Zlatan Ibrahimovic", "age": 38, "nationality": "Sweden", "height": 195, "weight": 95, "photo": "https://media.api-sports.io/football/players/51070.png"}, {"name": "Matteo Politano", "age": 26, "nationality": "Italy", "height": 171, "weight": 67, "photo": "https://media.api-sports.io/football/players/219.png"}, {"name": "Hirving Lozano", "age": 24, "nationality": "Mexico", "height": 175, "weight": 70, "photo": "https://media.api-sports.io/football/players/248.png"}, {"name": "Kalidou Koulibaly", "age": 28, "nationality": "Senegal", "height": 195, "weight": 89, "photo": "https://media.api-sports.io/football/players/318.png"}, {"name": "Mário Rui", "age": 28, "nationality": "Portugal", "height": 170, "weight": 67, "photo": "https://media.api-sports.io/football/players/322.png"}, {"name": "Fabián", "age": 23, "nationality": "Spain", "height": 189, "weight": 70, "photo": "https://media.api-sports.io/football/players/328.png"}, {"name": "Piotr Zielinski", "age": 25, "nationality": "Poland", "height": 180, "weight": 75, "photo": "https://media.api-sports.io/football/players/329.png"}, {"name": "Lorenzo Insigne", "age": 28, "nationality": "Italy", "height": 163, "weight": 59, "photo": "https://media.api-sports.io/football/players/331.png"}, {"name": "Dries Mertens", "age": 32, "nationality": "Belgium", "height": 169, "weight": 61, "photo": "https://media.api-sports.io/football/players/332.png"}, {"name": "Diego Demme", "age": 28, "nationality": "Germany", "height": 172, "weight": 71, "photo": "https://media.api-sports.io/football/players/1151.png"}, {"name": "Amir Rrahmani", "age": 25, "nationality": "Kosovo", "height": 192, "weight": 87, "photo": "https://media.api-sports.io/football/players/1314.png"}, {"name": "Eljif Elmas", "age": 20, "nationality": "North Macedonia", "height": 182, "weight": 68, "photo": "https://media.api-sports.io/football/players/1358.png"}, {"name": "Juan Musso", "age": 25, "nationality": "Argentina", "height": 191, "weight": 93, "photo": "https://media.api-sports.io/football/players/2465.png"}, {"name": "Cristian Romero", "age": 21, "nationality": "Argentina", "height": 185, "weight": 79, "photo": "https://media.api-sports.io/football/players/30776.png"}, {"name": "Andrea Petagna", "age": 24, "nationality": "Italy", "height": 190, "weight": 85, "photo": "https://media.api-sports.io/football/players/30879.png"}, {"name": "Giovanni Di Lorenzo", "age": 26, "nationality": "Italy", "height": 183, "weight": 83, "photo": "https://media.api-sports.io/football/players/31042.png"}, {"name": "Mattia Perin", "age": 27, "nationality": "Italy", "height": 188, "weight": 85, "photo": "https://media.api-sports.io/football/players/849.png"}, {"name": "Wojciech Szczesny", "age": 29, "nationality": "Poland", "height": 195, "weight": 90, "photo": "https://media.api-sports.io/football/players/851.png"}, {"name": "Ruslan Malinovskiy", "age": 26, "nationality": "Ukraine", "height": 181, "weight": 79, "photo": "https://media.api-sports.io/football/players/1938.png"}, {"name": "Luis Muriel", "age": 28, "nationality": "Colombia", "height": 179, "weight": 79, "photo": "https://media.api-sports.io/football/players/2493.png"}, {"name": "Duván Zapata", "age": 28, "nationality": "Colombia", "height": 189, "weight": 88, "photo": "https://media.api-sports.io/football/players/2495.png"}, {"name": "Mario Pasalic", "age": 24, "nationality": "Croatia", "height": 188, "weight": 82, "photo": "https://media.api-sports.io/football/players/2763.png"}, {"name": "Remo Freuler", "age": 27, "nationality": "Switzerland", "height": 180, "weight": 80, "photo": "https://media.api-sports.io/football/players/2807.png"}, {"name": "Berat Gjimshiti", "age": 26, "nationality": "Albania", "height": 190, "weight": 83, "photo": "https://media.api-sports.io/football/players/30421.png"}, {"name": "Robin Gosens", "age": 25, "nationality": "Germany", "height": 183, "weight": 76, "photo": "https://media.api-sports.io/football/players/30422.png"}, {"name": "Hans Hateboer", "age": 25, "nationality": "Netherlands", "height": 185, "weight": 72, "photo": "https://media.api-sports.io/football/players/30423.png"}, {"name": "José Luis Palomino", "age": 29, "nationality": "Argentina", "height": 188, "weight": 87, "photo": "https://media.api-sports.io/football/players/30428.png"}, {"name": "Rafael Toloi", "age": 29, "nationality": "Italy", "height": 185, "weight": 75, "photo": "https://media.api-sports.io/football/players/30429.png"}, {"name": "Marten de Roon", "age": 28, "nationality": "Netherlands", "height": 185, "weight": 76, "photo": "https://media.api-sports.io/football/players/30432.png"}, {"name": "Josip Ilicic", "age": 31, "nationality": "Slovenia", "height": 190, "weight": 79, "photo": "https://media.api-sports.io/football/players/30434.png"}, {"name": "Matteo Pessina", "age": 22, "nationality": "Italy", "height": 187, "weight": 77, "photo": "https://media.api-sports.io/football/players/30436.png"}, {"name": "Giuseppe Pezzella", "age": 22, "nationality": "Italy", "height": 185, "weight": 81, "photo": "https://media.api-sports.io/football/players/30775.png"}, {"name": "Adrien Rabiot", "age": 24, "nationality": "France", "height": 188, "weight": 71, "photo": "https://media.api-sports.io/football/players/272.png"}, {"name": "Matthijs de Ligt", "age": 20, "nationality": "Netherlands", "height": 188, "weight": 89, "photo": "https://media.api-sports.io/football/players/532.png"}, {"name": "Danilo", "age": 28, "nationality": "Brazil", "height": 184, "weight": 78, "photo": "https://media.api-sports.io/football/players/618.png"}, {"name": "Leonardo Bonucci", "age": 32, "nationality": "Italy", "height": 190, "weight": 85, "photo": "https://media.api-sports.io/football/players/853.png"}, {"name": "Rodrigo Bentancur", "age": 22, "nationality": "Uruguay", "height": 187, "weight": 72, "photo": "https://media.api-sports.io/football/players/863.png"}, {"name": "Juan Cuadrado", "age": 31, "nationality": "Colombia", "height": 179, "weight": 72, "photo": "https://media.api-sports.io/football/players/866.png"}, {"name": "Federico Bernardeschi", "age": 25, "nationality": "Italy", "height": 185, "weight": 77, "photo": "https://media.api-sports.io/football/players/873.png"}, {"name": "Aaron Ramsey", "age": 29, "nationality": "Wales", "height": 178, "weight": 76, "photo": "https://media.api-sports.io/football/players/1459.png"}, {"name": "Federico Chiesa", "age": 22, "nationality": "Italy", "height": 175, "weight": 70, "photo": "https://media.api-sports.io/football/players/30410.png"}, {"name": "Dejan Kulusevski", "age": 19, "nationality": "Sweden", "height": 186, "weight": 80, "photo": "https://media.api-sports.io/football/players/30435.png"}, {"name": "Manuel Locatelli", "age": 21, "nationality": "Italy", "height": 185, "weight": 75, "photo": "https://media.api-sports.io/football/players/30533.png"}, {"name": "Luca Pellegrini", "age": 20, "nationality": "Italy", "height": 178, "weight": 72, "photo": "https://media.api-sports.io/football/players/30554.png"}, {"name": "Bartlomiej Dragowski", "age": 22, "nationality": "Poland", "height": 191, "weight": 74, "photo": "https://media.api-sports.io/football/players/31035.png"}, {"name": "Sofyan Amrabat", "age": 23, "nationality": "Morocco", "height": 185, "weight": 70, "photo": "https://media.api-sports.io/football/players/74.png"}, {"name": "José Callejón", "age": 32, "nationality": "Spain", "height": 178, "weight": 73, "photo": "https://media.api-sports.io/football/players/330.png"}, {"name": "Davide Santon", "age": 28, "nationality": "Italy", "height": 187, "weight": 77, "photo": "https://media.api-sports.io/football/players/775.png"}, {"name": "Chris Smalling", "age": 30, "nationality": "England", "height": 194, "weight": 81, "photo": "https://media.api-sports.io/football/players/892.png"}, {"name": "Giacomo Bonaventura", "age": 30, "nationality": "Italy", "height": 180, "weight": 75, "photo": "https://media.api-sports.io/football/players/1638.png"}, {"name": "Krzysztof Piatek", "age": 24, "nationality": "Poland", "height": 183, "weight": 77, "photo": "https://media.api-sports.io/football/players/1651.png"}, {"name": "Erick Pulgar", "age": 25, "nationality": "Chile", "height": 187, "weight": 78, "photo": "https://media.api-sports.io/football/players/2560.png"}, {"name": "Nikola Milenkovic", "age": 22, "nationality": "Serbia", "height": 195, "weight": 90, "photo": "https://media.api-sports.io/football/players/2817.png"}, {"name": "Cristiano Biraghi", "age": 27, "nationality": "Italy", "height": 185, "weight": 78, "photo": "https://media.api-sports.io/football/players/30396.png"}, {"name": "Marco Benassi", "age": 25, "nationality": "Italy", "height": 183, "weight": 80, "photo": "https://media.api-sports.io/football/players/30403.png"}, {"name": "Dusan Vlahovic", "age": 19, "nationality": "Serbia", "height": 190, "weight": 75, "photo": "https://media.api-sports.io/football/players/30415.png"}, {"name": "Riccardo Sottil", "age": 20, "nationality": "Italy", "height": 180, "weight": 75, "photo": "https://media.api-sports.io/football/players/31507.png"}, {"name": "Gaetano Castrovilli", "age": 22, "nationality": "Italy", "height": 176, "weight": 71, "photo": "https://media.api-sports.io/football/players/31615.png"}, {"name": "Lorenzo Venuti", "age": 24, "nationality": "Italy", "height": 176, "weight": 65, "photo": "https://media.api-sports.io/football/players/31730.png"}, {"name": "Elseid Hysaj", "age": 25, "nationality": "Albania", "height": 182, "weight": 75, "photo": "https://media.api-sports.io/football/players/317.png"}, {"name": "Amadou Diawara", "age": 22, "nationality": "Guinea", "height": 183, "weight": 75, "photo": "https://media.api-sports.io/football/players/324.png"}, {"name": "Federico Fazio", "age": 32, "nationality": "Argentina", "height": 195, "weight": 85, "photo": "https://media.api-sports.io/football/players/768.png"}, {"name": "Bryan Cristante", "age": 24, "nationality": "Italy", "height": 186, "weight": 80, "photo": "https://media.api-sports.io/football/players/778.png"}, {"name": "Lorenzo Pellegrini", "age": 23, "nationality": "Italy", "height": 186, "weight": 77, "photo": "https://media.api-sports.io/football/players/782.png"}, {"name": "Nicolo Zaniolo", "age": 20, "nationality": "Italy", "height": 190, "weight": 79, "photo": "https://media.api-sports.io/football/players/786.png"}, {"name": "Leonardo Spinazzola", "age": 26, "nationality": "Italy", "height": 186, "weight": 75, "photo": "https://media.api-sports.io/football/players/862.png"}, {"name": "Henrikh Mkhitaryan", "age": 30, "nationality": "Armenia", "height": 177, "weight": 75, "photo": "https://media.api-sports.io/football/players/1457.png"}, {"name": "Thomas Strakosha", "age": 24, "nationality": "Albania", "height": 186, "weight": 78, "photo": "https://media.api-sports.io/football/players/1835.png"}, {"name": "Patric", "age": 26, "nationality": "Spain", "height": 184, "weight": 72, "photo": "https://media.api-sports.io/football/players/1841.png"}, {"name": "Stefan Radu", "age": 33, "nationality": "Romania", "height": 183, "weight": 79, "photo": "https://media.api-sports.io/football/players/1846.png"}, {"name": "Jordan Veretout", "age": 26, "nationality": "France", "height": 177, "weight": 67, "photo": "https://media.api-sports.io/football/players/30409.png"}, {"name": "Gianluca Mancini", "age": 23, "nationality": "Italy", "height": 190, "weight": 77, "photo": "https://media.api-sports.io/football/players/30425.png"}, {"name": "Marash Kumbulla", "age": 19, "nationality": "Albania", "height": 185, "weight": 78, "photo": "https://media.api-sports.io/football/players/30924.png"}, {"name": "Francesco Acerbi", "age": 31, "nationality": "Italy", "height": 192, "weight": 88, "photo": "https://media.api-sports.io/football/players/1836.png"}, {"name": "Adam Marusic", "age": 27, "nationality": "Montenegro", "height": 185, "weight": 76, "photo": "https://media.api-sports.io/football/players/1844.png"}, {"name": "Danilo Cataldi", "age": 25, "nationality": "Italy", "height": 180, "weight": 70, "photo": "https://media.api-sports.io/football/players/1852.png"}, {"name": "Sergej Milinkovic-Savic", "age": 24, "nationality": "Serbia", "height": 191, "weight": 76, "photo": "https://media.api-sports.io/football/players/1856.png"}, {"name": "Lucas Leiva", "age": 32, "nationality": "Brazil", "height": 179, "weight": 74, "photo": "https://media.api-sports.io/football/players/1858.png"}, {"name": "Luis Alberto", "age": 27, "nationality": "Spain", "height": 182, "weight": 70, "photo": "https://media.api-sports.io/football/players/1859.png"}, {"name": "Ciro Immobile", "age": 29, "nationality": "Italy", "height": 185, "weight": 78, "photo": "https://media.api-sports.io/football/players/1863.png"}, {"name": "Timothy Castagne", "age": 24, "nationality": "Belgium", "height": 185, "weight": 80, "photo": "https://media.api-sports.io/football/players/2920.png"}, {"name": "Etrit Berisha", "age": 30, "nationality": "Albania", "height": 194, "weight": 82, "photo": "https://media.api-sports.io/football/players/30416.png"}, {"name": "Bremer", "age": 22, "nationality": "Brazil", "height": 188, "weight": 80, "photo": "https://media.api-sports.io/football/players/30497.png"}, {"name": "Armando Izzo", "age": 27, "nationality": "Italy", "height": 183, "weight": 78, "photo": "https://media.api-sports.io/football/players/30501.png"}, {"name": "Manuel Lazzari", "age": 26, "nationality": "Italy", "height": 174, "weight": 67, "photo": "https://media.api-sports.io/football/players/30866.png"}, {"name": "Mattia Zaccagni", "age": 24, "nationality": "Italy", "height": 177, "weight": 63, "photo": "https://media.api-sports.io/football/players/30937.png"}, {"name": "Jony", "age": 28, "nationality": "Spain", "height": 179, "weight": 76, "photo": "https://media.api-sports.io/football/players/47366.png"}, {"name": "Simone Verdi", "age": 27, "nationality": "Italy", "height": 171, "weight": 62, "photo": "https://media.api-sports.io/football/players/334.png"}, {"name": "Antonio Sanabria", "age": 23, "nationality": "Paraguay", "height": 180, "weight": 70, "photo": "https://media.api-sports.io/football/players/2522.png"}, {"name": "Sasa Lukic", "age": 23, "nationality": "Serbia", "height": 183, "weight": 77, "photo": "https://media.api-sports.io/football/players/2823.png"}, {"name": "Karol Linetty", "age": 24, "nationality": "Poland", "height": 176, "weight": 73, "photo": "https://media.api-sports.io/football/players/3009.png"}, {"name": "Federico Ceccherini", "age": 27, "nationality": "Italy", "height": 186, "weight": 72, "photo": "https://media.api-sports.io/football/players/30397.png"}, {"name": "Cristian Ansaldi", "age": 33, "nationality": "Argentina", "height": 181, "weight": 76, "photo": "https://media.api-sports.io/football/players/30496.png"}, {"name": "Koffi Djidji", "age": 27, "nationality": "Côte d'Ivoire", "height": 184, "weight": 71, "photo": "https://media.api-sports.io/football/players/30499.png"}, {"name": "Daniele Baselli", "age": 27, "nationality": "Italy", "height": 182, "weight": 70, "photo": "https://media.api-sports.io/football/players/30506.png"}, {"name": "Andrea Belotti", "age": 26, "nationality": "Italy", "height": 181, "weight": 72, "photo": "https://media.api-sports.io/football/players/30509.png"}, {"name": "Simone Zaza", "age": 28, "nationality": "Italy", "height": 186, "weight": 84, "photo": "https://media.api-sports.io/football/players/30515.png"}, {"name": "Rolando Mandragora", "age": 22, "nationality": "Italy", "height": 183, "weight": 76, "photo": "https://media.api-sports.io/football/players/30810.png"}, {"name": "Marco Faraoni", "age": 28, "nationality": "Italy", "height": 180, "weight": 71, "photo": "https://media.api-sports.io/football/players/30922.png"}, {"name": "Nikola Kalinic", "age": 31, "nationality": "Croatia", "height": 187, "weight": 79, "photo": "https://media.api-sports.io/football/players/57.png"}, {"name": "Darko Lazovic", "age": 29, "nationality": "Serbia", "height": 181, "weight": 66, "photo": "https://media.api-sports.io/football/players/2822.png"}, {"name": "Giovanni Simeone", "age": 24, "nationality": "Argentina", "height": 180, "weight": 81, "photo": "https://media.api-sports.io/football/players/30414.png"}, {"name": "Fabio Depaoli", "age": 22, "nationality": "Italy", "height": 178, "weight": 71, "photo": "https://media.api-sports.io/football/players/30747.png"}, {"name": "Koray Günter", "age": 25, "nationality": "Germany", "height": 184, "weight": 79, "photo": "https://media.api-sports.io/football/players/30772.png"}, {"name": "Miguel Veloso", "age": 33, "nationality": "Portugal", "height": 180, "weight": 79, "photo": "https://media.api-sports.io/football/players/30781.png"}, {"name": "Antonin Barak", "age": 25, "nationality": "Czech Republic", "height": 190, "weight": 86, "photo": "https://media.api-sports.io/football/players/30803.png"}, {"name": "Kevin Lasagna", "age": 27, "nationality": "Italy", "height": 185, "weight": 80, "photo": "https://media.api-sports.io/football/players/30815.png"}, {"name": "Pawel Dawidowicz", "age": 24, "nationality": "Poland", "height": 189, "weight": 80, "photo": "https://media.api-sports.io/football/players/30921.png"}, {"name": "Jeremy Toljan", "age": 25, "nationality": "Germany", "height": 182, "weight": 74, "photo": "https://media.api-sports.io/football/players/1118.png"}, {"name": "Patrick Cutrone", "age": 21, "nationality": "Italy", "height": 183, "weight": 75, "photo": "https://media.api-sports.io/football/players/1649.png"}, {"name": "Mert Müldür", "age": 20, "nationality": "Turkey", "height": 188, "weight": 74, "photo": "https://media.api-sports.io/football/players/1719.png"}, {"name": "Georgios Kyriakopoulos", "age": 23, "nationality": "Greece", "height": 178, "weight": 74, "photo": "https://media.api-sports.io/football/players/26828.png"}, {"name": "Andrea Consigli", "age": 32, "nationality": "Italy", "height": 189, "weight": 82, "photo": "https://media.api-sports.io/football/players/30516.png"}, {"name": "Gianmarco Ferrari", "age": 27, "nationality": "Italy", "height": 189, "weight": 82, "photo": "https://media.api-sports.io/football/players/30523.png"}, {"name": "Rogerio", "age": 21, "nationality": "Brazil", "height": 178, "weight": 70, "photo": "https://media.api-sports.io/football/players/30527.png"}, {"name": "Federico Peluso", "age": 35, "nationality": "Italy", "height": 187, "weight": 82, "photo": "https://media.api-sports.io/football/players/30528.png"}, {"name": "Jeremie Boga", "age": 22, "nationality": "Côte d'Ivoire", "height": 172, "weight": 68, "photo": "https://media.api-sports.io/football/players/30531.png"}, {"name": "Francesco Magnanelli", "age": 35, "nationality": "Italy", "height": 181, "weight": 79, "photo": "https://media.api-sports.io/football/players/30534.png"}, {"name": "Filip Djuricic", "age": 27, "nationality": "Serbia", "height": 176, "weight": 69, "photo": "https://media.api-sports.io/football/players/30536.png"}, {"name": "Federico Di Francesco", "age": 25, "nationality": "Italy", "height": 171, "weight": 75, "photo": "https://media.api-sports.io/football/players/30539.png"}, {"name": "Filippo Romagna", "age": 22, "nationality": "Italy", "height": 186, "weight": 75, "photo": "https://media.api-sports.io/football/players/30556.png"}, {"name": "Andrea Pinamonti", "age": 20, "nationality": "Italy", "height": 188, "weight": 72, "photo": "https://media.api-sports.io/football/players/31094.png"}, {"name": "Gary Medel", "age": 32, "nationality": "Chile", "height": 171, "weight": 65, "photo": "https://media.api-sports.io/football/players/1982.png"}, {"name": "Lukasz Skorupski", "age": 28, "nationality": "Poland", "height": 187, "weight": 84, "photo": "https://media.api-sports.io/football/players/2998.png"}, {"name": "Nicolás Domínguez", "age": 21, "nationality": "Argentina", "height": 179, "weight": 73, "photo": "https://media.api-sports.io/football/players/6056.png"}, {"name": "Pedro Obiang", "age": 27, "nationality": "Equatorial Guinea", "height": 185, "weight": 75, "photo": "https://media.api-sports.io/football/players/18824.png"}, {"name": "Gregoire Defrel", "age": 28, "nationality": "France", "height": 180, "weight": 79, "photo": "https://media.api-sports.io/football/players/30461.png"}, {"name": "Ibrahima Mbaye", "age": 25, "nationality": "Senegal", "height": 187, "weight": 70, "photo": "https://media.api-sports.io/football/players/30473.png"}, {"name": "Roberto Soriano", "age": 28, "nationality": "Italy", "height": 182, "weight": 76, "photo": "https://media.api-sports.io/football/players/30483.png"}, {"name": "Mattias Svanberg", "age": 20, "nationality": "Sweden", "height": 185, "weight": 75, "photo": "https://media.api-sports.io/football/players/30484.png"}, {"name": "Riccardo Orsolini", "age": 22, "nationality": "Italy", "height": 183, "weight": 73, "photo": "https://media.api-sports.io/football/players/30488.png"}, {"name": "Lorenzo De Silvestri", "age": 31, "nationality": "Italy", "height": 186, "weight": 84, "photo": "https://media.api-sports.io/football/players/30498.png"}, {"name": "Domenico Berardi", "age": 25, "nationality": "Italy", "height": 183, "weight": 72, "photo": "https://media.api-sports.io/football/players/30537.png"}, {"name": "Hamed Junior Traore", "age": 19, "nationality": "Côte d'Ivoire", "height": 184, "weight": 77, "photo": "https://media.api-sports.io/football/players/31057.png"}, {"name": "Jerdy Schouten", "age": 22, "nationality": "Netherlands", "height": 185, "weight": 72, "photo": "https://media.api-sports.io/football/players/37890.png"}, {"name": "Mehdi Bourabia", "age": 28, "nationality": "Morocco", "height": 183, "weight": 73, "photo": "https://media.api-sports.io/football/players/2711.png"}, {"name": "Jens Stryger Larsen", "age": 28, "nationality": "Denmark", "height": 180, "weight": 81, "photo": "https://media.api-sports.io/football/players/2733.png"}, {"name": "Arkadiusz Reca", "age": 24, "nationality": "Poland", "height": 187, "weight": 81, "photo": "https://media.api-sports.io/football/players/3010.png"}, {"name": "Mato Jajalo", "age": 31, "nationality": "Bosnia and Herzegovina", "height": 182, "weight": 77, "photo": "https://media.api-sports.io/football/players/9010.png"}, {"name": "Andreas Skov Olsen", "age": 20, "nationality": "Denmark", "height": 187, "weight": 79, "photo": "https://media.api-sports.io/football/players/15916.png"}, {"name": "Walace", "age": 24, "nationality": "Brazil", "height": 188, "weight": 75, "photo": "https://media.api-sports.io/football/players/25387.png"}, {"name": "Musa Barrow", "age": 21, "nationality": "Gambia", "height": 183, "weight": 77, "photo": "https://media.api-sports.io/football/players/30437.png"}, {"name": "Jacopo Sala", "age": 28, "nationality": "Italy", "height": 181, "weight": 75, "photo": "https://media.api-sports.io/football/players/30448.png"}, {"name": "Federico Santander", "age": 28, "nationality": "Paraguay", "height": 187, "weight": 79, "photo": "https://media.api-sports.io/football/players/30491.png"}, {"name": "Bram Nuytinck", "age": 29, "nationality": "Netherlands", "height": 190, "weight": 80, "photo": "https://media.api-sports.io/football/players/30797.png"}, {"name": "Marco Silvestri", "age": 28, "nationality": "Italy", "height": 191, "weight": 80, "photo": "https://media.api-sports.io/football/players/30915.png"}, {"name": "Ilija Nestorovski", "age": 29, "nationality": "North Macedonia", "height": 183, "weight": 74, "photo": "https://media.api-sports.io/football/players/31561.png"}, {"name": "Antonio Candreva", "age": 32, "nationality": "Italy", "height": 180, "weight": 70, "photo": "https://media.api-sports.io/football/players/202.png"}, {"name": "Eddie Salcedo", "age": 18, "nationality": "Italy", "height": 178, "weight": null, "photo": "https://media.api-sports.io/football/players/220.png"}, {"name": "Andrea Conti", "age": 25, "nationality": "Italy", "height": 184, "weight": 76, "photo": "https://media.api-sports.io/football/players/1629.png"}, {"name": "Tomás Rincón", "age": 31, "nationality": "Venezuela", "height": 177, "weight": 76, "photo": "https://media.api-sports.io/football/players/2452.png"}, {"name": "Albin Ekdal", "age": 30, "nationality": "Sweden", "height": 186, "weight": 75, "photo": "https://media.api-sports.io/football/players/2858.png"}, {"name": "Bartosz Bereszynski", "age": 27, "nationality": "Poland", "height": 183, "weight": 77, "photo": "https://media.api-sports.io/football/players/3000.png"}, {"name": "Emil Audero", "age": 22, "nationality": "Italy", "height": 190, "weight": 83, "photo": "https://media.api-sports.io/football/players/30441.png"}, {"name": "Omar Colley", "age": 27, "nationality": "Gambia", "height": 192, "weight": 88, "photo": "https://media.api-sports.io/football/players/30444.png"}, {"name": "Nicola Murru", "age": 25, "nationality": "Italy", "height": 180, "weight": 74, "photo": "https://media.api-sports.io/football/players/30447.png"}, {"name": "Ronaldo Vieira", "age": 21, "nationality": "England", "height": 178, "weight": 70, "photo": "https://media.api-sports.io/football/players/30459.png"}, {"name": "Tommaso Augello", "age": 25, "nationality": "Italy", "height": 180, "weight": 70, "photo": "https://media.api-sports.io/football/players/30822.png"}, {"name": "Valerio Verre", "age": 25, "nationality": "Italy", "height": 180, "weight": 70, "photo": "https://media.api-sports.io/football/players/31403.png"}, {"name": "Morten Thorsby", "age": 23, "nationality": "Norway", "height": 189, "weight": 79, "photo": "https://media.api-sports.io/football/players/36980.png"}, {"name": "Dalbert", "age": 26, "nationality": "Brazil", "height": 181, "weight": 70, "photo": "https://media.api-sports.io/football/players/192.png"}, {"name": "Martín Cáceres", "age": 32, "nationality": "Uruguay", "height": 180, "weight": 78, "photo": "https://media.api-sports.io/football/players/854.png"}, {"name": "Marko Rog", "age": 24, "nationality": "Croatia", "height": 180, "weight": 73, "photo": "https://media.api-sports.io/football/players/2055.png"}, {"name": "Nahitan Nández", "age": 24, "nationality": "Uruguay", "height": 172, "weight": 70, "photo": "https://media.api-sports.io/football/players/2614.png"}, {"name": "Manolo Gabbiadini", "age": 28, "nationality": "Italy", "height": 181, "weight": 75, "photo": "https://media.api-sports.io/football/players/30462.png"}, {"name": "Fabio Quagliarella", "age": 36, "nationality": "Italy", "height": 180, "weight": 79, "photo": "https://media.api-sports.io/football/players/30463.png"}, {"name": "Alessio Cragno", "age": 25, "nationality": "Italy", "height": 184, "weight": 78, "photo": "https://media.api-sports.io/football/players/30546.png"}, {"name": "Luca Ceppitelli", "age": 30, "nationality": "Italy", "height": 186, "weight": 80, "photo": "https://media.api-sports.io/football/players/30549.png"}, {"name": "Charalampos Lykogiannis", "age": 26, "nationality": "Greece", "height": 190, "weight": 82, "photo": "https://media.api-sports.io/football/players/30553.png"}, {"name": "Francesco Caputo", "age": 32, "nationality": "Italy", "height": 180, "weight": 75, "photo": "https://media.api-sports.io/football/players/31060.png"}, {"name": "Nikola Maksimovic", "age": 28, "nationality": "Serbia", "height": 193, "weight": 82, "photo": "https://media.api-sports.io/football/players/320.png"}, {"name": "Hernani", "age": 25, "nationality": "Brazil", "height": 188, "weight": 77, "photo": "https://media.api-sports.io/football/players/1208.png"}, {"name": "Andrea Masiello", "age": 33, "nationality": "Italy", "height": 185, "weight": 75, "photo": "https://media.api-sports.io/football/players/30426.png"}, {"name": "Salvatore Sirigu", "age": 32, "nationality": "Italy", "height": 192, "weight": 80, "photo": "https://media.api-sports.io/football/players/30495.png"}, {"name": "João Pedro", "age": 27, "nationality": "Brazil", "height": 184, "weight": 73, "photo": "https://media.api-sports.io/football/players/30562.png"}, {"name": "Mattia Bani", "age": 26, "nationality": "Italy", "height": 188, "weight": 80, "photo": "https://media.api-sports.io/football/players/30736.png"}, {"name": "Domenico Criscito", "age": 33, "nationality": "Italy", "height": 183, "weight": 75, "photo": "https://media.api-sports.io/football/players/30771.png"}, {"name": "Ivan Radovanovic", "age": 31, "nationality": "Serbia", "height": 186, "weight": 80, "photo": "https://media.api-sports.io/football/players/30782.png"}, {"name": "Stefano Sturaro", "age": 26, "nationality": "Italy", "height": 181, "weight": 80, "photo": "https://media.api-sports.io/football/players/30786.png"}, {"name": "Valon Behrami", "age": 34, "nationality": "Switzerland", "height": 185, "weight": 78, "photo": "https://media.api-sports.io/football/players/30805.png"}, {"name": "Alberto Grassi", "age": 24, "nationality": "Italy", "height": 183, "weight": 75, "photo": "https://media.api-sports.io/football/players/31021.png"}, {"name": "Paolo Ghiglione", "age": 22, "nationality": "Italy", "height": 187, "weight": 80, "photo": "https://media.api-sports.io/football/players/31084.png"}, {"name": "Franck Ribéry", "age": 36, "nationality": "France", "height": 170, "weight": 72, "photo": "https://media.api-sports.io/football/players/515.png"}, {"name": "Jesse Joronen", "age": 26, "nationality": "Finland", "height": 197, "weight": 89, "photo": "https://media.api-sports.io/football/players/1282.png"}, {"name": "Milan Badelj", "age": 30, "nationality": "Croatia", "height": 186, "weight": 76, "photo": "https://media.api-sports.io/football/players/1850.png"}, {"name": "Felipe Caicedo", "age": 31, "nationality": "Ecuador", "height": 183, "weight": 84, "photo": "https://media.api-sports.io/football/players/1861.png"}, {"name": "Jhon Chancellor", "age": 27, "nationality": "Venezuela", "height": 197, "weight": 88, "photo": "https://media.api-sports.io/football/players/2439.png"}, {"name": "Goran Pandev", "age": 36, "nationality": "North Macedonia", "height": 184, "weight": 75, "photo": "https://media.api-sports.io/football/players/30791.png"}, {"name": "Riccardo Gagliolo", "age": 29, "nationality": "Sweden", "height": 180, "weight": 75, "photo": "https://media.api-sports.io/football/players/31011.png"}, {"name": "Stefano Sabelli", "age": 26, "nationality": "Italy", "height": 180, "weight": 74, "photo": "https://media.api-sports.io/football/players/31137.png"}, {"name": "Federico Bonazzoli", "age": 22, "nationality": "Italy", "height": 182, "weight": 79, "photo": "https://media.api-sports.io/football/players/31436.png"}, {"name": "Panagiotis Tachtsidis", "age": 28, "nationality": "Greece", "height": 191, "weight": 86, "photo": "https://media.api-sports.io/football/players/31741.png"}, {"name": "Florian Aye", "age": 22, "nationality": "France", "height": 184, "weight": 79, "photo": "https://media.api-sports.io/football/players/20782.png"}, {"name": "Rodrigo Palacio", "age": 37, "nationality": "Argentina", "height": 180, "weight": 75, "photo": "https://media.api-sports.io/football/players/30489.png"}, {"name": "Artur Ionita", "age": 29, "nationality": "Moldova", "height": 186, "weight": 75, "photo": "https://media.api-sports.io/football/players/30564.png"}, {"name": "Mehdi Leris", "age": 21, "nationality": "France", "height": 186, "weight": 83, "photo": "https://media.api-sports.io/football/players/30753.png"}, {"name": "Gianluca Lapadula", "age": 29, "nationality": "Peru", "height": 178, "weight": 69, "photo": "https://media.api-sports.io/football/players/30790.png"}, {"name": "Diego Farias", "age": 29, "nationality": "Brazil", "height": 172, "weight": 63, "photo": "https://media.api-sports.io/football/players/31061.png"}, {"name": "Andrea Cistana", "age": 22, "nationality": "Italy", "height": 185, "weight": 78, "photo": "https://media.api-sports.io/football/players/31130.png"}, {"name": "Dimitri Bisoli", "age": 25, "nationality": "Italy", "height": 180, "weight": 77, "photo": "https://media.api-sports.io/football/players/31139.png"}, {"name": "Emanuele Ndoj", "age": 23, "nationality": "Albania", "height": 189, "weight": 81, "photo": "https://media.api-sports.io/football/players/31144.png"}, {"name": "Nikolas Spalek", "age": 22, "nationality": "Slovakia", "height": 171, "weight": 67, "photo": "https://media.api-sports.io/football/players/31145.png"}, {"name": "Jacopo Petriccione", "age": 24, "nationality": "Italy", "height": 186, "weight": 76, "photo": "https://media.api-sports.io/football/players/31738.png"}, {"name": "Antonio Barreca", "age": 24, "nationality": "Italy", "height": 183, "weight": 70, "photo": "https://media.api-sports.io/football/players/18890.png"}, {"name": "Giulio Donati", "age": 29, "nationality": "Italy", "height": 178, "weight": 76, "photo": "https://media.api-sports.io/football/players/25911.png"}, {"name": "Paolo Faragò", "age": 26, "nationality": "Italy", "height": 187, "weight": 80, "photo": "https://media.api-sports.io/football/players/30563.png"}, {"name": "Samuel Di Carmine", "age": 31, "nationality": "Italy", "height": 187, "weight": 78, "photo": "https://media.api-sports.io/football/players/30939.png"}, {"name": "Kastriot Dermaku", "age": 27, "nationality": "Albania", "height": 194, "weight": 73, "photo": "https://media.api-sports.io/football/players/31328.png"}, {"name": "Gabriel", "age": 27, "nationality": "Brazil", "height": 193, "weight": 90, "photo": "https://media.api-sports.io/football/players/31384.png"}, {"name": "Gabriel Strefezza", "age": 22, "nationality": "Brazil", "height": 168, "weight": 63, "photo": "https://media.api-sports.io/football/players/31624.png"}, {"name": "Fabio Lucioni", "age": 32, "nationality": "Italy", "height": 185, "weight": 80, "photo": "https://media.api-sports.io/football/players/31725.png"}, {"name": "Zan Majer", "age": 27, "nationality": "Slovenia", "height": 180, "weight": 69, "photo": "https://media.api-sports.io/football/players/31736.png"}, {"name": "Gastón Ramírez", "age": 29, "nationality": "Uruguay", "height": 183, "weight": 78, "photo": "https://media.api-sports.io/football/players/30455.png"}, {"name": "Andrea Favilli", "age": 22, "nationality": "Italy", "height": 190, "weight": 78, "photo": "https://media.api-sports.io/football/players/30788.png"}, {"name": "Marco D'Alessandro", "age": 28, "nationality": "Italy", "height": 173, "weight": 71, "photo": "https://media.api-sports.io/football/players/30806.png"}, {"name": "Alessandro Murgia", "age": 23, "nationality": "Italy", "height": 185, "weight": 78, "photo": "https://media.api-sports.io/football/players/30868.png"}, {"name": "Mattia Valoti", "age": 26, "nationality": "Italy", "height": 181, "weight": 62, "photo": "https://media.api-sports.io/football/players/30875.png"}, {"name": "Antonino Barillà", "age": 31, "nationality": "Italy", "height": 180, "weight": 76, "photo": "https://media.api-sports.io/football/players/31017.png"}, {"name": "Matteo Scozzarella", "age": 31, "nationality": "Italy", "height": 170, "weight": 65, "photo": "https://media.api-sports.io/football/players/31026.png"}, {"name": "Danilo", "age": 35, "nationality": "Brazil", "height": 184, "weight": 80, "photo": "https://media.api-sports.io/football/players/30472.png"}, {"name": "Luigi Sepe", "age": 28, "nationality": "Italy", "height": 191, "weight": 90, "photo": "https://media.api-sports.io/football/players/31008.png"}, {"name": "Simone Iacoponi", "age": 32, "nationality": "Italy", "height": 180, "weight": 73, "photo": "https://media.api-sports.io/football/players/31014.png"}, {"name": "Mattia Sprocati", "age": 26, "nationality": "Italy", "height": 178, "weight": 70, "photo": "https://media.api-sports.io/football/players/31027.png"}, {"name": "Roberto Inglese", "age": 28, "nationality": "Italy", "height": 187, "weight": 85, "photo": "https://media.api-sports.io/football/players/31031.png"}, {"name": "Francesco Cassata", "age": 22, "nationality": "Italy", "height": 183, "weight": 76, "photo": "https://media.api-sports.io/football/players/31081.png"}, {"name": "Bruno Martella", "age": 27, "nationality": "Italy", "height": 183, "weight": 74, "photo": "https://media.api-sports.io/football/players/31134.png"}, {"name": "Alfredo Donnarumma", "age": 29, "nationality": "Italy", "height": 180, "weight": 73, "photo": "https://media.api-sports.io/football/players/31151.png"}, {"name": "Andrea Rispoli", "age": 31, "nationality": "Italy", "height": 183, "weight": 75, "photo": "https://media.api-sports.io/football/players/31549.png"}, {"name": "Alex Meret", "age": 22, "nationality": "Italy", "height": 190, "weight": 82, "photo": "https://media.api-sports.io/football/players/312.png"}, {"name": "David Ospina", "age": 31, "nationality": "Colombia", "height": 183, "weight": 80, "photo": "https://media.api-sports.io/football/players/313.png"}, {"name": "Francesco Vicari", "age": 25, "nationality": "Italy", "height": 190, "weight": 80, "photo": "https://media.api-sports.io/football/players/30863.png"}, {"name": "Marco Mancosu", "age": 31, "nationality": "Italy", "height": 180, "weight": 75, "photo": "https://media.api-sports.io/football/players/31737.png"}, {"name": "Mário Rui", "age": 28, "nationality": "Portugal", "height": 170, "weight": 67, "photo": "https://media.api-sports.io/football/players/322.png"}, {"name": "Amir Rrahmani", "age": 25, "nationality": "Kosovo", "height": 192, "weight": 87, "photo": "https://media.api-sports.io/football/players/1314.png"}]