[{"name": "Adrián", "age": 32, "nationality": "Spain", "height": 183, "weight": 73, "photo": "https://media.api-sports.io/football/players/392.png"}, {"name": "Nino", "age": 40, "nationality": "Spain", "height": 169, "weight": 68, "photo": "https://media.api-sports.io/football/players/46984.png"}, {"name": "Víctor Rodríguez", "age": 31, "nationality": "Spain", "height": 170, "weight": 70, "photo": "https://media.api-sports.io/football/players/51112.png"}, {"name": "Filip Malbasic", "age": 28, "nationality": "Serbia", "height": 182, "weight": 79, "photo": "https://media.api-sports.io/football/players/47084.png"}, {"name": "Dimitrios Siovas", "age": 32, "nationality": "Greece", "height": 192, "weight": 83, "photo": "https://media.api-sports.io/football/players/47409.png"}, {"name": "Pedro López", "age": 37, "nationality": "Spain", "height": 174, "weight": 72, "photo": "https://media.api-sports.io/football/players/47454.png"}, {"name": "Dani Calvo", "age": 26, "nationality": "Spain", "height": 190, "weight": 82, "photo": "https://media.api-sports.io/football/players/46966.png"}, {"name": "Roberto López", "age": 20, "nationality": "Spain", "height": 179, "weight": 70, "photo": "https://media.api-sports.io/football/players/47321.png"}, {"name": "Sergio Gómez", "age": 20, "nationality": "Spain", "height": 171, "weight": 68, "photo": "https://media.api-sports.io/football/players/23.png"}, {"name": "Idrissa Doumbia", "age": 22, "nationality": "Côte d'Ivoire", "height": 187, "weight": 82, "photo": "https://media.api-sports.io/football/players/1488.png"}, {"name": "Modibo Sagnan", "age": 21, "nationality": "France", "height": 187, "weight": 77, "photo": "https://media.api-sports.io/football/players/20661.png"}, {"name": "Aarón Martín", "age": 23, "nationality": "Spain", "height": 180, "weight": 72, "photo": "https://media.api-sports.io/football/players/25914.png"}, {"name": "Kévin Rodrigues", "age": 28, "nationality": "Portugal", "height": 187, "weight": 81, "photo": "https://media.api-sports.io/football/players/47383.png"}, {"name": "Fabián Orellana", "age": 34, "nationality": "Chile", "height": 170, "weight": 64, "photo": "https://media.api-sports.io/football/players/47390.png"}, {"name": "Lionel Messi", "age": 33, "nationality": "Argentina", "height": 170, "weight": 72, "photo": "https://media.api-sports.io/football/players/154.png"}, {"name": "Sergio Ramos", "age": 34, "nationality": "Spain", "height": 184, "weight": 82, "photo": "https://media.api-sports.io/football/players/738.png"}, {"name": "Kevin Gameiro", "age": 33, "nationality": "France", "height": 172, "weight": 70, "photo": "https://media.api-sports.io/football/players/933.png"}, {"name": "Emiliano Rigoni", "age": 27, "nationality": "Argentina", "height": 181, "weight": 74, "photo": "https://media.api-sports.io/football/players/1218.png"}, {"name": "Deyverson", "age": 29, "nationality": "Brazil", "height": 185, "weight": 78, "photo": "https://media.api-sports.io/football/players/9934.png"}, {"name": "Jonathan Calleri", "age": 27, "nationality": "Argentina", "height": 181, "weight": 72, "photo": "https://media.api-sports.io/football/players/47368.png"}, {"name": "Miralem Pjanic", "age": 30, "nationality": "Bosnia and Herzegovina", "height": 178, "weight": 72, "photo": "https://media.api-sports.io/football/players/872.png"}, {"name": "Facundo Roncaglia", "age": 33, "nationality": "Argentina", "height": 179, "weight": 76, "photo": "https://media.api-sports.io/football/players/922.png"}, {"name": "Takashi Inui", "age": 32, "nationality": "Japan", "height": 169, "weight": 59, "photo": "https://media.api-sports.io/football/players/2600.png"}, {"name": "Yoshinori Muto", "age": 28, "nationality": "Japan", "height": 179, "weight": 72, "photo": "https://media.api-sports.io/football/players/18905.png"}, {"name": "Manu García", "age": 34, "nationality": "Spain", "height": 182, "weight": 74, "photo": "https://media.api-sports.io/football/players/47363.png"}, {"name": "Sergi Enrich", "age": 30, "nationality": "Spain", "height": 181, "weight": 77, "photo": "https://media.api-sports.io/football/players/47395.png"}, {"name": "Miguel Baeza", "age": 20, "nationality": "Spain", "height": 177, "weight": 67, "photo": "https://media.api-sports.io/football/players/162212.png"}, {"name": "Gabriel", "age": 30, "nationality": "Brazil", "height": 185, "weight": 72, "photo": "https://media.api-sports.io/football/players/915.png"}, {"name": "Mouctar Diakhaby", "age": 24, "nationality": "France", "height": 189, "weight": 78, "photo": "https://media.api-sports.io/football/players/916.png"}, {"name": "Hugo Guillamón", "age": 20, "nationality": "Spain", "height": 178, "weight": 62, "photo": "https://media.api-sports.io/football/players/919.png"}, {"name": "Toni Lato", "age": 23, "nationality": "Spain", "height": 171, "weight": 64, "photo": "https://media.api-sports.io/football/players/920.png"}, {"name": "Thierry Correia", "age": 21, "nationality": "Portugal", "height": 176, "weight": 69, "photo": "https://media.api-sports.io/football/players/1482.png"}, {"name": "Loren Morón", "age": 27, "nationality": "Spain", "height": 188, "weight": 66, "photo": "https://media.api-sports.io/football/players/1584.png"}, {"name": "Yangel Herrera", "age": 22, "nationality": "Venezuela", "height": 184, "weight": 78, "photo": "https://media.api-sports.io/football/players/2449.png"}, {"name": "Shinji Okazaki", "age": 34, "nationality": "Japan", "height": 174, "weight": 70, "photo": "https://media.api-sports.io/football/players/18787.png"}, {"name": "Dimitri Foulquier", "age": 27, "nationality": "Guadeloupe", "height": 183, "weight": 72, "photo": "https://media.api-sports.io/football/players/47251.png"}, {"name": "Yunus Musah", "age": 18, "nationality": "USA", "height": 178, "weight": null, "photo": "https://media.api-sports.io/football/players/162106.png"}, {"name": "Denis Cheryshev", "age": 30, "nationality": "Russia", "height": 179, "weight": 74, "photo": "https://media.api-sports.io/football/players/923.png"}, {"name": "Maxi Gómez", "age": 24, "nationality": "Uruguay", "height": 186, "weight": 91, "photo": "https://media.api-sports.io/football/players/2615.png"}, {"name": "Rober Correa", "age": 28, "nationality": "Spain", "height": 180, "weight": 71, "photo": "https://media.api-sports.io/football/players/46757.png"}, {"name": "Manu Vallejo", "age": 23, "nationality": "Spain", "height": 167, "weight": 72, "photo": "https://media.api-sports.io/football/players/46782.png"}, {"name": "Edu Expósito", "age": 24, "nationality": "Spain", "height": 178, "weight": 68, "photo": "https://media.api-sports.io/football/players/46799.png"}, {"name": "Anaitz Arbilla", "age": 33, "nationality": "Spain", "height": 178, "weight": 76, "photo": "https://media.api-sports.io/football/players/47377.png"}, {"name": "Sergio Álvarez", "age": 28, "nationality": "Spain", "height": 183, "weight": 74, "photo": "https://media.api-sports.io/football/players/47385.png"}, {"name": "Marcos de Sousa", "age": 24, "nationality": "Brazil", "height": 184, "weight": 78, "photo": "https://media.api-sports.io/football/players/122233.png"}, {"name": "Lee Kang-In", "age": 19, "nationality": "Korea Republic", "height": 173, "weight": 68, "photo": "https://media.api-sports.io/football/players/927.png"}, {"name": "Rodrigo Battaglia", "age": 29, "nationality": "Argentina", "height": 187, "weight": 79, "photo": "https://media.api-sports.io/football/players/1484.png"}, {"name": "Pablo Maffeo", "age": 23, "nationality": "Spain", "height": 172, "weight": 70, "photo": "https://media.api-sports.io/football/players/26302.png"}, {"name": "Takefusa Kubo", "age": 19, "nationality": "Japan", "height": 173, "weight": 67, "photo": "https://media.api-sports.io/football/players/32862.png"}, {"name": "Fede Vico", "age": 26, "nationality": "Spain", "height": 176, "weight": 70, "photo": "https://media.api-sports.io/football/players/46693.png"}, {"name": "Bruno", "age": 30, "nationality": "Spain", "height": 185, "weight": 83, "photo": "https://media.api-sports.io/football/players/47252.png"}, {"name": "Ángel", "age": 33, "nationality": "Spain", "height": 172, "weight": 68, "photo": "https://media.api-sports.io/football/players/47266.png"}, {"name": "Remiro", "age": 25, "nationality": "Spain", "height": 191, "weight": 79, "photo": "https://media.api-sports.io/football/players/47269.png"}, {"name": "Aritz Elustondo", "age": 26, "nationality": "Spain", "height": 180, "weight": 71, "photo": "https://media.api-sports.io/football/players/47298.png"}, {"name": "Jon Bautista", "age": 25, "nationality": "Spain", "height": 180, "weight": 72, "photo": "https://media.api-sports.io/football/players/47318.png"}, {"name": "Kike García", "age": 29, "nationality": "Spain", "height": 183, "weight": 74, "photo": "https://media.api-sports.io/football/players/47413.png"}, {"name": "Iván Villar", "age": 23, "nationality": "Spain", "height": 183, "weight": 76, "photo": "https://media.api-sports.io/football/players/47427.png"}, {"name": "Fernando Niño", "age": 20, "nationality": "Spain", "height": null, "weight": null, "photo": "https://media.api-sports.io/football/players/184277.png"}, {"name": "Nacho Monreal", "age": 34, "nationality": "Spain", "height": 179, "weight": 72, "photo": "https://media.api-sports.io/football/players/1447.png"}, {"name": "Adnan Januzaj", "age": 25, "nationality": "Belgium", "height": 186, "weight": 76, "photo": "https://media.api-sports.io/football/players/2924.png"}, {"name": "Andoni Gorosabel", "age": 24, "nationality": "Spain", "height": 174, "weight": 73, "photo": "https://media.api-sports.io/football/players/47299.png"}, {"name": "Robin Le Normand", "age": 24, "nationality": "France", "height": 187, "weight": 80, "photo": "https://media.api-sports.io/football/players/47301.png"}, {"name": "Aihen Muñoz", "age": 23, "nationality": "Spain", "height": 175, "weight": 72, "photo": "https://media.api-sports.io/football/players/47303.png"}, {"name": "Ander Guevara", "age": 23, "nationality": "Spain", "height": 180, "weight": 73, "photo": "https://media.api-sports.io/football/players/47309.png"}, {"name": "Igor Zubeldia", "age": 23, "nationality": "Spain", "height": 180, "weight": 79, "photo": "https://media.api-sports.io/football/players/47314.png"}, {"name": "Martín Zubimendi", "age": 21, "nationality": "Spain", "height": 180, "weight": 74, "photo": "https://media.api-sports.io/football/players/47315.png"}, {"name": "Mikel Oyarzabal", "age": 23, "nationality": "Spain", "height": 181, "weight": 78, "photo": "https://media.api-sports.io/football/players/47323.png"}, {"name": "Portu", "age": 28, "nationality": "Spain", "height": 167, "weight": 66, "photo": "https://media.api-sports.io/football/players/47520.png"}, {"name": "Jon Guridi", "age": 25, "nationality": "Spain", "height": 179, "weight": 64, "photo": "https://media.api-sports.io/football/players/104821.png"}, {"name": "Clement Lenglet", "age": 25, "nationality": "France", "height": 186, "weight": 81, "photo": "https://media.api-sports.io/football/players/133.png"}, {"name": "Gerard Piqué", "age": 33, "nationality": "Spain", "height": 194, "weight": 85, "photo": "https://media.api-sports.io/football/players/136.png"}, {"name": "Sergi Roberto", "age": 28, "nationality": "Spain", "height": 178, "weight": 68, "photo": "https://media.api-sports.io/football/players/137.png"}, {"name": "Ousmane Dembélé", "age": 23, "nationality": "France", "height": 178, "weight": 67, "photo": "https://media.api-sports.io/football/players/153.png"}, {"name": "Luuk de Jong", "age": 30, "nationality": "Netherlands", "height": 188, "weight": 86, "photo": "https://media.api-sports.io/football/players/246.png"}, {"name": "Martin Braithwaite", "age": 29, "nationality": "Denmark", "height": 177, "weight": 73, "photo": "https://media.api-sports.io/football/players/2737.png"}, {"name": "Sergiño Dest", "age": 20, "nationality": "USA", "height": 175, "weight": 62, "photo": "https://media.api-sports.io/football/players/38735.png"}, {"name": "Ander Barrenetxea", "age": 19, "nationality": "Spain", "height": 178, "weight": 75, "photo": "https://media.api-sports.io/football/players/47317.png"}, {"name": "Ronald Araújo", "age": 21, "nationality": "Uruguay", "height": 188, "weight": 79, "photo": "https://media.api-sports.io/football/players/101814.png"}, {"name": "Pedri", "age": 18, "nationality": "Spain", "height": 174, "weight": 60, "photo": "https://media.api-sports.io/football/players/133609.png"}, {"name": "Óscar Mingueza", "age": 21, "nationality": "Spain", "height": 184, "weight": 75, "photo": "https://media.api-sports.io/football/players/162712.png"}, {"name": "Jeison Murillo", "age": 28, "nationality": "Colombia", "height": 182, "weight": 78, "photo": "https://media.api-sports.io/football/players/135.png"}, {"name": "Santi Mina", "age": 25, "nationality": "Spain", "height": 181, "weight": 77, "photo": "https://media.api-sports.io/football/players/934.png"}, {"name": "Denis Suárez", "age": 26, "nationality": "Spain", "height": 176, "weight": 69, "photo": "https://media.api-sports.io/football/players/1461.png"}, {"name": "Joseph Aidoo", "age": 25, "nationality": "Ghana", "height": 180, "weight": 80, "photo": "https://media.api-sports.io/football/players/1926.png"}, {"name": "Nolito", "age": 34, "nationality": "Spain", "height": 175, "weight": 65, "photo": "https://media.api-sports.io/football/players/2058.png"}, {"name": "Renato Tapia", "age": 25, "nationality": "Peru", "height": 185, "weight": 78, "photo": "https://media.api-sports.io/football/players/2433.png"}, {"name": "Néstor Araújo", "age": 29, "nationality": "Mexico", "height": 188, "weight": 87, "photo": "https://media.api-sports.io/football/players/2870.png"}, {"name": "Augusto Solari", "age": 28, "nationality": "Argentina", "height": 180, "weight": 80, "photo": "https://media.api-sports.io/football/players/5921.png"}, {"name": "Rubén Blanco", "age": 25, "nationality": "Spain", "height": 188, "weight": 70, "photo": "https://media.api-sports.io/football/players/47426.png"}, {"name": "Hugo Mallo", "age": 29, "nationality": "Spain", "height": 173, "weight": 69, "photo": "https://media.api-sports.io/football/players/47432.png"}, {"name": "Fran Beltrán", "age": 21, "nationality": "Spain", "height": 170, "weight": 66, "photo": "https://media.api-sports.io/football/players/47435.png"}, {"name": "Iago Aspas", "age": 33, "nationality": "Spain", "height": 176, "weight": 67, "photo": "https://media.api-sports.io/football/players/47445.png"}, {"name": "Javi Galán", "age": 26, "nationality": "Spain", "height": 172, "weight": 70, "photo": "https://media.api-sports.io/football/players/47566.png"}, {"name": "Javi Sánchez", "age": 23, "nationality": "Spain", "height": 186, "weight": 71, "photo": "https://media.api-sports.io/football/players/740.png"}, {"name": "Sergio León", "age": 31, "nationality": "Spain", "height": 178, "weight": 73, "photo": "https://media.api-sports.io/football/players/1583.png"}, {"name": "Roque Mesa", "age": 31, "nationality": "Spain", "height": 172, "weight": 74, "photo": "https://media.api-sports.io/football/players/2053.png"}, {"name": "Jawad El Yamiq", "age": 28, "nationality": "Morocco", "height": 190, "weight": 83, "photo": "https://media.api-sports.io/football/players/31386.png"}, {"name": "Luis Pérez", "age": 25, "nationality": "Spain", "height": 173, "weight": 68, "photo": "https://media.api-sports.io/football/players/47078.png"}, {"name": "Jordi Masip", "age": 31, "nationality": "Spain", "height": 180, "weight": 76, "photo": "https://media.api-sports.io/football/players/47474.png"}, {"name": "Rubén Alcaraz", "age": 29, "nationality": "Spain", "height": 183, "weight": 81, "photo": "https://media.api-sports.io/football/players/47485.png"}, {"name": "Joaquín Fernández", "age": 24, "nationality": "Spain", "height": 190, "weight": 72, "photo": "https://media.api-sports.io/football/players/47487.png"}, {"name": "Pablo Hervías", "age": 27, "nationality": "Spain", "height": 174, "weight": 67, "photo": "https://media.api-sports.io/football/players/47490.png"}, {"name": "Óscar Plano", "age": 29, "nationality": "Spain", "height": 180, "weight": 72, "photo": "https://media.api-sports.io/football/players/47496.png"}, {"name": "Kike Pérez", "age": 23, "nationality": "Spain", "height": 184, "weight": 80, "photo": "https://media.api-sports.io/football/players/107153.png"}, {"name": "Jon Morcillo", "age": 22, "nationality": "Spain", "height": 183, "weight": 72, "photo": "https://media.api-sports.io/football/players/182563.png"}, {"name": "Juan Miranda", "age": 20, "nationality": "Spain", "height": 185, "weight": 71, "photo": "https://media.api-sports.io/football/players/134.png"}, {"name": "Claudio Bravo", "age": 37, "nationality": "Chile", "height": 184, "weight": 80, "photo": "https://media.api-sports.io/football/players/614.png"}, {"name": "Joel Robles", "age": 30, "nationality": "Spain", "height": 195, "weight": 78, "photo": "https://media.api-sports.io/football/players/1558.png"}, {"name": "Marc Bartra", "age": 29, "nationality": "Spain", "height": 184, "weight": 70, "photo": "https://media.api-sports.io/football/players/1561.png"}, {"name": "Sergio Canales", "age": 29, "nationality": "Spain", "height": 176, "weight": 65, "photo": "https://media.api-sports.io/football/players/1570.png"}, {"name": "Andrés Guardado", "age": 34, "nationality": "Mexico", "height": 169, "weight": 60, "photo": "https://media.api-sports.io/football/players/1573.png"}, {"name": "Diego Lainez", "age": 20, "nationality": "Mexico", "height": 168, "weight": 58, "photo": "https://media.api-sports.io/football/players/1577.png"}, {"name": "Joaquín", "age": 39, "nationality": "Spain", "height": 179, "weight": 75, "photo": "https://media.api-sports.io/football/players/1579.png"}, {"name": "William Carvalho", "age": 28, "nationality": "Portugal", "height": 187, "weight": 79, "photo": "https://media.api-sports.io/football/players/1580.png"}, {"name": "Víctor Ruiz", "age": 31, "nationality": "Spain", "height": 184, "weight": 95, "photo": "https://media.api-sports.io/football/players/1693.png"}, {"name": "Álex Moreno", "age": 27, "nationality": "Spain", "height": 179, "weight": 68, "photo": "https://media.api-sports.io/football/players/47547.png"}, {"name": "Rodrigo Sánchez", "age": 20, "nationality": "Spain", "height": null, "weight": null, "photo": "https://media.api-sports.io/football/players/185477.png"}, {"name": "Nabil Fekir", "age": 27, "nationality": "France", "height": 173, "weight": 72, "photo": "https://media.api-sports.io/football/players/668.png"}, {"name": "Thibaut Courtois", "age": 28, "nationality": "Belgium", "height": 199, "weight": 91, "photo": "https://media.api-sports.io/football/players/730.png"}, {"name": "Cristian Tello", "age": 29, "nationality": "Spain", "height": 178, "weight": 65, "photo": "https://media.api-sports.io/football/players/1586.png"}, {"name": "Aitor Ruibal", "age": 24, "nationality": "Spain", "height": 176, "weight": 74, "photo": "https://media.api-sports.io/football/players/47119.png"}, {"name": "Unai López", "age": 25, "nationality": "Spain", "height": 170, "weight": 68, "photo": "https://media.api-sports.io/football/players/47285.png"}, {"name": "Kévin Rodrigues", "age": 26, "nationality": "Portugal", "height": 170, "weight": 70, "photo": "https://media.api-sports.io/football/players/47304.png"}, {"name": "Juanmi", "age": 27, "nationality": "Spain", "height": 172, "weight": 69, "photo": "https://media.api-sports.io/football/players/47320.png"}, {"name": "Borja Iglesias", "age": 27, "nationality": "Spain", "height": 187, "weight": 86, "photo": "https://media.api-sports.io/football/players/47348.png"}, {"name": "Sergi Guardiola", "age": 29, "nationality": "Spain", "height": 184, "weight": 78, "photo": "https://media.api-sports.io/football/players/47495.png"}, {"name": "Ferland Mendy", "age": 25, "nationality": "France", "height": 180, "weight": 73, "photo": "https://media.api-sports.io/football/players/653.png"}, {"name": "Nacho", "age": 30, "nationality": "Spain", "height": 180, "weight": 76, "photo": "https://media.api-sports.io/football/players/735.png"}, {"name": "Jesús Vallejo", "age": 23, "nationality": "Spain", "height": 184, "weight": 79, "photo": "https://media.api-sports.io/football/players/741.png"}, {"name": "Marcelo", "age": 32, "nationality": "Brazil", "height": 174, "weight": 75, "photo": "https://media.api-sports.io/football/players/743.png"}, {"name": "Isco", "age": 28, "nationality": "Spain", "height": 176, "weight": 79, "photo": "https://media.api-sports.io/football/players/745.png"}, {"name": "Marco Asensio", "age": 24, "nationality": "Spain", "height": 182, "weight": 76, "photo": "https://media.api-sports.io/football/players/746.png"}, {"name": "Casemiro", "age": 28, "nationality": "Brazil", "height": 185, "weight": 84, "photo": "https://media.api-sports.io/football/players/747.png"}, {"name": "Toni Kroos", "age": 30, "nationality": "Germany", "height": 183, "weight": 76, "photo": "https://media.api-sports.io/football/players/752.png"}, {"name": "Luka Modric", "age": 35, "nationality": "Croatia", "height": 172, "weight": 66, "photo": "https://media.api-sports.io/football/players/754.png"}, {"name": "Federico Valverde", "age": 22, "nationality": "Uruguay", "height": 182, "weight": 78, "photo": "https://media.api-sports.io/football/players/756.png"}, {"name": "Lucas Vázquez", "age": 29, "nationality": "Spain", "height": 173, "weight": 70, "photo": "https://media.api-sports.io/football/players/757.png"}, {"name": "Karim Benzema", "age": 33, "nationality": "France", "height": 185, "weight": 81, "photo": "https://media.api-sports.io/football/players/759.png"}, {"name": "Vinícius Júnior", "age": 20, "nationality": "Brazil", "height": 176, "weight": 73, "photo": "https://media.api-sports.io/football/players/762.png"}, {"name": "Rodrygo", "age": 19, "nationality": "Brazil", "height": 174, "weight": 64, "photo": "https://media.api-sports.io/football/players/10009.png"}, {"name": "Álex Fernández", "age": 28, "nationality": "Spain", "height": 182, "weight": 72, "photo": "https://media.api-sports.io/football/players/46769.png"}, {"name": "Salvi Sánchez", "age": 29, "nationality": "Spain", "height": 175, "weight": 64, "photo": "https://media.api-sports.io/football/players/46775.png"}, {"name": "Iván Alejo", "age": 25, "nationality": "Spain", "height": 184, "weight": 73, "photo": "https://media.api-sports.io/football/players/46824.png"}, {"name": "Cala", "age": 31, "nationality": "Spain", "height": 185, "weight": 78, "photo": "https://media.api-sports.io/football/players/46998.png"}, {"name": "Isaac Carcelén", "age": 27, "nationality": "Spain", "height": 170, "weight": 69, "photo": "https://media.api-sports.io/football/players/47100.png"}, {"name": "Anthony Lozano", "age": 27, "nationality": "Honduras", "height": 185, "weight": 74, "photo": "https://media.api-sports.io/football/players/47525.png"}, {"name": "Rubén Sobrino", "age": 28, "nationality": "Spain", "height": 185, "weight": 73, "photo": "https://media.api-sports.io/football/players/937.png"}, {"name": "Sergio Herrera", "age": 27, "nationality": "Spain", "height": 192, "weight": 82, "photo": "https://media.api-sports.io/football/players/46646.png"}, {"name": "Unai García", "age": 28, "nationality": "Spain", "height": 186, "weight": 81, "photo": "https://media.api-sports.io/football/players/46652.png"}, {"name": "David García", "age": 26, "nationality": "Spain", "height": 185, "weight": 72, "photo": "https://media.api-sports.io/football/players/46653.png"}, {"name": "Aridane Hernández", "age": 31, "nationality": "Spain", "height": 186, "weight": 77, "photo": "https://media.api-sports.io/football/players/46654.png"}, {"name": "Oier", "age": 34, "nationality": "Spain", "height": 178, "weight": 72, "photo": "https://media.api-sports.io/football/players/46656.png"}, {"name": "Nacho Vidal", "age": 25, "nationality": "Spain", "height": 180, "weight": 75, "photo": "https://media.api-sports.io/football/players/46657.png"}, {"name": "Jairo Izquierdo", "age": 27, "nationality": "Spain", "height": 165, "weight": 64, "photo": "https://media.api-sports.io/football/players/46771.png"}, {"name": "Alberto Perea", "age": 30, "nationality": "Spain", "height": 177, "weight": 74, "photo": "https://media.api-sports.io/football/players/47041.png"}, {"name": "Álvaro Negredo", "age": 35, "nationality": "Spain", "height": 186, "weight": 71, "photo": "https://media.api-sports.io/football/players/50502.png"}, {"name": "Juan Foyth", "age": 22, "nationality": "Argentina", "height": 179, "weight": 69, "photo": "https://media.api-sports.io/football/players/166.png"}, {"name": "Raúl Albiol", "age": 35, "nationality": "Spain", "height": 187, "weight": 74, "photo": "https://media.api-sports.io/football/players/314.png"}, {"name": "Sergio Asenjo", "age": 31, "nationality": "Spain", "height": 189, "weight": 87, "photo": "https://media.api-sports.io/football/players/1682.png"}, {"name": "Lucas Torró", "age": 26, "nationality": "Spain", "height": 190, "weight": 77, "photo": "https://media.api-sports.io/football/players/1825.png"}, {"name": "Rubén García", "age": 27, "nationality": "Spain", "height": 171, "weight": 72, "photo": "https://media.api-sports.io/football/players/46658.png"}, {"name": "Jon Moncayola", "age": 22, "nationality": "Spain", "height": 189, "weight": 86, "photo": "https://media.api-sports.io/football/players/46662.png"}, {"name": "Iñigo Pérez", "age": 32, "nationality": "Spain", "height": 178, "weight": 74, "photo": "https://media.api-sports.io/football/players/46665.png"}, {"name": "Roberto Torres", "age": 31, "nationality": "Spain", "height": 178, "weight": 72, "photo": "https://media.api-sports.io/football/players/46666.png"}, {"name": "Kike Barja", "age": 23, "nationality": "Spain", "height": 178, "weight": 69, "photo": "https://media.api-sports.io/football/players/46667.png"}, {"name": "Ante Budimir", "age": 29, "nationality": "Croatia", "height": 190, "weight": 75, "photo": "https://media.api-sports.io/football/players/46746.png"}, {"name": "Javi Ontiveros", "age": 23, "nationality": "Spain", "height": 170, "weight": 75, "photo": "https://media.api-sports.io/football/players/46832.png"}, {"name": "Darko Brasanac", "age": 28, "nationality": "Serbia", "height": 178, "weight": 73, "photo": "https://media.api-sports.io/football/players/47361.png"}, {"name": "Kike García", "age": 31, "nationality": "Spain", "height": 186, "weight": 79, "photo": "https://media.api-sports.io/football/players/47396.png"}, {"name": "Manuel Sánchez", "age": 20, "nationality": "Spain", "height": 179, "weight": 70, "photo": "https://media.api-sports.io/football/players/64309.png"}, {"name": "Paco Alcácer", "age": 27, "nationality": "Spain", "height": 175, "weight": 72, "photo": "https://media.api-sports.io/football/players/21.png"}, {"name": "Francis Coquelin", "age": 29, "nationality": "France", "height": 176, "weight": 74, "photo": "https://media.api-sports.io/football/players/924.png"}, {"name": "Daniel Parejo", "age": 31, "nationality": "Spain", "height": 182, "weight": 74, "photo": "https://media.api-sports.io/football/players/928.png"}, {"name": "Samuel Chukwueze", "age": 21, "nationality": "Nigeria", "height": 172, "weight": 70, "photo": "https://media.api-sports.io/football/players/1696.png"}, {"name": "Manu Trigueros", "age": 29, "nationality": "Spain", "height": 178, "weight": 75, "photo": "https://media.api-sports.io/football/players/1705.png"}, {"name": "Gerard Moreno", "age": 28, "nationality": "Spain", "height": 180, "weight": 77, "photo": "https://media.api-sports.io/football/players/1707.png"}, {"name": "Etienne Capoue", "age": 32, "nationality": "France", "height": 189, "weight": 80, "photo": "https://media.api-sports.io/football/players/18802.png"}, {"name": "Estupiñán", "age": 22, "nationality": "Ecuador", "height": 175, "weight": 73, "photo": "https://media.api-sports.io/football/players/46731.png"}, {"name": "Rubén Peña", "age": 29, "nationality": "Spain", "height": 170, "weight": 65, "photo": "https://media.api-sports.io/football/players/47391.png"}, {"name": "Moi Gómez", "age": 26, "nationality": "Spain", "height": 176, "weight": 71, "photo": "https://media.api-sports.io/football/players/47574.png"}, {"name": "Borja Sainz", "age": 19, "nationality": "Spain", "height": 178, "weight": 75, "photo": "https://media.api-sports.io/football/players/133453.png"}, {"name": "Yeremi Pino", "age": 18, "nationality": "Spain", "height": null, "weight": null, "photo": "https://media.api-sports.io/football/players/184226.png"}, {"name": "Ivan Rakitic", "age": 32, "nationality": "Croatia", "height": 184, "weight": 78, "photo": "https://media.api-sports.io/football/players/149.png"}, {"name": "Óliver Torres", "age": 26, "nationality": "Spain", "height": 178, "weight": 70, "photo": "https://media.api-sports.io/football/players/385.png"}, {"name": "Fernando", "age": 33, "nationality": "Brazil", "height": 183, "weight": 76, "photo": "https://media.api-sports.io/football/players/452.png"}, {"name": "Jules Koundé", "age": 22, "nationality": "France", "height": 178, "weight": 70, "photo": "https://media.api-sports.io/football/players/1257.png"}, {"name": "Suso", "age": 27, "nationality": "Spain", "height": 177, "weight": 70, "photo": "https://media.api-sports.io/football/players/1650.png"}, {"name": "Jesús Navas", "age": 35, "nationality": "Spain", "height": 172, "weight": 60, "photo": "https://media.api-sports.io/football/players/2054.png"}, {"name": "Bono", "age": 29, "nationality": "Morocco", "height": 192, "weight": 78, "photo": "https://media.api-sports.io/football/players/2701.png"}, {"name": "Diego Carlos", "age": 27, "nationality": "Brazil", "height": 186, "weight": 79, "photo": "https://media.api-sports.io/football/players/21090.png"}, {"name": "Rafa Mir", "age": 23, "nationality": "Spain", "height": 191, "weight": 86, "photo": "https://media.api-sports.io/football/players/47013.png"}, {"name": "Joan Jordán", "age": 26, "nationality": "Spain", "height": 184, "weight": 74, "photo": "https://media.api-sports.io/football/players/47389.png"}, {"name": "Youssef En-Nesyri", "age": 23, "nationality": "Morocco", "height": 189, "weight": 73, "photo": "https://media.api-sports.io/football/players/47422.png"}, {"name": "Muniain", "age": 28, "nationality": "Spain", "height": 170, "weight": 65, "photo": "https://media.api-sports.io/football/players/2672.png"}, {"name": "Alex Berenguer", "age": 25, "nationality": "Spain", "height": 175, "weight": 73, "photo": "https://media.api-sports.io/football/players/30510.png"}, {"name": "Yeray Álvarez", "age": 25, "nationality": "Spain", "height": 182, "weight": 78, "photo": "https://media.api-sports.io/football/players/47271.png"}, {"name": "Balenziaga", "age": 32, "nationality": "Spain", "height": 177, "weight": 76, "photo": "https://media.api-sports.io/football/players/47272.png"}, {"name": "Yuri", "age": 30, "nationality": "Spain", "height": 181, "weight": 79, "photo": "https://media.api-sports.io/football/players/47273.png"}, {"name": "Ander Capa", "age": 28, "nationality": "Spain", "height": 175, "weight": 75, "photo": "https://media.api-sports.io/football/players/47274.png"}, {"name": "Íñigo Lekue", "age": 27, "nationality": "Spain", "height": 180, "weight": 70, "photo": "https://media.api-sports.io/football/players/47276.png"}, {"name": "Unai Núñez", "age": 23, "nationality": "Spain", "height": 186, "weight": 80, "photo": "https://media.api-sports.io/football/players/47277.png"}, {"name": "Dani García", "age": 30, "nationality": "Spain", "height": 180, "weight": 81, "photo": "https://media.api-sports.io/football/players/47281.png"}, {"name": "Raúl García", "age": 34, "nationality": "Spain", "height": 184, "weight": 83, "photo": "https://media.api-sports.io/football/players/47282.png"}, {"name": "Iñaki Williams", "age": 26, "nationality": "Spain", "height": 186, "weight": 78, "photo": "https://media.api-sports.io/football/players/47294.png"}, {"name": "Mikel Vesga", "age": 27, "nationality": "Spain", "height": 191, "weight": 83, "photo": "https://media.api-sports.io/football/players/47418.png"}, {"name": "Oihan Sancet", "age": 20, "nationality": "Spain", "height": 188, "weight": 73, "photo": "https://media.api-sports.io/football/players/128398.png"}, {"name": "Unai Vencedor", "age": 20, "nationality": "Spain", "height": 176, "weight": 71, "photo": "https://media.api-sports.io/football/players/182639.png"}, {"name": "Antonio Barragán", "age": 33, "nationality": "Spain", "height": 182, "weight": 76, "photo": "https://media.api-sports.io/football/players/1560.png"}, {"name": "Alejandro Pozo", "age": 21, "nationality": "Spain", "height": 174, "weight": 70, "photo": "https://media.api-sports.io/football/players/46688.png"}, {"name": "Diego González", "age": 25, "nationality": "Spain", "height": 185, "weight": 83, "photo": "https://media.api-sports.io/football/players/46817.png"}, {"name": "Edgar Badía", "age": 28, "nationality": "Spain", "height": 180, "weight": 70, "photo": "https://media.api-sports.io/football/players/46961.png"}, {"name": "Gonzalo Verdú", "age": 32, "nationality": "Spain", "height": 185, "weight": 80, "photo": "https://media.api-sports.io/football/players/46965.png"}, {"name": "Fidel", "age": 31, "nationality": "Spain", "height": 180, "weight": 74, "photo": "https://media.api-sports.io/football/players/47002.png"}, {"name": "Francisco Portillo", "age": 30, "nationality": "Spain", "height": 169, "weight": 60, "photo": "https://media.api-sports.io/football/players/47262.png"}, {"name": "Pedro Bigas", "age": 30, "nationality": "Spain", "height": 181, "weight": 83, "photo": "https://media.api-sports.io/football/players/47378.png"}, {"name": "Johan Mojica", "age": 28, "nationality": "Colombia", "height": 185, "weight": 66, "photo": "https://media.api-sports.io/football/players/64268.png"}, {"name": "Asier Villalibre", "age": 23, "nationality": "Spain", "height": 184, "weight": 86, "photo": "https://media.api-sports.io/football/players/104853.png"}, {"name": "Giménez", "age": 25, "nationality": "Uruguay", "height": 185, "weight": 80, "photo": "https://media.api-sports.io/football/players/31.png"}, {"name": "Thomas Lemar", "age": 25, "nationality": "France", "height": 171, "weight": 63, "photo": "https://media.api-sports.io/football/players/45.png"}, {"name": "Felipe", "age": 31, "nationality": "Brazil", "height": 190, "weight": 83, "photo": "https://media.api-sports.io/football/players/371.png"}, {"name": "Héctor Herrera", "age": 30, "nationality": "Mexico", "height": 185, "weight": 80, "photo": "https://media.api-sports.io/football/players/382.png"}, {"name": "Lucas Boyé", "age": 24, "nationality": "Argentina", "height": 179, "weight": 81, "photo": "https://media.api-sports.io/football/players/608.png"}, {"name": "Marcos Llorente", "age": 25, "nationality": "Spain", "height": 184, "weight": 74, "photo": "https://media.api-sports.io/football/players/753.png"}, {"name": "Geoffrey Kondogbia", "age": 27, "nationality": "Central African Republic", "height": 188, "weight": 80, "photo": "https://media.api-sports.io/football/players/926.png"}, {"name": "Iván Marcone", "age": 30, "nationality": "Argentina", "height": 184, "weight": 90, "photo": "https://media.api-sports.io/football/players/2474.png"}, {"name": "Mario Hermoso", "age": 25, "nationality": "Spain", "height": 184, "weight": 75, "photo": "https://media.api-sports.io/football/players/2669.png"}, {"name": "Yannick Carrasco", "age": 27, "nationality": "Belgium", "height": 185, "weight": 73, "photo": "https://media.api-sports.io/football/players/2923.png"}, {"name": "Renan Lodi", "age": 22, "nationality": "Brazil", "height": 173, "weight": 68, "photo": "https://media.api-sports.io/football/players/10122.png"}, {"name": "Lucas Pérez", "age": 32, "nationality": "Spain", "height": 180, "weight": 82, "photo": "https://media.api-sports.io/football/players/18833.png"}, {"name": "Pere Milla", "age": 28, "nationality": "Spain", "height": 184, "weight": 72, "photo": "https://media.api-sports.io/football/players/47398.png"}, {"name": "Guido Carrillo", "age": 29, "nationality": "Argentina", "height": 191, "weight": 87, "photo": "https://media.api-sports.io/football/players/47421.png"}, {"name": "Antoine Griezmann", "age": 29, "nationality": "France", "height": 176, "weight": 73, "photo": "https://media.api-sports.io/football/players/56.png"}, {"name": "Luis Suárez", "age": 33, "nationality": "Uruguay", "height": 182, "weight": 86, "photo": "https://media.api-sports.io/football/players/157.png"}, {"name": "Jaime Seoane", "age": 23, "nationality": "Spain", "height": 175, "weight": 73, "photo": "https://media.api-sports.io/football/players/755.png"}, {"name": "Andrés Fernández", "age": 34, "nationality": "Spain", "height": 187, "weight": 82, "photo": "https://media.api-sports.io/football/players/1684.png"}, {"name": "Pedro Mosquera", "age": 32, "nationality": "Spain", "height": 184, "weight": 75, "photo": "https://media.api-sports.io/football/players/46805.png"}, {"name": "Juan Carlos", "age": 29, "nationality": "Spain", "height": 183, "weight": 73, "photo": "https://media.api-sports.io/football/players/46927.png"}, {"name": "Mikel Rico", "age": 36, "nationality": "Spain", "height": 179, "weight": 75, "photo": "https://media.api-sports.io/football/players/47287.png"}, {"name": "Jorge Pulido", "age": 29, "nationality": "Spain", "height": 186, "weight": 72, "photo": "https://media.api-sports.io/football/players/47569.png"}, {"name": "David Ferreiro", "age": 32, "nationality": "Spain", "height": 170, "weight": 63, "photo": "https://media.api-sports.io/football/players/47573.png"}, {"name": "Pablo Insúa", "age": 27, "nationality": "Spain", "height": 187, "weight": 80, "photo": "https://media.api-sports.io/football/players/90646.png"}, {"name": "Dani Escriche", "age": 22, "nationality": "Spain", "height": 178, "weight": 75, "photo": "https://media.api-sports.io/football/players/47179.png"}, {"name": "Míchel", "age": 32, "nationality": "Spain", "height": 182, "weight": 68, "photo": "https://media.api-sports.io/football/players/47489.png"}, {"name": "Enric Gallego", "age": 34, "nationality": "Spain", "height": 190, "weight": 79, "photo": "https://media.api-sports.io/football/players/47581.png"}, {"name": "Maxime Gonalons", "age": 31, "nationality": "France", "height": 187, "weight": 76, "photo": "https://media.api-sports.io/football/players/2051.png"}, {"name": "Víctor Díaz", "age": 32, "nationality": "Spain", "height": 184, "weight": 71, "photo": "https://media.api-sports.io/football/players/46677.png"}, {"name": "Quini", "age": 31, "nationality": "Spain", "height": 178, "weight": 74, "photo": "https://media.api-sports.io/football/players/46679.png"}, {"name": "Carlos Neva", "age": 24, "nationality": "Spain", "height": 174, "weight": 64, "photo": "https://media.api-sports.io/football/players/46682.png"}, {"name": "Germán Sánchez", "age": 34, "nationality": "Spain", "height": 187, "weight": 82, "photo": "https://media.api-sports.io/football/players/46683.png"}, {"name": "Domingos Duarte", "age": 25, "nationality": "Portugal", "height": 192, "weight": 80, "photo": "https://media.api-sports.io/football/players/46795.png"}, {"name": "Yan Eteki", "age": 23, "nationality": "Cameroon", "height": 180, "weight": 70, "photo": "https://media.api-sports.io/football/players/46920.png"}, {"name": "Alberto Soro", "age": 21, "nationality": "Spain", "height": 173, "weight": 64, "photo": "https://media.api-sports.io/football/players/47063.png"}, {"name": "Luis Milla", "age": 26, "nationality": "Spain", "height": 175, "weight": 67, "photo": "https://media.api-sports.io/football/players/47085.png"}, {"name": "Carlos Bacca", "age": 34, "nationality": "Colombia", "height": 181, "weight": 77, "photo": "https://media.api-sports.io/football/players/1706.png"}, {"name": "Darwin Machís", "age": 27, "nationality": "Venezuela", "height": 170, "weight": 68, "photo": "https://media.api-sports.io/football/players/2459.png"}, {"name": "Florian Lejeune", "age": 29, "nationality": "France", "height": 189, "weight": 89, "photo": "https://media.api-sports.io/football/players/18895.png"}, {"name": "Montoro", "age": 32, "nationality": "Spain", "height": 181, "weight": 72, "photo": "https://media.api-sports.io/football/players/46687.png"}, {"name": "Luis Suárez", "age": 23, "nationality": "Colombia", "height": 185, "weight": 74, "photo": "https://media.api-sports.io/football/players/47237.png"}, {"name": "Jorge Molina", "age": 38, "nationality": "Spain", "height": 188, "weight": 72, "photo": "https://media.api-sports.io/football/players/47265.png"}, {"name": "Fernando Pacheco", "age": 28, "nationality": "Spain", "height": 186, "weight": 81, "photo": "https://media.api-sports.io/football/players/47352.png"}, {"name": "Martín Aguirregabiria", "age": 24, "nationality": "Spain", "height": 178, "weight": 69, "photo": "https://media.api-sports.io/football/players/47354.png"}, {"name": "Rubén Duarte", "age": 25, "nationality": "Spain", "height": 180, "weight": 75, "photo": "https://media.api-sports.io/football/players/47355.png"}, {"name": "Víctor Laguardia", "age": 31, "nationality": "Spain", "height": 185, "weight": 80, "photo": "https://media.api-sports.io/football/players/47357.png"}, {"name": "Ximo Navarro", "age": 30, "nationality": "Spain", "height": 176, "weight": 75, "photo": "https://media.api-sports.io/football/players/47360.png"}, {"name": "Tomás Pina", "age": 33, "nationality": "Spain", "height": 184, "weight": 78, "photo": "https://media.api-sports.io/football/players/47365.png"}, {"name": "Rubén Rochina", "age": 29, "nationality": "Spain", "height": 182, "weight": 76, "photo": "https://media.api-sports.io/football/players/47468.png"}, {"name": "Saúl Ñíguez", "age": 26, "nationality": "Spain", "height": 184, "weight": 76, "photo": "https://media.api-sports.io/football/players/48.png"}, {"name": "Emerson", "age": 21, "nationality": "Brazil", "height": 181, "weight": 79, "photo": "https://media.api-sports.io/football/players/1566.png"}, {"name": "Kenedy", "age": 24, "nationality": "Brazil", "height": 182, "weight": 77, "photo": "https://media.api-sports.io/football/players/18902.png"}, {"name": "Joselu", "age": 30, "nationality": "Spain", "height": 192, "weight": 80, "photo": "https://media.api-sports.io/football/players/18907.png"}, {"name": "Edgar Méndez", "age": 30, "nationality": "Spain", "height": 187, "weight": 80, "photo": "https://media.api-sports.io/football/players/35575.png"}, {"name": "Luis Rioja", "age": 27, "nationality": "Spain", "height": 175, "weight": 68, "photo": "https://media.api-sports.io/football/players/46933.png"}, {"name": "David Soria", "age": 27, "nationality": "Spain", "height": 192, "weight": 85, "photo": "https://media.api-sports.io/football/players/47247.png"}, {"name": "Djené Dakonam", "age": 29, "nationality": "Togo", "height": 187, "weight": 72, "photo": "https://media.api-sports.io/football/players/47250.png"}, {"name": "Mathías Olivera", "age": 23, "nationality": "Uruguay", "height": 184, "weight": 78, "photo": "https://media.api-sports.io/football/players/47254.png"}, {"name": "Damián Suárez", "age": 32, "nationality": "Uruguay", "height": 172, "weight": 61, "photo": "https://media.api-sports.io/football/players/47257.png"}, {"name": "Nyom", "age": 32, "nationality": "Cameroon", "height": 188, "weight": 78, "photo": "https://media.api-sports.io/football/players/47407.png"}, {"name": "Erick Cabaco", "age": 25, "nationality": "Uruguay", "height": 185, "weight": 84, "photo": "https://media.api-sports.io/football/players/47452.png"}, {"name": "Jason", "age": 26, "nationality": "Spain", "height": 178, "weight": 65, "photo": "https://media.api-sports.io/football/players/47473.png"}, {"name": "Pere Pons", "age": 27, "nationality": "Spain", "height": 177, "weight": 70, "photo": "https://media.api-sports.io/football/players/47518.png"}, {"name": "Carles Aleñá", "age": 22, "nationality": "Spain", "height": 180, "weight": 73, "photo": "https://media.api-sports.io/football/players/143.png"}, {"name": "Jota", "age": 21, "nationality": "Portugal", "height": 175, "weight": 60, "photo": "https://media.api-sports.io/football/players/581.png"}, {"name": "Jaime Mata", "age": 32, "nationality": "Spain", "height": 185, "weight": 79, "photo": "https://media.api-sports.io/football/players/2671.png"}, {"name": "David Timor", "age": 31, "nationality": "Spain", "height": 185, "weight": 80, "photo": "https://media.api-sports.io/football/players/47010.png"}, {"name": "Álvaro Fernández", "age": 22, "nationality": "Spain", "height": 185, "weight": 75, "photo": "https://media.api-sports.io/football/players/47016.png"}, {"name": "Mauro Arambarri", "age": 25, "nationality": "Uruguay", "height": 175, "weight": 74, "photo": "https://media.api-sports.io/football/players/47258.png"}, {"name": "Sandro Ramírez", "age": 25, "nationality": "Spain", "height": 175, "weight": 71, "photo": "https://media.api-sports.io/football/players/47324.png"}, {"name": "Óscar Rodríguez", "age": 22, "nationality": "Spain", "height": 174, "weight": 67, "photo": "https://media.api-sports.io/football/players/47416.png"}, {"name": "Enes Ünal", "age": 23, "nationality": "Turkey", "height": 187, "weight": 78, "photo": "https://media.api-sports.io/football/players/47499.png"}, {"name": "Omenuke Mfulu", "age": 26, "nationality": "Congo DR", "height": 182, "weight": 76, "photo": "https://media.api-sports.io/football/players/21070.png"}, {"name": "Óscar Duarte", "age": 31, "nationality": "Costa Rica", "height": 186, "weight": 81, "photo": "https://media.api-sports.io/football/players/47328.png"}, {"name": "Marc Cucurella", "age": 22, "nationality": "Spain", "height": 172, "weight": 66, "photo": "https://media.api-sports.io/football/players/47380.png"}, {"name": "Papakouly Diop", "age": 34, "nationality": "Senegal", "height": 180, "weight": 77, "photo": "https://media.api-sports.io/football/players/47387.png"}, {"name": "Aitor Fernández", "age": 29, "nationality": "Spain", "height": 182, "weight": 78, "photo": "https://media.api-sports.io/football/players/47448.png"}, {"name": "Roger", "age": 25, "nationality": "Spain", "height": 182, "weight": 74, "photo": "https://media.api-sports.io/football/players/47460.png"}, {"name": "Juan Camilo Hernández", "age": 21, "nationality": "Colombia", "height": 176, "weight": 73, "photo": "https://media.api-sports.io/football/players/47582.png"}, {"name": "Son", "age": 26, "nationality": "Spain", "height": 178, "weight": 72, "photo": "https://media.api-sports.io/football/players/131538.png"}, {"name": "Roberto Soldado", "age": 35, "nationality": "Spain", "height": 180, "weight": 74, "photo": "https://media.api-sports.io/football/players/1375.png"}, {"name": "Carlos Clerc", "age": 28, "nationality": "Spain", "height": 182, "weight": 72, "photo": "https://media.api-sports.io/football/players/46651.png"}, {"name": "Mickaël Malsa", "age": 25, "nationality": "Martinique", "height": 178, "weight": 69, "photo": "https://media.api-sports.io/football/players/46714.png"}, {"name": "Nemanja Radoja", "age": 27, "nationality": "Serbia", "height": 186, "weight": 77, "photo": "https://media.api-sports.io/football/players/47441.png"}, {"name": "Coke", "age": 33, "nationality": "Spain", "height": 182, "weight": 78, "photo": "https://media.api-sports.io/football/players/47451.png"}, {"name": "Rúben Vezo", "age": 26, "nationality": "Portugal", "height": 182, "weight": 80, "photo": "https://media.api-sports.io/football/players/47457.png"}, {"name": "Sergio Postigo", "age": 32, "nationality": "Spain", "height": 184, "weight": 78, "photo": "https://media.api-sports.io/football/players/47458.png"}, {"name": "Enis Bardhi", "age": 25, "nationality": "North Macedonia", "height": 172, "weight": 67, "photo": "https://media.api-sports.io/football/players/47461.png"}, {"name": "Morales", "age": 33, "nationality": "Spain", "height": 180, "weight": 70, "photo": "https://media.api-sports.io/football/players/47467.png"}, {"name": "Roger", "age": 29, "nationality": "Spain", "height": 179, "weight": 74, "photo": "https://media.api-sports.io/football/players/47471.png"}, {"name": "Jorge Miramón", "age": 31, "nationality": "Spain", "height": 175, "weight": 74, "photo": "https://media.api-sports.io/football/players/47568.png"}, {"name": "Gonzalo Melero", "age": 26, "nationality": "Spain", "height": 183, "weight": 77, "photo": "https://media.api-sports.io/football/players/47576.png"}, {"name": "Dani Gómez", "age": 22, "nationality": "Spain", "height": 178, "weight": 69, "photo": "https://media.api-sports.io/football/players/119232.png"}, {"name": "Jorge De Frutos", "age": 23, "nationality": "Spain", "height": 173, "weight": 72, "photo": "https://media.api-sports.io/football/players/128582.png"}, {"name": "Kieran Trippier", "age": 30, "nationality": "England", "height": 178, "weight": 71, "photo": "https://media.api-sports.io/football/players/169.png"}, {"name": "Raphael Varane", "age": 27, "nationality": "France", "height": 191, "weight": 81, "photo": "https://media.api-sports.io/football/players/742.png"}, {"name": "Lucas Torreira", "age": 24, "nationality": "Uruguay", "height": 168, "weight": 64, "photo": "https://media.api-sports.io/football/players/1462.png"}, {"name": "Franco Vázquez", "age": 31, "nationality": "Argentina", "height": 187, "weight": 82, "photo": "https://media.api-sports.io/football/players/2057.png"}, {"name": "Antonio Sanabria", "age": 24, "nationality": "Paraguay", "height": 180, "weight": 70, "photo": "https://media.api-sports.io/football/players/2522.png"}, {"name": "Trincão", "age": 21, "nationality": "Portugal", "height": 183, "weight": 77, "photo": "https://media.api-sports.io/football/players/41112.png"}, {"name": "Jony", "age": 29, "nationality": "Spain", "height": 179, "weight": 76, "photo": "https://media.api-sports.io/football/players/47366.png"}, {"name": "Jan Oblak", "age": 27, "nationality": "Slovenia", "height": 188, "weight": 87, "photo": "https://media.api-sports.io/football/players/29.png"}, {"name": "Marc-André ter Stegen", "age": 28, "nationality": "Germany", "height": 187, "weight": 85, "photo": "https://media.api-sports.io/football/players/127.png"}, {"name": "Jordi Alba", "age": 31, "nationality": "Spain", "height": 170, "weight": 68, "photo": "https://media.api-sports.io/football/players/128.png"}, {"name": "Frenkie de Jong", "age": 23, "nationality": "Netherlands", "height": 180, "weight": 74, "photo": "https://media.api-sports.io/football/players/538.png"}, {"name": "Daniel Wass", "age": 31, "nationality": "Denmark", "height": 181, "weight": 74, "photo": "https://media.api-sports.io/football/players/932.png"}, {"name": "Nemanja Gudelj", "age": 29, "nationality": "Serbia", "height": 187, "weight": 81, "photo": "https://media.api-sports.io/football/players/1489.png"}, {"name": "Aissa Mandi", "age": 29, "nationality": "Algeria", "height": 184, "weight": 78, "photo": "https://media.api-sports.io/football/players/1567.png"}, {"name": "Marko Dmitrovic", "age": 28, "nationality": "Serbia", "height": 194, "weight": 94, "photo": "https://media.api-sports.io/football/players/2813.png"}, {"name": "Nemanja Maksimovic", "age": 25, "nationality": "Serbia", "height": 189, "weight": 78, "photo": "https://media.api-sports.io/football/players/2824.png"}, {"name": "Alexander Isak", "age": 21, "nationality": "Sweden", "height": 190, "weight": 70, "photo": "https://media.api-sports.io/football/players/2864.png"}, {"name": "Saidy Janko", "age": 25, "nationality": "Gambia", "height": 181, "weight": 83, "photo": "https://media.api-sports.io/football/players/19291.png"}, {"name": "Uros Racic", "age": 22, "nationality": "Serbia", "height": 193, "weight": 81, "photo": "https://media.api-sports.io/football/players/47087.png"}, {"name": "Unai Simón", "age": 23, "nationality": "Spain", "height": 190, "weight": 88, "photo": "https://media.api-sports.io/football/players/47270.png"}, {"name": "Jens Jonsson", "age": 27, "nationality": "Denmark", "height": 182, "weight": 78, "photo": "https://media.api-sports.io/football/players/50009.png"}, {"name": "Shon Weissman", "age": 24, "nationality": "Israel", "height": 174, "weight": null, "photo": "https://media.api-sports.io/football/players/70339.png"}, {"name": "Stefan Savic", "age": 29, "nationality": "Montenegro", "height": 187, "weight": 81, "photo": "https://media.api-sports.io/football/players/39.png"}, {"name": "Koke", "age": 28, "nationality": "Spain", "height": 176, "weight": 77, "photo": "https://media.api-sports.io/football/players/50.png"}, {"name": "Ángel Correa", "age": 25, "nationality": "Argentina", "height": 171, "weight": 70, "photo": "https://media.api-sports.io/football/players/53.png"}, {"name": "Sergio Busquets", "age": 32, "nationality": "Spain", "height": 189, "weight": 76, "photo": "https://media.api-sports.io/football/players/144.png"}, {"name": "José Gayá", "age": 25, "nationality": "Spain", "height": 172, "weight": 66, "photo": "https://media.api-sports.io/football/players/918.png"}, {"name": "Carlos Soler", "age": 23, "nationality": "Spain", "height": 180, "weight": 76, "photo": "https://media.api-sports.io/football/players/930.png"}, {"name": "Marcos Acuña", "age": 29, "nationality": "Argentina", "height": 172, "weight": 69, "photo": "https://media.api-sports.io/football/players/1493.png"}, {"name": "Lucas Ocampos", "age": 26, "nationality": "Argentina", "height": 187, "weight": 84, "photo": "https://media.api-sports.io/football/players/1911.png"}, {"name": "Guido Rodríguez", "age": 26, "nationality": "Argentina", "height": 185, "weight": 78, "photo": "https://media.api-sports.io/football/players/2476.png"}, {"name": "Iñigo Martínez", "age": 29, "nationality": "Spain", "height": 182, "weight": 76, "photo": "https://media.api-sports.io/football/players/2670.png"}, {"name": "Alejandro Gomez", "age": 32, "nationality": "Argentina", "height": 167, "weight": 68, "photo": "https://media.api-sports.io/football/players/30433.png"}, {"name": "Mikel Merino", "age": 24, "nationality": "Spain", "height": 188, "weight": 83, "photo": "https://media.api-sports.io/football/players/47311.png"}, {"name": "Brais Méndez", "age": 23, "nationality": "Spain", "height": 187, "weight": 76, "photo": "https://media.api-sports.io/football/players/47440.png"}]