[{"name": "Hal Robson-Kanu", "age": 31, "nationality": "Wales", "height": 183, "weight": 83, "photo": "https://media.api-sports.io/football/players/19168.png"}, {"name": "Alireza Jahanbakhsh", "age": 27, "nationality": "Iran", "height": 180, "weight": 76, "photo": "https://media.api-sports.io/football/players/2700.png"}, {"name": "Joachim Andersen", "age": 24, "nationality": "Denmark", "height": 192, "weight": 90, "photo": "https://media.api-sports.io/football/players/2729.png"}, {"name": "Vicente Guaita", "age": 33, "nationality": "Spain", "height": 190, "weight": 81, "photo": "https://media.api-sports.io/football/players/18835.png"}, {"name": "Jeffrey Schlupp", "age": 28, "nationality": "Ghana", "height": 178, "weight": 72, "photo": "https://media.api-sports.io/football/players/18843.png"}, {"name": "Joel Ward", "age": 31, "nationality": "England", "height": 188, "weight": 83, "photo": "https://media.api-sports.io/football/players/18847.png"}, {"name": "James McArthur", "age": 33, "nationality": "Scotland", "height": 178, "weight": 75, "photo": "https://media.api-sports.io/football/players/18849.png"}, {"name": "Luka Milivojevic", "age": 29, "nationality": "Serbia", "height": 186, "weight": 80, "photo": "https://media.api-sports.io/football/players/18852.png"}, {"name": "Eberechi Eze", "age": 22, "nationality": "England", "height": null, "weight": null, "photo": "https://media.api-sports.io/football/players/19586.png"}, {"name": "Aaron Connolly", "age": 20, "nationality": "Republic of Ireland", "height": null, "weight": null, "photo": "https://media.api-sports.io/football/players/19772.png"}, {"name": "Tyrick Mitchell", "age": 21, "nationality": "England", "height": null, "weight": null, "photo": "https://media.api-sports.io/football/players/182201.png"}, {"name": "Christian Benteke", "age": 30, "nationality": "Belgium", "height": 190, "weight": 83, "photo": "https://media.api-sports.io/football/players/2928.png"}, {"name": "Jairo Riedewald", "age": 24, "nationality": "Netherlands", "height": 182, "weight": 79, "photo": "https://media.api-sports.io/football/players/18853.png"}, {"name": "Vitinha", "age": 20, "nationality": "Portugal", "height": 172, "weight": 64, "photo": "https://media.api-sports.io/football/players/128384.png"}, {"name": "Toby Alderweireld", "age": 31, "nationality": "Belgium", "height": 186, "weight": 81, "photo": "https://media.api-sports.io/football/players/162.png"}, {"name": "James Rodríguez", "age": 29, "nationality": "Colombia", "height": 180, "weight": 75, "photo": "https://media.api-sports.io/football/players/517.png"}, {"name": "Josh Maja", "age": 22, "nationality": "Nigeria", "height": 180, "weight": 74, "photo": "https://media.api-sports.io/football/players/1279.png"}, {"name": "Willian", "age": 32, "nationality": "Brazil", "height": 175, "weight": 77, "photo": "https://media.api-sports.io/football/players/2294.png"}, {"name": "Mbaye Diagne", "age": 29, "nationality": "Senegal", "height": 191, "weight": 86, "photo": "https://media.api-sports.io/football/players/458.png"}, {"name": "Michy Batshuayi", "age": 27, "nationality": "Belgium", "height": 184, "weight": 76, "photo": "https://media.api-sports.io/football/players/2927.png"}, {"name": "Jordan Ayew", "age": 29, "nationality": "Ghana", "height": 182, "weight": 80, "photo": "https://media.api-sports.io/football/players/3428.png"}, {"name": "Patrick van Aanholt", "age": 30, "nationality": "Netherlands", "height": 176, "weight": 74, "photo": "https://media.api-sports.io/football/players/18845.png"}, {"name": "Ezgjan Alioski", "age": 28, "nationality": "North Macedonia", "height": 173, "weight": 63, "photo": "https://media.api-sports.io/football/players/19133.png"}, {"name": "Serge Aurier", "age": 28, "nationality": "Côte d'Ivoire", "height": 176, "weight": 76, "photo": "https://media.api-sports.io/football/players/163.png"}, {"name": "Erik Lamela", "age": 28, "nationality": "Argentina", "height": 181, "weight": 79, "photo": "https://media.api-sports.io/football/players/176.png"}, {"name": "Dani Ceballos", "age": 24, "nationality": "Spain", "height": 179, "weight": 70, "photo": "https://media.api-sports.io/football/players/748.png"}, {"name": "Gareth Bale", "age": 31, "nationality": "Wales", "height": 185, "weight": 81, "photo": "https://media.api-sports.io/football/players/758.png"}, {"name": "Ferrán Torres", "age": 20, "nationality": "Spain", "height": 184, "weight": 77, "photo": "https://media.api-sports.io/football/players/931.png"}, {"name": "Héctor Bellerín", "age": 25, "nationality": "Spain", "height": 178, "weight": 74, "photo": "https://media.api-sports.io/football/players/1439.png"}, {"name": "Sébastien Haller", "age": 26, "nationality": "Côte d'Ivoire", "height": 190, "weight": 82, "photo": "https://media.api-sports.io/football/players/1826.png"}, {"name": "Wilfried Zaha", "age": 28, "nationality": "Côte d'Ivoire", "height": 180, "weight": 66, "photo": "https://media.api-sports.io/football/players/3247.png"}, {"name": "Hélder Costa", "age": 26, "nationality": "Angola", "height": 178, "weight": 69, "photo": "https://media.api-sports.io/football/players/18752.png"}, {"name": "Okay Yokuslu", "age": 26, "nationality": "Turkey", "height": 190, "weight": 79, "photo": "https://media.api-sports.io/football/players/47443.png"}, {"name": "Christian Pulisic", "age": 22, "nationality": "USA", "height": 172, "weight": 69, "photo": "https://media.api-sports.io/football/players/17.png"}, {"name": "Thiago Silva", "age": 36, "nationality": "Brazil", "height": 183, "weight": 79, "photo": "https://media.api-sports.io/football/players/259.png"}, {"name": "N'Golo Kanté", "age": 29, "nationality": "France", "height": 168, "weight": 68, "photo": "https://media.api-sports.io/football/players/2290.png"}, {"name": "Mateo Kovacic", "age": 26, "nationality": "Croatia", "height": 178, "weight": 78, "photo": "https://media.api-sports.io/football/players/2291.png"}, {"name": "Ruben Loftus-Cheek", "age": 24, "nationality": "England", "height": 191, "weight": 88, "photo": "https://media.api-sports.io/football/players/2292.png"}, {"name": "John Lundstram", "age": 26, "nationality": "England", "height": 181, "weight": 78, "photo": "https://media.api-sports.io/football/players/19104.png"}, {"name": "Pablo Hernández", "age": 35, "nationality": "Spain", "height": 173, "weight": 64, "photo": "https://media.api-sports.io/football/players/19129.png"}, {"name": "Hugo Lloris", "age": 34, "nationality": "France", "height": 188, "weight": 82, "photo": "https://media.api-sports.io/football/players/159.png"}, {"name": "Ben Davies", "age": 27, "nationality": "Wales", "height": 181, "weight": 76, "photo": "https://media.api-sports.io/football/players/164.png"}, {"name": "Davinson Sánchez", "age": 24, "nationality": "Colombia", "height": 187, "weight": 81, "photo": "https://media.api-sports.io/football/players/168.png"}, {"name": "Dele Alli", "age": 24, "nationality": "England", "height": 188, "weight": 76, "photo": "https://media.api-sports.io/football/players/172.png"}, {"name": "Eric Dier", "age": 26, "nationality": "England", "height": 188, "weight": 88, "photo": "https://media.api-sports.io/football/players/175.png"}, {"name": "Harry Winks", "age": 24, "nationality": "England", "height": 178, "weight": 65, "photo": "https://media.api-sports.io/football/players/182.png"}, {"name": "Son Heung-Min", "age": 28, "nationality": "Korea Republic", "height": 183, "weight": 78, "photo": "https://media.api-sports.io/football/players/186.png"}, {"name": "Hakim Ziyech", "age": 27, "nationality": "Morocco", "height": 181, "weight": 65, "photo": "https://media.api-sports.io/football/players/548.png"}, {"name": "Sergio Reguilón", "age": 24, "nationality": "Spain", "height": 178, "weight": 68, "photo": "https://media.api-sports.io/football/players/739.png"}, {"name": "Timo Werner", "age": 24, "nationality": "Germany", "height": 180, "weight": 75, "photo": "https://media.api-sports.io/football/players/1166.png"}, {"name": "Ross Barkley", "age": 27, "nationality": "England", "height": 189, "weight": 76, "photo": "https://media.api-sports.io/football/players/2287.png"}, {"name": "Callum Hudson-Odoi", "age": 20, "nationality": "England", "height": 182, "weight": 76, "photo": "https://media.api-sports.io/football/players/2298.png"}, {"name": "Pierre-Emile Højbjerg", "age": 25, "nationality": "Denmark", "height": 187, "weight": 84, "photo": "https://media.api-sports.io/football/players/2735.png"}, {"name": "Matt Doherty", "age": 28, "nationality": "Republic of Ireland", "height": 183, "weight": 90, "photo": "https://media.api-sports.io/football/players/18742.png"}, {"name": "Mason Mount", "age": 21, "nationality": "England", "height": 178, "weight": 70, "photo": "https://media.api-sports.io/football/players/19220.png"}, {"name": "Alisson", "age": 28, "nationality": "Brazil", "height": 193, "weight": 91, "photo": "https://media.api-sports.io/football/players/280.png"}, {"name": "Andrew Robertson", "age": 26, "nationality": "Scotland", "height": 178, "weight": 64, "photo": "https://media.api-sports.io/football/players/289.png"}, {"name": "Fabinho", "age": 27, "nationality": "Brazil", "height": 188, "weight": 78, "photo": "https://media.api-sports.io/football/players/299.png"}, {"name": "Tanguy NDombele Alvaro", "age": 24, "nationality": "France", "height": 181, "weight": 76, "photo": "https://media.api-sports.io/football/players/662.png"}, {"name": "Nathaniel Phillips", "age": 23, "nationality": "England", "height": 190, "weight": null, "photo": "https://media.api-sports.io/football/players/127472.png"}, {"name": "Thomas Partey", "age": 27, "nationality": "Ghana", "height": 185, "weight": 77, "photo": "https://media.api-sports.io/football/players/49.png"}, {"name": "Jordan Henderson", "age": 30, "nationality": "England", "height": 182, "weight": 67, "photo": "https://media.api-sports.io/football/players/292.png"}, {"name": "Curtis Jones", "age": 19, "nationality": "England", "height": 185, "weight": 75, "photo": "https://media.api-sports.io/football/players/293.png"}, {"name": "James Milner", "age": 34, "nationality": "England", "height": 175, "weight": 70, "photo": "https://media.api-sports.io/football/players/296.png"}, {"name": "Roberto Firmino", "age": 29, "nationality": "Brazil", "height": 181, "weight": 76, "photo": "https://media.api-sports.io/football/players/302.png"}, {"name": "Mohamed Salah", "age": 28, "nationality": "Egypt", "height": 175, "weight": 71, "photo": "https://media.api-sports.io/football/players/306.png"}, {"name": "Thiago Alcántara", "age": 29, "nationality": "Spain", "height": 174, "weight": 70, "photo": "https://media.api-sports.io/football/players/507.png"}, {"name": "Kieran Tierney", "age": 23, "nationality": "Scotland", "height": 178, "weight": 70, "photo": "https://media.api-sports.io/football/players/1117.png"}, {"name": "Rob Holding", "age": 25, "nationality": "England", "height": 189, "weight": 75, "photo": "https://media.api-sports.io/football/players/1440.png"}, {"name": "James McCarthy", "age": 30, "nationality": "Republic of Ireland", "height": 180, "weight": 72, "photo": "https://media.api-sports.io/football/players/18763.png"}, {"name": "Ben White", "age": 23, "nationality": "England", "height": 185, "weight": 78, "photo": "https://media.api-sports.io/football/players/19959.png"}, {"name": "Alphonse Areola", "age": 27, "nationality": "France", "height": 195, "weight": 94, "photo": "https://media.api-sports.io/football/players/253.png"}, {"name": "Mohamed Elneny", "age": 28, "nationality": "Egypt", "height": 180, "weight": 70, "photo": "https://media.api-sports.io/football/players/1452.png"}, {"name": "Granit Xhaka", "age": 28, "nationality": "Switzerland", "height": 185, "weight": 82, "photo": "https://media.api-sports.io/football/players/1464.png"}, {"name": "Alexandre Lacazette", "age": 29, "nationality": "France", "height": 175, "weight": 73, "photo": "https://media.api-sports.io/football/players/1467.png"}, {"name": "Eddie Nketiah", "age": 21, "nationality": "England", "height": 175, "weight": 72, "photo": "https://media.api-sports.io/football/players/1468.png"}, {"name": "Lukasz Fabianski", "age": 35, "nationality": "Poland", "height": 190, "weight": 83, "photo": "https://media.api-sports.io/football/players/2997.png"}, {"name": "Nicolas Pepe", "age": 25, "nationality": "Côte d'Ivoire", "height": 178, "weight": 68, "photo": "https://media.api-sports.io/football/players/3246.png"}, {"name": "Romaine Sawyers", "age": 29, "nationality": "St. Kitts and Nevis", "height": 175, "weight": 67, "photo": "https://media.api-sports.io/football/players/19359.png"}, {"name": "Vladimir Coufal", "age": 28, "nationality": "Czech Republic", "height": 179, "weight": 76, "photo": "https://media.api-sports.io/football/players/1231.png"}, {"name": "Tomas Soucek", "age": 25, "nationality": "Czech Republic", "height": 192, "weight": 86, "photo": "https://media.api-sports.io/football/players/1243.png"}, {"name": "Manuel Lanzini", "age": 27, "nationality": "Argentina", "height": 167, "weight": 59, "photo": "https://media.api-sports.io/football/players/2473.png"}, {"name": "Kurt Zouma", "age": 26, "nationality": "France", "height": 190, "weight": 96, "photo": "https://media.api-sports.io/football/players/2726.png"}, {"name": "Aaron Cresswell", "age": 31, "nationality": "England", "height": 170, "weight": 66, "photo": "https://media.api-sports.io/football/players/18813.png"}, {"name": "Issa Diop", "age": 23, "nationality": "France", "height": 194, "weight": 92, "photo": "https://media.api-sports.io/football/players/18814.png"}, {"name": "Angelo Ogbonna", "age": 32, "nationality": "Italy", "height": 191, "weight": 86, "photo": "https://media.api-sports.io/football/players/18817.png"}, {"name": "Michail Antonio", "age": 30, "nationality": "Jamaica", "height": 180, "weight": 82, "photo": "https://media.api-sports.io/football/players/18819.png"}, {"name": "Mark Noble", "age": 33, "nationality": "England", "height": 180, "weight": 70, "photo": "https://media.api-sports.io/football/players/18826.png"}, {"name": "Andriy Yarmolenko", "age": 31, "nationality": "Ukraine", "height": 189, "weight": 81, "photo": "https://media.api-sports.io/football/players/18834.png"}, {"name": "Craig Dawson", "age": 30, "nationality": "England", "height": 188, "weight": 82, "photo": "https://media.api-sports.io/football/players/19147.png"}, {"name": "Rúben Dias", "age": 23, "nationality": "Portugal", "height": 186, "weight": 76, "photo": "https://media.api-sports.io/football/players/567.png"}, {"name": "Ederson", "age": 27, "nationality": "Brazil", "height": 188, "weight": 86, "photo": "https://media.api-sports.io/football/players/617.png"}, {"name": "Kevin De Bruyne", "age": 29, "nationality": "Belgium", "height": 181, "weight": 68, "photo": "https://media.api-sports.io/football/players/629.png"}, {"name": "Bernardo Silva", "age": 26, "nationality": "Portugal", "height": 173, "weight": 64, "photo": "https://media.api-sports.io/football/players/636.png"}, {"name": "Fernandinho", "age": 35, "nationality": "Brazil", "height": 179, "weight": 67, "photo": "https://media.api-sports.io/football/players/640.png"}, {"name": "Oleksandr Zinchenko", "age": 24, "nationality": "Ukraine", "height": 175, "weight": 64, "photo": "https://media.api-sports.io/football/players/641.png"}, {"name": "Gabriel Jesus", "age": 23, "nationality": "Brazil", "height": 175, "weight": 73, "photo": "https://media.api-sports.io/football/players/643.png"}, {"name": "Raheem Sterling", "age": 26, "nationality": "England", "height": 170, "weight": 69, "photo": "https://media.api-sports.io/football/players/645.png"}, {"name": "João Cancelo", "age": 26, "nationality": "Portugal", "height": 182, "weight": 74, "photo": "https://media.api-sports.io/football/players/855.png"}, {"name": "Declan Rice", "age": 21, "nationality": "England", "height": 185, "weight": 76, "photo": "https://media.api-sports.io/football/players/2937.png"}, {"name": "Jack Grealish", "age": 25, "nationality": "England", "height": 175, "weight": 68, "photo": "https://media.api-sports.io/football/players/19187.png"}, {"name": "Jarrod Bowen", "age": 24, "nationality": "England", "height": null, "weight": null, "photo": "https://media.api-sports.io/football/players/19428.png"}, {"name": "James Justin", "age": 22, "nationality": "England", "height": 183, "weight": 80, "photo": "https://media.api-sports.io/football/players/19760.png"}, {"name": "Kelechi Iheanacho", "age": 24, "nationality": "Nigeria", "height": 185, "weight": 82, "photo": "https://media.api-sports.io/football/players/2778.png"}, {"name": "Timothy Castagne", "age": 25, "nationality": "Belgium", "height": 185, "weight": 80, "photo": "https://media.api-sports.io/football/players/2920.png"}, {"name": "Youri Tielemans", "age": 23, "nationality": "Belgium", "height": 176, "weight": 72, "photo": "https://media.api-sports.io/football/players/2926.png"}, {"name": "Ademola Lookman", "age": 23, "nationality": "England", "height": 174, "weight": 78, "photo": "https://media.api-sports.io/football/players/18767.png"}, {"name": "Ricardo Pereira", "age": 27, "nationality": "Portugal", "height": 175, "weight": 70, "photo": "https://media.api-sports.io/football/players/18771.png"}, {"name": "Caglar Söyüncü", "age": 24, "nationality": "Turkey", "height": 185, "weight": 82, "photo": "https://media.api-sports.io/football/players/18776.png"}, {"name": "Marc Albrighton", "age": 31, "nationality": "England", "height": 175, "weight": 74, "photo": "https://media.api-sports.io/football/players/18777.png"}, {"name": "Harvey Barnes", "age": 23, "nationality": "England", "height": 174, "weight": 66, "photo": "https://media.api-sports.io/football/players/18778.png"}, {"name": "James Maddison", "age": 24, "nationality": "England", "height": 175, "weight": 73, "photo": "https://media.api-sports.io/football/players/18784.png"}, {"name": "Wilfred Ndidi", "age": 24, "nationality": "Nigeria", "height": 183, "weight": 74, "photo": "https://media.api-sports.io/football/players/18786.png"}, {"name": "Jamie Vardy", "age": 33, "nationality": "England", "height": 179, "weight": 74, "photo": "https://media.api-sports.io/football/players/18788.png"}, {"name": "Ayoze Pérez", "age": 27, "nationality": "Spain", "height": 178, "weight": 72, "photo": "https://media.api-sports.io/football/players/18906.png"}, {"name": "Ryan Bertrand", "age": 31, "nationality": "England", "height": 179, "weight": 85, "photo": "https://media.api-sports.io/football/players/18936.png"}, {"name": "Wesley Fofana", "age": 20, "nationality": "France", "height": 190, "weight": null, "photo": "https://media.api-sports.io/football/players/22094.png"}, {"name": "Adam Lallana", "age": 32, "nationality": "England", "height": 172, "weight": 73, "photo": "https://media.api-sports.io/football/players/295.png"}, {"name": "Joël Veltman", "age": 28, "nationality": "Netherlands", "height": 184, "weight": 75, "photo": "https://media.api-sports.io/football/players/537.png"}, {"name": "Leandro Trossard", "age": 26, "nationality": "Belgium", "height": 171, "weight": 61, "photo": "https://media.api-sports.io/football/players/1946.png"}, {"name": "Steven Alzate", "age": 22, "nationality": "Colombia", "height": 180, "weight": null, "photo": "https://media.api-sports.io/football/players/17715.png"}, {"name": "Nick Pope", "age": 28, "nationality": "England", "height": 191, "weight": 76, "photo": "https://media.api-sports.io/football/players/18911.png"}, {"name": "Dan Burn", "age": 28, "nationality": "England", "height": 198, "weight": 87, "photo": "https://media.api-sports.io/football/players/18961.png"}, {"name": "Lewis Dunk", "age": 29, "nationality": "England", "height": 192, "weight": 88, "photo": "https://media.api-sports.io/football/players/18963.png"}, {"name": "Pascal Groß", "age": 29, "nationality": "Germany", "height": 181, "weight": 78, "photo": "https://media.api-sports.io/football/players/18970.png"}, {"name": "Solly March", "age": 26, "nationality": "England", "height": 180, "weight": 88, "photo": "https://media.api-sports.io/football/players/18973.png"}, {"name": "Adam Webster", "age": 25, "nationality": "England", "height": 191, "weight": 75, "photo": "https://media.api-sports.io/football/players/19265.png"}, {"name": "Neal Maupay", "age": 24, "nationality": "France", "height": 173, "weight": 69, "photo": "https://media.api-sports.io/football/players/19364.png"}, {"name": "Johann Berg Gudmundsson", "age": 30, "nationality": "Iceland", "height": 186, "weight": 78, "photo": "https://media.api-sports.io/football/players/2790.png"}, {"name": "James Tarkowski", "age": 28, "nationality": "England", "height": 185, "weight": 81, "photo": "https://media.api-sports.io/football/players/2936.png"}, {"name": "Matthew Lowton", "age": 31, "nationality": "England", "height": 180, "weight": 78, "photo": "https://media.api-sports.io/football/players/18916.png"}, {"name": "Ben Mee", "age": 31, "nationality": "England", "height": 180, "weight": 74, "photo": "https://media.api-sports.io/football/players/18917.png"}, {"name": "Charlie Taylor", "age": 27, "nationality": "England", "height": 176, "weight": 70, "photo": "https://media.api-sports.io/football/players/18918.png"}, {"name": "Jack Cork", "age": 31, "nationality": "England", "height": 183, "weight": 70, "photo": "https://media.api-sports.io/football/players/18922.png"}, {"name": "Ashley Westwood", "age": 30, "nationality": "England", "height": 175, "weight": 80, "photo": "https://media.api-sports.io/football/players/18926.png"}, {"name": "Ashley Barnes", "age": 31, "nationality": "England", "height": 186, "weight": 77, "photo": "https://media.api-sports.io/football/players/18927.png"}, {"name": "Dwight McNeil", "age": 21, "nationality": "England", "height": null, "weight": null, "photo": "https://media.api-sports.io/football/players/18929.png"}, {"name": "Matej Vydra", "age": 28, "nationality": "Czech Republic", "height": 180, "weight": 71, "photo": "https://media.api-sports.io/football/players/18930.png"}, {"name": "Jay Rodriguez", "age": 31, "nationality": "England", "height": 185, "weight": 80, "photo": "https://media.api-sports.io/football/players/19169.png"}, {"name": "Josh Brownhill", "age": 25, "nationality": "England", "height": 178, "weight": 69, "photo": "https://media.api-sports.io/football/players/19268.png"}, {"name": "Erik Pieters", "age": 32, "nationality": "Netherlands", "height": 183, "weight": 84, "photo": "https://media.api-sports.io/football/players/21383.png"}, {"name": "Kenny Tete", "age": 25, "nationality": "Netherlands", "height": 180, "weight": 71, "photo": "https://media.api-sports.io/football/players/657.png"}, {"name": "Bobby Reid", "age": 27, "nationality": "Jamaica", "height": 170, "weight": 68, "photo": "https://media.api-sports.io/football/players/19004.png"}, {"name": "Joe Bryan", "age": 27, "nationality": "England", "height": 170, "weight": 72, "photo": "https://media.api-sports.io/football/players/19015.png"}, {"name": "Tosin Adarabioyo", "age": 23, "nationality": "England", "height": 196, "weight": 80, "photo": "https://media.api-sports.io/football/players/19145.png"}, {"name": "Harrison Reed", "age": 25, "nationality": "England", "height": 181, "weight": 72, "photo": "https://media.api-sports.io/football/players/19480.png"}, {"name": "Antonee Robinson", "age": 23, "nationality": "USA", "height": 176, "weight": 70, "photo": "https://media.api-sports.io/football/players/19549.png"}, {"name": "Moussa Sissoko", "age": 31, "nationality": "France", "height": 187, "weight": 83, "photo": "https://media.api-sports.io/football/players/179.png"}, {"name": "Raphinha", "age": 24, "nationality": "Brazil", "height": 176, "weight": 58, "photo": "https://media.api-sports.io/football/players/1496.png"}, {"name": "Mateusz Klich", "age": 30, "nationality": "Poland", "height": 183, "weight": 84, "photo": "https://media.api-sports.io/football/players/3008.png"}, {"name": "Luke Ayling", "age": 29, "nationality": "England", "height": 183, "weight": 72, "photo": "https://media.api-sports.io/football/players/19116.png"}, {"name": "Liam Cooper", "age": 29, "nationality": "Scotland", "height": 180, "weight": 73, "photo": "https://media.api-sports.io/football/players/19118.png"}, {"name": "Jack Harrison", "age": 24, "nationality": "England", "height": 175, "weight": 70, "photo": "https://media.api-sports.io/football/players/19128.png"}, {"name": "Patrick Bamford", "age": 27, "nationality": "England", "height": 185, "weight": 71, "photo": "https://media.api-sports.io/football/players/19134.png"}, {"name": "Tyler Roberts", "age": 21, "nationality": "Wales", "height": 180, "weight": 75, "photo": "https://media.api-sports.io/football/players/19139.png"}, {"name": "Daniel James", "age": 23, "nationality": "Wales", "height": 171, "weight": 76, "photo": "https://media.api-sports.io/football/players/19329.png"}, {"name": "Illan Meslier", "age": 20, "nationality": "France", "height": 196, "weight": 74, "photo": "https://media.api-sports.io/football/players/20619.png"}, {"name": "Robin Koch", "age": 24, "nationality": "Germany", "height": 192, "weight": 85, "photo": "https://media.api-sports.io/football/players/26238.png"}, {"name": "Pascal Struijk", "age": 21, "nationality": "Netherlands", "height": 190, "weight": 79, "photo": "https://media.api-sports.io/football/players/64003.png"}, {"name": "Oliver McBurnie", "age": 23, "nationality": "Scotland", "height": 188, "weight": 74, "photo": "https://media.api-sports.io/football/players/1124.png"}, {"name": "George Baldock", "age": 27, "nationality": "England", "height": 178, "weight": 71, "photo": "https://media.api-sports.io/football/players/19090.png"}, {"name": "Chris Basham", "age": 32, "nationality": "England", "height": 190, "weight": 80, "photo": "https://media.api-sports.io/football/players/19091.png"}, {"name": "John Egan", "age": 28, "nationality": "Republic of Ireland", "height": 185, "weight": 75, "photo": "https://media.api-sports.io/football/players/19093.png"}, {"name": "Enda Stevens", "age": 30, "nationality": "Republic of Ireland", "height": 183, "weight": 78, "photo": "https://media.api-sports.io/football/players/19097.png"}, {"name": "John Fleck", "age": 29, "nationality": "Scotland", "height": 170, "weight": 72, "photo": "https://media.api-sports.io/football/players/19102.png"}, {"name": "Oliver Norwood", "age": 29, "nationality": "Northern Ireland", "height": 180, "weight": 75, "photo": "https://media.api-sports.io/football/players/19105.png"}, {"name": "Jayden Bogle", "age": 20, "nationality": "England", "height": null, "weight": null, "photo": "https://media.api-sports.io/football/players/19201.png"}, {"name": "Ben Osborn", "age": 26, "nationality": "England", "height": 176, "weight": 75, "photo": "https://media.api-sports.io/football/players/19302.png"}, {"name": "Kyle Walker-Peters", "age": 23, "nationality": "England", "height": 173, "weight": 62, "photo": "https://media.api-sports.io/football/players/171.png"}, {"name": "Rhian Brewster", "age": 20, "nationality": "England", "height": 180, "weight": 75, "photo": "https://media.api-sports.io/football/players/303.png"}, {"name": "Jan Bednarek", "age": 24, "nationality": "Poland", "height": 189, "weight": 77, "photo": "https://media.api-sports.io/football/players/2999.png"}, {"name": "Alex McCarthy", "age": 31, "nationality": "England", "height": 193, "weight": 79, "photo": "https://media.api-sports.io/football/players/18935.png"}, {"name": "Jack Stephens", "age": 26, "nationality": "England", "height": 185, "weight": 75, "photo": "https://media.api-sports.io/football/players/18940.png"}, {"name": "Oriol Romeu", "age": 29, "nationality": "Spain", "height": 183, "weight": 83, "photo": "https://media.api-sports.io/football/players/18949.png"}, {"name": "David McGoldrick", "age": 33, "nationality": "Republic of Ireland", "height": 183, "weight": 74, "photo": "https://media.api-sports.io/football/players/19108.png"}, {"name": "Billy Sharp", "age": 34, "nationality": "England", "height": 175, "weight": 70, "photo": "https://media.api-sports.io/football/players/19109.png"}, {"name": "Oliver McBurnie", "age": 24, "nationality": "Scotland", "height": 188, "weight": 79, "photo": "https://media.api-sports.io/football/players/19337.png"}, {"name": "Luke Shaw", "age": 25, "nationality": "England", "height": 185, "weight": 75, "photo": "https://media.api-sports.io/football/players/891.png"}, {"name": "James Ward-Prowse", "age": 26, "nationality": "England", "height": 173, "weight": 66, "photo": "https://media.api-sports.io/football/players/2938.png"}, {"name": "Theo Walcott", "age": 31, "nationality": "England", "height": 176, "weight": 68, "photo": "https://media.api-sports.io/football/players/18769.png"}, {"name": "Aaron Wan-Bissaka", "age": 23, "nationality": "England", "height": 183, "weight": 72, "photo": "https://media.api-sports.io/football/players/18846.png"}, {"name": "Stuart Armstrong", "age": 28, "nationality": "Scotland", "height": 183, "weight": 75, "photo": "https://media.api-sports.io/football/players/18945.png"}, {"name": "Nathan Redmond", "age": 26, "nationality": "England", "height": 173, "weight": 69, "photo": "https://media.api-sports.io/football/players/18948.png"}, {"name": "Che Adams", "age": 24, "nationality": "Scotland", "height": 175, "weight": 70, "photo": "https://media.api-sports.io/football/players/19524.png"}, {"name": "Ibrahima Diallo", "age": 21, "nationality": "France", "height": 179, "weight": 68, "photo": "https://media.api-sports.io/football/players/20557.png"}, {"name": "Nathan Tella", "age": 21, "nationality": "England", "height": null, "weight": null, "photo": "https://media.api-sports.io/football/players/231029.png"}, {"name": "Edinson Cavani", "age": 33, "nationality": "Uruguay", "height": 184, "weight": 71, "photo": "https://media.api-sports.io/football/players/274.png"}, {"name": "Mason Greenwood", "age": 19, "nationality": "England", "height": 181, "weight": 70, "photo": "https://media.api-sports.io/football/players/897.png"}, {"name": "Jesse Lingard", "age": 28, "nationality": "England", "height": 175, "weight": 62, "photo": "https://media.api-sports.io/football/players/900.png"}, {"name": "Nemanja Matic", "age": 32, "nationality": "Serbia", "height": 194, "weight": 85, "photo": "https://media.api-sports.io/football/players/902.png"}, {"name": "Scott McTominay", "age": 24, "nationality": "Scotland", "height": 193, "weight": 88, "photo": "https://media.api-sports.io/football/players/903.png"}, {"name": "Paul Pogba", "age": 27, "nationality": "France", "height": 191, "weight": 84, "photo": "https://media.api-sports.io/football/players/904.png"}, {"name": "Fred", "age": 27, "nationality": "Brazil", "height": 169, "weight": 64, "photo": "https://media.api-sports.io/football/players/905.png"}, {"name": "Anthony Martial", "age": 25, "nationality": "France", "height": 181, "weight": 76, "photo": "https://media.api-sports.io/football/players/908.png"}, {"name": "Marcus Rashford", "age": 23, "nationality": "England", "height": 180, "weight": 70, "photo": "https://media.api-sports.io/football/players/909.png"}, {"name": "Bruno Fernandes", "age": 26, "nationality": "Portugal", "height": 179, "weight": 69, "photo": "https://media.api-sports.io/football/players/1485.png"}, {"name": "Romain Saiss", "age": 30, "nationality": "Morocco", "height": 190, "weight": 80, "photo": "https://media.api-sports.io/football/players/2716.png"}, {"name": "Leander Dendoncker", "age": 25, "nationality": "Belgium", "height": 188, "weight": 83, "photo": "https://media.api-sports.io/football/players/2922.png"}, {"name": "Adama Traoré", "age": 24, "nationality": "Spain", "height": 178, "weight": 72, "photo": "https://media.api-sports.io/football/players/18753.png"}, {"name": "Allan", "age": 29, "nationality": "Brazil", "height": 173, "weight": 73, "photo": "https://media.api-sports.io/football/players/326.png"}, {"name": "Ethan Ampadu", "age": 20, "nationality": "Wales", "height": 183, "weight": 78, "photo": "https://media.api-sports.io/football/players/2279.png"}, {"name": "Yerry Mina", "age": 26, "nationality": "Colombia", "height": 195, "weight": 94, "photo": "https://media.api-sports.io/football/players/2484.png"}, {"name": "Gylfi Sigurdsson", "age": 31, "nationality": "Iceland", "height": 186, "weight": 79, "photo": "https://media.api-sports.io/football/players/2795.png"}, {"name": "Michael Keane", "age": 27, "nationality": "England", "height": 191, "weight": 82, "photo": "https://media.api-sports.io/football/players/2934.png"}, {"name": "Seamus Coleman", "age": 32, "nationality": "Republic of Ireland", "height": 177, "weight": 67, "photo": "https://media.api-sports.io/football/players/18758.png"}, {"name": "André Gomes", "age": 27, "nationality": "Portugal", "height": 188, "weight": 84, "photo": "https://media.api-sports.io/football/players/18765.png"}, {"name": "Abdoulaye Doucouré", "age": 27, "nationality": "France", "height": 184, "weight": 75, "photo": "https://media.api-sports.io/football/players/18805.png"}, {"name": "Andros Townsend", "age": 29, "nationality": "England", "height": 181, "weight": 77, "photo": "https://media.api-sports.io/football/players/18854.png"}, {"name": "Ben Godfrey", "age": 22, "nationality": "England", "height": 183, "weight": 74, "photo": "https://media.api-sports.io/football/players/19073.png"}, {"name": "Mason Holgate", "age": 24, "nationality": "England", "height": 184, "weight": 63, "photo": "https://media.api-sports.io/football/players/19150.png"}, {"name": "Alex Iwobi", "age": 24, "nationality": "Nigeria", "height": 180, "weight": 75, "photo": "https://media.api-sports.io/football/players/1455.png"}, {"name": "Olivier Giroud", "age": 34, "nationality": "France", "height": 192, "weight": 93, "photo": "https://media.api-sports.io/football/players/2295.png"}, {"name": "Richarlison", "age": 23, "nationality": "Brazil", "height": 184, "weight": 83, "photo": "https://media.api-sports.io/football/players/2413.png"}, {"name": "Franck Zambo", "age": 25, "nationality": "Cameroon", "height": 184, "weight": 78, "photo": "https://media.api-sports.io/football/players/3406.png"}, {"name": "Tom Davies", "age": 22, "nationality": "England", "height": 180, "weight": 70, "photo": "https://media.api-sports.io/football/players/18762.png"}, {"name": "Dominic Calvert-Lewin", "age": 23, "nationality": "England", "height": 187, "weight": 71, "photo": "https://media.api-sports.io/football/players/18766.png"}, {"name": "Matt Targett", "age": 25, "nationality": "England", "height": 183, "weight": 70, "photo": "https://media.api-sports.io/football/players/18941.png"}, {"name": "Anwar El Ghazi", "age": 25, "nationality": "Netherlands", "height": 188, "weight": 90, "photo": "https://media.api-sports.io/football/players/19195.png"}, {"name": "Trézéguet", "age": 26, "nationality": "Egypt", "height": 180, "weight": 71, "photo": "https://media.api-sports.io/football/players/2664.png"}, {"name": "Lucas Digne", "age": 27, "nationality": "France", "height": 178, "weight": 74, "photo": "https://media.api-sports.io/football/players/2724.png"}, {"name": "Danny Ings", "age": 28, "nationality": "England", "height": 178, "weight": 73, "photo": "https://media.api-sports.io/football/players/18955.png"}, {"name": "John McGinn", "age": 26, "nationality": "Scotland", "height": 178, "weight": 68, "photo": "https://media.api-sports.io/football/players/19191.png"}, {"name": "Jacob Ramsey", "age": 19, "nationality": "England", "height": null, "weight": null, "photo": "https://media.api-sports.io/football/players/19192.png"}, {"name": "Matthew Cash", "age": 23, "nationality": "Poland", "height": 175, "weight": null, "photo": "https://media.api-sports.io/football/players/19298.png"}, {"name": "Ezri Konsa Ngoyo", "age": 23, "nationality": "England", "height": 183, "weight": 77, "photo": "https://media.api-sports.io/football/players/19354.png"}, {"name": "Ollie Watkins", "age": 25, "nationality": "England", "height": 180, "weight": 70, "photo": "https://media.api-sports.io/football/players/19366.png"}, {"name": "Douglas Luiz", "age": 22, "nationality": "Brazil", "height": 175, "weight": 66, "photo": "https://media.api-sports.io/football/players/47522.png"}, {"name": "Ainsley Maitland-Niles", "age": 23, "nationality": "England", "height": 177, "weight": 71, "photo": "https://media.api-sports.io/football/players/1456.png"}, {"name": "Karl Darlow", "age": 30, "nationality": "England", "height": 190, "weight": 88, "photo": "https://media.api-sports.io/football/players/18885.png"}, {"name": "Ciaran Clark", "age": 31, "nationality": "Republic of Ireland", "height": 185, "weight": 88, "photo": "https://media.api-sports.io/football/players/18891.png"}, {"name": "Paul Dummett", "age": 29, "nationality": "Wales", "height": 183, "weight": 82, "photo": "https://media.api-sports.io/football/players/18892.png"}, {"name": "Federico Fernández", "age": 31, "nationality": "Argentina", "height": 190, "weight": 83, "photo": "https://media.api-sports.io/football/players/18893.png"}, {"name": "Jamaal Lascelles", "age": 27, "nationality": "England", "height": 188, "weight": 89, "photo": "https://media.api-sports.io/football/players/18894.png"}, {"name": "Jonjo Shelvey", "age": 28, "nationality": "England", "height": 184, "weight": 80, "photo": "https://media.api-sports.io/football/players/18904.png"}, {"name": "Keinan Davis", "age": 22, "nationality": "England", "height": 191, "weight": 68, "photo": "https://media.api-sports.io/football/players/19185.png"}, {"name": "Joelinton", "age": 24, "nationality": "Brazil", "height": 186, "weight": 81, "photo": "https://media.api-sports.io/football/players/723.png"}, {"name": "Miguel Almirón", "age": 26, "nationality": "Paraguay", "height": 174, "weight": 63, "photo": "https://media.api-sports.io/football/players/2507.png"}, {"name": "Callum Wilson", "age": 28, "nationality": "England", "height": 180, "weight": 66, "photo": "https://media.api-sports.io/football/players/2939.png"}, {"name": "Ryan Fraser", "age": 26, "nationality": "Scotland", "height": 163, "weight": 70, "photo": "https://media.api-sports.io/football/players/18873.png"}, {"name": "Isaac Hayden", "age": 25, "nationality": "England", "height": 185, "weight": 79, "photo": "https://media.api-sports.io/football/players/18899.png"}, {"name": "Sean Longstaff", "age": 23, "nationality": "England", "height": 181, "weight": 65, "photo": "https://media.api-sports.io/football/players/18901.png"}, {"name": "Matt Ritchie", "age": 31, "nationality": "Scotland", "height": 172, "weight": 76, "photo": "https://media.api-sports.io/football/players/18903.png"}, {"name": "Jeff Hendrick", "age": 28, "nationality": "Republic of Ireland", "height": 185, "weight": 79, "photo": "https://media.api-sports.io/football/players/18924.png"}, {"name": "Kyle Bartley", "age": 29, "nationality": "England", "height": 185, "weight": 76, "photo": "https://media.api-sports.io/football/players/19146.png"}, {"name": "Conor Townsend", "age": 27, "nationality": "England", "height": 168, "weight": 62, "photo": "https://media.api-sports.io/football/players/19152.png"}, {"name": "Jacob Murphy", "age": 25, "nationality": "England", "height": 179, "weight": 74, "photo": "https://media.api-sports.io/football/players/19163.png"}, {"name": "Dwight Gayle", "age": 31, "nationality": "England", "height": 174, "weight": 78, "photo": "https://media.api-sports.io/football/players/19166.png"}, {"name": "Darnell Furlong", "age": 25, "nationality": "England", "height": null, "weight": null, "photo": "https://media.api-sports.io/football/players/19577.png"}, {"name": "Allan Saint-Maximin", "age": 23, "nationality": "France", "height": 173, "weight": 67, "photo": "https://media.api-sports.io/football/players/22173.png"}, {"name": "Gary Cahill", "age": 35, "nationality": "England", "height": 193, "weight": 86, "photo": "https://media.api-sports.io/football/players/2281.png"}, {"name": "Grady Diangana", "age": 22, "nationality": "England", "height": 180, "weight": 73, "photo": "https://media.api-sports.io/football/players/18821.png"}, {"name": "Robbie Brady", "age": 28, "nationality": "Republic of Ireland", "height": 176, "weight": 71, "photo": "https://media.api-sports.io/football/players/18921.png"}, {"name": "Jake Livermore", "age": 31, "nationality": "England", "height": 180, "weight": 76, "photo": "https://media.api-sports.io/football/players/19160.png"}, {"name": "Matt Phillips", "age": 29, "nationality": "Scotland", "height": 183, "weight": 75, "photo": "https://media.api-sports.io/football/players/19164.png"}, {"name": "Callum Robinson", "age": 25, "nationality": "Republic of Ireland", "height": 178, "weight": 75, "photo": "https://media.api-sports.io/football/players/19462.png"}, {"name": "Riyad Mahrez", "age": 29, "nationality": "Algeria", "height": 179, "weight": 67, "photo": "https://media.api-sports.io/football/players/635.png"}, {"name": "Dennis Praet", "age": 26, "nationality": "Belgium", "height": 181, "weight": 78, "photo": "https://media.api-sports.io/football/players/2925.png"}, {"name": "Said Benrahma", "age": 25, "nationality": "Algeria", "height": 172, "weight": 67, "photo": "https://media.api-sports.io/football/players/19361.png"}, {"name": "Sadio Mané", "age": 28, "nationality": "Senegal", "height": 175, "weight": 69, "photo": "https://media.api-sports.io/football/players/304.png"}, {"name": "Victor Lindelöf", "age": 26, "nationality": "Sweden", "height": 187, "weight": 80, "photo": "https://media.api-sports.io/football/players/889.png"}, {"name": "Aleksandar Mitrovic", "age": 26, "nationality": "Serbia", "height": 187, "weight": 90, "photo": "https://media.api-sports.io/football/players/2825.png"}, {"name": "Emil Krafth", "age": 26, "nationality": "Sweden", "height": 184, "weight": 83, "photo": "https://media.api-sports.io/football/players/2855.png"}, {"name": "Edouard Mendy", "age": 28, "nationality": "Senegal", "height": 197, "weight": 86, "photo": "https://media.api-sports.io/football/players/2986.png"}, {"name": "Cheikhou Kouyaté", "age": 31, "nationality": "Senegal", "height": 189, "weight": 83, "photo": "https://media.api-sports.io/football/players/2991.png"}, {"name": "Jonny Evans", "age": 32, "nationality": "Northern Ireland", "height": 188, "weight": 77, "photo": "https://media.api-sports.io/football/players/18772.png"}, {"name": "Nampalys Mendy", "age": 28, "nationality": "Senegal", "height": 167, "weight": 73, "photo": "https://media.api-sports.io/football/players/18785.png"}, {"name": "Andy Carroll", "age": 31, "nationality": "England", "height": 193, "weight": 79, "photo": "https://media.api-sports.io/football/players/18831.png"}, {"name": "Scott Dann", "age": 33, "nationality": "England", "height": 188, "weight": 76, "photo": "https://media.api-sports.io/football/players/18839.png"}, {"name": "Stuart Dallas", "age": 29, "nationality": "Northern Ireland", "height": 183, "weight": 81, "photo": "https://media.api-sports.io/football/players/19126.png"}, {"name": "Steven Bergwijn", "age": 23, "nationality": "Netherlands", "height": 178, "weight": 78, "photo": "https://media.api-sports.io/football/players/244.png"}, {"name": "Georginio Wijnaldum", "age": 30, "nationality": "Netherlands", "height": 175, "weight": 69, "photo": "https://media.api-sports.io/football/players/300.png"}, {"name": "Ilkay Gündogan", "age": 30, "nationality": "Germany", "height": 180, "weight": 80, "photo": "https://media.api-sports.io/football/players/633.png"}, {"name": "Kai Havertz", "age": 21, "nationality": "Germany", "height": 188, "weight": 83, "photo": "https://media.api-sports.io/football/players/978.png"}, {"name": "Bernd Leno", "age": 28, "nationality": "Germany", "height": 190, "weight": 83, "photo": "https://media.api-sports.io/football/players/1438.png"}, {"name": "Antonio Rüdiger", "age": 27, "nationality": "Germany", "height": 190, "weight": 85, "photo": "https://media.api-sports.io/football/players/2285.png"}, {"name": "Kasper Schmeichel", "age": 34, "nationality": "Denmark", "height": 189, "weight": 89, "photo": "https://media.api-sports.io/football/players/2728.png"}, {"name": "Jordan Pickford", "age": 26, "nationality": "England", "height": 185, "weight": 77, "photo": "https://media.api-sports.io/football/players/2932.png"}, {"name": "Jannik Vestergaard", "age": 28, "nationality": "Denmark", "height": 199, "weight": 98, "photo": "https://media.api-sports.io/football/players/18943.png"}, {"name": "Jamal Lewis", "age": 22, "nationality": "Northern Ireland", "height": 178, "weight": 70, "photo": "https://media.api-sports.io/football/players/19076.png"}, {"name": "Sam Johnstone", "age": 27, "nationality": "England", "height": 193, "weight": 85, "photo": "https://media.api-sports.io/football/players/19143.png"}, {"name": "Harry Kane", "age": 27, "nationality": "England", "height": 188, "weight": 86, "photo": "https://media.api-sports.io/football/players/184.png"}, {"name": "Trent Alexander-Arnold", "age": 22, "nationality": "England", "height": 175, "weight": 69, "photo": "https://media.api-sports.io/football/players/283.png"}, {"name": "John Stones", "age": 26, "nationality": "England", "height": 188, "weight": 70, "photo": "https://media.api-sports.io/football/players/626.png"}, {"name": "Kyle Walker", "age": 30, "nationality": "England", "height": 178, "weight": 70, "photo": "https://media.api-sports.io/football/players/627.png"}, {"name": "Phil Foden", "age": 20, "nationality": "England", "height": 171, "weight": 70, "photo": "https://media.api-sports.io/football/players/631.png"}, {"name": "David de Gea", "age": 30, "nationality": "Spain", "height": 192, "weight": 76, "photo": "https://media.api-sports.io/football/players/882.png"}, {"name": "Emile Smith-Rowe", "age": 20, "nationality": "England", "height": 182, "weight": 79, "photo": "https://media.api-sports.io/football/players/1161.png"}, {"name": "Bukayo Saka", "age": 19, "nationality": "England", "height": 178, "weight": 65, "photo": "https://media.api-sports.io/football/players/1460.png"}, {"name": "Fabian Schär", "age": 29, "nationality": "Switzerland", "height": 188, "weight": 84, "photo": "https://media.api-sports.io/football/players/2806.png"}, {"name": "Ben Chilwell", "age": 24, "nationality": "England", "height": 178, "weight": 77, "photo": "https://media.api-sports.io/football/players/2933.png"}, {"name": "Harry Maguire", "age": 27, "nationality": "England", "height": 194, "weight": 100, "photo": "https://media.api-sports.io/football/players/2935.png"}, {"name": "Conor Coady", "age": 27, "nationality": "England", "height": 185, "weight": 75, "photo": "https://media.api-sports.io/football/players/18741.png"}, {"name": "Kalvin Phillips", "age": 25, "nationality": "England", "height": 178, "weight": 72, "photo": "https://media.api-sports.io/football/players/19130.png"}, {"name": "Tyrone Mings", "age": 27, "nationality": "England", "height": 196, "weight": 77, "photo": "https://media.api-sports.io/football/players/19179.png"}, {"name": "Tammy Abraham", "age": 23, "nationality": "England", "height": 190, "weight": 80, "photo": "https://media.api-sports.io/football/players/19194.png"}, {"name": "Reece James", "age": 21, "nationality": "England", "height": 183, "weight": 82, "photo": "https://media.api-sports.io/football/players/19545.png"}, {"name": "Aaron Ramsdale", "age": 22, "nationality": "England", "height": 188, "weight": 77, "photo": "https://media.api-sports.io/football/players/20355.png"}, {"name": "Conor Gallagher", "age": 20, "nationality": "England", "height": null, "weight": null, "photo": "https://media.api-sports.io/football/players/67972.png"}, {"name": "Rodri", "age": 24, "nationality": "Spain", "height": 191, "weight": 82, "photo": "https://media.api-sports.io/football/players/44.png"}, {"name": "Aymeric Laporte", "age": 26, "nationality": "Spain", "height": 191, "weight": 86, "photo": "https://media.api-sports.io/football/players/622.png"}, {"name": "Bertrand Traoré", "age": 25, "nationality": "Burkina Faso", "height": 181, "weight": 73, "photo": "https://media.api-sports.io/football/players/671.png"}, {"name": "Rodrigo", "age": 29, "nationality": "Spain", "height": 182, "weight": 77, "photo": "https://media.api-sports.io/football/players/935.png"}, {"name": "Pierre-Emerick Aubameyang", "age": 31, "nationality": "Gabon", "height": 187, "weight": 80, "photo": "https://media.api-sports.io/football/players/1465.png"}, {"name": "Giovani Lo Celso", "age": 24, "nationality": "Argentina", "height": 177, "weight": 68, "photo": "https://media.api-sports.io/football/players/1578.png"}, {"name": "Pablo Fornals", "age": 24, "nationality": "Spain", "height": 178, "weight": 67, "photo": "https://media.api-sports.io/football/players/1697.png"}, {"name": "César Azpilicueta", "age": 31, "nationality": "Spain", "height": 178, "weight": 76, "photo": "https://media.api-sports.io/football/players/2280.png"}, {"name": "Jorginho", "age": 29, "nationality": "Italy", "height": 180, "weight": 65, "photo": "https://media.api-sports.io/football/players/2289.png"}, {"name": "Alexis Mac Allister", "age": 22, "nationality": "Argentina", "height": 176, "weight": 72, "photo": "https://media.api-sports.io/football/players/6716.png"}, {"name": "Chris Wood", "age": 29, "nationality": "New Zealand", "height": 191, "weight": 81, "photo": "https://media.api-sports.io/football/players/18931.png"}, {"name": "Mario Lemina", "age": 27, "nationality": "Gabon", "height": 184, "weight": 85, "photo": "https://media.api-sports.io/football/players/18947.png"}, {"name": "Robert Sánchez", "age": 23, "nationality": "Spain", "height": 197, "weight": 90, "photo": "https://media.api-sports.io/football/players/18959.png"}, {"name": "Emiliano Martinez", "age": 28, "nationality": "Argentina", "height": 195, "weight": 88, "photo": "https://media.api-sports.io/football/players/19599.png"}, {"name": "Diego Llorente", "age": 27, "nationality": "Spain", "height": 186, "weight": 75, "photo": "https://media.api-sports.io/football/players/47302.png"}, {"name": "Moussa Djenepo", "age": 22, "nationality": "Mali", "height": 177, "weight": 65, "photo": "https://media.api-sports.io/football/players/2114.png"}, {"name": "Yves Bissouma", "age": 24, "nationality": "Mali", "height": 182, "weight": 80, "photo": "https://media.api-sports.io/football/players/18968.png"}]