[{"name": "Senad Lulic", "age": 34, "nationality": "Bosnia and Herzegovina", "height": 183, "weight": 75, "photo": "https://media.api-sports.io/football/players/1855.png"}, {"name": "Marco Parolo", "age": 35, "nationality": "Italy", "height": 184, "weight": 75, "photo": "https://media.api-sports.io/football/players/1857.png"}, {"name": "Borja Valero", "age": 35, "nationality": "Spain", "height": 175, "weight": 73, "photo": "https://media.api-sports.io/football/players/210.png"}, {"name": "Emmanuel Rivière", "age": 30, "nationality": "Martinique", "height": 182, "weight": 80, "photo": "https://media.api-sports.io/football/players/20539.png"}, {"name": "Christian Eriksen", "age": 28, "nationality": "Denmark", "height": 182, "weight": 76, "photo": "https://media.api-sports.io/football/players/174.png"}, {"name": "Fernando Forestieri", "age": 30, "nationality": "Italy", "height": 172, "weight": 67, "photo": "https://media.api-sports.io/football/players/19399.png"}, {"name": "Claudio Terzi", "age": 36, "nationality": "Italy", "height": 182, "weight": 73, "photo": "https://media.api-sports.io/football/players/30829.png"}, {"name": "Diego Godín", "age": 34, "nationality": "Uruguay", "height": 187, "weight": 78, "photo": "https://media.api-sports.io/football/players/32.png"}, {"name": "Andreas Pereira", "age": 24, "nationality": "Brazil", "height": 178, "weight": 71, "photo": "https://media.api-sports.io/football/players/899.png"}, {"name": "Lukas Lerager", "age": 27, "nationality": "Denmark", "height": 188, "weight": 80, "photo": "https://media.api-sports.io/football/players/2736.png"}, {"name": "Ragnar Klavan", "age": 35, "nationality": "Estonia", "height": 187, "weight": 85, "photo": "https://media.api-sports.io/football/players/30550.png"}, {"name": "Gastón Brugman", "age": 28, "nationality": "Uruguay", "height": 178, "weight": 75, "photo": "https://media.api-sports.io/football/players/31489.png"}, {"name": "Lisandro Magallán", "age": 27, "nationality": "Argentina", "height": 185, "weight": 79, "photo": "https://media.api-sports.io/football/players/534.png"}, {"name": "Thomas Ouwejan", "age": 24, "nationality": "Netherlands", "height": 178, "weight": 72, "photo": "https://media.api-sports.io/football/players/36888.png"}, {"name": "Lennart Czyborra", "age": 21, "nationality": "Germany", "height": 181, "weight": 72, "photo": "https://media.api-sports.io/football/players/37250.png"}, {"name": "Wesley Hoedt", "age": 26, "nationality": "Netherlands", "height": 188, "weight": 77, "photo": "https://media.api-sports.io/football/players/47430.png"}, {"name": "Radja Nainggolan", "age": 32, "nationality": "Belgium", "height": 176, "weight": 65, "photo": "https://media.api-sports.io/football/players/205.png"}, {"name": "Sebastien De Maio", "age": 33, "nationality": "France", "height": 190, "weight": 90, "photo": "https://media.api-sports.io/football/players/30796.png"}, {"name": "Matteo Ricci", "age": 26, "nationality": "Italy", "height": 176, "weight": 68, "photo": "https://media.api-sports.io/football/players/30838.png"}, {"name": "Sam Lammers", "age": 23, "nationality": "Netherlands", "height": 189, "weight": 77, "photo": "https://media.api-sports.io/football/players/36987.png"}, {"name": "Amer Gojak", "age": 23, "nationality": "Bosnia and Herzegovina", "height": 184, "weight": 78, "photo": "https://media.api-sports.io/football/players/1320.png"}, {"name": "Pau López", "age": 26, "nationality": "Spain", "height": 189, "weight": 77, "photo": "https://media.api-sports.io/football/players/1557.png"}, {"name": "Soualiho Meité", "age": 26, "nationality": "France", "height": 187, "weight": 80, "photo": "https://media.api-sports.io/football/players/30507.png"}, {"name": "Marlon Santos", "age": 25, "nationality": "Brazil", "height": 182, "weight": 80, "photo": "https://media.api-sports.io/football/players/30529.png"}, {"name": "Yann Karamoh", "age": 22, "nationality": "France", "height": 185, "weight": 77, "photo": "https://media.api-sports.io/football/players/1278.png"}, {"name": "Maxime Busi", "age": 21, "nationality": "Belgium", "height": 182, "weight": 75, "photo": "https://media.api-sports.io/football/players/8553.png"}, {"name": "Valentin Eysseric", "age": 28, "nationality": "France", "height": 181, "weight": 73, "photo": "https://media.api-sports.io/football/players/21096.png"}, {"name": "Bryan Dabo", "age": 28, "nationality": "Burkina Faso", "height": 187, "weight": 75, "photo": "https://media.api-sports.io/football/players/30404.png"}, {"name": "Andrea Poli", "age": 31, "nationality": "Italy", "height": 182, "weight": 77, "photo": "https://media.api-sports.io/football/players/30482.png"}, {"name": "Stefano Okaka", "age": 31, "nationality": "Italy", "height": 186, "weight": 82, "photo": "https://media.api-sports.io/football/players/30816.png"}, {"name": "Gervinho", "age": 33, "nationality": "Côte d'Ivoire", "height": 179, "weight": 66, "photo": "https://media.api-sports.io/football/players/31032.png"}, {"name": "Achraf Hakimi", "age": 22, "nationality": "Morocco", "height": 181, "weight": 73, "photo": "https://media.api-sports.io/football/players/9.png"}, {"name": "Kostas Manolas", "age": 29, "nationality": "Greece", "height": 189, "weight": 83, "photo": "https://media.api-sports.io/football/players/772.png"}, {"name": "Christian Kouamé", "age": 23, "nationality": "Côte d'Ivoire", "height": 188, "weight": 70, "photo": "https://media.api-sports.io/football/players/30789.png"}, {"name": "Vladimir Golemic", "age": 29, "nationality": "Slovenia", "height": 192, "weight": 83, "photo": "https://media.api-sports.io/football/players/30980.png"}, {"name": "Cristiano Ronaldo", "age": 35, "nationality": "Portugal", "height": 187, "weight": 83, "photo": "https://media.api-sports.io/football/players/874.png"}, {"name": "Diogo Dalot", "age": 21, "nationality": "Portugal", "height": 183, "weight": 76, "photo": "https://media.api-sports.io/football/players/886.png"}, {"name": "Romelu Lukaku", "age": 27, "nationality": "Belgium", "height": 190, "weight": 93, "photo": "https://media.api-sports.io/football/players/907.png"}, {"name": "Takehiro Tomiyasu", "age": 22, "nationality": "Japan", "height": 188, "weight": 70, "photo": "https://media.api-sports.io/football/players/2597.png"}, {"name": "Adolfo Gaich", "age": 21, "nationality": "Argentina", "height": 194, "weight": 94, "photo": "https://media.api-sports.io/football/players/6629.png"}, {"name": "Pierluigi Gollini", "age": 25, "nationality": "Italy", "height": 194, "weight": 94, "photo": "https://media.api-sports.io/football/players/30418.png"}, {"name": "Jakub Jankto", "age": 24, "nationality": "Czech Republic", "height": 184, "weight": 74, "photo": "https://media.api-sports.io/football/players/30453.png"}, {"name": "Lyanco", "age": 23, "nationality": "Brazil", "height": 187, "weight": 85, "photo": "https://media.api-sports.io/football/players/30476.png"}, {"name": "Nicolas N'Koulou", "age": 30, "nationality": "Cameroon", "height": 184, "weight": 77, "photo": "https://media.api-sports.io/football/players/30503.png"}, {"name": "Cristian Romero", "age": 22, "nationality": "Argentina", "height": 185, "weight": 79, "photo": "https://media.api-sports.io/football/players/30776.png"}, {"name": "Samir", "age": 26, "nationality": "Brazil", "height": 189, "weight": 73, "photo": "https://media.api-sports.io/football/players/30795.png"}, {"name": "Juraj Kucka", "age": 33, "nationality": "Slovakia", "height": 186, "weight": 86, "photo": "https://media.api-sports.io/football/players/31023.png"}, {"name": "Marco Sportiello", "age": 28, "nationality": "Italy", "height": 192, "weight": 87, "photo": "https://media.api-sports.io/football/players/31069.png"}, {"name": "Gonzalo Villar", "age": 22, "nationality": "Spain", "height": 181, "weight": 73, "photo": "https://media.api-sports.io/football/players/46982.png"}, {"name": "Gonzalo Escalante", "age": 27, "nationality": "Argentina", "height": 182, "weight": 76, "photo": "https://media.api-sports.io/football/players/47388.png"}, {"name": "Borja Mayoral", "age": 23, "nationality": "Spain", "height": 182, "weight": 74, "photo": "https://media.api-sports.io/football/players/47472.png"}, {"name": "David Ospina", "age": 32, "nationality": "Colombia", "height": 183, "weight": 80, "photo": "https://media.api-sports.io/football/players/313.png"}, {"name": "Aleksey Miranchuk", "age": 25, "nationality": "Russia", "height": 182, "weight": 74, "photo": "https://media.api-sports.io/football/players/484.png"}, {"name": "Ruslan Malinovskiy", "age": 27, "nationality": "Ukraine", "height": 181, "weight": 79, "photo": "https://media.api-sports.io/football/players/1938.png"}, {"name": "Luis Muriel", "age": 29, "nationality": "Colombia", "height": 179, "weight": 79, "photo": "https://media.api-sports.io/football/players/2493.png"}, {"name": "Duván Zapata", "age": 29, "nationality": "Colombia", "height": 189, "weight": 88, "photo": "https://media.api-sports.io/football/players/2495.png"}, {"name": "Mario Pasalic", "age": 25, "nationality": "Croatia", "height": 188, "weight": 82, "photo": "https://media.api-sports.io/football/players/2763.png"}, {"name": "Berat Gjimshiti", "age": 27, "nationality": "Albania", "height": 190, "weight": 83, "photo": "https://media.api-sports.io/football/players/30421.png"}, {"name": "Robin Gosens", "age": 26, "nationality": "Germany", "height": 183, "weight": 76, "photo": "https://media.api-sports.io/football/players/30422.png"}, {"name": "Hans Hateboer", "age": 26, "nationality": "Netherlands", "height": 185, "weight": 72, "photo": "https://media.api-sports.io/football/players/30423.png"}, {"name": "José Luis Palomino", "age": 30, "nationality": "Argentina", "height": 188, "weight": 87, "photo": "https://media.api-sports.io/football/players/30428.png"}, {"name": "Rafael Toloi", "age": 30, "nationality": "Italy", "height": 185, "weight": 75, "photo": "https://media.api-sports.io/football/players/30429.png"}, {"name": "Roberto Piccoli", "age": 19, "nationality": "Italy", "height": 187, "weight": 78, "photo": "https://media.api-sports.io/football/players/30440.png"}, {"name": "Merih Demiral", "age": 22, "nationality": "Turkey", "height": 192, "weight": 86, "photo": "https://media.api-sports.io/football/players/30521.png"}, {"name": "Giuseppe Pezzella", "age": 23, "nationality": "Italy", "height": 185, "weight": 81, "photo": "https://media.api-sports.io/football/players/30775.png"}, {"name": "Matteo Politano", "age": 27, "nationality": "Italy", "height": 171, "weight": 67, "photo": "https://media.api-sports.io/football/players/219.png"}, {"name": "Hirving Lozano", "age": 25, "nationality": "Mexico", "height": 175, "weight": 70, "photo": "https://media.api-sports.io/football/players/248.png"}, {"name": "Mário Rui", "age": 29, "nationality": "Portugal", "height": 170, "weight": 67, "photo": "https://media.api-sports.io/football/players/322.png"}, {"name": "Fabián", "age": 24, "nationality": "Spain", "height": 189, "weight": 70, "photo": "https://media.api-sports.io/football/players/328.png"}, {"name": "Piotr Zielinski", "age": 26, "nationality": "Poland", "height": 180, "weight": 75, "photo": "https://media.api-sports.io/football/players/329.png"}, {"name": "Dries Mertens", "age": 33, "nationality": "Belgium", "height": 169, "weight": 61, "photo": "https://media.api-sports.io/football/players/332.png"}, {"name": "Diego Demme", "age": 29, "nationality": "Germany", "height": 172, "weight": 71, "photo": "https://media.api-sports.io/football/players/1151.png"}, {"name": "Amir Rrahmani", "age": 26, "nationality": "Kosovo", "height": 192, "weight": 87, "photo": "https://media.api-sports.io/football/players/1314.png"}, {"name": "Eljif Elmas", "age": 21, "nationality": "North Macedonia", "height": 182, "weight": 68, "photo": "https://media.api-sports.io/football/players/1358.png"}, {"name": "Victor Osimhen", "age": 22, "nationality": "Nigeria", "height": 185, "weight": 78, "photo": "https://media.api-sports.io/football/players/2780.png"}, {"name": "Cristiano Biraghi", "age": 28, "nationality": "Italy", "height": 185, "weight": 78, "photo": "https://media.api-sports.io/football/players/30396.png"}, {"name": "Andrea Petagna", "age": 25, "nationality": "Italy", "height": 190, "weight": 85, "photo": "https://media.api-sports.io/football/players/30879.png"}, {"name": "Bartlomiej Dragowski", "age": 23, "nationality": "Poland", "height": 191, "weight": 74, "photo": "https://media.api-sports.io/football/players/31035.png"}, {"name": "Sofyan Amrabat", "age": 24, "nationality": "Morocco", "height": 185, "weight": 70, "photo": "https://media.api-sports.io/football/players/74.png"}, {"name": "José Callejón", "age": 33, "nationality": "Spain", "height": 178, "weight": 73, "photo": "https://media.api-sports.io/football/players/330.png"}, {"name": "Davide Calabria", "age": 24, "nationality": "Italy", "height": 177, "weight": 70, "photo": "https://media.api-sports.io/football/players/1627.png"}, {"name": "Alessio Romagnoli", "age": 25, "nationality": "Italy", "height": 185, "weight": 75, "photo": "https://media.api-sports.io/football/players/1632.png"}, {"name": "Giacomo Bonaventura", "age": 31, "nationality": "Italy", "height": 180, "weight": 75, "photo": "https://media.api-sports.io/football/players/1638.png"}, {"name": "Erick Pulgar", "age": 26, "nationality": "Chile", "height": 187, "weight": 78, "photo": "https://media.api-sports.io/football/players/2560.png"}, {"name": "Igor Julio", "age": 22, "nationality": "Brazil", "height": 185, "weight": 85, "photo": "https://media.api-sports.io/football/players/7600.png"}, {"name": "Alfred Duncan", "age": 27, "nationality": "Ghana", "height": 178, "weight": 78, "photo": "https://media.api-sports.io/football/players/30532.png"}, {"name": "Riccardo Sottil", "age": 21, "nationality": "Italy", "height": 180, "weight": 75, "photo": "https://media.api-sports.io/football/players/31507.png"}, {"name": "Gaetano Castrovilli", "age": 23, "nationality": "Italy", "height": 176, "weight": 71, "photo": "https://media.api-sports.io/football/players/31615.png"}, {"name": "Lorenzo Venuti", "age": 25, "nationality": "Italy", "height": 176, "weight": 65, "photo": "https://media.api-sports.io/football/players/31730.png"}, {"name": "Theo Hernández", "age": 23, "nationality": "France", "height": 184, "weight": 81, "photo": "https://media.api-sports.io/football/players/47300.png"}, {"name": "Alexis Saelemaekers", "age": 21, "nationality": "Belgium", "height": 180, "weight": 72, "photo": "https://media.api-sports.io/football/players/1417.png"}, {"name": "Tiemoué Bakayoko", "age": 26, "nationality": "France", "height": 185, "weight": 77, "photo": "https://media.api-sports.io/football/players/1635.png"}, {"name": "Samu Castillejo", "age": 25, "nationality": "Spain", "height": 182, "weight": 67, "photo": "https://media.api-sports.io/football/players/1641.png"}, {"name": "Franck Kessié", "age": 24, "nationality": "Côte d'Ivoire", "height": 183, "weight": 74, "photo": "https://media.api-sports.io/football/players/1642.png"}, {"name": "Ante Rebic", "age": 27, "nationality": "Croatia", "height": 185, "weight": 78, "photo": "https://media.api-sports.io/football/players/1831.png"}, {"name": "Fikayo Tomori", "age": 23, "nationality": "England", "height": 185, "weight": 75, "photo": "https://media.api-sports.io/football/players/19209.png"}, {"name": "Rafael Leão", "age": 21, "nationality": "Portugal", "height": 188, "weight": 81, "photo": "https://media.api-sports.io/football/players/22236.png"}, {"name": "Andrea Masiello", "age": 34, "nationality": "Italy", "height": 185, "weight": 75, "photo": "https://media.api-sports.io/football/players/30426.png"}, {"name": "Salvatore Sirigu", "age": 33, "nationality": "Italy", "height": 192, "weight": 80, "photo": "https://media.api-sports.io/football/players/30495.png"}, {"name": "Mattia Bani", "age": 27, "nationality": "Italy", "height": 188, "weight": 80, "photo": "https://media.api-sports.io/football/players/30736.png"}, {"name": "Domenico Criscito", "age": 34, "nationality": "Italy", "height": 183, "weight": 75, "photo": "https://media.api-sports.io/football/players/30771.png"}, {"name": "Rade Krunic", "age": 27, "nationality": "Bosnia and Herzegovina", "height": 184, "weight": 74, "photo": "https://media.api-sports.io/football/players/31054.png"}, {"name": "Junior Messias", "age": 29, "nationality": "Brazil", "height": 174, "weight": 70, "photo": "https://media.api-sports.io/football/players/56396.png"}, {"name": "Nikola Maksimovic", "age": 29, "nationality": "Serbia", "height": 193, "weight": 82, "photo": "https://media.api-sports.io/football/players/320.png"}, {"name": "Hernani", "age": 26, "nationality": "Brazil", "height": 188, "weight": 77, "photo": "https://media.api-sports.io/football/players/1208.png"}, {"name": "José Reina", "age": 38, "nationality": "Spain", "height": 188, "weight": 92, "photo": "https://media.api-sports.io/football/players/1624.png"}, {"name": "Patric", "age": 27, "nationality": "Spain", "height": 184, "weight": 72, "photo": "https://media.api-sports.io/football/players/1841.png"}, {"name": "Milan Badelj", "age": 31, "nationality": "Croatia", "height": 186, "weight": 76, "photo": "https://media.api-sports.io/football/players/1850.png"}, {"name": "Felipe Caicedo", "age": 32, "nationality": "Ecuador", "height": 183, "weight": 84, "photo": "https://media.api-sports.io/football/players/1861.png"}, {"name": "Mattia Destro", "age": 29, "nationality": "Italy", "height": 181, "weight": 73, "photo": "https://media.api-sports.io/football/players/30486.png"}, {"name": "Ivan Radovanovic", "age": 32, "nationality": "Serbia", "height": 186, "weight": 80, "photo": "https://media.api-sports.io/football/players/30782.png"}, {"name": "Goran Pandev", "age": 37, "nationality": "North Macedonia", "height": 184, "weight": 75, "photo": "https://media.api-sports.io/football/players/30791.png"}, {"name": "Valon Behrami", "age": 35, "nationality": "Switzerland", "height": 185, "weight": 78, "photo": "https://media.api-sports.io/football/players/30805.png"}, {"name": "Paolo Ghiglione", "age": 23, "nationality": "Italy", "height": 187, "weight": 80, "photo": "https://media.api-sports.io/football/players/31084.png"}, {"name": "Ashley Young", "age": 35, "nationality": "England", "height": 175, "weight": 65, "photo": "https://media.api-sports.io/football/players/894.png"}, {"name": "Stefan Radu", "age": 34, "nationality": "Romania", "height": 183, "weight": 79, "photo": "https://media.api-sports.io/football/players/1846.png"}, {"name": "Lucas Leiva", "age": 33, "nationality": "Brazil", "height": 179, "weight": 74, "photo": "https://media.api-sports.io/football/players/1858.png"}, {"name": "Luis Alberto", "age": 28, "nationality": "Spain", "height": 182, "weight": 70, "photo": "https://media.api-sports.io/football/players/1859.png"}, {"name": "Ciro Immobile", "age": 30, "nationality": "Italy", "height": 185, "weight": 78, "photo": "https://media.api-sports.io/football/players/1863.png"}, {"name": "Pedro", "age": 33, "nationality": "Spain", "height": 169, "weight": 65, "photo": "https://media.api-sports.io/football/players/2299.png"}, {"name": "Manuel Lazzari", "age": 27, "nationality": "Italy", "height": 174, "weight": 67, "photo": "https://media.api-sports.io/football/players/30866.png"}, {"name": "Marco Silvestri", "age": 29, "nationality": "Italy", "height": 191, "weight": 80, "photo": "https://media.api-sports.io/football/players/30915.png"}, {"name": "Mattia Zaccagni", "age": 25, "nationality": "Italy", "height": 177, "weight": 63, "photo": "https://media.api-sports.io/football/players/30937.png"}, {"name": "Jean-Daniel Akpa-Akpro", "age": 28, "nationality": "Côte d'Ivoire", "height": 180, "weight": 70, "photo": "https://media.api-sports.io/football/players/31678.png"}, {"name": "Vedat Muriqi", "age": 26, "nationality": "Kosovo", "height": 194, "weight": 92, "photo": "https://media.api-sports.io/football/players/50048.png"}, {"name": "Mattia Perin", "age": 28, "nationality": "Italy", "height": 188, "weight": 85, "photo": "https://media.api-sports.io/football/players/849.png"}, {"name": "Wojciech Szczesny", "age": 30, "nationality": "Poland", "height": 195, "weight": 90, "photo": "https://media.api-sports.io/football/players/851.png"}, {"name": "Tolgay Arslan", "age": 30, "nationality": "Germany", "height": 180, "weight": 77, "photo": "https://media.api-sports.io/football/players/1353.png"}, {"name": "Roberto Pereyra", "age": 29, "nationality": "Argentina", "height": 182, "weight": 77, "photo": "https://media.api-sports.io/football/players/2475.png"}, {"name": "Jean-Victor Makengo", "age": 22, "nationality": "France", "height": 177, "weight": 75, "photo": "https://media.api-sports.io/football/players/22171.png"}, {"name": "Walace", "age": 25, "nationality": "Brazil", "height": 188, "weight": 75, "photo": "https://media.api-sports.io/football/players/25387.png"}, {"name": "Bram Nuytinck", "age": 30, "nationality": "Netherlands", "height": 190, "weight": 80, "photo": "https://media.api-sports.io/football/players/30797.png"}, {"name": "Marvin Zeegelaar", "age": 30, "nationality": "Netherlands", "height": 186, "weight": 84, "photo": "https://media.api-sports.io/football/players/30801.png"}, {"name": "Ilija Nestorovski", "age": 30, "nationality": "North Macedonia", "height": 183, "weight": 74, "photo": "https://media.api-sports.io/football/players/31561.png"}, {"name": "Arthur", "age": 24, "nationality": "Brazil", "height": 171, "weight": 73, "photo": "https://media.api-sports.io/football/players/150.png"}, {"name": "Adrien Rabiot", "age": 25, "nationality": "France", "height": 188, "weight": 71, "photo": "https://media.api-sports.io/football/players/272.png"}, {"name": "Weston McKennie", "age": 22, "nationality": "USA", "height": 185, "weight": 84, "photo": "https://media.api-sports.io/football/players/415.png"}, {"name": "Danilo", "age": 29, "nationality": "Brazil", "height": 184, "weight": 78, "photo": "https://media.api-sports.io/football/players/618.png"}, {"name": "Giorgio Chiellini", "age": 36, "nationality": "Italy", "height": 187, "weight": 85, "photo": "https://media.api-sports.io/football/players/856.png"}, {"name": "Daniele Rugani", "age": 26, "nationality": "Italy", "height": 190, "weight": 84, "photo": "https://media.api-sports.io/football/players/861.png"}, {"name": "Rodrigo Bentancur", "age": 23, "nationality": "Uruguay", "height": 187, "weight": 72, "photo": "https://media.api-sports.io/football/players/863.png"}, {"name": "Juan Cuadrado", "age": 32, "nationality": "Colombia", "height": 179, "weight": 72, "photo": "https://media.api-sports.io/football/players/866.png"}, {"name": "Aaron Ramsey", "age": 30, "nationality": "Wales", "height": 178, "weight": 76, "photo": "https://media.api-sports.io/football/players/1459.png"}, {"name": "Emil Audero", "age": 23, "nationality": "Italy", "height": 190, "weight": 83, "photo": "https://media.api-sports.io/football/players/30441.png"}, {"name": "Tommaso Augello", "age": 26, "nationality": "Italy", "height": 180, "weight": 70, "photo": "https://media.api-sports.io/football/players/30822.png"}, {"name": "Julian Chabot", "age": 22, "nationality": "Germany", "height": 195, "weight": 85, "photo": "https://media.api-sports.io/football/players/38112.png"}, {"name": "Antonio Candreva", "age": 33, "nationality": "Italy", "height": 180, "weight": 70, "photo": "https://media.api-sports.io/football/players/202.png"}, {"name": "Tomás Rincón", "age": 32, "nationality": "Venezuela", "height": 177, "weight": 76, "photo": "https://media.api-sports.io/football/players/2452.png"}, {"name": "Bartosz Bereszynski", "age": 28, "nationality": "Poland", "height": 183, "weight": 77, "photo": "https://media.api-sports.io/football/players/3000.png"}, {"name": "Maya Yoshida", "age": 32, "nationality": "Japan", "height": 189, "weight": 78, "photo": "https://media.api-sports.io/football/players/18944.png"}, {"name": "Manolo Gabbiadini", "age": 29, "nationality": "Italy", "height": 181, "weight": 75, "photo": "https://media.api-sports.io/football/players/30462.png"}, {"name": "Fabio Quagliarella", "age": 37, "nationality": "Italy", "height": 180, "weight": 79, "photo": "https://media.api-sports.io/football/players/30463.png"}, {"name": "Andrea Consigli", "age": 33, "nationality": "Italy", "height": 189, "weight": 82, "photo": "https://media.api-sports.io/football/players/30516.png"}, {"name": "Giangiacomo Magnani", "age": 25, "nationality": "Italy", "height": 190, "weight": 85, "photo": "https://media.api-sports.io/football/players/30526.png"}, {"name": "Francesco Caputo", "age": 33, "nationality": "Italy", "height": 180, "weight": 75, "photo": "https://media.api-sports.io/football/players/31060.png"}, {"name": "Valerio Verre", "age": 26, "nationality": "Italy", "height": 180, "weight": 70, "photo": "https://media.api-sports.io/football/players/31403.png"}, {"name": "Gabriele Zappa", "age": 21, "nationality": "Italy", "height": 180, "weight": 78, "photo": "https://media.api-sports.io/football/players/200.png"}, {"name": "Martín Cáceres", "age": 33, "nationality": "Uruguay", "height": 180, "weight": 78, "photo": "https://media.api-sports.io/football/players/854.png"}, {"name": "Jeremy Toljan", "age": 26, "nationality": "Germany", "height": 182, "weight": 74, "photo": "https://media.api-sports.io/football/players/1118.png"}, {"name": "Mert Müldür", "age": 21, "nationality": "Turkey", "height": 188, "weight": 74, "photo": "https://media.api-sports.io/football/players/1719.png"}, {"name": "Maxime Lopez", "age": 23, "nationality": "France", "height": 167, "weight": 58, "photo": "https://media.api-sports.io/football/players/1910.png"}, {"name": "Pedro Obiang", "age": 28, "nationality": "Equatorial Guinea", "height": 185, "weight": 75, "photo": "https://media.api-sports.io/football/players/18824.png"}, {"name": "Kaan Ayhan", "age": 26, "nationality": "Turkey", "height": 184, "weight": 84, "photo": "https://media.api-sports.io/football/players/25448.png"}, {"name": "Gregoire Defrel", "age": 29, "nationality": "France", "height": 180, "weight": 79, "photo": "https://media.api-sports.io/football/players/30461.png"}, {"name": "Rogerio", "age": 22, "nationality": "Brazil", "height": 178, "weight": 70, "photo": "https://media.api-sports.io/football/players/30527.png"}, {"name": "Jeremie Boga", "age": 23, "nationality": "Côte d'Ivoire", "height": 172, "weight": 68, "photo": "https://media.api-sports.io/football/players/30531.png"}, {"name": "Luca Ceppitelli", "age": 31, "nationality": "Italy", "height": 186, "weight": 80, "photo": "https://media.api-sports.io/football/players/30549.png"}, {"name": "Charalampos Lykogiannis", "age": 27, "nationality": "Greece", "height": 190, "weight": 82, "photo": "https://media.api-sports.io/football/players/30553.png"}, {"name": "Hamed Junior Traore", "age": 20, "nationality": "Côte d'Ivoire", "height": 184, "weight": 77, "photo": "https://media.api-sports.io/football/players/31057.png"}, {"name": "Edoardo Goldaniga", "age": 27, "nationality": "Italy", "height": 193, "weight": 87, "photo": "https://media.api-sports.io/football/players/31073.png"}, {"name": "Samir Handanovic", "age": 36, "nationality": "Slovenia", "height": 193, "weight": 92, "photo": "https://media.api-sports.io/football/players/188.png"}, {"name": "Stefan de Vrij", "age": 28, "nationality": "Netherlands", "height": 189, "weight": 78, "photo": "https://media.api-sports.io/football/players/194.png"}, {"name": "Gastón Pereiro", "age": 25, "nationality": "Uruguay", "height": 188, "weight": 76, "photo": "https://media.api-sports.io/football/players/237.png"}, {"name": "Kevin Strootman", "age": 30, "nationality": "Netherlands", "height": 186, "weight": 78, "photo": "https://media.api-sports.io/football/players/1916.png"}, {"name": "Nahitan Nández", "age": 25, "nationality": "Uruguay", "height": 172, "weight": 70, "photo": "https://media.api-sports.io/football/players/2614.png"}, {"name": "João Pedro", "age": 28, "nationality": "Brazil", "height": 184, "weight": 73, "photo": "https://media.api-sports.io/football/players/30562.png"}, {"name": "Leonardo Pavoletti", "age": 32, "nationality": "Italy", "height": 188, "weight": 80, "photo": "https://media.api-sports.io/football/players/30573.png"}, {"name": "Alex Cordaz", "age": 37, "nationality": "Italy", "height": 188, "weight": 83, "photo": "https://media.api-sports.io/football/players/30974.png"}, {"name": "Alberto Grassi", "age": 25, "nationality": "Italy", "height": 183, "weight": 75, "photo": "https://media.api-sports.io/football/players/31021.png"}, {"name": "Matteo Lovato", "age": 20, "nationality": "Italy", "height": 188, "weight": null, "photo": "https://media.api-sports.io/football/players/31418.png"}, {"name": "Sebastian Walukiewicz", "age": 20, "nationality": "Poland", "height": 188, "weight": null, "photo": "https://media.api-sports.io/football/players/40582.png"}, {"name": "Andrea Carboni", "age": 19, "nationality": "Italy", "height": 185, "weight": null, "photo": "https://media.api-sports.io/football/players/193270.png"}, {"name": "Arturo Vidal", "age": 33, "nationality": "Chile", "height": 180, "weight": 75, "photo": "https://media.api-sports.io/football/players/151.png"}, {"name": "Danilo D'Ambrosio", "age": 32, "nationality": "Italy", "height": 180, "weight": 75, "photo": "https://media.api-sports.io/football/players/193.png"}, {"name": "Marcelo Brozovic", "age": 28, "nationality": "Croatia", "height": 181, "weight": 68, "photo": "https://media.api-sports.io/football/players/201.png"}, {"name": "Roberto Gagliardini", "age": 26, "nationality": "Italy", "height": 190, "weight": 77, "photo": "https://media.api-sports.io/football/players/203.png"}, {"name": "Ivan Perisic", "age": 31, "nationality": "Croatia", "height": 186, "weight": 80, "photo": "https://media.api-sports.io/football/players/207.png"}, {"name": "Edin Dzeko", "age": 34, "nationality": "Bosnia and Herzegovina", "height": 193, "weight": 80, "photo": "https://media.api-sports.io/football/players/790.png"}, {"name": "Matteo Darmian", "age": 31, "nationality": "Italy", "height": 182, "weight": 70, "photo": "https://media.api-sports.io/football/players/887.png"}, {"name": "Alexis Sánchez", "age": 32, "nationality": "Chile", "height": 169, "weight": 62, "photo": "https://media.api-sports.io/football/players/910.png"}, {"name": "Hakan Calhanoglu", "age": 26, "nationality": "Turkey", "height": 178, "weight": 76, "photo": "https://media.api-sports.io/football/players/1640.png"}, {"name": "Lorenzo Tonelli", "age": 30, "nationality": "Italy", "height": 183, "weight": 78, "photo": "https://media.api-sports.io/football/players/30450.png"}, {"name": "Stefano Sensi", "age": 25, "nationality": "Italy", "height": 168, "weight": 62, "photo": "https://media.api-sports.io/football/players/30535.png"}, {"name": "Riccardo Marchizza", "age": 22, "nationality": "Italy", "height": 185, "weight": 80, "photo": "https://media.api-sports.io/football/players/30981.png"}, {"name": "Alessandro Bastoni", "age": 21, "nationality": "Italy", "height": 190, "weight": 75, "photo": "https://media.api-sports.io/football/players/31009.png"}, {"name": "Federico Dimarco", "age": 23, "nationality": "Italy", "height": 175, "weight": 75, "photo": "https://media.api-sports.io/football/players/31010.png"}, {"name": "Sebastiano Luperto", "age": 24, "nationality": "Italy", "height": 191, "weight": 75, "photo": "https://media.api-sports.io/football/players/319.png"}, {"name": "Rick Karsdorp", "age": 25, "nationality": "Netherlands", "height": 184, "weight": 80, "photo": "https://media.api-sports.io/football/players/770.png"}, {"name": "Lorenzo Pellegrini", "age": 24, "nationality": "Italy", "height": 186, "weight": 77, "photo": "https://media.api-sports.io/football/players/782.png"}, {"name": "Leonardo Spinazzola", "age": 27, "nationality": "Italy", "height": 186, "weight": 75, "photo": "https://media.api-sports.io/football/players/862.png"}, {"name": "Chris Smalling", "age": 31, "nationality": "England", "height": 194, "weight": 81, "photo": "https://media.api-sports.io/football/players/892.png"}, {"name": "Jordan Veretout", "age": 27, "nationality": "France", "height": 177, "weight": 67, "photo": "https://media.api-sports.io/football/players/30409.png"}, {"name": "Ibañez", "age": 22, "nationality": "Brazil", "height": 185, "weight": 73, "photo": "https://media.api-sports.io/football/players/30424.png"}, {"name": "Marash Kumbulla", "age": 20, "nationality": "Albania", "height": 185, "weight": 78, "photo": "https://media.api-sports.io/football/players/30924.png"}, {"name": "Federico Ceccherini", "age": 28, "nationality": "Italy", "height": 186, "weight": 72, "photo": "https://media.api-sports.io/football/players/30397.png"}, {"name": "Lorenzo Montipò", "age": 24, "nationality": "Italy", "height": 191, "weight": 82, "photo": "https://media.api-sports.io/football/players/30611.png"}, {"name": "Alessandro Tuia", "age": 30, "nationality": "Italy", "height": 184, "weight": 78, "photo": "https://media.api-sports.io/football/players/30622.png"}, {"name": "Fabio Depaoli", "age": 23, "nationality": "Italy", "height": 178, "weight": 71, "photo": "https://media.api-sports.io/football/players/30747.png"}, {"name": "Koray Günter", "age": 26, "nationality": "Germany", "height": 184, "weight": 79, "photo": "https://media.api-sports.io/football/players/30772.png"}, {"name": "Miguel Veloso", "age": 34, "nationality": "Portugal", "height": 180, "weight": 79, "photo": "https://media.api-sports.io/football/players/30781.png"}, {"name": "Antonin Barak", "age": 26, "nationality": "Czech Republic", "height": 190, "weight": 86, "photo": "https://media.api-sports.io/football/players/30803.png"}, {"name": "Pawel Dawidowicz", "age": 25, "nationality": "Poland", "height": 189, "weight": 80, "photo": "https://media.api-sports.io/football/players/30921.png"}, {"name": "Marco Faraoni", "age": 29, "nationality": "Italy", "height": 180, "weight": 71, "photo": "https://media.api-sports.io/football/players/30922.png"}, {"name": "Gianluca Frabotta", "age": 21, "nationality": "Italy", "height": 176, "weight": 70, "photo": "https://media.api-sports.io/football/players/31517.png"}, {"name": "Eldor Shomurodov", "age": 25, "nationality": "Uzbekistan", "height": 185, "weight": 76, "photo": "https://media.api-sports.io/football/players/53535.png"}, {"name": "Carles Pérez", "age": 22, "nationality": "Spain", "height": 173, "weight": 75, "photo": "https://media.api-sports.io/football/players/67955.png"}, {"name": "Nikola Kalinic", "age": 32, "nationality": "Croatia", "height": 187, "weight": 79, "photo": "https://media.api-sports.io/football/players/57.png"}, {"name": "Adrien Tameze", "age": 26, "nationality": "France", "height": 180, "weight": 78, "photo": "https://media.api-sports.io/football/players/22174.png"}, {"name": "Giovanni Simeone", "age": 25, "nationality": "Argentina", "height": 180, "weight": 81, "photo": "https://media.api-sports.io/football/players/30414.png"}, {"name": "Gianluca Caprari", "age": 27, "nationality": "Italy", "height": 176, "weight": 72, "photo": "https://media.api-sports.io/football/players/30460.png"}, {"name": "Simone Bastoni", "age": 24, "nationality": "Italy", "height": 183, "weight": 74, "photo": "https://media.api-sports.io/football/players/30687.png"}, {"name": "Kevin Lasagna", "age": 28, "nationality": "Italy", "height": 185, "weight": 80, "photo": "https://media.api-sports.io/football/players/30815.png"}, {"name": "Ivan Provedel", "age": 26, "nationality": "Italy", "height": 192, "weight": 82, "photo": "https://media.api-sports.io/football/players/31037.png"}, {"name": "Ivan Ilic", "age": 19, "nationality": "Serbia", "height": 185, "weight": 78, "photo": "https://media.api-sports.io/football/players/46170.png"}, {"name": "Salvador Ferrer", "age": 22, "nationality": "Spain", "height": 184, "weight": 73, "photo": "https://media.api-sports.io/football/players/47217.png"}, {"name": "Eddie Salcedo", "age": 19, "nationality": "Italy", "height": 178, "weight": null, "photo": "https://media.api-sports.io/football/players/220.png"}, {"name": "Mehdi Bourabia", "age": 29, "nationality": "Morocco", "height": 183, "weight": 73, "photo": "https://media.api-sports.io/football/players/2711.png"}, {"name": "Arkadiusz Reca", "age": 25, "nationality": "Poland", "height": 187, "weight": 81, "photo": "https://media.api-sports.io/football/players/3010.png"}, {"name": "Kevin Agudelo", "age": 22, "nationality": "Colombia", "height": 178, "weight": null, "photo": "https://media.api-sports.io/football/players/13246.png"}, {"name": "Martin Erlic", "age": 22, "nationality": "Croatia", "height": 192, "weight": 78, "photo": "https://media.api-sports.io/football/players/30827.png"}, {"name": "Giulio Maggiore", "age": 22, "nationality": "Italy", "height": 184, "weight": 69, "photo": "https://media.api-sports.io/football/players/30836.png"}, {"name": "Emmanuel Gyasi", "age": 26, "nationality": "Ghana", "height": 181, "weight": 70, "photo": "https://media.api-sports.io/football/players/30845.png"}, {"name": "M'Bala Nzola", "age": 24, "nationality": "Angola", "height": 185, "weight": 82, "photo": "https://media.api-sports.io/football/players/31318.png"}, {"name": "Daniele Verde", "age": 24, "nationality": "Italy", "height": 168, "weight": 64, "photo": "https://media.api-sports.io/football/players/47500.png"}, {"name": "Giuseppe Di Serio", "age": 19, "nationality": "Italy", "height": 182, "weight": null, "photo": "https://media.api-sports.io/football/players/64024.png"}, {"name": "Kamil Glik", "age": 32, "nationality": "Poland", "height": 190, "weight": 80, "photo": "https://media.api-sports.io/football/players/97.png"}, {"name": "Daam Foulon", "age": 21, "nationality": "Belgium", "height": 180, "weight": null, "photo": "https://media.api-sports.io/football/players/8719.png"}, {"name": "Marco Sau", "age": 33, "nationality": "Italy", "height": 169, "weight": 65, "photo": "https://media.api-sports.io/football/players/30464.png"}, {"name": "Artur Ionita", "age": 30, "nationality": "Moldova", "height": 186, "weight": 75, "photo": "https://media.api-sports.io/football/players/30564.png"}, {"name": "Gaetano Letizia", "age": 30, "nationality": "Italy", "height": 173, "weight": 63, "photo": "https://media.api-sports.io/football/players/30620.png"}, {"name": "Andrés Tello", "age": 24, "nationality": "Colombia", "height": 181, "weight": 78, "photo": "https://media.api-sports.io/football/players/30628.png"}, {"name": "Riccardo Improta", "age": 27, "nationality": "Italy", "height": 179, "weight": 73, "photo": "https://media.api-sports.io/football/players/30636.png"}, {"name": "Roberto Insigne", "age": 26, "nationality": "Italy", "height": 172, "weight": 65, "photo": "https://media.api-sports.io/football/players/30637.png"}, {"name": "Federico Barba", "age": 27, "nationality": "Italy", "height": 185, "weight": 77, "photo": "https://media.api-sports.io/football/players/30737.png"}, {"name": "Gianluca Lapadula", "age": 30, "nationality": "Peru", "height": 178, "weight": 69, "photo": "https://media.api-sports.io/football/players/30790.png"}, {"name": "Diego Farias", "age": 30, "nationality": "Brazil", "height": 172, "weight": 63, "photo": "https://media.api-sports.io/football/players/31061.png"}, {"name": "Jacopo Petriccione", "age": 25, "nationality": "Italy", "height": 186, "weight": 76, "photo": "https://media.api-sports.io/football/players/31738.png"}, {"name": "Gastón Ramírez", "age": 30, "nationality": "Uruguay", "height": 183, "weight": 78, "photo": "https://media.api-sports.io/football/players/30455.png"}, {"name": "Luca Caldirola", "age": 29, "nationality": "Italy", "height": 189, "weight": 79, "photo": "https://media.api-sports.io/football/players/30615.png"}, {"name": "Pedro Pereira", "age": 22, "nationality": "Portugal", "height": 182, "weight": 77, "photo": "https://media.api-sports.io/football/players/30768.png"}, {"name": "Luca Marrone", "age": 30, "nationality": "Italy", "height": 186, "weight": 75, "photo": "https://media.api-sports.io/football/players/30934.png"}, {"name": "Salvatore Molina", "age": 28, "nationality": "Italy", "height": 177, "weight": 74, "photo": "https://media.api-sports.io/football/players/30994.png"}, {"name": "Luigi Sepe", "age": 29, "nationality": "Italy", "height": 191, "weight": 90, "photo": "https://media.api-sports.io/football/players/31008.png"}, {"name": "Simone Iacoponi", "age": 33, "nationality": "Italy", "height": 180, "weight": 73, "photo": "https://media.api-sports.io/football/players/31014.png"}, {"name": "Yordan Osorio", "age": 26, "nationality": "Venezuela", "height": 189, "weight": 77, "photo": "https://media.api-sports.io/football/players/2443.png"}, {"name": "Danilo", "age": 36, "nationality": "Brazil", "height": 184, "weight": 80, "photo": "https://media.api-sports.io/football/players/30472.png"}, {"name": "Cristian Ansaldi", "age": 34, "nationality": "Argentina", "height": 181, "weight": 76, "photo": "https://media.api-sports.io/football/players/30496.png"}, {"name": "Bremer", "age": 23, "nationality": "Brazil", "height": 188, "weight": 80, "photo": "https://media.api-sports.io/football/players/30497.png"}, {"name": "Armando Izzo", "age": 28, "nationality": "Italy", "height": 183, "weight": 78, "photo": "https://media.api-sports.io/football/players/30501.png"}, {"name": "Wilfried Stephane Singo", "age": 20, "nationality": "Côte d'Ivoire", "height": 182, "weight": 79, "photo": "https://media.api-sports.io/football/players/30504.png"}, {"name": "Pasquale Schiattarella", "age": 33, "nationality": "Italy", "height": 178, "weight": 68, "photo": "https://media.api-sports.io/football/players/30871.png"}, {"name": "Andrea Rispoli", "age": 32, "nationality": "Italy", "height": 183, "weight": 75, "photo": "https://media.api-sports.io/football/players/31549.png"}, {"name": "Simone Verdi", "age": 28, "nationality": "Italy", "height": 171, "weight": 62, "photo": "https://media.api-sports.io/football/players/334.png"}, {"name": "Karol Linetty", "age": 25, "nationality": "Poland", "height": 176, "weight": 73, "photo": "https://media.api-sports.io/football/players/3009.png"}, {"name": "Mergim Vojvoda", "age": 25, "nationality": "Kosovo", "height": 187, "weight": 78, "photo": "https://media.api-sports.io/football/players/8586.png"}, {"name": "Marko Pjaca", "age": 25, "nationality": "Croatia", "height": 186, "weight": 83, "photo": "https://media.api-sports.io/football/players/30413.png"}, {"name": "Koffi Djidji", "age": 28, "nationality": "Côte d'Ivoire", "height": 184, "weight": 71, "photo": "https://media.api-sports.io/football/players/30499.png"}, {"name": "Daniele Baselli", "age": 28, "nationality": "Italy", "height": 182, "weight": 70, "photo": "https://media.api-sports.io/football/players/30506.png"}, {"name": "Simone Zaza", "age": 29, "nationality": "Italy", "height": 186, "weight": 84, "photo": "https://media.api-sports.io/football/players/30515.png"}, {"name": "Rolando Mandragora", "age": 23, "nationality": "Italy", "height": 183, "weight": 76, "photo": "https://media.api-sports.io/football/players/30810.png"}, {"name": "Mohamed Fares", "age": 24, "nationality": "Algeria", "height": 183, "weight": 75, "photo": "https://media.api-sports.io/football/players/30859.png"}, {"name": "Milos Vulic", "age": 24, "nationality": "Serbia", "height": 183, "weight": null, "photo": "https://media.api-sports.io/football/players/361.png"}, {"name": "Nahuel Estévez", "age": 25, "nationality": "Argentina", "height": 181, "weight": 70, "photo": "https://media.api-sports.io/football/players/6409.png"}, {"name": "Rodrigo Palacio", "age": 38, "nationality": "Argentina", "height": 180, "weight": 75, "photo": "https://media.api-sports.io/football/players/30489.png"}, {"name": "Mehdi Leris", "age": 22, "nationality": "France", "height": 186, "weight": 83, "photo": "https://media.api-sports.io/football/players/30753.png"}, {"name": "Ahmed Benali", "age": 28, "nationality": "Libya", "height": 173, "weight": 66, "photo": "https://media.api-sports.io/football/players/30990.png"}, {"name": "Niccolò Zanellato", "age": 22, "nationality": "Italy", "height": 178, "weight": 74, "photo": "https://media.api-sports.io/football/players/30997.png"}, {"name": "Lukasz Skorupski", "age": 29, "nationality": "Poland", "height": 187, "weight": 84, "photo": "https://media.api-sports.io/football/players/2998.png"}, {"name": "Nicolás Domínguez", "age": 22, "nationality": "Argentina", "height": 179, "weight": 73, "photo": "https://media.api-sports.io/football/players/6056.png"}, {"name": "Adama Soumaoro", "age": 28, "nationality": "France", "height": 186, "weight": 93, "photo": "https://media.api-sports.io/football/players/22227.png"}, {"name": "Mitchell Dijks", "age": 27, "nationality": "Netherlands", "height": 194, "weight": 93, "photo": "https://media.api-sports.io/football/players/30471.png"}, {"name": "Roberto Soriano", "age": 29, "nationality": "Italy", "height": 182, "weight": 76, "photo": "https://media.api-sports.io/football/players/30483.png"}, {"name": "Riccardo Orsolini", "age": 23, "nationality": "Italy", "height": 183, "weight": 73, "photo": "https://media.api-sports.io/football/players/30488.png"}, {"name": "Lorenzo De Silvestri", "age": 32, "nationality": "Italy", "height": 186, "weight": 84, "photo": "https://media.api-sports.io/football/players/30498.png"}, {"name": "Nicolas Viola", "age": 31, "nationality": "Italy", "height": 180, "weight": 76, "photo": "https://media.api-sports.io/football/players/30629.png"}, {"name": "Emanuel Vignato", "age": 20, "nationality": "Italy", "height": 175, "weight": 67, "photo": "https://media.api-sports.io/football/players/30755.png"}, {"name": "Kevin Bonifazi", "age": 24, "nationality": "Italy", "height": 187, "weight": 70, "photo": "https://media.api-sports.io/football/players/30853.png"}, {"name": "Jerdy Schouten", "age": 23, "nationality": "Netherlands", "height": 185, "weight": 72, "photo": "https://media.api-sports.io/football/players/37890.png"}, {"name": "Franck Ribéry", "age": 37, "nationality": "France", "height": 170, "weight": 72, "photo": "https://media.api-sports.io/football/players/515.png"}, {"name": "Perparim Hetemaj", "age": 34, "nationality": "Finland", "height": 179, "weight": 76, "photo": "https://media.api-sports.io/football/players/30750.png"}, {"name": "Riccardo Gagliolo", "age": 30, "nationality": "Sweden", "height": 180, "weight": 75, "photo": "https://media.api-sports.io/football/players/31011.png"}, {"name": "Federico Bonazzoli", "age": 23, "nationality": "Italy", "height": 182, "weight": 79, "photo": "https://media.api-sports.io/football/players/31436.png"}, {"name": "Adam Ounas", "age": 24, "nationality": "Algeria", "height": 172, "weight": 65, "photo": "https://media.api-sports.io/football/players/327.png"}, {"name": "Ismael Bennacer", "age": 23, "nationality": "Algeria", "height": 175, "weight": 70, "photo": "https://media.api-sports.io/football/players/3173.png"}, {"name": "Alberto Cerri", "age": 24, "nationality": "Italy", "height": 194, "weight": 92, "photo": "https://media.api-sports.io/football/players/30570.png"}, {"name": "Luca Vignali", "age": 24, "nationality": "Italy", "height": 186, "weight": 81, "photo": "https://media.api-sports.io/football/players/30840.png"}, {"name": "Kalidou Koulibaly", "age": 29, "nationality": "Senegal", "height": 195, "weight": 89, "photo": "https://media.api-sports.io/football/players/318.png"}, {"name": "Sergej Milinkovic-Savic", "age": 25, "nationality": "Serbia", "height": 191, "weight": 76, "photo": "https://media.api-sports.io/football/players/1856.png"}, {"name": "Nikola Milenkovic", "age": 23, "nationality": "Serbia", "height": 195, "weight": 90, "photo": "https://media.api-sports.io/football/players/2817.png"}, {"name": "Darko Lazovic", "age": 30, "nationality": "Serbia", "height": 181, "weight": 66, "photo": "https://media.api-sports.io/football/players/2822.png"}, {"name": "Sasa Lukic", "age": 24, "nationality": "Serbia", "height": 183, "weight": 77, "photo": "https://media.api-sports.io/football/players/2823.png"}, {"name": "Albin Ekdal", "age": 31, "nationality": "Sweden", "height": 186, "weight": 75, "photo": "https://media.api-sports.io/football/players/2858.png"}, {"name": "Dusan Vlahovic", "age": 20, "nationality": "Serbia", "height": 190, "weight": 75, "photo": "https://media.api-sports.io/football/players/30415.png"}, {"name": "Dejan Kulusevski", "age": 20, "nationality": "Sweden", "height": 186, "weight": 80, "photo": "https://media.api-sports.io/football/players/30435.png"}, {"name": "Musa Barrow", "age": 22, "nationality": "Gambia", "height": 183, "weight": 77, "photo": "https://media.api-sports.io/football/players/30437.png"}, {"name": "Omar Colley", "age": 28, "nationality": "Gambia", "height": 192, "weight": 88, "photo": "https://media.api-sports.io/football/players/30444.png"}, {"name": "Mattias Svanberg", "age": 21, "nationality": "Sweden", "height": 185, "weight": 75, "photo": "https://media.api-sports.io/football/players/30484.png"}, {"name": "Filip Djuricic", "age": 28, "nationality": "Serbia", "height": 176, "weight": 69, "photo": "https://media.api-sports.io/football/players/30536.png"}, {"name": "Zlatan Ibrahimovic", "age": 39, "nationality": "Sweden", "height": 195, "weight": 95, "photo": "https://media.api-sports.io/football/players/51070.png"}, {"name": "Ebrima Colley", "age": 20, "nationality": "Gambia", "height": 180, "weight": 70, "photo": "https://media.api-sports.io/football/players/140847.png"}, {"name": "Milan Skriniar", "age": 25, "nationality": "Slovakia", "height": 187, "weight": 80, "photo": "https://media.api-sports.io/football/players/198.png"}, {"name": "Vlad Chiriches", "age": 31, "nationality": "Romania", "height": 184, "weight": 75, "photo": "https://media.api-sports.io/football/players/315.png"}, {"name": "Matthijs de Ligt", "age": 21, "nationality": "Netherlands", "height": 188, "weight": 89, "photo": "https://media.api-sports.io/football/players/532.png"}, {"name": "Andreas Cornelius", "age": 27, "nationality": "Denmark", "height": 193, "weight": 91, "photo": "https://media.api-sports.io/football/players/1274.png"}, {"name": "Miha Zajc", "age": 26, "nationality": "Slovenia", "height": 180, "weight": 76, "photo": "https://media.api-sports.io/football/players/1369.png"}, {"name": "Joakim Maehle", "age": 23, "nationality": "Denmark", "height": 185, "weight": 79, "photo": "https://media.api-sports.io/football/players/1930.png"}, {"name": "Razvan Marin", "age": 24, "nationality": "Romania", "height": 178, "weight": 70, "photo": "https://media.api-sports.io/football/players/2118.png"}, {"name": "Jens Stryger Larsen", "age": 29, "nationality": "Denmark", "height": 180, "weight": 81, "photo": "https://media.api-sports.io/football/players/2733.png"}, {"name": "Georgios Kyriakopoulos", "age": 24, "nationality": "Greece", "height": 178, "weight": 74, "photo": "https://media.api-sports.io/football/players/26828.png"}, {"name": "Marten de Roon", "age": 29, "nationality": "Netherlands", "height": 185, "weight": 76, "photo": "https://media.api-sports.io/football/players/30432.png"}, {"name": "Josip Ilicic", "age": 32, "nationality": "Slovenia", "height": 190, "weight": 79, "photo": "https://media.api-sports.io/football/players/30434.png"}, {"name": "Jasmin Kurtic", "age": 31, "nationality": "Slovenia", "height": 186, "weight": 88, "photo": "https://media.api-sports.io/football/players/30865.png"}, {"name": "Morten Thorsby", "age": 24, "nationality": "Norway", "height": 189, "weight": 79, "photo": "https://media.api-sports.io/football/players/36980.png"}, {"name": "Jens Petter Hauge", "age": 21, "nationality": "Norway", "height": 183, "weight": 75, "photo": "https://media.api-sports.io/football/players/39073.png"}, {"name": "Stanislav Lobotka", "age": 26, "nationality": "Slovakia", "height": 170, "weight": 68, "photo": "https://media.api-sports.io/football/players/47439.png"}, {"name": "Álvaro Morata", "age": 28, "nationality": "Spain", "height": 190, "weight": 84, "photo": "https://media.api-sports.io/football/players/59.png"}, {"name": "Alex Meret", "age": 23, "nationality": "Italy", "height": 190, "weight": 82, "photo": "https://media.api-sports.io/football/players/312.png"}, {"name": "Elseid Hysaj", "age": 26, "nationality": "Albania", "height": 182, "weight": 75, "photo": "https://media.api-sports.io/football/players/317.png"}, {"name": "Leonardo Bonucci", "age": 33, "nationality": "Italy", "height": 190, "weight": 85, "photo": "https://media.api-sports.io/football/players/853.png"}, {"name": "Gianluigi Donnarumma", "age": 21, "nationality": "Italy", "height": 196, "weight": 90, "photo": "https://media.api-sports.io/football/players/1622.png"}, {"name": "Ricardo Rodríguez", "age": 28, "nationality": "Switzerland", "height": 181, "weight": 78, "photo": "https://media.api-sports.io/football/players/1631.png"}, {"name": "Francesco Acerbi", "age": 32, "nationality": "Italy", "height": 192, "weight": 88, "photo": "https://media.api-sports.io/football/players/1836.png"}, {"name": "Adam Marusic", "age": 28, "nationality": "Montenegro", "height": 185, "weight": 76, "photo": "https://media.api-sports.io/football/players/1844.png"}, {"name": "Davide Zappacosta", "age": 28, "nationality": "Italy", "height": 185, "weight": 70, "photo": "https://media.api-sports.io/football/players/2286.png"}, {"name": "Remo Freuler", "age": 28, "nationality": "Switzerland", "height": 180, "weight": 80, "photo": "https://media.api-sports.io/football/players/2807.png"}, {"name": "Ardian Ismajli", "age": 24, "nationality": "Albania", "height": 185, "weight": 76, "photo": "https://media.api-sports.io/football/players/14329.png"}, {"name": "Andreas Skov Olsen", "age": 21, "nationality": "Denmark", "height": 187, "weight": 79, "photo": "https://media.api-sports.io/football/players/15916.png"}, {"name": "Gianluca Mancini", "age": 24, "nationality": "Italy", "height": 190, "weight": 77, "photo": "https://media.api-sports.io/football/players/30425.png"}, {"name": "Gianmarco Ferrari", "age": 28, "nationality": "Italy", "height": 189, "weight": 82, "photo": "https://media.api-sports.io/football/players/30523.png"}, {"name": "Alessio Cragno", "age": 26, "nationality": "Italy", "height": 184, "weight": 78, "photo": "https://media.api-sports.io/football/players/30546.png"}, {"name": "Nicolò Barella", "age": 23, "nationality": "Italy", "height": 175, "weight": 68, "photo": "https://media.api-sports.io/football/players/30558.png"}, {"name": "Giovanni Di Lorenzo", "age": 27, "nationality": "Italy", "height": 183, "weight": 83, "photo": "https://media.api-sports.io/football/players/31042.png"}, {"name": "Lorenzo Insigne", "age": 29, "nationality": "Italy", "height": 163, "weight": 59, "photo": "https://media.api-sports.io/football/players/331.png"}, {"name": "Bryan Cristante", "age": 25, "nationality": "Italy", "height": 186, "weight": 80, "photo": "https://media.api-sports.io/football/players/778.png"}, {"name": "Federico Bernardeschi", "age": 26, "nationality": "Italy", "height": 185, "weight": 77, "photo": "https://media.api-sports.io/football/players/873.png"}, {"name": "Danilo Cataldi", "age": 26, "nationality": "Italy", "height": 180, "weight": 70, "photo": "https://media.api-sports.io/football/players/1852.png"}, {"name": "Juan Musso", "age": 26, "nationality": "Argentina", "height": 191, "weight": 93, "photo": "https://media.api-sports.io/football/players/2465.png"}, {"name": "Germán Pezzella", "age": 29, "nationality": "Argentina", "height": 187, "weight": 82, "photo": "https://media.api-sports.io/football/players/2469.png"}, {"name": "Rodrigo de Paul", "age": 26, "nationality": "Argentina", "height": 180, "weight": 70, "photo": "https://media.api-sports.io/football/players/2472.png"}, {"name": "Lucas Martínez Quarta", "age": 24, "nationality": "Argentina", "height": 181, "weight": 75, "photo": "https://media.api-sports.io/football/players/6000.png"}, {"name": "Nahuel Molina", "age": 22, "nationality": "Argentina", "height": 175, "weight": 70, "photo": "https://media.api-sports.io/football/players/6503.png"}, {"name": "Federico Chiesa", "age": 23, "nationality": "Italy", "height": 175, "weight": 70, "photo": "https://media.api-sports.io/football/players/30410.png"}, {"name": "Matteo Pessina", "age": 23, "nationality": "Italy", "height": 187, "weight": 77, "photo": "https://media.api-sports.io/football/players/30436.png"}, {"name": "Andrea Belotti", "age": 27, "nationality": "Italy", "height": 181, "weight": 72, "photo": "https://media.api-sports.io/football/players/30509.png"}, {"name": "Manuel Locatelli", "age": 22, "nationality": "Italy", "height": 185, "weight": 75, "photo": "https://media.api-sports.io/football/players/30533.png"}, {"name": "Domenico Berardi", "age": 26, "nationality": "Italy", "height": 183, "weight": 72, "photo": "https://media.api-sports.io/football/players/30537.png"}, {"name": "Giacomo Raspadori", "age": 20, "nationality": "Italy", "height": 172, "weight": 69, "photo": "https://media.api-sports.io/football/players/30543.png"}, {"name": "Gianluca Scamacca", "age": 21, "nationality": "Italy", "height": 195, "weight": 85, "photo": "https://media.api-sports.io/football/players/30544.png"}, {"name": "Sandro Tonali", "age": 20, "nationality": "Italy", "height": 181, "weight": 79, "photo": "https://media.api-sports.io/football/players/31146.png"}, {"name": "Tommaso Pobega", "age": 21, "nationality": "Italy", "height": 188, "weight": 75, "photo": "https://media.api-sports.io/football/players/31273.png"}, {"name": "Lautaro Martínez", "age": 23, "nationality": "Argentina", "height": 174, "weight": 72, "photo": "https://media.api-sports.io/football/players/217.png"}, {"name": "Amadou Diawara", "age": 23, "nationality": "Guinea", "height": 183, "weight": 75, "photo": "https://media.api-sports.io/football/players/324.png"}, {"name": "Henrikh Mkhitaryan", "age": 31, "nationality": "Armenia", "height": 177, "weight": 75, "photo": "https://media.api-sports.io/football/players/1457.png"}]