[{"name": "Sven Bender", "age": 31, "nationality": "Germany", "height": 186, "weight": 80, "photo": "https://media.api-sports.io/football/players/966.png"}, {"name": "Jhon Córdoba", "age": 27, "nationality": "Colombia", "height": 188, "weight": 85, "photo": "https://media.api-sports.io/football/players/24810.png"}, {"name": "Marcel Hartel", "age": 24, "nationality": "Germany", "height": 177, "weight": 68, "photo": "https://media.api-sports.io/football/players/24850.png"}, {"name": "Theodor Gebre Selassie", "age": 34, "nationality": "Czech Republic", "height": 181, "weight": 71, "photo": "https://media.api-sports.io/football/players/25315.png"}, {"name": "Niklas Moisander", "age": 35, "nationality": "Finland", "height": 183, "weight": 75, "photo": "https://media.api-sports.io/football/players/25317.png"}, {"name": "Oscar Wendt", "age": 35, "nationality": "Sweden", "height": 181, "weight": 82, "photo": "https://media.api-sports.io/football/players/25633.png"}, {"name": "Ömer Toprak", "age": 31, "nationality": "Turkey", "height": 186, "weight": 83, "photo": "https://media.api-sports.io/football/players/12.png"}, {"name": "Niklas Süle", "age": 25, "nationality": "Germany", "height": 195, "weight": 99, "photo": "https://media.api-sports.io/football/players/506.png"}, {"name": "Leonardo Bittencourt", "age": 27, "nationality": "Germany", "height": 171, "weight": 63, "photo": "https://media.api-sports.io/football/players/716.png"}, {"name": "Benjamin Pavard", "age": 24, "nationality": "France", "height": 186, "weight": 81, "photo": "https://media.api-sports.io/football/players/2725.png"}, {"name": "Romano Schmid", "age": 20, "nationality": "Austria", "height": 168, "weight": 69, "photo": "https://media.api-sports.io/football/players/7562.png"}, {"name": "Jiri Pavlenka", "age": 28, "nationality": "Czech Republic", "height": 196, "weight": 81, "photo": "https://media.api-sports.io/football/players/25310.png"}, {"name": "Marco Friedl", "age": 22, "nationality": "Austria", "height": 187, "weight": 82, "photo": "https://media.api-sports.io/football/players/25314.png"}, {"name": "Jean-Manuel Mbom", "age": 20, "nationality": "Germany", "height": 183, "weight": null, "photo": "https://media.api-sports.io/football/players/25322.png"}, {"name": "Niclas Füllkrug", "age": 27, "nationality": "Germany", "height": 189, "weight": 83, "photo": "https://media.api-sports.io/football/players/25391.png"}, {"name": "Felix Agu", "age": 21, "nationality": "Germany", "height": 180, "weight": 67, "photo": "https://media.api-sports.io/football/players/26319.png"}, {"name": "Christian Groß", "age": 31, "nationality": "Germany", "height": 183, "weight": 75, "photo": "https://media.api-sports.io/football/players/88033.png"}, {"name": "Lucas Hernández", "age": 24, "nationality": "France", "height": 184, "weight": 79, "photo": "https://media.api-sports.io/football/players/33.png"}, {"name": "Ralf Fährmann", "age": 32, "nationality": "Germany", "height": 197, "weight": 98, "photo": "https://media.api-sports.io/football/players/396.png"}, {"name": "Kingsley Coman", "age": 24, "nationality": "France", "height": 180, "weight": 76, "photo": "https://media.api-sports.io/football/players/508.png"}, {"name": "Serge Gnabry", "age": 25, "nationality": "Germany", "height": 176, "weight": 77, "photo": "https://media.api-sports.io/football/players/510.png"}, {"name": "Corentin Tolisso", "age": 26, "nationality": "France", "height": 181, "weight": 81, "photo": "https://media.api-sports.io/football/players/519.png"}, {"name": "Robert Lewandowski", "age": 32, "nationality": "Poland", "height": 185, "weight": 81, "photo": "https://media.api-sports.io/football/players/521.png"}, {"name": "Marcel Sabitzer", "age": 26, "nationality": "Austria", "height": 178, "weight": 76, "photo": "https://media.api-sports.io/football/players/1159.png"}, {"name": "Dominick Drexler", "age": 30, "nationality": "Germany", "height": 182, "weight": 71, "photo": "https://media.api-sports.io/football/players/24797.png"}, {"name": "Danny Latza", "age": 31, "nationality": "Germany", "height": 179, "weight": 76, "photo": "https://media.api-sports.io/football/players/25920.png"}, {"name": "Malick Thiaw", "age": 19, "nationality": "Germany", "height": 191, "weight": 80, "photo": "https://media.api-sports.io/football/players/163189.png"}, {"name": "Oliver Baumann", "age": 30, "nationality": "Germany", "height": 187, "weight": 82, "photo": "https://media.api-sports.io/football/players/702.png"}, {"name": "Pavel Kaderábek", "age": 28, "nationality": "Czech Republic", "height": 182, "weight": 81, "photo": "https://media.api-sports.io/football/players/709.png"}, {"name": "Stefan Posch", "age": 23, "nationality": "Austria", "height": 189, "weight": 82, "photo": "https://media.api-sports.io/football/players/711.png"}, {"name": "Kevin Vogt", "age": 29, "nationality": "Germany", "height": 194, "weight": 87, "photo": "https://media.api-sports.io/football/players/713.png"}, {"name": "Christoph Baumgartner", "age": 21, "nationality": "Austria", "height": 180, "weight": 73, "photo": "https://media.api-sports.io/football/players/715.png"}, {"name": "Florian Grillitsch", "age": 25, "nationality": "Austria", "height": 187, "weight": 77, "photo": "https://media.api-sports.io/football/players/719.png"}, {"name": "Philipp Klement", "age": 28, "nationality": "Germany", "height": 175, "weight": 72, "photo": "https://media.api-sports.io/football/players/24825.png"}, {"name": "Marius Bülter", "age": 27, "nationality": "Germany", "height": 188, "weight": 85, "photo": "https://media.api-sports.io/football/players/25242.png"}, {"name": "Kevin Akpoguma", "age": 25, "nationality": "Nigeria", "height": 192, "weight": 85, "photo": "https://media.api-sports.io/football/players/25366.png"}, {"name": "Bastian Oczipka", "age": 31, "nationality": "Germany", "height": 185, "weight": 85, "photo": "https://media.api-sports.io/football/players/404.png"}, {"name": "Sebastian Rudy", "age": 30, "nationality": "Germany", "height": 180, "weight": 74, "photo": "https://media.api-sports.io/football/players/416.png"}, {"name": "Andrej Kramaric", "age": 29, "nationality": "Croatia", "height": 177, "weight": 73, "photo": "https://media.api-sports.io/football/players/726.png"}, {"name": "Robert Skov", "age": 24, "nationality": "Denmark", "height": 185, "weight": 81, "photo": "https://media.api-sports.io/football/players/1298.png"}, {"name": "Mijat Gacinovic", "age": 25, "nationality": "Serbia", "height": 175, "weight": 67, "photo": "https://media.api-sports.io/football/players/1818.png"}, {"name": "Christopher Trimmel", "age": 33, "nationality": "Austria", "height": 189, "weight": 82, "photo": "https://media.api-sports.io/football/players/24848.png"}, {"name": "Grischa Prömel", "age": 25, "nationality": "Germany", "height": 184, "weight": 81, "photo": "https://media.api-sports.io/football/players/24854.png"}, {"name": "Andreas Voglsammer", "age": 28, "nationality": "Germany", "height": 178, "weight": 81, "photo": "https://media.api-sports.io/football/players/25030.png"}, {"name": "Andreas Luthe", "age": 33, "nationality": "Germany", "height": 197, "weight": 85, "photo": "https://media.api-sports.io/football/players/25284.png"}, {"name": "Rani Khedira", "age": 26, "nationality": "Germany", "height": 188, "weight": 84, "photo": "https://media.api-sports.io/football/players/25300.png"}, {"name": "Kevin Möhwald", "age": 27, "nationality": "Germany", "height": 183, "weight": 77, "photo": "https://media.api-sports.io/football/players/25323.png"}, {"name": "Ihlas Bebou", "age": 26, "nationality": "Togo", "height": 185, "weight": 80, "photo": "https://media.api-sports.io/football/players/25389.png"}, {"name": "Robin Knoche", "age": 28, "nationality": "Germany", "height": 190, "weight": 77, "photo": "https://media.api-sports.io/football/players/25403.png"}, {"name": "Levin Öztunali", "age": 24, "nationality": "Germany", "height": 184, "weight": 80, "photo": "https://media.api-sports.io/football/players/25922.png"}, {"name": "Dominique Heintz", "age": 27, "nationality": "Germany", "height": 188, "weight": 89, "photo": "https://media.api-sports.io/football/players/26237.png"}, {"name": "Keita Endo", "age": 23, "nationality": "Japan", "height": 175, "weight": 66, "photo": "https://media.api-sports.io/football/players/33017.png"}, {"name": "Woo-Yeong Jeong", "age": 21, "nationality": "Korea Republic", "height": 180, "weight": 70, "photo": "https://media.api-sports.io/football/players/512.png"}, {"name": "Maximilian Eggestein", "age": 24, "nationality": "Germany", "height": 181, "weight": 75, "photo": "https://media.api-sports.io/football/players/2917.png"}, {"name": "Manuel Gulde", "age": 29, "nationality": "Germany", "height": 184, "weight": 78, "photo": "https://media.api-sports.io/football/players/26235.png"}, {"name": "Lukas Kübler", "age": 28, "nationality": "Germany", "height": 182, "weight": 73, "photo": "https://media.api-sports.io/football/players/26239.png"}, {"name": "Philipp Lienhart", "age": 24, "nationality": "Austria", "height": 189, "weight": 83, "photo": "https://media.api-sports.io/football/players/26240.png"}, {"name": "Nico Schlotterbeck", "age": 21, "nationality": "Germany", "height": 191, "weight": 86, "photo": "https://media.api-sports.io/football/players/26243.png"}, {"name": "Vincenzo Grifo", "age": 27, "nationality": "Italy", "height": 180, "weight": 72, "photo": "https://media.api-sports.io/football/players/26248.png"}, {"name": "Nicolas Höfler", "age": 30, "nationality": "Germany", "height": 181, "weight": 78, "photo": "https://media.api-sports.io/football/players/26250.png"}, {"name": "Roland Sallai", "age": 23, "nationality": "Hungary", "height": 183, "weight": 75, "photo": "https://media.api-sports.io/football/players/26252.png"}, {"name": "Lucas Höler", "age": 26, "nationality": "Germany", "height": 183, "weight": 80, "photo": "https://media.api-sports.io/football/players/26255.png"}, {"name": "Sheraldo Becker", "age": 25, "nationality": "Suriname", "height": 180, "weight": 70, "photo": "https://media.api-sports.io/football/players/37938.png"}, {"name": "Ermedin Demirovic", "age": 22, "nationality": "Bosnia and Herzegovina", "height": 185, "weight": 76, "photo": "https://media.api-sports.io/football/players/46930.png"}, {"name": "Cedric Teuchert", "age": 23, "nationality": "Germany", "height": 182, "weight": 80, "photo": "https://media.api-sports.io/football/players/425.png"}, {"name": "Mark Uth", "age": 29, "nationality": "Germany", "height": 185, "weight": 72, "photo": "https://media.api-sports.io/football/players/426.png"}, {"name": "Sebastian Andersson", "age": 29, "nationality": "Sweden", "height": 190, "weight": 86, "photo": "https://media.api-sports.io/football/players/2862.png"}, {"name": "Timo Horn", "age": 27, "nationality": "Germany", "height": 192, "weight": 90, "photo": "https://media.api-sports.io/football/players/24785.png"}, {"name": "Jonas Hector", "age": 30, "nationality": "Germany", "height": 185, "weight": 75, "photo": "https://media.api-sports.io/football/players/24801.png"}, {"name": "Salih Özcan", "age": 22, "nationality": "Germany", "height": 182, "weight": 74, "photo": "https://media.api-sports.io/football/players/24807.png"}, {"name": "Kingsley Ehizibue", "age": 25, "nationality": "Netherlands", "height": 189, "weight": 78, "photo": "https://media.api-sports.io/football/players/36916.png"}, {"name": "Jan Thielmann", "age": 18, "nationality": "Germany", "height": 178, "weight": 72, "photo": "https://media.api-sports.io/football/players/181908.png"}, {"name": "Dominik Kohr", "age": 26, "nationality": "Germany", "height": 183, "weight": 77, "photo": "https://media.api-sports.io/football/players/979.png"}, {"name": "Marcus Ingvartsen", "age": 24, "nationality": "Denmark", "height": 186, "weight": 79, "photo": "https://media.api-sports.io/football/players/1941.png"}, {"name": "Anderson-Lenda Lucoqui", "age": 23, "nationality": "Angola", "height": 180, "weight": 75, "photo": "https://media.api-sports.io/football/players/25010.png"}, {"name": "Elvis Rexhbecaj", "age": 23, "nationality": "Germany", "height": 182, "weight": 78, "photo": "https://media.api-sports.io/football/players/25413.png"}, {"name": "Kevin Stöger", "age": 27, "nationality": "Austria", "height": 175, "weight": 74, "photo": "https://media.api-sports.io/football/players/25461.png"}, {"name": "Robin Zentner", "age": 26, "nationality": "Germany", "height": 194, "weight": 96, "photo": "https://media.api-sports.io/football/players/25906.png"}, {"name": "Stefan Bell", "age": 29, "nationality": "Germany", "height": 192, "weight": 88, "photo": "https://media.api-sports.io/football/players/25907.png"}, {"name": "Daniel Brosinski", "age": 32, "nationality": "Germany", "height": 178, "weight": 70, "photo": "https://media.api-sports.io/football/players/25908.png"}, {"name": "Alexander Hack", "age": 27, "nationality": "Germany", "height": 193, "weight": 88, "photo": "https://media.api-sports.io/football/players/25913.png"}, {"name": "Moussa Niakhate", "age": 24, "nationality": "France", "height": 190, "weight": 82, "photo": "https://media.api-sports.io/football/players/25916.png"}, {"name": "Jean-Paul Boëtius", "age": 26, "nationality": "Netherlands", "height": 178, "weight": 76, "photo": "https://media.api-sports.io/football/players/25925.png"}, {"name": "Jonathan Burkardt", "age": 20, "nationality": "Germany", "height": 181, "weight": 76, "photo": "https://media.api-sports.io/football/players/25926.png"}, {"name": "Karim Onisiwo", "age": 28, "nationality": "Austria", "height": 188, "weight": 85, "photo": "https://media.api-sports.io/football/players/25928.png"}, {"name": "Jeremiah St. Juste", "age": 24, "nationality": "Netherlands", "height": 184, "weight": 74, "photo": "https://media.api-sports.io/football/players/37148.png"}, {"name": "Breel Embolo", "age": 23, "nationality": "Switzerland", "height": 187, "weight": 88, "photo": "https://media.api-sports.io/football/players/421.png"}, {"name": "Stefan Lainer", "age": 28, "nationality": "Austria", "height": 175, "weight": 73, "photo": "https://media.api-sports.io/football/players/1082.png"}, {"name": "Hannes Wolf", "age": 21, "nationality": "Austria", "height": 179, "weight": 69, "photo": "https://media.api-sports.io/football/players/1103.png"}, {"name": "Nico Elvedi", "age": 24, "nationality": "Switzerland", "height": 189, "weight": 81, "photo": "https://media.api-sports.io/football/players/2803.png"}, {"name": "Niklas Stark", "age": 25, "nationality": "Germany", "height": 190, "weight": 88, "photo": "https://media.api-sports.io/football/players/2916.png"}, {"name": "Marcus Thuram", "age": 23, "nationality": "France", "height": 192, "weight": 88, "photo": "https://media.api-sports.io/football/players/21509.png"}, {"name": "Marvin Friedrich", "age": 25, "nationality": "Germany", "height": 193, "weight": 81, "photo": "https://media.api-sports.io/football/players/24839.png"}, {"name": "Christoph Kramer", "age": 29, "nationality": "Germany", "height": 191, "weight": 76, "photo": "https://media.api-sports.io/football/players/25637.png"}, {"name": "Lars Stindl", "age": 32, "nationality": "Germany", "height": 181, "weight": 80, "photo": "https://media.api-sports.io/football/players/25639.png"}, {"name": "Patrick Herrmann", "age": 29, "nationality": "Germany", "height": 179, "weight": 71, "photo": "https://media.api-sports.io/football/players/25644.png"}, {"name": "Alassane Pléa", "age": 27, "nationality": "France", "height": 181, "weight": 79, "photo": "https://media.api-sports.io/football/players/25646.png"}, {"name": "Alexander Schwolow", "age": 28, "nationality": "Germany", "height": 190, "weight": 84, "photo": "https://media.api-sports.io/football/players/26234.png"}, {"name": "Suat Serdar", "age": 23, "nationality": "Germany", "height": 184, "weight": 75, "photo": "https://media.api-sports.io/football/players/418.png"}, {"name": "Lucas Tousart", "age": 23, "nationality": "France", "height": 185, "weight": 83, "photo": "https://media.api-sports.io/football/players/664.png"}, {"name": "Sebastiaan Bornauw", "age": 21, "nationality": "Belgium", "height": 191, "weight": 81, "photo": "https://media.api-sports.io/football/players/1408.png"}, {"name": "Koen Casteels", "age": 28, "nationality": "Belgium", "height": 197, "weight": 78, "photo": "https://media.api-sports.io/football/players/2918.png"}, {"name": "Christian Gebauer", "age": 27, "nationality": "Austria", "height": 187, "weight": null, "photo": "https://media.api-sports.io/football/players/7682.png"}, {"name": "Marco Richter", "age": 23, "nationality": "Germany", "height": 176, "weight": 74, "photo": "https://media.api-sports.io/football/players/25307.png"}, {"name": "Maximilian Mittelstädt", "age": 23, "nationality": "Germany", "height": 180, "weight": 71, "photo": "https://media.api-sports.io/football/players/25342.png"}, {"name": "Marvin Plattenhardt", "age": 28, "nationality": "Germany", "height": 181, "weight": 76, "photo": "https://media.api-sports.io/football/players/25344.png"}, {"name": "Vladimir Darida", "age": 30, "nationality": "Czech Republic", "height": 172, "weight": 67, "photo": "https://media.api-sports.io/football/players/25348.png"}, {"name": "Davie Selke", "age": 25, "nationality": "Germany", "height": 195, "weight": 84, "photo": "https://media.api-sports.io/football/players/25362.png"}, {"name": "Maximilian Philipp", "age": 26, "nationality": "Germany", "height": 183, "weight": 79, "photo": "https://media.api-sports.io/football/players/24.png"}, {"name": "Xaver Schlager", "age": 23, "nationality": "Austria", "height": 174, "weight": 76, "photo": "https://media.api-sports.io/football/players/1095.png"}, {"name": "Robert Gumny", "age": 22, "nationality": "Poland", "height": 182, "weight": 71, "photo": "https://media.api-sports.io/football/players/3001.png"}, {"name": "Iago", "age": 23, "nationality": "Brazil", "height": 181, "weight": 67, "photo": "https://media.api-sports.io/football/players/10375.png"}, {"name": "Mads Pedersen", "age": 24, "nationality": "Denmark", "height": 174, "weight": 72, "photo": "https://media.api-sports.io/football/players/15901.png"}, {"name": "Maxence Lacroix", "age": 20, "nationality": "France", "height": 190, "weight": 88, "photo": "https://media.api-sports.io/football/players/20995.png"}, {"name": "Rafal Gikiewicz", "age": 33, "nationality": "Poland", "height": 190, "weight": 81, "photo": "https://media.api-sports.io/football/players/24837.png"}, {"name": "Paulo Otávio", "age": 26, "nationality": "Brazil", "height": 173, "weight": 68, "photo": "https://media.api-sports.io/football/players/25208.png"}, {"name": "Raphael Framberger", "age": 25, "nationality": "Germany", "height": 179, "weight": 76, "photo": "https://media.api-sports.io/football/players/25288.png"}, {"name": "Jeffrey Gouweleeuw", "age": 29, "nationality": "Netherlands", "height": 188, "weight": 83, "photo": "https://media.api-sports.io/football/players/25290.png"}, {"name": "Reece Oxford", "age": 22, "nationality": "England", "height": 193, "weight": 86, "photo": "https://media.api-sports.io/football/players/25293.png"}, {"name": "John Brooks", "age": 27, "nationality": "USA", "height": 193, "weight": 78, "photo": "https://media.api-sports.io/football/players/25397.png"}, {"name": "Yannick Gerhardt", "age": 26, "nationality": "Germany", "height": 184, "weight": 81, "photo": "https://media.api-sports.io/football/players/25400.png"}, {"name": "Jérôme Roussillon", "age": 27, "nationality": "France", "height": 175, "weight": 80, "photo": "https://media.api-sports.io/football/players/25404.png"}, {"name": "Felix Uduokhai", "age": 23, "nationality": "Germany", "height": 193, "weight": 89, "photo": "https://media.api-sports.io/football/players/25406.png"}, {"name": "Josuha Guilavogui", "age": 30, "nationality": "France", "height": 188, "weight": 77, "photo": "https://media.api-sports.io/football/players/25410.png"}, {"name": "Dodi Lukebakio", "age": 23, "nationality": "Belgium", "height": 187, "weight": 77, "photo": "https://media.api-sports.io/football/players/25458.png"}, {"name": "Bartosz Bialek", "age": 19, "nationality": "Poland", "height": 191, "weight": 84, "photo": "https://media.api-sports.io/football/players/148284.png"}, {"name": "Daniel Caligiuri", "age": 32, "nationality": "Germany", "height": 182, "weight": 80, "photo": "https://media.api-sports.io/football/players/410.png"}, {"name": "Alessandro Schöpf", "age": 26, "nationality": "Austria", "height": 178, "weight": 74, "photo": "https://media.api-sports.io/football/players/417.png"}, {"name": "Sergio Córdova", "age": 23, "nationality": "Venezuela", "height": 188, "weight": 87, "photo": "https://media.api-sports.io/football/players/2457.png"}, {"name": "Carlos Gruezo", "age": 25, "nationality": "Ecuador", "height": 173, "weight": 71, "photo": "https://media.api-sports.io/football/players/2577.png"}, {"name": "Alfred Finnbogason", "age": 31, "nationality": "Iceland", "height": 184, "weight": 80, "photo": "https://media.api-sports.io/football/players/2797.png"}, {"name": "Nathan de Medina", "age": 23, "nationality": "Belgium", "height": 183, "weight": 80, "photo": "https://media.api-sports.io/football/players/8579.png"}, {"name": "Jacob Laursen", "age": 26, "nationality": "Denmark", "height": 179, "weight": 76, "photo": "https://media.api-sports.io/football/players/15848.png"}, {"name": "Stefan Ortega Moreno", "age": 28, "nationality": "Germany", "height": 185, "weight": 88, "photo": "https://media.api-sports.io/football/players/25004.png"}, {"name": "Cédric Brunner", "age": 26, "nationality": "Switzerland", "height": 180, "weight": 75, "photo": "https://media.api-sports.io/football/players/25007.png"}, {"name": "Amos Pieper", "age": 22, "nationality": "Germany", "height": 192, "weight": 86, "photo": "https://media.api-sports.io/football/players/25011.png"}, {"name": "Manuel Prietl", "age": 29, "nationality": "Austria", "height": 187, "weight": 79, "photo": "https://media.api-sports.io/football/players/25016.png"}, {"name": "André Hahn", "age": 30, "nationality": "Germany", "height": 185, "weight": 80, "photo": "https://media.api-sports.io/football/players/25298.png"}, {"name": "Arne Maier", "age": 21, "nationality": "Germany", "height": 186, "weight": 79, "photo": "https://media.api-sports.io/football/players/25355.png"}, {"name": "Fabian Kunze", "age": 22, "nationality": "Germany", "height": 190, "weight": 76, "photo": "https://media.api-sports.io/football/players/25499.png"}, {"name": "Tobias Strobl", "age": 30, "nationality": "Germany", "height": 188, "weight": 77, "photo": "https://media.api-sports.io/football/players/25640.png"}, {"name": "Florian Niederlechner", "age": 30, "nationality": "Germany", "height": 187, "weight": 86, "photo": "https://media.api-sports.io/football/players/26257.png"}, {"name": "Gonzalo Castro", "age": 33, "nationality": "Germany", "height": 172, "weight": 72, "photo": "https://media.api-sports.io/football/players/26306.png"}, {"name": "Konstantinos Mavropanos", "age": 23, "nationality": "Greece", "height": 194, "weight": 89, "photo": "https://media.api-sports.io/football/players/1445.png"}, {"name": "Mateo Klimowicz", "age": 20, "nationality": "Germany", "height": 181, "weight": 77, "photo": "https://media.api-sports.io/football/players/5795.png"}, {"name": "Wataru Endo", "age": 27, "nationality": "Japan", "height": 178, "weight": 76, "photo": "https://media.api-sports.io/football/players/8500.png"}, {"name": "Orel Mangala", "age": 22, "nationality": "Belgium", "height": 178, "weight": 82, "photo": "https://media.api-sports.io/football/players/24882.png"}, {"name": "Atakan Karazor", "age": 24, "nationality": "Germany", "height": 191, "weight": 76, "photo": "https://media.api-sports.io/football/players/24963.png"}, {"name": "Fabian Klos", "age": 33, "nationality": "Germany", "height": 195, "weight": 93, "photo": "https://media.api-sports.io/football/players/25025.png"}, {"name": "Roberto Massimo", "age": 20, "nationality": "Germany", "height": 182, "weight": 79, "photo": "https://media.api-sports.io/football/players/25026.png"}, {"name": "Waldemar Anton", "age": 24, "nationality": "Germany", "height": 189, "weight": 84, "photo": "https://media.api-sports.io/football/players/25368.png"}, {"name": "Florian Müller", "age": 23, "nationality": "Germany", "height": 190, "weight": 88, "photo": "https://media.api-sports.io/football/players/25905.png"}, {"name": "Pascal Stenzel", "age": 24, "nationality": "Germany", "height": 183, "weight": 74, "photo": "https://media.api-sports.io/football/players/26244.png"}, {"name": "Marc-Oliver Kempf", "age": 25, "nationality": "Germany", "height": 186, "weight": 87, "photo": "https://media.api-sports.io/football/players/26301.png"}, {"name": "Borna Sosa", "age": 22, "nationality": "Croatia", "height": 187, "weight": 79, "photo": "https://media.api-sports.io/football/players/26303.png"}, {"name": "Daniel Didavi", "age": 30, "nationality": "Germany", "height": 180, "weight": 77, "photo": "https://media.api-sports.io/football/players/26307.png"}, {"name": "Tanguy Coulibaly", "age": 19, "nationality": "France", "height": 175, "weight": 72, "photo": "https://media.api-sports.io/football/players/113581.png"}, {"name": "Sasa Kalajdzic", "age": 23, "nationality": "Austria", "height": 200, "weight": 90, "photo": "https://media.api-sports.io/football/players/7722.png"}, {"name": "Sebastian Griesbeck", "age": 30, "nationality": "Germany", "height": 189, "weight": 85, "photo": "https://media.api-sports.io/football/players/24905.png"}, {"name": "Jessic Ngankam", "age": 20, "nationality": "Germany", "height": 184, "weight": 84, "photo": "https://media.api-sports.io/football/players/162771.png"}, {"name": "Jonathan Schmid", "age": 30, "nationality": "France", "height": 179, "weight": 79, "photo": "https://media.api-sports.io/football/players/25303.png"}, {"name": "Keven Schlotterbeck", "age": 23, "nationality": "Germany", "height": 189, "weight": 84, "photo": "https://media.api-sports.io/football/players/26242.png"}, {"name": "Nils Petersen", "age": 32, "nationality": "Germany", "height": 188, "weight": 84, "photo": "https://media.api-sports.io/football/players/26258.png"}, {"name": "Benito Raman", "age": 26, "nationality": "Belgium", "height": 172, "weight": 67, "photo": "https://media.api-sports.io/football/players/25467.png"}, {"name": "Jean-Philippe Mateta", "age": 23, "nationality": "France", "height": 190, "weight": 84, "photo": "https://media.api-sports.io/football/players/25927.png"}, {"name": "Sven Schipplock", "age": 32, "nationality": "Germany", "height": 186, "weight": 84, "photo": "https://media.api-sports.io/football/players/25029.png"}, {"name": "Philipp Förster", "age": 25, "nationality": "Germany", "height": 188, "weight": 82, "photo": "https://media.api-sports.io/football/players/25183.png"}, {"name": "Jannes Horn", "age": 23, "nationality": "Germany", "height": 186, "weight": 79, "photo": "https://media.api-sports.io/football/players/24791.png"}, {"name": "Timo Becker", "age": 23, "nationality": "Germany", "height": 186, "weight": 81, "photo": "https://media.api-sports.io/football/players/90977.png"}, {"name": "Michael Gregoritsch", "age": 26, "nationality": "Austria", "height": 193, "weight": 91, "photo": "https://media.api-sports.io/football/players/25297.png"}, {"name": "Jamal Musiala", "age": 17, "nationality": "Germany", "height": 180, "weight": 68, "photo": "https://media.api-sports.io/football/players/181812.png"}, {"name": "Amin Younes", "age": 27, "nationality": "Germany", "height": 168, "weight": 67, "photo": "https://media.api-sports.io/football/players/335.png"}, {"name": "Aleksandar Dragovic", "age": 29, "nationality": "Austria", "height": 186, "weight": 84, "photo": "https://media.api-sports.io/football/players/968.png"}, {"name": "Stefan Ilsanker", "age": 31, "nationality": "Austria", "height": 189, "weight": 85, "photo": "https://media.api-sports.io/football/players/1154.png"}, {"name": "Timothy Chandler", "age": 30, "nationality": "USA", "height": 187, "weight": 84, "photo": "https://media.api-sports.io/football/players/1803.png"}, {"name": "Martin Hinteregger", "age": 28, "nationality": "Austria", "height": 186, "weight": 82, "photo": "https://media.api-sports.io/football/players/1805.png"}, {"name": "Tuta", "age": 21, "nationality": "Brazil", "height": 185, "weight": 81, "photo": "https://media.api-sports.io/football/players/1809.png"}, {"name": "Almamy Touré", "age": 24, "nationality": "France", "height": 183, "weight": 81, "photo": "https://media.api-sports.io/football/players/1811.png"}, {"name": "Danny Latza", "age": 27, "nationality": "Germany", "height": 187, "weight": 87, "photo": "https://media.api-sports.io/football/players/1812.png"}, {"name": "Makoto Hasebe", "age": 36, "nationality": "Japan", "height": 180, "weight": 72, "photo": "https://media.api-sports.io/football/players/1819.png"}, {"name": "Sebastian Rode", "age": 30, "nationality": "Germany", "height": 180, "weight": 71, "photo": "https://media.api-sports.io/football/players/1822.png"}, {"name": "Daichi Kamada", "age": 24, "nationality": "Japan", "height": 184, "weight": 76, "photo": "https://media.api-sports.io/football/players/2601.png"}, {"name": "Erik Durm", "age": 28, "nationality": "Germany", "height": 182, "weight": 70, "photo": "https://media.api-sports.io/football/players/19040.png"}, {"name": "Christopher Lenz", "age": 26, "nationality": "Germany", "height": 181, "weight": 81, "photo": "https://media.api-sports.io/football/players/24841.png"}, {"name": "Moussa Diaby", "age": 21, "nationality": "France", "height": 170, "weight": 68, "photo": "https://media.api-sports.io/football/players/277.png"}, {"name": "Daley Sinkgraven", "age": 25, "nationality": "Netherlands", "height": 179, "weight": 67, "photo": "https://media.api-sports.io/football/players/536.png"}, {"name": "Nadiem Amiri", "age": 24, "nationality": "Germany", "height": 180, "weight": 77, "photo": "https://media.api-sports.io/football/players/714.png"}, {"name": "Kerem Demirbay", "age": 27, "nationality": "Germany", "height": 183, "weight": 73, "photo": "https://media.api-sports.io/football/players/717.png"}, {"name": "Patrik Schick", "age": 24, "nationality": "Czech Republic", "height": 191, "weight": 85, "photo": "https://media.api-sports.io/football/players/794.png"}, {"name": "Charles Aránguiz", "age": 31, "nationality": "Chile", "height": 171, "weight": 68, "photo": "https://media.api-sports.io/football/players/974.png"}, {"name": "Julian Baumgartlinger", "age": 32, "nationality": "Austria", "height": 181, "weight": 85, "photo": "https://media.api-sports.io/football/players/975.png"}, {"name": "Karim Bellarabi", "age": 30, "nationality": "Germany", "height": 184, "weight": 81, "photo": "https://media.api-sports.io/football/players/976.png"}, {"name": "Lucas Alario", "age": 28, "nationality": "Argentina", "height": 184, "weight": 78, "photo": "https://media.api-sports.io/football/players/982.png"}, {"name": "Robert Andrich", "age": 26, "nationality": "Germany", "height": 187, "weight": 83, "photo": "https://media.api-sports.io/football/players/24903.png"}, {"name": "Gregor Kobel", "age": 23, "nationality": "Switzerland", "height": 196, "weight": 88, "photo": "https://media.api-sports.io/football/players/25282.png"}, {"name": "Florian Wirtz", "age": 17, "nationality": "Germany", "height": 176, "weight": 70, "photo": "https://media.api-sports.io/football/players/203224.png"}, {"name": "Roman Bürki", "age": 30, "nationality": "Switzerland", "height": 187, "weight": 85, "photo": "https://media.api-sports.io/football/players/1.png"}, {"name": "Marwin Hitz", "age": 33, "nationality": "Switzerland", "height": 194, "weight": 89, "photo": "https://media.api-sports.io/football/players/2.png"}, {"name": "Raphael Guerreiro", "age": 27, "nationality": "Portugal", "height": 170, "weight": 71, "photo": "https://media.api-sports.io/football/players/8.png"}, {"name": "Mahmoud Dahoud", "age": 24, "nationality": "Germany", "height": 178, "weight": 68, "photo": "https://media.api-sports.io/football/players/14.png"}, {"name": "Marius Wolf", "age": 25, "nationality": "Germany", "height": 188, "weight": 81, "photo": "https://media.api-sports.io/football/players/26.png"}, {"name": "Thomas Meunier", "age": 29, "nationality": "Belgium", "height": 190, "weight": 90, "photo": "https://media.api-sports.io/football/players/264.png"}, {"name": "Mats Hummels", "age": 32, "nationality": "Germany", "height": 191, "weight": 94, "photo": "https://media.api-sports.io/football/players/501.png"}, {"name": "Emre Can", "age": 26, "nationality": "Germany", "height": 186, "weight": 86, "photo": "https://media.api-sports.io/football/players/864.png"}, {"name": "Thorgan Hazard", "age": 27, "nationality": "Belgium", "height": 175, "weight": 71, "photo": "https://media.api-sports.io/football/players/2929.png"}, {"name": "Giovanni Reyna", "age": 18, "nationality": "USA", "height": 185, "weight": 79, "photo": "https://media.api-sports.io/football/players/161921.png"}, {"name": "Angelino", "age": 23, "nationality": "Spain", "height": 175, "weight": 69, "photo": "https://media.api-sports.io/football/players/227.png"}, {"name": "Christopher Nkunku", "age": 23, "nationality": "France", "height": 175, "weight": 73, "photo": "https://media.api-sports.io/football/players/269.png"}, {"name": "Erling Haaland", "age": 20, "nationality": "Norway", "height": 194, "weight": 88, "photo": "https://media.api-sports.io/football/players/1100.png"}, {"name": "Péter Gulácsi", "age": 30, "nationality": "Hungary", "height": 191, "weight": 86, "photo": "https://media.api-sports.io/football/players/1139.png"}, {"name": "Marcel Halstenberg", "age": 29, "nationality": "Germany", "height": 188, "weight": 87, "photo": "https://media.api-sports.io/football/players/1143.png"}, {"name": "Lukas Klostermann", "age": 24, "nationality": "Germany", "height": 187, "weight": 88, "photo": "https://media.api-sports.io/football/players/1144.png"}, {"name": "Nordi Mukiele", "age": 23, "nationality": "France", "height": 187, "weight": 84, "photo": "https://media.api-sports.io/football/players/1146.png"}, {"name": "Tyler Adams", "age": 21, "nationality": "USA", "height": 175, "weight": 72, "photo": "https://media.api-sports.io/football/players/1150.png"}, {"name": "Kevin Kampl", "age": 30, "nationality": "Slovenia", "height": 178, "weight": 66, "photo": "https://media.api-sports.io/football/players/1155.png"}, {"name": "Jérôme Boateng", "age": 32, "nationality": "Germany", "height": 192, "weight": 90, "photo": "https://media.api-sports.io/football/players/499.png"}, {"name": "Javi Martínez", "age": 32, "nationality": "Spain", "height": 192, "weight": 86, "photo": "https://media.api-sports.io/football/players/514.png"}, {"name": "Wendell", "age": 27, "nationality": "Brazil", "height": 178, "weight": 72, "photo": "https://media.api-sports.io/football/players/970.png"}, {"name": "Mathew Leckie", "age": 29, "nationality": "Australia", "height": 181, "weight": 82, "photo": "https://media.api-sports.io/football/players/2751.png"}, {"name": "Baptiste Santamaria", "age": 25, "nationality": "France", "height": 183, "weight": 73, "photo": "https://media.api-sports.io/football/players/21153.png"}, {"name": "Noah Katterbach", "age": 19, "nationality": "Germany", "height": 180, "weight": 73, "photo": "https://media.api-sports.io/football/players/24792.png"}, {"name": "Valentino Lazaro", "age": 24, "nationality": "Austria", "height": 180, "weight": 75, "photo": "https://media.api-sports.io/football/players/25353.png"}, {"name": "Christian Gentner", "age": 35, "nationality": "Germany", "height": 189, "weight": 81, "photo": "https://media.api-sports.io/football/players/26309.png"}, {"name": "Benjamin Stambouli", "age": 30, "nationality": "France", "height": 180, "weight": 82, "photo": "https://media.api-sports.io/football/players/407.png"}, {"name": "Amine Harit", "age": 23, "nationality": "Morocco", "height": 180, "weight": 67, "photo": "https://media.api-sports.io/football/players/412.png"}, {"name": "Justin Kluivert", "age": 21, "nationality": "Netherlands", "height": 171, "weight": 66, "photo": "https://media.api-sports.io/football/players/792.png"}, {"name": "Matteo Guendouzi", "age": 21, "nationality": "France", "height": 185, "weight": 68, "photo": "https://media.api-sports.io/football/players/1454.png"}, {"name": "Rafael Czichos", "age": 30, "nationality": "Germany", "height": 187, "weight": 86, "photo": "https://media.api-sports.io/football/players/24789.png"}, {"name": "Jorge Meré", "age": 23, "nationality": "Spain", "height": 182, "weight": 77, "photo": "https://media.api-sports.io/football/players/24793.png"}, {"name": "Yuya Osako", "age": 30, "nationality": "Japan", "height": 182, "weight": 71, "photo": "https://media.api-sports.io/football/players/25330.png"}, {"name": "Ismail Jakobs", "age": 21, "nationality": "Germany", "height": 184, "weight": null, "photo": "https://media.api-sports.io/football/players/158121.png"}, {"name": "Eric Maxim Choupo-Moting", "age": 31, "nationality": "Cameroon", "height": 191, "weight": 90, "photo": "https://media.api-sports.io/football/players/275.png"}, {"name": "David Alaba", "age": 28, "nationality": "Austria", "height": 180, "weight": 78, "photo": "https://media.api-sports.io/football/players/505.png"}, {"name": "Ritsu Doan", "age": 22, "nationality": "Japan", "height": 172, "weight": 70, "photo": "https://media.api-sports.io/football/players/2598.png"}, {"name": "Admir Mehmedi", "age": 29, "nationality": "Switzerland", "height": 183, "weight": 78, "photo": "https://media.api-sports.io/football/players/2808.png"}, {"name": "Steven Zuber", "age": 29, "nationality": "Switzerland", "height": 182, "weight": 79, "photo": "https://media.api-sports.io/football/players/2811.png"}, {"name": "Omar Alderete", "age": 24, "nationality": "Paraguay", "height": 188, "weight": 77, "photo": "https://media.api-sports.io/football/players/6168.png"}, {"name": "Taiwo Awoniyi", "age": 23, "nationality": "Nigeria", "height": 183, "weight": 84, "photo": "https://media.api-sports.io/football/players/8598.png"}, {"name": "Mike van der Hoorn", "age": 28, "nationality": "Netherlands", "height": 190, "weight": 81, "photo": "https://media.api-sports.io/football/players/19322.png"}, {"name": "Ellyes Skhiri", "age": 25, "nationality": "Tunisia", "height": 185, "weight": 74, "photo": "https://media.api-sports.io/football/players/21587.png"}, {"name": "Aymen Barkok", "age": 22, "nationality": "Morocco", "height": 189, "weight": 82, "photo": "https://media.api-sports.io/football/players/25455.png"}, {"name": "Philipp Mwene", "age": 26, "nationality": "Austria", "height": 170, "weight": 66, "photo": "https://media.api-sports.io/football/players/25915.png"}, {"name": "Matthew Hoppe", "age": 19, "nationality": "USA", "height": null, "weight": null, "photo": "https://media.api-sports.io/football/players/203014.png"}, {"name": "Jadon Sancho", "age": 20, "nationality": "England", "height": 180, "weight": 76, "photo": "https://media.api-sports.io/football/players/18.png"}, {"name": "Omar Mascarell", "age": 27, "nationality": "Spain", "height": 181, "weight": 76, "photo": "https://media.api-sports.io/football/players/414.png"}, {"name": "Matheus Cunha", "age": 21, "nationality": "Brazil", "height": 184, "weight": 75, "photo": "https://media.api-sports.io/football/players/1165.png"}, {"name": "Sead Kolasinac", "age": 27, "nationality": "Bosnia and Herzegovina", "height": 183, "weight": 85, "photo": "https://media.api-sports.io/football/players/1442.png"}, {"name": "Ryan Sessegnon", "age": 20, "nationality": "England", "height": 178, "weight": 70, "photo": "https://media.api-sports.io/football/players/19032.png"}, {"name": "Hee-Chan Hwang", "age": 24, "nationality": "Korea Republic", "height": 177, "weight": 77, "photo": "https://media.api-sports.io/football/players/24888.png"}, {"name": "Milot Rashica", "age": 24, "nationality": "Kosovo", "height": 177, "weight": 73, "photo": "https://media.api-sports.io/football/players/25324.png"}, {"name": "Joshua Sargent", "age": 20, "nationality": "USA", "height": 185, "weight": 79, "photo": "https://media.api-sports.io/football/players/25332.png"}, {"name": "Lukas Hradecky", "age": 31, "nationality": "Finland", "height": 192, "weight": 83, "photo": "https://media.api-sports.io/football/players/963.png"}, {"name": "Leon Bailey", "age": 23, "nationality": "Jamaica", "height": 178, "weight": 79, "photo": "https://media.api-sports.io/football/players/983.png"}, {"name": "Joel Pohjanpalo", "age": 26, "nationality": "Finland", "height": 185, "weight": 83, "photo": "https://media.api-sports.io/football/players/986.png"}, {"name": "Emil Forsberg", "age": 29, "nationality": "Sweden", "height": 177, "weight": 76, "photo": "https://media.api-sports.io/football/players/1152.png"}, {"name": "Krzysztof Piatek", "age": 25, "nationality": "Poland", "height": 183, "weight": 77, "photo": "https://media.api-sports.io/football/players/1651.png"}, {"name": "Ramy Bensebaini", "age": 25, "nationality": "Algeria", "height": 186, "weight": 82, "photo": "https://media.api-sports.io/football/players/2194.png"}, {"name": "Josip Brekalo", "age": 22, "nationality": "Croatia", "height": 175, "weight": 70, "photo": "https://media.api-sports.io/football/players/2762.png"}, {"name": "Ludwig Augustinsson", "age": 26, "nationality": "Sweden", "height": 181, "weight": 74, "photo": "https://media.api-sports.io/football/players/2852.png"}, {"name": "Robin Quaison", "age": 27, "nationality": "Sweden", "height": 183, "weight": 76, "photo": "https://media.api-sports.io/football/players/2866.png"}, {"name": "Deyovaisio Zeefuik", "age": 22, "nationality": "Netherlands", "height": 177, "weight": 76, "photo": "https://media.api-sports.io/football/players/38120.png"}, {"name": "Joakim Nilsson", "age": 26, "nationality": "Sweden", "height": 185, "weight": 78, "photo": "https://media.api-sports.io/football/players/48065.png"}, {"name": "Matija Nastasic", "age": 27, "nationality": "Serbia", "height": 188, "weight": 83, "photo": "https://media.api-sports.io/football/players/403.png"}, {"name": "Manuel Neuer", "age": 34, "nationality": "Germany", "height": 193, "weight": 93, "photo": "https://media.api-sports.io/football/players/497.png"}, {"name": "Alphonso Davies", "age": 20, "nationality": "Canada", "height": 183, "weight": 75, "photo": "https://media.api-sports.io/football/players/509.png"}, {"name": "Ádám Szalai", "age": 33, "nationality": "Hungary", "height": 193, "weight": 93, "photo": "https://media.api-sports.io/football/players/729.png"}, {"name": "Kevin Trapp", "age": 30, "nationality": "Germany", "height": 189, "weight": 84, "photo": "https://media.api-sports.io/football/players/1800.png"}, {"name": "Filip Kostic", "age": 28, "nationality": "Serbia", "height": 184, "weight": 84, "photo": "https://media.api-sports.io/football/players/1821.png"}, {"name": "Luka Jovic", "age": 23, "nationality": "Serbia", "height": 182, "weight": 85, "photo": "https://media.api-sports.io/football/players/1828.png"}, {"name": "Milos Veljkovic", "age": 25, "nationality": "Serbia", "height": 184, "weight": 77, "photo": "https://media.api-sports.io/football/players/2821.png"}, {"name": "Matthias Ginter", "age": 26, "nationality": "Germany", "height": 191, "weight": 86, "photo": "https://media.api-sports.io/football/players/2915.png"}, {"name": "Alexander Sørloth", "age": 25, "nationality": "Norway", "height": 193, "weight": 90, "photo": "https://media.api-sports.io/football/players/8492.png"}, {"name": "Julian Ryerson", "age": 23, "nationality": "Norway", "height": 183, "weight": 84, "photo": "https://media.api-sports.io/football/players/24845.png"}, {"name": "Peter Pekarík", "age": 34, "nationality": "Slovakia", "height": 177, "weight": 73, "photo": "https://media.api-sports.io/football/players/25343.png"}, {"name": "Ondrej Duda", "age": 26, "nationality": "Slovakia", "height": 181, "weight": 75, "photo": "https://media.api-sports.io/football/players/25349.png"}, {"name": "Leandro Barreiro Martins", "age": 20, "nationality": "Luxembourg", "height": 174, "weight": 65, "photo": "https://media.api-sports.io/football/players/25918.png"}, {"name": "Thomas Delaney", "age": 29, "nationality": "Denmark", "height": 182, "weight": 79, "photo": "https://media.api-sports.io/football/players/15.png"}, {"name": "Marco Reus", "age": 31, "nationality": "Germany", "height": 180, "weight": 71, "photo": "https://media.api-sports.io/football/players/25.png"}, {"name": "Joshua Kimmich", "age": 25, "nationality": "Germany", "height": 177, "weight": 75, "photo": "https://media.api-sports.io/football/players/502.png"}, {"name": "Leon Goretzka", "age": 25, "nationality": "Germany", "height": 189, "weight": 82, "photo": "https://media.api-sports.io/football/players/511.png"}, {"name": "Thomas Müller", "age": 31, "nationality": "Germany", "height": 185, "weight": 76, "photo": "https://media.api-sports.io/football/players/522.png"}, {"name": "Leroy Sané", "age": 24, "nationality": "Germany", "height": 183, "weight": 80, "photo": "https://media.api-sports.io/football/players/644.png"}, {"name": "Jonathan Tah", "age": 24, "nationality": "Germany", "height": 195, "weight": 98, "photo": "https://media.api-sports.io/football/players/972.png"}, {"name": "Julian Brandt", "age": 24, "nationality": "Germany", "height": 185, "weight": 83, "photo": "https://media.api-sports.io/football/players/984.png"}, {"name": "Munas Dabbur", "age": 28, "nationality": "Israel", "height": 182, "weight": 76, "photo": "https://media.api-sports.io/football/players/1097.png"}, {"name": "Maximilian Arnold", "age": 26, "nationality": "Germany", "height": 184, "weight": 74, "photo": "https://media.api-sports.io/football/players/25408.png"}, {"name": "Wout Weghorst", "age": 28, "nationality": "Netherlands", "height": 197, "weight": 84, "photo": "https://media.api-sports.io/football/players/25416.png"}, {"name": "Jonas Hofmann", "age": 28, "nationality": "Germany", "height": 176, "weight": 73, "photo": "https://media.api-sports.io/football/players/25635.png"}, {"name": "Florian Neuhaus", "age": 23, "nationality": "Germany", "height": 185, "weight": 74, "photo": "https://media.api-sports.io/football/players/25638.png"}, {"name": "Christian Günter", "age": 27, "nationality": "Germany", "height": 184, "weight": 83, "photo": "https://media.api-sports.io/football/players/26236.png"}, {"name": "Manuel Akanji", "age": 25, "nationality": "Switzerland", "height": 187, "weight": 91, "photo": "https://media.api-sports.io/football/players/5.png"}, {"name": "Kevin Mbabu", "age": 25, "nationality": "Switzerland", "height": 184, "weight": 83, "photo": "https://media.api-sports.io/football/players/946.png"}, {"name": "Diadie Samassékou", "age": 24, "nationality": "Mali", "height": 175, "weight": 70, "photo": "https://media.api-sports.io/football/players/1094.png"}, {"name": "Amadou Haidara", "age": 22, "nationality": "Mali", "height": 175, "weight": 72, "photo": "https://media.api-sports.io/football/players/1153.png"}, {"name": "Dani Olmo", "age": 22, "nationality": "Spain", "height": 179, "weight": 72, "photo": "https://media.api-sports.io/football/players/1323.png"}, {"name": "Yann Sommer", "age": 32, "nationality": "Switzerland", "height": 183, "weight": 79, "photo": "https://media.api-sports.io/football/players/2802.png"}, {"name": "Renato Steffen", "age": 29, "nationality": "Switzerland", "height": 170, "weight": 65, "photo": "https://media.api-sports.io/football/players/2809.png"}, {"name": "Denis Zakaria", "age": 24, "nationality": "Switzerland", "height": 191, "weight": 81, "photo": "https://media.api-sports.io/football/players/2810.png"}, {"name": "Sargis Adamyan", "age": 27, "nationality": "Armenia", "height": 184, "weight": 78, "photo": "https://media.api-sports.io/football/players/24993.png"}, {"name": "Nicolás González", "age": 22, "nationality": "Argentina", "height": 180, "weight": 72, "photo": "https://media.api-sports.io/football/players/26315.png"}, {"name": "Edmond Tapsoba", "age": 21, "nationality": "Burkina Faso", "height": 194, "weight": 85, "photo": "https://media.api-sports.io/football/players/41150.png"}, {"name": "Jude Bellingham", "age": 17, "nationality": "England", "height": 186, "weight": 75, "photo": "https://media.api-sports.io/football/players/129718.png"}]