[{"name": "Loris Benito", "age": 28, "nationality": "Switzerland", "height": 184, "weight": 80, "photo": "https://media.api-sports.io/football/players/941.png"}, {"name": "Clément Grenier", "age": 29, "nationality": "France", "height": 186, "weight": 72, "photo": "https://media.api-sports.io/football/players/2208.png"}, {"name": "Jonathan Delaplace", "age": 34, "nationality": "France", "height": 168, "weight": 67, "photo": "https://media.api-sports.io/football/players/20635.png"}, {"name": "Hilton", "age": 43, "nationality": "Brazil", "height": 180, "weight": 78, "photo": "https://media.api-sports.io/football/players/21571.png"}, {"name": "Wesley Lautoa", "age": 33, "nationality": "France", "height": 184, "weight": 87, "photo": "https://media.api-sports.io/football/players/21700.png"}, {"name": "Mehdi Abeid", "age": 28, "nationality": "Algeria", "height": 181, "weight": 78, "photo": "https://media.api-sports.io/football/players/21704.png"}, {"name": "Nolan Roux", "age": 32, "nationality": "France", "height": 182, "weight": 81, "photo": "https://media.api-sports.io/football/players/21508.png"}, {"name": "Farid El Melali", "age": 23, "nationality": "Algeria", "height": 168, "weight": 65, "photo": "https://media.api-sports.io/football/players/3177.png"}, {"name": "Mehdi Chahiri", "age": 24, "nationality": "France", "height": 180, "weight": 76, "photo": "https://media.api-sports.io/football/players/24279.png"}, {"name": "Stanley N'Soki", "age": 21, "nationality": "France", "height": 184, "weight": 77, "photo": "https://media.api-sports.io/football/players/270.png"}, {"name": "Thierry Ambrose", "age": 23, "nationality": "France", "height": 178, "weight": 75, "photo": "https://media.api-sports.io/football/players/20673.png"}, {"name": "Mathieu Cafaro", "age": 23, "nationality": "France", "height": 178, "weight": 74, "photo": "https://media.api-sports.io/football/players/22003.png"}, {"name": "Myziane Maolida", "age": 21, "nationality": "France", "height": 181, "weight": 78, "photo": "https://media.api-sports.io/football/players/22179.png"}, {"name": "Haris Duljevic", "age": 27, "nationality": "Bosnia and Herzegovina", "height": 185, "weight": 82, "photo": "https://media.api-sports.io/football/players/25130.png"}, {"name": "Yusuf Yazici", "age": 23, "nationality": "Turkey", "height": 183, "weight": 74, "photo": "https://media.api-sports.io/football/players/49888.png"}, {"name": "Mitchel Bakker", "age": 20, "nationality": "Netherlands", "height": 185, "weight": 85, "photo": "https://media.api-sports.io/football/players/530.png"}, {"name": "Renaud Emond", "age": 29, "nationality": "Belgium", "height": 185, "weight": 76, "photo": "https://media.api-sports.io/football/players/2122.png"}, {"name": "Keagan Dolly", "age": 27, "nationality": "South Africa", "height": 173, "weight": null, "photo": "https://media.api-sports.io/football/players/21578.png"}, {"name": "Petar Skuletic", "age": 30, "nationality": "Serbia", "height": 193, "weight": 89, "photo": "https://media.api-sports.io/football/players/21594.png"}, {"name": "Mohamed Simakan", "age": 20, "nationality": "France", "height": 187, "weight": 82, "photo": "https://media.api-sports.io/football/players/22250.png"}, {"name": "Dereck Kutesa", "age": 23, "nationality": "Switzerland", "height": 176, "weight": 67, "photo": "https://media.api-sports.io/football/players/48488.png"}, {"name": "Anthony Racioppi", "age": 22, "nationality": "Switzerland", "height": 186, "weight": 81, "photo": "https://media.api-sports.io/football/players/648.png"}, {"name": "Steven N'Zonzi", "age": 32, "nationality": "France", "height": 196, "weight": 75, "photo": "https://media.api-sports.io/football/players/780.png"}, {"name": "Simon Banza", "age": 24, "nationality": "France", "height": 189, "weight": 77, "photo": "https://media.api-sports.io/football/players/20674.png"}, {"name": "Loïck Landre", "age": 28, "nationality": "France", "height": 182, "weight": 75, "photo": "https://media.api-sports.io/football/players/21431.png"}, {"name": "Fouad Chafik", "age": 34, "nationality": "Morocco", "height": 183, "weight": 72, "photo": "https://media.api-sports.io/football/players/21698.png"}, {"name": "Lamine Koné", "age": 31, "nationality": "Côte d'Ivoire", "height": 189, "weight": 90, "photo": "https://media.api-sports.io/football/players/22246.png"}, {"name": "Kévin Zohi", "age": 24, "nationality": "Mali", "height": 177, "weight": 70, "photo": "https://media.api-sports.io/football/players/22263.png"}, {"name": "Dan Ndoye", "age": 20, "nationality": "Switzerland", "height": 181, "weight": 74, "photo": "https://media.api-sports.io/football/players/48648.png"}, {"name": "Andy Pelmard", "age": 20, "nationality": "France", "height": 180, "weight": 69, "photo": "https://media.api-sports.io/football/players/64256.png"}, {"name": "Jean Eudes Aholou", "age": 26, "nationality": "Côte d'Ivoire", "height": 186, "weight": 71, "photo": "https://media.api-sports.io/football/players/103.png"}, {"name": "Majeed Waris", "age": 29, "nationality": "Ghana", "height": 172, "weight": 71, "photo": "https://media.api-sports.io/football/players/3432.png"}, {"name": "Jean-Ricner Bellegarde", "age": 22, "nationality": "France", "height": 170, "weight": 66, "photo": "https://media.api-sports.io/football/players/20665.png"}, {"name": "Mathieu Debuchy", "age": 35, "nationality": "France", "height": 176, "weight": 76, "photo": "https://media.api-sports.io/football/players/22085.png"}, {"name": "Eiji Kawashima", "age": 37, "nationality": "Japan", "height": 185, "weight": 74, "photo": "https://media.api-sports.io/football/players/22242.png"}, {"name": "Anthony Caci", "age": 23, "nationality": "France", "height": 184, "weight": 76, "photo": "https://media.api-sports.io/football/players/22244.png"}, {"name": "Dmitri Lienard", "age": 32, "nationality": "France", "height": 184, "weight": 77, "photo": "https://media.api-sports.io/football/players/22257.png"}, {"name": "Ibrahima Sissoko", "age": 23, "nationality": "France", "height": 193, "weight": 88, "photo": "https://media.api-sports.io/football/players/22260.png"}, {"name": "Adrien Thomasson", "age": 27, "nationality": "France", "height": 177, "weight": 72, "photo": "https://media.api-sports.io/football/players/22261.png"}, {"name": "Ludovic Ajorque", "age": 26, "nationality": "France", "height": 197, "weight": 82, "photo": "https://media.api-sports.io/football/players/22264.png"}, {"name": "Anthony Lopes", "age": 30, "nationality": "Portugal", "height": 184, "weight": 81, "photo": "https://media.api-sports.io/football/players/647.png"}, {"name": "Jason Denayer", "age": 25, "nationality": "Belgium", "height": 184, "weight": 70, "photo": "https://media.api-sports.io/football/players/649.png"}, {"name": "Léo Dubois", "age": 26, "nationality": "France", "height": 178, "weight": 65, "photo": "https://media.api-sports.io/football/players/650.png"}, {"name": "Marcelo", "age": 33, "nationality": "Brazil", "height": 191, "weight": 85, "photo": "https://media.api-sports.io/football/players/651.png"}, {"name": "Houssem Aouar", "age": 22, "nationality": "France", "height": 175, "weight": 70, "photo": "https://media.api-sports.io/football/players/658.png"}, {"name": "Maxence Caqueret", "age": 20, "nationality": "France", "height": 174, "weight": 63, "photo": "https://media.api-sports.io/football/players/659.png"}, {"name": "Damien Da Silva", "age": 32, "nationality": "France", "height": 184, "weight": 82, "photo": "https://media.api-sports.io/football/players/2196.png"}, {"name": "Thiago Mendes", "age": 28, "nationality": "Brazil", "height": 176, "weight": 78, "photo": "https://media.api-sports.io/football/players/22232.png"}, {"name": "Sinaly Diomande", "age": 19, "nationality": "Côte d'Ivoire", "height": 184, "weight": 74, "photo": "https://media.api-sports.io/football/players/162466.png"}, {"name": "Moussa Dembele", "age": 24, "nationality": "France", "height": 183, "weight": 73, "photo": "https://media.api-sports.io/football/players/666.png"}, {"name": "Zinedine Ferhat", "age": 27, "nationality": "Algeria", "height": 183, "weight": 77, "photo": "https://media.api-sports.io/football/players/3175.png"}, {"name": "Adrián Cubas", "age": 24, "nationality": "Paraguay", "height": 163, "weight": 60, "photo": "https://media.api-sports.io/football/players/6236.png"}, {"name": "Bruno Guimarães", "age": 23, "nationality": "Brazil", "height": 182, "weight": 74, "photo": "https://media.api-sports.io/football/players/10135.png"}, {"name": "Niclas Eliasson", "age": 25, "nationality": "Sweden", "height": 176, "weight": 73, "photo": "https://media.api-sports.io/football/players/19270.png"}, {"name": "Lamine Fomba", "age": 22, "nationality": "France", "height": 188, "weight": 68, "photo": "https://media.api-sports.io/football/players/20861.png"}, {"name": "Kelyan Guessoum", "age": 21, "nationality": "France", "height": 176, "weight": 70, "photo": "https://media.api-sports.io/football/players/21429.png"}, {"name": "Anthony Briancon", "age": 26, "nationality": "France", "height": 185, "weight": 79, "photo": "https://media.api-sports.io/football/players/21438.png"}, {"name": "Gaetan Paquiez", "age": 26, "nationality": "France", "height": 182, "weight": 72, "photo": "https://media.api-sports.io/football/players/21442.png"}, {"name": "Patrick Burner", "age": 24, "nationality": "Martinique", "height": 168, "weight": 61, "photo": "https://media.api-sports.io/football/players/22161.png"}, {"name": "Mathis Cherki", "age": 17, "nationality": "France", "height": 176, "weight": 71, "photo": "https://media.api-sports.io/football/players/156477.png"}, {"name": "Yassin Benrahou", "age": 21, "nationality": "Morocco", "height": 170, "weight": null, "photo": "https://media.api-sports.io/football/players/1267.png"}, {"name": "Antonin Bobichon", "age": 25, "nationality": "France", "height": 170, "weight": 72, "photo": "https://media.api-sports.io/football/players/21446.png"}, {"name": "Renaud Ripart", "age": 27, "nationality": "France", "height": 181, "weight": 73, "photo": "https://media.api-sports.io/football/players/21451.png"}, {"name": "Xavier Chavalerin", "age": 29, "nationality": "France", "height": 178, "weight": 66, "photo": "https://media.api-sports.io/football/players/22005.png"}, {"name": "Jessy Moulin", "age": 34, "nationality": "France", "height": 185, "weight": 88, "photo": "https://media.api-sports.io/football/players/22082.png"}, {"name": "Moussa Koné", "age": 24, "nationality": "Senegal", "height": 175, "weight": 68, "photo": "https://media.api-sports.io/football/players/25138.png"}, {"name": "Charles Nathan Abi", "age": 20, "nationality": "France", "height": 187, "weight": 71, "photo": "https://media.api-sports.io/football/players/67785.png"}, {"name": "Abdoul Kader Bamba", "age": 26, "nationality": "France", "height": 177, "weight": 74, "photo": "https://media.api-sports.io/football/players/84055.png"}, {"name": "Sébastien Corchia", "age": 30, "nationality": "France", "height": 176, "weight": 69, "photo": "https://media.api-sports.io/football/players/560.png"}, {"name": "Dennis Appiah", "age": 28, "nationality": "France", "height": 179, "weight": 68, "photo": "https://media.api-sports.io/football/players/1407.png"}, {"name": "Pierre-Yves Hamel", "age": 26, "nationality": "France", "height": 189, "weight": 76, "photo": "https://media.api-sports.io/football/players/20647.png"}, {"name": "Tony Mauricio", "age": 26, "nationality": "France", "height": 169, "weight": 67, "photo": "https://media.api-sports.io/football/players/20891.png"}, {"name": "Nicolas Pallois", "age": 33, "nationality": "France", "height": 190, "weight": 89, "photo": "https://media.api-sports.io/football/players/21088.png"}, {"name": "Fabio", "age": 30, "nationality": "Brazil", "height": 172, "weight": 65, "photo": "https://media.api-sports.io/football/players/21089.png"}, {"name": "Andrei Girotto", "age": 28, "nationality": "Brazil", "height": 186, "weight": 73, "photo": "https://media.api-sports.io/football/players/21097.png"}, {"name": "Ludovic Blas", "age": 23, "nationality": "France", "height": 180, "weight": 70, "photo": "https://media.api-sports.io/football/players/21497.png"}, {"name": "Marcus Coco", "age": 24, "nationality": "France", "height": 180, "weight": 75, "photo": "https://media.api-sports.io/football/players/21498.png"}, {"name": "Alban Lafont", "age": 21, "nationality": "France", "height": 193, "weight": 82, "photo": "https://media.api-sports.io/football/players/30393.png"}, {"name": "Pedro Chirivella", "age": 23, "nationality": "Spain", "height": 178, "weight": 66, "photo": "https://media.api-sports.io/football/players/93671.png"}, {"name": "Romain Philippoteaux", "age": 32, "nationality": "France", "height": 170, "weight": 67, "photo": "https://media.api-sports.io/football/players/20865.png"}, {"name": "Randal Kolo Muani", "age": 22, "nationality": "France", "height": 187, "weight": 73, "photo": "https://media.api-sports.io/football/players/21104.png"}, {"name": "Lucas Deaux", "age": 32, "nationality": "France", "height": 188, "weight": 82, "photo": "https://media.api-sports.io/football/players/21499.png"}, {"name": "Daniel Congré", "age": 35, "nationality": "France", "height": 186, "weight": 82, "photo": "https://media.api-sports.io/football/players/21569.png"}, {"name": "Jordan Marié", "age": 29, "nationality": "France", "height": 177, "weight": 73, "photo": "https://media.api-sports.io/football/players/21710.png"}, {"name": "Frederic Sammaritano", "age": 34, "nationality": "France", "height": 162, "weight": 65, "photo": "https://media.api-sports.io/football/players/21711.png"}, {"name": "Baptiste Reynet", "age": 30, "nationality": "France", "height": 185, "weight": 88, "photo": "https://media.api-sports.io/football/players/22132.png"}, {"name": "Jonathan Panzo", "age": 20, "nationality": "England", "height": 185, "weight": 72, "photo": "https://media.api-sports.io/football/players/84088.png"}, {"name": "Matteo Ahlinvi", "age": 21, "nationality": "Benin", "height": 183, "weight": 68, "photo": "https://media.api-sports.io/football/players/87321.png"}, {"name": "Tiago Djaló", "age": 20, "nationality": "Portugal", "height": 190, "weight": null, "photo": "https://media.api-sports.io/football/players/1479.png"}, {"name": "Burak Yilmaz", "age": 35, "nationality": "Turkey", "height": 188, "weight": 80, "photo": "https://media.api-sports.io/football/players/2006.png"}, {"name": "Benjamin André", "age": 30, "nationality": "France", "height": 180, "weight": 76, "photo": "https://media.api-sports.io/football/players/2204.png"}, {"name": "Hatem Ben Arfa", "age": 33, "nationality": "France", "height": 178, "weight": 65, "photo": "https://media.api-sports.io/football/players/2205.png"}, {"name": "Domagoj Bradaric", "age": 21, "nationality": "Croatia", "height": 178, "weight": 69, "photo": "https://media.api-sports.io/football/players/14327.png"}, {"name": "Mihai-Alexandru Dobre", "age": 22, "nationality": "Romania", "height": 178, "weight": 71, "photo": "https://media.api-sports.io/football/players/18047.png"}, {"name": "Mehmet Zeki Çelik", "age": 23, "nationality": "Turkey", "height": 180, "weight": 78, "photo": "https://media.api-sports.io/football/players/22222.png"}, {"name": "Reinildo", "age": 26, "nationality": "Mozambique", "height": 180, "weight": 73, "photo": "https://media.api-sports.io/football/players/22225.png"}, {"name": "Xeka", "age": 26, "nationality": "Portugal", "height": 185, "weight": 80, "photo": "https://media.api-sports.io/football/players/22228.png"}, {"name": "Jonathan Bamba", "age": 24, "nationality": "France", "height": 175, "weight": 72, "photo": "https://media.api-sports.io/football/players/22235.png"}, {"name": "Sven Botman", "age": 20, "nationality": "Netherlands", "height": 193, "weight": null, "photo": "https://media.api-sports.io/football/players/38734.png"}, {"name": "Isaac Lihadji", "age": 18, "nationality": "France", "height": 177, "weight": null, "photo": "https://media.api-sports.io/football/players/129688.png"}, {"name": "Martin Terrier", "age": 23, "nationality": "France", "height": 184, "weight": 71, "photo": "https://media.api-sports.io/football/players/663.png"}, {"name": "Timothy Weah", "age": 20, "nationality": "USA", "height": 183, "weight": 66, "photo": "https://media.api-sports.io/football/players/1138.png"}, {"name": "Jéremy Doku", "age": 18, "nationality": "Belgium", "height": 171, "weight": 66, "photo": "https://media.api-sports.io/football/players/1422.png"}, {"name": "Romain Salin", "age": 36, "nationality": "France", "height": 185, "weight": 71, "photo": "https://media.api-sports.io/football/players/1472.png"}, {"name": "Benjamin Bourigeaud", "age": 26, "nationality": "France", "height": 178, "weight": 71, "photo": "https://media.api-sports.io/football/players/2206.png"}, {"name": "Gaëtan Charbonnier", "age": 32, "nationality": "France", "height": 188, "weight": 80, "photo": "https://media.api-sports.io/football/players/20563.png"}, {"name": "Flavien Tait", "age": 27, "nationality": "France", "height": 175, "weight": 70, "photo": "https://media.api-sports.io/football/players/21154.png"}, {"name": "Sehrou Guirassy", "age": 24, "nationality": "France", "height": 187, "weight": 82, "photo": "https://media.api-sports.io/football/players/21393.png"}, {"name": "Adrien Truffert", "age": 19, "nationality": "France", "height": 175, "weight": 68, "photo": "https://media.api-sports.io/football/players/162267.png"}, {"name": "Loic Bade", "age": 20, "nationality": "France", "height": 191, "weight": 82, "photo": "https://media.api-sports.io/football/players/174918.png"}, {"name": "Jérémy Morel", "age": 36, "nationality": "Madagascar", "height": 172, "weight": 71, "photo": "https://media.api-sports.io/football/players/654.png"}, {"name": "Paul Nardi", "age": 26, "nationality": "France", "height": 187, "weight": 77, "photo": "https://media.api-sports.io/football/players/8657.png"}, {"name": "Vincent Le Goff", "age": 31, "nationality": "France", "height": 177, "weight": 69, "photo": "https://media.api-sports.io/football/players/20625.png"}, {"name": "Houboulang Mendes", "age": 22, "nationality": "France", "height": 184, "weight": 73, "photo": "https://media.api-sports.io/football/players/20627.png"}, {"name": "Enzo Le Fée", "age": 20, "nationality": "France", "height": 170, "weight": null, "photo": "https://media.api-sports.io/football/players/20638.png"}, {"name": "Fabien Lemoine", "age": 33, "nationality": "France", "height": 175, "weight": 71, "photo": "https://media.api-sports.io/football/players/20639.png"}, {"name": "Julien Laporte", "age": 27, "nationality": "France", "height": 185, "weight": 82, "photo": "https://media.api-sports.io/football/players/20766.png"}, {"name": "Laurent Abergel", "age": 27, "nationality": "France", "height": 170, "weight": 65, "photo": "https://media.api-sports.io/football/players/20917.png"}, {"name": "Jerome Hergault", "age": 34, "nationality": "France", "height": 185, "weight": 80, "photo": "https://media.api-sports.io/football/players/20944.png"}, {"name": "Matthieu Dreyer", "age": 31, "nationality": "France", "height": 188, "weight": 81, "photo": "https://media.api-sports.io/football/players/21377.png"}, {"name": "Thomas Monconduit", "age": 29, "nationality": "France", "height": 184, "weight": 83, "photo": "https://media.api-sports.io/football/players/21387.png"}, {"name": "Gaetan Laborde", "age": 26, "nationality": "France", "height": 182, "weight": 81, "photo": "https://media.api-sports.io/football/players/21592.png"}, {"name": "Quentin Boisgard", "age": 23, "nationality": "France", "height": 174, "weight": 75, "photo": "https://media.api-sports.io/football/players/23120.png"}, {"name": "Terem Igobor Moffi", "age": 21, "nationality": "Nigeria", "height": 188, "weight": 87, "photo": "https://media.api-sports.io/football/players/69971.png"}, {"name": "Armand Lauriente", "age": 22, "nationality": "France", "height": 177, "weight": 79, "photo": "https://media.api-sports.io/football/players/2215.png"}, {"name": "Cheick Oumar Doucoure", "age": 20, "nationality": "Mali", "height": 180, "weight": 73, "photo": "https://media.api-sports.io/football/players/3339.png"}, {"name": "Facundo Medina", "age": 21, "nationality": "Argentina", "height": 177, "weight": 78, "photo": "https://media.api-sports.io/football/players/6231.png"}, {"name": "Thomas Delaine", "age": 28, "nationality": "France", "height": 180, "weight": 72, "photo": "https://media.api-sports.io/football/players/20521.png"}, {"name": "Matthieu Udol", "age": 24, "nationality": "France", "height": 178, "weight": 79, "photo": "https://media.api-sports.io/football/players/20525.png"}, {"name": "Jean-Louis Leca", "age": 35, "nationality": "France", "height": 180, "weight": 75, "photo": "https://media.api-sports.io/football/players/20651.png"}, {"name": "Fabien Centonze", "age": 24, "nationality": "France", "height": 182, "weight": 75, "photo": "https://media.api-sports.io/football/players/20654.png"}, {"name": "Florian Sotoca", "age": 30, "nationality": "France", "height": 187, "weight": 77, "photo": "https://media.api-sports.io/football/players/20761.png"}, {"name": "Jonathan Gradit", "age": 28, "nationality": "France", "height": 180, "weight": 75, "photo": "https://media.api-sports.io/football/players/21635.png"}, {"name": "Yannick Cahuzac", "age": 35, "nationality": "France", "height": 178, "weight": 72, "photo": "https://media.api-sports.io/football/players/22143.png"}, {"name": "Corentin Jean", "age": 25, "nationality": "France", "height": 170, "weight": 70, "photo": "https://media.api-sports.io/football/players/22151.png"}, {"name": "Jonathan Clauss", "age": 28, "nationality": "France", "height": 178, "weight": 69, "photo": "https://media.api-sports.io/football/players/25008.png"}, {"name": "Seko Fofana", "age": 25, "nationality": "Côte d'Ivoire", "height": 183, "weight": 74, "photo": "https://media.api-sports.io/football/players/30807.png"}, {"name": "Arnaud Kalimuendo Muinga", "age": 18, "nationality": "France", "height": 175, "weight": 63, "photo": "https://media.api-sports.io/football/players/147831.png"}, {"name": "Benoit Badiashile Mukinayi", "age": 19, "nationality": "France", "height": 194, "weight": 75, "photo": "https://media.api-sports.io/football/players/95.png"}, {"name": "Nicolas de Preville", "age": 29, "nationality": "France", "height": 177, "weight": 77, "photo": "https://media.api-sports.io/football/players/1275.png"}, {"name": "Ibrahim Amadou", "age": 27, "nationality": "France", "height": 183, "weight": 81, "photo": "https://media.api-sports.io/football/players/2049.png"}, {"name": "Guillermo Maripán", "age": 26, "nationality": "Chile", "height": 193, "weight": 84, "photo": "https://media.api-sports.io/football/players/2553.png"}, {"name": "Opa Nguette", "age": 26, "nationality": "Senegal", "height": 182, "weight": 76, "photo": "https://media.api-sports.io/football/players/20533.png"}, {"name": "Warren Tchimbembé", "age": 22, "nationality": "Congo", "height": 180, "weight": 74, "photo": "https://media.api-sports.io/football/players/20591.png"}, {"name": "Lamine Gueye", "age": 22, "nationality": "Senegal", "height": 178, "weight": 74, "photo": "https://media.api-sports.io/football/players/23126.png"}, {"name": "Papa Ndiaga Yade", "age": 20, "nationality": "Senegal", "height": 185, "weight": 76, "photo": "https://media.api-sports.io/football/players/129676.png"}, {"name": "Djibril Sidibe", "age": 28, "nationality": "France", "height": 182, "weight": 71, "photo": "https://media.api-sports.io/football/players/102.png"}, {"name": "Sofiane Diop", "age": 20, "nationality": "France", "height": 175, "weight": 65, "photo": "https://media.api-sports.io/football/players/107.png"}, {"name": "Cesc Fàbregas", "age": 33, "nationality": "Spain", "height": 180, "weight": 77, "photo": "https://media.api-sports.io/football/players/108.png"}, {"name": "Aleksandr Golovin", "age": 24, "nationality": "Russia", "height": 180, "weight": 69, "photo": "https://media.api-sports.io/football/players/109.png"}, {"name": "Gelson Martins", "age": 25, "nationality": "Portugal", "height": 173, "weight": 72, "photo": "https://media.api-sports.io/football/players/118.png"}, {"name": "Aurelien Tchouameni", "age": 20, "nationality": "France", "height": 185, "weight": 80, "photo": "https://media.api-sports.io/football/players/1271.png"}, {"name": "Wissam Ben Yedder", "age": 30, "nationality": "France", "height": 170, "weight": 68, "photo": "https://media.api-sports.io/football/players/2059.png"}, {"name": "Ruben Aguilar", "age": 27, "nationality": "France", "height": 172, "weight": 70, "photo": "https://media.api-sports.io/football/players/21568.png"}, {"name": "Axel Disasi", "age": 22, "nationality": "France", "height": 190, "weight": 86, "photo": "https://media.api-sports.io/football/players/21998.png"}, {"name": "Youssouf Fofana", "age": 21, "nationality": "France", "height": 178, "weight": null, "photo": "https://media.api-sports.io/football/players/22254.png"}, {"name": "Zaydou Youssef", "age": 21, "nationality": "France", "height": 182, "weight": 81, "photo": "https://media.api-sports.io/football/players/1272.png"}, {"name": "Miguel Trauco", "age": 28, "nationality": "Peru", "height": 175, "weight": 62, "photo": "https://media.api-sports.io/football/players/2424.png"}, {"name": "Paul Bernardoni", "age": 23, "nationality": "France", "height": 190, "weight": 78, "photo": "https://media.api-sports.io/football/players/21425.png"}, {"name": "Timothée Kolodziejczak", "age": 29, "nationality": "France", "height": 185, "weight": 75, "photo": "https://media.api-sports.io/football/players/22086.png"}, {"name": "Arnaud Nordin", "age": 22, "nationality": "France", "height": 170, "weight": 69, "photo": "https://media.api-sports.io/football/players/22097.png"}, {"name": "Mahdi Camara", "age": 22, "nationality": "France", "height": 178, "weight": 60, "photo": "https://media.api-sports.io/football/players/24147.png"}, {"name": "Adil Aouchiche", "age": 18, "nationality": "France", "height": 181, "weight": 72, "photo": "https://media.api-sports.io/football/players/137129.png"}, {"name": "Aïmen Moueffek", "age": 19, "nationality": "France", "height": 179, "weight": null, "photo": "https://media.api-sports.io/football/players/174801.png"}, {"name": "Lucas Gourna Douath", "age": 17, "nationality": "France", "height": null, "weight": null, "photo": "https://media.api-sports.io/football/players/179843.png"}, {"name": "Leonardo Balerdi", "age": 21, "nationality": "Argentina", "height": 187, "weight": 85, "photo": "https://media.api-sports.io/football/players/6.png"}, {"name": "Álvaro González", "age": 30, "nationality": "Spain", "height": 182, "weight": 75, "photo": "https://media.api-sports.io/football/players/1689.png"}, {"name": "Steve Mandanda", "age": 35, "nationality": "France", "height": 185, "weight": 82, "photo": "https://media.api-sports.io/football/players/1897.png"}, {"name": "Duje Caleta-Car", "age": 24, "nationality": "Croatia", "height": 192, "weight": 89, "photo": "https://media.api-sports.io/football/players/1902.png"}, {"name": "Boubacar Kamara", "age": 21, "nationality": "France", "height": 184, "weight": 68, "photo": "https://media.api-sports.io/football/players/1904.png"}, {"name": "Dimitri Payet", "age": 33, "nationality": "France", "height": 175, "weight": 77, "photo": "https://media.api-sports.io/football/players/1912.png"}, {"name": "Sada Thioub", "age": 25, "nationality": "Senegal", "height": 179, "weight": 75, "photo": "https://media.api-sports.io/football/players/2996.png"}, {"name": "Valentin Rongier", "age": 26, "nationality": "France", "height": 172, "weight": 66, "photo": "https://media.api-sports.io/football/players/21102.png"}, {"name": "William Saliba", "age": 19, "nationality": "France", "height": 192, "weight": 83, "photo": "https://media.api-sports.io/football/players/22090.png"}, {"name": "Romain Hamouma", "age": 33, "nationality": "France", "height": 178, "weight": 76, "photo": "https://media.api-sports.io/football/players/22095.png"}, {"name": "Pol Lirola", "age": 23, "nationality": "Spain", "height": 183, "weight": 70, "photo": "https://media.api-sports.io/football/players/30525.png"}, {"name": "Maxence Rivera", "age": 18, "nationality": "France", "height": 171, "weight": 61, "photo": "https://media.api-sports.io/football/players/174797.png"}, {"name": "Arkadiusz Milik", "age": 26, "nationality": "Poland", "height": 186, "weight": 80, "photo": "https://media.api-sports.io/football/players/333.png"}, {"name": "Souleyman Doumbia", "age": 24, "nationality": "Côte d'Ivoire", "height": 177, "weight": 73, "photo": "https://media.api-sports.io/football/players/2198.png"}, {"name": "Abdoulaye Bamba", "age": 30, "nationality": "Côte d'Ivoire", "height": 182, "weight": 72, "photo": "https://media.api-sports.io/football/players/3234.png"}, {"name": "Ismael Traoré", "age": 34, "nationality": "Côte d'Ivoire", "height": 184, "weight": 87, "photo": "https://media.api-sports.io/football/players/3237.png"}, {"name": "Jimmy Cabot", "age": 26, "nationality": "France", "height": 164, "weight": 64, "photo": "https://media.api-sports.io/football/players/20633.png"}, {"name": "Vincent Manceau", "age": 31, "nationality": "France", "height": 176, "weight": 70, "photo": "https://media.api-sports.io/football/players/21141.png"}, {"name": "Romain Thomas", "age": 32, "nationality": "France", "height": 193, "weight": 84, "photo": "https://media.api-sports.io/football/players/21144.png"}, {"name": "Pierrick Capelle", "age": 33, "nationality": "France", "height": 181, "weight": 73, "photo": "https://media.api-sports.io/football/players/21145.png"}, {"name": "Angelo Fulgini", "age": 24, "nationality": "France", "height": 183, "weight": 71, "photo": "https://media.api-sports.io/football/players/21146.png"}, {"name": "Thomas Mangani", "age": 33, "nationality": "France", "height": 183, "weight": 79, "photo": "https://media.api-sports.io/football/players/21148.png"}, {"name": "Valère Germain", "age": 30, "nationality": "France", "height": 180, "weight": 73, "photo": "https://media.api-sports.io/football/players/1918.png"}, {"name": "Arnaud Souquet", "age": 28, "nationality": "France", "height": 180, "weight": 72, "photo": "https://media.api-sports.io/football/players/8478.png"}, {"name": "Jordan Ferri", "age": 28, "nationality": "France", "height": 172, "weight": 70, "photo": "https://media.api-sports.io/football/players/21439.png"}, {"name": "Téji Savanier", "age": 29, "nationality": "France", "height": 171, "weight": 62, "photo": "https://media.api-sports.io/football/players/21443.png"}, {"name": "Nicolas Cozza", "age": 21, "nationality": "France", "height": 178, "weight": 72, "photo": "https://media.api-sports.io/football/players/21570.png"}, {"name": "Pedro Mendes", "age": 30, "nationality": "Portugal", "height": 187, "weight": 78, "photo": "https://media.api-sports.io/football/players/21574.png"}, {"name": "Florent Mollet", "age": 29, "nationality": "France", "height": 174, "weight": 68, "photo": "https://media.api-sports.io/football/players/21582.png"}, {"name": "Lois Diony", "age": 28, "nationality": "France", "height": 183, "weight": 82, "photo": "https://media.api-sports.io/football/players/22100.png"}, {"name": "Joris Chotard", "age": 19, "nationality": "France", "height": null, "weight": null, "photo": "https://media.api-sports.io/football/players/128287.png"}, {"name": "Mohamed Ali-Cho", "age": 16, "nationality": "France", "height": 182, "weight": 66, "photo": "https://media.api-sports.io/football/players/274312.png"}, {"name": "Stephy Mavididi", "age": 22, "nationality": "England", "height": 182, "weight": 71, "photo": "https://media.api-sports.io/football/players/879.png"}, {"name": "Benoit Costil", "age": 33, "nationality": "France", "height": 187, "weight": 88, "photo": "https://media.api-sports.io/football/players/1253.png"}, {"name": "Valon Berisha", "age": 27, "nationality": "Kosovo", "height": 176, "weight": 70, "photo": "https://media.api-sports.io/football/players/1851.png"}, {"name": "Yunis Abdelhamid", "age": 33, "nationality": "Morocco", "height": 190, "weight": 83, "photo": "https://media.api-sports.io/football/players/2704.png"}, {"name": "Marshall Munetsi", "age": 24, "nationality": "Zimbabwe", "height": 188, "weight": 83, "photo": "https://media.api-sports.io/football/players/3080.png"}, {"name": "Wout Faes", "age": 22, "nationality": "Belgium", "height": 187, "weight": 84, "photo": "https://media.api-sports.io/football/players/8694.png"}, {"name": "Thomas Foket", "age": 26, "nationality": "Belgium", "height": 177, "weight": 67, "photo": "https://media.api-sports.io/football/players/22000.png"}, {"name": "Arbër Zeneli", "age": 25, "nationality": "Kosovo", "height": 176, "weight": 72, "photo": "https://media.api-sports.io/football/players/22019.png"}, {"name": "Andrew Gravillon", "age": 22, "nationality": "Guadeloupe", "height": 188, "weight": 75, "photo": "https://media.api-sports.io/football/players/31483.png"}, {"name": "Nathanael Mbuku", "age": 18, "nationality": "France", "height": 170, "weight": null, "photo": "https://media.api-sports.io/football/players/129670.png"}, {"name": "Sepe Elye Wahi", "age": 17, "nationality": "France", "height": null, "weight": null, "photo": "https://media.api-sports.io/football/players/162707.png"}, {"name": "Otávio", "age": 26, "nationality": "Brazil", "height": 176, "weight": 73, "photo": "https://media.api-sports.io/football/players/1262.png"}, {"name": "Yacine Adli", "age": 20, "nationality": "France", "height": 186, "weight": 73, "photo": "https://media.api-sports.io/football/players/1265.png"}, {"name": "Jimmy Briand", "age": 35, "nationality": "France", "height": 181, "weight": 84, "photo": "https://media.api-sports.io/football/players/1273.png"}, {"name": "Samuel Kalu", "age": 23, "nationality": "Nigeria", "height": 176, "weight": 74, "photo": "https://media.api-sports.io/football/players/1276.png"}, {"name": "Josh Maja", "age": 22, "nationality": "Nigeria", "height": 180, "weight": 74, "photo": "https://media.api-sports.io/football/players/1279.png"}, {"name": "Laurent Koscielny", "age": 35, "nationality": "France", "height": 186, "weight": 75, "photo": "https://media.api-sports.io/football/players/1443.png"}, {"name": "Enock Kwateng", "age": 23, "nationality": "France", "height": 183, "weight": 75, "photo": "https://media.api-sports.io/football/players/21086.png"}, {"name": "Paul Baysse", "age": 32, "nationality": "France", "height": 187, "weight": 85, "photo": "https://media.api-sports.io/football/players/21631.png"}, {"name": "Remi Oudin", "age": 24, "nationality": "France", "height": 185, "weight": 79, "photo": "https://media.api-sports.io/football/players/22016.png"}, {"name": "Amadou Traoré", "age": 18, "nationality": "France", "height": 177, "weight": 78, "photo": "https://media.api-sports.io/football/players/129696.png"}, {"name": "Mehdi Zerkane", "age": 21, "nationality": "Algeria", "height": 175, "weight": 58, "photo": "https://media.api-sports.io/football/players/162740.png"}, {"name": "Ronael Pierre Gabriel", "age": 22, "nationality": "France", "height": 177, "weight": 76, "photo": "https://media.api-sports.io/football/players/99.png"}, {"name": "Romain Salin", "age": 24, "nationality": "France", "height": 172, "weight": 56, "photo": "https://media.api-sports.io/football/players/2214.png"}, {"name": "Steve Mounie", "age": 26, "nationality": "Benin", "height": 190, "weight": 83, "photo": "https://media.api-sports.io/football/players/3395.png"}, {"name": "Irvin Cardona", "age": 23, "nationality": "France", "height": 185, "weight": 76, "photo": "https://media.api-sports.io/football/players/8683.png"}, {"name": "Gautier Larsonneur", "age": 23, "nationality": "France", "height": 181, "weight": 70, "photo": "https://media.api-sports.io/football/players/20541.png"}, {"name": "Brendan Chardonnet", "age": 26, "nationality": "France", "height": 181, "weight": 74, "photo": "https://media.api-sports.io/football/players/20546.png"}, {"name": "Julien Faussurier", "age": 33, "nationality": "France", "height": 173, "weight": 70, "photo": "https://media.api-sports.io/football/players/20547.png"}, {"name": "Jean-Kevin Duverne", "age": 23, "nationality": "France", "height": 184, "weight": 71, "photo": "https://media.api-sports.io/football/players/20655.png"}, {"name": "Franck Honorat", "age": 24, "nationality": "France", "height": 180, "weight": 70, "photo": "https://media.api-sports.io/football/players/20784.png"}, {"name": "Paul Lasne", "age": 31, "nationality": "France", "height": 186, "weight": 77, "photo": "https://media.api-sports.io/football/players/21580.png"}, {"name": "Christophe Herelle", "age": 28, "nationality": "Martinique", "height": 188, "weight": 75, "photo": "https://media.api-sports.io/football/players/22164.png"}, {"name": "Romain Faivre", "age": 22, "nationality": "France", "height": 180, "weight": 75, "photo": "https://media.api-sports.io/football/players/84082.png"}, {"name": "Jeremy Le Douaron", "age": 22, "nationality": "France", "height": 189, "weight": 77, "photo": "https://media.api-sports.io/football/players/85772.png"}, {"name": "Kephren Thuram", "age": 19, "nationality": "France", "height": 192, "weight": 81, "photo": "https://media.api-sports.io/football/players/116.png"}, {"name": "Jean-Clair Todibo", "age": 21, "nationality": "France", "height": 192, "weight": 88, "photo": "https://media.api-sports.io/football/players/138.png"}, {"name": "Kasper Dolberg", "age": 23, "nationality": "Denmark", "height": 187, "weight": 82, "photo": "https://media.api-sports.io/football/players/550.png"}, {"name": "Jordan Lotomba", "age": 22, "nationality": "Switzerland", "height": 177, "weight": 71, "photo": "https://media.api-sports.io/football/players/945.png"}, {"name": "Hichem Boudaoui", "age": 21, "nationality": "Algeria", "height": 175, "weight": 61, "photo": "https://media.api-sports.io/football/players/4399.png"}, {"name": "Morgan Schneiderlin", "age": 31, "nationality": "France", "height": 181, "weight": 75, "photo": "https://media.api-sports.io/football/players/18764.png"}, {"name": "Alexis Claude Maurice", "age": 22, "nationality": "France", "height": 174, "weight": 62, "photo": "https://media.api-sports.io/football/players/20634.png"}, {"name": "Andy Delort", "age": 29, "nationality": "Algeria", "height": 182, "weight": 82, "photo": "https://media.api-sports.io/football/players/21591.png"}, {"name": "Walter Benítez", "age": 27, "nationality": "Argentina", "height": 191, "weight": 91, "photo": "https://media.api-sports.io/football/players/22157.png"}, {"name": "Amine Gouiri", "age": 20, "nationality": "France", "height": 180, "weight": 72, "photo": "https://media.api-sports.io/football/players/85041.png"}, {"name": "Flavius Daniliuc", "age": 19, "nationality": "Austria", "height": 185, "weight": null, "photo": "https://media.api-sports.io/football/players/125715.png"}, {"name": "Mauro Icardi", "age": 27, "nationality": "Argentina", "height": 181, "weight": 75, "photo": "https://media.api-sports.io/football/players/216.png"}, {"name": "Marquinhos", "age": 26, "nationality": "Brazil", "height": 183, "weight": 75, "photo": "https://media.api-sports.io/football/players/257.png"}, {"name": "Colin Dagba", "age": 22, "nationality": "France", "height": 170, "weight": 62, "photo": "https://media.api-sports.io/football/players/260.png"}, {"name": "Presnel Kimpembe", "age": 25, "nationality": "France", "height": 183, "weight": 77, "photo": "https://media.api-sports.io/football/players/262.png"}, {"name": "Layvin Kurzawa", "age": 28, "nationality": "France", "height": 182, "weight": 74, "photo": "https://media.api-sports.io/football/players/263.png"}, {"name": "Julian Draxler", "age": 27, "nationality": "Germany", "height": 185, "weight": 72, "photo": "https://media.api-sports.io/football/players/267.png"}, {"name": "Marco Verratti", "age": 28, "nationality": "Italy", "height": 165, "weight": 60, "photo": "https://media.api-sports.io/football/players/273.png"}, {"name": "Kylian Mbappe-Lottin", "age": 22, "nationality": "France", "height": 178, "weight": 73, "photo": "https://media.api-sports.io/football/players/278.png"}, {"name": "Danilo Pereira", "age": 29, "nationality": "Portugal", "height": 188, "weight": 83, "photo": "https://media.api-sports.io/football/players/381.png"}, {"name": "Keylor Navas", "age": 34, "nationality": "Costa Rica", "height": 185, "weight": 79, "photo": "https://media.api-sports.io/football/players/731.png"}, {"name": "Ander Herrera", "age": 31, "nationality": "Spain", "height": 182, "weight": 71, "photo": "https://media.api-sports.io/football/players/898.png"}, {"name": "Neymar", "age": 28, "nationality": "Brazil", "height": 175, "weight": 68, "photo": "https://media.api-sports.io/football/players/276.png"}, {"name": "Yuto Nagatomo", "age": 34, "nationality": "Japan", "height": 170, "weight": 68, "photo": "https://media.api-sports.io/football/players/440.png"}, {"name": "Hiroki Sakai", "age": 30, "nationality": "Japan", "height": 183, "weight": 70, "photo": "https://media.api-sports.io/football/players/1907.png"}, {"name": "Adrien Hunou", "age": 26, "nationality": "France", "height": 176, "weight": 66, "photo": "https://media.api-sports.io/football/players/2210.png"}, {"name": "Luiz Araujo", "age": 24, "nationality": "Brazil", "height": 175, "weight": 70, "photo": "https://media.api-sports.io/football/players/22238.png"}, {"name": "Ismael Boura", "age": 20, "nationality": "France", "height": 173, "weight": 68, "photo": "https://media.api-sports.io/football/players/174596.png"}, {"name": "Florian Thauvin", "age": 27, "nationality": "France", "height": 179, "weight": 70, "photo": "https://media.api-sports.io/football/players/1922.png"}, {"name": "Sacha Boey", "age": 20, "nationality": "Cameroon", "height": 178, "weight": 70, "photo": "https://media.api-sports.io/football/players/2195.png"}, {"name": "John Boye", "age": 33, "nationality": "Ghana", "height": 184, "weight": 73, "photo": "https://media.api-sports.io/football/players/3416.png"}, {"name": "Jean-Charles Castelletto", "age": 25, "nationality": "Cameroon", "height": 185, "weight": 76, "photo": "https://media.api-sports.io/football/players/20545.png"}, {"name": "Cristian Battocchio", "age": 28, "nationality": "Italy", "height": 169, "weight": 64, "photo": "https://media.api-sports.io/football/players/20553.png"}, {"name": "Mounir Chouiar", "age": 21, "nationality": "France", "height": 177, "weight": 75, "photo": "https://media.api-sports.io/football/players/20675.png"}, {"name": "Harold Moukoudi", "age": 23, "nationality": "Cameroon", "height": 191, "weight": 74, "photo": "https://media.api-sports.io/football/players/20689.png"}, {"name": "Lionel Carole", "age": 29, "nationality": "France", "height": 182, "weight": 79, "photo": "https://media.api-sports.io/football/players/22245.png"}, {"name": "Karl Toko Ekambi", "age": 28, "nationality": "Cameroon", "height": 185, "weight": 74, "photo": "https://media.api-sports.io/football/players/1709.png"}, {"name": "Moses Simon", "age": 25, "nationality": "Nigeria", "height": 168, "weight": 66, "photo": "https://media.api-sports.io/football/players/2781.png"}, {"name": "Stéphane Bahoken", "age": 28, "nationality": "Cameroon", "height": 185, "weight": 78, "photo": "https://media.api-sports.io/football/players/3407.png"}, {"name": "Adrian Grbic", "age": 24, "nationality": "Austria", "height": 188, "weight": 82, "photo": "https://media.api-sports.io/football/players/7693.png"}, {"name": "Digbo Maiga", "age": 24, "nationality": "Côte d'Ivoire", "height": 181, "weight": 80, "photo": "https://media.api-sports.io/football/players/20531.png"}, {"name": "Steven Fortes", "age": 28, "nationality": "Cape Verde Islands", "height": 192, "weight": 85, "photo": "https://media.api-sports.io/football/players/20657.png"}, {"name": "Vágner", "age": 24, "nationality": "Cape Verde Islands", "height": 169, "weight": 67, "photo": "https://media.api-sports.io/football/players/20924.png"}, {"name": "Sofiane Alakouch", "age": 22, "nationality": "Morocco", "height": 175, "weight": 66, "photo": "https://media.api-sports.io/football/players/21436.png"}, {"name": "Alexander Djiku", "age": 26, "nationality": "Ghana", "height": 182, "weight": 74, "photo": "https://media.api-sports.io/football/players/21633.png"}, {"name": "Naif Aguerd", "age": 24, "nationality": "Morocco", "height": 188, "weight": 76, "photo": "https://media.api-sports.io/football/players/21694.png"}, {"name": "Ghislain Konan", "age": 25, "nationality": "Côte d'Ivoire", "height": 176, "weight": 71, "photo": "https://media.api-sports.io/football/players/22002.png"}, {"name": "Moreto Cassamã", "age": 22, "nationality": "Guinea-Bissau", "height": 165, "weight": 63, "photo": "https://media.api-sports.io/football/players/22004.png"}, {"name": "Kévin Monnet-Paquet", "age": 32, "nationality": "France", "height": 184, "weight": 81, "photo": "https://media.api-sports.io/football/players/22103.png"}, {"name": "Ignatius Ganago", "age": 21, "nationality": "Cameroon", "height": 176, "weight": 78, "photo": "https://media.api-sports.io/football/players/22177.png"}, {"name": "Mama Baldé", "age": 25, "nationality": "Guinea-Bissau", "height": 181, "weight": 75, "photo": "https://media.api-sports.io/football/players/41323.png"}, {"name": "Yvan Neyou", "age": 23, "nationality": "Cameroon", "height": 180, "weight": 63, "photo": "https://media.api-sports.io/football/players/41976.png"}, {"name": "Rafinha", "age": 27, "nationality": "Brazil", "height": 174, "weight": 71, "photo": "https://media.api-sports.io/football/players/142.png"}, {"name": "Youssouf Sabaly", "age": 27, "nationality": "Senegal", "height": 173, "weight": 67, "photo": "https://media.api-sports.io/football/players/1264.png"}, {"name": "Eduardo Camavinga", "age": 18, "nationality": "France", "height": 182, "weight": 68, "photo": "https://media.api-sports.io/football/players/2207.png"}, {"name": "Darío Benedetto", "age": 30, "nationality": "Argentina", "height": 177, "weight": 75, "photo": "https://media.api-sports.io/football/players/2478.png"}, {"name": "Dylan Bronn", "age": 25, "nationality": "Tunisia", "height": 186, "weight": 77, "photo": "https://media.api-sports.io/football/players/2945.png"}, {"name": "Saif-Eddine Khaoui", "age": 25, "nationality": "Tunisia", "height": 180, "weight": 68, "photo": "https://media.api-sports.io/football/players/2955.png"}, {"name": "Trevoh Chalobah", "age": 21, "nationality": "England", "height": null, "weight": null, "photo": "https://media.api-sports.io/football/players/19720.png"}, {"name": "Clement Michelin", "age": 23, "nationality": "France", "height": 179, "weight": 70, "photo": "https://media.api-sports.io/football/players/20946.png"}, {"name": "Florian Miguel", "age": 24, "nationality": "France", "height": 179, "weight": 70, "photo": "https://media.api-sports.io/football/players/21433.png"}, {"name": "Benjamin Lecomte", "age": 29, "nationality": "France", "height": 186, "weight": 78, "photo": "https://media.api-sports.io/football/players/21566.png"}, {"name": "Damien Le Tallec", "age": 30, "nationality": "France", "height": 187, "weight": 77, "photo": "https://media.api-sports.io/football/players/21581.png"}, {"name": "Wahbi Khazri", "age": 29, "nationality": "Tunisia", "height": 182, "weight": 76, "photo": "https://media.api-sports.io/football/players/22102.png"}, {"name": "Kenny Lala", "age": 29, "nationality": "France", "height": 178, "weight": 78, "photo": "https://media.api-sports.io/football/players/22247.png"}, {"name": "Kaj Sierhuis", "age": 22, "nationality": "Netherlands", "height": 180, "weight": 83, "photo": "https://media.api-sports.io/football/players/38132.png"}, {"name": "Maxwel Cornet", "age": 24, "nationality": "Côte d'Ivoire", "height": 179, "weight": 69, "photo": "https://media.api-sports.io/football/players/665.png"}, {"name": "Romain Perraud", "age": 23, "nationality": "France", "height": 173, "weight": 68, "photo": "https://media.api-sports.io/football/players/20600.png"}, {"name": "Yoane Wissa", "age": 24, "nationality": "Congo DR", "height": 176, "weight": 74, "photo": "https://media.api-sports.io/football/players/20649.png"}, {"name": "Imran Louza", "age": 21, "nationality": "Morocco", "height": 178, "weight": 65, "photo": "https://media.api-sports.io/football/players/21100.png"}, {"name": "Hassane Kamara", "age": 26, "nationality": "Côte d'Ivoire", "height": 168, "weight": 67, "photo": "https://media.api-sports.io/football/players/22007.png"}, {"name": "Pierre Lees-Melou", "age": 27, "nationality": "France", "height": 185, "weight": 67, "photo": "https://media.api-sports.io/football/players/22170.png"}, {"name": "Boubakary Soumare", "age": 21, "nationality": "France", "height": 188, "weight": 70, "photo": "https://media.api-sports.io/football/players/22233.png"}, {"name": "Michaël Cuisance", "age": 21, "nationality": "France", "height": 181, "weight": 74, "photo": "https://media.api-sports.io/football/players/25634.png"}, {"name": "Pietro Pellegri", "age": 19, "nationality": "Italy", "height": 196, "weight": 78, "photo": "https://media.api-sports.io/football/players/123.png"}, {"name": "Alessandro Florenzi", "age": 29, "nationality": "Italy", "height": 173, "weight": 67, "photo": "https://media.api-sports.io/football/players/769.png"}, {"name": "Mattia De Sciglio", "age": 28, "nationality": "Italy", "height": 182, "weight": 78, "photo": "https://media.api-sports.io/football/players/858.png"}, {"name": "Moise Kean", "age": 20, "nationality": "Italy", "height": 182, "weight": 67, "photo": "https://media.api-sports.io/football/players/877.png"}, {"name": "Toma Basic", "age": 24, "nationality": "Croatia", "height": 189, "weight": 80, "photo": "https://media.api-sports.io/football/players/1266.png"}, {"name": "Youcef Atal", "age": 24, "nationality": "Algeria", "height": 176, "weight": 64, "photo": "https://media.api-sports.io/football/players/3165.png"}, {"name": "Bersant Celina", "age": 24, "nationality": "Kosovo", "height": 181, "weight": null, "photo": "https://media.api-sports.io/football/players/19334.png"}, {"name": "Alexandre Oukidja", "age": 32, "nationality": "Algeria", "height": 184, "weight": 79, "photo": "https://media.api-sports.io/football/players/20519.png"}, {"name": "Abdoulaye Touré", "age": 26, "nationality": "France", "height": 187, "weight": 77, "photo": "https://media.api-sports.io/football/players/21103.png"}, {"name": "Mike Maignan", "age": 25, "nationality": "France", "height": 191, "weight": 89, "photo": "https://media.api-sports.io/football/players/22221.png"}, {"name": "Abdou Diallo", "age": 24, "nationality": "Senegal", "height": 187, "weight": 79, "photo": "https://media.api-sports.io/football/players/7.png"}, {"name": "Fode Toure", "age": 23, "nationality": "Senegal", "height": 182, "weight": 70, "photo": "https://media.api-sports.io/football/players/105.png"}, {"name": "Islam Slimani", "age": 32, "nationality": "Algeria", "height": 188, "weight": 83, "photo": "https://media.api-sports.io/football/players/1374.png"}, {"name": "Predrag Rajkovic", "age": 25, "nationality": "Serbia", "height": 191, "weight": 85, "photo": "https://media.api-sports.io/football/players/2814.png"}, {"name": "Stefan Mitrovic", "age": 30, "nationality": "Serbia", "height": 189, "weight": 84, "photo": "https://media.api-sports.io/football/players/2819.png"}, {"name": "Idrissa Gueye", "age": 31, "nationality": "Senegal", "height": 174, "weight": 66, "photo": "https://media.api-sports.io/football/players/2990.png"}, {"name": "Jonathan Christian David", "age": 20, "nationality": "Canada", "height": 177, "weight": null, "photo": "https://media.api-sports.io/football/players/8489.png"}, {"name": "Farid Boulaya", "age": 27, "nationality": "Algeria", "height": 179, "weight": 70, "photo": "https://media.api-sports.io/football/players/20526.png"}, {"name": "Habib Diallo", "age": 25, "nationality": "Senegal", "height": 186, "weight": 79, "photo": "https://media.api-sports.io/football/players/20535.png"}, {"name": "Haris Belkebla", "age": 26, "nationality": "Algeria", "height": 177, "weight": 68, "photo": "https://media.api-sports.io/football/players/20554.png"}, {"name": "Boulaye Dia", "age": 24, "nationality": "Senegal", "height": 180, "weight": 75, "photo": "https://media.api-sports.io/football/players/22015.png"}, {"name": "Aaron Leya Iseka", "age": 23, "nationality": "Belgium", "height": 182, "weight": 85, "photo": "https://media.api-sports.io/football/players/22153.png"}, {"name": "Pape Sarr", "age": 18, "nationality": "Senegal", "height": null, "weight": null, "photo": "https://media.api-sports.io/football/players/237129.png"}, {"name": "Stevan Jovetic", "age": 31, "nationality": "Montenegro", "height": 183, "weight": 79, "photo": "https://media.api-sports.io/football/players/121.png"}, {"name": "Ángel Di María", "age": 32, "nationality": "Argentina", "height": 180, "weight": 75, "photo": "https://media.api-sports.io/football/players/266.png"}, {"name": "Leandro Paredes", "age": 26, "nationality": "Argentina", "height": 180, "weight": 75, "photo": "https://media.api-sports.io/football/players/271.png"}, {"name": "Memphis Depay", "age": 26, "nationality": "Netherlands", "height": 176, "weight": 78, "photo": "https://media.api-sports.io/football/players/667.png"}, {"name": "Kevin Volland", "age": 28, "nationality": "Germany", "height": 178, "weight": 85, "photo": "https://media.api-sports.io/football/players/989.png"}, {"name": "Birger Meling", "age": 26, "nationality": "Norway", "height": 173, "weight": 64, "photo": "https://media.api-sports.io/football/players/1173.png"}, {"name": "Pablo Sarabia", "age": 28, "nationality": "Spain", "height": 174, "weight": 70, "photo": "https://media.api-sports.io/football/players/2056.png"}, {"name": "Jonas Omlin", "age": 26, "nationality": "Switzerland", "height": 189, "weight": 80, "photo": "https://media.api-sports.io/football/players/2801.png"}, {"name": "Tinotenda Kadewere", "age": 24, "nationality": "Zimbabwe", "height": 183, "weight": 72, "photo": "https://media.api-sports.io/football/players/3084.png"}, {"name": "Bruno Ecuele Manga", "age": 32, "nationality": "Gabon", "height": 188, "weight": 86, "photo": "https://media.api-sports.io/football/players/18991.png"}, {"name": "Denis Bouanga", "age": 26, "nationality": "Gabon", "height": 175, "weight": 70, "photo": "https://media.api-sports.io/football/players/21437.png"}, {"name": "Mihailo Ristic", "age": 25, "nationality": "Serbia", "height": 183, "weight": 73, "photo": "https://media.api-sports.io/football/players/21584.png"}, {"name": "Lassana Coulibaly", "age": 24, "nationality": "Mali", "height": 183, "weight": 77, "photo": "https://media.api-sports.io/football/players/1748.png"}, {"name": "Hamari Traore", "age": 28, "nationality": "Mali", "height": 175, "weight": 73, "photo": "https://media.api-sports.io/football/players/2202.png"}, {"name": "Massadio Haidara", "age": 28, "nationality": "Mali", "height": 179, "weight": 76, "photo": "https://media.api-sports.io/football/players/3333.png"}, {"name": "Moussa Doumbia", "age": 26, "nationality": "Mali", "height": 173, "weight": 68, "photo": "https://media.api-sports.io/football/players/3340.png"}, {"name": "Mamadou Fofana", "age": 22, "nationality": "Mali", "height": 187, "weight": 75, "photo": "https://media.api-sports.io/football/players/3341.png"}, {"name": "Kalifa Coulibaly", "age": 29, "nationality": "Mali", "height": 197, "weight": 84, "photo": "https://media.api-sports.io/football/players/3344.png"}, {"name": "Charles Traore", "age": 28, "nationality": "Mali", "height": 180, "weight": 74, "photo": "https://media.api-sports.io/football/players/21091.png"}, {"name": "Senou Coulibaly", "age": 26, "nationality": "Mali", "height": 193, "weight": 80, "photo": "https://media.api-sports.io/football/players/21699.png"}, {"name": "Issiaga Sylla", "age": 26, "nationality": "Guinea", "height": 180, "weight": 72, "photo": "https://media.api-sports.io/football/players/22141.png"}, {"name": "Gaël Kakuta", "age": 29, "nationality": "Congo DR", "height": 173, "weight": 64, "photo": "https://media.api-sports.io/football/players/47545.png"}, {"name": "El Bilal Touré", "age": 19, "nationality": "Mali", "height": 185, "weight": null, "photo": "https://media.api-sports.io/football/players/194750.png"}, {"name": "Saidou Sow", "age": 18, "nationality": "Guinea", "height": null, "weight": null, "photo": "https://media.api-sports.io/football/players/274328.png"}]