[{"player_name": "Robert Lewandowski", "games": 30.0, "time": 2163.0, "goals": 29.0, "xG": 27.9, "assists": 2.0, "xA": 2.39, "shots": 127.0, "key_passes": 22.0, "yellow_cards": 1.0, "red_cards": 0.0, "position": "F S", "team_title": "Bayern Munich", "npg": 23.0, "npxG": 22.59, "xGChain": 28.04, "xGBuildup": 5.41}, {"player_name": "Nils Petersen", "games": 32.0, "time": 2226.0, "goals": 15.0, "xG": 11.81, "assists": 1.0, "xA": 2.18, "shots": 64.0, "key_passes": 32.0, "yellow_cards": 3.0, "red_cards": 1.0, "position": "F S", "team_title": "Freiburg", "npg": 10.0, "npxG": 7.26, "xGChain": 8.9, "xGBuildup": 1.81}, {"player_name": "Kevin Volland", "games": 31.0, "time": 2607.0, "goals": 14.0, "xG": 10.53, "assists": 2.0, "xA": 5.16, "shots": 55.0, "key_passes": 33.0, "yellow_cards": 5.0, "red_cards": 0.0, "position": "F M S", "team_title": "Bayer Leverkusen", "npg": 14.0, "npxG": 10.53, "xGChain": 17.41, "xGBuildup": 4.32}, {"player_name": "Mark Uth", "games": 31.0, "time": 2171.0, "goals": 14.0, "xG": 9.94, "assists": 8.0, "xA": 4.7, "shots": 56.0, "key_passes": 29.0, "yellow_cards": 5.0, "red_cards": 0.0, "position": "D F M S", "team_title": "Hoffenheim", "npg": 14.0, "npxG": 9.94, "xGChain": 16.58, "xGBuildup": 4.06}, {"player_name": "Niclas Füllkrug", "games": 34.0, "time": 2387.0, "goals": 14.0, "xG": 11.42, "assists": 3.0, "xA": 3.69, "shots": 87.0, "key_passes": 37.0, "yellow_cards": 2.0, "red_cards": 0.0, "position": "F S", "team_title": "Hannover 96", "npg": 11.0, "npxG": 8.39, "xGChain": 14.36, "xGBuildup": 4.86}, {"player_name": "Timo Werner", "games": 32.0, "time": 2497.0, "goals": 13.0, "xG": 13.57, "assists": 7.0, "xA": 4.53, "shots": 95.0, "key_passes": 24.0, "yellow_cards": 1.0, "red_cards": 0.0, "position": "F S", "team_title": "RasenBallsport Leipzig", "npg": 11.0, "npxG": 12.06, "xGChain": 16.8, "xGBuildup": 2.67}, {"player_name": "Michael Gregoritsch", "games": 32.0, "time": 2543.0, "goals": 13.0, "xG": 9.9, "assists": 2.0, "xA": 1.3, "shots": 91.0, "key_passes": 20.0, "yellow_cards": 3.0, "red_cards": 0.0, "position": "F M S", "team_title": "Augsburg", "npg": 12.0, "npxG": 9.15, "xGChain": 12.26, "xGBuildup": 4.84}, {"player_name": "Pierre-Emerick Aubameyang", "games": 16.0, "time": 1421.0, "goals": 13.0, "xG": 16.65, "assists": 3.0, "xA": 2.56, "shots": 59.0, "key_passes": 16.0, "yellow_cards": 0.0, "red_cards": 1.0, "position": "F", "team_title": "Borussia Dortmund", "npg": 10.0, "npxG": 13.62, "xGChain": 16.93, "xGBuildup": 2.56}, {"player_name": "Andrej Kramaric", "games": 34.0, "time": 2221.0, "goals": 13.0, "xG": 10.22, "assists": 6.0, "xA": 5.7, "shots": 82.0, "key_passes": 52.0, "yellow_cards": 1.0, "red_cards": 0.0, "position": "F M S", "team_title": "Hoffenheim", "npg": 11.0, "npxG": 8.7, "xGChain": 16.01, "xGBuildup": 7.24}, {"player_name": "Sandro Wagner", "games": 25.0, "time": 1599.0, "goals": 12.0, "xG": 9.84, "assists": 3.0, "xA": 1.72, "shots": 53.0, "key_passes": 22.0, "yellow_cards": 4.0, "red_cards": 0.0, "position": "F S", "team_title": "Bayern Munich", "npg": 11.0, "npxG": 9.09, "xGChain": 11.89, "xGBuildup": 2.16}, {"player_name": "Salomon Kalou", "games": 31.0, "time": 2237.0, "goals": 12.0, "xG": 9.57, "assists": 3.0, "xA": 2.34, "shots": 50.0, "key_passes": 16.0, "yellow_cards": 0.0, "red_cards": 0.0, "position": "F M S", "team_title": "Hertha Berlin", "npg": 11.0, "npxG": 8.05, "xGChain": 9.75, "xGBuildup": 1.96}, {"player_name": "Alfred Finnbogason", "games": 22.0, "time": 1837.0, "goals": 12.0, "xG": 11.31, "assists": 3.0, "xA": 3.56, "shots": 52.0, "key_passes": 32.0, "yellow_cards": 2.0, "red_cards": 0.0, "position": "F", "team_title": "Augsburg", "npg": 9.0, "npxG": 9.04, "xGChain": 13.89, "xGBuildup": 2.6}, {"player_name": "Guido Burgstaller", "games": 32.0, "time": 2324.0, "goals": 11.0, "xG": 9.0, "assists": 4.0, "xA": 4.39, "shots": 55.0, "key_passes": 28.0, "yellow_cards": 8.0, "red_cards": 0.0, "position": "F M S", "team_title": "Schalke 04", "npg": 11.0, "npxG": 9.0, "xGChain": 11.45, "xGBuildup": 2.06}, {"player_name": "Thorgan Hazard", "games": 34.0, "time": 2955.0, "goals": 10.0, "xG": 14.3, "assists": 5.0, "xA": 6.63, "shots": 88.0, "key_passes": 63.0, "yellow_cards": 1.0, "red_cards": 0.0, "position": "F M S", "team_title": "Borussia M.Gladbach", "npg": 5.0, "npxG": 9.75, "xGChain": 20.93, "xGBuildup": 8.56}, {"player_name": "Serge Gnabry", "games": 22.0, "time": 1535.0, "goals": 10.0, "xG": 5.93, "assists": 5.0, "xA": 3.72, "shots": 50.0, "key_passes": 26.0, "yellow_cards": 0.0, "red_cards": 0.0, "position": "F M S", "team_title": "Hoffenheim", "npg": 10.0, "npxG": 5.17, "xGChain": 11.8, "xGBuildup": 4.12}, {"player_name": "Davie Selke", "games": 27.0, "time": 1887.0, "goals": 10.0, "xG": 7.41, "assists": 0.0, "xA": 1.71, "shots": 46.0, "key_passes": 15.0, "yellow_cards": 4.0, "red_cards": 0.0, "position": "F S", "team_title": "Hertha Berlin", "npg": 9.0, "npxG": 6.65, "xGChain": 10.68, "xGBuildup": 3.39}, {"player_name": "Raffael", "games": 27.0, "time": 2087.0, "goals": 9.0, "xG": 7.21, "assists": 2.0, "xA": 4.47, "shots": 53.0, "key_passes": 35.0, "yellow_cards": 0.0, "red_cards": 0.0, "position": "F S", "team_title": "Borussia M.Gladbach", "npg": 8.0, "npxG": 6.45, "xGChain": 14.42, "xGBuildup": 5.95}, {"player_name": "Julian Brandt", "games": 34.0, "time": 2347.0, "goals": 9.0, "xG": 6.04, "assists": 3.0, "xA": 6.29, "shots": 43.0, "key_passes": 59.0, "yellow_cards": 0.0, "red_cards": 0.0, "position": "D F M S", "team_title": "Bayer Leverkusen", "npg": 9.0, "npxG": 6.04, "xGChain": 16.71, "xGBuildup": 8.13}, {"player_name": "Daniel Didavi", "games": 30.0, "time": 2262.0, "goals": 9.0, "xG": 4.23, "assists": 5.0, "xA": 2.3, "shots": 55.0, "key_passes": 29.0, "yellow_cards": 4.0, "red_cards": 0.0, "position": "F M S", "team_title": "Wolfsburg", "npg": 9.0, "npxG": 4.23, "xGChain": 7.03, "xGBuildup": 2.56}, {"player_name": "Martin Harnik", "games": 30.0, "time": 1892.0, "goals": 9.0, "xG": 7.44, "assists": 2.0, "xA": 1.19, "shots": 49.0, "key_passes": 18.0, "yellow_cards": 2.0, "red_cards": 0.0, "position": "F M S", "team_title": "Hannover 96", "npg": 9.0, "npxG": 7.44, "xGChain": 9.1, "xGBuildup": 1.96}, {"player_name": "Jean-Kevin Augustin", "games": 25.0, "time": 1273.0, "goals": 9.0, "xG": 7.3, "assists": 5.0, "xA": 2.09, "shots": 37.0, "key_passes": 16.0, "yellow_cards": 1.0, "red_cards": 0.0, "position": "F S", "team_title": "RasenBallsport Leipzig", "npg": 8.0, "npxG": 5.79, "xGChain": 9.26, "xGBuildup": 2.35}, {"player_name": "Mario Gomez", "games": 28.0, "time": 2329.0, "goals": 9.0, "xG": 10.12, "assists": 3.0, "xA": 3.01, "shots": 56.0, "key_passes": 25.0, "yellow_cards": 3.0, "red_cards": 0.0, "position": "F S", "team_title": "VfB Stuttgart", "npg": 9.0, "npxG": 8.61, "xGChain": 11.71, "xGBuildup": 2.72}, {"player_name": "Maximilian Philipp", "games": 20.0, "time": 1212.0, "goals": 9.0, "xG": 4.92, "assists": 1.0, "xA": 2.19, "shots": 44.0, "key_passes": 15.0, "yellow_cards": 0.0, "red_cards": 0.0, "position": "F M S", "team_title": "Borussia Dortmund", "npg": 9.0, "npxG": 4.92, "xGChain": 9.88, "xGBuildup": 3.79}, {"player_name": "Leon Bailey", "games": 30.0, "time": 2224.0, "goals": 9.0, "xG": 8.01, "assists": 6.0, "xA": 6.39, "shots": 76.0, "key_passes": 63.0, "yellow_cards": 2.0, "red_cards": 0.0, "position": "D M S", "team_title": "Bayer Leverkusen", "npg": 9.0, "npxG": 8.01, "xGChain": 16.83, "xGBuildup": 6.42}, {"player_name": "Sébastien Haller", "games": 31.0, "time": 2355.0, "goals": 9.0, "xG": 6.98, "assists": 4.0, "xA": 3.81, "shots": 41.0, "key_passes": 30.0, "yellow_cards": 2.0, "red_cards": 0.0, "position": "F S", "team_title": "Eintracht Frankfurt", "npg": 7.0, "npxG": 5.46, "xGChain": 10.14, "xGBuildup": 3.39}, {"player_name": "Lucas Alario", "games": 23.0, "time": 1542.0, "goals": 9.0, "xG": 9.95, "assists": 4.0, "xA": 2.02, "shots": 58.0, "key_passes": 14.0, "yellow_cards": 5.0, "red_cards": 1.0, "position": "F S", "team_title": "Bayer Leverkusen", "npg": 8.0, "npxG": 8.44, "xGChain": 13.57, "xGBuildup": 4.42}, {"player_name": "Yoshinori Muto", "games": 27.0, "time": 1911.0, "goals": 8.0, "xG": 4.82, "assists": 2.0, "xA": 1.74, "shots": 37.0, "key_passes": 17.0, "yellow_cards": 2.0, "red_cards": 0.0, "position": "F S", "team_title": "Mainz 05", "npg": 8.0, "npxG": 4.82, "xGChain": 7.28, "xGBuildup": 1.0}, {"player_name": "Thomas Müller", "games": 29.0, "time": 1957.0, "goals": 8.0, "xG": 5.78, "assists": 13.0, "xA": 10.28, "shots": 43.0, "key_passes": 55.0, "yellow_cards": 4.0, "red_cards": 0.0, "position": "F M S", "team_title": "Bayern Munich", "npg": 8.0, "npxG": 5.78, "xGChain": 21.78, "xGBuildup": 8.6}, {"player_name": "Luka Jovic", "games": 22.0, "time": 924.0, "goals": 8.0, "xG": 7.56, "assists": 1.0, "xA": 1.23, "shots": 37.0, "key_passes": 7.0, "yellow_cards": 2.0, "red_cards": 0.0, "position": "F S", "team_title": "Eintracht Frankfurt", "npg": 8.0, "npxG": 7.56, "xGChain": 8.02, "xGBuildup": 1.34}, {"player_name": "Naldo", "games": 34.0, "time": 3060.0, "goals": 7.0, "xG": 4.0, "assists": 2.0, "xA": 2.47, "shots": 47.0, "key_passes": 15.0, "yellow_cards": 4.0, "red_cards": 0.0, "position": "D", "team_title": "Schalke 04", "npg": 7.0, "npxG": 4.0, "xGChain": 7.15, "xGBuildup": 5.46}, {"player_name": "Daniel Ginczek", "games": 23.0, "time": 1534.0, "goals": 7.0, "xG": 7.13, "assists": 0.0, "xA": 1.34, "shots": 42.0, "key_passes": 15.0, "yellow_cards": 3.0, "red_cards": 0.0, "position": "F M S", "team_title": "VfB Stuttgart", "npg": 6.0, "npxG": 6.38, "xGChain": 8.3, "xGBuildup": 1.84}, {"player_name": "James Rodríguez", "games": 23.0, "time": 1638.0, "goals": 7.0, "xG": 5.21, "assists": 11.0, "xA": 7.61, "shots": 41.0, "key_passes": 64.0, "yellow_cards": 2.0, "red_cards": 0.0, "position": "M S", "team_title": "Bayern Munich", "npg": 7.0, "npxG": 5.21, "xGChain": 18.66, "xGBuildup": 11.46}, {"player_name": "Simon Terodde", "games": 30.0, "time": 2114.0, "goals": 7.0, "xG": 9.13, "assists": 1.0, "xA": 1.77, "shots": 44.0, "key_passes": 22.0, "yellow_cards": 4.0, "red_cards": 0.0, "position": "F S", "team_title": "FC Cologne", "npg": 6.0, "npxG": 7.62, "xGChain": 8.77, "xGBuildup": 1.37}, {"player_name": "Vedad Ibisevic", "games": 27.0, "time": 1450.0, "goals": 6.0, "xG": 8.87, "assists": 4.0, "xA": 1.67, "shots": 38.0, "key_passes": 13.0, "yellow_cards": 4.0, "red_cards": 1.0, "position": "F S", "team_title": "Hertha Berlin", "npg": 4.0, "npxG": 7.36, "xGChain": 7.51, "xGBuildup": 0.96}, {"player_name": "Max Kruse", "games": 29.0, "time": 2454.0, "goals": 6.0, "xG": 5.11, "assists": 6.0, "xA": 4.77, "shots": 53.0, "key_passes": 57.0, "yellow_cards": 2.0, "red_cards": 0.0, "position": "F M S", "team_title": "Werder Bremen", "npg": 6.0, "npxG": 5.11, "xGChain": 13.11, "xGBuildup": 5.91}, {"player_name": "Daniel Caligiuri", "games": 33.0, "time": 2916.0, "goals": 6.0, "xG": 4.07, "assists": 10.0, "xA": 5.51, "shots": 35.0, "key_passes": 49.0, "yellow_cards": 4.0, "red_cards": 0.0, "position": "D M S", "team_title": "Schalke 04", "npg": 3.0, "npxG": 1.8, "xGChain": 8.62, "xGBuildup": 5.27}, {"player_name": "Lewis Holtby", "games": 16.0, "time": 1199.0, "goals": 6.0, "xG": 3.4, "assists": 0.0, "xA": 0.84, "shots": 22.0, "key_passes": 14.0, "yellow_cards": 1.0, "red_cards": 0.0, "position": "F M S", "team_title": "Hamburger SV", "npg": 6.0, "npxG": 3.4, "xGChain": 5.63, "xGBuildup": 2.06}, {"player_name": "Lars Stindl", "games": 31.0, "time": 2732.0, "goals": 6.0, "xG": 6.41, "assists": 3.0, "xA": 5.98, "shots": 71.0, "key_passes": 54.0, "yellow_cards": 5.0, "red_cards": 0.0, "position": "F M", "team_title": "Borussia M.Gladbach", "npg": 6.0, "npxG": 6.41, "xGChain": 21.32, "xGBuildup": 12.4}, {"player_name": "Arturo Vidal", "games": 22.0, "time": 1460.0, "goals": 6.0, "xG": 4.2, "assists": 2.0, "xA": 2.67, "shots": 48.0, "key_passes": 27.0, "yellow_cards": 6.0, "red_cards": 0.0, "position": "M S", "team_title": "Bayern Munich", "npg": 6.0, "npxG": 4.2, "xGChain": 12.72, "xGBuildup": 8.42}, {"player_name": "Divock Origi", "games": 31.0, "time": 1962.0, "goals": 6.0, "xG": 6.3, "assists": 2.0, "xA": 1.08, "shots": 61.0, "key_passes": 11.0, "yellow_cards": 2.0, "red_cards": 0.0, "position": "F M S", "team_title": "Wolfsburg", "npg": 6.0, "npxG": 6.3, "xGChain": 8.41, "xGBuildup": 1.8}, {"player_name": "Kevin-Prince Boateng", "games": 31.0, "time": 2367.0, "goals": 6.0, "xG": 4.14, "assists": 1.0, "xA": 1.26, "shots": 44.0, "key_passes": 16.0, "yellow_cards": 5.0, "red_cards": 0.0, "position": "F M S", "team_title": "Eintracht Frankfurt", "npg": 6.0, "npxG": 4.14, "xGChain": 10.09, "xGBuildup": 6.34}, {"player_name": "Ante Rebic", "games": 25.0, "time": 1765.0, "goals": 6.0, "xG": 4.73, "assists": 2.0, "xA": 4.05, "shots": 47.0, "key_passes": 25.0, "yellow_cards": 8.0, "red_cards": 0.0, "position": "F M S", "team_title": "Eintracht Frankfurt", "npg": 6.0, "npxG": 4.73, "xGChain": 10.22, "xGBuildup": 2.55}, {"player_name": "Corentin Tolisso", "games": 26.0, "time": 1527.0, "goals": 6.0, "xG": 4.63, "assists": 4.0, "xA": 2.48, "shots": 42.0, "key_passes": 20.0, "yellow_cards": 3.0, "red_cards": 0.0, "position": "M S", "team_title": "Bayern Munich", "npg": 6.0, "npxG": 4.63, "xGChain": 14.29, "xGBuildup": 9.23}, {"player_name": "Naby Keita", "games": 27.0, "time": 1970.0, "goals": 6.0, "xG": 3.32, "assists": 5.0, "xA": 4.16, "shots": 42.0, "key_passes": 40.0, "yellow_cards": 7.0, "red_cards": 2.0, "position": "M S", "team_title": "RasenBallsport Leipzig", "npg": 6.0, "npxG": 3.32, "xGChain": 10.61, "xGBuildup": 5.06}, {"player_name": "Pablo De Blasis", "games": 25.0, "time": 1658.0, "goals": 5.0, "xG": 3.69, "assists": 2.0, "xA": 2.34, "shots": 29.0, "key_passes": 29.0, "yellow_cards": 2.0, "red_cards": 0.0, "position": "F M S", "team_title": "Mainz 05", "npg": 2.0, "npxG": 1.42, "xGChain": 5.65, "xGBuildup": 2.55}, {"player_name": "Yunus Malli", "games": 31.0, "time": 2238.0, "goals": 5.0, "xG": 4.28, "assists": 4.0, "xA": 2.95, "shots": 55.0, "key_passes": 28.0, "yellow_cards": 3.0, "red_cards": 0.0, "position": "F M S", "team_title": "Wolfsburg", "npg": 5.0, "npxG": 4.28, "xGChain": 8.79, "xGBuildup": 3.44}, {"player_name": "Filip Kostic", "games": 30.0, "time": 2412.0, "goals": 5.0, "xG": 8.68, "assists": 1.0, "xA": 3.11, "shots": 66.0, "key_passes": 30.0, "yellow_cards": 2.0, "red_cards": 0.0, "position": "F M S", "team_title": "Hamburger SV", "npg": 5.0, "npxG": 7.17, "xGChain": 9.98, "xGBuildup": 2.0}, {"player_name": "Mathew Leckie", "games": 26.0, "time": 1846.0, "goals": 5.0, "xG": 1.79, "assists": 1.0, "xA": 1.42, "shots": 23.0, "key_passes": 17.0, "yellow_cards": 3.0, "red_cards": 0.0, "position": "M S", "team_title": "Hertha Berlin", "npg": 5.0, "npxG": 1.79, "xGChain": 4.63, "xGBuildup": 2.07}, {"player_name": "Leonardo Bittencourt", "games": 22.0, "time": 1624.0, "goals": 5.0, "xG": 3.32, "assists": 3.0, "xA": 2.37, "shots": 32.0, "key_passes": 24.0, "yellow_cards": 4.0, "red_cards": 0.0, "position": "F M S", "team_title": "FC Cologne", "npg": 5.0, "npxG": 3.32, "xGChain": 7.32, "xGBuildup": 2.06}, {"player_name": "Caiuby", "games": 33.0, "time": 2860.0, "goals": 5.0, "xG": 4.39, "assists": 8.0, "xA": 5.06, "shots": 74.0, "key_passes": 34.0, "yellow_cards": 8.0, "red_cards": 0.0, "position": "F M S", "team_title": "Augsburg", "npg": 5.0, "npxG": 4.39, "xGChain": 12.55, "xGBuildup": 5.44}, {"player_name": "Matthias Ginter", "games": 34.0, "time": 3060.0, "goals": 5.0, "xG": 3.79, "assists": 2.0, "xA": 1.14, "shots": 27.0, "key_passes": 7.0, "yellow_cards": 2.0, "red_cards": 0.0, "position": "D M", "team_title": "Borussia M.Gladbach", "npg": 5.0, "npxG": 3.79, "xGChain": 7.99, "xGBuildup": 6.38}, {"player_name": "Shinji Kagawa", "games": 19.0, "time": 1164.0, "goals": 5.0, "xG": 4.65, "assists": 1.0, "xA": 2.52, "shots": 24.0, "key_passes": 21.0, "yellow_cards": 0.0, "red_cards": 0.0, "position": "M S", "team_title": "Borussia Dortmund", "npg": 5.0, "npxG": 4.65, "xGChain": 12.0, "xGBuildup": 6.25}, {"player_name": "Franck Ribéry", "games": 20.0, "time": 1212.0, "goals": 5.0, "xG": 3.43, "assists": 1.0, "xA": 4.02, "shots": 20.0, "key_passes": 34.0, "yellow_cards": 3.0, "red_cards": 0.0, "position": "F M S", "team_title": "Bayern Munich", "npg": 5.0, "npxG": 3.43, "xGChain": 12.14, "xGBuildup": 6.73}, {"player_name": "Ádám Szalai", "games": 18.0, "time": 873.0, "goals": 5.0, "xG": 3.09, "assists": 1.0, "xA": 0.75, "shots": 28.0, "key_passes": 12.0, "yellow_cards": 2.0, "red_cards": 0.0, "position": "F S", "team_title": "Hoffenheim", "npg": 5.0, "npxG": 3.09, "xGChain": 4.41, "xGBuildup": 0.96}, {"player_name": "Arjen Robben", "games": 21.0, "time": 1528.0, "goals": 5.0, "xG": 5.33, "assists": 5.0, "xA": 4.9, "shots": 51.0, "key_passes": 33.0, "yellow_cards": 0.0, "red_cards": 0.0, "position": "F M S", "team_title": "Bayern Munich", "npg": 5.0, "npxG": 4.58, "xGChain": 13.13, "xGBuildup": 5.85}, {"player_name": "Marius Wolf", "games": 28.0, "time": 2374.0, "goals": 5.0, "xG": 3.08, "assists": 8.0, "xA": 4.97, "shots": 35.0, "key_passes": 33.0, "yellow_cards": 4.0, "red_cards": 0.0, "position": "D F M S", "team_title": "Eintracht Frankfurt", "npg": 5.0, "npxG": 3.08, "xGChain": 10.11, "xGBuildup": 4.4}, {"player_name": "Chadrac Akolo", "games": 22.0, "time": 1107.0, "goals": 5.0, "xG": 4.55, "assists": 0.0, "xA": 0.79, "shots": 33.0, "key_passes": 13.0, "yellow_cards": 2.0, "red_cards": 0.0, "position": "F M S", "team_title": "VfB Stuttgart", "npg": 5.0, "npxG": 3.8, "xGChain": 5.17, "xGBuildup": 0.89}, {"player_name": "Ihlas Bebou", "games": 30.0, "time": 2133.0, "goals": 5.0, "xG": 5.66, "assists": 2.0, "xA": 4.94, "shots": 50.0, "key_passes": 41.0, "yellow_cards": 3.0, "red_cards": 0.0, "position": "F M S", "team_title": "Hannover 96", "npg": 5.0, "npxG": 5.66, "xGChain": 11.76, "xGBuildup": 3.57}, {"player_name": "Salif Sané", "games": 32.0, "time": 2880.0, "goals": 4.0, "xG": 1.67, "assists": 1.0, "xA": 0.79, "shots": 28.0, "key_passes": 9.0, "yellow_cards": 6.0, "red_cards": 0.0, "position": "D", "team_title": "Hannover 96", "npg": 4.0, "npxG": 1.67, "xGChain": 5.14, "xGBuildup": 4.95}, {"player_name": "Yuya Osako", "games": 25.0, "time": 1909.0, "goals": 4.0, "xG": 4.48, "assists": 2.0, "xA": 1.94, "shots": 36.0, "key_passes": 24.0, "yellow_cards": 2.0, "red_cards": 1.0, "position": "F M S", "team_title": "FC Cologne", "npg": 4.0, "npxG": 4.48, "xGChain": 8.35, "xGBuildup": 3.97}, {"player_name": "Leon Goretzka", "games": 26.0, "time": 1984.0, "goals": 4.0, "xG": 4.54, "assists": 2.0, "xA": 1.1, "shots": 45.0, "key_passes": 17.0, "yellow_cards": 3.0, "red_cards": 0.0, "position": "M S", "team_title": "Schalke 04", "npg": 3.0, "npxG": 3.78, "xGChain": 4.97, "xGBuildup": 2.11}, {"player_name": "Felix Klaus", "games": 28.0, "time": 1993.0, "goals": 4.0, "xG": 4.09, "assists": 2.0, "xA": 1.82, "shots": 58.0, "key_passes": 31.0, "yellow_cards": 5.0, "red_cards": 0.0, "position": "F M S", "team_title": "Hannover 96", "npg": 4.0, "npxG": 4.09, "xGChain": 6.91, "xGBuildup": 3.35}, {"player_name": "Nabil Bentaleb", "games": 16.0, "time": 1006.0, "goals": 4.0, "xG": 3.31, "assists": 3.0, "xA": 0.62, "shots": 15.0, "key_passes": 9.0, "yellow_cards": 2.0, "red_cards": 1.0, "position": "M S", "team_title": "Schalke 04", "npg": 0.0, "npxG": 0.28, "xGChain": 1.65, "xGBuildup": 0.97}, {"player_name": "Robin Quaison", "games": 24.0, "time": 1412.0, "goals": 4.0, "xG": 4.61, "assists": 1.0, "xA": 1.21, "shots": 41.0, "key_passes": 13.0, "yellow_cards": 3.0, "red_cards": 0.0, "position": "F M S", "team_title": "Mainz 05", "npg": 4.0, "npxG": 4.61, "xGChain": 6.13, "xGBuildup": 1.02}, {"player_name": "Yevhen Konoplyanka", "games": 27.0, "time": 1573.0, "goals": 4.0, "xG": 5.14, "assists": 4.0, "xA": 4.93, "shots": 54.0, "key_passes": 31.0, "yellow_cards": 1.0, "red_cards": 0.0, "position": "F M S", "team_title": "Schalke 04", "npg": 4.0, "npxG": 5.14, "xGChain": 11.85, "xGBuildup": 3.17}, {"player_name": "Bruma", "games": 28.0, "time": 1603.0, "goals": 4.0, "xG": 2.37, "assists": 2.0, "xA": 3.52, "shots": 41.0, "key_passes": 26.0, "yellow_cards": 0.0, "red_cards": 0.0, "position": "D F M S", "team_title": "RasenBallsport Leipzig", "npg": 4.0, "npxG": 2.37, "xGChain": 11.09, "xGBuildup": 7.06}, {"player_name": "Christian Pulisic", "games": 32.0, "time": 2314.0, "goals": 4.0, "xG": 5.48, "assists": 5.0, "xA": 5.33, "shots": 38.0, "key_passes": 29.0, "yellow_cards": 1.0, "red_cards": 0.0, "position": "D F M S", "team_title": "Borussia Dortmund", "npg": 4.0, "npxG": 5.48, "xGChain": 16.22, "xGBuildup": 7.19}, {"player_name": "Sehrou Guirassy", "games": 15.0, "time": 832.0, "goals": 4.0, "xG": 6.29, "assists": 0.0, "xA": 0.59, "shots": 32.0, "key_passes": 7.0, "yellow_cards": 2.0, "red_cards": 0.0, "position": "F S", "team_title": "FC Cologne", "npg": 2.0, "npxG": 4.78, "xGChain": 5.41, "xGBuildup": 0.92}, {"player_name": "Ishak Belfodil", "games": 26.0, "time": 1341.0, "goals": 4.0, "xG": 4.2, "assists": 1.0, "xA": 2.72, "shots": 45.0, "key_passes": 17.0, "yellow_cards": 1.0, "red_cards": 0.0, "position": "F M S", "team_title": "Werder Bremen", "npg": 4.0, "npxG": 4.2, "xGChain": 6.73, "xGBuildup": 2.26}, {"player_name": "Yussuf Poulsen", "games": 30.0, "time": 1655.0, "goals": 4.0, "xG": 7.17, "assists": 2.0, "xA": 2.19, "shots": 38.0, "key_passes": 18.0, "yellow_cards": 1.0, "red_cards": 0.0, "position": "F S", "team_title": "RasenBallsport Leipzig", "npg": 4.0, "npxG": 7.17, "xGChain": 10.03, "xGBuildup": 1.64}, {"player_name": "Josip Brekalo", "games": 27.0, "time": 1564.0, "goals": 4.0, "xG": 2.74, "assists": 1.0, "xA": 1.65, "shots": 33.0, "key_passes": 26.0, "yellow_cards": 3.0, "red_cards": 0.0, "position": "F M S", "team_title": "VfB Stuttgart", "npg": 4.0, "npxG": 2.74, "xGChain": 5.79, "xGBuildup": 2.77}, {"player_name": "Lukas Rupp", "games": 21.0, "time": 1175.0, "goals": 3.0, "xG": 2.2, "assists": 2.0, "xA": 2.14, "shots": 16.0, "key_passes": 17.0, "yellow_cards": 1.0, "red_cards": 0.0, "position": "M S", "team_title": "Hoffenheim", "npg": 3.0, "npxG": 2.2, "xGChain": 7.5, "xGBuildup": 3.46}, {"player_name": "Theodor Gebre Selassie", "games": 32.0, "time": 2829.0, "goals": 3.0, "xG": 2.66, "assists": 0.0, "xA": 1.36, "shots": 17.0, "key_passes": 22.0, "yellow_cards": 4.0, "red_cards": 0.0, "position": "D M S", "team_title": "Werder Bremen", "npg": 3.0, "npxG": 2.66, "xGChain": 7.12, "xGBuildup": 4.9}, {"player_name": "Jannik Vestergaard", "games": 32.0, "time": 2880.0, "goals": 3.0, "xG": 1.96, "assists": 0.0, "xA": 0.69, "shots": 24.0, "key_passes": 5.0, "yellow_cards": 5.0, "red_cards": 0.0, "position": "D", "team_title": "Borussia M.Gladbach", "npg": 3.0, "npxG": 1.96, "xGChain": 6.89, "xGBuildup": 6.21}, {"player_name": "Josuha Guilavogui", "games": 29.0, "time": 2411.0, "goals": 3.0, "xG": 1.57, "assists": 2.0, "xA": 1.81, "shots": 22.0, "key_passes": 22.0, "yellow_cards": 6.0, "red_cards": 1.0, "position": "M S", "team_title": "Wolfsburg", "npg": 3.0, "npxG": 1.57, "xGChain": 7.31, "xGBuildup": 5.99}, {"player_name": "Aaron Hunt", "games": 29.0, "time": 2172.0, "goals": 3.0, "xG": 2.61, "assists": 2.0, "xA": 4.35, "shots": 30.0, "key_passes": 62.0, "yellow_cards": 1.0, "red_cards": 0.0, "position": "F M S", "team_title": "Hamburger SV", "npg": 2.0, "npxG": 1.85, "xGChain": 8.24, "xGBuildup": 5.02}, {"player_name": "Christoph Kramer", "games": 27.0, "time": 2165.0, "goals": 3.0, "xG": 1.67, "assists": 0.0, "xA": 0.52, "shots": 12.0, "key_passes": 14.0, "yellow_cards": 5.0, "red_cards": 0.0, "position": "M S", "team_title": "Borussia M.Gladbach", "npg": 3.0, "npxG": 1.67, "xGChain": 5.08, "xGBuildup": 3.94}, {"player_name": "Admir Mehmedi", "games": 17.0, "time": 994.0, "goals": 3.0, "xG": 0.97, "assists": 3.0, "xA": 2.52, "shots": 17.0, "key_passes": 26.0, "yellow_cards": 3.0, "red_cards": 0.0, "position": "D M S", "team_title": "Bayer Leverkusen", "npg": 3.0, "npxG": 0.97, "xGChain": 4.85, "xGBuildup": 2.65}, {"player_name": "Kingsley Coman", "games": 21.0, "time": 1144.0, "goals": 3.0, "xG": 2.47, "assists": 3.0, "xA": 3.86, "shots": 30.0, "key_passes": 24.0, "yellow_cards": 0.0, "red_cards": 0.0, "position": "F M S", "team_title": "Bayern Munich", "npg": 3.0, "npxG": 2.47, "xGChain": 11.89, "xGBuildup": 6.57}, {"player_name": "Benjamin Hübner", "games": 27.0, "time": 2324.0, "goals": 3.0, "xG": 2.37, "assists": 2.0, "xA": 0.62, "shots": 22.0, "key_passes": 11.0, "yellow_cards": 9.0, "red_cards": 0.0, "position": "D", "team_title": "Hoffenheim", "npg": 3.0, "npxG": 2.37, "xGChain": 5.67, "xGBuildup": 5.11}, {"player_name": "Franco Di Santo", "games": 30.0, "time": 1664.0, "goals": 3.0, "xG": 3.5, "assists": 1.0, "xA": 1.51, "shots": 30.0, "key_passes": 18.0, "yellow_cards": 4.0, "red_cards": 0.0, "position": "F M S", "team_title": "Schalke 04", "npg": 2.0, "npxG": 2.74, "xGChain": 4.93, "xGBuildup": 1.1}, {"player_name": "André Hahn", "games": 23.0, "time": 1352.0, "goals": 3.0, "xG": 2.95, "assists": 0.0, "xA": 0.77, "shots": 42.0, "key_passes": 7.0, "yellow_cards": 0.0, "red_cards": 0.0, "position": "F M S", "team_title": "Hamburger SV", "npg": 3.0, "npxG": 2.95, "xGChain": 3.5, "xGBuildup": 0.75}, {"player_name": "Thilo Kehrer", "games": 28.0, "time": 2369.0, "goals": 3.0, "xG": 1.75, "assists": 0.0, "xA": 0.48, "shots": 17.0, "key_passes": 12.0, "yellow_cards": 4.0, "red_cards": 0.0, "position": "D M S", "team_title": "Schalke 04", "npg": 3.0, "npxG": 1.75, "xGChain": 3.74, "xGBuildup": 3.23}, {"player_name": "Janik Haberer", "games": 33.0, "time": 2777.0, "goals": 3.0, "xG": 4.47, "assists": 4.0, "xA": 3.21, "shots": 41.0, "key_passes": 33.0, "yellow_cards": 9.0, "red_cards": 0.0, "position": "F M S", "team_title": "Freiburg", "npg": 2.0, "npxG": 2.96, "xGChain": 8.44, "xGBuildup": 3.24}, {"player_name": "Kai Havertz", "games": 30.0, "time": 2131.0, "goals": 3.0, "xG": 3.56, "assists": 8.0, "xA": 4.47, "shots": 37.0, "key_passes": 31.0, "yellow_cards": 3.0, "red_cards": 0.0, "position": "F M S", "team_title": "Bayer Leverkusen", "npg": 3.0, "npxG": 3.56, "xGChain": 17.37, "xGBuildup": 10.34}, {"player_name": "Thomas Delaney", "games": 32.0, "time": 2796.0, "goals": 3.0, "xG": 3.2, "assists": 4.0, "xA": 2.69, "shots": 54.0, "key_passes": 30.0, "yellow_cards": 5.0, "red_cards": 0.0, "position": "M S", "team_title": "Werder Bremen", "npg": 3.0, "npxG": 3.2, "xGChain": 6.45, "xGBuildup": 3.53}, {"player_name": "Florian Kainz", "games": 30.0, "time": 1689.0, "goals": 3.0, "xG": 3.18, "assists": 3.0, "xA": 2.96, "shots": 34.0, "key_passes": 37.0, "yellow_cards": 5.0, "red_cards": 0.0, "position": "F M S", "team_title": "Werder Bremen", "npg": 3.0, "npxG": 3.18, "xGChain": 6.67, "xGBuildup": 2.51}, {"player_name": "Dayotchanculle Upamecano", "games": 28.0, "time": 2261.0, "goals": 3.0, "xG": 1.64, "assists": 0.0, "xA": 0.37, "shots": 10.0, "key_passes": 8.0, "yellow_cards": 2.0, "red_cards": 1.0, "position": "D S", "team_title": "RasenBallsport Leipzig", "npg": 3.0, "npxG": 1.64, "xGChain": 5.14, "xGBuildup": 4.68}, {"player_name": "Marcel Sabitzer", "games": 22.0, "time": 1792.0, "goals": 3.0, "xG": 3.16, "assists": 5.0, "xA": 3.7, "shots": 61.0, "key_passes": 34.0, "yellow_cards": 4.0, "red_cards": 0.0, "position": "F M S", "team_title": "RasenBallsport Leipzig", "npg": 3.0, "npxG": 3.16, "xGChain": 10.19, "xGBuildup": 5.23}, {"player_name": "Willi Orban", "games": 26.0, "time": 2128.0, "goals": 3.0, "xG": 1.43, "assists": 0.0, "xA": 0.97, "shots": 11.0, "key_passes": 7.0, "yellow_cards": 5.0, "red_cards": 1.0, "position": "D S", "team_title": "RasenBallsport Leipzig", "npg": 3.0, "npxG": 1.43, "xGChain": 3.48, "xGBuildup": 3.14}, {"player_name": "Breel Embolo", "games": 21.0, "time": 916.0, "goals": 3.0, "xG": 3.84, "assists": 0.0, "xA": 0.17, "shots": 18.0, "key_passes": 4.0, "yellow_cards": 4.0, "red_cards": 0.0, "position": "F M S", "team_title": "Schalke 04", "npg": 3.0, "npxG": 3.84, "xGChain": 5.0, "xGBuildup": 1.59}, {"player_name": "Amine Harit", "games": 31.0, "time": 2059.0, "goals": 3.0, "xG": 3.7, "assists": 3.0, "xA": 3.96, "shots": 25.0, "key_passes": 38.0, "yellow_cards": 3.0, "red_cards": 0.0, "position": "F M S", "team_title": "Schalke 04", "npg": 2.0, "npxG": 2.94, "xGChain": 9.06, "xGBuildup": 3.2}, {"player_name": "Andriy Yarmolenko", "games": 18.0, "time": 1043.0, "goals": 3.0, "xG": 5.04, "assists": 2.0, "xA": 3.2, "shots": 31.0, "key_passes": 28.0, "yellow_cards": 0.0, "red_cards": 0.0, "position": "F M S", "team_title": "Borussia Dortmund", "npg": 3.0, "npxG": 5.04, "xGChain": 10.24, "xGBuildup": 3.09}, {"player_name": "Danny Latza", "games": 29.0, "time": 2359.0, "goals": 2.0, "xG": 1.44, "assists": 1.0, "xA": 1.64, "shots": 41.0, "key_passes": 34.0, "yellow_cards": 7.0, "red_cards": 0.0, "position": "M S", "team_title": "Mainz 05", "npg": 2.0, "npxG": 1.44, "xGChain": 5.29, "xGBuildup": 3.1}, {"player_name": "Christian Gentner", "games": 27.0, "time": 2415.0, "goals": 2.0, "xG": 2.59, "assists": 1.0, "xA": 2.52, "shots": 24.0, "key_passes": 26.0, "yellow_cards": 3.0, "red_cards": 0.0, "position": "M", "team_title": "VfB Stuttgart", "npg": 2.0, "npxG": 2.59, "xGChain": 8.41, "xGBuildup": 4.88}, {"player_name": "Alexandru Maxim", "games": 22.0, "time": 956.0, "goals": 2.0, "xG": 1.57, "assists": 2.0, "xA": 1.38, "shots": 27.0, "key_passes": 19.0, "yellow_cards": 4.0, "red_cards": 0.0, "position": "M S", "team_title": "Mainz 05", "npg": 2.0, "npxG": 1.57, "xGChain": 3.35, "xGBuildup": 1.67}, {"player_name": "Pavel Kaderábek", "games": 28.0, "time": 2192.0, "goals": 2.0, "xG": 2.52, "assists": 3.0, "xA": 3.21, "shots": 23.0, "key_passes": 22.0, "yellow_cards": 5.0, "red_cards": 0.0, "position": "D M S", "team_title": "Hoffenheim", "npg": 2.0, "npxG": 2.52, "xGChain": 12.85, "xGBuildup": 7.89}, {"player_name": "Niklas Süle", "games": 27.0, "time": 1917.0, "goals": 2.0, "xG": 0.97, "assists": 1.0, "xA": 0.72, "shots": 17.0, "key_passes": 5.0, "yellow_cards": 1.0, "red_cards": 0.0, "position": "D M S", "team_title": "Bayern Munich", "npg": 2.0, "npxG": 0.97, "xGChain": 12.82, "xGBuildup": 12.41}, {"player_name": "Nadiem Amiri", "games": 28.0, "time": 1744.0, "goals": 2.0, "xG": 3.21, "assists": 3.0, "xA": 3.47, "shots": 44.0, "key_passes": 30.0, "yellow_cards": 4.0, "red_cards": 0.0, "position": "F M S", "team_title": "Hoffenheim", "npg": 2.0, "npxG": 3.21, "xGChain": 11.13, "xGBuildup": 5.69}, {"player_name": "Maximilian Eggestein", "games": 33.0, "time": 2703.0, "goals": 2.0, "xG": 5.08, "assists": 3.0, "xA": 2.28, "shots": 44.0, "key_passes": 14.0, "yellow_cards": 3.0, "red_cards": 0.0, "position": "M S", "team_title": "Werder Bremen", "npg": 2.0, "npxG": 5.08, "xGChain": 11.6, "xGBuildup": 6.05}, {"player_name": "Jonas Hector", "games": 20.0, "time": 1764.0, "goals": 2.0, "xG": 1.22, "assists": 2.0, "xA": 1.84, "shots": 16.0, "key_passes": 22.0, "yellow_cards": 4.0, "red_cards": 0.0, "position": "D M", "team_title": "FC Cologne", "npg": 2.0, "npxG": 1.22, "xGChain": 4.96, "xGBuildup": 3.53}, {"player_name": "Frederik Sörensen", "games": 28.0, "time": 2003.0, "goals": 2.0, "xG": 2.77, "assists": 1.0, "xA": 0.99, "shots": 15.0, "key_passes": 6.0, "yellow_cards": 10.0, "red_cards": 0.0, "position": "D S", "team_title": "FC Cologne", "npg": 2.0, "npxG": 2.77, "xGChain": 2.98, "xGBuildup": 1.51}, {"player_name": "Simon Zoller", "games": 17.0, "time": 965.0, "goals": 2.0, "xG": 3.18, "assists": 1.0, "xA": 0.3, "shots": 9.0, "key_passes": 10.0, "yellow_cards": 3.0, "red_cards": 0.0, "position": "F M S", "team_title": "FC Cologne", "npg": 2.0, "npxG": 3.18, "xGChain": 3.79, "xGBuildup": 0.33}, {"player_name": "Milos Jojic", "games": 25.0, "time": 1461.0, "goals": 2.0, "xG": 2.36, "assists": 5.0, "xA": 5.96, "shots": 40.0, "key_passes": 32.0, "yellow_cards": 3.0, "red_cards": 0.0, "position": "M S", "team_title": "FC Cologne", "npg": 2.0, "npxG": 2.36, "xGChain": 6.22, "xGBuildup": 2.03}, {"player_name": "Maximilian Arnold", "games": 29.0, "time": 2452.0, "goals": 2.0, "xG": 1.9, "assists": 0.0, "xA": 2.33, "shots": 34.0, "key_passes": 37.0, "yellow_cards": 8.0, "red_cards": 1.0, "position": "M S", "team_title": "Wolfsburg", "npg": 2.0, "npxG": 1.14, "xGChain": 4.98, "xGBuildup": 3.18}, {"player_name": "Wendell", "games": 26.0, "time": 2122.0, "goals": 2.0, "xG": 2.72, "assists": 3.0, "xA": 2.49, "shots": 14.0, "key_passes": 26.0, "yellow_cards": 6.0, "red_cards": 1.0, "position": "D", "team_title": "Bayer Leverkusen", "npg": 0.0, "npxG": 0.44, "xGChain": 7.14, "xGBuildup": 5.77}, {"player_name": "Nico Elvedi", "games": 33.0, "time": 2916.0, "goals": 2.0, "xG": 2.1, "assists": 2.0, "xA": 2.04, "shots": 16.0, "key_passes": 20.0, "yellow_cards": 6.0, "red_cards": 0.0, "position": "D", "team_title": "Borussia M.Gladbach", "npg": 2.0, "npxG": 2.1, "xGChain": 7.3, "xGBuildup": 5.22}, {"player_name": "Holger Badstuber", "games": 27.0, "time": 2171.0, "goals": 2.0, "xG": 0.74, "assists": 0.0, "xA": 0.09, "shots": 9.0, "key_passes": 1.0, "yellow_cards": 2.0, "red_cards": 0.0, "position": "D M S", "team_title": "VfB Stuttgart", "npg": 2.0, "npxG": 0.74, "xGChain": 2.3, "xGBuildup": 2.22}, {"player_name": "Thiago Alcántara", "games": 19.0, "time": 1241.0, "goals": 2.0, "xG": 2.44, "assists": 2.0, "xA": 1.86, "shots": 24.0, "key_passes": 29.0, "yellow_cards": 3.0, "red_cards": 0.0, "position": "F M S", "team_title": "Bayern Munich", "npg": 2.0, "npxG": 2.44, "xGChain": 14.95, "xGBuildup": 11.46}, {"player_name": "Paul Verhaegh", "games": 31.0, "time": 2619.0, "goals": 2.0, "xG": 3.12, "assists": 2.0, "xA": 1.63, "shots": 6.0, "key_passes": 19.0, "yellow_cards": 5.0, "red_cards": 0.0, "position": "D M S", "team_title": "Wolfsburg", "npg": 1.0, "npxG": 0.84, "xGChain": 6.22, "xGBuildup": 5.58}, {"player_name": "Philipp Max", "games": 33.0, "time": 2961.0, "goals": 2.0, "xG": 0.82, "assists": 12.0, "xA": 8.87, "shots": 18.0, "key_passes": 77.0, "yellow_cards": 5.0, "red_cards": 0.0, "position": "D M", "team_title": "Augsburg", "npg": 2.0, "npxG": 0.82, "xGChain": 10.22, "xGBuildup": 5.23}, {"player_name": "Alexander Esswein", "games": 16.0, "time": 608.0, "goals": 2.0, "xG": 0.54, "assists": 1.0, "xA": 0.25, "shots": 9.0, "key_passes": 5.0, "yellow_cards": 0.0, "red_cards": 0.0, "position": "F M S", "team_title": "Hertha Berlin", "npg": 2.0, "npxG": 0.54, "xGChain": 2.16, "xGBuildup": 1.59}, {"player_name": "Ja-Cheol Koo", "games": 28.0, "time": 2062.0, "goals": 2.0, "xG": 3.31, "assists": 0.0, "xA": 1.16, "shots": 30.0, "key_passes": 12.0, "yellow_cards": 2.0, "red_cards": 0.0, "position": "M S", "team_title": "Augsburg", "npg": 2.0, "npxG": 3.31, "xGChain": 7.33, "xGBuildup": 3.85}, {"player_name": "Zlatko Junuzovic", "games": 24.0, "time": 1638.0, "goals": 2.0, "xG": 3.5, "assists": 4.0, "xA": 3.48, "shots": 42.0, "key_passes": 41.0, "yellow_cards": 2.0, "red_cards": 0.0, "position": "F M S", "team_title": "Werder Bremen", "npg": 2.0, "npxG": 3.5, "xGChain": 8.04, "xGBuildup": 3.29}, {"player_name": "Suat Serdar", "games": 25.0, "time": 1699.0, "goals": 2.0, "xG": 1.39, "assists": 0.0, "xA": 0.76, "shots": 39.0, "key_passes": 19.0, "yellow_cards": 3.0, "red_cards": 0.0, "position": "M S", "team_title": "Mainz 05", "npg": 2.0, "npxG": 1.39, "xGChain": 3.26, "xGBuildup": 1.49}, {"player_name": "Sven Bender", "games": 29.0, "time": 2350.0, "goals": 2.0, "xG": 1.2, "assists": 0.0, "xA": 0.11, "shots": 15.0, "key_passes": 4.0, "yellow_cards": 0.0, "red_cards": 0.0, "position": "D", "team_title": "Bayer Leverkusen", "npg": 2.0, "npxG": 1.2, "xGChain": 6.61, "xGBuildup": 6.44}, {"player_name": "Timothy Chandler", "games": 24.0, "time": 1892.0, "goals": 2.0, "xG": 1.82, "assists": 4.0, "xA": 2.5, "shots": 24.0, "key_passes": 24.0, "yellow_cards": 3.0, "red_cards": 0.0, "position": "D M S", "team_title": "Eintracht Frankfurt", "npg": 2.0, "npxG": 1.82, "xGChain": 4.42, "xGBuildup": 2.35}, {"player_name": "Sokratis", "games": 30.0, "time": 2376.0, "goals": 2.0, "xG": 1.18, "assists": 0.0, "xA": 0.22, "shots": 15.0, "key_passes": 5.0, "yellow_cards": 5.0, "red_cards": 1.0, "position": "D S", "team_title": "Borussia Dortmund", "npg": 2.0, "npxG": 1.18, "xGChain": 8.61, "xGBuildup": 8.39}, {"player_name": "David Alaba", "games": 23.0, "time": 1548.0, "goals": 2.0, "xG": 1.08, "assists": 2.0, "xA": 2.48, "shots": 24.0, "key_passes": 23.0, "yellow_cards": 1.0, "red_cards": 0.0, "position": "D S", "team_title": "Bayern Munich", "npg": 2.0, "npxG": 1.08, "xGChain": 11.94, "xGBuildup": 10.1}, {"player_name": "Lars Bender", "games": 21.0, "time": 1611.0, "goals": 2.0, "xG": 1.31, "assists": 4.0, "xA": 2.12, "shots": 20.0, "key_passes": 20.0, "yellow_cards": 5.0, "red_cards": 0.0, "position": "D M S", "team_title": "Bayer Leverkusen", "npg": 2.0, "npxG": 1.31, "xGChain": 6.55, "xGBuildup": 4.68}, {"player_name": "Mario Götze", "games": 23.0, "time": 1620.0, "goals": 2.0, "xG": 2.15, "assists": 3.0, "xA": 5.34, "shots": 23.0, "key_passes": 39.0, "yellow_cards": 1.0, "red_cards": 0.0, "position": "M S", "team_title": "Borussia Dortmund", "npg": 2.0, "npxG": 2.15, "xGChain": 10.8, "xGBuildup": 6.05}, {"player_name": "Niklas Moisander", "games": 25.0, "time": 2250.0, "goals": 2.0, "xG": 1.19, "assists": 0.0, "xA": 0.89, "shots": 18.0, "key_passes": 8.0, "yellow_cards": 6.0, "red_cards": 0.0, "position": "D", "team_title": "Werder Bremen", "npg": 2.0, "npxG": 1.19, "xGChain": 5.5, "xGBuildup": 4.76}, {"player_name": "Nuri Sahin", "games": 18.0, "time": 1230.0, "goals": 2.0, "xG": 1.84, "assists": 2.0, "xA": 2.71, "shots": 25.0, "key_passes": 22.0, "yellow_cards": 2.0, "red_cards": 0.0, "position": "M S", "team_title": "Borussia Dortmund", "npg": 2.0, "npxG": 1.84, "xGChain": 8.65, "xGBuildup": 4.8}, {"player_name": "Erik Thommy", "games": 20.0, "time": 1168.0, "goals": 2.0, "xG": 2.86, "assists": 4.0, "xA": 2.29, "shots": 34.0, "key_passes": 24.0, "yellow_cards": 1.0, "red_cards": 0.0, "position": "M S", "team_title": "Augsburg", "npg": 2.0, "npxG": 2.86, "xGChain": 6.35, "xGBuildup": 2.97}, {"player_name": "Karim Rekik", "games": 26.0, "time": 2306.0, "goals": 2.0, "xG": 0.21, "assists": 2.0, "xA": 1.02, "shots": 7.0, "key_passes": 2.0, "yellow_cards": 4.0, "red_cards": 0.0, "position": "D", "team_title": "Hertha Berlin", "npg": 2.0, "npxG": 0.21, "xGChain": 4.35, "xGBuildup": 4.33}, {"player_name": "Anastasios Donis", "games": 18.0, "time": 951.0, "goals": 2.0, "xG": 4.13, "assists": 2.0, "xA": 2.41, "shots": 38.0, "key_passes": 12.0, "yellow_cards": 1.0, "red_cards": 0.0, "position": "F M S", "team_title": "VfB Stuttgart", "npg": 2.0, "npxG": 4.13, "xGChain": 6.5, "xGBuildup": 0.32}, {"player_name": "Abdou Diallo", "games": 27.0, "time": 2416.0, "goals": 2.0, "xG": 1.78, "assists": 1.0, "xA": 0.22, "shots": 12.0, "key_passes": 4.0, "yellow_cards": 5.0, "red_cards": 0.0, "position": "D", "team_title": "Mainz 05", "npg": 2.0, "npxG": 1.78, "xGChain": 3.64, "xGBuildup": 3.53}, {"player_name": "Bobby Wood", "games": 24.0, "time": 1610.0, "goals": 2.0, "xG": 4.65, "assists": 0.0, "xA": 1.58, "shots": 39.0, "key_passes": 18.0, "yellow_cards": 1.0, "red_cards": 1.0, "position": "F M S", "team_title": "Hamburger SV", "npg": 1.0, "npxG": 3.9, "xGChain": 5.67, "xGBuildup": 1.21}, {"player_name": "Emil Forsberg", "games": 21.0, "time": 1373.0, "goals": 2.0, "xG": 3.31, "assists": 2.0, "xA": 2.26, "shots": 35.0, "key_passes": 39.0, "yellow_cards": 0.0, "red_cards": 1.0, "position": "M S", "team_title": "RasenBallsport Leipzig", "npg": 1.0, "npxG": 2.55, "xGChain": 7.68, "xGBuildup": 5.07}, {"player_name": "Marcel Halstenberg", "games": 15.0, "time": 1175.0, "goals": 2.0, "xG": 1.43, "assists": 2.0, "xA": 1.33, "shots": 25.0, "key_passes": 15.0, "yellow_cards": 3.0, "red_cards": 0.0, "position": "D S", "team_title": "RasenBallsport Leipzig", "npg": 2.0, "npxG": 1.43, "xGChain": 4.85, "xGBuildup": 3.42}, {"player_name": "Kevin Danso", "games": 16.0, "time": 1112.0, "goals": 2.0, "xG": 2.15, "assists": 0.0, "xA": 0.27, "shots": 9.0, "key_passes": 4.0, "yellow_cards": 2.0, "red_cards": 0.0, "position": "D S", "team_title": "Augsburg", "npg": 2.0, "npxG": 2.15, "xGChain": 1.17, "xGBuildup": 1.06}, {"player_name": "Gerrit Holtmann", "games": 17.0, "time": 894.0, "goals": 2.0, "xG": 0.87, "assists": 1.0, "xA": 1.32, "shots": 20.0, "key_passes": 9.0, "yellow_cards": 1.0, "red_cards": 0.0, "position": "D F M S", "team_title": "Mainz 05", "npg": 2.0, "npxG": 0.87, "xGChain": 3.7, "xGBuildup": 1.83}, {"player_name": "Kerem Demirbay", "games": 19.0, "time": 1205.0, "goals": 2.0, "xG": 2.05, "assists": 2.0, "xA": 2.29, "shots": 23.0, "key_passes": 31.0, "yellow_cards": 3.0, "red_cards": 0.0, "position": "M S", "team_title": "Hoffenheim", "npg": 1.0, "npxG": 1.29, "xGChain": 5.47, "xGBuildup": 3.59}, {"player_name": "Dennis Geiger", "games": 21.0, "time": 1598.0, "goals": 2.0, "xG": 1.7, "assists": 1.0, "xA": 1.32, "shots": 21.0, "key_passes": 26.0, "yellow_cards": 9.0, "red_cards": 0.0, "position": "M S", "team_title": "Hoffenheim", "npg": 2.0, "npxG": 1.7, "xGChain": 6.92, "xGBuildup": 4.37}, {"player_name": "Sergio Córdova", "games": 26.0, "time": 548.0, "goals": 2.0, "xG": 1.54, "assists": 0.0, "xA": 0.59, "shots": 14.0, "key_passes": 8.0, "yellow_cards": 3.0, "red_cards": 0.0, "position": "F S", "team_title": "Augsburg", "npg": 2.0, "npxG": 1.54, "xGChain": 2.89, "xGBuildup": 0.92}, {"player_name": "Tim Kleindienst", "games": 22.0, "time": 1130.0, "goals": 2.0, "xG": 3.57, "assists": 3.0, "xA": 2.17, "shots": 44.0, "key_passes": 9.0, "yellow_cards": 2.0, "red_cards": 0.0, "position": "F S", "team_title": "Freiburg", "npg": 2.0, "npxG": 3.57, "xGChain": 4.16, "xGBuildup": 0.53}, {"player_name": "Denis Zakaria", "games": 30.0, "time": 2321.0, "goals": 2.0, "xG": 1.24, "assists": 1.0, "xA": 0.55, "shots": 20.0, "key_passes": 14.0, "yellow_cards": 11.0, "red_cards": 0.0, "position": "M S", "team_title": "Borussia M.Gladbach", "npg": 2.0, "npxG": 1.24, "xGChain": 6.63, "xGBuildup": 5.19}, {"player_name": "Robin Koch", "games": 26.0, "time": 1916.0, "goals": 2.0, "xG": 0.82, "assists": 1.0, "xA": 0.9, "shots": 13.0, "key_passes": 6.0, "yellow_cards": 3.0, "red_cards": 0.0, "position": "D M S", "team_title": "Freiburg", "npg": 2.0, "npxG": 0.82, "xGChain": 2.2, "xGBuildup": 2.11}, {"player_name": "Jann-Fiete Arp", "games": 18.0, "time": 845.0, "goals": 2.0, "xG": 1.98, "assists": 0.0, "xA": 0.51, "shots": 17.0, "key_passes": 4.0, "yellow_cards": 1.0, "red_cards": 0.0, "position": "F S", "team_title": "Hamburger SV", "npg": 2.0, "npxG": 1.98, "xGChain": 2.75, "xGBuildup": 0.97}, {"player_name": "Valentino Lazaro", "games": 26.0, "time": 1853.0, "goals": 2.0, "xG": 2.24, "assists": 5.0, "xA": 4.14, "shots": 18.0, "key_passes": 28.0, "yellow_cards": 4.0, "red_cards": 0.0, "position": "M S", "team_title": "Hertha Berlin", "npg": 2.0, "npxG": 2.24, "xGChain": 8.64, "xGBuildup": 3.67}, {"player_name": "Jérôme Gondorf", "games": 21.0, "time": 796.0, "goals": 1.0, "xG": 1.76, "assists": 1.0, "xA": 0.79, "shots": 16.0, "key_passes": 7.0, "yellow_cards": 4.0, "red_cards": 0.0, "position": "F M S", "team_title": "Werder Bremen", "npg": 1.0, "npxG": 1.76, "xGChain": 3.33, "xGBuildup": 0.87}, {"player_name": "Mitchell Weiser", "games": 24.0, "time": 1985.0, "goals": 1.0, "xG": 0.54, "assists": 2.0, "xA": 3.28, "shots": 14.0, "key_passes": 39.0, "yellow_cards": 2.0, "red_cards": 0.0, "position": "D M S", "team_title": "Hertha Berlin", "npg": 1.0, "npxG": 0.54, "xGChain": 8.62, "xGBuildup": 6.3}, {"player_name": "Daniel Brosinski", "games": 29.0, "time": 2504.0, "goals": 1.0, "xG": 1.66, "assists": 5.0, "xA": 3.09, "shots": 32.0, "key_passes": 43.0, "yellow_cards": 0.0, "red_cards": 0.0, "position": "D M S", "team_title": "Mainz 05", "npg": 0.0, "npxG": 0.91, "xGChain": 4.64, "xGBuildup": 2.68}, {"player_name": "Stefan Bell", "games": 25.0, "time": 2174.0, "goals": 1.0, "xG": 1.16, "assists": 0.0, "xA": 0.46, "shots": 12.0, "key_passes": 8.0, "yellow_cards": 8.0, "red_cards": 0.0, "position": "D S", "team_title": "Mainz 05", "npg": 1.0, "npxG": 1.16, "xGChain": 2.13, "xGBuildup": 1.99}, {"player_name": "Julian Baumgartlinger", "games": 22.0, "time": 1393.0, "goals": 1.0, "xG": 0.71, "assists": 0.0, "xA": 0.59, "shots": 11.0, "key_passes": 10.0, "yellow_cards": 3.0, "red_cards": 0.0, "position": "D M S", "team_title": "Bayer Leverkusen", "npg": 1.0, "npxG": 0.71, "xGChain": 7.08, "xGBuildup": 6.28}, {"player_name": "Alexander Hack", "games": 15.0, "time": 1288.0, "goals": 1.0, "xG": 0.65, "assists": 0.0, "xA": 0.2, "shots": 13.0, "key_passes": 5.0, "yellow_cards": 2.0, "red_cards": 0.0, "position": "D S", "team_title": "Mainz 05", "npg": 1.0, "npxG": 0.65, "xGChain": 2.03, "xGBuildup": 1.87}, {"player_name": "Sebastian Rudy", "games": 25.0, "time": 1514.0, "goals": 1.0, "xG": 1.16, "assists": 4.0, "xA": 1.49, "shots": 19.0, "key_passes": 20.0, "yellow_cards": 2.0, "red_cards": 0.0, "position": "M S", "team_title": "Bayern Munich", "npg": 1.0, "npxG": 1.16, "xGChain": 10.0, "xGBuildup": 8.44}, {"player_name": "Kenan Karaman", "games": 22.0, "time": 844.0, "goals": 1.0, "xG": 1.49, "assists": 0.0, "xA": 0.47, "shots": 17.0, "key_passes": 7.0, "yellow_cards": 2.0, "red_cards": 0.0, "position": "F M S", "team_title": "Hannover 96", "npg": 1.0, "npxG": 1.49, "xGChain": 3.33, "xGBuildup": 1.84}, {"player_name": "Waldemar Anton", "games": 27.0, "time": 2276.0, "goals": 1.0, "xG": 1.94, "assists": 0.0, "xA": 0.04, "shots": 23.0, "key_passes": 2.0, "yellow_cards": 1.0, "red_cards": 0.0, "position": "D M S", "team_title": "Hannover 96", "npg": 1.0, "npxG": 1.94, "xGChain": 4.94, "xGBuildup": 4.69}, {"player_name": "Philipp Bargfrede", "games": 27.0, "time": 1878.0, "goals": 1.0, "xG": 0.41, "assists": 1.0, "xA": 0.88, "shots": 15.0, "key_passes": 8.0, "yellow_cards": 5.0, "red_cards": 0.0, "position": "D M S", "team_title": "Werder Bremen", "npg": 1.0, "npxG": 0.41, "xGChain": 4.85, "xGBuildup": 3.71}, {"player_name": "Florian Grillitsch", "games": 25.0, "time": 1893.0, "goals": 1.0, "xG": 1.13, "assists": 2.0, "xA": 1.83, "shots": 19.0, "key_passes": 27.0, "yellow_cards": 5.0, "red_cards": 0.0, "position": "M S", "team_title": "Hoffenheim", "npg": 1.0, "npxG": 1.13, "xGChain": 7.97, "xGBuildup": 5.45}, {"player_name": "Claudio Pizarro", "games": 16.0, "time": 570.0, "goals": 1.0, "xG": 1.86, "assists": 1.0, "xA": 0.46, "shots": 16.0, "key_passes": 7.0, "yellow_cards": 0.0, "red_cards": 0.0, "position": "F M S", "team_title": "FC Cologne", "npg": 1.0, "npxG": 1.86, "xGChain": 2.43, "xGBuildup": 1.13}, {"player_name": "Dominique Heintz", "games": 31.0, "time": 2790.0, "goals": 1.0, "xG": 0.36, "assists": 0.0, "xA": 1.0, "shots": 8.0, "key_passes": 8.0, "yellow_cards": 3.0, "red_cards": 0.0, "position": "D", "team_title": "FC Cologne", "npg": 1.0, "npxG": 0.36, "xGChain": 4.47, "xGBuildup": 4.04}, {"player_name": "Marcel Risse", "games": 16.0, "time": 1166.0, "goals": 1.0, "xG": 0.64, "assists": 3.0, "xA": 2.74, "shots": 18.0, "key_passes": 21.0, "yellow_cards": 1.0, "red_cards": 0.0, "position": "D M S", "team_title": "FC Cologne", "npg": 1.0, "npxG": 0.64, "xGChain": 3.43, "xGBuildup": 1.92}, {"player_name": "Yannick Gerhardt", "games": 17.0, "time": 1219.0, "goals": 1.0, "xG": 0.7, "assists": 1.0, "xA": 0.61, "shots": 9.0, "key_passes": 13.0, "yellow_cards": 1.0, "red_cards": 0.0, "position": "D M S", "team_title": "Wolfsburg", "npg": 1.0, "npxG": 0.7, "xGChain": 2.99, "xGBuildup": 2.08}, {"player_name": "André Schürrle", "games": 18.0, "time": 1235.0, "goals": 1.0, "xG": 3.61, "assists": 4.0, "xA": 3.49, "shots": 36.0, "key_passes": 18.0, "yellow_cards": 0.0, "red_cards": 0.0, "position": "F M S", "team_title": "Borussia Dortmund", "npg": 1.0, "npxG": 2.85, "xGChain": 9.04, "xGBuildup": 3.36}, {"player_name": "Robin Knoche", "games": 24.0, "time": 2106.0, "goals": 1.0, "xG": 0.76, "assists": 2.0, "xA": 0.33, "shots": 6.0, "key_passes": 4.0, "yellow_cards": 2.0, "red_cards": 0.0, "position": "D", "team_title": "Wolfsburg", "npg": 1.0, "npxG": 0.76, "xGChain": 4.12, "xGBuildup": 3.62}, {"player_name": "Gideon Jung", "games": 30.0, "time": 2567.0, "goals": 1.0, "xG": 0.65, "assists": 1.0, "xA": 0.92, "shots": 7.0, "key_passes": 9.0, "yellow_cards": 7.0, "red_cards": 1.0, "position": "D M S", "team_title": "Hamburger SV", "npg": 1.0, "npxG": 0.65, "xGChain": 3.12, "xGBuildup": 1.72}, {"player_name": "Karim Bellarabi", "games": 24.0, "time": 1129.0, "goals": 1.0, "xG": 3.04, "assists": 3.0, "xA": 3.98, "shots": 44.0, "key_passes": 28.0, "yellow_cards": 2.0, "red_cards": 0.0, "position": "D M S", "team_title": "Bayer Leverkusen", "npg": 1.0, "npxG": 3.04, "xGChain": 8.52, "xGBuildup": 2.37}, {"player_name": "Kevin Kampl", "games": 27.0, "time": 2051.0, "goals": 1.0, "xG": 1.37, "assists": 3.0, "xA": 3.19, "shots": 29.0, "key_passes": 52.0, "yellow_cards": 3.0, "red_cards": 0.0, "position": "M S", "team_title": "Bayer Leverkusen", "npg": 1.0, "npxG": 1.37, "xGChain": 9.5, "xGBuildup": 7.13}, {"player_name": "Kyriakos Papadopoulos", "games": 29.0, "time": 2610.0, "goals": 1.0, "xG": 1.36, "assists": 1.0, "xA": 0.31, "shots": 23.0, "key_passes": 7.0, "yellow_cards": 11.0, "red_cards": 1.0, "position": "D", "team_title": "Hamburger SV", "npg": 1.0, "npxG": 1.36, "xGChain": 3.11, "xGBuildup": 2.73}, {"player_name": "Julian Korb", "games": 28.0, "time": 2348.0, "goals": 1.0, "xG": 1.48, "assists": 1.0, "xA": 1.45, "shots": 10.0, "key_passes": 23.0, "yellow_cards": 8.0, "red_cards": 0.0, "position": "D F M", "team_title": "Hannover 96", "npg": 1.0, "npxG": 1.48, "xGChain": 6.11, "xGBuildup": 3.82}, {"player_name": "Oscar Wendt", "games": 28.0, "time": 2467.0, "goals": 1.0, "xG": 1.68, "assists": 1.0, "xA": 2.08, "shots": 18.0, "key_passes": 24.0, "yellow_cards": 2.0, "red_cards": 0.0, "position": "D M", "team_title": "Borussia M.Gladbach", "npg": 1.0, "npxG": 1.68, "xGChain": 8.66, "xGBuildup": 5.9}, {"player_name": "Jérôme Boateng", "games": 19.0, "time": 1646.0, "goals": 1.0, "xG": 1.01, "assists": 2.0, "xA": 1.78, "shots": 13.0, "key_passes": 13.0, "yellow_cards": 4.0, "red_cards": 0.0, "position": "D", "team_title": "Bayern Munich", "npg": 1.0, "npxG": 1.01, "xGChain": 9.59, "xGBuildup": 8.31}, {"player_name": "Rafinha", "games": 27.0, "time": 1839.0, "goals": 1.0, "xG": 0.52, "assists": 2.0, "xA": 1.68, "shots": 7.0, "key_passes": 22.0, "yellow_cards": 4.0, "red_cards": 0.0, "position": "D S", "team_title": "Bayern Munich", "npg": 1.0, "npxG": 0.52, "xGChain": 13.25, "xGBuildup": 11.96}, {"player_name": "Joshua Kimmich", "games": 29.0, "time": 2336.0, "goals": 1.0, "xG": 0.51, "assists": 10.0, "xA": 5.95, "shots": 9.0, "key_passes": 53.0, "yellow_cards": 1.0, "red_cards": 0.0, "position": "D S", "team_title": "Bayern Munich", "npg": 1.0, "npxG": 0.51, "xGChain": 18.25, "xGBuildup": 15.23}, {"player_name": "Javi Martínez", "games": 22.0, "time": 1607.0, "goals": 1.0, "xG": 1.26, "assists": 2.0, "xA": 1.83, "shots": 22.0, "key_passes": 11.0, "yellow_cards": 1.0, "red_cards": 0.0, "position": "D M S", "team_title": "Bayern Munich", "npg": 1.0, "npxG": 1.26, "xGChain": 10.0, "xGBuildup": 9.28}, {"player_name": "Danny da Costa", "games": 17.0, "time": 1197.0, "goals": 1.0, "xG": 0.91, "assists": 2.0, "xA": 1.25, "shots": 9.0, "key_passes": 14.0, "yellow_cards": 1.0, "red_cards": 0.0, "position": "D M S", "team_title": "Eintracht Frankfurt", "npg": 1.0, "npxG": 0.91, "xGChain": 4.58, "xGBuildup": 3.21}, {"player_name": "Steven Zuber", "games": 20.0, "time": 1454.0, "goals": 1.0, "xG": 0.95, "assists": 2.0, "xA": 1.12, "shots": 15.0, "key_passes": 15.0, "yellow_cards": 2.0, "red_cards": 0.0, "position": "D M S", "team_title": "Hoffenheim", "npg": 1.0, "npxG": 0.95, "xGChain": 4.15, "xGBuildup": 2.63}, {"player_name": "Jeremy Toljan", "games": 18.0, "time": 1388.0, "goals": 1.0, "xG": 0.19, "assists": 2.0, "xA": 1.39, "shots": 8.0, "key_passes": 13.0, "yellow_cards": 1.0, "red_cards": 0.0, "position": "D M S", "team_title": "Borussia Dortmund", "npg": 1.0, "npxG": 0.19, "xGChain": 7.23, "xGBuildup": 5.86}, {"player_name": "Dominik Kohr", "games": 28.0, "time": 1664.0, "goals": 1.0, "xG": 3.3, "assists": 1.0, "xA": 1.4, "shots": 40.0, "key_passes": 18.0, "yellow_cards": 8.0, "red_cards": 1.0, "position": "M S", "team_title": "Bayer Leverkusen", "npg": 1.0, "npxG": 3.3, "xGChain": 11.02, "xGBuildup": 7.45}, {"player_name": "Mijat Gacinovic", "games": 29.0, "time": 1821.0, "goals": 1.0, "xG": 3.34, "assists": 3.0, "xA": 3.08, "shots": 37.0, "key_passes": 22.0, "yellow_cards": 4.0, "red_cards": 0.0, "position": "F M S", "team_title": "Eintracht Frankfurt", "npg": 1.0, "npxG": 3.34, "xGChain": 7.36, "xGBuildup": 2.04}, {"player_name": "Marco Russ", "games": 19.0, "time": 1149.0, "goals": 1.0, "xG": 0.68, "assists": 0.0, "xA": 0.08, "shots": 7.0, "key_passes": 2.0, "yellow_cards": 3.0, "red_cards": 0.0, "position": "D S", "team_title": "Eintracht Frankfurt", "npg": 1.0, "npxG": 0.68, "xGChain": 1.83, "xGBuildup": 1.8}, {"player_name": "Gian-Luca Waldschmidt", "games": 21.0, "time": 790.0, "goals": 1.0, "xG": 2.67, "assists": 0.0, "xA": 0.72, "shots": 31.0, "key_passes": 7.0, "yellow_cards": 0.0, "red_cards": 0.0, "position": "F M S", "team_title": "Hamburger SV", "npg": 1.0, "npxG": 2.67, "xGChain": 3.14, "xGBuildup": 1.29}, {"player_name": "Pascal Stenzel", "games": 25.0, "time": 1937.0, "goals": 1.0, "xG": 0.42, "assists": 0.0, "xA": 0.67, "shots": 15.0, "key_passes": 17.0, "yellow_cards": 3.0, "red_cards": 0.0, "position": "D M S", "team_title": "Freiburg", "npg": 1.0, "npxG": 0.42, "xGChain": 2.39, "xGBuildup": 1.53}, {"player_name": "Julian Weigl", "games": 25.0, "time": 1944.0, "goals": 1.0, "xG": 0.12, "assists": 0.0, "xA": 0.18, "shots": 5.0, "key_passes": 7.0, "yellow_cards": 4.0, "red_cards": 0.0, "position": "D M S", "team_title": "Borussia Dortmund", "npg": 1.0, "npxG": 0.12, "xGChain": 11.32, "xGBuildup": 11.12}, {"player_name": "Mats Hummels", "games": 26.0, "time": 2213.0, "goals": 1.0, "xG": 1.72, "assists": 1.0, "xA": 0.28, "shots": 27.0, "key_passes": 8.0, "yellow_cards": 3.0, "red_cards": 0.0, "position": "D S", "team_title": "Bayern Munich", "npg": 1.0, "npxG": 1.72, "xGChain": 16.07, "xGBuildup": 15.66}, {"player_name": "Lukas Klünter", "games": 19.0, "time": 1333.0, "goals": 1.0, "xG": 1.8, "assists": 0.0, "xA": 1.01, "shots": 17.0, "key_passes": 13.0, "yellow_cards": 6.0, "red_cards": 0.0, "position": "D F M S", "team_title": "FC Cologne", "npg": 1.0, "npxG": 1.8, "xGChain": 4.35, "xGBuildup": 1.9}, {"player_name": "Niklas Stark", "games": 26.0, "time": 2209.0, "goals": 1.0, "xG": 0.99, "assists": 1.0, "xA": 0.4, "shots": 11.0, "key_passes": 4.0, "yellow_cards": 2.0, "red_cards": 0.0, "position": "D M S", "team_title": "Hertha Berlin", "npg": 1.0, "npxG": 0.99, "xGChain": 5.74, "xGBuildup": 5.48}, {"player_name": "Nico Schulz", "games": 27.0, "time": 1767.0, "goals": 1.0, "xG": 1.44, "assists": 2.0, "xA": 2.61, "shots": 17.0, "key_passes": 27.0, "yellow_cards": 3.0, "red_cards": 0.0, "position": "D M S", "team_title": "Hoffenheim", "npg": 1.0, "npxG": 1.44, "xGChain": 8.35, "xGBuildup": 5.66}, {"player_name": "Charles Aránguiz", "games": 27.0, "time": 2316.0, "goals": 1.0, "xG": 2.74, "assists": 3.0, "xA": 1.16, "shots": 34.0, "key_passes": 23.0, "yellow_cards": 4.0, "red_cards": 0.0, "position": "M", "team_title": "Bayer Leverkusen", "npg": 1.0, "npxG": 2.74, "xGChain": 12.44, "xGBuildup": 10.33}, {"player_name": "Jorge Meré", "games": 22.0, "time": 1888.0, "goals": 1.0, "xG": 0.21, "assists": 1.0, "xA": 0.29, "shots": 3.0, "key_passes": 1.0, "yellow_cards": 6.0, "red_cards": 0.0, "position": "D S", "team_title": "FC Cologne", "npg": 1.0, "npxG": 0.21, "xGChain": 2.28, "xGBuildup": 1.97}, {"player_name": "Iver Fossum", "games": 19.0, "time": 1298.0, "goals": 1.0, "xG": 1.02, "assists": 1.0, "xA": 1.65, "shots": 22.0, "key_passes": 16.0, "yellow_cards": 0.0, "red_cards": 0.0, "position": "M S", "team_title": "Hannover 96", "npg": 1.0, "npxG": 1.02, "xGChain": 4.28, "xGBuildup": 2.54}, {"player_name": "Milos Veljkovic", "games": 30.0, "time": 2658.0, "goals": 1.0, "xG": 0.22, "assists": 0.0, "xA": 0.32, "shots": 4.0, "key_passes": 5.0, "yellow_cards": 2.0, "red_cards": 0.0, "position": "D", "team_title": "Werder Bremen", "npg": 1.0, "npxG": 0.22, "xGChain": 4.27, "xGBuildup": 4.21}, {"player_name": "Benjamin Pavard", "games": 34.0, "time": 3060.0, "goals": 1.0, "xG": 0.64, "assists": 0.0, "xA": 1.18, "shots": 11.0, "key_passes": 8.0, "yellow_cards": 2.0, "red_cards": 0.0, "position": "D M", "team_title": "VfB Stuttgart", "npg": 1.0, "npxG": 0.64, "xGChain": 3.19, "xGBuildup": 3.13}, {"player_name": "Christian Günter", "games": 34.0, "time": 3060.0, "goals": 1.0, "xG": 1.71, "assists": 3.0, "xA": 3.65, "shots": 26.0, "key_passes": 50.0, "yellow_cards": 2.0, "red_cards": 0.0, "position": "D M", "team_title": "Freiburg", "npg": 1.0, "npxG": 0.95, "xGChain": 7.04, "xGBuildup": 4.87}, {"player_name": "Nicolas Höfler", "games": 27.0, "time": 2260.0, "goals": 1.0, "xG": 0.53, "assists": 3.0, "xA": 1.56, "shots": 11.0, "key_passes": 17.0, "yellow_cards": 6.0, "red_cards": 1.0, "position": "M S", "team_title": "Freiburg", "npg": 1.0, "npxG": 0.53, "xGChain": 5.44, "xGBuildup": 4.84}, {"player_name": "Andreas Beck", "games": 23.0, "time": 1935.0, "goals": 1.0, "xG": 0.21, "assists": 1.0, "xA": 1.39, "shots": 8.0, "key_passes": 15.0, "yellow_cards": 6.0, "red_cards": 0.0, "position": "D S", "team_title": "VfB Stuttgart", "npg": 1.0, "npxG": 0.21, "xGChain": 2.94, "xGBuildup": 2.58}, {"player_name": "Florian Kath", "games": 24.0, "time": 625.0, "goals": 1.0, "xG": 0.89, "assists": 0.0, "xA": 0.26, "shots": 16.0, "key_passes": 6.0, "yellow_cards": 3.0, "red_cards": 0.0, "position": "F M S", "team_title": "Freiburg", "npg": 1.0, "npxG": 0.89, "xGChain": 1.45, "xGBuildup": 0.41}, {"player_name": "Jean-Philippe Gbamin", "games": 30.0, "time": 2592.0, "goals": 1.0, "xG": 0.89, "assists": 3.0, "xA": 1.43, "shots": 26.0, "key_passes": 13.0, "yellow_cards": 5.0, "red_cards": 0.0, "position": "D M S", "team_title": "Mainz 05", "npg": 1.0, "npxG": 0.89, "xGChain": 4.45, "xGBuildup": 3.29}, {"player_name": "Walace", "games": 18.0, "time": 1324.0, "goals": 1.0, "xG": 0.59, "assists": 2.0, "xA": 1.26, "shots": 18.0, "key_passes": 12.0, "yellow_cards": 3.0, "red_cards": 0.0, "position": "M S", "team_title": "Hamburger SV", "npg": 1.0, "npxG": 0.59, "xGChain": 2.64, "xGBuildup": 1.5}, {"player_name": "Ondrej Duda", "games": 17.0, "time": 750.0, "goals": 1.0, "xG": 0.96, "assists": 0.0, "xA": 0.35, "shots": 8.0, "key_passes": 3.0, "yellow_cards": 3.0, "red_cards": 0.0, "position": "M S", "team_title": "Hertha Berlin", "npg": 1.0, "npxG": 0.96, "xGChain": 2.64, "xGBuildup": 1.36}, {"player_name": "Bernardo", "games": 18.0, "time": 1349.0, "goals": 1.0, "xG": 0.43, "assists": 1.0, "xA": 0.66, "shots": 12.0, "key_passes": 6.0, "yellow_cards": 2.0, "red_cards": 0.0, "position": "D S", "team_title": "RasenBallsport Leipzig", "npg": 1.0, "npxG": 0.43, "xGChain": 3.57, "xGBuildup": 3.28}, {"player_name": "Rani Khedira", "games": 30.0, "time": 2286.0, "goals": 1.0, "xG": 1.11, "assists": 1.0, "xA": 0.67, "shots": 12.0, "key_passes": 9.0, "yellow_cards": 8.0, "red_cards": 0.0, "position": "D M S", "team_title": "Augsburg", "npg": 1.0, "npxG": 1.11, "xGChain": 3.52, "xGBuildup": 2.72}, {"player_name": "Caglar Söyüncü", "games": 26.0, "time": 2152.0, "goals": 1.0, "xG": 0.91, "assists": 0.0, "xA": 0.0, "shots": 9.0, "key_passes": 0.0, "yellow_cards": 4.0, "red_cards": 2.0, "position": "D S", "team_title": "Freiburg", "npg": 1.0, "npxG": 0.91, "xGChain": 2.59, "xGBuildup": 2.49}, {"player_name": "Douglas Santos", "games": 27.0, "time": 2380.0, "goals": 1.0, "xG": 0.77, "assists": 1.0, "xA": 1.81, "shots": 21.0, "key_passes": 22.0, "yellow_cards": 6.0, "red_cards": 0.0, "position": "D M S", "team_title": "Hamburger SV", "npg": 1.0, "npxG": 0.77, "xGChain": 6.1, "xGBuildup": 4.16}, {"player_name": "Manuel Gulde", "games": 17.0, "time": 1530.0, "goals": 1.0, "xG": 1.15, "assists": 0.0, "xA": 0.03, "shots": 9.0, "key_passes": 1.0, "yellow_cards": 1.0, "red_cards": 0.0, "position": "D", "team_title": "Freiburg", "npg": 1.0, "npxG": 1.15, "xGChain": 1.46, "xGBuildup": 1.21}, {"player_name": "Lukas Klostermann", "games": 26.0, "time": 2200.0, "goals": 1.0, "xG": 1.05, "assists": 0.0, "xA": 1.6, "shots": 11.0, "key_passes": 15.0, "yellow_cards": 2.0, "red_cards": 0.0, "position": "D S", "team_title": "RasenBallsport Leipzig", "npg": 1.0, "npxG": 1.05, "xGChain": 5.78, "xGBuildup": 3.58}, {"player_name": "Simon Falette", "games": 27.0, "time": 2208.0, "goals": 1.0, "xG": 1.66, "assists": 0.0, "xA": 0.6, "shots": 15.0, "key_passes": 8.0, "yellow_cards": 10.0, "red_cards": 1.0, "position": "D S", "team_title": "Eintracht Frankfurt", "npg": 1.0, "npxG": 1.66, "xGChain": 3.72, "xGBuildup": 3.43}, {"player_name": "Ludwig Augustinsson", "games": 29.0, "time": 2536.0, "goals": 1.0, "xG": 1.22, "assists": 0.0, "xA": 2.35, "shots": 24.0, "key_passes": 28.0, "yellow_cards": 3.0, "red_cards": 0.0, "position": "D M", "team_title": "Werder Bremen", "npg": 1.0, "npxG": 1.22, "xGChain": 7.11, "xGBuildup": 5.17}, {"player_name": "Takuma Asano", "games": 15.0, "time": 712.0, "goals": 1.0, "xG": 2.05, "assists": 0.0, "xA": 1.22, "shots": 17.0, "key_passes": 10.0, "yellow_cards": 1.0, "red_cards": 0.0, "position": "F M S", "team_title": "VfB Stuttgart", "npg": 1.0, "npxG": 2.05, "xGChain": 3.2, "xGBuildup": 0.21}, {"player_name": "Berkay Özcan", "games": 17.0, "time": 1011.0, "goals": 1.0, "xG": 1.46, "assists": 2.0, "xA": 1.53, "shots": 12.0, "key_passes": 15.0, "yellow_cards": 1.0, "red_cards": 0.0, "position": "M S", "team_title": "VfB Stuttgart", "npg": 1.0, "npxG": 1.46, "xGChain": 2.55, "xGBuildup": 0.58}, {"player_name": "Felix Uduokhai", "games": 19.0, "time": 1552.0, "goals": 1.0, "xG": 0.13, "assists": 0.0, "xA": 0.03, "shots": 4.0, "key_passes": 1.0, "yellow_cards": 1.0, "red_cards": 1.0, "position": "D S", "team_title": "Wolfsburg", "npg": 1.0, "npxG": 0.13, "xGChain": 2.29, "xGBuildup": 2.26}, {"player_name": "Panagiotis Retsos", "games": 24.0, "time": 1716.0, "goals": 1.0, "xG": 0.57, "assists": 3.0, "xA": 1.17, "shots": 12.0, "key_passes": 7.0, "yellow_cards": 6.0, "red_cards": 0.0, "position": "D S", "team_title": "Bayer Leverkusen", "npg": 1.0, "npxG": 0.57, "xGChain": 6.78, "xGBuildup": 6.66}, {"player_name": "Christian Mathenia", "games": 24.0, "time": 2160.0, "goals": 0.0, "xG": 0.0, "assists": 0.0, "xA": 0.03, "shots": 0.0, "key_passes": 1.0, "yellow_cards": 2.0, "red_cards": 0.0, "position": "GK", "team_title": "Hamburger SV", "npg": 0.0, "npxG": 0.0, "xGChain": 0.84, "xGBuildup": 0.81}, {"player_name": "Marcel Heller", "games": 24.0, "time": 1305.0, "goals": 0.0, "xG": 1.29, "assists": 1.0, "xA": 2.29, "shots": 11.0, "key_passes": 15.0, "yellow_cards": 1.0, "red_cards": 1.0, "position": "F M S", "team_title": "Augsburg", "npg": 0.0, "npxG": 1.29, "xGChain": 6.41, "xGBuildup": 3.1}, {"player_name": "Rune Jarstein", "games": 31.0, "time": 2790.0, "goals": 0.0, "xG": 0.06, "assists": 0.0, "xA": 0.0, "shots": 1.0, "key_passes": 0.0, "yellow_cards": 2.0, "red_cards": 0.0, "position": "GK", "team_title": "Hertha Berlin", "npg": 0.0, "npxG": 0.06, "xGChain": 2.19, "xGBuildup": 2.19}, {"player_name": "Sebastian Langkamp", "games": 21.0, "time": 1362.0, "goals": 0.0, "xG": 1.11, "assists": 0.0, "xA": 0.11, "shots": 7.0, "key_passes": 2.0, "yellow_cards": 4.0, "red_cards": 0.0, "position": "D S", "team_title": "Hertha Berlin", "npg": 0.0, "npxG": 1.11, "xGChain": 2.24, "xGBuildup": 1.66}, {"player_name": "Marvin Plattenhardt", "games": 33.0, "time": 2970.0, "goals": 0.0, "xG": 0.88, "assists": 7.0, "xA": 3.43, "shots": 18.0, "key_passes": 33.0, "yellow_cards": 6.0, "red_cards": 0.0, "position": "D", "team_title": "Hertha Berlin", "npg": 0.0, "npxG": 0.88, "xGChain": 8.05, "xGBuildup": 6.37}, {"player_name": "Per Skjelbred", "games": 28.0, "time": 2177.0, "goals": 0.0, "xG": 0.1, "assists": 0.0, "xA": 0.98, "shots": 6.0, "key_passes": 6.0, "yellow_cards": 2.0, "red_cards": 0.0, "position": "M S", "team_title": "Hertha Berlin", "npg": 0.0, "npxG": 0.1, "xGChain": 5.49, "xGBuildup": 4.87}, {"player_name": "Fabian Lustenberger", "games": 23.0, "time": 1579.0, "goals": 0.0, "xG": 0.05, "assists": 0.0, "xA": 0.61, "shots": 3.0, "key_passes": 6.0, "yellow_cards": 3.0, "red_cards": 0.0, "position": "D M S", "team_title": "Hertha Berlin", "npg": 0.0, "npxG": 0.05, "xGChain": 4.39, "xGBuildup": 3.79}, {"player_name": "Vladimir Darida", "games": 21.0, "time": 1640.0, "goals": 0.0, "xG": 1.12, "assists": 3.0, "xA": 1.67, "shots": 25.0, "key_passes": 15.0, "yellow_cards": 2.0, "red_cards": 0.0, "position": "M S", "team_title": "Hertha Berlin", "npg": 0.0, "npxG": 1.12, "xGChain": 6.91, "xGBuildup": 4.94}, {"player_name": "Jhon Córdoba", "games": 18.0, "time": 948.0, "goals": 0.0, "xG": 3.34, "assists": 2.0, "xA": 1.26, "shots": 34.0, "key_passes": 7.0, "yellow_cards": 1.0, "red_cards": 0.0, "position": "F S", "team_title": "FC Cologne", "npg": 0.0, "npxG": 3.34, "xGChain": 5.82, "xGBuildup": 2.04}, {"player_name": "Emiliano Insúa", "games": 25.0, "time": 2109.0, "goals": 0.0, "xG": 0.33, "assists": 2.0, "xA": 1.87, "shots": 11.0, "key_passes": 24.0, "yellow_cards": 2.0, "red_cards": 0.0, "position": "D M S", "team_title": "VfB Stuttgart", "npg": 0.0, "npxG": 0.33, "xGChain": 3.56, "xGBuildup": 2.37}, {"player_name": "Timo Baumgartl", "games": 29.0, "time": 2610.0, "goals": 0.0, "xG": 0.38, "assists": 0.0, "xA": 0.24, "shots": 7.0, "key_passes": 7.0, "yellow_cards": 4.0, "red_cards": 0.0, "position": "D", "team_title": "VfB Stuttgart", "npg": 0.0, "npxG": 0.38, "xGChain": 3.04, "xGBuildup": 2.76}, {"player_name": "Oliver Baumann", "games": 34.0, "time": 3060.0, "goals": 0.0, "xG": 0.0, "assists": 0.0, "xA": 0.0, "shots": 0.0, "key_passes": 0.0, "yellow_cards": 0.0, "red_cards": 0.0, "position": "GK", "team_title": "Hoffenheim", "npg": 0.0, "npxG": 0.0, "xGChain": 5.56, "xGBuildup": 5.56}, {"player_name": "Pirmin Schwegler", "games": 29.0, "time": 2336.0, "goals": 0.0, "xG": 0.74, "assists": 6.0, "xA": 2.82, "shots": 12.0, "key_passes": 47.0, "yellow_cards": 10.0, "red_cards": 0.0, "position": "M S", "team_title": "Hannover 96", "npg": 0.0, "npxG": 0.74, "xGChain": 6.51, "xGBuildup": 5.88}, {"player_name": "Jonathan Schmid", "games": 25.0, "time": 1464.0, "goals": 0.0, "xG": 1.5, "assists": 0.0, "xA": 1.88, "shots": 23.0, "key_passes": 28.0, "yellow_cards": 1.0, "red_cards": 0.0, "position": "D M S", "team_title": "Augsburg", "npg": 0.0, "npxG": 1.5, "xGChain": 4.25, "xGBuildup": 2.38}, {"player_name": "Ron-Robert Zieler", "games": 34.0, "time": 3060.0, "goals": 0.0, "xG": 0.0, "assists": 0.0, "xA": 0.04, "shots": 0.0, "key_passes": 1.0, "yellow_cards": 3.0, "red_cards": 0.0, "position": "GK", "team_title": "VfB Stuttgart", "npg": 0.0, "npxG": 0.0, "xGChain": 0.7, "xGBuildup": 0.66}, {"player_name": "Philipp Tschauner", "games": 31.0, "time": 2790.0, "goals": 0.0, "xG": 0.05, "assists": 0.0, "xA": 0.03, "shots": 1.0, "key_passes": 1.0, "yellow_cards": 1.0, "red_cards": 0.0, "position": "GK", "team_title": "Hannover 96", "npg": 0.0, "npxG": 0.05, "xGChain": 1.16, "xGBuildup": 1.13}, {"player_name": "Levin Öztunali", "games": 25.0, "time": 1771.0, "goals": 0.0, "xG": 1.56, "assists": 4.0, "xA": 1.97, "shots": 26.0, "key_passes": 24.0, "yellow_cards": 3.0, "red_cards": 0.0, "position": "F M S", "team_title": "Mainz 05", "npg": 0.0, "npxG": 1.56, "xGChain": 3.61, "xGBuildup": 1.52}, {"player_name": "Timo Horn", "games": 34.0, "time": 3060.0, "goals": 0.0, "xG": 0.0, "assists": 0.0, "xA": 0.09, "shots": 0.0, "key_passes": 3.0, "yellow_cards": 0.0, "red_cards": 0.0, "position": "GK", "team_title": "FC Cologne", "npg": 0.0, "npxG": 0.0, "xGChain": 1.97, "xGBuildup": 1.94}, {"player_name": "Matthias Lehmann", "games": 20.0, "time": 1526.0, "goals": 0.0, "xG": 0.19, "assists": 0.0, "xA": 0.05, "shots": 12.0, "key_passes": 3.0, "yellow_cards": 3.0, "red_cards": 0.0, "position": "D M S", "team_title": "FC Cologne", "npg": 0.0, "npxG": 0.19, "xGChain": 2.88, "xGBuildup": 2.72}, {"player_name": "Kevin Vogt", "games": 31.0, "time": 2790.0, "goals": 0.0, "xG": 0.19, "assists": 1.0, "xA": 0.65, "shots": 4.0, "key_passes": 9.0, "yellow_cards": 9.0, "red_cards": 0.0, "position": "D M", "team_title": "Hoffenheim", "npg": 0.0, "npxG": 0.19, "xGChain": 9.04, "xGBuildup": 8.49}, {"player_name": "Koen Casteels", "games": 34.0, "time": 3060.0, "goals": 0.0, "xG": 0.0, "assists": 0.0, "xA": 0.03, "shots": 0.0, "key_passes": 1.0, "yellow_cards": 1.0, "red_cards": 0.0, "position": "GK", "team_title": "Wolfsburg", "npg": 0.0, "npxG": 0.0, "xGChain": 3.43, "xGBuildup": 3.41}, {"player_name": "Gotoku Sakai", "games": 28.0, "time": 2287.0, "goals": 0.0, "xG": 0.64, "assists": 0.0, "xA": 0.73, "shots": 20.0, "key_passes": 13.0, "yellow_cards": 2.0, "red_cards": 0.0, "position": "D M S", "team_title": "Hamburger SV", "npg": 0.0, "npxG": 0.64, "xGChain": 3.12, "xGBuildup": 2.26}, {"player_name": "Matthias Ostrzolek", "games": 27.0, "time": 2381.0, "goals": 0.0, "xG": 0.51, "assists": 1.0, "xA": 1.72, "shots": 15.0, "key_passes": 22.0, "yellow_cards": 5.0, "red_cards": 0.0, "position": "D M", "team_title": "Hannover 96", "npg": 0.0, "npxG": 0.51, "xGChain": 7.85, "xGBuildup": 5.88}, {"player_name": "Dennis Diekmeier", "games": 22.0, "time": 1869.0, "goals": 0.0, "xG": 0.56, "assists": 3.0, "xA": 2.28, "shots": 6.0, "key_passes": 19.0, "yellow_cards": 4.0, "red_cards": 0.0, "position": "D M", "team_title": "Hamburger SV", "npg": 0.0, "npxG": 0.56, "xGChain": 3.63, "xGBuildup": 2.13}, {"player_name": "Bernd Leno", "games": 33.0, "time": 2970.0, "goals": 0.0, "xG": 0.0, "assists": 0.0, "xA": 0.16, "shots": 0.0, "key_passes": 3.0, "yellow_cards": 1.0, "red_cards": 0.0, "position": "GK", "team_title": "Bayer Leverkusen", "npg": 0.0, "npxG": 0.0, "xGChain": 4.72, "xGBuildup": 4.56}, {"player_name": "Jonathan Tah", "games": 28.0, "time": 2424.0, "goals": 0.0, "xG": 0.6, "assists": 2.0, "xA": 0.64, "shots": 7.0, "key_passes": 11.0, "yellow_cards": 1.0, "red_cards": 0.0, "position": "D S", "team_title": "Bayer Leverkusen", "npg": 0.0, "npxG": 0.6, "xGChain": 8.32, "xGBuildup": 8.12}, {"player_name": "Ömer Toprak", "games": 26.0, "time": 2017.0, "goals": 0.0, "xG": 0.68, "assists": 1.0, "xA": 0.75, "shots": 13.0, "key_passes": 5.0, "yellow_cards": 1.0, "red_cards": 0.0, "position": "D S", "team_title": "Borussia Dortmund", "npg": 0.0, "npxG": 0.68, "xGChain": 12.32, "xGBuildup": 12.27}, {"player_name": "Giulio Donati", "games": 29.0, "time": 2288.0, "goals": 0.0, "xG": 0.33, "assists": 3.0, "xA": 1.53, "shots": 9.0, "key_passes": 25.0, "yellow_cards": 2.0, "red_cards": 2.0, "position": "D M S", "team_title": "Mainz 05", "npg": 0.0, "npxG": 0.33, "xGChain": 3.34, "xGBuildup": 2.11}, {"player_name": "Yann Sommer", "games": 30.0, "time": 2626.0, "goals": 0.0, "xG": 0.0, "assists": 0.0, "xA": 0.0, "shots": 0.0, "key_passes": 0.0, "yellow_cards": 1.0, "red_cards": 0.0, "position": "GK", "team_title": "Borussia M.Gladbach", "npg": 0.0, "npxG": 0.0, "xGChain": 3.34, "xGBuildup": 3.34}, {"player_name": "Håvard Nordtveit", "games": 15.0, "time": 958.0, "goals": 0.0, "xG": 0.43, "assists": 0.0, "xA": 0.06, "shots": 6.0, "key_passes": 1.0, "yellow_cards": 0.0, "red_cards": 0.0, "position": "D S", "team_title": "Hoffenheim", "npg": 0.0, "npxG": 0.43, "xGChain": 1.65, "xGBuildup": 1.49}, {"player_name": "Mahmoud Dahoud", "games": 23.0, "time": 1120.0, "goals": 0.0, "xG": 1.92, "assists": 4.0, "xA": 4.65, "shots": 26.0, "key_passes": 23.0, "yellow_cards": 4.0, "red_cards": 0.0, "position": "M S", "team_title": "Borussia Dortmund", "npg": 0.0, "npxG": 1.92, "xGChain": 12.48, "xGBuildup": 6.5}, {"player_name": "Sven Ulreich", "games": 29.0, "time": 2610.0, "goals": 0.0, "xG": 0.0, "assists": 0.0, "xA": 0.0, "shots": 0.0, "key_passes": 0.0, "yellow_cards": 1.0, "red_cards": 0.0, "position": "GK", "team_title": "Bayern Munich", "npg": 0.0, "npxG": 0.0, "xGChain": 5.74, "xGBuildup": 5.74}, {"player_name": "Robert Bauer", "games": 16.0, "time": 960.0, "goals": 0.0, "xG": 0.03, "assists": 0.0, "xA": 0.16, "shots": 2.0, "key_passes": 4.0, "yellow_cards": 4.0, "red_cards": 0.0, "position": "D M S", "team_title": "Werder Bremen", "npg": 0.0, "npxG": 0.03, "xGChain": 1.95, "xGBuildup": 1.78}, {"player_name": "Marwin Hitz", "games": 32.0, "time": 2880.0, "goals": 0.0, "xG": 0.08, "assists": 0.0, "xA": 0.02, "shots": 1.0, "key_passes": 1.0, "yellow_cards": 2.0, "red_cards": 0.0, "position": "GK", "team_title": "Augsburg", "npg": 0.0, "npxG": 0.08, "xGChain": 2.18, "xGBuildup": 2.16}, {"player_name": "Daniel Baier", "games": 29.0, "time": 2545.0, "goals": 0.0, "xG": 0.72, "assists": 2.0, "xA": 1.47, "shots": 27.0, "key_passes": 28.0, "yellow_cards": 6.0, "red_cards": 0.0, "position": "M", "team_title": "Augsburg", "npg": 0.0, "npxG": 0.72, "xGChain": 8.57, "xGBuildup": 7.25}, {"player_name": "Lukas Hradecky", "games": 34.0, "time": 3060.0, "goals": 0.0, "xG": 0.0, "assists": 0.0, "xA": 0.0, "shots": 0.0, "key_passes": 0.0, "yellow_cards": 1.0, "red_cards": 0.0, "position": "GK", "team_title": "Eintracht Frankfurt", "npg": 0.0, "npxG": 0.0, "xGChain": 1.99, "xGBuildup": 1.99}, {"player_name": "Makoto Hasebe", "games": 24.0, "time": 2089.0, "goals": 0.0, "xG": 0.08, "assists": 0.0, "xA": 0.1, "shots": 2.0, "key_passes": 4.0, "yellow_cards": 3.0, "red_cards": 1.0, "position": "D M S", "team_title": "Eintracht Frankfurt", "npg": 0.0, "npxG": 0.08, "xGChain": 4.88, "xGBuildup": 4.74}, {"player_name": "David Abraham", "games": 27.0, "time": 2303.0, "goals": 0.0, "xG": 0.25, "assists": 2.0, "xA": 0.98, "shots": 7.0, "key_passes": 7.0, "yellow_cards": 3.0, "red_cards": 0.0, "position": "D", "team_title": "Eintracht Frankfurt", "npg": 0.0, "npxG": 0.25, "xGChain": 2.18, "xGBuildup": 1.63}, {"player_name": "Bastian Oczipka", "games": 29.0, "time": 2318.0, "goals": 0.0, "xG": 0.9, "assists": 1.0, "xA": 3.94, "shots": 15.0, "key_passes": 55.0, "yellow_cards": 2.0, "red_cards": 0.0, "position": "D M S", "team_title": "Schalke 04", "npg": 0.0, "npxG": 0.9, "xGChain": 6.92, "xGBuildup": 5.29}, {"player_name": "Roman Bürki", "games": 33.0, "time": 2970.0, "goals": 0.0, "xG": 0.0, "assists": 0.0, "xA": 0.0, "shots": 0.0, "key_passes": 0.0, "yellow_cards": 4.0, "red_cards": 0.0, "position": "GK", "team_title": "Borussia Dortmund", "npg": 0.0, "npxG": 0.0, "xGChain": 6.94, "xGBuildup": 6.94}, {"player_name": "Lukasz Piszczek", "games": 24.0, "time": 2141.0, "goals": 0.0, "xG": 0.87, "assists": 3.0, "xA": 2.83, "shots": 20.0, "key_passes": 18.0, "yellow_cards": 3.0, "red_cards": 0.0, "position": "D", "team_title": "Borussia Dortmund", "npg": 0.0, "npxG": 0.87, "xGChain": 13.32, "xGBuildup": 11.98}, {"player_name": "Marcel Schmelzer", "games": 18.0, "time": 1494.0, "goals": 0.0, "xG": 0.18, "assists": 0.0, "xA": 0.47, "shots": 5.0, "key_passes": 12.0, "yellow_cards": 3.0, "red_cards": 0.0, "position": "D S", "team_title": "Borussia Dortmund", "npg": 0.0, "npxG": 0.18, "xGChain": 7.79, "xGBuildup": 7.45}, {"player_name": "Gonzalo Castro", "games": 19.0, "time": 1210.0, "goals": 0.0, "xG": 1.02, "assists": 2.0, "xA": 3.19, "shots": 10.0, "key_passes": 37.0, "yellow_cards": 3.0, "red_cards": 0.0, "position": "D M S", "team_title": "Borussia Dortmund", "npg": 0.0, "npxG": 1.02, "xGChain": 7.38, "xGBuildup": 3.86}, {"player_name": "Jonas Hofmann", "games": 23.0, "time": 1027.0, "goals": 0.0, "xG": 1.74, "assists": 3.0, "xA": 2.46, "shots": 20.0, "key_passes": 24.0, "yellow_cards": 0.0, "red_cards": 0.0, "position": "M S", "team_title": "Borussia M.Gladbach", "npg": 0.0, "npxG": 1.74, "xGChain": 5.26, "xGBuildup": 2.46}, {"player_name": "Ralf Fährmann", "games": 34.0, "time": 3017.0, "goals": 0.0, "xG": 0.0, "assists": 0.0, "xA": 0.13, "shots": 0.0, "key_passes": 1.0, "yellow_cards": 1.0, "red_cards": 0.0, "position": "GK", "team_title": "Schalke 04", "npg": 0.0, "npxG": 0.0, "xGChain": 1.61, "xGBuildup": 1.61}, {"player_name": "Dennis Aogo", "games": 29.0, "time": 1945.0, "goals": 0.0, "xG": 1.12, "assists": 6.0, "xA": 3.09, "shots": 15.0, "key_passes": 23.0, "yellow_cards": 5.0, "red_cards": 0.0, "position": "D M S", "team_title": "VfB Stuttgart", "npg": 0.0, "npxG": 1.12, "xGChain": 5.29, "xGBuildup": 3.39}, {"player_name": "Max Meyer", "games": 24.0, "time": 1739.0, "goals": 0.0, "xG": 0.19, "assists": 0.0, "xA": 0.33, "shots": 8.0, "key_passes": 9.0, "yellow_cards": 6.0, "red_cards": 0.0, "position": "M S", "team_title": "Schalke 04", "npg": 0.0, "npxG": 0.19, "xGChain": 5.12, "xGBuildup": 4.79}, {"player_name": "Oliver Sorg", "games": 22.0, "time": 1697.0, "goals": 0.0, "xG": 0.3, "assists": 1.0, "xA": 0.64, "shots": 7.0, "key_passes": 8.0, "yellow_cards": 4.0, "red_cards": 0.0, "position": "D M S", "team_title": "Hannover 96", "npg": 0.0, "npxG": 0.3, "xGChain": 3.5, "xGBuildup": 2.97}, {"player_name": "Jan Morávek", "games": 16.0, "time": 694.0, "goals": 0.0, "xG": 0.1, "assists": 0.0, "xA": 0.17, "shots": 2.0, "key_passes": 7.0, "yellow_cards": 4.0, "red_cards": 1.0, "position": "M S", "team_title": "Augsburg", "npg": 0.0, "npxG": 0.1, "xGChain": 1.09, "xGBuildup": 0.87}, {"player_name": "Daniel Opare", "games": 17.0, "time": 1419.0, "goals": 0.0, "xG": 0.09, "assists": 0.0, "xA": 0.5, "shots": 5.0, "key_passes": 6.0, "yellow_cards": 6.0, "red_cards": 0.0, "position": "D", "team_title": "Augsburg", "npg": 0.0, "npxG": 0.09, "xGChain": 2.5, "xGBuildup": 1.96}, {"player_name": "Albin Ekdal", "games": 19.0, "time": 1110.0, "goals": 0.0, "xG": 0.42, "assists": 1.0, "xA": 0.96, "shots": 8.0, "key_passes": 7.0, "yellow_cards": 3.0, "red_cards": 0.0, "position": "M S", "team_title": "Hamburger SV", "npg": 0.0, "npxG": 0.42, "xGChain": 3.35, "xGBuildup": 2.37}, {"player_name": "Patrick Herrmann", "games": 23.0, "time": 1120.0, "goals": 0.0, "xG": 1.63, "assists": 1.0, "xA": 2.31, "shots": 19.0, "key_passes": 14.0, "yellow_cards": 0.0, "red_cards": 0.0, "position": "D M S", "team_title": "Borussia M.Gladbach", "npg": 0.0, "npxG": 1.63, "xGChain": 4.95, "xGBuildup": 1.85}, {"player_name": "Marco Höger", "games": 23.0, "time": 1683.0, "goals": 0.0, "xG": 0.94, "assists": 0.0, "xA": 0.39, "shots": 9.0, "key_passes": 9.0, "yellow_cards": 4.0, "red_cards": 0.0, "position": "M S", "team_title": "FC Cologne", "npg": 0.0, "npxG": 0.94, "xGChain": 4.06, "xGBuildup": 3.67}, {"player_name": "Benjamin Henrichs", "games": 23.0, "time": 1255.0, "goals": 0.0, "xG": 0.7, "assists": 1.0, "xA": 1.41, "shots": 18.0, "key_passes": 11.0, "yellow_cards": 1.0, "red_cards": 1.0, "position": "D M S", "team_title": "Bayer Leverkusen", "npg": 0.0, "npxG": 0.7, "xGChain": 7.15, "xGBuildup": 6.09}, {"player_name": "Peter Pekarík", "games": 17.0, "time": 1385.0, "goals": 0.0, "xG": 0.8, "assists": 2.0, "xA": 1.42, "shots": 9.0, "key_passes": 12.0, "yellow_cards": 1.0, "red_cards": 0.0, "position": "D", "team_title": "Hertha Berlin", "npg": 0.0, "npxG": 0.8, "xGChain": 3.36, "xGBuildup": 1.99}, {"player_name": "Robin Zentner", "games": 15.0, "time": 1350.0, "goals": 0.0, "xG": 0.0, "assists": 0.0, "xA": 0.0, "shots": 0.0, "key_passes": 0.0, "yellow_cards": 1.0, "red_cards": 0.0, "position": "GK", "team_title": "Mainz 05", "npg": 0.0, "npxG": 0.0, "xGChain": 0.78, "xGBuildup": 0.78}, {"player_name": "Matija Nastasic", "games": 24.0, "time": 1989.0, "goals": 0.0, "xG": 0.98, "assists": 0.0, "xA": 0.16, "shots": 8.0, "key_passes": 3.0, "yellow_cards": 5.0, "red_cards": 1.0, "position": "D S", "team_title": "Schalke 04", "npg": 0.0, "npxG": 0.98, "xGChain": 2.0, "xGBuildup": 1.87}, {"player_name": "Jonathan de Guzmán", "games": 16.0, "time": 1089.0, "goals": 0.0, "xG": 0.87, "assists": 3.0, "xA": 1.88, "shots": 11.0, "key_passes": 18.0, "yellow_cards": 2.0, "red_cards": 0.0, "position": "M S", "team_title": "Eintracht Frankfurt", "npg": 0.0, "npxG": 0.87, "xGChain": 4.09, "xGBuildup": 3.2}, {"player_name": "Carlos Salcedo", "games": 20.0, "time": 1612.0, "goals": 0.0, "xG": 0.16, "assists": 0.0, "xA": 0.02, "shots": 6.0, "key_passes": 1.0, "yellow_cards": 5.0, "red_cards": 0.0, "position": "D S", "team_title": "Eintracht Frankfurt", "npg": 0.0, "npxG": 0.16, "xGChain": 3.04, "xGBuildup": 3.0}, {"player_name": "Alessandro Schöpf", "games": 15.0, "time": 806.0, "goals": 0.0, "xG": 0.42, "assists": 0.0, "xA": 0.47, "shots": 9.0, "key_passes": 6.0, "yellow_cards": 3.0, "red_cards": 0.0, "position": "M S", "team_title": "Schalke 04", "npg": 0.0, "npxG": 0.42, "xGChain": 1.01, "xGBuildup": 0.69}, {"player_name": "Mergim Mavraj", "games": 17.0, "time": 1455.0, "goals": 0.0, "xG": 0.33, "assists": 0.0, "xA": 0.12, "shots": 5.0, "key_passes": 2.0, "yellow_cards": 2.0, "red_cards": 1.0, "position": "D", "team_title": "Hamburger SV", "npg": 0.0, "npxG": 0.33, "xGChain": 0.94, "xGBuildup": 0.88}, {"player_name": "Jeffrey Gouweleeuw", "games": 27.0, "time": 2389.0, "goals": 0.0, "xG": 1.34, "assists": 0.0, "xA": 0.33, "shots": 14.0, "key_passes": 7.0, "yellow_cards": 4.0, "red_cards": 0.0, "position": "D M", "team_title": "Augsburg", "npg": 0.0, "npxG": 1.34, "xGChain": 3.86, "xGBuildup": 3.35}, {"player_name": "Martin Hinteregger", "games": 30.0, "time": 2650.0, "goals": 0.0, "xG": 1.49, "assists": 0.0, "xA": 0.4, "shots": 26.0, "key_passes": 8.0, "yellow_cards": 3.0, "red_cards": 0.0, "position": "D S", "team_title": "Augsburg", "npg": 0.0, "npxG": 1.49, "xGChain": 4.45, "xGBuildup": 3.94}, {"player_name": "Marcel Tisserand", "games": 16.0, "time": 1250.0, "goals": 0.0, "xG": 0.2, "assists": 1.0, "xA": 0.1, "shots": 6.0, "key_passes": 2.0, "yellow_cards": 4.0, "red_cards": 0.0, "position": "D M S", "team_title": "Wolfsburg", "npg": 0.0, "npxG": 0.2, "xGChain": 3.23, "xGBuildup": 3.05}, {"player_name": "Gelson Fernandes", "games": 19.0, "time": 1034.0, "goals": 0.0, "xG": 0.06, "assists": 0.0, "xA": 0.0, "shots": 1.0, "key_passes": 0.0, "yellow_cards": 4.0, "red_cards": 0.0, "position": "M S", "team_title": "Eintracht Frankfurt", "npg": 0.0, "npxG": 0.06, "xGChain": 1.4, "xGBuildup": 1.33}, {"player_name": "Benjamin Stambouli", "games": 28.0, "time": 2193.0, "goals": 0.0, "xG": 0.0, "assists": 2.0, "xA": 0.71, "shots": 0.0, "key_passes": 9.0, "yellow_cards": 4.0, "red_cards": 0.0, "position": "D M S", "team_title": "Schalke 04", "npg": 0.0, "npxG": 0.0, "xGChain": 4.13, "xGBuildup": 3.59}, {"player_name": "Julian Schuster", "games": 18.0, "time": 1307.0, "goals": 0.0, "xG": 0.51, "assists": 0.0, "xA": 0.7, "shots": 12.0, "key_passes": 14.0, "yellow_cards": 1.0, "red_cards": 0.0, "position": "D M S", "team_title": "Freiburg", "npg": 0.0, "npxG": 0.51, "xGChain": 1.6, "xGBuildup": 1.54}, {"player_name": "Mike Frantz", "games": 15.0, "time": 1052.0, "goals": 0.0, "xG": 0.94, "assists": 1.0, "xA": 0.36, "shots": 11.0, "key_passes": 7.0, "yellow_cards": 0.0, "red_cards": 0.0, "position": "M S", "team_title": "Freiburg", "npg": 0.0, "npxG": 0.94, "xGChain": 1.99, "xGBuildup": 0.74}, {"player_name": "Marvin Bakalorz", "games": 28.0, "time": 2062.0, "goals": 0.0, "xG": 1.54, "assists": 1.0, "xA": 2.12, "shots": 21.0, "key_passes": 13.0, "yellow_cards": 4.0, "red_cards": 0.0, "position": "M S", "team_title": "Hannover 96", "npg": 0.0, "npxG": 1.54, "xGChain": 6.85, "xGBuildup": 4.08}, {"player_name": "Péter Gulácsi", "games": 33.0, "time": 2970.0, "goals": 0.0, "xG": 0.0, "assists": 0.0, "xA": 0.0, "shots": 0.0, "key_passes": 0.0, "yellow_cards": 1.0, "red_cards": 0.0, "position": "GK", "team_title": "RasenBallsport Leipzig", "npg": 0.0, "npxG": 0.0, "xGChain": 3.75, "xGBuildup": 3.75}, {"player_name": "Stefan Ilsanker", "games": 21.0, "time": 1290.0, "goals": 0.0, "xG": 0.78, "assists": 1.0, "xA": 0.75, "shots": 5.0, "key_passes": 9.0, "yellow_cards": 2.0, "red_cards": 1.0, "position": "D M S", "team_title": "RasenBallsport Leipzig", "npg": 0.0, "npxG": 0.78, "xGChain": 6.31, "xGBuildup": 5.95}, {"player_name": "Diego Demme", "games": 30.0, "time": 2289.0, "goals": 0.0, "xG": 0.51, "assists": 3.0, "xA": 2.0, "shots": 12.0, "key_passes": 30.0, "yellow_cards": 4.0, "red_cards": 0.0, "position": "M S", "team_title": "RasenBallsport Leipzig", "npg": 0.0, "npxG": 0.51, "xGChain": 11.84, "xGBuildup": 10.06}, {"player_name": "Alexander Schwolow", "games": 33.0, "time": 2906.0, "goals": 0.0, "xG": 0.07, "assists": 0.0, "xA": 0.04, "shots": 1.0, "key_passes": 2.0, "yellow_cards": 0.0, "red_cards": 0.0, "position": "GK", "team_title": "Freiburg", "npg": 0.0, "npxG": 0.07, "xGChain": 1.46, "xGBuildup": 1.39}, {"player_name": "Lukas Kübler", "games": 15.0, "time": 1152.0, "goals": 0.0, "xG": 0.13, "assists": 0.0, "xA": 0.09, "shots": 4.0, "key_passes": 3.0, "yellow_cards": 3.0, "red_cards": 0.0, "position": "D S", "team_title": "Freiburg", "npg": 0.0, "npxG": 0.13, "xGChain": 1.43, "xGBuildup": 1.23}, {"player_name": "Vincenzo Grifo", "games": 17.0, "time": 782.0, "goals": 0.0, "xG": 0.81, "assists": 3.0, "xA": 2.31, "shots": 12.0, "key_passes": 20.0, "yellow_cards": 0.0, "red_cards": 0.0, "position": "M S", "team_title": "Borussia M.Gladbach", "npg": 0.0, "npxG": 0.81, "xGChain": 4.32, "xGBuildup": 2.91}, {"player_name": "Marco Terrazzino", "games": 24.0, "time": 1522.0, "goals": 0.0, "xG": 2.12, "assists": 1.0, "xA": 2.87, "shots": 24.0, "key_passes": 29.0, "yellow_cards": 3.0, "red_cards": 0.0, "position": "F M S", "team_title": "Freiburg", "npg": 0.0, "npxG": 2.12, "xGChain": 6.45, "xGBuildup": 2.37}, {"player_name": "Salih Özcan", "games": 23.0, "time": 1676.0, "goals": 0.0, "xG": 0.72, "assists": 1.0, "xA": 1.72, "shots": 15.0, "key_passes": 18.0, "yellow_cards": 5.0, "red_cards": 0.0, "position": "M S", "team_title": "FC Cologne", "npg": 0.0, "npxG": 0.72, "xGChain": 5.09, "xGBuildup": 3.69}, {"player_name": "Arne Maier", "games": 17.0, "time": 1229.0, "goals": 0.0, "xG": 0.84, "assists": 1.0, "xA": 1.54, "shots": 13.0, "key_passes": 7.0, "yellow_cards": 1.0, "red_cards": 0.0, "position": "M S", "team_title": "Hertha Berlin", "npg": 0.0, "npxG": 0.84, "xGChain": 6.73, "xGBuildup": 5.06}, {"player_name": "Weston McKennie", "games": 22.0, "time": 1187.0, "goals": 0.0, "xG": 0.73, "assists": 0.0, "xA": 0.79, "shots": 9.0, "key_passes": 10.0, "yellow_cards": 3.0, "red_cards": 0.0, "position": "M S", "team_title": "Schalke 04", "npg": 0.0, "npxG": 0.73, "xGChain": 4.7, "xGBuildup": 3.73}, {"player_name": "Jiri Pavlenka", "games": 34.0, "time": 3060.0, "goals": 0.0, "xG": 0.0, "assists": 0.0, "xA": 0.0, "shots": 0.0, "key_passes": 0.0, "yellow_cards": 1.0, "red_cards": 0.0, "position": "GK", "team_title": "Werder Bremen", "npg": 0.0, "npxG": 0.0, "xGChain": 1.62, "xGBuildup": 1.62}, {"player_name": "Marcin Kaminski", "games": 23.0, "time": 1126.0, "goals": 0.0, "xG": 0.22, "assists": 0.0, "xA": 0.51, "shots": 4.0, "key_passes": 4.0, "yellow_cards": 0.0, "red_cards": 0.0, "position": "D S", "team_title": "VfB Stuttgart", "npg": 0.0, "npxG": 0.22, "xGChain": 2.24, "xGBuildup": 2.09}, {"player_name": "Orel Mangala", "games": 20.0, "time": 760.0, "goals": 0.0, "xG": 0.18, "assists": 0.0, "xA": 0.28, "shots": 10.0, "key_passes": 3.0, "yellow_cards": 2.0, "red_cards": 0.0, "position": "M S", "team_title": "VfB Stuttgart", "npg": 0.0, "npxG": 0.18, "xGChain": 2.02, "xGBuildup": 1.65}, {"player_name": "Rick van Drongelen", "games": 18.0, "time": 1442.0, "goals": 0.0, "xG": 0.46, "assists": 0.0, "xA": 0.0, "shots": 5.0, "key_passes": 0.0, "yellow_cards": 4.0, "red_cards": 0.0, "position": "D S", "team_title": "Hamburger SV", "npg": 0.0, "npxG": 0.46, "xGChain": 0.91, "xGBuildup": 0.91}, {"player_name": "Landry Dimata", "games": 21.0, "time": 899.0, "goals": 0.0, "xG": 1.44, "assists": 1.0, "xA": 0.22, "shots": 12.0, "key_passes": 7.0, "yellow_cards": 0.0, "red_cards": 1.0, "position": "F M S", "team_title": "Wolfsburg", "npg": 0.0, "npxG": 1.44, "xGChain": 3.4, "xGBuildup": 2.04}, {"player_name": "Konrad Laimer", "games": 22.0, "time": 1329.0, "goals": 0.0, "xG": 0.2, "assists": 2.0, "xA": 2.03, "shots": 5.0, "key_passes": 13.0, "yellow_cards": 2.0, "red_cards": 0.0, "position": "D M S", "team_title": "RasenBallsport Leipzig", "npg": 0.0, "npxG": 0.2, "xGChain": 5.2, "xGBuildup": 4.71}, {"player_name": "Jetro Willems", "games": 23.0, "time": 1672.0, "goals": 0.0, "xG": 1.88, "assists": 2.0, "xA": 2.32, "shots": 21.0, "key_passes": 37.0, "yellow_cards": 4.0, "red_cards": 0.0, "position": "D M S", "team_title": "Eintracht Frankfurt", "npg": 0.0, "npxG": 1.88, "xGChain": 6.27, "xGBuildup": 4.33}, {"player_name": "Michaël Cuisance", "games": 24.0, "time": 1182.0, "goals": 0.0, "xG": 1.49, "assists": 1.0, "xA": 2.07, "shots": 25.0, "key_passes": 21.0, "yellow_cards": 2.0, "red_cards": 0.0, "position": "F M S", "team_title": "Borussia M.Gladbach", "npg": 0.0, "npxG": 1.49, "xGChain": 7.18, "xGBuildup": 5.15}, {"player_name": "William", "games": 22.0, "time": 1613.0, "goals": 0.0, "xG": 0.19, "assists": 2.0, "xA": 1.85, "shots": 6.0, "key_passes": 18.0, "yellow_cards": 4.0, "red_cards": 1.0, "position": "D M S", "team_title": "Wolfsburg", "npg": 0.0, "npxG": 0.19, "xGChain": 3.43, "xGBuildup": 2.04}, {"player_name": "Santiago Ascacibar", "games": 29.0, "time": 2391.0, "goals": 0.0, "xG": 0.22, "assists": 1.0, "xA": 0.73, "shots": 11.0, "key_passes": 9.0, "yellow_cards": 10.0, "red_cards": 1.0, "position": "M S", "team_title": "VfB Stuttgart", "npg": 0.0, "npxG": 0.22, "xGChain": 4.4, "xGBuildup": 3.54}, {"player_name": "Tatsuya Ito", "games": 20.0, "time": 1011.0, "goals": 0.0, "xG": 0.99, "assists": 2.0, "xA": 1.19, "shots": 12.0, "key_passes": 14.0, "yellow_cards": 1.0, "red_cards": 0.0, "position": "M S", "team_title": "Hamburger SV", "npg": 0.0, "npxG": 0.99, "xGChain": 4.03, "xGBuildup": 2.08}, {"player_name": "Ibrahima Konaté", "games": 16.0, "time": 1226.0, "goals": 0.0, "xG": 0.15, "assists": 0.0, "xA": 0.36, "shots": 2.0, "key_passes": 3.0, "yellow_cards": 1.0, "red_cards": 0.0, "position": "D S", "team_title": "RasenBallsport Leipzig", "npg": 0.0, "npxG": 0.15, "xGChain": 2.79, "xGBuildup": 2.79}, {"player_name": "Kevin Akpoguma", "games": 22.0, "time": 1682.0, "goals": 0.0, "xG": 0.19, "assists": 1.0, "xA": 1.14, "shots": 5.0, "key_passes": 7.0, "yellow_cards": 1.0, "red_cards": 0.0, "position": "D S", "team_title": "Hoffenheim", "npg": 0.0, "npxG": 0.19, "xGChain": 4.95, "xGBuildup": 4.4}, {"player_name": "Renato Steffen", "games": 16.0, "time": 655.0, "goals": 0.0, "xG": 0.56, "assists": 0.0, "xA": 0.27, "shots": 4.0, "key_passes": 4.0, "yellow_cards": 3.0, "red_cards": 0.0, "position": "M S", "team_title": "Wolfsburg", "npg": 0.0, "npxG": 0.56, "xGChain": 1.47, "xGBuildup": 0.64}]