[{"player_name": "Robert Lewandowski", "games": 31.0, "time": 2763.0, "goals": 34.0, "xG": 31.2, "assists": 4.0, "xA": 7.27, "shots": 138.0, "key_passes": 36.0, "yellow_cards": 5.0, "red_cards": 0.0, "position": "F", "team_title": "Bayern Munich", "npg": 29.0, "npxG": 27.41, "xGChain": 39.65, "xGBuildup": 9.74}, {"player_name": "Timo Werner", "games": 34.0, "time": 2825.0, "goals": 28.0, "xG": 23.45, "assists": 8.0, "xA": 9.68, "shots": 123.0, "key_passes": 53.0, "yellow_cards": 4.0, "red_cards": 0.0, "position": "F M S", "team_title": "RasenBallsport Leipzig", "npg": 25.0, "npxG": 21.18, "xGChain": 35.59, "xGBuildup": 7.97}, {"player_name": "Jadon Sancho", "games": 32.0, "time": 2284.0, "goals": 17.0, "xG": 10.75, "assists": 16.0, "xA": 11.47, "shots": 52.0, "key_passes": 69.0, "yellow_cards": 2.0, "red_cards": 0.0, "position": "F M S", "team_title": "Borussia Dortmund", "npg": 17.0, "npxG": 10.75, "xGChain": 28.82, "xGBuildup": 11.87}, {"player_name": "Wout Weghorst", "games": 32.0, "time": 2736.0, "goals": 16.0, "xG": 17.84, "assists": 3.0, "xA": 2.21, "shots": 85.0, "key_passes": 37.0, "yellow_cards": 7.0, "red_cards": 0.0, "position": "F S", "team_title": "Wolfsburg", "npg": 12.0, "npxG": 14.81, "xGChain": 19.16, "xGBuildup": 5.0}, {"player_name": "Rouwen Hennings", "games": 32.0, "time": 2458.0, "goals": 15.0, "xG": 11.3, "assists": 0.0, "xA": 1.06, "shots": 73.0, "key_passes": 22.0, "yellow_cards": 4.0, "red_cards": 0.0, "position": "F S", "team_title": "Fortuna Duesseldorf", "npg": 11.0, "npxG": 8.27, "xGChain": 8.53, "xGBuildup": 1.15}, {"player_name": "Jhon Córdoba", "games": 29.0, "time": 2015.0, "goals": 13.0, "xG": 8.33, "assists": 2.0, "xA": 2.02, "shots": 60.0, "key_passes": 25.0, "yellow_cards": 5.0, "red_cards": 0.0, "position": "F S", "team_title": "FC Cologne", "npg": 13.0, "npxG": 8.33, "xGChain": 12.44, "xGBuildup": 3.33}, {"player_name": "Florian Niederlechner", "games": 33.0, "time": 2762.0, "goals": 13.0, "xG": 14.09, "assists": 6.0, "xA": 5.86, "shots": 78.0, "key_passes": 29.0, "yellow_cards": 1.0, "red_cards": 0.0, "position": "F M S", "team_title": "Augsburg", "npg": 12.0, "npxG": 12.57, "xGChain": 17.58, "xGBuildup": 1.62}, {"player_name": "Robin Quaison", "games": 32.0, "time": 2631.0, "goals": 13.0, "xG": 11.2, "assists": 2.0, "xA": 2.76, "shots": 71.0, "key_passes": 28.0, "yellow_cards": 2.0, "red_cards": 0.0, "position": "F M S", "team_title": "Mainz 05", "npg": 12.0, "npxG": 10.44, "xGChain": 13.35, "xGBuildup": 3.49}, {"player_name": "Erling Haaland", "games": 15.0, "time": 1061.0, "goals": 13.0, "xG": 8.89, "assists": 2.0, "xA": 1.53, "shots": 33.0, "key_passes": 9.0, "yellow_cards": 0.0, "red_cards": 0.0, "position": "F S", "team_title": "Borussia Dortmund", "npg": 13.0, "npxG": 8.89, "xGChain": 11.37, "xGBuildup": 2.98}, {"player_name": "Andrej Kramaric", "games": 19.0, "time": 1411.0, "goals": 12.0, "xG": 9.9, "assists": 2.0, "xA": 4.02, "shots": 44.0, "key_passes": 28.0, "yellow_cards": 3.0, "red_cards": 0.0, "position": "F M S", "team_title": "Hoffenheim", "npg": 10.0, "npxG": 8.38, "xGChain": 11.4, "xGBuildup": 2.77}, {"player_name": "Serge Gnabry", "games": 31.0, "time": 2221.0, "goals": 12.0, "xG": 14.17, "assists": 10.0, "xA": 12.5, "shots": 95.0, "key_passes": 54.0, "yellow_cards": 0.0, "red_cards": 0.0, "position": "F M S", "team_title": "Bayern Munich", "npg": 12.0, "npxG": 14.17, "xGChain": 33.75, "xGBuildup": 12.32}, {"player_name": "Kai Havertz", "games": 30.0, "time": 2467.0, "goals": 12.0, "xG": 10.06, "assists": 6.0, "xA": 8.28, "shots": 59.0, "key_passes": 58.0, "yellow_cards": 3.0, "red_cards": 0.0, "position": "F M S", "team_title": "Bayer Leverkusen", "npg": 11.0, "npxG": 9.3, "xGChain": 23.02, "xGBuildup": 9.87}, {"player_name": "André Silva", "games": 25.0, "time": 1575.0, "goals": 12.0, "xG": 11.54, "assists": 3.0, "xA": 4.56, "shots": 54.0, "key_passes": 32.0, "yellow_cards": 1.0, "red_cards": 0.0, "position": "F S", "team_title": "Eintracht Frankfurt", "npg": 11.0, "npxG": 10.78, "xGChain": 14.23, "xGBuildup": 1.55}, {"player_name": "Sebastian Andersson", "games": 33.0, "time": 2705.0, "goals": 12.0, "xG": 13.03, "assists": 1.0, "xA": 1.82, "shots": 64.0, "key_passes": 23.0, "yellow_cards": 5.0, "red_cards": 0.0, "position": "F S", "team_title": "Union Berlin", "npg": 11.0, "npxG": 11.51, "xGChain": 11.69, "xGBuildup": 3.06}, {"player_name": "Marco Reus", "games": 19.0, "time": 1505.0, "goals": 11.0, "xG": 9.1, "assists": 5.0, "xA": 3.13, "shots": 47.0, "key_passes": 22.0, "yellow_cards": 1.0, "red_cards": 0.0, "position": "F M S", "team_title": "Borussia Dortmund", "npg": 10.0, "npxG": 8.35, "xGChain": 16.01, "xGBuildup": 6.05}, {"player_name": "Nils Petersen", "games": 34.0, "time": 2415.0, "goals": 11.0, "xG": 8.72, "assists": 2.0, "xA": 3.73, "shots": 55.0, "key_passes": 34.0, "yellow_cards": 1.0, "red_cards": 0.0, "position": "F M S", "team_title": "Freiburg", "npg": 10.0, "npxG": 7.96, "xGChain": 12.84, "xGBuildup": 3.05}, {"player_name": "Kevin Volland", "games": 27.0, "time": 2060.0, "goals": 10.0, "xG": 11.83, "assists": 7.0, "xA": 5.83, "shots": 77.0, "key_passes": 34.0, "yellow_cards": 3.0, "red_cards": 0.0, "position": "D F M S", "team_title": "Bayer Leverkusen", "npg": 10.0, "npxG": 11.83, "xGChain": 22.6, "xGBuildup": 6.92}, {"player_name": "Patrik Schick", "games": 22.0, "time": 1313.0, "goals": 10.0, "xG": 8.02, "assists": 2.0, "xA": 2.91, "shots": 53.0, "key_passes": 20.0, "yellow_cards": 3.0, "red_cards": 0.0, "position": "F S", "team_title": "RasenBallsport Leipzig", "npg": 10.0, "npxG": 8.02, "xGChain": 8.01, "xGBuildup": 1.84}, {"player_name": "Alassane Pléa", "games": 27.0, "time": 2159.0, "goals": 10.0, "xG": 12.7, "assists": 10.0, "xA": 8.42, "shots": 77.0, "key_passes": 39.0, "yellow_cards": 0.0, "red_cards": 2.0, "position": "F M S", "team_title": "Borussia M.Gladbach", "npg": 10.0, "npxG": 11.94, "xGChain": 19.67, "xGBuildup": 4.57}, {"player_name": "Marcus Thuram", "games": 31.0, "time": 2225.0, "goals": 10.0, "xG": 11.05, "assists": 8.0, "xA": 7.94, "shots": 57.0, "key_passes": 31.0, "yellow_cards": 3.0, "red_cards": 0.0, "position": "F M S", "team_title": "Borussia M.Gladbach", "npg": 10.0, "npxG": 11.05, "xGChain": 19.86, "xGBuildup": 4.33}, {"player_name": "Lars Stindl", "games": 25.0, "time": 1436.0, "goals": 9.0, "xG": 7.68, "assists": 3.0, "xA": 3.88, "shots": 34.0, "key_passes": 27.0, "yellow_cards": 4.0, "red_cards": 0.0, "position": "F M S", "team_title": "Borussia M.Gladbach", "npg": 7.0, "npxG": 6.16, "xGChain": 14.31, "xGBuildup": 6.69}, {"player_name": "Marcel Sabitzer", "games": 32.0, "time": 2510.0, "goals": 9.0, "xG": 6.58, "assists": 7.0, "xA": 5.93, "shots": 70.0, "key_passes": 60.0, "yellow_cards": 4.0, "red_cards": 0.0, "position": "D F M S", "team_title": "RasenBallsport Leipzig", "npg": 9.0, "npxG": 6.58, "xGChain": 19.51, "xGBuildup": 11.22}, {"player_name": "Yuya Osako", "games": 28.0, "time": 1879.0, "goals": 8.0, "xG": 6.27, "assists": 2.0, "xA": 1.93, "shots": 45.0, "key_passes": 29.0, "yellow_cards": 2.0, "red_cards": 0.0, "position": "F M S", "team_title": "Werder Bremen", "npg": 8.0, "npxG": 6.27, "xGChain": 10.34, "xGBuildup": 3.48}, {"player_name": "Bas Dost", "games": 24.0, "time": 1480.0, "goals": 8.0, "xG": 7.22, "assists": 2.0, "xA": 1.98, "shots": 32.0, "key_passes": 19.0, "yellow_cards": 2.0, "red_cards": 0.0, "position": "F S", "team_title": "Eintracht Frankfurt", "npg": 8.0, "npxG": 7.22, "xGChain": 10.67, "xGBuildup": 2.63}, {"player_name": "Thomas Müller", "games": 33.0, "time": 2258.0, "goals": 8.0, "xG": 8.58, "assists": 20.0, "xA": 15.51, "shots": 53.0, "key_passes": 83.0, "yellow_cards": 5.0, "red_cards": 0.0, "position": "M S", "team_title": "Bayern Munich", "npg": 8.0, "npxG": 8.58, "xGChain": 36.36, "xGBuildup": 18.29}, {"player_name": "Philipp Max", "games": 31.0, "time": 2722.0, "goals": 8.0, "xG": 3.46, "assists": 6.0, "xA": 5.47, "shots": 36.0, "key_passes": 59.0, "yellow_cards": 5.0, "red_cards": 0.0, "position": "D M", "team_title": "Augsburg", "npg": 7.0, "npxG": 2.7, "xGChain": 10.66, "xGBuildup": 5.78}, {"player_name": "Philippe Coutinho", "games": 23.0, "time": 1420.0, "goals": 8.0, "xG": 9.07, "assists": 6.0, "xA": 4.28, "shots": 58.0, "key_passes": 30.0, "yellow_cards": 0.0, "red_cards": 0.0, "position": "M S", "team_title": "Bayern Munich", "npg": 7.0, "npxG": 8.31, "xGChain": 19.35, "xGBuildup": 8.97}, {"player_name": "Martin Hinteregger", "games": 31.0, "time": 2721.0, "goals": 8.0, "xG": 4.83, "assists": 1.0, "xA": 1.47, "shots": 45.0, "key_passes": 7.0, "yellow_cards": 8.0, "red_cards": 0.0, "position": "D S", "team_title": "Eintracht Frankfurt", "npg": 8.0, "npxG": 4.83, "xGChain": 8.4, "xGBuildup": 7.3}, {"player_name": "Raphael Guerreiro", "games": 29.0, "time": 2343.0, "goals": 8.0, "xG": 5.24, "assists": 2.0, "xA": 3.18, "shots": 40.0, "key_passes": 38.0, "yellow_cards": 3.0, "red_cards": 0.0, "position": "D M S", "team_title": "Borussia Dortmund", "npg": 8.0, "npxG": 5.24, "xGChain": 17.55, "xGBuildup": 13.02}, {"player_name": "Breel Embolo", "games": 28.0, "time": 1544.0, "goals": 8.0, "xG": 9.81, "assists": 5.0, "xA": 4.3, "shots": 46.0, "key_passes": 21.0, "yellow_cards": 4.0, "red_cards": 0.0, "position": "F M S", "team_title": "Borussia M.Gladbach", "npg": 8.0, "npxG": 9.05, "xGChain": 15.36, "xGBuildup": 5.06}, {"player_name": "Lucas Höler", "games": 34.0, "time": 2502.0, "goals": 8.0, "xG": 9.12, "assists": 2.0, "xA": 2.4, "shots": 52.0, "key_passes": 31.0, "yellow_cards": 4.0, "red_cards": 0.0, "position": "F M S", "team_title": "Freiburg", "npg": 8.0, "npxG": 8.36, "xGChain": 11.84, "xGBuildup": 3.14}, {"player_name": "Milot Rashica", "games": 28.0, "time": 2295.0, "goals": 8.0, "xG": 6.47, "assists": 5.0, "xA": 2.69, "shots": 73.0, "key_passes": 40.0, "yellow_cards": 2.0, "red_cards": 0.0, "position": "F M S", "team_title": "Werder Bremen", "npg": 6.0, "npxG": 4.19, "xGChain": 8.43, "xGBuildup": 4.15}, {"player_name": "Vedad Ibisevic", "games": 25.0, "time": 1270.0, "goals": 7.0, "xG": 6.34, "assists": 2.0, "xA": 2.82, "shots": 28.0, "key_passes": 12.0, "yellow_cards": 4.0, "red_cards": 0.0, "position": "F S", "team_title": "Hertha Berlin", "npg": 6.0, "npxG": 5.58, "xGChain": 9.18, "xGBuildup": 1.57}, {"player_name": "Thorgan Hazard", "games": 33.0, "time": 2405.0, "goals": 7.0, "xG": 5.94, "assists": 13.0, "xA": 7.81, "shots": 50.0, "key_passes": 57.0, "yellow_cards": 3.0, "red_cards": 0.0, "position": "F M S", "team_title": "Borussia Dortmund", "npg": 7.0, "npxG": 5.94, "xGChain": 22.7, "xGBuildup": 11.46}, {"player_name": "Gian-Luca Waldschmidt", "games": 23.0, "time": 1273.0, "goals": 7.0, "xG": 5.22, "assists": 1.0, "xA": 1.63, "shots": 43.0, "key_passes": 12.0, "yellow_cards": 3.0, "red_cards": 0.0, "position": "F S", "team_title": "Freiburg", "npg": 4.0, "npxG": 2.95, "xGChain": 6.18, "xGBuildup": 2.11}, {"player_name": "Suat Serdar", "games": 20.0, "time": 1609.0, "goals": 7.0, "xG": 3.16, "assists": 0.0, "xA": 0.91, "shots": 36.0, "key_passes": 11.0, "yellow_cards": 2.0, "red_cards": 0.0, "position": "M S", "team_title": "Schalke 04", "npg": 7.0, "npxG": 3.16, "xGChain": 6.01, "xGBuildup": 2.28}, {"player_name": "Dodi Lukebakio", "games": 30.0, "time": 2050.0, "goals": 7.0, "xG": 7.52, "assists": 6.0, "xA": 5.3, "shots": 40.0, "key_passes": 36.0, "yellow_cards": 2.0, "red_cards": 0.0, "position": "F M S", "team_title": "Hertha Berlin", "npg": 7.0, "npxG": 7.52, "xGChain": 14.56, "xGBuildup": 4.88}, {"player_name": "Davy Klaassen", "games": 33.0, "time": 2946.0, "goals": 7.0, "xG": 7.19, "assists": 5.0, "xA": 3.01, "shots": 45.0, "key_passes": 40.0, "yellow_cards": 7.0, "red_cards": 0.0, "position": "M", "team_title": "Werder Bremen", "npg": 6.0, "npxG": 4.92, "xGChain": 12.37, "xGBuildup": 5.73}, {"player_name": "Lucas Alario", "games": 24.0, "time": 1156.0, "goals": 7.0, "xG": 7.57, "assists": 1.0, "xA": 1.53, "shots": 49.0, "key_passes": 13.0, "yellow_cards": 6.0, "red_cards": 0.0, "position": "F S", "team_title": "Bayer Leverkusen", "npg": 6.0, "npxG": 6.81, "xGChain": 8.95, "xGBuildup": 1.98}, {"player_name": "Gonçalo Paciência", "games": 23.0, "time": 1274.0, "goals": 7.0, "xG": 7.4, "assists": 3.0, "xA": 3.38, "shots": 51.0, "key_passes": 22.0, "yellow_cards": 4.0, "red_cards": 0.0, "position": "F S", "team_title": "Eintracht Frankfurt", "npg": 6.0, "npxG": 6.64, "xGChain": 9.74, "xGBuildup": 1.36}, {"player_name": "Christoph Baumgartner", "games": 26.0, "time": 1499.0, "goals": 7.0, "xG": 9.31, "assists": 2.0, "xA": 2.26, "shots": 56.0, "key_passes": 18.0, "yellow_cards": 3.0, "red_cards": 0.0, "position": "F M S", "team_title": "Hoffenheim", "npg": 7.0, "npxG": 9.31, "xGChain": 11.34, "xGBuildup": 1.62}, {"player_name": "Marius Bülter", "games": 32.0, "time": 2357.0, "goals": 7.0, "xG": 3.44, "assists": 1.0, "xA": 3.82, "shots": 41.0, "key_passes": 26.0, "yellow_cards": 1.0, "red_cards": 0.0, "position": "D F M S", "team_title": "Union Berlin", "npg": 7.0, "npxG": 3.44, "xGChain": 7.67, "xGBuildup": 1.81}, {"player_name": "Kenan Karaman", "games": 20.0, "time": 1367.0, "goals": 6.0, "xG": 4.22, "assists": 1.0, "xA": 1.87, "shots": 32.0, "key_passes": 21.0, "yellow_cards": 4.0, "red_cards": 0.0, "position": "F M S", "team_title": "Fortuna Duesseldorf", "npg": 6.0, "npxG": 4.22, "xGChain": 5.59, "xGBuildup": 0.5}, {"player_name": "Leon Goretzka", "games": 24.0, "time": 1521.0, "goals": 6.0, "xG": 5.85, "assists": 5.0, "xA": 3.09, "shots": 40.0, "key_passes": 20.0, "yellow_cards": 2.0, "red_cards": 0.0, "position": "M S", "team_title": "Bayern Munich", "npg": 6.0, "npxG": 5.85, "xGChain": 18.59, "xGBuildup": 12.22}, {"player_name": "Patrick Herrmann", "games": 27.0, "time": 1454.0, "goals": 6.0, "xG": 6.85, "assists": 6.0, "xA": 4.83, "shots": 40.0, "key_passes": 27.0, "yellow_cards": 4.0, "red_cards": 0.0, "position": "F M S", "team_title": "Borussia M.Gladbach", "npg": 6.0, "npxG": 6.85, "xGChain": 14.84, "xGBuildup": 4.43}, {"player_name": "Erik Thommy", "games": 34.0, "time": 2264.0, "goals": 6.0, "xG": 3.99, "assists": 4.0, "xA": 4.9, "shots": 61.0, "key_passes": 38.0, "yellow_cards": 3.0, "red_cards": 0.0, "position": "D F M S", "team_title": "Fortuna Duesseldorf", "npg": 6.0, "npxG": 3.99, "xGChain": 11.12, "xGBuildup": 4.91}, {"player_name": "Amine Harit", "games": 25.0, "time": 2117.0, "goals": 6.0, "xG": 3.07, "assists": 4.0, "xA": 3.34, "shots": 29.0, "key_passes": 44.0, "yellow_cards": 3.0, "red_cards": 0.0, "position": "F M S", "team_title": "Schalke 04", "npg": 5.0, "npxG": 2.31, "xGChain": 9.38, "xGBuildup": 4.97}, {"player_name": "Ihlas Bebou", "games": 32.0, "time": 2085.0, "goals": 6.0, "xG": 4.25, "assists": 1.0, "xA": 2.93, "shots": 35.0, "key_passes": 31.0, "yellow_cards": 1.0, "red_cards": 0.0, "position": "F M S", "team_title": "Hoffenheim", "npg": 6.0, "npxG": 4.25, "xGChain": 9.96, "xGBuildup": 3.81}, {"player_name": "Renato Steffen", "games": 27.0, "time": 1600.0, "goals": 6.0, "xG": 4.36, "assists": 3.0, "xA": 2.78, "shots": 29.0, "key_passes": 25.0, "yellow_cards": 6.0, "red_cards": 0.0, "position": "D F M S", "team_title": "Wolfsburg", "npg": 6.0, "npxG": 4.36, "xGChain": 9.01, "xGBuildup": 2.56}, {"player_name": "Sebastiaan Bornauw", "games": 28.0, "time": 2450.0, "goals": 6.0, "xG": 3.2, "assists": 0.0, "xA": 0.54, "shots": 18.0, "key_passes": 6.0, "yellow_cards": 5.0, "red_cards": 1.0, "position": "D", "team_title": "FC Cologne", "npg": 6.0, "npxG": 3.2, "xGChain": 4.57, "xGBuildup": 4.22}, {"player_name": "Ruben Vargas", "games": 33.0, "time": 2549.0, "goals": 6.0, "xG": 6.76, "assists": 1.0, "xA": 3.85, "shots": 60.0, "key_passes": 23.0, "yellow_cards": 8.0, "red_cards": 0.0, "position": "M S", "team_title": "Augsburg", "npg": 6.0, "npxG": 6.76, "xGChain": 13.1, "xGBuildup": 4.67}, {"player_name": "Jonathan Schmid", "games": 33.0, "time": 2840.0, "goals": 5.0, "xG": 3.0, "assists": 1.0, "xA": 2.66, "shots": 43.0, "key_passes": 27.0, "yellow_cards": 1.0, "red_cards": 0.0, "position": "D M S", "team_title": "Freiburg", "npg": 5.0, "npxG": 3.0, "xGChain": 6.39, "xGBuildup": 3.29}, {"player_name": "Mark Uth", "games": 23.0, "time": 1534.0, "goals": 5.0, "xG": 7.83, "assists": 5.0, "xA": 4.84, "shots": 51.0, "key_passes": 33.0, "yellow_cards": 5.0, "red_cards": 0.0, "position": "F M S", "team_title": "FC Cologne", "npg": 4.0, "npxG": 5.56, "xGChain": 10.11, "xGBuildup": 4.25}, {"player_name": "Jonas Hofmann", "games": 24.0, "time": 1638.0, "goals": 5.0, "xG": 4.1, "assists": 3.0, "xA": 2.99, "shots": 23.0, "key_passes": 34.0, "yellow_cards": 3.0, "red_cards": 0.0, "position": "M S", "team_title": "Borussia M.Gladbach", "npg": 5.0, "npxG": 4.1, "xGChain": 13.32, "xGBuildup": 8.32}, {"player_name": "Timothy Chandler", "games": 22.0, "time": 1202.0, "goals": 5.0, "xG": 1.82, "assists": 1.0, "xA": 1.43, "shots": 20.0, "key_passes": 12.0, "yellow_cards": 4.0, "red_cards": 0.0, "position": "D M S", "team_title": "Eintracht Frankfurt", "npg": 5.0, "npxG": 1.82, "xGChain": 5.01, "xGBuildup": 2.59}, {"player_name": "Christopher Nkunku", "games": 32.0, "time": 1918.0, "goals": 5.0, "xG": 8.3, "assists": 13.0, "xA": 10.0, "shots": 52.0, "key_passes": 73.0, "yellow_cards": 2.0, "red_cards": 0.0, "position": "D F M S", "team_title": "RasenBallsport Leipzig", "npg": 5.0, "npxG": 8.3, "xGChain": 21.61, "xGBuildup": 8.68}, {"player_name": "Ramy Bensebaini", "games": 19.0, "time": 1450.0, "goals": 5.0, "xG": 3.93, "assists": 3.0, "xA": 2.62, "shots": 23.0, "key_passes": 12.0, "yellow_cards": 6.0, "red_cards": 1.0, "position": "D S", "team_title": "Borussia M.Gladbach", "npg": 3.0, "npxG": 2.42, "xGChain": 8.49, "xGBuildup": 5.59}, {"player_name": "Benjamin Pavard", "games": 32.0, "time": 2788.0, "goals": 5.0, "xG": 1.89, "assists": 4.0, "xA": 3.5, "shots": 24.0, "key_passes": 19.0, "yellow_cards": 5.0, "red_cards": 0.0, "position": "D S", "team_title": "Bayern Munich", "npg": 5.0, "npxG": 1.89, "xGChain": 20.34, "xGBuildup": 19.16}, {"player_name": "Achraf Hakimi", "games": 33.0, "time": 2709.0, "goals": 5.0, "xG": 5.07, "assists": 10.0, "xA": 5.51, "shots": 38.0, "key_passes": 36.0, "yellow_cards": 5.0, "red_cards": 0.0, "position": "D M S", "team_title": "Borussia Dortmund", "npg": 5.0, "npxG": 5.07, "xGChain": 24.14, "xGBuildup": 16.29}, {"player_name": "Leon Bailey", "games": 22.0, "time": 1098.0, "goals": 5.0, "xG": 4.44, "assists": 3.0, "xA": 2.54, "shots": 29.0, "key_passes": 21.0, "yellow_cards": 0.0, "red_cards": 2.0, "position": "D F M S", "team_title": "Bayer Leverkusen", "npg": 5.0, "npxG": 4.44, "xGChain": 7.95, "xGBuildup": 2.31}, {"player_name": "Florian Kainz", "games": 28.0, "time": 1564.0, "goals": 5.0, "xG": 4.31, "assists": 6.0, "xA": 6.8, "shots": 41.0, "key_passes": 46.0, "yellow_cards": 5.0, "red_cards": 0.0, "position": "M S", "team_title": "FC Cologne", "npg": 4.0, "npxG": 3.55, "xGChain": 10.07, "xGBuildup": 3.82}, {"player_name": "Emil Forsberg", "games": 22.0, "time": 1147.0, "goals": 5.0, "xG": 3.51, "assists": 2.0, "xA": 2.69, "shots": 26.0, "key_passes": 27.0, "yellow_cards": 1.0, "red_cards": 0.0, "position": "M S", "team_title": "RasenBallsport Leipzig", "npg": 3.0, "npxG": 2.0, "xGChain": 8.25, "xGBuildup": 4.6}, {"player_name": "Yussuf Poulsen", "games": 22.0, "time": 1218.0, "goals": 5.0, "xG": 6.61, "assists": 6.0, "xA": 2.24, "shots": 33.0, "key_passes": 18.0, "yellow_cards": 2.0, "red_cards": 0.0, "position": "F S", "team_title": "RasenBallsport Leipzig", "npg": 5.0, "npxG": 6.61, "xGChain": 12.96, "xGBuildup": 5.63}, {"player_name": "Moussa Diaby", "games": 28.0, "time": 1761.0, "goals": 5.0, "xG": 4.79, "assists": 5.0, "xA": 6.15, "shots": 41.0, "key_passes": 35.0, "yellow_cards": 3.0, "red_cards": 0.0, "position": "F M S", "team_title": "Bayer Leverkusen", "npg": 5.0, "npxG": 4.79, "xGChain": 14.22, "xGBuildup": 4.19}, {"player_name": "Matheus Cunha", "games": 21.0, "time": 1011.0, "goals": 5.0, "xG": 5.39, "assists": 1.0, "xA": 1.52, "shots": 51.0, "key_passes": 12.0, "yellow_cards": 3.0, "red_cards": 0.0, "position": "F M S", "team_title": "Hertha Berlin", "npg": 5.0, "npxG": 5.39, "xGChain": 8.43, "xGBuildup": 2.68}, {"player_name": "Sven Michel", "games": 29.0, "time": 1358.0, "goals": 5.0, "xG": 5.7, "assists": 1.0, "xA": 1.65, "shots": 42.0, "key_passes": 20.0, "yellow_cards": 7.0, "red_cards": 0.0, "position": "F S", "team_title": "Paderborn", "npg": 5.0, "npxG": 5.7, "xGChain": 8.14, "xGBuildup": 2.49}, {"player_name": "Streli Mamba", "games": 24.0, "time": 1537.0, "goals": 5.0, "xG": 4.57, "assists": 2.0, "xA": 0.88, "shots": 23.0, "key_passes": 10.0, "yellow_cards": 5.0, "red_cards": 0.0, "position": "F S", "team_title": "Paderborn", "npg": 5.0, "npxG": 4.57, "xGChain": 7.32, "xGBuildup": 1.86}, {"player_name": "Dennis Srbeny", "games": 17.0, "time": 1135.0, "goals": 5.0, "xG": 2.26, "assists": 1.0, "xA": 0.67, "shots": 28.0, "key_passes": 7.0, "yellow_cards": 2.0, "red_cards": 0.0, "position": "F M S", "team_title": "Paderborn", "npg": 5.0, "npxG": 2.26, "xGChain": 3.28, "xGBuildup": 0.54}, {"player_name": "Marcus Ingvartsen", "games": 28.0, "time": 1728.0, "goals": 5.0, "xG": 3.81, "assists": 2.0, "xA": 1.3, "shots": 45.0, "key_passes": 10.0, "yellow_cards": 4.0, "red_cards": 0.0, "position": "F M S", "team_title": "Union Berlin", "npg": 4.0, "npxG": 3.06, "xGChain": 4.89, "xGBuildup": 1.34}, {"player_name": "Sargis Adamyan", "games": 15.0, "time": 739.0, "goals": 5.0, "xG": 5.76, "assists": 1.0, "xA": 0.71, "shots": 21.0, "key_passes": 6.0, "yellow_cards": 1.0, "red_cards": 0.0, "position": "F M S", "team_title": "Hoffenheim", "npg": 5.0, "npxG": 5.76, "xGChain": 5.67, "xGBuildup": 0.51}, {"player_name": "Filip Kostic", "games": 33.0, "time": 2962.0, "goals": 4.0, "xG": 5.68, "assists": 11.0, "xA": 11.79, "shots": 88.0, "key_passes": 78.0, "yellow_cards": 4.0, "red_cards": 0.0, "position": "D M", "team_title": "Eintracht Frankfurt", "npg": 4.0, "npxG": 5.68, "xGChain": 20.71, "xGBuildup": 11.34}, {"player_name": "Levin Öztunali", "games": 27.0, "time": 1780.0, "goals": 4.0, "xG": 2.5, "assists": 3.0, "xA": 2.94, "shots": 35.0, "key_passes": 26.0, "yellow_cards": 1.0, "red_cards": 0.0, "position": "F M S", "team_title": "Mainz 05", "npg": 4.0, "npxG": 2.5, "xGChain": 7.71, "xGBuildup": 3.5}, {"player_name": "Jonas Hector", "games": 29.0, "time": 2436.0, "goals": 4.0, "xG": 1.92, "assists": 2.0, "xA": 3.21, "shots": 30.0, "key_passes": 26.0, "yellow_cards": 9.0, "red_cards": 0.0, "position": "D M S", "team_title": "FC Cologne", "npg": 4.0, "npxG": 1.92, "xGChain": 6.55, "xGBuildup": 4.25}, {"player_name": "Anthony Modeste", "games": 27.0, "time": 1118.0, "goals": 4.0, "xG": 3.51, "assists": 1.0, "xA": 0.66, "shots": 35.0, "key_passes": 3.0, "yellow_cards": 1.0, "red_cards": 0.0, "position": "F M S", "team_title": "FC Cologne", "npg": 4.0, "npxG": 3.51, "xGChain": 4.32, "xGBuildup": 0.37}, {"player_name": "Maximilian Arnold", "games": 33.0, "time": 2832.0, "goals": 4.0, "xG": 2.46, "assists": 8.0, "xA": 6.82, "shots": 63.0, "key_passes": 70.0, "yellow_cards": 8.0, "red_cards": 0.0, "position": "M S", "team_title": "Wolfsburg", "npg": 4.0, "npxG": 2.46, "xGChain": 11.73, "xGBuildup": 8.44}, {"player_name": "Karim Bellarabi", "games": 26.0, "time": 1437.0, "goals": 4.0, "xG": 6.83, "assists": 6.0, "xA": 5.37, "shots": 55.0, "key_passes": 27.0, "yellow_cards": 2.0, "red_cards": 0.0, "position": "D F M S", "team_title": "Bayer Leverkusen", "npg": 4.0, "npxG": 6.83, "xGChain": 14.96, "xGBuildup": 5.22}, {"player_name": "Kingsley Coman", "games": 24.0, "time": 1507.0, "goals": 4.0, "xG": 5.29, "assists": 3.0, "xA": 5.06, "shots": 37.0, "key_passes": 32.0, "yellow_cards": 2.0, "red_cards": 0.0, "position": "F M S", "team_title": "Bayern Munich", "npg": 4.0, "npxG": 5.29, "xGChain": 16.03, "xGBuildup": 7.48}, {"player_name": "Leonardo Bittencourt", "games": 29.0, "time": 1913.0, "goals": 4.0, "xG": 2.67, "assists": 2.0, "xA": 1.88, "shots": 43.0, "key_passes": 32.0, "yellow_cards": 7.0, "red_cards": 0.0, "position": "D F M S", "team_title": "Hoffenheim", "npg": 4.0, "npxG": 2.67, "xGChain": 6.09, "xGBuildup": 2.43}, {"player_name": "Ivan Perisic", "games": 22.0, "time": 1197.0, "goals": 4.0, "xG": 4.25, "assists": 3.0, "xA": 3.38, "shots": 40.0, "key_passes": 21.0, "yellow_cards": 1.0, "red_cards": 0.0, "position": "F M S", "team_title": "Bayern Munich", "npg": 4.0, "npxG": 4.25, "xGChain": 13.4, "xGBuildup": 7.34}, {"player_name": "Marko Grujic", "games": 29.0, "time": 2432.0, "goals": 4.0, "xG": 4.78, "assists": 1.0, "xA": 0.63, "shots": 36.0, "key_passes": 11.0, "yellow_cards": 9.0, "red_cards": 0.0, "position": "M", "team_title": "Hertha Berlin", "npg": 4.0, "npxG": 4.78, "xGChain": 11.46, "xGBuildup": 8.21}, {"player_name": "Karim Onisiwo", "games": 32.0, "time": 1728.0, "goals": 4.0, "xG": 4.74, "assists": 6.0, "xA": 3.73, "shots": 41.0, "key_passes": 31.0, "yellow_cards": 3.0, "red_cards": 0.0, "position": "F M S", "team_title": "Mainz 05", "npg": 4.0, "npxG": 4.74, "xGChain": 9.81, "xGBuildup": 2.01}, {"player_name": "Axel Witsel", "games": 28.0, "time": 2240.0, "goals": 4.0, "xG": 2.62, "assists": 5.0, "xA": 3.98, "shots": 31.0, "key_passes": 15.0, "yellow_cards": 4.0, "red_cards": 0.0, "position": "M S", "team_title": "Borussia Dortmund", "npg": 4.0, "npxG": 2.62, "xGChain": 13.8, "xGBuildup": 9.65}, {"player_name": "Dedryck Boyata", "games": 28.0, "time": 2442.0, "goals": 4.0, "xG": 2.02, "assists": 1.0, "xA": 0.85, "shots": 16.0, "key_passes": 2.0, "yellow_cards": 8.0, "red_cards": 1.0, "position": "D", "team_title": "Hertha Berlin", "npg": 4.0, "npxG": 2.02, "xGChain": 6.25, "xGBuildup": 6.22}, {"player_name": "Vincenzo Grifo", "games": 27.0, "time": 1640.0, "goals": 4.0, "xG": 3.19, "assists": 8.0, "xA": 6.5, "shots": 49.0, "key_passes": 41.0, "yellow_cards": 1.0, "red_cards": 1.0, "position": "F M S", "team_title": "Freiburg", "npg": 3.0, "npxG": 2.43, "xGChain": 8.5, "xGBuildup": 3.62}, {"player_name": "Abdelhamid Sabiri", "games": 24.0, "time": 1028.0, "goals": 4.0, "xG": 3.47, "assists": 1.0, "xA": 0.23, "shots": 43.0, "key_passes": 7.0, "yellow_cards": 6.0, "red_cards": 0.0, "position": "M S", "team_title": "Paderborn", "npg": 3.0, "npxG": 2.71, "xGChain": 1.64, "xGBuildup": 0.89}, {"player_name": "Marco Richter", "games": 31.0, "time": 2304.0, "goals": 4.0, "xG": 4.51, "assists": 3.0, "xA": 1.93, "shots": 64.0, "key_passes": 21.0, "yellow_cards": 2.0, "red_cards": 0.0, "position": "M S", "team_title": "Augsburg", "npg": 4.0, "npxG": 4.51, "xGChain": 10.42, "xGBuildup": 4.62}, {"player_name": "Benito Raman", "games": 25.0, "time": 1627.0, "goals": 4.0, "xG": 4.22, "assists": 3.0, "xA": 1.9, "shots": 34.0, "key_passes": 15.0, "yellow_cards": 2.0, "red_cards": 0.0, "position": "F M S", "team_title": "Schalke 04", "npg": 4.0, "npxG": 4.22, "xGChain": 6.41, "xGBuildup": 0.48}, {"player_name": "Florian Neuhaus", "games": 30.0, "time": 2356.0, "goals": 4.0, "xG": 6.46, "assists": 2.0, "xA": 3.15, "shots": 57.0, "key_passes": 30.0, "yellow_cards": 6.0, "red_cards": 0.0, "position": "M S", "team_title": "Borussia M.Gladbach", "npg": 4.0, "npxG": 6.46, "xGChain": 20.55, "xGBuildup": 12.68}, {"player_name": "Pierre Kunde", "games": 28.0, "time": 1884.0, "goals": 4.0, "xG": 2.32, "assists": 0.0, "xA": 1.35, "shots": 39.0, "key_passes": 10.0, "yellow_cards": 6.0, "red_cards": 0.0, "position": "M S", "team_title": "Mainz 05", "npg": 4.0, "npxG": 2.32, "xGChain": 6.43, "xGBuildup": 3.74}, {"player_name": "Krzysztof Piatek", "games": 15.0, "time": 904.0, "goals": 4.0, "xG": 4.91, "assists": 1.0, "xA": 2.03, "shots": 25.0, "key_passes": 11.0, "yellow_cards": 2.0, "red_cards": 0.0, "position": "F M S", "team_title": "Hertha Berlin", "npg": 2.0, "npxG": 3.4, "xGChain": 5.1, "xGBuildup": 1.34}, {"player_name": "Jean-Paul Boëtius", "games": 28.0, "time": 2272.0, "goals": 4.0, "xG": 3.68, "assists": 5.0, "xA": 2.97, "shots": 36.0, "key_passes": 36.0, "yellow_cards": 5.0, "red_cards": 0.0, "position": "F M S", "team_title": "Mainz 05", "npg": 4.0, "npxG": 3.68, "xGChain": 10.24, "xGBuildup": 4.83}, {"player_name": "Javairo Dilrosun", "games": 23.0, "time": 1313.0, "goals": 4.0, "xG": 2.08, "assists": 2.0, "xA": 1.65, "shots": 19.0, "key_passes": 12.0, "yellow_cards": 2.0, "red_cards": 0.0, "position": "F M S", "team_title": "Hertha Berlin", "npg": 4.0, "npxG": 2.08, "xGChain": 5.5, "xGBuildup": 2.55}, {"player_name": "Joshua Sargent", "games": 28.0, "time": 1412.0, "goals": 4.0, "xG": 3.97, "assists": 2.0, "xA": 1.42, "shots": 30.0, "key_passes": 11.0, "yellow_cards": 2.0, "red_cards": 0.0, "position": "F M S", "team_title": "Werder Bremen", "npg": 4.0, "npxG": 3.97, "xGChain": 5.67, "xGBuildup": 1.07}, {"player_name": "Robert Skov", "games": 31.0, "time": 2620.0, "goals": 4.0, "xG": 5.24, "assists": 7.0, "xA": 7.45, "shots": 62.0, "key_passes": 55.0, "yellow_cards": 4.0, "red_cards": 0.0, "position": "D F M S", "team_title": "Hoffenheim", "npg": 4.0, "npxG": 5.24, "xGChain": 11.27, "xGBuildup": 4.36}, {"player_name": "Vladimir Darida", "games": 28.0, "time": 2267.0, "goals": 3.0, "xG": 3.08, "assists": 4.0, "xA": 4.51, "shots": 43.0, "key_passes": 49.0, "yellow_cards": 6.0, "red_cards": 1.0, "position": "M S", "team_title": "Hertha Berlin", "npg": 3.0, "npxG": 3.08, "xGChain": 12.35, "xGBuildup": 6.05}, {"player_name": "Christian Gentner", "games": 31.0, "time": 2463.0, "goals": 3.0, "xG": 2.83, "assists": 2.0, "xA": 2.14, "shots": 35.0, "key_passes": 27.0, "yellow_cards": 4.0, "red_cards": 0.0, "position": "M S", "team_title": "Union Berlin", "npg": 3.0, "npxG": 2.83, "xGChain": 8.82, "xGBuildup": 5.07}, {"player_name": "Anthony Ujah", "games": 24.0, "time": 948.0, "goals": 3.0, "xG": 2.21, "assists": 2.0, "xA": 1.15, "shots": 19.0, "key_passes": 10.0, "yellow_cards": 0.0, "red_cards": 0.0, "position": "F M S", "team_title": "Union Berlin", "npg": 3.0, "npxG": 2.21, "xGChain": 3.21, "xGBuildup": 0.25}, {"player_name": "Joshua Kimmich", "games": 33.0, "time": 2827.0, "goals": 3.0, "xG": 1.03, "assists": 8.0, "xA": 8.45, "shots": 25.0, "key_passes": 77.0, "yellow_cards": 7.0, "red_cards": 0.0, "position": "D M S", "team_title": "Bayern Munich", "npg": 3.0, "npxG": 1.03, "xGChain": 30.94, "xGBuildup": 28.06}, {"player_name": "Sebastian Rode", "games": 29.0, "time": 1970.0, "goals": 3.0, "xG": 0.96, "assists": 3.0, "xA": 1.59, "shots": 13.0, "key_passes": 23.0, "yellow_cards": 6.0, "red_cards": 0.0, "position": "M S", "team_title": "Eintracht Frankfurt", "npg": 3.0, "npxG": 0.96, "xGChain": 7.13, "xGBuildup": 5.73}, {"player_name": "Thiago Alcántara", "games": 24.0, "time": 1773.0, "goals": 3.0, "xG": 2.58, "assists": 0.0, "xA": 1.1, "shots": 18.0, "key_passes": 20.0, "yellow_cards": 7.0, "red_cards": 0.0, "position": "M S", "team_title": "Bayern Munich", "npg": 3.0, "npxG": 2.58, "xGChain": 19.61, "xGBuildup": 16.87}, {"player_name": "Julian Brandt", "games": 33.0, "time": 2222.0, "goals": 3.0, "xG": 3.65, "assists": 7.0, "xA": 5.63, "shots": 34.0, "key_passes": 39.0, "yellow_cards": 0.0, "red_cards": 0.0, "position": "F M S", "team_title": "Borussia Dortmund", "npg": 3.0, "npxG": 3.65, "xGChain": 22.39, "xGBuildup": 14.68}, {"player_name": "Mario Götze", "games": 15.0, "time": 513.0, "goals": 3.0, "xG": 2.17, "assists": 0.0, "xA": 1.47, "shots": 8.0, "key_passes": 11.0, "yellow_cards": 0.0, "red_cards": 0.0, "position": "F S", "team_title": "Borussia Dortmund", "npg": 2.0, "npxG": 1.41, "xGChain": 3.15, "xGBuildup": 1.18}, {"player_name": "Daniel Ginczek", "games": 18.0, "time": 781.0, "goals": 3.0, "xG": 3.85, "assists": 1.0, "xA": 1.68, "shots": 24.0, "key_passes": 9.0, "yellow_cards": 2.0, "red_cards": 0.0, "position": "F S", "team_title": "Wolfsburg", "npg": 3.0, "npxG": 3.85, "xGChain": 4.85, "xGBuildup": 0.59}, {"player_name": "Kevin Mbabu", "games": 20.0, "time": 1694.0, "goals": 3.0, "xG": 1.88, "assists": 1.0, "xA": 2.6, "shots": 11.0, "key_passes": 16.0, "yellow_cards": 4.0, "red_cards": 0.0, "position": "D S", "team_title": "Wolfsburg", "npg": 3.0, "npxG": 1.88, "xGChain": 4.88, "xGBuildup": 4.04}, {"player_name": "Alfred Finnbogason", "games": 21.0, "time": 951.0, "goals": 3.0, "xG": 5.91, "assists": 1.0, "xA": 2.66, "shots": 18.0, "key_passes": 19.0, "yellow_cards": 1.0, "red_cards": 0.0, "position": "F S", "team_title": "Augsburg", "npg": 2.0, "npxG": 5.15, "xGChain": 6.31, "xGBuildup": 2.04}, {"player_name": "Marcel Halstenberg", "games": 29.0, "time": 2526.0, "goals": 3.0, "xG": 2.44, "assists": 3.0, "xA": 4.26, "shots": 31.0, "key_passes": 36.0, "yellow_cards": 4.0, "red_cards": 1.0, "position": "D S", "team_title": "RasenBallsport Leipzig", "npg": 3.0, "npxG": 2.44, "xGChain": 13.56, "xGBuildup": 11.86}, {"player_name": "Josip Brekalo", "games": 30.0, "time": 1671.0, "goals": 3.0, "xG": 3.58, "assists": 4.0, "xA": 5.03, "shots": 42.0, "key_passes": 48.0, "yellow_cards": 0.0, "red_cards": 0.0, "position": "F M S", "team_title": "Wolfsburg", "npg": 3.0, "npxG": 3.58, "xGChain": 10.96, "xGBuildup": 4.12}, {"player_name": "Lukas Klostermann", "games": 31.0, "time": 2655.0, "goals": 3.0, "xG": 3.49, "assists": 1.0, "xA": 3.35, "shots": 12.0, "key_passes": 16.0, "yellow_cards": 1.0, "red_cards": 0.0, "position": "D M", "team_title": "RasenBallsport Leipzig", "npg": 3.0, "npxG": 3.49, "xGChain": 13.82, "xGBuildup": 10.81}, {"player_name": "Weston McKennie", "games": 28.0, "time": 2075.0, "goals": 3.0, "xG": 2.4, "assists": 0.0, "xA": 2.87, "shots": 32.0, "key_passes": 19.0, "yellow_cards": 8.0, "red_cards": 0.0, "position": "D M S", "team_title": "Schalke 04", "npg": 3.0, "npxG": 2.4, "xGChain": 5.27, "xGBuildup": 2.91}, {"player_name": "Nordi Mukiele", "games": 25.0, "time": 1795.0, "goals": 3.0, "xG": 2.81, "assists": 1.0, "xA": 1.56, "shots": 22.0, "key_passes": 14.0, "yellow_cards": 1.0, "red_cards": 0.0, "position": "D M S", "team_title": "RasenBallsport Leipzig", "npg": 3.0, "npxG": 2.81, "xGChain": 10.04, "xGBuildup": 7.23}, {"player_name": "Jean-Philippe Mateta", "games": 18.0, "time": 1062.0, "goals": 3.0, "xG": 5.57, "assists": 1.0, "xA": 1.28, "shots": 35.0, "key_passes": 6.0, "yellow_cards": 0.0, "red_cards": 1.0, "position": "F S", "team_title": "Mainz 05", "npg": 2.0, "npxG": 4.81, "xGChain": 6.35, "xGBuildup": 1.86}, {"player_name": "Simon Terodde", "games": 23.0, "time": 779.0, "goals": 3.0, "xG": 6.09, "assists": 1.0, "xA": 0.95, "shots": 35.0, "key_passes": 8.0, "yellow_cards": 4.0, "red_cards": 0.0, "position": "F M S", "team_title": "FC Cologne", "npg": 3.0, "npxG": 6.09, "xGChain": 5.44, "xGBuildup": 1.09}, {"player_name": "Ahmed Kutucu", "games": 25.0, "time": 636.0, "goals": 3.0, "xG": 1.72, "assists": 2.0, "xA": 0.32, "shots": 16.0, "key_passes": 6.0, "yellow_cards": 2.0, "red_cards": 0.0, "position": "F S", "team_title": "Schalke 04", "npg": 3.0, "npxG": 1.72, "xGChain": 3.06, "xGBuildup": 1.13}, {"player_name": "Alphonso Davies", "games": 29.0, "time": 2228.0, "goals": 3.0, "xG": 2.37, "assists": 5.0, "xA": 4.26, "shots": 12.0, "key_passes": 36.0, "yellow_cards": 2.0, "red_cards": 1.0, "position": "D S", "team_title": "Bayern Munich", "npg": 3.0, "npxG": 2.37, "xGChain": 25.4, "xGBuildup": 21.07}, {"player_name": "Ozan Kabak", "games": 26.0, "time": 1769.0, "goals": 3.0, "xG": 1.68, "assists": 1.0, "xA": 0.3, "shots": 11.0, "key_passes": 3.0, "yellow_cards": 4.0, "red_cards": 0.0, "position": "D S", "team_title": "Schalke 04", "npg": 3.0, "npxG": 1.68, "xGChain": 1.53, "xGBuildup": 1.44}, {"player_name": "Dominick Drexler", "games": 27.0, "time": 1575.0, "goals": 3.0, "xG": 2.06, "assists": 4.0, "xA": 3.5, "shots": 19.0, "key_passes": 27.0, "yellow_cards": 5.0, "red_cards": 0.0, "position": "M S", "team_title": "FC Cologne", "npg": 3.0, "npxG": 2.06, "xGChain": 6.59, "xGBuildup": 3.01}, {"player_name": "Ben Zolinski", "games": 28.0, "time": 1211.0, "goals": 3.0, "xG": 3.06, "assists": 2.0, "xA": 1.25, "shots": 19.0, "key_passes": 14.0, "yellow_cards": 3.0, "red_cards": 0.0, "position": "F M S", "team_title": "Paderborn", "npg": 3.0, "npxG": 3.06, "xGChain": 5.44, "xGBuildup": 2.03}, {"player_name": "Daniel Brosinski", "games": 26.0, "time": 1694.0, "goals": 2.0, "xG": 2.15, "assists": 4.0, "xA": 5.69, "shots": 23.0, "key_passes": 55.0, "yellow_cards": 3.0, "red_cards": 0.0, "position": "D S", "team_title": "Mainz 05", "npg": 1.0, "npxG": 1.39, "xGChain": 6.43, "xGBuildup": 2.97}, {"player_name": "Julian Baumgartlinger", "games": 27.0, "time": 1798.0, "goals": 2.0, "xG": 2.15, "assists": 2.0, "xA": 1.74, "shots": 17.0, "key_passes": 17.0, "yellow_cards": 4.0, "red_cards": 0.0, "position": "M S", "team_title": "Bayer Leverkusen", "npg": 2.0, "npxG": 2.15, "xGChain": 9.86, "xGBuildup": 7.85}, {"player_name": "Pavel Kaderábek", "games": 30.0, "time": 2477.0, "goals": 2.0, "xG": 3.04, "assists": 7.0, "xA": 4.75, "shots": 27.0, "key_passes": 39.0, "yellow_cards": 2.0, "red_cards": 0.0, "position": "D M S", "team_title": "Hoffenheim", "npg": 2.0, "npxG": 3.04, "xGChain": 9.32, "xGBuildup": 5.05}, {"player_name": "Ermin Bicakcic", "games": 21.0, "time": 1175.0, "goals": 2.0, "xG": 0.41, "assists": 0.0, "xA": 0.08, "shots": 7.0, "key_passes": 2.0, "yellow_cards": 0.0, "red_cards": 0.0, "position": "D S", "team_title": "Hoffenheim", "npg": 2.0, "npxG": 0.41, "xGChain": 3.27, "xGBuildup": 3.14}, {"player_name": "Salif Sané", "games": 15.0, "time": 1123.0, "goals": 2.0, "xG": 0.77, "assists": 1.0, "xA": 0.92, "shots": 9.0, "key_passes": 2.0, "yellow_cards": 4.0, "red_cards": 0.0, "position": "D M S", "team_title": "Schalke 04", "npg": 2.0, "npxG": 0.77, "xGChain": 2.48, "xGBuildup": 1.92}, {"player_name": "Theodor Gebre Selassie", "games": 28.0, "time": 2429.0, "goals": 2.0, "xG": 0.74, "assists": 2.0, "xA": 1.13, "shots": 12.0, "key_passes": 18.0, "yellow_cards": 2.0, "red_cards": 0.0, "position": "D M", "team_title": "Werder Bremen", "npg": 2.0, "npxG": 0.74, "xGChain": 6.02, "xGBuildup": 4.59}, {"player_name": "Yannick Gerhardt", "games": 18.0, "time": 800.0, "goals": 2.0, "xG": 2.13, "assists": 0.0, "xA": 0.11, "shots": 11.0, "key_passes": 6.0, "yellow_cards": 1.0, "red_cards": 0.0, "position": "M S", "team_title": "Wolfsburg", "npg": 2.0, "npxG": 2.13, "xGChain": 3.93, "xGBuildup": 2.21}, {"player_name": "Daniel Caligiuri", "games": 28.0, "time": 2306.0, "goals": 2.0, "xG": 2.93, "assists": 2.0, "xA": 2.98, "shots": 44.0, "key_passes": 38.0, "yellow_cards": 5.0, "red_cards": 0.0, "position": "D F M S", "team_title": "Schalke 04", "npg": 1.0, "npxG": 2.17, "xGChain": 4.58, "xGBuildup": 2.03}, {"player_name": "Admir Mehmedi", "games": 21.0, "time": 1206.0, "goals": 2.0, "xG": 1.54, "assists": 2.0, "xA": 2.17, "shots": 22.0, "key_passes": 19.0, "yellow_cards": 0.0, "red_cards": 0.0, "position": "F M S", "team_title": "Wolfsburg", "npg": 2.0, "npxG": 1.54, "xGChain": 6.11, "xGBuildup": 3.07}, {"player_name": "Oscar Wendt", "games": 25.0, "time": 1674.0, "goals": 2.0, "xG": 1.13, "assists": 2.0, "xA": 2.6, "shots": 9.0, "key_passes": 22.0, "yellow_cards": 3.0, "red_cards": 0.0, "position": "D M S", "team_title": "Borussia M.Gladbach", "npg": 2.0, "npxG": 1.13, "xGChain": 6.4, "xGBuildup": 4.22}, {"player_name": "David Abraham", "games": 20.0, "time": 1692.0, "goals": 2.0, "xG": 1.3, "assists": 0.0, "xA": 0.1, "shots": 7.0, "key_passes": 2.0, "yellow_cards": 2.0, "red_cards": 1.0, "position": "D S", "team_title": "Eintracht Frankfurt", "npg": 2.0, "npxG": 1.3, "xGChain": 4.94, "xGBuildup": 4.43}, {"player_name": "Sven Bender", "games": 33.0, "time": 2728.0, "goals": 2.0, "xG": 1.77, "assists": 1.0, "xA": 0.18, "shots": 18.0, "key_passes": 3.0, "yellow_cards": 3.0, "red_cards": 0.0, "position": "D", "team_title": "Bayer Leverkusen", "npg": 2.0, "npxG": 1.77, "xGChain": 10.71, "xGBuildup": 10.54}, {"player_name": "Kaan Ayhan", "games": 31.0, "time": 2734.0, "goals": 2.0, "xG": 2.36, "assists": 3.0, "xA": 2.42, "shots": 29.0, "key_passes": 19.0, "yellow_cards": 10.0, "red_cards": 0.0, "position": "D", "team_title": "Fortuna Duesseldorf", "npg": 2.0, "npxG": 2.36, "xGChain": 5.23, "xGBuildup": 4.54}, {"player_name": "Marvin Friedrich", "games": 31.0, "time": 2790.0, "goals": 2.0, "xG": 1.88, "assists": 0.0, "xA": 0.05, "shots": 28.0, "key_passes": 2.0, "yellow_cards": 9.0, "red_cards": 1.0, "position": "D", "team_title": "Union Berlin", "npg": 2.0, "npxG": 1.88, "xGChain": 2.46, "xGBuildup": 2.42}, {"player_name": "Tin Jedvaj", "games": 31.0, "time": 2641.0, "goals": 2.0, "xG": 1.44, "assists": 0.0, "xA": 0.18, "shots": 14.0, "key_passes": 7.0, "yellow_cards": 6.0, "red_cards": 0.0, "position": "D M S", "team_title": "Augsburg", "npg": 2.0, "npxG": 1.44, "xGChain": 2.32, "xGBuildup": 2.14}, {"player_name": "Lars Bender", "games": 18.0, "time": 1377.0, "goals": 2.0, "xG": 0.78, "assists": 1.0, "xA": 1.3, "shots": 14.0, "key_passes": 18.0, "yellow_cards": 3.0, "red_cards": 0.0, "position": "D M S", "team_title": "Bayer Leverkusen", "npg": 2.0, "npxG": 0.78, "xGChain": 6.17, "xGBuildup": 4.99}, {"player_name": "Andre Hoffmann", "games": 29.0, "time": 2438.0, "goals": 2.0, "xG": 1.2, "assists": 1.0, "xA": 0.57, "shots": 14.0, "key_passes": 2.0, "yellow_cards": 7.0, "red_cards": 0.0, "position": "D S", "team_title": "Fortuna Duesseldorf", "npg": 2.0, "npxG": 1.2, "xGChain": 2.49, "xGBuildup": 2.21}, {"player_name": "Jonjoe Kenny", "games": 31.0, "time": 2732.0, "goals": 2.0, "xG": 1.17, "assists": 3.0, "xA": 1.15, "shots": 12.0, "key_passes": 15.0, "yellow_cards": 5.0, "red_cards": 0.0, "position": "D", "team_title": "Schalke 04", "npg": 2.0, "npxG": 1.17, "xGChain": 5.36, "xGBuildup": 4.14}, {"player_name": "Roland Sallai", "games": 21.0, "time": 1170.0, "goals": 2.0, "xG": 3.17, "assists": 0.0, "xA": 0.92, "shots": 34.0, "key_passes": 12.0, "yellow_cards": 2.0, "red_cards": 0.0, "position": "F M S", "team_title": "Freiburg", "npg": 2.0, "npxG": 3.17, "xGChain": 4.28, "xGBuildup": 1.7}, {"player_name": "Christian Günter", "games": 34.0, "time": 3036.0, "goals": 2.0, "xG": 1.21, "assists": 8.0, "xA": 8.44, "shots": 32.0, "key_passes": 80.0, "yellow_cards": 2.0, "red_cards": 0.0, "position": "D M", "team_title": "Freiburg", "npg": 2.0, "npxG": 1.21, "xGChain": 9.72, "xGBuildup": 5.43}, {"player_name": "Janik Haberer", "games": 26.0, "time": 1725.0, "goals": 2.0, "xG": 0.64, "assists": 2.0, "xA": 1.53, "shots": 13.0, "key_passes": 18.0, "yellow_cards": 3.0, "red_cards": 1.0, "position": "D F M S", "team_title": "Freiburg", "npg": 2.0, "npxG": 0.64, "xGChain": 6.21, "xGBuildup": 4.9}, {"player_name": "Stefan Ilsanker", "games": 18.0, "time": 1250.0, "goals": 2.0, "xG": 2.02, "assists": 1.0, "xA": 0.76, "shots": 12.0, "key_passes": 7.0, "yellow_cards": 6.0, "red_cards": 0.0, "position": "D M S", "team_title": "Eintracht Frankfurt", "npg": 2.0, "npxG": 2.02, "xGChain": 3.98, "xGBuildup": 3.79}, {"player_name": "Kwon Chang-Hoon", "games": 23.0, "time": 656.0, "goals": 2.0, "xG": 2.07, "assists": 0.0, "xA": 1.17, "shots": 15.0, "key_passes": 13.0, "yellow_cards": 0.0, "red_cards": 0.0, "position": "F M S", "team_title": "Freiburg", "npg": 2.0, "npxG": 2.07, "xGChain": 4.47, "xGBuildup": 1.8}, {"player_name": "Sergio Córdova", "games": 16.0, "time": 354.0, "goals": 2.0, "xG": 1.15, "assists": 1.0, "xA": 0.89, "shots": 5.0, "key_passes": 4.0, "yellow_cards": 0.0, "red_cards": 0.0, "position": "F S", "team_title": "Augsburg", "npg": 2.0, "npxG": 1.15, "xGChain": 2.11, "xGBuildup": 0.08}, {"player_name": "Konrad Laimer", "games": 29.0, "time": 2133.0, "goals": 2.0, "xG": 0.8, "assists": 6.0, "xA": 2.37, "shots": 10.0, "key_passes": 14.0, "yellow_cards": 6.0, "red_cards": 1.0, "position": "D M S", "team_title": "RasenBallsport Leipzig", "npg": 2.0, "npxG": 0.8, "xGChain": 11.6, "xGBuildup": 9.92}, {"player_name": "Daichi Kamada", "games": 28.0, "time": 1970.0, "goals": 2.0, "xG": 6.37, "assists": 4.0, "xA": 3.51, "shots": 46.0, "key_passes": 38.0, "yellow_cards": 5.0, "red_cards": 0.0, "position": "F M S", "team_title": "Eintracht Frankfurt", "npg": 2.0, "npxG": 6.37, "xGChain": 13.21, "xGBuildup": 5.6}, {"player_name": "Denis Zakaria", "games": 23.0, "time": 1945.0, "goals": 2.0, "xG": 2.57, "assists": 2.0, "xA": 1.48, "shots": 23.0, "key_passes": 11.0, "yellow_cards": 7.0, "red_cards": 0.0, "position": "D M S", "team_title": "Borussia M.Gladbach", "npg": 2.0, "npxG": 2.57, "xGChain": 10.45, "xGBuildup": 7.16}, {"player_name": "Eduard Löwen", "games": 23.0, "time": 955.0, "goals": 2.0, "xG": 0.89, "assists": 1.0, "xA": 1.0, "shots": 15.0, "key_passes": 12.0, "yellow_cards": 0.0, "red_cards": 0.0, "position": "M S", "team_title": "Augsburg", "npg": 2.0, "npxG": 0.89, "xGChain": 1.86, "xGBuildup": 1.09}, {"player_name": "Rabbi Matondo", "games": 20.0, "time": 1174.0, "goals": 2.0, "xG": 2.62, "assists": 0.0, "xA": 0.76, "shots": 23.0, "key_passes": 12.0, "yellow_cards": 1.0, "red_cards": 0.0, "position": "F M S", "team_title": "Schalke 04", "npg": 2.0, "npxG": 2.62, "xGChain": 3.95, "xGBuildup": 0.91}, {"player_name": "Joao Victor", "games": 32.0, "time": 1637.0, "goals": 2.0, "xG": 4.58, "assists": 2.0, "xA": 2.18, "shots": 29.0, "key_passes": 14.0, "yellow_cards": 4.0, "red_cards": 0.0, "position": "F M S", "team_title": "Wolfsburg", "npg": 2.0, "npxG": 4.58, "xGChain": 8.53, "xGBuildup": 2.47}, {"player_name": "Kai Pröger", "games": 31.0, "time": 2070.0, "goals": 2.0, "xG": 3.13, "assists": 6.0, "xA": 3.85, "shots": 51.0, "key_passes": 41.0, "yellow_cards": 0.0, "red_cards": 0.0, "position": "F M S", "team_title": "Paderborn", "npg": 2.0, "npxG": 3.13, "xGChain": 5.93, "xGBuildup": 1.62}, {"player_name": "Klaus Gjasula", "games": 29.0, "time": 2311.0, "goals": 2.0, "xG": 1.89, "assists": 1.0, "xA": 1.29, "shots": 14.0, "key_passes": 28.0, "yellow_cards": 17.0, "red_cards": 0.0, "position": "D M S", "team_title": "Paderborn", "npg": 2.0, "npxG": 1.13, "xGChain": 5.12, "xGBuildup": 3.64}, {"player_name": "Jeremiah St. Juste", "games": 25.0, "time": 2118.0, "goals": 2.0, "xG": 0.59, "assists": 2.0, "xA": 1.22, "shots": 12.0, "key_passes": 5.0, "yellow_cards": 7.0, "red_cards": 0.0, "position": "D M S", "team_title": "Mainz 05", "npg": 2.0, "npxG": 0.59, "xGChain": 4.64, "xGBuildup": 4.12}, {"player_name": "Sebastian Schonlau", "games": 23.0, "time": 2070.0, "goals": 2.0, "xG": 1.14, "assists": 0.0, "xA": 0.15, "shots": 12.0, "key_passes": 4.0, "yellow_cards": 2.0, "red_cards": 0.0, "position": "D M", "team_title": "Paderborn", "npg": 2.0, "npxG": 1.14, "xGChain": 3.43, "xGBuildup": 3.29}, {"player_name": "Ismail Jakobs", "games": 20.0, "time": 1696.0, "goals": 2.0, "xG": 2.63, "assists": 2.0, "xA": 1.09, "shots": 18.0, "key_passes": 12.0, "yellow_cards": 4.0, "red_cards": 0.0, "position": "D F M", "team_title": "FC Cologne", "npg": 2.0, "npxG": 2.63, "xGChain": 5.27, "xGBuildup": 2.03}, {"player_name": "Mitchell Weiser", "games": 18.0, "time": 1165.0, "goals": 1.0, "xG": 1.74, "assists": 0.0, "xA": 0.26, "shots": 7.0, "key_passes": 5.0, "yellow_cards": 3.0, "red_cards": 0.0, "position": "D M S", "team_title": "Bayer Leverkusen", "npg": 1.0, "npxG": 1.74, "xGChain": 5.07, "xGBuildup": 3.95}, {"player_name": "Nadiem Amiri", "games": 30.0, "time": 1855.0, "goals": 1.0, "xG": 2.27, "assists": 2.0, "xA": 6.07, "shots": 42.0, "key_passes": 54.0, "yellow_cards": 3.0, "red_cards": 0.0, "position": "D M S", "team_title": "Bayer Leverkusen", "npg": 1.0, "npxG": 2.27, "xGChain": 11.08, "xGBuildup": 6.08}, {"player_name": "Sebastian Rudy", "games": 32.0, "time": 2744.0, "goals": 1.0, "xG": 0.99, "assists": 3.0, "xA": 5.19, "shots": 25.0, "key_passes": 53.0, "yellow_cards": 9.0, "red_cards": 0.0, "position": "D M S", "team_title": "Hoffenheim", "npg": 1.0, "npxG": 0.99, "xGChain": 11.83, "xGBuildup": 7.86}, {"player_name": "Maximilian Eggestein", "games": 32.0, "time": 2858.0, "goals": 1.0, "xG": 2.61, "assists": 3.0, "xA": 2.16, "shots": 45.0, "key_passes": 31.0, "yellow_cards": 6.0, "red_cards": 0.0, "position": "D M", "team_title": "Werder Bremen", "npg": 1.0, "npxG": 2.61, "xGChain": 8.74, "xGBuildup": 4.61}, {"player_name": "Robin Knoche", "games": 21.0, "time": 1592.0, "goals": 1.0, "xG": 0.29, "assists": 0.0, "xA": 0.17, "shots": 4.0, "key_passes": 3.0, "yellow_cards": 2.0, "red_cards": 0.0, "position": "D S", "team_title": "Wolfsburg", "npg": 1.0, "npxG": 0.29, "xGChain": 3.7, "xGBuildup": 3.7}, {"player_name": "Michael Gregoritsch", "games": 20.0, "time": 1144.0, "goals": 1.0, "xG": 4.05, "assists": 1.0, "xA": 1.24, "shots": 28.0, "key_passes": 15.0, "yellow_cards": 2.0, "red_cards": 0.0, "position": "F M S", "team_title": "Augsburg", "npg": 1.0, "npxG": 4.05, "xGChain": 5.31, "xGBuildup": 0.88}, {"player_name": "Nico Elvedi", "games": 32.0, "time": 2622.0, "goals": 1.0, "xG": 0.67, "assists": 0.0, "xA": 0.05, "shots": 9.0, "key_passes": 1.0, "yellow_cards": 5.0, "red_cards": 0.0, "position": "D S", "team_title": "Borussia M.Gladbach", "npg": 1.0, "npxG": 0.67, "xGChain": 10.48, "xGBuildup": 10.48}, {"player_name": "Danny da Costa", "games": 19.0, "time": 1389.0, "goals": 1.0, "xG": 1.51, "assists": 4.0, "xA": 3.85, "shots": 17.0, "key_passes": 22.0, "yellow_cards": 0.0, "red_cards": 0.0, "position": "D M S", "team_title": "Eintracht Frankfurt", "npg": 1.0, "npxG": 1.51, "xGChain": 8.53, "xGBuildup": 4.6}, {"player_name": "Benjamin Hübner", "games": 25.0, "time": 2085.0, "goals": 1.0, "xG": 2.36, "assists": 4.0, "xA": 2.52, "shots": 27.0, "key_passes": 8.0, "yellow_cards": 4.0, "red_cards": 2.0, "position": "D", "team_title": "Hoffenheim", "npg": 1.0, "npxG": 2.36, "xGChain": 6.04, "xGBuildup": 4.98}, {"player_name": "Alfredo Morales", "games": 27.0, "time": 1715.0, "goals": 1.0, "xG": 0.84, "assists": 2.0, "xA": 0.75, "shots": 20.0, "key_passes": 9.0, "yellow_cards": 6.0, "red_cards": 0.0, "position": "M S", "team_title": "Fortuna Duesseldorf", "npg": 1.0, "npxG": 0.84, "xGChain": 2.49, "xGBuildup": 1.35}, {"player_name": "Daniel Baier", "games": 23.0, "time": 1952.0, "goals": 1.0, "xG": 0.44, "assists": 0.0, "xA": 1.0, "shots": 16.0, "key_passes": 10.0, "yellow_cards": 6.0, "red_cards": 0.0, "position": "M S", "team_title": "Augsburg", "npg": 1.0, "npxG": 0.44, "xGChain": 3.82, "xGBuildup": 2.48}, {"player_name": "Lukasz Piszczek", "games": 29.0, "time": 2112.0, "goals": 1.0, "xG": 0.34, "assists": 3.0, "xA": 2.3, "shots": 8.0, "key_passes": 14.0, "yellow_cards": 3.0, "red_cards": 0.0, "position": "D S", "team_title": "Borussia Dortmund", "npg": 1.0, "npxG": 0.34, "xGChain": 13.67, "xGBuildup": 12.74}, {"player_name": "Neven Subotic", "games": 23.0, "time": 1977.0, "goals": 1.0, "xG": 1.04, "assists": 0.0, "xA": 0.77, "shots": 13.0, "key_passes": 6.0, "yellow_cards": 1.0, "red_cards": 1.0, "position": "D", "team_title": "Union Berlin", "npg": 1.0, "npxG": 1.04, "xGChain": 2.25, "xGBuildup": 2.13}, {"player_name": "Matthias Ginter", "games": 31.0, "time": 2782.0, "goals": 1.0, "xG": 2.12, "assists": 1.0, "xA": 1.56, "shots": 17.0, "key_passes": 8.0, "yellow_cards": 2.0, "red_cards": 0.0, "position": "D", "team_title": "Borussia M.Gladbach", "npg": 1.0, "npxG": 2.12, "xGChain": 12.18, "xGBuildup": 10.79}, {"player_name": "Ádám Szalai", "games": 27.0, "time": 1117.0, "goals": 1.0, "xG": 4.37, "assists": 1.0, "xA": 1.51, "shots": 30.0, "key_passes": 14.0, "yellow_cards": 1.0, "red_cards": 0.0, "position": "F S", "team_title": "Mainz 05", "npg": 1.0, "npxG": 4.37, "xGChain": 5.17, "xGBuildup": 1.01}, {"player_name": "Mats Hummels", "games": 31.0, "time": 2588.0, "goals": 1.0, "xG": 1.49, "assists": 3.0, "xA": 2.11, "shots": 22.0, "key_passes": 9.0, "yellow_cards": 6.0, "red_cards": 1.0, "position": "D", "team_title": "Borussia Dortmund", "npg": 1.0, "npxG": 1.49, "xGChain": 15.73, "xGBuildup": 14.87}, {"player_name": "David Alaba", "games": 28.0, "time": 2501.0, "goals": 1.0, "xG": 0.83, "assists": 1.0, "xA": 2.06, "shots": 19.0, "key_passes": 19.0, "yellow_cards": 0.0, "red_cards": 0.0, "position": "D S", "team_title": "Bayern Munich", "npg": 1.0, "npxG": 0.83, "xGChain": 20.73, "xGBuildup": 18.93}, {"player_name": "André Hahn", "games": 15.0, "time": 695.0, "goals": 1.0, "xG": 2.31, "assists": 0.0, "xA": 0.46, "shots": 16.0, "key_passes": 9.0, "yellow_cards": 4.0, "red_cards": 1.0, "position": "F M S", "team_title": "Augsburg", "npg": 1.0, "npxG": 1.55, "xGChain": 3.07, "xGBuildup": 1.2}, {"player_name": "Niklas Stark", "games": 21.0, "time": 1738.0, "goals": 1.0, "xG": 0.85, "assists": 0.0, "xA": 0.44, "shots": 10.0, "key_passes": 4.0, "yellow_cards": 8.0, "red_cards": 0.0, "position": "D M S", "team_title": "Hertha Berlin", "npg": 1.0, "npxG": 0.85, "xGChain": 4.36, "xGBuildup": 3.94}, {"player_name": "Maximilian Mittelstädt", "games": 26.0, "time": 1884.0, "goals": 1.0, "xG": 0.85, "assists": 3.0, "xA": 1.82, "shots": 22.0, "key_passes": 22.0, "yellow_cards": 4.0, "red_cards": 0.0, "position": "D M S", "team_title": "Hertha Berlin", "npg": 1.0, "npxG": 0.85, "xGChain": 6.2, "xGBuildup": 4.33}, {"player_name": "Charles Aránguiz", "games": 27.0, "time": 2129.0, "goals": 1.0, "xG": 1.16, "assists": 3.0, "xA": 2.37, "shots": 16.0, "key_passes": 23.0, "yellow_cards": 2.0, "red_cards": 0.0, "position": "M S", "team_title": "Bayer Leverkusen", "npg": 1.0, "npxG": 1.16, "xGChain": 13.42, "xGBuildup": 11.7}, {"player_name": "Edimilson Fernandes", "games": 24.0, "time": 1486.0, "goals": 1.0, "xG": 0.73, "assists": 0.0, "xA": 0.39, "shots": 23.0, "key_passes": 8.0, "yellow_cards": 5.0, "red_cards": 1.0, "position": "D M S", "team_title": "Mainz 05", "npg": 1.0, "npxG": 0.73, "xGChain": 2.78, "xGBuildup": 1.94}, {"player_name": "Djibril Sow", "games": 29.0, "time": 1732.0, "goals": 1.0, "xG": 1.68, "assists": 3.0, "xA": 2.39, "shots": 21.0, "key_passes": 25.0, "yellow_cards": 2.0, "red_cards": 0.0, "position": "M S", "team_title": "Eintracht Frankfurt", "npg": 1.0, "npxG": 1.68, "xGChain": 8.52, "xGBuildup": 5.85}, {"player_name": "Matthias Zimmermann", "games": 34.0, "time": 2931.0, "goals": 1.0, "xG": 0.48, "assists": 2.0, "xA": 2.35, "shots": 16.0, "key_passes": 25.0, "yellow_cards": 4.0, "red_cards": 0.0, "position": "D M S", "team_title": "Fortuna Duesseldorf", "npg": 1.0, "npxG": 0.48, "xGChain": 6.35, "xGBuildup": 5.05}, {"player_name": "Marius Wolf", "games": 21.0, "time": 1415.0, "goals": 1.0, "xG": 1.04, "assists": 3.0, "xA": 2.17, "shots": 14.0, "key_passes": 19.0, "yellow_cards": 1.0, "red_cards": 1.0, "position": "D F M S", "team_title": "Hertha Berlin", "npg": 1.0, "npxG": 1.04, "xGChain": 5.38, "xGBuildup": 2.74}, {"player_name": "Marcel Tisserand", "games": 15.0, "time": 1210.0, "goals": 1.0, "xG": 0.85, "assists": 1.0, "xA": 0.33, "shots": 8.0, "key_passes": 4.0, "yellow_cards": 6.0, "red_cards": 1.0, "position": "D S", "team_title": "Wolfsburg", "npg": 1.0, "npxG": 0.85, "xGChain": 3.68, "xGBuildup": 3.44}, {"player_name": "Jérôme Roussillon", "games": 29.0, "time": 2376.0, "goals": 1.0, "xG": 1.06, "assists": 1.0, "xA": 3.04, "shots": 19.0, "key_passes": 24.0, "yellow_cards": 4.0, "red_cards": 0.0, "position": "D S", "team_title": "Wolfsburg", "npg": 1.0, "npxG": 1.06, "xGChain": 9.56, "xGBuildup": 6.06}, {"player_name": "Ellyes Skhiri", "games": 32.0, "time": 2684.0, "goals": 1.0, "xG": 2.01, "assists": 3.0, "xA": 2.53, "shots": 25.0, "key_passes": 20.0, "yellow_cards": 4.0, "red_cards": 0.0, "position": "M S", "team_title": "FC Cologne", "npg": 1.0, "npxG": 2.01, "xGChain": 7.47, "xGBuildup": 5.02}, {"player_name": "Almamy Touré", "games": 19.0, "time": 1500.0, "goals": 1.0, "xG": 1.84, "assists": 3.0, "xA": 2.68, "shots": 15.0, "key_passes": 22.0, "yellow_cards": 2.0, "red_cards": 0.0, "position": "D M S", "team_title": "Eintracht Frankfurt", "npg": 1.0, "npxG": 1.84, "xGChain": 5.07, "xGBuildup": 2.77}, {"player_name": "Nicolas Höfler", "games": 32.0, "time": 2788.0, "goals": 1.0, "xG": 2.59, "assists": 0.0, "xA": 0.39, "shots": 26.0, "key_passes": 16.0, "yellow_cards": 9.0, "red_cards": 0.0, "position": "M S", "team_title": "Freiburg", "npg": 1.0, "npxG": 2.59, "xGChain": 7.49, "xGBuildup": 5.37}, {"player_name": "Uwe Hünemeier", "games": 16.0, "time": 1200.0, "goals": 1.0, "xG": 1.41, "assists": 0.0, "xA": 0.22, "shots": 12.0, "key_passes": 6.0, "yellow_cards": 5.0, "red_cards": 1.0, "position": "D S", "team_title": "Paderborn", "npg": 0.0, "npxG": 0.65, "xGChain": 1.01, "xGBuildup": 0.82}, {"player_name": "Christian Strohdiek", "games": 16.0, "time": 1363.0, "goals": 1.0, "xG": 1.36, "assists": 2.0, "xA": 1.61, "shots": 8.0, "key_passes": 11.0, "yellow_cards": 3.0, "red_cards": 0.0, "position": "D", "team_title": "Paderborn", "npg": 1.0, "npxG": 1.36, "xGChain": 1.43, "xGBuildup": 0.73}, {"player_name": "Davie Selke", "games": 30.0, "time": 1399.0, "goals": 1.0, "xG": 3.51, "assists": 1.0, "xA": 0.78, "shots": 31.0, "key_passes": 11.0, "yellow_cards": 6.0, "red_cards": 0.0, "position": "F S", "team_title": "Hertha Berlin", "npg": 1.0, "npxG": 3.51, "xGChain": 5.12, "xGBuildup": 1.14}, {"player_name": "Jordan Torunarigha", "games": 18.0, "time": 1460.0, "goals": 1.0, "xG": 0.62, "assists": 1.0, "xA": 0.73, "shots": 2.0, "key_passes": 8.0, "yellow_cards": 3.0, "red_cards": 0.0, "position": "D S", "team_title": "Hertha Berlin", "npg": 1.0, "npxG": 0.62, "xGChain": 3.96, "xGBuildup": 2.96}, {"player_name": "Gerrit Holtmann", "games": 24.0, "time": 1061.0, "goals": 1.0, "xG": 1.09, "assists": 0.0, "xA": 1.55, "shots": 24.0, "key_passes": 14.0, "yellow_cards": 1.0, "red_cards": 1.0, "position": "D M S", "team_title": "Paderborn", "npg": 1.0, "npxG": 1.09, "xGChain": 3.25, "xGBuildup": 0.93}, {"player_name": "Kerem Demirbay", "games": 25.0, "time": 1580.0, "goals": 1.0, "xG": 3.18, "assists": 5.0, "xA": 4.53, "shots": 30.0, "key_passes": 41.0, "yellow_cards": 2.0, "red_cards": 1.0, "position": "F M S", "team_title": "Bayer Leverkusen", "npg": 1.0, "npxG": 3.18, "xGChain": 11.66, "xGBuildup": 8.76}, {"player_name": "Manuel Gulde", "games": 17.0, "time": 1378.0, "goals": 1.0, "xG": 1.13, "assists": 0.0, "xA": 0.16, "shots": 14.0, "key_passes": 5.0, "yellow_cards": 0.0, "red_cards": 0.0, "position": "D S", "team_title": "Freiburg", "npg": 1.0, "npxG": 1.13, "xGChain": 3.46, "xGBuildup": 3.21}, {"player_name": "Marco Friedl", "games": 27.0, "time": 2195.0, "goals": 1.0, "xG": 0.98, "assists": 3.0, "xA": 1.52, "shots": 11.0, "key_passes": 20.0, "yellow_cards": 9.0, "red_cards": 0.0, "position": "D M S", "team_title": "Werder Bremen", "npg": 1.0, "npxG": 0.98, "xGChain": 4.98, "xGBuildup": 3.81}, {"player_name": "Moussa Niakhate", "games": 33.0, "time": 2970.0, "goals": 1.0, "xG": 1.05, "assists": 2.0, "xA": 0.89, "shots": 12.0, "key_passes": 12.0, "yellow_cards": 7.0, "red_cards": 0.0, "position": "D", "team_title": "Mainz 05", "npg": 1.0, "npxG": 1.05, "xGChain": 5.57, "xGBuildup": 5.4}, {"player_name": "Dan-Axel Zagadou", "games": 15.0, "time": 977.0, "goals": 1.0, "xG": 0.2, "assists": 1.0, "xA": 0.68, "shots": 4.0, "key_passes": 6.0, "yellow_cards": 1.0, "red_cards": 0.0, "position": "D S", "team_title": "Borussia Dortmund", "npg": 1.0, "npxG": 0.2, "xGChain": 5.48, "xGBuildup": 4.9}, {"player_name": "William", "games": 16.0, "time": 1366.0, "goals": 1.0, "xG": 1.56, "assists": 1.0, "xA": 2.06, "shots": 18.0, "key_passes": 15.0, "yellow_cards": 0.0, "red_cards": 0.0, "position": "D", "team_title": "Wolfsburg", "npg": 1.0, "npxG": 1.56, "xGChain": 5.26, "xGBuildup": 2.23}, {"player_name": "Robin Koch", "games": 32.0, "time": 2708.0, "goals": 1.0, "xG": 4.2, "assists": 0.0, "xA": 1.29, "shots": 35.0, "key_passes": 12.0, "yellow_cards": 3.0, "red_cards": 0.0, "position": "D M S", "team_title": "Freiburg", "npg": 1.0, "npxG": 4.2, "xGChain": 5.81, "xGBuildup": 3.9}, {"player_name": "Mohamed Dräger", "games": 18.0, "time": 1462.0, "goals": 1.0, "xG": 0.76, "assists": 3.0, "xA": 1.11, "shots": 14.0, "key_passes": 15.0, "yellow_cards": 2.0, "red_cards": 0.0, "position": "D M S", "team_title": "Paderborn", "npg": 1.0, "npxG": 0.76, "xGChain": 2.8, "xGBuildup": 1.19}, {"player_name": "Bote Baku", "games": 30.0, "time": 2341.0, "goals": 1.0, "xG": 0.96, "assists": 3.0, "xA": 3.71, "shots": 22.0, "key_passes": 29.0, "yellow_cards": 5.0, "red_cards": 1.0, "position": "D M S", "team_title": "Mainz 05", "npg": 1.0, "npxG": 0.96, "xGChain": 10.1, "xGBuildup": 6.47}, {"player_name": "Evan Ndicka", "games": 22.0, "time": 1729.0, "goals": 1.0, "xG": 0.66, "assists": 1.0, "xA": 0.9, "shots": 10.0, "key_passes": 8.0, "yellow_cards": 3.0, "red_cards": 0.0, "position": "D S", "team_title": "Eintracht Frankfurt", "npg": 1.0, "npxG": 0.66, "xGChain": 6.97, "xGBuildup": 6.0}, {"player_name": "Niko Gießelmann", "games": 25.0, "time": 2060.0, "goals": 1.0, "xG": 0.48, "assists": 1.0, "xA": 1.71, "shots": 14.0, "key_passes": 22.0, "yellow_cards": 6.0, "red_cards": 0.0, "position": "D S", "team_title": "Fortuna Duesseldorf", "npg": 1.0, "npxG": 0.48, "xGChain": 4.31, "xGBuildup": 3.1}, {"player_name": "Xaver Schlager", "games": 23.0, "time": 1736.0, "goals": 1.0, "xG": 1.2, "assists": 2.0, "xA": 2.29, "shots": 32.0, "key_passes": 15.0, "yellow_cards": 4.0, "red_cards": 0.0, "position": "F M S", "team_title": "Wolfsburg", "npg": 1.0, "npxG": 1.2, "xGChain": 6.2, "xGBuildup": 3.04}, {"player_name": "Kingsley Ehizibue", "games": 31.0, "time": 2352.0, "goals": 1.0, "xG": 1.17, "assists": 1.0, "xA": 1.34, "shots": 12.0, "key_passes": 15.0, "yellow_cards": 6.0, "red_cards": 1.0, "position": "D M S", "team_title": "FC Cologne", "npg": 1.0, "npxG": 1.17, "xGChain": 5.75, "xGBuildup": 4.0}, {"player_name": "Rafael Czichos", "games": 26.0, "time": 2210.0, "goals": 1.0, "xG": 2.4, "assists": 1.0, "xA": 0.89, "shots": 13.0, "key_passes": 7.0, "yellow_cards": 2.0, "red_cards": 1.0, "position": "D", "team_title": "FC Cologne", "npg": 1.0, "npxG": 2.4, "xGChain": 4.09, "xGBuildup": 3.78}, {"player_name": "Jamilu Collins", "games": 30.0, "time": 2670.0, "goals": 1.0, "xG": 1.9, "assists": 2.0, "xA": 1.19, "shots": 19.0, "key_passes": 19.0, "yellow_cards": 7.0, "red_cards": 1.0, "position": "D", "team_title": "Paderborn", "npg": 1.0, "npxG": 1.15, "xGChain": 6.27, "xGBuildup": 4.65}, {"player_name": "Sebastian Vasiliadis", "games": 32.0, "time": 2812.0, "goals": 1.0, "xG": 1.29, "assists": 1.0, "xA": 2.33, "shots": 37.0, "key_passes": 27.0, "yellow_cards": 10.0, "red_cards": 0.0, "position": "M", "team_title": "Paderborn", "npg": 1.0, "npxG": 1.29, "xGChain": 5.87, "xGBuildup": 3.8}, {"player_name": "Christopher Antwi-Adjei", "games": 34.0, "time": 2470.0, "goals": 1.0, "xG": 3.63, "assists": 2.0, "xA": 4.13, "shots": 46.0, "key_passes": 43.0, "yellow_cards": 2.0, "red_cards": 0.0, "position": "D F M S", "team_title": "Paderborn", "npg": 1.0, "npxG": 3.63, "xGChain": 11.43, "xGBuildup": 4.32}, {"player_name": "Stefan Lainer", "games": 31.0, "time": 2717.0, "goals": 1.0, "xG": 1.95, "assists": 3.0, "xA": 4.17, "shots": 15.0, "key_passes": 36.0, "yellow_cards": 9.0, "red_cards": 0.0, "position": "D M", "team_title": "Borussia M.Gladbach", "npg": 1.0, "npxG": 1.95, "xGChain": 15.14, "xGBuildup": 12.12}, {"player_name": "Robert Andrich", "games": 30.0, "time": 2588.0, "goals": 1.0, "xG": 2.3, "assists": 2.0, "xA": 1.88, "shots": 49.0, "key_passes": 32.0, "yellow_cards": 11.0, "red_cards": 1.0, "position": "M", "team_title": "Union Berlin", "npg": 1.0, "npxG": 2.3, "xGChain": 8.15, "xGBuildup": 4.8}, {"player_name": "Rune Jarstein", "games": 29.0, "time": 2547.0, "goals": 0.0, "xG": 0.0, "assists": 0.0, "xA": 0.08, "shots": 0.0, "key_passes": 1.0, "yellow_cards": 1.0, "red_cards": 1.0, "position": "GK", "team_title": "Hertha Berlin", "npg": 0.0, "npxG": 0.0, "xGChain": 3.63, "xGBuildup": 3.55}, {"player_name": "John Brooks", "games": 25.0, "time": 2229.0, "goals": 0.0, "xG": 0.91, "assists": 1.0, "xA": 1.35, "shots": 13.0, "key_passes": 6.0, "yellow_cards": 4.0, "red_cards": 0.0, "position": "D", "team_title": "Wolfsburg", "npg": 0.0, "npxG": 0.91, "xGChain": 4.4, "xGBuildup": 4.13}, {"player_name": "Marvin Plattenhardt", "games": 17.0, "time": 1400.0, "goals": 0.0, "xG": 0.34, "assists": 5.0, "xA": 2.78, "shots": 4.0, "key_passes": 26.0, "yellow_cards": 1.0, "red_cards": 0.0, "position": "D M", "team_title": "Hertha Berlin", "npg": 0.0, "npxG": 0.34, "xGChain": 5.18, "xGBuildup": 4.16}, {"player_name": "Per Skjelbred", "games": 24.0, "time": 1644.0, "goals": 0.0, "xG": 0.02, "assists": 0.0, "xA": 0.06, "shots": 1.0, "key_passes": 2.0, "yellow_cards": 4.0, "red_cards": 0.0, "position": "M S", "team_title": "Hertha Berlin", "npg": 0.0, "npxG": 0.02, "xGChain": 6.39, "xGBuildup": 6.31}, {"player_name": "Danny Latza", "games": 23.0, "time": 1383.0, "goals": 0.0, "xG": 1.12, "assists": 2.0, "xA": 2.04, "shots": 16.0, "key_passes": 20.0, "yellow_cards": 7.0, "red_cards": 0.0, "position": "M S", "team_title": "Mainz 05", "npg": 0.0, "npxG": 1.12, "xGChain": 5.26, "xGBuildup": 3.1}, {"player_name": "Oliver Baumann", "games": 30.0, "time": 2700.0, "goals": 0.0, "xG": 0.0, "assists": 0.0, "xA": 0.03, "shots": 0.0, "key_passes": 1.0, "yellow_cards": 1.0, "red_cards": 0.0, "position": "GK", "team_title": "Hoffenheim", "npg": 0.0, "npxG": 0.0, "xGChain": 2.26, "xGBuildup": 2.23}, {"player_name": "Philipp Bargfrede", "games": 15.0, "time": 585.0, "goals": 0.0, "xG": 0.15, "assists": 0.0, "xA": 0.06, "shots": 5.0, "key_passes": 2.0, "yellow_cards": 1.0, "red_cards": 1.0, "position": "M S", "team_title": "Werder Bremen", "npg": 0.0, "npxG": 0.15, "xGChain": 1.71, "xGBuildup": 1.49}, {"player_name": "Florian Grillitsch", "games": 31.0, "time": 2423.0, "goals": 0.0, "xG": 1.11, "assists": 3.0, "xA": 2.57, "shots": 17.0, "key_passes": 18.0, "yellow_cards": 3.0, "red_cards": 0.0, "position": "D M S", "team_title": "Hoffenheim", "npg": 0.0, "npxG": 1.11, "xGChain": 10.51, "xGBuildup": 8.1}, {"player_name": "Felix Kroos", "games": 15.0, "time": 351.0, "goals": 0.0, "xG": 0.35, "assists": 0.0, "xA": 0.0, "shots": 5.0, "key_passes": 0.0, "yellow_cards": 1.0, "red_cards": 0.0, "position": "M S", "team_title": "Union Berlin", "npg": 0.0, "npxG": 0.35, "xGChain": 1.4, "xGBuildup": 1.11}, {"player_name": "Claudio Pizarro", "games": 18.0, "time": 185.0, "goals": 0.0, "xG": 0.43, "assists": 0.0, "xA": 0.51, "shots": 4.0, "key_passes": 5.0, "yellow_cards": 0.0, "red_cards": 0.0, "position": "S", "team_title": "Werder Bremen", "npg": 0.0, "npxG": 0.43, "xGChain": 1.1, "xGBuildup": 0.33}, {"player_name": "Timo Horn", "games": 34.0, "time": 3060.0, "goals": 0.0, "xG": 0.12, "assists": 0.0, "xA": 0.3, "shots": 1.0, "key_passes": 1.0, "yellow_cards": 0.0, "red_cards": 0.0, "position": "GK", "team_title": "FC Cologne", "npg": 0.0, "npxG": 0.12, "xGChain": 3.51, "xGBuildup": 3.1}, {"player_name": "Dominique Heintz", "games": 28.0, "time": 2432.0, "goals": 0.0, "xG": 0.17, "assists": 1.0, "xA": 0.23, "shots": 4.0, "key_passes": 4.0, "yellow_cards": 2.0, "red_cards": 0.0, "position": "D S", "team_title": "Freiburg", "npg": 0.0, "npxG": 0.17, "xGChain": 5.12, "xGBuildup": 4.98}, {"player_name": "Kevin Vogt", "games": 25.0, "time": 2082.0, "goals": 0.0, "xG": 0.3, "assists": 0.0, "xA": 0.8, "shots": 1.0, "key_passes": 6.0, "yellow_cards": 5.0, "red_cards": 0.0, "position": "D M", "team_title": "Hoffenheim", "npg": 0.0, "npxG": 0.3, "xGChain": 6.12, "xGBuildup": 5.93}, {"player_name": "Josuha Guilavogui", "games": 25.0, "time": 2068.0, "goals": 0.0, "xG": 1.01, "assists": 1.0, "xA": 0.95, "shots": 24.0, "key_passes": 9.0, "yellow_cards": 5.0, "red_cards": 1.0, "position": "D M S", "team_title": "Wolfsburg", "npg": 0.0, "npxG": 1.01, "xGChain": 5.9, "xGBuildup": 5.09}, {"player_name": "Koen Casteels", "games": 26.0, "time": 2340.0, "goals": 0.0, "xG": 0.0, "assists": 0.0, "xA": 0.02, "shots": 0.0, "key_passes": 1.0, "yellow_cards": 1.0, "red_cards": 0.0, "position": "GK", "team_title": "Wolfsburg", "npg": 0.0, "npxG": 0.0, "xGChain": 3.92, "xGBuildup": 3.89}, {"player_name": "Jonathan Tah", "games": 25.0, "time": 2091.0, "goals": 0.0, "xG": 0.35, "assists": 1.0, "xA": 0.2, "shots": 6.0, "key_passes": 5.0, "yellow_cards": 4.0, "red_cards": 1.0, "position": "D S", "team_title": "Bayer Leverkusen", "npg": 0.0, "npxG": 0.35, "xGChain": 10.62, "xGBuildup": 10.59}, {"player_name": "Wendell", "games": 24.0, "time": 1906.0, "goals": 0.0, "xG": 0.23, "assists": 2.0, "xA": 1.11, "shots": 10.0, "key_passes": 15.0, "yellow_cards": 4.0, "red_cards": 1.0, "position": "D S", "team_title": "Bayer Leverkusen", "npg": 0.0, "npxG": 0.23, "xGChain": 9.42, "xGBuildup": 8.49}, {"player_name": "Christoph Kramer", "games": 22.0, "time": 1457.0, "goals": 0.0, "xG": 0.32, "assists": 0.0, "xA": 0.45, "shots": 10.0, "key_passes": 9.0, "yellow_cards": 4.0, "red_cards": 0.0, "position": "M S", "team_title": "Borussia M.Gladbach", "npg": 0.0, "npxG": 0.32, "xGChain": 7.63, "xGBuildup": 6.99}, {"player_name": "Yann Sommer", "games": 34.0, "time": 3060.0, "goals": 0.0, "xG": 0.0, "assists": 0.0, "xA": 0.0, "shots": 0.0, "key_passes": 0.0, "yellow_cards": 0.0, "red_cards": 0.0, "position": "GK", "team_title": "Borussia M.Gladbach", "npg": 0.0, "npxG": 0.0, "xGChain": 6.6, "xGBuildup": 6.6}, {"player_name": "Tony Jantschke", "games": 17.0, "time": 1018.0, "goals": 0.0, "xG": 0.67, "assists": 0.0, "xA": 1.1, "shots": 4.0, "key_passes": 7.0, "yellow_cards": 6.0, "red_cards": 0.0, "position": "D S", "team_title": "Borussia M.Gladbach", "npg": 0.0, "npxG": 0.67, "xGChain": 4.43, "xGBuildup": 3.93}, {"player_name": "Manuel Neuer", "games": 33.0, "time": 2970.0, "goals": 0.0, "xG": 0.0, "assists": 0.0, "xA": 0.0, "shots": 0.0, "key_passes": 0.0, "yellow_cards": 0.0, "red_cards": 0.0, "position": "GK", "team_title": "Bayern Munich", "npg": 0.0, "npxG": 0.0, "xGChain": 9.84, "xGBuildup": 9.84}, {"player_name": "Jérôme Boateng", "games": 24.0, "time": 1813.0, "goals": 0.0, "xG": 0.23, "assists": 2.0, "xA": 1.42, "shots": 6.0, "key_passes": 5.0, "yellow_cards": 5.0, "red_cards": 1.0, "position": "D S", "team_title": "Bayern Munich", "npg": 0.0, "npxG": 0.23, "xGChain": 13.06, "xGBuildup": 12.67}, {"player_name": "Javi Martínez", "games": 16.0, "time": 665.0, "goals": 0.0, "xG": 0.13, "assists": 0.0, "xA": 0.1, "shots": 1.0, "key_passes": 2.0, "yellow_cards": 3.0, "red_cards": 1.0, "position": "D M S", "team_title": "Bayern Munich", "npg": 0.0, "npxG": 0.13, "xGChain": 5.99, "xGBuildup": 5.96}, {"player_name": "Dominik Kohr", "games": 26.0, "time": 1453.0, "goals": 0.0, "xG": 1.48, "assists": 3.0, "xA": 1.35, "shots": 29.0, "key_passes": 18.0, "yellow_cards": 5.0, "red_cards": 1.0, "position": "M S", "team_title": "Eintracht Frankfurt", "npg": 0.0, "npxG": 1.48, "xGChain": 6.58, "xGBuildup": 4.65}, {"player_name": "Lukas Hradecky", "games": 34.0, "time": 3060.0, "goals": 0.0, "xG": 0.0, "assists": 0.0, "xA": 0.0, "shots": 0.0, "key_passes": 0.0, "yellow_cards": 1.0, "red_cards": 0.0, "position": "GK", "team_title": "Bayer Leverkusen", "npg": 0.0, "npxG": 0.0, "xGChain": 5.58, "xGBuildup": 5.58}, {"player_name": "Makoto Hasebe", "games": 23.0, "time": 1967.0, "goals": 0.0, "xG": 0.0, "assists": 0.0, "xA": 0.35, "shots": 0.0, "key_passes": 9.0, "yellow_cards": 3.0, "red_cards": 0.0, "position": "D M S", "team_title": "Eintracht Frankfurt", "npg": 0.0, "npxG": 0.0, "xGChain": 7.36, "xGBuildup": 7.23}, {"player_name": "Bastian Oczipka", "games": 34.0, "time": 3011.0, "goals": 0.0, "xG": 0.25, "assists": 5.0, "xA": 2.87, "shots": 9.0, "key_passes": 42.0, "yellow_cards": 4.0, "red_cards": 0.0, "position": "D S", "team_title": "Schalke 04", "npg": 0.0, "npxG": 0.25, "xGChain": 6.22, "xGBuildup": 5.65}, {"player_name": "Mijat Gacinovic", "games": 23.0, "time": 1048.0, "goals": 0.0, "xG": 2.93, "assists": 1.0, "xA": 1.23, "shots": 25.0, "key_passes": 13.0, "yellow_cards": 2.0, "red_cards": 0.0, "position": "F M S", "team_title": "Eintracht Frankfurt", "npg": 0.0, "npxG": 2.93, "xGChain": 6.5, "xGBuildup": 2.83}, {"player_name": "Roman Bürki", "games": 31.0, "time": 2773.0, "goals": 0.0, "xG": 0.0, "assists": 0.0, "xA": 0.0, "shots": 0.0, "key_passes": 0.0, "yellow_cards": 0.0, "red_cards": 0.0, "position": "GK", "team_title": "Borussia Dortmund", "npg": 0.0, "npxG": 0.0, "xGChain": 5.16, "xGBuildup": 5.16}, {"player_name": "Felix Klaus", "games": 23.0, "time": 645.0, "goals": 0.0, "xG": 2.61, "assists": 1.0, "xA": 1.59, "shots": 19.0, "key_passes": 13.0, "yellow_cards": 0.0, "red_cards": 1.0, "position": "F M S", "team_title": "Wolfsburg", "npg": 0.0, "npxG": 2.61, "xGChain": 3.72, "xGBuildup": 0.3}, {"player_name": "Markus Suttner", "games": 21.0, "time": 1335.0, "goals": 0.0, "xG": 0.47, "assists": 1.0, "xA": 0.61, "shots": 15.0, "key_passes": 14.0, "yellow_cards": 3.0, "red_cards": 0.0, "position": "D M S", "team_title": "Fortuna Duesseldorf", "npg": 0.0, "npxG": 0.47, "xGChain": 3.5, "xGBuildup": 2.91}, {"player_name": "Lukas Klünter", "games": 23.0, "time": 1870.0, "goals": 0.0, "xG": 0.26, "assists": 2.0, "xA": 1.7, "shots": 2.0, "key_passes": 11.0, "yellow_cards": 5.0, "red_cards": 0.0, "position": "D M S", "team_title": "Hertha Berlin", "npg": 0.0, "npxG": 0.26, "xGChain": 4.59, "xGBuildup": 2.78}, {"player_name": "Marco Höger", "games": 15.0, "time": 664.0, "goals": 0.0, "xG": 0.08, "assists": 0.0, "xA": 0.13, "shots": 1.0, "key_passes": 5.0, "yellow_cards": 2.0, "red_cards": 0.0, "position": "M S", "team_title": "FC Cologne", "npg": 0.0, "npxG": 0.08, "xGChain": 1.52, "xGBuildup": 1.39}, {"player_name": "Robin Zentner", "games": 22.0, "time": 1937.0, "goals": 0.0, "xG": 0.0, "assists": 0.0, "xA": 0.07, "shots": 0.0, "key_passes": 1.0, "yellow_cards": 1.0, "red_cards": 0.0, "position": "GK", "team_title": "Mainz 05", "npg": 0.0, "npxG": 0.0, "xGChain": 1.44, "xGBuildup": 1.37}, {"player_name": "Matija Nastasic", "games": 16.0, "time": 1363.0, "goals": 0.0, "xG": 1.17, "assists": 0.0, "xA": 0.17, "shots": 12.0, "key_passes": 1.0, "yellow_cards": 2.0, "red_cards": 0.0, "position": "D S", "team_title": "Schalke 04", "npg": 0.0, "npxG": 1.17, "xGChain": 2.37, "xGBuildup": 2.15}, {"player_name": "Stephan Lichtsteiner", "games": 20.0, "time": 1357.0, "goals": 0.0, "xG": 0.03, "assists": 1.0, "xA": 0.54, "shots": 2.0, "key_passes": 8.0, "yellow_cards": 3.0, "red_cards": 1.0, "position": "D S", "team_title": "Augsburg", "npg": 0.0, "npxG": 0.03, "xGChain": 2.8, "xGBuildup": 2.51}, {"player_name": "Niklas Moisander", "games": 22.0, "time": 1980.0, "goals": 0.0, "xG": 0.79, "assists": 0.0, "xA": 0.38, "shots": 14.0, "key_passes": 5.0, "yellow_cards": 3.0, "red_cards": 1.0, "position": "D", "team_title": "Werder Bremen", "npg": 0.0, "npxG": 0.79, "xGChain": 4.98, "xGBuildup": 4.9}, {"player_name": "Lucas Hernández", "games": 19.0, "time": 906.0, "goals": 0.0, "xG": 0.49, "assists": 1.0, "xA": 1.13, "shots": 3.0, "key_passes": 4.0, "yellow_cards": 3.0, "red_cards": 0.0, "position": "D S", "team_title": "Bayern Munich", "npg": 0.0, "npxG": 0.49, "xGChain": 6.02, "xGBuildup": 4.81}, {"player_name": "Omar Mascarell", "games": 23.0, "time": 2036.0, "goals": 0.0, "xG": 0.38, "assists": 1.0, "xA": 1.18, "shots": 10.0, "key_passes": 10.0, "yellow_cards": 4.0, "red_cards": 0.0, "position": "M", "team_title": "Schalke 04", "npg": 0.0, "npxG": 0.38, "xGChain": 5.38, "xGBuildup": 4.93}, {"player_name": "Philipp Lienhart", "games": 22.0, "time": 1818.0, "goals": 0.0, "xG": 0.75, "assists": 1.0, "xA": 0.58, "shots": 7.0, "key_passes": 2.0, "yellow_cards": 3.0, "red_cards": 0.0, "position": "D S", "team_title": "Freiburg", "npg": 0.0, "npxG": 0.75, "xGChain": 3.51, "xGBuildup": 2.36}, {"player_name": "Alessandro Schöpf", "games": 22.0, "time": 1417.0, "goals": 0.0, "xG": 1.3, "assists": 1.0, "xA": 1.08, "shots": 15.0, "key_passes": 11.0, "yellow_cards": 3.0, "red_cards": 0.0, "position": "M S", "team_title": "Schalke 04", "npg": 0.0, "npxG": 1.3, "xGChain": 4.15, "xGBuildup": 2.36}, {"player_name": "Alexander Nübel", "games": 26.0, "time": 2319.0, "goals": 0.0, "xG": 0.0, "assists": 0.0, "xA": 0.0, "shots": 0.0, "key_passes": 0.0, "yellow_cards": 1.0, "red_cards": 1.0, "position": "GK", "team_title": "Schalke 04", "npg": 0.0, "npxG": 0.0, "xGChain": 1.68, "xGBuildup": 1.68}, {"player_name": "Nuri Sahin", "games": 16.0, "time": 1268.0, "goals": 0.0, "xG": 0.43, "assists": 3.0, "xA": 2.63, "shots": 12.0, "key_passes": 28.0, "yellow_cards": 3.0, "red_cards": 1.0, "position": "M", "team_title": "Werder Bremen", "npg": 0.0, "npxG": 0.43, "xGChain": 4.33, "xGBuildup": 3.6}, {"player_name": "Jeffrey Gouweleeuw", "games": 21.0, "time": 1643.0, "goals": 0.0, "xG": 0.0, "assists": 1.0, "xA": 0.21, "shots": 0.0, "key_passes": 5.0, "yellow_cards": 5.0, "red_cards": 0.0, "position": "D S", "team_title": "Augsburg", "npg": 0.0, "npxG": 0.0, "xGChain": 3.55, "xGBuildup": 3.34}, {"player_name": "Milos Veljkovic", "games": 24.0, "time": 2066.0, "goals": 0.0, "xG": 0.54, "assists": 1.0, "xA": 0.79, "shots": 7.0, "key_passes": 5.0, "yellow_cards": 7.0, "red_cards": 0.0, "position": "D S", "team_title": "Werder Bremen", "npg": 0.0, "npxG": 0.54, "xGChain": 4.73, "xGBuildup": 4.41}, {"player_name": "Kevin Trapp", "games": 22.0, "time": 1980.0, "goals": 0.0, "xG": 0.0, "assists": 0.0, "xA": 0.0, "shots": 0.0, "key_passes": 0.0, "yellow_cards": 1.0, "red_cards": 0.0, "position": "GK", "team_title": "Eintracht Frankfurt", "npg": 0.0, "npxG": 0.0, "xGChain": 2.26, "xGBuildup": 2.26}, {"player_name": "Mike Frantz", "games": 18.0, "time": 329.0, "goals": 0.0, "xG": 0.39, "assists": 1.0, "xA": 0.93, "shots": 4.0, "key_passes": 7.0, "yellow_cards": 2.0, "red_cards": 0.0, "position": "M S", "team_title": "Freiburg", "npg": 0.0, "npxG": 0.39, "xGChain": 1.33, "xGBuildup": 0.9}, {"player_name": "Marcel Sobottka", "games": 18.0, "time": 696.0, "goals": 0.0, "xG": 0.34, "assists": 1.0, "xA": 0.14, "shots": 7.0, "key_passes": 2.0, "yellow_cards": 2.0, "red_cards": 0.0, "position": "M S", "team_title": "Fortuna Duesseldorf", "npg": 0.0, "npxG": 0.34, "xGChain": 0.57, "xGBuildup": 0.26}, {"player_name": "Raphael Framberger", "games": 18.0, "time": 1170.0, "goals": 0.0, "xG": 0.1, "assists": 2.0, "xA": 0.85, "shots": 1.0, "key_passes": 5.0, "yellow_cards": 3.0, "red_cards": 0.0, "position": "D S", "team_title": "Augsburg", "npg": 0.0, "npxG": 0.1, "xGChain": 3.07, "xGBuildup": 2.15}, {"player_name": "Grischa Prömel", "games": 16.0, "time": 918.0, "goals": 0.0, "xG": 1.06, "assists": 0.0, "xA": 0.2, "shots": 11.0, "key_passes": 5.0, "yellow_cards": 2.0, "red_cards": 0.0, "position": "M S", "team_title": "Union Berlin", "npg": 0.0, "npxG": 1.06, "xGChain": 1.56, "xGBuildup": 0.44}, {"player_name": "Leopold Zingerle", "games": 28.0, "time": 2520.0, "goals": 0.0, "xG": 0.0, "assists": 0.0, "xA": 0.0, "shots": 0.0, "key_passes": 0.0, "yellow_cards": 1.0, "red_cards": 0.0, "position": "GK", "team_title": "Paderborn", "npg": 0.0, "npxG": 0.0, "xGChain": 3.36, "xGBuildup": 3.36}, {"player_name": "Aarón Martín", "games": 22.0, "time": 1804.0, "goals": 0.0, "xG": 0.29, "assists": 0.0, "xA": 3.25, "shots": 9.0, "key_passes": 32.0, "yellow_cards": 2.0, "red_cards": 0.0, "position": "D M S", "team_title": "Mainz 05", "npg": 0.0, "npxG": 0.29, "xGChain": 3.66, "xGBuildup": 2.2}, {"player_name": "Aleksandar Dragovic", "games": 15.0, "time": 1030.0, "goals": 0.0, "xG": 0.81, "assists": 0.0, "xA": 0.07, "shots": 2.0, "key_passes": 2.0, "yellow_cards": 5.0, "red_cards": 1.0, "position": "D S", "team_title": "Bayer Leverkusen", "npg": 0.0, "npxG": 0.81, "xGChain": 2.6, "xGBuildup": 2.42}, {"player_name": "Péter Gulácsi", "games": 32.0, "time": 2880.0, "goals": 0.0, "xG": 0.0, "assists": 1.0, "xA": 0.31, "shots": 0.0, "key_passes": 2.0, "yellow_cards": 0.0, "red_cards": 0.0, "position": "GK", "team_title": "RasenBallsport Leipzig", "npg": 0.0, "npxG": 0.0, "xGChain": 6.5, "xGBuildup": 6.19}, {"player_name": "Dayotchanculle Upamecano", "games": 28.0, "time": 2360.0, "goals": 0.0, "xG": 1.72, "assists": 1.0, "xA": 1.09, "shots": 13.0, "key_passes": 9.0, "yellow_cards": 6.0, "red_cards": 1.0, "position": "D S", "team_title": "RasenBallsport Leipzig", "npg": 0.0, "npxG": 1.72, "xGChain": 10.98, "xGBuildup": 10.53}, {"player_name": "Diego Demme", "games": 17.0, "time": 1217.0, "goals": 0.0, "xG": 0.73, "assists": 0.0, "xA": 0.78, "shots": 4.0, "key_passes": 11.0, "yellow_cards": 3.0, "red_cards": 0.0, "position": "M S", "team_title": "RasenBallsport Leipzig", "npg": 0.0, "npxG": 0.73, "xGChain": 8.18, "xGBuildup": 6.78}, {"player_name": "Rani Khedira", "games": 32.0, "time": 2668.0, "goals": 0.0, "xG": 0.38, "assists": 2.0, "xA": 1.8, "shots": 9.0, "key_passes": 11.0, "yellow_cards": 8.0, "red_cards": 0.0, "position": "D M", "team_title": "Augsburg", "npg": 0.0, "npxG": 0.38, "xGChain": 7.16, "xGBuildup": 5.8}, {"player_name": "Benno Schmitz", "games": 18.0, "time": 1159.0, "goals": 0.0, "xG": 0.09, "assists": 0.0, "xA": 1.04, "shots": 2.0, "key_passes": 15.0, "yellow_cards": 1.0, "red_cards": 0.0, "position": "D S", "team_title": "FC Cologne", "npg": 0.0, "npxG": 0.09, "xGChain": 2.78, "xGBuildup": 2.4}, {"player_name": "László Bénes", "games": 22.0, "time": 895.0, "goals": 0.0, "xG": 1.13, "assists": 4.0, "xA": 3.98, "shots": 23.0, "key_passes": 27.0, "yellow_cards": 3.0, "red_cards": 0.0, "position": "M S", "team_title": "Borussia M.Gladbach", "npg": 0.0, "npxG": 1.13, "xGChain": 5.57, "xGBuildup": 3.54}, {"player_name": "Alexander Schwolow", "games": 24.0, "time": 2092.0, "goals": 0.0, "xG": 0.0, "assists": 0.0, "xA": 0.0, "shots": 0.0, "key_passes": 0.0, "yellow_cards": 0.0, "red_cards": 0.0, "position": "GK", "team_title": "Freiburg", "npg": 0.0, "npxG": 0.0, "xGChain": 1.95, "xGBuildup": 1.95}, {"player_name": "Rafal Gikiewicz", "games": 33.0, "time": 2970.0, "goals": 0.0, "xG": 0.83, "assists": 0.0, "xA": 0.17, "shots": 2.0, "key_passes": 2.0, "yellow_cards": 0.0, "red_cards": 0.0, "position": "GK", "team_title": "Union Berlin", "npg": 0.0, "npxG": 0.83, "xGChain": 2.59, "xGBuildup": 2.42}, {"player_name": "Guido Burgstaller", "games": 21.0, "time": 1220.0, "goals": 0.0, "xG": 3.99, "assists": 1.0, "xA": 0.97, "shots": 35.0, "key_passes": 8.0, "yellow_cards": 3.0, "red_cards": 0.0, "position": "F S", "team_title": "Schalke 04", "npg": 0.0, "npxG": 3.99, "xGChain": 5.03, "xGBuildup": 1.39}, {"player_name": "Jeffrey Bruma", "games": 17.0, "time": 1488.0, "goals": 0.0, "xG": 1.65, "assists": 0.0, "xA": 0.0, "shots": 16.0, "key_passes": 0.0, "yellow_cards": 4.0, "red_cards": 0.0, "position": "D", "team_title": "Mainz 05", "npg": 0.0, "npxG": 1.65, "xGChain": 1.0, "xGBuildup": 0.97}, {"player_name": "Stefan Posch", "games": 28.0, "time": 2327.0, "goals": 0.0, "xG": 2.48, "assists": 0.0, "xA": 0.67, "shots": 25.0, "key_passes": 5.0, "yellow_cards": 9.0, "red_cards": 0.0, "position": "D S", "team_title": "Hoffenheim", "npg": 0.0, "npxG": 2.48, "xGChain": 6.49, "xGBuildup": 5.88}, {"player_name": "Jacob Bruun Larsen", "games": 15.0, "time": 443.0, "goals": 0.0, "xG": 0.22, "assists": 2.0, "xA": 2.35, "shots": 4.0, "key_passes": 14.0, "yellow_cards": 0.0, "red_cards": 0.0, "position": "F M S", "team_title": "Borussia Dortmund", "npg": 0.0, "npxG": 0.22, "xGChain": 3.04, "xGBuildup": 1.11}, {"player_name": "Dennis Geiger", "games": 21.0, "time": 1142.0, "goals": 0.0, "xG": 0.92, "assists": 3.0, "xA": 2.06, "shots": 12.0, "key_passes": 30.0, "yellow_cards": 3.0, "red_cards": 0.0, "position": "M S", "team_title": "Hoffenheim", "npg": 0.0, "npxG": 0.92, "xGChain": 4.91, "xGBuildup": 3.47}, {"player_name": "Jiri Pavlenka", "games": 33.0, "time": 2970.0, "goals": 0.0, "xG": 0.0, "assists": 0.0, "xA": 0.03, "shots": 0.0, "key_passes": 1.0, "yellow_cards": 1.0, "red_cards": 0.0, "position": "GK", "team_title": "Werder Bremen", "npg": 0.0, "npxG": 0.0, "xGChain": 2.96, "xGBuildup": 2.93}, {"player_name": "Felix Uduokhai", "games": 26.0, "time": 1954.0, "goals": 0.0, "xG": 0.15, "assists": 0.0, "xA": 0.22, "shots": 4.0, "key_passes": 5.0, "yellow_cards": 3.0, "red_cards": 0.0, "position": "D S", "team_title": "Augsburg", "npg": 0.0, "npxG": 0.15, "xGChain": 2.17, "xGBuildup": 2.13}, {"player_name": "Dawid Kownacki", "games": 20.0, "time": 1084.0, "goals": 0.0, "xG": 2.77, "assists": 0.0, "xA": 0.82, "shots": 27.0, "key_passes": 12.0, "yellow_cards": 4.0, "red_cards": 0.0, "position": "F M S", "team_title": "Fortuna Duesseldorf", "npg": 0.0, "npxG": 2.77, "xGChain": 4.26, "xGBuildup": 1.52}, {"player_name": "Tomas Koubek", "games": 24.0, "time": 2160.0, "goals": 0.0, "xG": 0.0, "assists": 0.0, "xA": 0.03, "shots": 0.0, "key_passes": 1.0, "yellow_cards": 2.0, "red_cards": 0.0, "position": "GK", "team_title": "Augsburg", "npg": 0.0, "npxG": 0.0, "xGChain": 2.56, "xGBuildup": 2.53}, {"player_name": "Kevin Akpoguma", "games": 18.0, "time": 1131.0, "goals": 0.0, "xG": 0.09, "assists": 0.0, "xA": 0.09, "shots": 2.0, "key_passes": 2.0, "yellow_cards": 2.0, "red_cards": 0.0, "position": "D F S", "team_title": "Hoffenheim", "npg": 0.0, "npxG": 0.09, "xGChain": 2.9, "xGBuildup": 2.82}, {"player_name": "Manuel Akanji", "games": 29.0, "time": 2309.0, "goals": 0.0, "xG": 0.81, "assists": 1.0, "xA": 0.47, "shots": 8.0, "key_passes": 3.0, "yellow_cards": 2.0, "red_cards": 0.0, "position": "D S", "team_title": "Borussia Dortmund", "npg": 0.0, "npxG": 0.81, "xGChain": 11.96, "xGBuildup": 11.79}, {"player_name": "Jean Zimmer", "games": 17.0, "time": 713.0, "goals": 0.0, "xG": 0.45, "assists": 0.0, "xA": 1.17, "shots": 9.0, "key_passes": 13.0, "yellow_cards": 2.0, "red_cards": 0.0, "position": "D F M S", "team_title": "Fortuna Duesseldorf", "npg": 0.0, "npxG": 0.45, "xGChain": 0.98, "xGBuildup": 0.51}, {"player_name": "Kevin Stöger", "games": 17.0, "time": 1269.0, "goals": 0.0, "xG": 0.65, "assists": 4.0, "xA": 2.22, "shots": 21.0, "key_passes": 26.0, "yellow_cards": 3.0, "red_cards": 0.0, "position": "M S", "team_title": "Fortuna Duesseldorf", "npg": 0.0, "npxG": 0.65, "xGChain": 5.22, "xGBuildup": 3.61}, {"player_name": "Leandro Barreiro Martins", "games": 18.0, "time": 941.0, "goals": 0.0, "xG": 0.42, "assists": 2.0, "xA": 0.25, "shots": 8.0, "key_passes": 6.0, "yellow_cards": 4.0, "red_cards": 0.0, "position": "M S", "team_title": "Mainz 05", "npg": 0.0, "npxG": 0.42, "xGChain": 2.32, "xGBuildup": 1.79}, {"player_name": "Adam Bodzek", "games": 28.0, "time": 2023.0, "goals": 0.0, "xG": 0.7, "assists": 0.0, "xA": 0.27, "shots": 9.0, "key_passes": 8.0, "yellow_cards": 10.0, "red_cards": 0.0, "position": "M S", "team_title": "Fortuna Duesseldorf", "npg": 0.0, "npxG": 0.7, "xGChain": 2.54, "xGBuildup": 1.79}, {"player_name": "Keven Schlotterbeck", "games": 23.0, "time": 1941.0, "goals": 0.0, "xG": 0.93, "assists": 0.0, "xA": 0.01, "shots": 12.0, "key_passes": 1.0, "yellow_cards": 6.0, "red_cards": 1.0, "position": "D", "team_title": "Union Berlin", "npg": 0.0, "npxG": 0.93, "xGChain": 1.69, "xGBuildup": 1.61}, {"player_name": "Amadou Haidara", "games": 19.0, "time": 732.0, "goals": 0.0, "xG": 0.72, "assists": 1.0, "xA": 2.05, "shots": 19.0, "key_passes": 11.0, "yellow_cards": 1.0, "red_cards": 0.0, "position": "M S", "team_title": "RasenBallsport Leipzig", "npg": 0.0, "npxG": 0.72, "xGChain": 6.49, "xGBuildup": 4.93}, {"player_name": "Laurent Jans", "games": 22.0, "time": 1586.0, "goals": 0.0, "xG": 0.12, "assists": 1.0, "xA": 0.85, "shots": 8.0, "key_passes": 10.0, "yellow_cards": 2.0, "red_cards": 0.0, "position": "D S", "team_title": "Paderborn", "npg": 0.0, "npxG": 0.12, "xGChain": 2.78, "xGBuildup": 2.28}, {"player_name": "Luca Kilian", "games": 15.0, "time": 1263.0, "goals": 0.0, "xG": 0.04, "assists": 0.0, "xA": 0.19, "shots": 1.0, "key_passes": 2.0, "yellow_cards": 1.0, "red_cards": 0.0, "position": "D S", "team_title": "Paderborn", "npg": 0.0, "npxG": 0.04, "xGChain": 1.93, "xGBuildup": 1.74}, {"player_name": "Zack Steffen", "games": 17.0, "time": 1530.0, "goals": 0.0, "xG": 0.0, "assists": 0.0, "xA": 0.04, "shots": 0.0, "key_passes": 1.0, "yellow_cards": 0.0, "red_cards": 0.0, "position": "GK", "team_title": "Fortuna Duesseldorf", "npg": 0.0, "npxG": 0.0, "xGChain": 0.47, "xGBuildup": 0.44}, {"player_name": "Florian Kastenmeier", "games": 17.0, "time": 1530.0, "goals": 0.0, "xG": 0.0, "assists": 0.0, "xA": 0.3, "shots": 0.0, "key_passes": 2.0, "yellow_cards": 0.0, "red_cards": 0.0, "position": "GK", "team_title": "Fortuna Duesseldorf", "npg": 0.0, "npxG": 0.0, "xGChain": 1.76, "xGBuildup": 1.47}, {"player_name": "Diadie Samassékou", "games": 21.0, "time": 1305.0, "goals": 0.0, "xG": 0.13, "assists": 1.0, "xA": 1.17, "shots": 6.0, "key_passes": 9.0, "yellow_cards": 4.0, "red_cards": 0.0, "position": "M S", "team_title": "Hoffenheim", "npg": 0.0, "npxG": 0.13, "xGChain": 2.97, "xGBuildup": 2.25}, {"player_name": "Christopher Trimmel", "games": 32.0, "time": 2864.0, "goals": 0.0, "xG": 0.09, "assists": 8.0, "xA": 7.4, "shots": 5.0, "key_passes": 67.0, "yellow_cards": 6.0, "red_cards": 0.0, "position": "D M", "team_title": "Union Berlin", "npg": 0.0, "npxG": 0.09, "xGChain": 4.5, "xGBuildup": 3.42}, {"player_name": "Christopher Lenz", "games": 26.0, "time": 2271.0, "goals": 0.0, "xG": 0.6, "assists": 3.0, "xA": 2.88, "shots": 14.0, "key_passes": 24.0, "yellow_cards": 2.0, "red_cards": 0.0, "position": "D M", "team_title": "Union Berlin", "npg": 0.0, "npxG": 0.6, "xGChain": 5.49, "xGBuildup": 2.83}, {"player_name": "Joshua Mees", "games": 15.0, "time": 294.0, "goals": 0.0, "xG": 0.42, "assists": 1.0, "xA": 0.27, "shots": 9.0, "key_passes": 4.0, "yellow_cards": 1.0, "red_cards": 0.0, "position": "M S", "team_title": "Union Berlin", "npg": 0.0, "npxG": 0.42, "xGChain": 0.75, "xGBuildup": 0.28}, {"player_name": "Noah Katterbach", "games": 18.0, "time": 1319.0, "goals": 0.0, "xG": 0.1, "assists": 0.0, "xA": 0.25, "shots": 3.0, "key_passes": 9.0, "yellow_cards": 2.0, "red_cards": 0.0, "position": "D S", "team_title": "FC Cologne", "npg": 0.0, "npxG": 0.1, "xGChain": 2.56, "xGBuildup": 2.39}, {"player_name": "Giovanni Reyna", "games": 15.0, "time": 339.0, "goals": 0.0, "xG": 0.23, "assists": 1.0, "xA": 0.98, "shots": 4.0, "key_passes": 5.0, "yellow_cards": 2.0, "red_cards": 0.0, "position": "F M S", "team_title": "Borussia Dortmund", "npg": 0.0, "npxG": 0.23, "xGChain": 3.93, "xGBuildup": 3.27}]