[{"player_name": "Wissam Ben Yedder", "games": 26.0, "time": 2195.0, "goals": 18.0, "xG": 14.89, "assists": 4.0, "xA": 6.42, "shots": 64.0, "key_passes": 45.0, "yellow_cards": 0.0, "red_cards": 0.0, "position": "F S", "team_title": "Monaco", "npg": 15.0, "npxG": 12.6, "xGChain": 21.0, "xGBuildup": 4.12}, {"player_name": "Kylian Mbappe-Lottin", "games": 20.0, "time": 1522.0, "goals": 18.0, "xG": 16.57, "assists": 5.0, "xA": 10.58, "shots": 88.0, "key_passes": 40.0, "yellow_cards": 0.0, "red_cards": 0.0, "position": "F S", "team_title": "Paris Saint Germain", "npg": 18.0, "npxG": 16.57, "xGChain": 29.43, "xGBuildup": 6.04}, {"player_name": "Moussa Dembele", "games": 27.0, "time": 2184.0, "goals": 16.0, "xG": 11.4, "assists": 2.0, "xA": 1.68, "shots": 56.0, "key_passes": 21.0, "yellow_cards": 3.0, "red_cards": 0.0, "position": "F S", "team_title": "Lyon", "npg": 12.0, "npxG": 7.6, "xGChain": 9.38, "xGBuildup": 1.7}, {"player_name": "Victor Osimhen", "games": 27.0, "time": 2294.0, "goals": 13.0, "xG": 15.81, "assists": 4.0, "xA": 3.07, "shots": 86.0, "key_passes": 21.0, "yellow_cards": 4.0, "red_cards": 0.0, "position": "F S", "team_title": "Lille", "npg": 11.0, "npxG": 13.53, "xGChain": 14.65, "xGBuildup": 0.24}, {"player_name": "Mauro Icardi", "games": 20.0, "time": 1263.0, "goals": 12.0, "xG": 11.46, "assists": 2.0, "xA": 2.16, "shots": 36.0, "key_passes": 11.0, "yellow_cards": 0.0, "red_cards": 0.0, "position": "F S", "team_title": "Paris Saint Germain", "npg": 12.0, "npxG": 11.46, "xGChain": 17.38, "xGBuildup": 4.95}, {"player_name": "Neymar", "games": 15.0, "time": 1325.0, "goals": 12.0, "xG": 14.73, "assists": 6.0, "xA": 5.25, "shots": 70.0, "key_passes": 38.0, "yellow_cards": 2.0, "red_cards": 1.0, "position": "F M", "team_title": "Paris Saint Germain", "npg": 8.0, "npxG": 10.92, "xGChain": 21.3, "xGBuildup": 7.21}, {"player_name": "Habib Diallo", "games": 26.0, "time": 2214.0, "goals": 12.0, "xG": 9.17, "assists": 3.0, "xA": 1.98, "shots": 76.0, "key_passes": 24.0, "yellow_cards": 2.0, "red_cards": 1.0, "position": "F", "team_title": "Metz", "npg": 11.0, "npxG": 6.89, "xGChain": 8.56, "xGBuildup": 0.79}, {"player_name": "Darío Benedetto", "games": 26.0, "time": 2142.0, "goals": 11.0, "xG": 9.78, "assists": 0.0, "xA": 1.55, "shots": 61.0, "key_passes": 20.0, "yellow_cards": 4.0, "red_cards": 0.0, "position": "F S", "team_title": "Marseille", "npg": 11.0, "npxG": 9.02, "xGChain": 10.92, "xGBuildup": 2.13}, {"player_name": "Kasper Dolberg", "games": 23.0, "time": 1908.0, "goals": 11.0, "xG": 8.63, "assists": 3.0, "xA": 2.38, "shots": 42.0, "key_passes": 12.0, "yellow_cards": 2.0, "red_cards": 0.0, "position": "F S", "team_title": "Nice", "npg": 11.0, "npxG": 8.63, "xGChain": 10.75, "xGBuildup": 2.41}, {"player_name": "Denis Bouanga", "games": 26.0, "time": 2049.0, "goals": 10.0, "xG": 9.68, "assists": 3.0, "xA": 1.84, "shots": 77.0, "key_passes": 18.0, "yellow_cards": 4.0, "red_cards": 0.0, "position": "D F M S", "team_title": "Saint-Etienne", "npg": 7.0, "npxG": 7.39, "xGChain": 9.81, "xGBuildup": 1.78}, {"player_name": "Dimitri Payet", "games": 22.0, "time": 1951.0, "goals": 9.0, "xG": 5.86, "assists": 4.0, "xA": 6.86, "shots": 63.0, "key_passes": 87.0, "yellow_cards": 5.0, "red_cards": 1.0, "position": "F M", "team_title": "Marseille", "npg": 6.0, "npxG": 3.58, "xGChain": 11.01, "xGBuildup": 6.14}, {"player_name": "M&#039;Baye Niang", "games": 26.0, "time": 2137.0, "goals": 9.0, "xG": 7.96, "assists": 0.0, "xA": 0.47, "shots": 66.0, "key_passes": 10.0, "yellow_cards": 2.0, "red_cards": 0.0, "position": "F M S", "team_title": "Rennes", "npg": 9.0, "npxG": 6.44, "xGChain": 7.74, "xGBuildup": 1.56}, {"player_name": "Islam Slimani", "games": 18.0, "time": 1285.0, "goals": 9.0, "xG": 9.75, "assists": 7.0, "xA": 4.19, "shots": 53.0, "key_passes": 32.0, "yellow_cards": 4.0, "red_cards": 1.0, "position": "F S", "team_title": "Monaco", "npg": 8.0, "npxG": 8.99, "xGChain": 15.54, "xGBuildup": 4.61}, {"player_name": "Andy Delort", "games": 26.0, "time": 2292.0, "goals": 9.0, "xG": 11.82, "assists": 3.0, "xA": 4.78, "shots": 84.0, "key_passes": 38.0, "yellow_cards": 5.0, "red_cards": 0.0, "position": "F", "team_title": "Montpellier", "npg": 9.0, "npxG": 10.3, "xGChain": 12.5, "xGBuildup": 1.79}, {"player_name": "Sehrou Guirassy", "games": 23.0, "time": 1932.0, "goals": 9.0, "xG": 8.72, "assists": 2.0, "xA": 1.05, "shots": 45.0, "key_passes": 15.0, "yellow_cards": 6.0, "red_cards": 0.0, "position": "F", "team_title": "Amiens", "npg": 6.0, "npxG": 5.68, "xGChain": 7.09, "xGBuildup": 2.16}, {"player_name": "Ángel Di María", "games": 26.0, "time": 2016.0, "goals": 8.0, "xG": 8.4, "assists": 14.0, "xA": 13.91, "shots": 74.0, "key_passes": 77.0, "yellow_cards": 2.0, "red_cards": 0.0, "position": "F M S", "team_title": "Paris Saint Germain", "npg": 7.0, "npxG": 6.88, "xGChain": 29.72, "xGBuildup": 13.95}, {"player_name": "Adrien Hunou", "games": 23.0, "time": 1203.0, "goals": 8.0, "xG": 8.38, "assists": 1.0, "xA": 1.32, "shots": 28.0, "key_passes": 14.0, "yellow_cards": 2.0, "red_cards": 0.0, "position": "F M S", "team_title": "Rennes", "npg": 7.0, "npxG": 7.62, "xGChain": 7.03, "xGBuildup": 1.52}, {"player_name": "Ludovic Ajorque", "games": 26.0, "time": 2082.0, "goals": 8.0, "xG": 6.46, "assists": 4.0, "xA": 3.36, "shots": 50.0, "key_passes": 16.0, "yellow_cards": 3.0, "red_cards": 0.0, "position": "F S", "team_title": "Strasbourg", "npg": 7.0, "npxG": 5.7, "xGChain": 10.18, "xGBuildup": 2.23}, {"player_name": "Loïc Remy", "games": 20.0, "time": 965.0, "goals": 7.0, "xG": 4.67, "assists": 0.0, "xA": 0.42, "shots": 28.0, "key_passes": 8.0, "yellow_cards": 2.0, "red_cards": 0.0, "position": "F S", "team_title": "Lille", "npg": 7.0, "npxG": 4.67, "xGChain": 7.16, "xGBuildup": 2.66}, {"player_name": "Jimmy Briand", "games": 22.0, "time": 1528.0, "goals": 7.0, "xG": 5.5, "assists": 1.0, "xA": 0.93, "shots": 28.0, "key_passes": 18.0, "yellow_cards": 1.0, "red_cards": 0.0, "position": "F S", "team_title": "Bordeaux", "npg": 6.0, "npxG": 4.74, "xGChain": 4.83, "xGBuildup": 0.28}, {"player_name": "Adrien Thomasson", "games": 25.0, "time": 2089.0, "goals": 7.0, "xG": 4.98, "assists": 1.0, "xA": 3.33, "shots": 49.0, "key_passes": 39.0, "yellow_cards": 4.0, "red_cards": 0.0, "position": "F M S", "team_title": "Strasbourg", "npg": 7.0, "npxG": 4.98, "xGChain": 12.84, "xGBuildup": 5.11}, {"player_name": "Wylan Cyprien", "games": 20.0, "time": 1776.0, "goals": 7.0, "xG": 6.1, "assists": 3.0, "xA": 3.5, "shots": 58.0, "key_passes": 37.0, "yellow_cards": 1.0, "red_cards": 1.0, "position": "M", "team_title": "Nice", "npg": 2.0, "npxG": 2.3, "xGChain": 6.76, "xGBuildup": 5.73}, {"player_name": "Boulaye Dia", "games": 24.0, "time": 1818.0, "goals": 7.0, "xG": 5.64, "assists": 1.0, "xA": 2.92, "shots": 38.0, "key_passes": 29.0, "yellow_cards": 0.0, "red_cards": 0.0, "position": "F M S", "team_title": "Reims", "npg": 6.0, "npxG": 4.88, "xGChain": 7.84, "xGBuildup": 1.95}, {"player_name": "Nicolas de Preville", "games": 24.0, "time": 2013.0, "goals": 6.0, "xG": 5.16, "assists": 4.0, "xA": 4.76, "shots": 46.0, "key_passes": 45.0, "yellow_cards": 4.0, "red_cards": 0.0, "position": "F M S", "team_title": "Bordeaux", "npg": 5.0, "npxG": 4.4, "xGChain": 7.62, "xGBuildup": 3.21}, {"player_name": "Gaetan Laborde", "games": 28.0, "time": 2269.0, "goals": 6.0, "xG": 8.41, "assists": 5.0, "xA": 3.18, "shots": 64.0, "key_passes": 24.0, "yellow_cards": 1.0, "red_cards": 0.0, "position": "F M S", "team_title": "Montpellier", "npg": 6.0, "npxG": 8.41, "xGChain": 11.89, "xGBuildup": 3.72}, {"player_name": "Rachid Alioui", "games": 28.0, "time": 1562.0, "goals": 6.0, "xG": 5.22, "assists": 1.0, "xA": 1.24, "shots": 58.0, "key_passes": 18.0, "yellow_cards": 1.0, "red_cards": 0.0, "position": "F S", "team_title": "Angers", "npg": 6.0, "npxG": 5.22, "xGChain": 7.33, "xGBuildup": 2.46}, {"player_name": "Josh Maja", "games": 21.0, "time": 703.0, "goals": 6.0, "xG": 3.47, "assists": 2.0, "xA": 1.27, "shots": 18.0, "key_passes": 11.0, "yellow_cards": 0.0, "red_cards": 0.0, "position": "F S", "team_title": "Bordeaux", "npg": 6.0, "npxG": 3.47, "xGChain": 5.04, "xGBuildup": 0.78}, {"player_name": "Florent Mollet", "games": 25.0, "time": 1687.0, "goals": 6.0, "xG": 3.13, "assists": 3.0, "xA": 5.03, "shots": 46.0, "key_passes": 43.0, "yellow_cards": 5.0, "red_cards": 0.0, "position": "M S", "team_title": "Montpellier", "npg": 6.0, "npxG": 3.13, "xGChain": 7.26, "xGBuildup": 3.3}, {"player_name": "Irvin Cardona", "games": 21.0, "time": 1449.0, "goals": 6.0, "xG": 5.23, "assists": 3.0, "xA": 2.57, "shots": 50.0, "key_passes": 18.0, "yellow_cards": 3.0, "red_cards": 0.0, "position": "F M S", "team_title": "Brest", "npg": 6.0, "npxG": 5.23, "xGChain": 7.76, "xGBuildup": 1.71}, {"player_name": "Téji Savanier", "games": 19.0, "time": 1543.0, "goals": 6.0, "xG": 2.46, "assists": 2.0, "xA": 2.14, "shots": 31.0, "key_passes": 28.0, "yellow_cards": 5.0, "red_cards": 0.0, "position": "M S", "team_title": "Montpellier", "npg": 4.0, "npxG": 0.94, "xGChain": 4.35, "xGBuildup": 3.59}, {"player_name": "Hwang Ui-Jo", "games": 24.0, "time": 1646.0, "goals": 6.0, "xG": 3.93, "assists": 2.0, "xA": 0.96, "shots": 36.0, "key_passes": 6.0, "yellow_cards": 2.0, "red_cards": 0.0, "position": "F M S", "team_title": "Bordeaux", "npg": 6.0, "npxG": 3.93, "xGChain": 4.68, "xGBuildup": 1.33}, {"player_name": "Mama Baldé", "games": 24.0, "time": 1695.0, "goals": 6.0, "xG": 4.82, "assists": 2.0, "xA": 3.34, "shots": 51.0, "key_passes": 22.0, "yellow_cards": 2.0, "red_cards": 0.0, "position": "F M S", "team_title": "Dijon", "npg": 6.0, "npxG": 4.82, "xGChain": 8.58, "xGBuildup": 2.09}, {"player_name": "Romain Philippoteaux", "games": 27.0, "time": 2006.0, "goals": 5.0, "xG": 2.52, "assists": 2.0, "xA": 1.45, "shots": 31.0, "key_passes": 22.0, "yellow_cards": 3.0, "red_cards": 0.0, "position": "F M S", "team_title": "Nimes", "npg": 5.0, "npxG": 2.52, "xGChain": 5.87, "xGBuildup": 2.52}, {"player_name": "Ludovic Blas", "games": 24.0, "time": 1872.0, "goals": 5.0, "xG": 3.83, "assists": 1.0, "xA": 1.5, "shots": 46.0, "key_passes": 24.0, "yellow_cards": 0.0, "red_cards": 0.0, "position": "F M S", "team_title": "Nantes", "npg": 5.0, "npxG": 3.83, "xGChain": 7.4, "xGBuildup": 3.14}, {"player_name": "Morgan Sanson", "games": 27.0, "time": 2214.0, "goals": 5.0, "xG": 4.18, "assists": 4.0, "xA": 3.45, "shots": 39.0, "key_passes": 31.0, "yellow_cards": 5.0, "red_cards": 0.0, "position": "M S", "team_title": "Marseille", "npg": 5.0, "npxG": 4.18, "xGChain": 9.74, "xGBuildup": 3.55}, {"player_name": "Pierre Lees-Melou", "games": 26.0, "time": 2251.0, "goals": 5.0, "xG": 4.23, "assists": 5.0, "xA": 3.91, "shots": 54.0, "key_passes": 33.0, "yellow_cards": 5.0, "red_cards": 0.0, "position": "M S", "team_title": "Nice", "npg": 5.0, "npxG": 4.23, "xGChain": 10.18, "xGBuildup": 4.08}, {"player_name": "Júlio Tavares", "games": 23.0, "time": 1991.0, "goals": 5.0, "xG": 6.83, "assists": 2.0, "xA": 1.95, "shots": 50.0, "key_passes": 33.0, "yellow_cards": 0.0, "red_cards": 0.0, "position": "F M S", "team_title": "Dijon", "npg": 4.0, "npxG": 6.07, "xGChain": 8.75, "xGBuildup": 1.92}, {"player_name": "Opa Nguette", "games": 26.0, "time": 1875.0, "goals": 5.0, "xG": 2.51, "assists": 2.0, "xA": 1.18, "shots": 27.0, "key_passes": 20.0, "yellow_cards": 1.0, "red_cards": 0.0, "position": "F M S", "team_title": "Metz", "npg": 5.0, "npxG": 2.51, "xGChain": 6.05, "xGBuildup": 2.6}, {"player_name": "John Mendoza", "games": 15.0, "time": 1104.0, "goals": 5.0, "xG": 3.33, "assists": 0.0, "xA": 0.59, "shots": 23.0, "key_passes": 10.0, "yellow_cards": 2.0, "red_cards": 0.0, "position": "F M S", "team_title": "Amiens", "npg": 5.0, "npxG": 3.33, "xGChain": 5.36, "xGBuildup": 1.66}, {"player_name": "Nemanja Radonjic", "games": 21.0, "time": 862.0, "goals": 5.0, "xG": 3.58, "assists": 1.0, "xA": 1.41, "shots": 30.0, "key_passes": 14.0, "yellow_cards": 3.0, "red_cards": 0.0, "position": "F M S", "team_title": "Marseille", "npg": 5.0, "npxG": 3.58, "xGChain": 5.68, "xGBuildup": 0.85}, {"player_name": "Moses Simon", "games": 26.0, "time": 2182.0, "goals": 5.0, "xG": 6.36, "assists": 5.0, "xA": 4.84, "shots": 43.0, "key_passes": 35.0, "yellow_cards": 2.0, "red_cards": 0.0, "position": "F M S", "team_title": "Nantes", "npg": 5.0, "npxG": 6.36, "xGChain": 11.01, "xGBuildup": 1.49}, {"player_name": "Stephy Mavididi", "games": 24.0, "time": 1400.0, "goals": 5.0, "xG": 3.3, "assists": 1.0, "xA": 0.89, "shots": 26.0, "key_passes": 9.0, "yellow_cards": 0.0, "red_cards": 0.0, "position": "F M S", "team_title": "Dijon", "npg": 5.0, "npxG": 3.3, "xGChain": 6.02, "xGBuildup": 2.81}, {"player_name": "Raphinha", "games": 22.0, "time": 1702.0, "goals": 5.0, "xG": 5.35, "assists": 3.0, "xA": 4.74, "shots": 43.0, "key_passes": 43.0, "yellow_cards": 4.0, "red_cards": 0.0, "position": "F M S", "team_title": "Rennes", "npg": 4.0, "npxG": 4.59, "xGChain": 10.57, "xGBuildup": 3.8}, {"player_name": "Keita", "games": 21.0, "time": 875.0, "goals": 4.0, "xG": 4.38, "assists": 1.0, "xA": 0.61, "shots": 27.0, "key_passes": 5.0, "yellow_cards": 4.0, "red_cards": 0.0, "position": "F M S", "team_title": "Monaco", "npg": 4.0, "npxG": 4.38, "xGChain": 7.59, "xGBuildup": 2.81}, {"player_name": "Pablo Sarabia", "games": 21.0, "time": 1159.0, "goals": 4.0, "xG": 3.91, "assists": 3.0, "xA": 4.03, "shots": 33.0, "key_passes": 19.0, "yellow_cards": 1.0, "red_cards": 0.0, "position": "F M S", "team_title": "Paris Saint Germain", "npg": 4.0, "npxG": 3.91, "xGChain": 11.4, "xGBuildup": 4.98}, {"player_name": "Gaëtan Charbonnier", "games": 26.0, "time": 2071.0, "goals": 4.0, "xG": 6.55, "assists": 5.0, "xA": 2.84, "shots": 50.0, "key_passes": 32.0, "yellow_cards": 5.0, "red_cards": 0.0, "position": "F M S", "team_title": "Brest", "npg": 4.0, "npxG": 5.03, "xGChain": 10.03, "xGBuildup": 3.04}, {"player_name": "Pablo", "games": 25.0, "time": 2174.0, "goals": 4.0, "xG": 1.8, "assists": 0.0, "xA": 0.08, "shots": 17.0, "key_passes": 2.0, "yellow_cards": 2.0, "red_cards": 0.0, "position": "D", "team_title": "Bordeaux", "npg": 4.0, "npxG": 1.8, "xGChain": 3.73, "xGBuildup": 3.67}, {"player_name": "Maxwel Cornet", "games": 22.0, "time": 1320.0, "goals": 4.0, "xG": 1.97, "assists": 3.0, "xA": 3.17, "shots": 24.0, "key_passes": 28.0, "yellow_cards": 1.0, "red_cards": 0.0, "position": "D F M S", "team_title": "Lyon", "npg": 4.0, "npxG": 1.97, "xGChain": 6.22, "xGBuildup": 1.89}, {"player_name": "Lebo Mothiba", "games": 21.0, "time": 1045.0, "goals": 4.0, "xG": 5.59, "assists": 3.0, "xA": 1.65, "shots": 28.0, "key_passes": 10.0, "yellow_cards": 0.0, "red_cards": 0.0, "position": "F S", "team_title": "Strasbourg", "npg": 4.0, "npxG": 5.59, "xGChain": 8.07, "xGBuildup": 1.42}, {"player_name": "Stéphane Bahoken", "games": 20.0, "time": 908.0, "goals": 4.0, "xG": 3.37, "assists": 0.0, "xA": 0.51, "shots": 19.0, "key_passes": 11.0, "yellow_cards": 3.0, "red_cards": 0.0, "position": "F S", "team_title": "Angers", "npg": 3.0, "npxG": 2.61, "xGChain": 4.09, "xGBuildup": 1.09}, {"player_name": "Kalifa Coulibaly", "games": 21.0, "time": 1613.0, "goals": 4.0, "xG": 5.41, "assists": 0.0, "xA": 0.59, "shots": 48.0, "key_passes": 13.0, "yellow_cards": 1.0, "red_cards": 0.0, "position": "F S", "team_title": "Nantes", "npg": 4.0, "npxG": 5.41, "xGChain": 7.46, "xGBuildup": 2.18}, {"player_name": "Renaud Ripart", "games": 24.0, "time": 2042.0, "goals": 4.0, "xG": 5.4, "assists": 2.0, "xA": 2.01, "shots": 48.0, "key_passes": 20.0, "yellow_cards": 0.0, "red_cards": 0.0, "position": "D F M S", "team_title": "Nimes", "npg": 2.0, "npxG": 3.88, "xGChain": 5.1, "xGBuildup": 1.0}, {"player_name": "Remi Oudin", "games": 26.0, "time": 1980.0, "goals": 4.0, "xG": 5.08, "assists": 3.0, "xA": 3.84, "shots": 49.0, "key_passes": 26.0, "yellow_cards": 1.0, "red_cards": 0.0, "position": "F M S", "team_title": "Bordeaux", "npg": 4.0, "npxG": 5.08, "xGChain": 8.79, "xGBuildup": 1.94}, {"player_name": "Gelson Martins", "games": 21.0, "time": 1692.0, "goals": 4.0, "xG": 4.74, "assists": 1.0, "xA": 3.68, "shots": 28.0, "key_passes": 27.0, "yellow_cards": 3.0, "red_cards": 1.0, "position": "D F M S", "team_title": "Monaco", "npg": 4.0, "npxG": 4.74, "xGChain": 11.69, "xGBuildup": 5.25}, {"player_name": "Efthymios Koulouris", "games": 24.0, "time": 1544.0, "goals": 4.0, "xG": 4.23, "assists": 2.0, "xA": 1.0, "shots": 38.0, "key_passes": 17.0, "yellow_cards": 1.0, "red_cards": 0.0, "position": "F S", "team_title": "Toulouse", "npg": 4.0, "npxG": 4.23, "xGChain": 6.03, "xGBuildup": 2.07}, {"player_name": "Mounir Chouiar", "games": 20.0, "time": 1513.0, "goals": 4.0, "xG": 3.25, "assists": 0.0, "xA": 3.69, "shots": 39.0, "key_passes": 44.0, "yellow_cards": 3.0, "red_cards": 1.0, "position": "F M S", "team_title": "Dijon", "npg": 4.0, "npxG": 3.25, "xGChain": 5.27, "xGBuildup": 1.93}, {"player_name": "Max Gradel", "games": 21.0, "time": 1655.0, "goals": 3.0, "xG": 5.14, "assists": 2.0, "xA": 2.06, "shots": 39.0, "key_passes": 17.0, "yellow_cards": 4.0, "red_cards": 0.0, "position": "F M S", "team_title": "Toulouse", "npg": 1.0, "npxG": 2.86, "xGChain": 5.91, "xGBuildup": 2.6}, {"player_name": "Wahbi Khazri", "games": 16.0, "time": 1168.0, "goals": 3.0, "xG": 3.61, "assists": 2.0, "xA": 1.45, "shots": 45.0, "key_passes": 19.0, "yellow_cards": 4.0, "red_cards": 0.0, "position": "F M S", "team_title": "Saint-Etienne", "npg": 2.0, "npxG": 2.85, "xGChain": 5.15, "xGBuildup": 1.45}, {"player_name": "Jeff Reine-Adelaide", "games": 15.0, "time": 884.0, "goals": 3.0, "xG": 1.63, "assists": 2.0, "xA": 1.34, "shots": 6.0, "key_passes": 12.0, "yellow_cards": 3.0, "red_cards": 0.0, "position": "M S", "team_title": "Angers", "npg": 3.0, "npxG": 1.63, "xGChain": 4.93, "xGBuildup": 2.24}, {"player_name": "Aleksandr Golovin", "games": 25.0, "time": 2055.0, "goals": 3.0, "xG": 3.49, "assists": 4.0, "xA": 4.79, "shots": 38.0, "key_passes": 47.0, "yellow_cards": 4.0, "red_cards": 1.0, "position": "M S", "team_title": "Monaco", "npg": 3.0, "npxG": 3.49, "xGChain": 11.83, "xGBuildup": 6.7}, {"player_name": "Marquinhos", "games": 19.0, "time": 1467.0, "goals": 3.0, "xG": 2.37, "assists": 1.0, "xA": 0.83, "shots": 11.0, "key_passes": 4.0, "yellow_cards": 1.0, "red_cards": 0.0, "position": "D M S", "team_title": "Paris Saint Germain", "npg": 3.0, "npxG": 2.37, "xGChain": 15.95, "xGBuildup": 15.52}, {"player_name": "Casimir Ninga", "games": 16.0, "time": 671.0, "goals": 3.0, "xG": 2.83, "assists": 1.0, "xA": 1.21, "shots": 30.0, "key_passes": 12.0, "yellow_cards": 1.0, "red_cards": 1.0, "position": "F M S", "team_title": "Angers", "npg": 3.0, "npxG": 2.83, "xGChain": 5.59, "xGBuildup": 2.25}, {"player_name": "Yoann Court", "games": 23.0, "time": 1475.0, "goals": 3.0, "xG": 1.54, "assists": 7.0, "xA": 3.37, "shots": 33.0, "key_passes": 17.0, "yellow_cards": 6.0, "red_cards": 0.0, "position": "F M S", "team_title": "Brest", "npg": 3.0, "npxG": 1.54, "xGChain": 4.63, "xGBuildup": 1.81}, {"player_name": "Alexandre Mendy", "games": 20.0, "time": 894.0, "goals": 3.0, "xG": 3.94, "assists": 1.0, "xA": 0.29, "shots": 29.0, "key_passes": 6.0, "yellow_cards": 2.0, "red_cards": 1.0, "position": "F S", "team_title": "Brest", "npg": 3.0, "npxG": 3.18, "xGChain": 4.86, "xGBuildup": 1.58}, {"player_name": "Abdoulaye Touré", "games": 27.0, "time": 2223.0, "goals": 3.0, "xG": 2.55, "assists": 0.0, "xA": 1.06, "shots": 34.0, "key_passes": 17.0, "yellow_cards": 3.0, "red_cards": 0.0, "position": "M S", "team_title": "Nantes", "npg": 1.0, "npxG": 1.03, "xGChain": 6.64, "xGBuildup": 5.64}, {"player_name": "Samuel Grandsir", "games": 24.0, "time": 1505.0, "goals": 3.0, "xG": 2.28, "assists": 1.0, "xA": 1.84, "shots": 27.0, "key_passes": 20.0, "yellow_cards": 0.0, "red_cards": 0.0, "position": "F M S", "team_title": "Brest", "npg": 3.0, "npxG": 2.28, "xGChain": 5.9, "xGBuildup": 2.45}, {"player_name": "Yaya Sanogo", "games": 15.0, "time": 910.0, "goals": 3.0, "xG": 3.12, "assists": 1.0, "xA": 0.3, "shots": 26.0, "key_passes": 8.0, "yellow_cards": 1.0, "red_cards": 0.0, "position": "F S", "team_title": "Toulouse", "npg": 2.0, "npxG": 2.36, "xGChain": 2.91, "xGBuildup": 0.67}, {"player_name": "Renato Sanches", "games": 19.0, "time": 1483.0, "goals": 3.0, "xG": 1.98, "assists": 1.0, "xA": 2.74, "shots": 30.0, "key_passes": 35.0, "yellow_cards": 3.0, "red_cards": 0.0, "position": "M S", "team_title": "Lille", "npg": 3.0, "npxG": 1.98, "xGChain": 7.42, "xGBuildup": 5.07}, {"player_name": "Yunis Abdelhamid", "games": 28.0, "time": 2520.0, "goals": 3.0, "xG": 1.82, "assists": 0.0, "xA": 0.5, "shots": 19.0, "key_passes": 5.0, "yellow_cards": 0.0, "red_cards": 0.0, "position": "D", "team_title": "Reims", "npg": 3.0, "npxG": 1.82, "xGChain": 3.1, "xGBuildup": 2.92}, {"player_name": "Faitout Maouassa", "games": 23.0, "time": 1831.0, "goals": 3.0, "xG": 0.47, "assists": 1.0, "xA": 0.94, "shots": 12.0, "key_passes": 13.0, "yellow_cards": 3.0, "red_cards": 0.0, "position": "D", "team_title": "Rennes", "npg": 3.0, "npxG": 0.47, "xGChain": 4.24, "xGBuildup": 3.5}, {"player_name": "Jonathan Ikone", "games": 28.0, "time": 2114.0, "goals": 3.0, "xG": 4.29, "assists": 6.0, "xA": 4.08, "shots": 36.0, "key_passes": 31.0, "yellow_cards": 6.0, "red_cards": 0.0, "position": "F M S", "team_title": "Lille", "npg": 2.0, "npxG": 3.53, "xGChain": 9.89, "xGBuildup": 3.81}, {"player_name": "Houssem Aouar", "games": 25.0, "time": 1976.0, "goals": 3.0, "xG": 3.45, "assists": 4.0, "xA": 1.99, "shots": 46.0, "key_passes": 23.0, "yellow_cards": 3.0, "red_cards": 0.0, "position": "M S", "team_title": "Lyon", "npg": 3.0, "npxG": 3.45, "xGChain": 9.33, "xGBuildup": 5.67}, {"player_name": "Ibrahima Niane", "games": 21.0, "time": 938.0, "goals": 3.0, "xG": 2.28, "assists": 0.0, "xA": 0.19, "shots": 30.0, "key_passes": 9.0, "yellow_cards": 0.0, "red_cards": 0.0, "position": "F S", "team_title": "Metz", "npg": 2.0, "npxG": 1.52, "xGChain": 2.41, "xGBuildup": 0.96}, {"player_name": "Christophe Herelle", "games": 15.0, "time": 1118.0, "goals": 3.0, "xG": 1.24, "assists": 0.0, "xA": 0.16, "shots": 6.0, "key_passes": 2.0, "yellow_cards": 3.0, "red_cards": 1.0, "position": "D S", "team_title": "Nice", "npg": 3.0, "npxG": 1.24, "xGChain": 4.59, "xGBuildup": 4.2}, {"player_name": "Ignatius Ganago", "games": 26.0, "time": 1230.0, "goals": 3.0, "xG": 1.92, "assists": 1.0, "xA": 0.98, "shots": 17.0, "key_passes": 13.0, "yellow_cards": 0.0, "red_cards": 0.0, "position": "F M S", "team_title": "Nice", "npg": 3.0, "npxG": 1.92, "xGChain": 3.8, "xGBuildup": 2.31}, {"player_name": "Yacine Adli", "games": 21.0, "time": 1008.0, "goals": 3.0, "xG": 0.74, "assists": 3.0, "xA": 2.11, "shots": 17.0, "key_passes": 19.0, "yellow_cards": 3.0, "red_cards": 0.0, "position": "M S", "team_title": "Bordeaux", "npg": 3.0, "npxG": 0.74, "xGChain": 3.79, "xGBuildup": 1.75}, {"player_name": "Cristian Battocchio", "games": 24.0, "time": 1394.0, "goals": 3.0, "xG": 1.73, "assists": 1.0, "xA": 1.47, "shots": 20.0, "key_passes": 19.0, "yellow_cards": 1.0, "red_cards": 0.0, "position": "M S", "team_title": "Brest", "npg": 3.0, "npxG": 0.97, "xGChain": 3.61, "xGBuildup": 2.13}, {"player_name": "Zinedine Ferhat", "games": 26.0, "time": 2251.0, "goals": 3.0, "xG": 4.16, "assists": 4.0, "xA": 5.52, "shots": 45.0, "key_passes": 51.0, "yellow_cards": 1.0, "red_cards": 0.0, "position": "F M S", "team_title": "Nimes", "npg": 3.0, "npxG": 4.16, "xGChain": 8.65, "xGBuildup": 2.76}, {"player_name": "Kévin Denkey", "games": 17.0, "time": 576.0, "goals": 3.0, "xG": 2.05, "assists": 1.0, "xA": 0.46, "shots": 20.0, "key_passes": 5.0, "yellow_cards": 1.0, "red_cards": 0.0, "position": "F S", "team_title": "Nimes", "npg": 3.0, "npxG": 2.05, "xGChain": 2.47, "xGBuildup": 0.35}, {"player_name": "Kevin Strootman", "games": 25.0, "time": 1401.0, "goals": 2.0, "xG": 1.89, "assists": 3.0, "xA": 0.68, "shots": 11.0, "key_passes": 12.0, "yellow_cards": 7.0, "red_cards": 0.0, "position": "M S", "team_title": "Marseille", "npg": 1.0, "npxG": 1.13, "xGChain": 5.17, "xGBuildup": 4.52}, {"player_name": "Gaël Kakuta", "games": 24.0, "time": 2021.0, "goals": 2.0, "xG": 2.66, "assists": 5.0, "xA": 2.65, "shots": 44.0, "key_passes": 27.0, "yellow_cards": 4.0, "red_cards": 0.0, "position": "F M S", "team_title": "Amiens", "npg": 2.0, "npxG": 2.66, "xGChain": 7.33, "xGBuildup": 3.33}, {"player_name": "Moussa Doumbia", "games": 26.0, "time": 1755.0, "goals": 2.0, "xG": 3.08, "assists": 1.0, "xA": 1.82, "shots": 43.0, "key_passes": 25.0, "yellow_cards": 5.0, "red_cards": 1.0, "position": "F M S", "team_title": "Reims", "npg": 1.0, "npxG": 2.32, "xGChain": 7.13, "xGBuildup": 3.51}, {"player_name": "Damien Le Tallec", "games": 28.0, "time": 2471.0, "goals": 2.0, "xG": 0.91, "assists": 0.0, "xA": 0.38, "shots": 15.0, "key_passes": 6.0, "yellow_cards": 3.0, "red_cards": 0.0, "position": "D M", "team_title": "Montpellier", "npg": 2.0, "npxG": 0.91, "xGChain": 4.38, "xGBuildup": 3.55}, {"player_name": "Benjamin André", "games": 26.0, "time": 2047.0, "goals": 2.0, "xG": 0.76, "assists": 1.0, "xA": 1.04, "shots": 14.0, "key_passes": 15.0, "yellow_cards": 7.0, "red_cards": 0.0, "position": "M S", "team_title": "Lille", "npg": 2.0, "npxG": 0.76, "xGChain": 6.91, "xGBuildup": 6.33}, {"player_name": "Adam Ounas", "games": 16.0, "time": 1139.0, "goals": 2.0, "xG": 2.11, "assists": 4.0, "xA": 3.15, "shots": 21.0, "key_passes": 25.0, "yellow_cards": 2.0, "red_cards": 1.0, "position": "F M S", "team_title": "Nice", "npg": 2.0, "npxG": 2.11, "xGChain": 6.16, "xGBuildup": 1.78}, {"player_name": "Valère Germain", "games": 25.0, "time": 1324.0, "goals": 2.0, "xG": 1.45, "assists": 4.0, "xA": 2.68, "shots": 20.0, "key_passes": 13.0, "yellow_cards": 1.0, "red_cards": 0.0, "position": "F M S", "team_title": "Marseille", "npg": 2.0, "npxG": 1.45, "xGChain": 5.49, "xGBuildup": 2.79}, {"player_name": "Pablo Martinez", "games": 26.0, "time": 2340.0, "goals": 2.0, "xG": 0.9, "assists": 1.0, "xA": 0.65, "shots": 13.0, "key_passes": 4.0, "yellow_cards": 3.0, "red_cards": 1.0, "position": "D", "team_title": "Nimes", "npg": 2.0, "npxG": 0.9, "xGChain": 2.65, "xGBuildup": 2.42}, {"player_name": "Thomas Mangani", "games": 24.0, "time": 1876.0, "goals": 2.0, "xG": 1.67, "assists": 2.0, "xA": 3.01, "shots": 29.0, "key_passes": 49.0, "yellow_cards": 0.0, "red_cards": 0.0, "position": "M S", "team_title": "Angers", "npg": 2.0, "npxG": 1.67, "xGChain": 6.05, "xGBuildup": 3.79}, {"player_name": "Jean-Victor Makengo", "games": 19.0, "time": 984.0, "goals": 2.0, "xG": 0.74, "assists": 0.0, "xA": 0.65, "shots": 14.0, "key_passes": 11.0, "yellow_cards": 1.0, "red_cards": 0.0, "position": "F M S", "team_title": "Toulouse", "npg": 2.0, "npxG": 0.74, "xGChain": 3.38, "xGBuildup": 2.52}, {"player_name": "Romain Del Castillo", "games": 21.0, "time": 1249.0, "goals": 2.0, "xG": 2.6, "assists": 5.0, "xA": 3.35, "shots": 28.0, "key_passes": 22.0, "yellow_cards": 2.0, "red_cards": 0.0, "position": "F M S", "team_title": "Rennes", "npg": 1.0, "npxG": 1.84, "xGChain": 7.96, "xGBuildup": 5.25}, {"player_name": "Hassane Kamara", "games": 23.0, "time": 1708.0, "goals": 2.0, "xG": 1.71, "assists": 0.0, "xA": 0.57, "shots": 31.0, "key_passes": 12.0, "yellow_cards": 5.0, "red_cards": 0.0, "position": "D M S", "team_title": "Reims", "npg": 2.0, "npxG": 1.71, "xGChain": 5.46, "xGBuildup": 3.5}, {"player_name": "Lucas Deaux", "games": 17.0, "time": 1356.0, "goals": 2.0, "xG": 1.41, "assists": 1.0, "xA": 1.16, "shots": 15.0, "key_passes": 15.0, "yellow_cards": 2.0, "red_cards": 0.0, "position": "M S", "team_title": "Nimes", "npg": 2.0, "npxG": 1.41, "xGChain": 4.23, "xGBuildup": 3.03}, {"player_name": "Paul Lasne", "games": 19.0, "time": 1226.0, "goals": 2.0, "xG": 0.74, "assists": 1.0, "xA": 1.85, "shots": 13.0, "key_passes": 16.0, "yellow_cards": 1.0, "red_cards": 0.0, "position": "M S", "team_title": "Brest", "npg": 2.0, "npxG": 0.74, "xGChain": 4.22, "xGBuildup": 2.06}, {"player_name": "Lucas Tousart", "games": 24.0, "time": 1765.0, "goals": 2.0, "xG": 1.83, "assists": 2.0, "xA": 0.57, "shots": 28.0, "key_passes": 10.0, "yellow_cards": 5.0, "red_cards": 0.0, "position": "M S", "team_title": "Lyon", "npg": 2.0, "npxG": 1.83, "xGChain": 5.28, "xGBuildup": 3.56}, {"player_name": "Wesley Said", "games": 23.0, "time": 1152.0, "goals": 2.0, "xG": 3.41, "assists": 1.0, "xA": 2.43, "shots": 25.0, "key_passes": 12.0, "yellow_cards": 2.0, "red_cards": 0.0, "position": "F M S", "team_title": "Toulouse", "npg": 2.0, "npxG": 3.41, "xGChain": 6.13, "xGBuildup": 0.7}, {"player_name": "Benjamin Bourigeaud", "games": 25.0, "time": 1905.0, "goals": 2.0, "xG": 2.38, "assists": 2.0, "xA": 2.1, "shots": 42.0, "key_passes": 27.0, "yellow_cards": 5.0, "red_cards": 0.0, "position": "F M S", "team_title": "Rennes", "npg": 2.0, "npxG": 2.38, "xGChain": 6.23, "xGBuildup": 4.22}, {"player_name": "Mathias Autret", "games": 23.0, "time": 1227.0, "goals": 2.0, "xG": 1.83, "assists": 3.0, "xA": 3.11, "shots": 27.0, "key_passes": 29.0, "yellow_cards": 3.0, "red_cards": 0.0, "position": "F M S", "team_title": "Brest", "npg": 2.0, "npxG": 1.83, "xGChain": 4.67, "xGBuildup": 1.72}, {"player_name": "Arnaud Souquet", "games": 24.0, "time": 2011.0, "goals": 2.0, "xG": 0.5, "assists": 0.0, "xA": 0.8, "shots": 14.0, "key_passes": 12.0, "yellow_cards": 6.0, "red_cards": 0.0, "position": "D M S", "team_title": "Montpellier", "npg": 2.0, "npxG": 0.5, "xGChain": 4.23, "xGBuildup": 3.44}, {"player_name": "Flavien Tait", "games": 17.0, "time": 874.0, "goals": 2.0, "xG": 1.31, "assists": 2.0, "xA": 1.34, "shots": 14.0, "key_passes": 18.0, "yellow_cards": 0.0, "red_cards": 1.0, "position": "F M S", "team_title": "Rennes", "npg": 2.0, "npxG": 1.31, "xGChain": 3.8, "xGBuildup": 1.36}, {"player_name": "Farid Boulaya", "games": 19.0, "time": 814.0, "goals": 2.0, "xG": 1.94, "assists": 1.0, "xA": 1.69, "shots": 24.0, "key_passes": 22.0, "yellow_cards": 1.0, "red_cards": 1.0, "position": "F S", "team_title": "Metz", "npg": 2.0, "npxG": 1.94, "xGChain": 3.23, "xGBuildup": 0.6}, {"player_name": "Aaron Leya Iseka", "games": 22.0, "time": 746.0, "goals": 2.0, "xG": 4.96, "assists": 0.0, "xA": 0.13, "shots": 26.0, "key_passes": 4.0, "yellow_cards": 2.0, "red_cards": 0.0, "position": "F S", "team_title": "Toulouse", "npg": 1.0, "npxG": 3.44, "xGChain": 4.29, "xGBuildup": 1.81}, {"player_name": "Kenny Lala", "games": 25.0, "time": 2032.0, "goals": 2.0, "xG": 3.08, "assists": 1.0, "xA": 2.13, "shots": 19.0, "key_passes": 29.0, "yellow_cards": 1.0, "red_cards": 0.0, "position": "D M S", "team_title": "Strasbourg", "npg": 0.0, "npxG": 1.56, "xGChain": 7.43, "xGBuildup": 5.22}, {"player_name": "Dmitri Lienard", "games": 22.0, "time": 1491.0, "goals": 2.0, "xG": 1.77, "assists": 3.0, "xA": 3.5, "shots": 34.0, "key_passes": 33.0, "yellow_cards": 3.0, "red_cards": 0.0, "position": "M S", "team_title": "Strasbourg", "npg": 2.0, "npxG": 1.77, "xGChain": 6.76, "xGBuildup": 4.36}, {"player_name": "Luiz Araujo", "games": 21.0, "time": 793.0, "goals": 2.0, "xG": 0.98, "assists": 1.0, "xA": 1.78, "shots": 24.0, "key_passes": 12.0, "yellow_cards": 1.0, "red_cards": 0.0, "position": "F M S", "team_title": "Lille", "npg": 2.0, "npxG": 0.98, "xGChain": 3.04, "xGBuildup": 0.48}, {"player_name": "Bakaye Dibassy", "games": 22.0, "time": 1868.0, "goals": 2.0, "xG": 1.32, "assists": 0.0, "xA": 0.05, "shots": 5.0, "key_passes": 2.0, "yellow_cards": 5.0, "red_cards": 1.0, "position": "D", "team_title": "Amiens", "npg": 2.0, "npxG": 1.32, "xGChain": 1.74, "xGBuildup": 1.62}, {"player_name": "Otávio", "games": 25.0, "time": 2217.0, "goals": 2.0, "xG": 0.65, "assists": 3.0, "xA": 0.79, "shots": 22.0, "key_passes": 8.0, "yellow_cards": 6.0, "red_cards": 0.0, "position": "M", "team_title": "Bordeaux", "npg": 2.0, "npxG": 0.65, "xGChain": 5.2, "xGBuildup": 4.51}, {"player_name": "Guillermo Maripán", "games": 20.0, "time": 1757.0, "goals": 2.0, "xG": 1.87, "assists": 0.0, "xA": 0.05, "shots": 12.0, "key_passes": 1.0, "yellow_cards": 2.0, "red_cards": 0.0, "position": "D", "team_title": "Monaco", "npg": 2.0, "npxG": 1.87, "xGChain": 4.79, "xGBuildup": 4.69}, {"player_name": "Chadrac Akolo", "games": 15.0, "time": 532.0, "goals": 2.0, "xG": 1.22, "assists": 1.0, "xA": 1.35, "shots": 9.0, "key_passes": 6.0, "yellow_cards": 1.0, "red_cards": 0.0, "position": "M S", "team_title": "Amiens", "npg": 2.0, "npxG": 1.22, "xGChain": 2.74, "xGBuildup": 0.25}, {"player_name": "Bafode Diakite", "games": 16.0, "time": 1368.0, "goals": 2.0, "xG": 2.45, "assists": 0.0, "xA": 0.04, "shots": 10.0, "key_passes": 1.0, "yellow_cards": 1.0, "red_cards": 1.0, "position": "D", "team_title": "Toulouse", "npg": 2.0, "npxG": 2.45, "xGChain": 2.87, "xGBuildup": 2.87}, {"player_name": "Imran Louza", "games": 24.0, "time": 2014.0, "goals": 2.0, "xG": 1.65, "assists": 2.0, "xA": 3.63, "shots": 35.0, "key_passes": 35.0, "yellow_cards": 4.0, "red_cards": 0.0, "position": "M S", "team_title": "Nantes", "npg": 2.0, "npxG": 1.65, "xGChain": 9.32, "xGBuildup": 5.23}, {"player_name": "Yassin Benrahou", "games": 15.0, "time": 926.0, "goals": 2.0, "xG": 2.34, "assists": 5.0, "xA": 3.09, "shots": 26.0, "key_passes": 26.0, "yellow_cards": 1.0, "red_cards": 0.0, "position": "F M S", "team_title": "Bordeaux", "npg": 2.0, "npxG": 2.34, "xGChain": 3.12, "xGBuildup": 1.08}, {"player_name": "Julien Faussurier", "games": 22.0, "time": 1980.0, "goals": 2.0, "xG": 0.78, "assists": 3.0, "xA": 1.56, "shots": 10.0, "key_passes": 27.0, "yellow_cards": 1.0, "red_cards": 0.0, "position": "D", "team_title": "Brest", "npg": 2.0, "npxG": 0.78, "xGChain": 4.33, "xGBuildup": 2.49}, {"player_name": "John Boye", "games": 24.0, "time": 2118.0, "goals": 2.0, "xG": 1.66, "assists": 0.0, "xA": 0.06, "shots": 7.0, "key_passes": 1.0, "yellow_cards": 6.0, "red_cards": 0.0, "position": "D", "team_title": "Metz", "npg": 2.0, "npxG": 1.66, "xGChain": 1.96, "xGBuildup": 1.96}, {"player_name": "Jhonder Cádiz", "games": 17.0, "time": 780.0, "goals": 2.0, "xG": 2.28, "assists": 2.0, "xA": 1.06, "shots": 31.0, "key_passes": 10.0, "yellow_cards": 3.0, "red_cards": 0.0, "position": "F M S", "team_title": "Dijon", "npg": 2.0, "npxG": 2.28, "xGChain": 2.94, "xGBuildup": 0.41}, {"player_name": "Dante", "games": 21.0, "time": 1890.0, "goals": 1.0, "xG": 1.55, "assists": 0.0, "xA": 0.15, "shots": 18.0, "key_passes": 7.0, "yellow_cards": 7.0, "red_cards": 0.0, "position": "D", "team_title": "Nice", "npg": 1.0, "npxG": 1.55, "xGChain": 5.46, "xGBuildup": 5.41}, {"player_name": "Idrissa Gueye", "games": 20.0, "time": 1658.0, "goals": 1.0, "xG": 1.46, "assists": 2.0, "xA": 2.73, "shots": 11.0, "key_passes": 23.0, "yellow_cards": 2.0, "red_cards": 0.0, "position": "M S", "team_title": "Paris Saint Germain", "npg": 1.0, "npxG": 1.46, "xGChain": 20.51, "xGBuildup": 18.06}, {"player_name": "Bertrand Traoré", "games": 23.0, "time": 1252.0, "goals": 1.0, "xG": 3.68, "assists": 3.0, "xA": 3.05, "shots": 36.0, "key_passes": 25.0, "yellow_cards": 6.0, "red_cards": 0.0, "position": "F M S", "team_title": "Lyon", "npg": 1.0, "npxG": 3.68, "xGChain": 6.68, "xGBuildup": 1.61}, {"player_name": "Lamine Koné", "games": 18.0, "time": 1470.0, "goals": 1.0, "xG": 0.69, "assists": 0.0, "xA": 0.43, "shots": 8.0, "key_passes": 4.0, "yellow_cards": 4.0, "red_cards": 0.0, "position": "D S", "team_title": "Strasbourg", "npg": 1.0, "npxG": 0.69, "xGChain": 2.32, "xGBuildup": 2.19}, {"player_name": "José Fonte", "games": 25.0, "time": 2206.0, "goals": 1.0, "xG": 1.8, "assists": 1.0, "xA": 0.49, "shots": 16.0, "key_passes": 6.0, "yellow_cards": 4.0, "red_cards": 0.0, "position": "D", "team_title": "Lille", "npg": 1.0, "npxG": 1.8, "xGChain": 5.95, "xGBuildup": 5.12}, {"player_name": "Jordan Amavi", "games": 26.0, "time": 2161.0, "goals": 1.0, "xG": 0.86, "assists": 1.0, "xA": 1.09, "shots": 15.0, "key_passes": 12.0, "yellow_cards": 9.0, "red_cards": 0.0, "position": "D S", "team_title": "Marseille", "npg": 1.0, "npxG": 0.86, "xGChain": 4.82, "xGBuildup": 4.25}, {"player_name": "Mathieu Debuchy", "games": 21.0, "time": 1772.0, "goals": 1.0, "xG": 1.09, "assists": 1.0, "xA": 1.15, "shots": 13.0, "key_passes": 13.0, "yellow_cards": 2.0, "red_cards": 0.0, "position": "D S", "team_title": "Saint-Etienne", "npg": 1.0, "npxG": 1.09, "xGChain": 3.6, "xGBuildup": 2.92}, {"player_name": "Leandro Paredes", "games": 17.0, "time": 796.0, "goals": 1.0, "xG": 0.47, "assists": 0.0, "xA": 0.18, "shots": 18.0, "key_passes": 4.0, "yellow_cards": 2.0, "red_cards": 0.0, "position": "M S", "team_title": "Paris Saint Germain", "npg": 1.0, "npxG": 0.47, "xGChain": 9.1, "xGBuildup": 8.79}, {"player_name": "Haitam Aleesami", "games": 22.0, "time": 1920.0, "goals": 1.0, "xG": 0.4, "assists": 1.0, "xA": 1.54, "shots": 2.0, "key_passes": 14.0, "yellow_cards": 4.0, "red_cards": 0.0, "position": "D M S", "team_title": "Amiens", "npg": 1.0, "npxG": 0.4, "xGChain": 3.47, "xGBuildup": 2.39}, {"player_name": "Kamil Glik", "games": 23.0, "time": 2070.0, "goals": 1.0, "xG": 1.75, "assists": 0.0, "xA": 0.1, "shots": 12.0, "key_passes": 2.0, "yellow_cards": 5.0, "red_cards": 0.0, "position": "D", "team_title": "Monaco", "npg": 1.0, "npxG": 1.75, "xGChain": 5.7, "xGBuildup": 5.66}, {"player_name": "Pedro Mendes", "games": 16.0, "time": 1382.0, "goals": 1.0, "xG": 1.38, "assists": 0.0, "xA": 0.05, "shots": 9.0, "key_passes": 2.0, "yellow_cards": 8.0, "red_cards": 1.0, "position": "D", "team_title": "Montpellier", "npg": 1.0, "npxG": 1.38, "xGChain": 2.64, "xGBuildup": 2.52}, {"player_name": "Jérémy Morel", "games": 21.0, "time": 1805.0, "goals": 1.0, "xG": 1.13, "assists": 0.0, "xA": 0.6, "shots": 13.0, "key_passes": 8.0, "yellow_cards": 2.0, "red_cards": 0.0, "position": "D S", "team_title": "Rennes", "npg": 1.0, "npxG": 1.13, "xGChain": 2.83, "xGBuildup": 2.26}, {"player_name": "Alexander Djiku", "games": 25.0, "time": 2058.0, "goals": 1.0, "xG": 2.92, "assists": 1.0, "xA": 0.38, "shots": 20.0, "key_passes": 6.0, "yellow_cards": 6.0, "red_cards": 0.0, "position": "D M S", "team_title": "Strasbourg", "npg": 1.0, "npxG": 2.92, "xGChain": 6.56, "xGBuildup": 6.29}, {"player_name": "Ryad Boudebouz", "games": 24.0, "time": 1606.0, "goals": 1.0, "xG": 1.84, "assists": 4.0, "xA": 3.88, "shots": 26.0, "key_passes": 42.0, "yellow_cards": 0.0, "red_cards": 0.0, "position": "F M S", "team_title": "Saint-Etienne", "npg": 0.0, "npxG": 1.08, "xGChain": 4.81, "xGBuildup": 2.63}, {"player_name": "Bouna Sarr", "games": 27.0, "time": 2184.0, "goals": 1.0, "xG": 2.12, "assists": 3.0, "xA": 1.96, "shots": 28.0, "key_passes": 14.0, "yellow_cards": 3.0, "red_cards": 0.0, "position": "D F M S", "team_title": "Marseille", "npg": 1.0, "npxG": 2.12, "xGChain": 8.32, "xGBuildup": 5.19}, {"player_name": "Tiemoué Bakayoko", "games": 20.0, "time": 1726.0, "goals": 1.0, "xG": 1.91, "assists": 2.0, "xA": 1.31, "shots": 24.0, "key_passes": 10.0, "yellow_cards": 4.0, "red_cards": 1.0, "position": "M", "team_title": "Monaco", "npg": 1.0, "npxG": 1.91, "xGChain": 7.9, "xGBuildup": 6.0}, {"player_name": "Romain Thomas", "games": 27.0, "time": 2342.0, "goals": 1.0, "xG": 0.75, "assists": 2.0, "xA": 0.17, "shots": 8.0, "key_passes": 5.0, "yellow_cards": 4.0, "red_cards": 0.0, "position": "D", "team_title": "Angers", "npg": 1.0, "npxG": 0.75, "xGChain": 3.69, "xGBuildup": 3.67}, {"player_name": "Pierrick Capelle", "games": 24.0, "time": 1746.0, "goals": 1.0, "xG": 2.3, "assists": 2.0, "xA": 2.45, "shots": 36.0, "key_passes": 26.0, "yellow_cards": 7.0, "red_cards": 0.0, "position": "D F M S", "team_title": "Angers", "npg": 1.0, "npxG": 2.3, "xGChain": 6.25, "xGBuildup": 2.23}, {"player_name": "Damien Da Silva", "games": 25.0, "time": 2246.0, "goals": 1.0, "xG": 0.54, "assists": 1.0, "xA": 1.1, "shots": 5.0, "key_passes": 4.0, "yellow_cards": 3.0, "red_cards": 0.0, "position": "D", "team_title": "Rennes", "npg": 1.0, "npxG": 0.54, "xGChain": 5.23, "xGBuildup": 4.92}, {"player_name": "Adama Traoré", "games": 17.0, "time": 1042.0, "goals": 1.0, "xG": 1.36, "assists": 4.0, "xA": 2.28, "shots": 17.0, "key_passes": 36.0, "yellow_cards": 1.0, "red_cards": 0.0, "position": "F M S", "team_title": "Metz", "npg": 1.0, "npxG": 1.36, "xGChain": 3.35, "xGBuildup": 1.86}, {"player_name": "Jonathan Bamba", "games": 26.0, "time": 1952.0, "goals": 1.0, "xG": 5.23, "assists": 4.0, "xA": 2.53, "shots": 48.0, "key_passes": 37.0, "yellow_cards": 1.0, "red_cards": 0.0, "position": "M S", "team_title": "Lille", "npg": 0.0, "npxG": 2.95, "xGChain": 7.02, "xGBuildup": 2.62}, {"player_name": "Arturo Calabresi", "games": 21.0, "time": 1879.0, "goals": 1.0, "xG": 0.55, "assists": 1.0, "xA": 1.23, "shots": 6.0, "key_passes": 6.0, "yellow_cards": 5.0, "red_cards": 0.0, "position": "D", "team_title": "Amiens", "npg": 1.0, "npxG": 0.55, "xGChain": 4.1, "xGBuildup": 2.78}, {"player_name": "Stefan Mitrovic", "games": 23.0, "time": 2058.0, "goals": 1.0, "xG": 0.31, "assists": 1.0, "xA": 0.76, "shots": 5.0, "key_passes": 4.0, "yellow_cards": 4.0, "red_cards": 0.0, "position": "D", "team_title": "Strasbourg", "npg": 1.0, "npxG": 0.31, "xGChain": 3.97, "xGBuildup": 3.95}, {"player_name": "Mehdi Abeid", "games": 25.0, "time": 1819.0, "goals": 1.0, "xG": 1.3, "assists": 2.0, "xA": 1.06, "shots": 33.0, "key_passes": 27.0, "yellow_cards": 5.0, "red_cards": 0.0, "position": "M S", "team_title": "Nantes", "npg": 1.0, "npxG": 1.3, "xGChain": 6.45, "xGBuildup": 5.35}, {"player_name": "Sada Thioub", "games": 23.0, "time": 1494.0, "goals": 1.0, "xG": 0.78, "assists": 2.0, "xA": 2.13, "shots": 14.0, "key_passes": 25.0, "yellow_cards": 3.0, "red_cards": 0.0, "position": "F M S", "team_title": "Angers", "npg": 1.0, "npxG": 0.78, "xGChain": 5.28, "xGBuildup": 3.31}, {"player_name": "Martin Terrier", "games": 23.0, "time": 1183.0, "goals": 1.0, "xG": 1.26, "assists": 2.0, "xA": 1.5, "shots": 17.0, "key_passes": 16.0, "yellow_cards": 0.0, "red_cards": 0.0, "position": "F M S", "team_title": "Lyon", "npg": 1.0, "npxG": 1.26, "xGChain": 5.41, "xGBuildup": 3.46}, {"player_name": "Gabriel", "games": 24.0, "time": 2087.0, "goals": 1.0, "xG": 1.04, "assists": 0.0, "xA": 0.14, "shots": 17.0, "key_passes": 3.0, "yellow_cards": 3.0, "red_cards": 0.0, "position": "D M S", "team_title": "Lille", "npg": 1.0, "npxG": 1.04, "xGChain": 5.26, "xGBuildup": 5.04}, {"player_name": "Romain Amalfitano", "games": 26.0, "time": 1690.0, "goals": 1.0, "xG": 0.31, "assists": 1.0, "xA": 1.28, "shots": 11.0, "key_passes": 12.0, "yellow_cards": 5.0, "red_cards": 0.0, "position": "D M S", "team_title": "Dijon", "npg": 1.0, "npxG": 0.31, "xGChain": 4.33, "xGBuildup": 3.23}, {"player_name": "Malang Sarr", "games": 19.0, "time": 1448.0, "goals": 1.0, "xG": 0.44, "assists": 0.0, "xA": 0.06, "shots": 4.0, "key_passes": 2.0, "yellow_cards": 2.0, "red_cards": 0.0, "position": "D S", "team_title": "Nice", "npg": 1.0, "npxG": 0.44, "xGChain": 4.14, "xGBuildup": 4.08}, {"player_name": "Patrick Burner", "games": 20.0, "time": 1436.0, "goals": 1.0, "xG": 0.34, "assists": 1.0, "xA": 0.83, "shots": 7.0, "key_passes": 7.0, "yellow_cards": 4.0, "red_cards": 1.0, "position": "D S", "team_title": "Nice", "npg": 1.0, "npxG": 0.34, "xGChain": 3.67, "xGBuildup": 3.11}, {"player_name": "Baptiste Santamaria", "games": 28.0, "time": 2507.0, "goals": 1.0, "xG": 1.2, "assists": 1.0, "xA": 1.34, "shots": 35.0, "key_passes": 13.0, "yellow_cards": 1.0, "red_cards": 0.0, "position": "M", "team_title": "Angers", "npg": 1.0, "npxG": 1.2, "xGChain": 6.38, "xGBuildup": 5.39}, {"player_name": "Arnaud Nordin", "games": 18.0, "time": 896.0, "goals": 1.0, "xG": 0.92, "assists": 0.0, "xA": 0.62, "shots": 13.0, "key_passes": 11.0, "yellow_cards": 2.0, "red_cards": 0.0, "position": "F M S", "team_title": "Saint-Etienne", "npg": 1.0, "npxG": 0.92, "xGChain": 2.49, "xGBuildup": 1.38}, {"player_name": "Digbo Maiga", "games": 26.0, "time": 2285.0, "goals": 1.0, "xG": 1.1, "assists": 2.0, "xA": 1.01, "shots": 29.0, "key_passes": 12.0, "yellow_cards": 7.0, "red_cards": 0.0, "position": "M", "team_title": "Metz", "npg": 1.0, "npxG": 1.1, "xGChain": 4.17, "xGBuildup": 3.06}, {"player_name": "Hamza Mendyl", "games": 18.0, "time": 1439.0, "goals": 1.0, "xG": 0.49, "assists": 1.0, "xA": 0.75, "shots": 10.0, "key_passes": 7.0, "yellow_cards": 7.0, "red_cards": 1.0, "position": "D S", "team_title": "Dijon", "npg": 1.0, "npxG": 0.49, "xGChain": 3.2, "xGBuildup": 2.44}, {"player_name": "Myziane Maolida", "games": 18.0, "time": 660.0, "goals": 1.0, "xG": 1.67, "assists": 2.0, "xA": 1.12, "shots": 15.0, "key_passes": 13.0, "yellow_cards": 0.0, "red_cards": 0.0, "position": "F M S", "team_title": "Nice", "npg": 1.0, "npxG": 1.67, "xGChain": 4.53, "xGBuildup": 2.13}, {"player_name": "Alexis Claude Maurice", "games": 22.0, "time": 1641.0, "goals": 1.0, "xG": 3.04, "assists": 1.0, "xA": 1.49, "shots": 38.0, "key_passes": 20.0, "yellow_cards": 2.0, "red_cards": 0.0, "position": "F M S", "team_title": "Nice", "npg": 1.0, "npxG": 3.04, "xGChain": 7.01, "xGBuildup": 3.75}, {"player_name": "Fousseni Diabate", "games": 20.0, "time": 1218.0, "goals": 1.0, "xG": 0.73, "assists": 3.0, "xA": 1.48, "shots": 7.0, "key_passes": 13.0, "yellow_cards": 3.0, "red_cards": 0.0, "position": "M S", "team_title": "Amiens", "npg": 1.0, "npxG": 0.73, "xGChain": 3.25, "xGBuildup": 1.42}, {"player_name": "Arnaud Lusamba", "games": 15.0, "time": 989.0, "goals": 1.0, "xG": 0.52, "assists": 2.0, "xA": 1.6, "shots": 6.0, "key_passes": 18.0, "yellow_cards": 1.0, "red_cards": 0.0, "position": "F M S", "team_title": "Nice", "npg": 1.0, "npxG": 0.52, "xGChain": 3.55, "xGBuildup": 2.05}, {"player_name": "Boubacar Kamara", "games": 24.0, "time": 2142.0, "goals": 1.0, "xG": 0.51, "assists": 2.0, "xA": 0.3, "shots": 15.0, "key_passes": 7.0, "yellow_cards": 7.0, "red_cards": 1.0, "position": "D M", "team_title": "Marseille", "npg": 1.0, "npxG": 0.51, "xGChain": 5.76, "xGBuildup": 5.55}, {"player_name": "Angelo Fulgini", "games": 20.0, "time": 1594.0, "goals": 1.0, "xG": 2.63, "assists": 1.0, "xA": 2.18, "shots": 35.0, "key_passes": 26.0, "yellow_cards": 1.0, "red_cards": 1.0, "position": "F M S", "team_title": "Angers", "npg": 1.0, "npxG": 2.63, "xGChain": 5.66, "xGBuildup": 2.38}, {"player_name": "Quentin Boisgard", "games": 20.0, "time": 1163.0, "goals": 1.0, "xG": 0.77, "assists": 1.0, "xA": 1.7, "shots": 17.0, "key_passes": 17.0, "yellow_cards": 1.0, "red_cards": 0.0, "position": "D F M S", "team_title": "Toulouse", "npg": 1.0, "npxG": 0.77, "xGChain": 1.93, "xGBuildup": 0.81}, {"player_name": "Andrei Girotto", "games": 25.0, "time": 2182.0, "goals": 1.0, "xG": 0.8, "assists": 0.0, "xA": 0.61, "shots": 22.0, "key_passes": 3.0, "yellow_cards": 4.0, "red_cards": 1.0, "position": "D M", "team_title": "Nantes", "npg": 1.0, "npxG": 0.8, "xGChain": 3.36, "xGBuildup": 3.27}, {"player_name": "Kévin Zohi", "games": 17.0, "time": 520.0, "goals": 1.0, "xG": 1.63, "assists": 1.0, "xA": 0.77, "shots": 16.0, "key_passes": 3.0, "yellow_cards": 1.0, "red_cards": 0.0, "position": "F M S", "team_title": "Strasbourg", "npg": 1.0, "npxG": 1.63, "xGChain": 3.28, "xGBuildup": 0.94}, {"player_name": "Junior Sambia", "games": 17.0, "time": 563.0, "goals": 1.0, "xG": 0.48, "assists": 1.0, "xA": 0.19, "shots": 13.0, "key_passes": 4.0, "yellow_cards": 3.0, "red_cards": 1.0, "position": "D M S", "team_title": "Montpellier", "npg": 1.0, "npxG": 0.48, "xGChain": 1.61, "xGBuildup": 1.16}, {"player_name": "Mathieu Dossevi", "games": 26.0, "time": 1771.0, "goals": 1.0, "xG": 1.71, "assists": 2.0, "xA": 5.06, "shots": 24.0, "key_passes": 50.0, "yellow_cards": 0.0, "red_cards": 0.0, "position": "F M S", "team_title": "Toulouse", "npg": 1.0, "npxG": 1.71, "xGChain": 5.75, "xGBuildup": 2.55}, {"player_name": "Bongani Zungu", "games": 21.0, "time": 977.0, "goals": 1.0, "xG": 0.19, "assists": 0.0, "xA": 0.33, "shots": 7.0, "key_passes": 2.0, "yellow_cards": 4.0, "red_cards": 0.0, "position": "M S", "team_title": "Amiens", "npg": 1.0, "npxG": 0.19, "xGChain": 2.24, "xGBuildup": 1.81}, {"player_name": "Joachim Andersen", "games": 18.0, "time": 1531.0, "goals": 1.0, "xG": 1.03, "assists": 0.0, "xA": 0.12, "shots": 10.0, "key_passes": 4.0, "yellow_cards": 3.0, "red_cards": 0.0, "position": "D S", "team_title": "Lyon", "npg": 1.0, "npxG": 1.03, "xGChain": 4.2, "xGBuildup": 4.07}, {"player_name": "Anthony Briancon", "games": 22.0, "time": 1736.0, "goals": 1.0, "xG": 1.68, "assists": 0.0, "xA": 0.6, "shots": 18.0, "key_passes": 3.0, "yellow_cards": 0.0, "red_cards": 2.0, "position": "D S", "team_title": "Nimes", "npg": 1.0, "npxG": 1.68, "xGChain": 2.31, "xGBuildup": 1.86}, {"player_name": "Florian Miguel", "games": 24.0, "time": 2072.0, "goals": 1.0, "xG": 1.0, "assists": 0.0, "xA": 1.06, "shots": 18.0, "key_passes": 14.0, "yellow_cards": 6.0, "red_cards": 1.0, "position": "D S", "team_title": "Nimes", "npg": 1.0, "npxG": 1.0, "xGChain": 4.48, "xGBuildup": 3.1}, {"player_name": "Theo Valls", "games": 23.0, "time": 1682.0, "goals": 1.0, "xG": 0.8, "assists": 1.0, "xA": 1.97, "shots": 25.0, "key_passes": 25.0, "yellow_cards": 1.0, "red_cards": 1.0, "position": "M S", "team_title": "Nimes", "npg": 1.0, "npxG": 0.8, "xGChain": 4.26, "xGBuildup": 2.08}, {"player_name": "Xavier Chavalerin", "games": 24.0, "time": 2149.0, "goals": 1.0, "xG": 0.73, "assists": 3.0, "xA": 3.34, "shots": 19.0, "key_passes": 41.0, "yellow_cards": 6.0, "red_cards": 0.0, "position": "M", "team_title": "Reims", "npg": 1.0, "npxG": 0.73, "xGChain": 4.46, "xGBuildup": 2.54}, {"player_name": "Axel Disasi", "games": 27.0, "time": 2430.0, "goals": 1.0, "xG": 2.39, "assists": 0.0, "xA": 0.4, "shots": 15.0, "key_passes": 5.0, "yellow_cards": 3.0, "red_cards": 0.0, "position": "D", "team_title": "Reims", "npg": 1.0, "npxG": 2.39, "xGChain": 3.03, "xGBuildup": 2.64}, {"player_name": "Juan Ferney Otero", "games": 18.0, "time": 1216.0, "goals": 1.0, "xG": 1.67, "assists": 2.0, "xA": 1.87, "shots": 19.0, "key_passes": 9.0, "yellow_cards": 0.0, "red_cards": 1.0, "position": "F M S", "team_title": "Amiens", "npg": 1.0, "npxG": 1.67, "xGChain": 5.45, "xGBuildup": 2.24}, {"player_name": "Toma Basic", "games": 15.0, "time": 999.0, "goals": 1.0, "xG": 1.01, "assists": 3.0, "xA": 3.22, "shots": 17.0, "key_passes": 23.0, "yellow_cards": 4.0, "red_cards": 0.0, "position": "M S", "team_title": "Bordeaux", "npg": 1.0, "npxG": 1.01, "xGChain": 1.9, "xGBuildup": 0.62}, {"player_name": "Youssouf Fofana", "games": 20.0, "time": 1639.0, "goals": 1.0, "xG": 1.04, "assists": 2.0, "xA": 0.95, "shots": 21.0, "key_passes": 13.0, "yellow_cards": 1.0, "red_cards": 0.0, "position": "M S", "team_title": "Monaco", "npg": 1.0, "npxG": 1.04, "xGChain": 4.92, "xGBuildup": 3.08}, {"player_name": "Samuel Kalu", "games": 20.0, "time": 1366.0, "goals": 1.0, "xG": 2.7, "assists": 1.0, "xA": 1.46, "shots": 39.0, "key_passes": 10.0, "yellow_cards": 4.0, "red_cards": 0.0, "position": "D M S", "team_title": "Bordeaux", "npg": 1.0, "npxG": 2.7, "xGChain": 4.69, "xGBuildup": 0.9}, {"player_name": "Duje Caleta-Car", "games": 23.0, "time": 1885.0, "goals": 1.0, "xG": 1.27, "assists": 1.0, "xA": 0.75, "shots": 15.0, "key_passes": 6.0, "yellow_cards": 6.0, "red_cards": 0.0, "position": "D S", "team_title": "Marseille", "npg": 1.0, "npxG": 1.27, "xGChain": 2.49, "xGBuildup": 2.08}, {"player_name": "Eduardo Camavinga", "games": 25.0, "time": 2122.0, "goals": 1.0, "xG": 0.9, "assists": 2.0, "xA": 0.78, "shots": 15.0, "key_passes": 7.0, "yellow_cards": 4.0, "red_cards": 0.0, "position": "M S", "team_title": "Rennes", "npg": 1.0, "npxG": 0.9, "xGChain": 6.44, "xGBuildup": 4.95}, {"player_name": "Jean-Charles Castelletto", "games": 22.0, "time": 1842.0, "goals": 1.0, "xG": 0.86, "assists": 0.0, "xA": 0.12, "shots": 3.0, "key_passes": 4.0, "yellow_cards": 3.0, "red_cards": 1.0, "position": "D", "team_title": "Brest", "npg": 1.0, "npxG": 0.86, "xGChain": 2.35, "xGBuildup": 2.34}, {"player_name": "Denys Bain", "games": 15.0, "time": 1267.0, "goals": 1.0, "xG": 1.12, "assists": 0.0, "xA": 0.0, "shots": 3.0, "key_passes": 0.0, "yellow_cards": 3.0, "red_cards": 1.0, "position": "D S", "team_title": "Brest", "npg": 1.0, "npxG": 1.12, "xGChain": 2.66, "xGBuildup": 2.66}, {"player_name": "Pereira Lage", "games": 25.0, "time": 1549.0, "goals": 1.0, "xG": 1.52, "assists": 3.0, "xA": 2.45, "shots": 35.0, "key_passes": 22.0, "yellow_cards": 2.0, "red_cards": 0.0, "position": "M S", "team_title": "Angers", "npg": 1.0, "npxG": 1.52, "xGChain": 5.26, "xGBuildup": 2.63}, {"player_name": "Loris Benito", "games": 23.0, "time": 1899.0, "goals": 1.0, "xG": 0.66, "assists": 0.0, "xA": 0.88, "shots": 12.0, "key_passes": 17.0, "yellow_cards": 5.0, "red_cards": 0.0, "position": "D S", "team_title": "Bordeaux", "npg": 1.0, "npxG": 0.66, "xGChain": 3.92, "xGBuildup": 3.56}, {"player_name": "Miguel Trauco", "games": 19.0, "time": 1483.0, "goals": 1.0, "xG": 0.71, "assists": 2.0, "xA": 0.87, "shots": 11.0, "key_passes": 9.0, "yellow_cards": 6.0, "red_cards": 0.0, "position": "D M S", "team_title": "Saint-Etienne", "npg": 1.0, "npxG": 0.71, "xGChain": 2.28, "xGBuildup": 0.89}, {"player_name": "Yusuf Yazici", "games": 18.0, "time": 836.0, "goals": 1.0, "xG": 2.17, "assists": 4.0, "xA": 2.63, "shots": 21.0, "key_passes": 24.0, "yellow_cards": 0.0, "red_cards": 1.0, "position": "F M S", "team_title": "Lille", "npg": 0.0, "npxG": 1.41, "xGChain": 3.87, "xGBuildup": 1.97}, {"player_name": "Abdoul Kader Bamba", "games": 27.0, "time": 1469.0, "goals": 1.0, "xG": 1.92, "assists": 3.0, "xA": 4.37, "shots": 19.0, "key_passes": 37.0, "yellow_cards": 5.0, "red_cards": 0.0, "position": "M S", "team_title": "Nantes", "npg": 1.0, "npxG": 1.92, "xGChain": 8.65, "xGBuildup": 4.73}, {"player_name": "Hiroki Sakai", "games": 21.0, "time": 1621.0, "goals": 0.0, "xG": 0.1, "assists": 0.0, "xA": 1.57, "shots": 2.0, "key_passes": 14.0, "yellow_cards": 3.0, "red_cards": 0.0, "position": "D S", "team_title": "Marseille", "npg": 0.0, "npxG": 0.1, "xGChain": 5.18, "xGBuildup": 4.42}, {"player_name": "Marcelo", "games": 17.0, "time": 1509.0, "goals": 0.0, "xG": 0.55, "assists": 0.0, "xA": 0.02, "shots": 8.0, "key_passes": 1.0, "yellow_cards": 4.0, "red_cards": 0.0, "position": "D", "team_title": "Lyon", "npg": 0.0, "npxG": 0.55, "xGChain": 4.07, "xGBuildup": 4.07}, {"player_name": "Juan Bernat", "games": 18.0, "time": 1402.0, "goals": 0.0, "xG": 0.63, "assists": 4.0, "xA": 3.39, "shots": 6.0, "key_passes": 14.0, "yellow_cards": 5.0, "red_cards": 0.0, "position": "D M S", "team_title": "Paris Saint Germain", "npg": 0.0, "npxG": 0.63, "xGChain": 13.48, "xGBuildup": 11.78}, {"player_name": "Laurent Koscielny", "games": 25.0, "time": 2183.0, "goals": 0.0, "xG": 0.26, "assists": 0.0, "xA": 0.03, "shots": 3.0, "key_passes": 2.0, "yellow_cards": 3.0, "red_cards": 0.0, "position": "D", "team_title": "Bordeaux", "npg": 0.0, "npxG": 0.26, "xGChain": 2.2, "xGBuildup": 2.19}, {"player_name": "Yohan Cabaye", "games": 15.0, "time": 869.0, "goals": 0.0, "xG": 0.45, "assists": 1.0, "xA": 0.31, "shots": 11.0, "key_passes": 8.0, "yellow_cards": 3.0, "red_cards": 0.0, "position": "M S", "team_title": "Saint-Etienne", "npg": 0.0, "npxG": 0.45, "xGChain": 1.01, "xGBuildup": 0.68}, {"player_name": "Cesc Fàbregas", "games": 18.0, "time": 938.0, "goals": 0.0, "xG": 0.47, "assists": 3.0, "xA": 2.29, "shots": 9.0, "key_passes": 23.0, "yellow_cards": 1.0, "red_cards": 1.0, "position": "M S", "team_title": "Monaco", "npg": 0.0, "npxG": 0.47, "xGChain": 7.1, "xGBuildup": 5.12}, {"player_name": "Yann M&#039;Vila", "games": 23.0, "time": 1936.0, "goals": 0.0, "xG": 0.6, "assists": 2.0, "xA": 1.03, "shots": 9.0, "key_passes": 10.0, "yellow_cards": 1.0, "red_cards": 0.0, "position": "D M S", "team_title": "Saint-Etienne", "npg": 0.0, "npxG": 0.6, "xGChain": 3.59, "xGBuildup": 2.75}, {"player_name": "Jason Denayer", "games": 25.0, "time": 2137.0, "goals": 0.0, "xG": 0.74, "assists": 1.0, "xA": 0.12, "shots": 5.0, "key_passes": 3.0, "yellow_cards": 0.0, "red_cards": 0.0, "position": "D S", "team_title": "Lyon", "npg": 0.0, "npxG": 0.74, "xGChain": 5.07, "xGBuildup": 4.91}, {"player_name": "Alfred Gomis", "games": 19.0, "time": 1630.0, "goals": 0.0, "xG": 0.0, "assists": 0.0, "xA": 0.0, "shots": 0.0, "key_passes": 0.0, "yellow_cards": 0.0, "red_cards": 0.0, "position": "GK", "team_title": "Dijon", "npg": 0.0, "npxG": 0.0, "xGChain": 2.32, "xGBuildup": 2.32}, {"player_name": "Eddy Gnahore", "games": 17.0, "time": 1137.0, "goals": 0.0, "xG": 0.83, "assists": 0.0, "xA": 0.52, "shots": 6.0, "key_passes": 6.0, "yellow_cards": 2.0, "red_cards": 1.0, "position": "M S", "team_title": "Amiens", "npg": 0.0, "npxG": 0.83, "xGChain": 2.98, "xGBuildup": 2.37}, {"player_name": "Steve Mandanda", "games": 27.0, "time": 2370.0, "goals": 0.0, "xG": 0.0, "assists": 0.0, "xA": 0.0, "shots": 0.0, "key_passes": 0.0, "yellow_cards": 1.0, "red_cards": 0.0, "position": "GK", "team_title": "Marseille", "npg": 0.0, "npxG": 0.0, "xGChain": 0.85, "xGBuildup": 0.85}, {"player_name": "Didier Ndong", "games": 27.0, "time": 2394.0, "goals": 0.0, "xG": 0.86, "assists": 2.0, "xA": 1.36, "shots": 19.0, "key_passes": 16.0, "yellow_cards": 5.0, "red_cards": 0.0, "position": "D M", "team_title": "Dijon", "npg": 0.0, "npxG": 0.86, "xGChain": 6.05, "xGBuildup": 5.24}, {"player_name": "William Vainqueur", "games": 21.0, "time": 1738.0, "goals": 0.0, "xG": 0.43, "assists": 0.0, "xA": 0.42, "shots": 17.0, "key_passes": 9.0, "yellow_cards": 8.0, "red_cards": 0.0, "position": "M", "team_title": "Toulouse", "npg": 0.0, "npxG": 0.43, "xGChain": 3.27, "xGBuildup": 2.72}, {"player_name": "Timothée Kolodziejczak", "games": 15.0, "time": 1301.0, "goals": 0.0, "xG": 0.17, "assists": 0.0, "xA": 0.31, "shots": 3.0, "key_passes": 7.0, "yellow_cards": 6.0, "red_cards": 0.0, "position": "D S", "team_title": "Saint-Etienne", "npg": 0.0, "npxG": 0.17, "xGChain": 2.54, "xGBuildup": 2.31}, {"player_name": "Gerónimo Rulli", "games": 25.0, "time": 2250.0, "goals": 0.0, "xG": 0.0, "assists": 0.0, "xA": 0.0, "shots": 0.0, "key_passes": 0.0, "yellow_cards": 0.0, "red_cards": 0.0, "position": "GK", "team_title": "Montpellier", "npg": 0.0, "npxG": 0.0, "xGChain": 2.94, "xGBuildup": 2.94}, {"player_name": "Keylor Navas", "games": 21.0, "time": 1890.0, "goals": 0.0, "xG": 0.0, "assists": 0.0, "xA": 0.0, "shots": 0.0, "key_passes": 0.0, "yellow_cards": 0.0, "red_cards": 0.0, "position": "GK", "team_title": "Paris Saint Germain", "npg": 0.0, "npxG": 0.0, "xGChain": 6.88, "xGBuildup": 6.88}, {"player_name": "Danilo", "games": 16.0, "time": 1119.0, "goals": 0.0, "xG": 0.33, "assists": 0.0, "xA": 0.36, "shots": 5.0, "key_passes": 10.0, "yellow_cards": 4.0, "red_cards": 0.0, "position": "D M S", "team_title": "Nice", "npg": 0.0, "npxG": 0.33, "xGChain": 5.98, "xGBuildup": 5.79}, {"player_name": "Álvaro González", "games": 20.0, "time": 1630.0, "goals": 0.0, "xG": 0.79, "assists": 0.0, "xA": 0.53, "shots": 13.0, "key_passes": 3.0, "yellow_cards": 4.0, "red_cards": 1.0, "position": "D S", "team_title": "Marseille", "npg": 0.0, "npxG": 0.79, "xGChain": 1.26, "xGBuildup": 1.22}, {"player_name": "Alban Lafont", "games": 27.0, "time": 2430.0, "goals": 0.0, "xG": 0.0, "assists": 0.0, "xA": 0.0, "shots": 0.0, "key_passes": 0.0, "yellow_cards": 3.0, "red_cards": 0.0, "position": "GK", "team_title": "Nantes", "npg": 0.0, "npxG": 0.0, "xGChain": 1.43, "xGBuildup": 1.43}, {"player_name": "Alexis Blin", "games": 24.0, "time": 1844.0, "goals": 0.0, "xG": 0.06, "assists": 1.0, "xA": 0.71, "shots": 2.0, "key_passes": 7.0, "yellow_cards": 4.0, "red_cards": 0.0, "position": "D M S", "team_title": "Amiens", "npg": 0.0, "npxG": 0.06, "xGChain": 2.21, "xGBuildup": 2.15}, {"player_name": "Benoit Costil", "games": 28.0, "time": 2520.0, "goals": 0.0, "xG": 0.0, "assists": 0.0, "xA": 0.0, "shots": 0.0, "key_passes": 0.0, "yellow_cards": 1.0, "red_cards": 0.0, "position": "GK", "team_title": "Bordeaux", "npg": 0.0, "npxG": 0.0, "xGChain": 1.56, "xGBuildup": 1.56}, {"player_name": "Hamari Traore", "games": 27.0, "time": 2415.0, "goals": 0.0, "xG": 0.94, "assists": 5.0, "xA": 2.88, "shots": 23.0, "key_passes": 34.0, "yellow_cards": 7.0, "red_cards": 0.0, "position": "D", "team_title": "Rennes", "npg": 0.0, "npxG": 0.94, "xGChain": 7.95, "xGBuildup": 4.85}, {"player_name": "Paul Bernardoni", "games": 25.0, "time": 2203.0, "goals": 0.0, "xG": 0.0, "assists": 0.0, "xA": 0.0, "shots": 0.0, "key_passes": 0.0, "yellow_cards": 0.0, "red_cards": 0.0, "position": "GK", "team_title": "Nimes", "npg": 0.0, "npxG": 0.0, "xGChain": 1.51, "xGBuildup": 1.51}, {"player_name": "Anthony Lopes", "games": 26.0, "time": 2340.0, "goals": 0.0, "xG": 0.0, "assists": 0.0, "xA": 0.17, "shots": 0.0, "key_passes": 1.0, "yellow_cards": 1.0, "red_cards": 0.0, "position": "GK", "team_title": "Lyon", "npg": 0.0, "npxG": 0.0, "xGChain": 2.68, "xGBuildup": 2.51}, {"player_name": "Jordan Ferri", "games": 16.0, "time": 1166.0, "goals": 0.0, "xG": 0.43, "assists": 0.0, "xA": 1.22, "shots": 11.0, "key_passes": 22.0, "yellow_cards": 1.0, "red_cards": 1.0, "position": "M S", "team_title": "Montpellier", "npg": 0.0, "npxG": 0.43, "xGChain": 2.43, "xGBuildup": 1.92}, {"player_name": "Thiago Silva", "games": 21.0, "time": 1586.0, "goals": 0.0, "xG": 0.22, "assists": 0.0, "xA": 0.0, "shots": 6.0, "key_passes": 0.0, "yellow_cards": 1.0, "red_cards": 0.0, "position": "D S", "team_title": "Paris Saint Germain", "npg": 0.0, "npxG": 0.22, "xGChain": 14.54, "xGBuildup": 14.54}, {"player_name": "Hilton", "games": 28.0, "time": 2514.0, "goals": 0.0, "xG": 1.15, "assists": 2.0, "xA": 1.29, "shots": 13.0, "key_passes": 13.0, "yellow_cards": 2.0, "red_cards": 0.0, "position": "D", "team_title": "Montpellier", "npg": 0.0, "npxG": 1.15, "xGChain": 4.54, "xGBuildup": 3.93}, {"player_name": "Daniel Congré", "games": 24.0, "time": 1946.0, "goals": 0.0, "xG": 1.57, "assists": 1.0, "xA": 0.57, "shots": 9.0, "key_passes": 3.0, "yellow_cards": 4.0, "red_cards": 0.0, "position": "D S", "team_title": "Montpellier", "npg": 0.0, "npxG": 1.57, "xGChain": 3.48, "xGBuildup": 2.95}, {"player_name": "Issiaga Sylla", "games": 28.0, "time": 2520.0, "goals": 0.0, "xG": 0.76, "assists": 2.0, "xA": 1.96, "shots": 21.0, "key_passes": 25.0, "yellow_cards": 2.0, "red_cards": 0.0, "position": "D", "team_title": "Toulouse", "npg": 0.0, "npxG": 0.76, "xGChain": 4.48, "xGBuildup": 2.92}, {"player_name": "Jacques-Alaixys Romao", "games": 22.0, "time": 1793.0, "goals": 0.0, "xG": 0.58, "assists": 0.0, "xA": 0.58, "shots": 12.0, "key_passes": 12.0, "yellow_cards": 7.0, "red_cards": 2.0, "position": "M S", "team_title": "Reims", "npg": 0.0, "npxG": 0.58, "xGChain": 3.32, "xGBuildup": 2.56}, {"player_name": "Léo Dubois", "games": 16.0, "time": 1348.0, "goals": 0.0, "xG": 0.13, "assists": 0.0, "xA": 1.15, "shots": 5.0, "key_passes": 13.0, "yellow_cards": 3.0, "red_cards": 0.0, "position": "D M S", "team_title": "Lyon", "npg": 0.0, "npxG": 0.13, "xGChain": 3.51, "xGBuildup": 2.61}, {"player_name": "Benjamin Lecomte", "games": 28.0, "time": 2520.0, "goals": 0.0, "xG": 0.0, "assists": 0.0, "xA": 0.0, "shots": 0.0, "key_passes": 0.0, "yellow_cards": 1.0, "red_cards": 0.0, "position": "GK", "team_title": "Monaco", "npg": 0.0, "npxG": 0.0, "xGChain": 3.93, "xGBuildup": 3.93}, {"player_name": "Vincent Manceau", "games": 22.0, "time": 1980.0, "goals": 0.0, "xG": 0.23, "assists": 0.0, "xA": 1.16, "shots": 8.0, "key_passes": 13.0, "yellow_cards": 1.0, "red_cards": 0.0, "position": "D", "team_title": "Angers", "npg": 0.0, "npxG": 0.23, "xGChain": 4.53, "xGBuildup": 3.34}, {"player_name": "Ismael Traoré", "games": 23.0, "time": 2055.0, "goals": 0.0, "xG": 0.65, "assists": 0.0, "xA": 0.2, "shots": 9.0, "key_passes": 4.0, "yellow_cards": 4.0, "red_cards": 0.0, "position": "D", "team_title": "Angers", "npg": 0.0, "npxG": 0.65, "xGChain": 2.97, "xGBuildup": 2.95}, {"player_name": "Stéphane Ruffier", "games": 22.0, "time": 1980.0, "goals": 0.0, "xG": 0.0, "assists": 0.0, "xA": 0.0, "shots": 0.0, "key_passes": 0.0, "yellow_cards": 1.0, "red_cards": 0.0, "position": "GK", "team_title": "Saint-Etienne", "npg": 0.0, "npxG": 0.0, "xGChain": 1.33, "xGBuildup": 1.33}, {"player_name": "Dennis Appiah", "games": 19.0, "time": 1609.0, "goals": 0.0, "xG": 0.04, "assists": 0.0, "xA": 0.29, "shots": 1.0, "key_passes": 8.0, "yellow_cards": 2.0, "red_cards": 0.0, "position": "D S", "team_title": "Nantes", "npg": 0.0, "npxG": 0.04, "xGChain": 4.44, "xGBuildup": 4.12}, {"player_name": "Marco Verratti", "games": 20.0, "time": 1483.0, "goals": 0.0, "xG": 0.2, "assists": 5.0, "xA": 3.51, "shots": 2.0, "key_passes": 27.0, "yellow_cards": 6.0, "red_cards": 0.0, "position": "M S", "team_title": "Paris Saint Germain", "npg": 0.0, "npxG": 0.2, "xGChain": 19.05, "xGBuildup": 17.74}, {"player_name": "Steven Moreira", "games": 17.0, "time": 1391.0, "goals": 0.0, "xG": 0.19, "assists": 0.0, "xA": 1.09, "shots": 6.0, "key_passes": 15.0, "yellow_cards": 3.0, "red_cards": 2.0, "position": "D S", "team_title": "Toulouse", "npg": 0.0, "npxG": 0.19, "xGChain": 2.72, "xGBuildup": 1.79}, {"player_name": "Presnel Kimpembe", "games": 16.0, "time": 1219.0, "goals": 0.0, "xG": 0.35, "assists": 0.0, "xA": 0.04, "shots": 6.0, "key_passes": 1.0, "yellow_cards": 6.0, "red_cards": 0.0, "position": "D S", "team_title": "Paris Saint Germain", "npg": 0.0, "npxG": 0.35, "xGChain": 12.75, "xGBuildup": 12.73}, {"player_name": "Stoppila Sunzu", "games": 17.0, "time": 1348.0, "goals": 0.0, "xG": 0.56, "assists": 0.0, "xA": 0.01, "shots": 4.0, "key_passes": 1.0, "yellow_cards": 2.0, "red_cards": 1.0, "position": "D S", "team_title": "Metz", "npg": 0.0, "npxG": 0.56, "xGChain": 0.56, "xGBuildup": 0.55}, {"player_name": "Mexer", "games": 19.0, "time": 1488.0, "goals": 0.0, "xG": 0.3, "assists": 2.0, "xA": 0.25, "shots": 9.0, "key_passes": 5.0, "yellow_cards": 5.0, "red_cards": 0.0, "position": "D S", "team_title": "Bordeaux", "npg": 0.0, "npxG": 0.3, "xGChain": 1.63, "xGBuildup": 1.52}, {"player_name": "Charles Traore", "games": 20.0, "time": 1749.0, "goals": 0.0, "xG": 0.09, "assists": 1.0, "xA": 0.32, "shots": 5.0, "key_passes": 9.0, "yellow_cards": 3.0, "red_cards": 0.0, "position": "D", "team_title": "Nantes", "npg": 0.0, "npxG": 0.09, "xGChain": 4.13, "xGBuildup": 3.81}, {"player_name": "Kevin N&#039;Doram", "games": 20.0, "time": 1643.0, "goals": 0.0, "xG": 0.18, "assists": 0.0, "xA": 0.29, "shots": 9.0, "key_passes": 7.0, "yellow_cards": 2.0, "red_cards": 0.0, "position": "M S", "team_title": "Metz", "npg": 0.0, "npxG": 0.18, "xGChain": 2.6, "xGBuildup": 2.34}, {"player_name": "Nicolas Pallois", "games": 21.0, "time": 1890.0, "goals": 0.0, "xG": 0.95, "assists": 0.0, "xA": 0.07, "shots": 13.0, "key_passes": 2.0, "yellow_cards": 10.0, "red_cards": 0.0, "position": "D", "team_title": "Nantes", "npg": 0.0, "npxG": 0.95, "xGChain": 3.85, "xGBuildup": 3.79}, {"player_name": "Valentin Rongier", "games": 26.0, "time": 2069.0, "goals": 0.0, "xG": 2.48, "assists": 3.0, "xA": 2.67, "shots": 41.0, "key_passes": 37.0, "yellow_cards": 3.0, "red_cards": 0.0, "position": "M S", "team_title": "Marseille", "npg": 0.0, "npxG": 1.72, "xGChain": 7.31, "xGBuildup": 4.71}, {"player_name": "Wesley Lautoa", "games": 23.0, "time": 1886.0, "goals": 0.0, "xG": 0.5, "assists": 1.0, "xA": 0.48, "shots": 9.0, "key_passes": 9.0, "yellow_cards": 3.0, "red_cards": 0.0, "position": "D M S", "team_title": "Dijon", "npg": 0.0, "npxG": 0.5, "xGChain": 4.25, "xGBuildup": 4.08}, {"player_name": "Loic Perrin", "games": 21.0, "time": 1719.0, "goals": 0.0, "xG": 0.61, "assists": 0.0, "xA": 0.16, "shots": 5.0, "key_passes": 4.0, "yellow_cards": 5.0, "red_cards": 0.0, "position": "D S", "team_title": "Saint-Etienne", "npg": 0.0, "npxG": 0.61, "xGChain": 1.34, "xGBuildup": 1.18}, {"player_name": "Joris Gnagnon", "games": 19.0, "time": 1269.0, "goals": 0.0, "xG": 0.46, "assists": 1.0, "xA": 1.18, "shots": 9.0, "key_passes": 4.0, "yellow_cards": 2.0, "red_cards": 0.0, "position": "D S", "team_title": "Rennes", "npg": 0.0, "npxG": 0.46, "xGChain": 3.97, "xGBuildup": 3.63}, {"player_name": "Mike Maignan", "games": 28.0, "time": 2520.0, "goals": 0.0, "xG": 0.01, "assists": 0.0, "xA": 0.0, "shots": 1.0, "key_passes": 0.0, "yellow_cards": 0.0, "red_cards": 0.0, "position": "GK", "team_title": "Lille", "npg": 0.0, "npxG": 0.01, "xGChain": 3.11, "xGBuildup": 3.11}, {"player_name": "Ludovic Butelle", "games": 26.0, "time": 2340.0, "goals": 0.0, "xG": 0.0, "assists": 0.0, "xA": 0.06, "shots": 0.0, "key_passes": 1.0, "yellow_cards": 0.0, "red_cards": 0.0, "position": "GK", "team_title": "Angers", "npg": 0.0, "npxG": 0.0, "xGChain": 0.66, "xGBuildup": 0.6}, {"player_name": "Maxime Lopez", "games": 23.0, "time": 1113.0, "goals": 0.0, "xG": 0.7, "assists": 3.0, "xA": 0.85, "shots": 10.0, "key_passes": 18.0, "yellow_cards": 2.0, "red_cards": 0.0, "position": "F M S", "team_title": "Marseille", "npg": 0.0, "npxG": 0.7, "xGChain": 3.69, "xGBuildup": 2.58}, {"player_name": "Kelvin Adou", "games": 20.0, "time": 1625.0, "goals": 0.0, "xG": 0.32, "assists": 2.0, "xA": 0.59, "shots": 8.0, "key_passes": 7.0, "yellow_cards": 3.0, "red_cards": 0.0, "position": "D S", "team_title": "Toulouse", "npg": 0.0, "npxG": 0.32, "xGChain": 1.78, "xGBuildup": 1.13}, {"player_name": "Anastasios Donis", "games": 15.0, "time": 596.0, "goals": 0.0, "xG": 1.45, "assists": 0.0, "xA": 0.25, "shots": 15.0, "key_passes": 6.0, "yellow_cards": 1.0, "red_cards": 0.0, "position": "F M S", "team_title": "Reims", "npg": 0.0, "npxG": 1.45, "xGChain": 1.78, "xGBuildup": 0.18}, {"player_name": "Thierry Ambrose", "games": 18.0, "time": 511.0, "goals": 0.0, "xG": 0.95, "assists": 0.0, "xA": 0.41, "shots": 23.0, "key_passes": 11.0, "yellow_cards": 1.0, "red_cards": 0.0, "position": "F M S", "team_title": "Metz", "npg": 0.0, "npxG": 0.95, "xGChain": 1.61, "xGBuildup": 0.64}, {"player_name": "Abdou Diallo", "games": 16.0, "time": 1206.0, "goals": 0.0, "xG": 0.94, "assists": 1.0, "xA": 0.49, "shots": 5.0, "key_passes": 4.0, "yellow_cards": 4.0, "red_cards": 0.0, "position": "D S", "team_title": "Paris Saint Germain", "npg": 0.0, "npxG": 0.94, "xGChain": 6.21, "xGBuildup": 5.72}, {"player_name": "Bruno Ecuele Manga", "games": 28.0, "time": 2520.0, "goals": 0.0, "xG": 1.61, "assists": 0.0, "xA": 0.21, "shots": 17.0, "key_passes": 5.0, "yellow_cards": 2.0, "red_cards": 0.0, "position": "D", "team_title": "Dijon", "npg": 0.0, "npxG": 1.61, "xGChain": 4.16, "xGBuildup": 4.15}, {"player_name": "Victorien Angban", "games": 20.0, "time": 1022.0, "goals": 0.0, "xG": 0.06, "assists": 0.0, "xA": 0.04, "shots": 4.0, "key_passes": 3.0, "yellow_cards": 0.0, "red_cards": 0.0, "position": "M S", "team_title": "Metz", "npg": 0.0, "npxG": 0.06, "xGChain": 2.77, "xGBuildup": 2.69}, {"player_name": "Baptiste Reynet", "games": 23.0, "time": 2034.0, "goals": 0.0, "xG": 0.0, "assists": 0.0, "xA": 0.06, "shots": 0.0, "key_passes": 1.0, "yellow_cards": 1.0, "red_cards": 0.0, "position": "GK S", "team_title": "Toulouse", "npg": 0.0, "npxG": 0.0, "xGChain": 2.62, "xGBuildup": 2.62}, {"player_name": "Walter Benítez", "games": 26.0, "time": 2340.0, "goals": 0.0, "xG": 0.0, "assists": 0.0, "xA": 0.0, "shots": 0.0, "key_passes": 0.0, "yellow_cards": 0.0, "red_cards": 0.0, "position": "GK", "team_title": "Nice", "npg": 0.0, "npxG": 0.0, "xGChain": 4.42, "xGBuildup": 4.42}, {"player_name": "Thomas Meunier", "games": 16.0, "time": 1240.0, "goals": 0.0, "xG": 0.48, "assists": 2.0, "xA": 2.7, "shots": 4.0, "key_passes": 19.0, "yellow_cards": 3.0, "red_cards": 0.0, "position": "D S", "team_title": "Paris Saint Germain", "npg": 0.0, "npxG": 0.48, "xGChain": 11.69, "xGBuildup": 10.52}, {"player_name": "Fouad Chafik", "games": 20.0, "time": 1531.0, "goals": 0.0, "xG": 0.14, "assists": 2.0, "xA": 1.49, "shots": 7.0, "key_passes": 22.0, "yellow_cards": 1.0, "red_cards": 0.0, "position": "D S", "team_title": "Dijon", "npg": 0.0, "npxG": 0.14, "xGChain": 4.13, "xGBuildup": 2.91}, {"player_name": "Xeka", "games": 17.0, "time": 702.0, "goals": 0.0, "xG": 1.18, "assists": 0.0, "xA": 0.98, "shots": 9.0, "key_passes": 8.0, "yellow_cards": 4.0, "red_cards": 0.0, "position": "M S", "team_title": "Lille", "npg": 0.0, "npxG": 1.18, "xGChain": 3.14, "xGBuildup": 1.94}, {"player_name": "Ibrahim Sangare", "games": 25.0, "time": 2177.0, "goals": 0.0, "xG": 1.66, "assists": 1.0, "xA": 1.2, "shots": 22.0, "key_passes": 26.0, "yellow_cards": 8.0, "red_cards": 0.0, "position": "M", "team_title": "Toulouse", "npg": 0.0, "npxG": 1.66, "xGChain": 6.35, "xGBuildup": 4.54}, {"player_name": "James Edward Lea Siliki", "games": 20.0, "time": 1074.0, "goals": 0.0, "xG": 1.03, "assists": 0.0, "xA": 0.58, "shots": 15.0, "key_passes": 8.0, "yellow_cards": 4.0, "red_cards": 0.0, "position": "M S", "team_title": "Rennes", "npg": 0.0, "npxG": 1.03, "xGChain": 3.54, "xGBuildup": 2.74}, {"player_name": "Zaydou Youssef", "games": 16.0, "time": 1063.0, "goals": 0.0, "xG": 0.73, "assists": 0.0, "xA": 0.42, "shots": 8.0, "key_passes": 9.0, "yellow_cards": 4.0, "red_cards": 0.0, "position": "M S", "team_title": "Saint-Etienne", "npg": 0.0, "npxG": 0.73, "xGChain": 3.15, "xGBuildup": 2.12}, {"player_name": "Fode Toure", "games": 21.0, "time": 1672.0, "goals": 0.0, "xG": 0.43, "assists": 0.0, "xA": 1.72, "shots": 5.0, "key_passes": 17.0, "yellow_cards": 4.0, "red_cards": 0.0, "position": "D S", "team_title": "Monaco", "npg": 0.0, "npxG": 0.43, "xGChain": 5.07, "xGBuildup": 3.11}, {"player_name": "Mihailo Ristic", "games": 18.0, "time": 793.0, "goals": 0.0, "xG": 0.28, "assists": 2.0, "xA": 0.55, "shots": 8.0, "key_passes": 12.0, "yellow_cards": 1.0, "red_cards": 0.0, "position": "D M S", "team_title": "Montpellier", "npg": 0.0, "npxG": 0.28, "xGChain": 1.48, "xGBuildup": 0.72}, {"player_name": "Régis Gurtner", "games": 28.0, "time": 2520.0, "goals": 0.0, "xG": 0.0, "assists": 0.0, "xA": 0.07, "shots": 0.0, "key_passes": 1.0, "yellow_cards": 0.0, "red_cards": 0.0, "position": "GK", "team_title": "Amiens", "npg": 0.0, "npxG": 0.0, "xGChain": 0.81, "xGBuildup": 0.73}, {"player_name": "Thomas Monconduit", "games": 19.0, "time": 1379.0, "goals": 0.0, "xG": 0.42, "assists": 0.0, "xA": 0.29, "shots": 11.0, "key_passes": 10.0, "yellow_cards": 8.0, "red_cards": 0.0, "position": "M S", "team_title": "Amiens", "npg": 0.0, "npxG": 0.42, "xGChain": 1.5, "xGBuildup": 1.14}, {"player_name": "Kenny Tete", "games": 18.0, "time": 1055.0, "goals": 0.0, "xG": 0.6, "assists": 1.0, "xA": 1.47, "shots": 7.0, "key_passes": 12.0, "yellow_cards": 1.0, "red_cards": 0.0, "position": "D S", "team_title": "Lyon", "npg": 0.0, "npxG": 0.6, "xGChain": 4.35, "xGBuildup": 3.68}, {"player_name": "Alexandre Oukidja", "games": 27.0, "time": 2385.0, "goals": 0.0, "xG": 0.0, "assists": 0.0, "xA": 0.05, "shots": 0.0, "key_passes": 2.0, "yellow_cards": 3.0, "red_cards": 0.0, "position": "GK", "team_title": "Metz", "npg": 0.0, "npxG": 0.0, "xGChain": 1.23, "xGBuildup": 1.18}, {"player_name": "Tristan Dingome", "games": 15.0, "time": 910.0, "goals": 0.0, "xG": 0.44, "assists": 1.0, "xA": 0.97, "shots": 9.0, "key_passes": 11.0, "yellow_cards": 1.0, "red_cards": 0.0, "position": "M S", "team_title": "Reims", "npg": 0.0, "npxG": 0.44, "xGChain": 2.67, "xGBuildup": 1.41}, {"player_name": "Ruben Aguilar", "games": 19.0, "time": 1057.0, "goals": 0.0, "xG": 0.22, "assists": 2.0, "xA": 2.01, "shots": 6.0, "key_passes": 18.0, "yellow_cards": 2.0, "red_cards": 2.0, "position": "D M S", "team_title": "Monaco", "npg": 0.0, "npxG": 0.22, "xGChain": 3.82, "xGBuildup": 2.34}, {"player_name": "Thiago Mendes", "games": 22.0, "time": 1822.0, "goals": 0.0, "xG": 0.77, "assists": 6.0, "xA": 1.51, "shots": 26.0, "key_passes": 22.0, "yellow_cards": 2.0, "red_cards": 1.0, "position": "M S", "team_title": "Lyon", "npg": 0.0, "npxG": 0.77, "xGChain": 7.16, "xGBuildup": 5.97}, {"player_name": "Samuel Moutoussamy", "games": 17.0, "time": 506.0, "goals": 0.0, "xG": 0.34, "assists": 0.0, "xA": 0.64, "shots": 5.0, "key_passes": 7.0, "yellow_cards": 0.0, "red_cards": 0.0, "position": "D M S", "team_title": "Nantes", "npg": 0.0, "npxG": 0.34, "xGChain": 1.61, "xGBuildup": 1.0}, {"player_name": "Boubakary Soumare", "games": 20.0, "time": 1220.0, "goals": 0.0, "xG": 0.01, "assists": 0.0, "xA": 0.64, "shots": 1.0, "key_passes": 12.0, "yellow_cards": 0.0, "red_cards": 2.0, "position": "M S", "team_title": "Lille", "npg": 0.0, "npxG": 0.01, "xGChain": 2.12, "xGBuildup": 1.88}, {"player_name": "Lionel Carole", "games": 18.0, "time": 1278.0, "goals": 0.0, "xG": 0.14, "assists": 0.0, "xA": 0.82, "shots": 5.0, "key_passes": 14.0, "yellow_cards": 3.0, "red_cards": 0.0, "position": "D M S", "team_title": "Strasbourg", "npg": 0.0, "npxG": 0.14, "xGChain": 2.87, "xGBuildup": 2.41}, {"player_name": "Stanley N&#039;Soki", "games": 17.0, "time": 1269.0, "goals": 0.0, "xG": 0.49, "assists": 1.0, "xA": 0.65, "shots": 4.0, "key_passes": 7.0, "yellow_cards": 3.0, "red_cards": 0.0, "position": "D S", "team_title": "Nice", "npg": 0.0, "npxG": 0.49, "xGChain": 4.5, "xGBuildup": 4.42}, {"player_name": "Adrien Silva", "games": 22.0, "time": 1206.0, "goals": 0.0, "xG": 0.57, "assists": 2.0, "xA": 2.19, "shots": 14.0, "key_passes": 15.0, "yellow_cards": 7.0, "red_cards": 0.0, "position": "M S", "team_title": "Monaco", "npg": 0.0, "npxG": 0.57, "xGChain": 4.76, "xGBuildup": 4.41}, {"player_name": "Romain Perraud", "games": 20.0, "time": 1668.0, "goals": 0.0, "xG": 0.93, "assists": 1.0, "xA": 0.93, "shots": 22.0, "key_passes": 16.0, "yellow_cards": 1.0, "red_cards": 0.0, "position": "D S", "team_title": "Brest", "npg": 0.0, "npxG": 0.93, "xGChain": 3.98, "xGBuildup": 2.7}, {"player_name": "Aurelien Tchouameni", "games": 18.0, "time": 1160.0, "goals": 0.0, "xG": 0.7, "assists": 1.0, "xA": 0.61, "shots": 14.0, "key_passes": 8.0, "yellow_cards": 6.0, "red_cards": 0.0, "position": "M S", "team_title": "Bordeaux", "npg": 0.0, "npxG": 0.7, "xGChain": 2.4, "xGBuildup": 1.92}, {"player_name": "Rayan Ait Nouri", "games": 17.0, "time": 1293.0, "goals": 0.0, "xG": 0.24, "assists": 2.0, "xA": 0.64, "shots": 4.0, "key_passes": 9.0, "yellow_cards": 3.0, "red_cards": 0.0, "position": "D S", "team_title": "Angers", "npg": 0.0, "npxG": 0.24, "xGChain": 3.65, "xGBuildup": 3.35}, {"player_name": "Ambroise Oyongo", "games": 21.0, "time": 1831.0, "goals": 0.0, "xG": 0.43, "assists": 0.0, "xA": 0.66, "shots": 10.0, "key_passes": 13.0, "yellow_cards": 3.0, "red_cards": 0.0, "position": "D M", "team_title": "Montpellier", "npg": 0.0, "npxG": 0.43, "xGChain": 3.32, "xGBuildup": 2.5}, {"player_name": "Ibrahima Diallo", "games": 19.0, "time": 1563.0, "goals": 0.0, "xG": 0.08, "assists": 1.0, "xA": 0.68, "shots": 5.0, "key_passes": 10.0, "yellow_cards": 2.0, "red_cards": 0.0, "position": "M S", "team_title": "Brest", "npg": 0.0, "npxG": 0.08, "xGChain": 2.89, "xGBuildup": 2.34}, {"player_name": "Sofiane Alakouch", "games": 17.0, "time": 1416.0, "goals": 0.0, "xG": 0.83, "assists": 0.0, "xA": 0.36, "shots": 9.0, "key_passes": 11.0, "yellow_cards": 3.0, "red_cards": 0.0, "position": "D", "team_title": "Nimes", "npg": 0.0, "npxG": 0.83, "xGChain": 3.47, "xGBuildup": 2.48}, {"player_name": "Gaetan Paquiez", "games": 21.0, "time": 1534.0, "goals": 0.0, "xG": 0.19, "assists": 0.0, "xA": 0.55, "shots": 5.0, "key_passes": 5.0, "yellow_cards": 4.0, "red_cards": 1.0, "position": "D M S", "team_title": "Nimes", "npg": 0.0, "npxG": 0.19, "xGChain": 2.16, "xGBuildup": 1.91}, {"player_name": "Mehmet Zeki Çelik", "games": 23.0, "time": 2070.0, "goals": 0.0, "xG": 0.31, "assists": 2.0, "xA": 1.85, "shots": 5.0, "key_passes": 15.0, "yellow_cards": 4.0, "red_cards": 0.0, "position": "D", "team_title": "Lille", "npg": 0.0, "npxG": 0.31, "xGChain": 7.11, "xGBuildup": 6.07}, {"player_name": "Edouard Mendy", "games": 24.0, "time": 2160.0, "goals": 0.0, "xG": 0.0, "assists": 0.0, "xA": 0.0, "shots": 0.0, "key_passes": 0.0, "yellow_cards": 1.0, "red_cards": 0.0, "position": "GK", "team_title": "Rennes", "npg": 0.0, "npxG": 0.0, "xGChain": 2.86, "xGBuildup": 2.86}, {"player_name": "Ghislain Konan", "games": 16.0, "time": 1331.0, "goals": 0.0, "xG": 0.02, "assists": 1.0, "xA": 1.1, "shots": 2.0, "key_passes": 12.0, "yellow_cards": 0.0, "red_cards": 1.0, "position": "D S", "team_title": "Reims", "npg": 0.0, "npxG": 0.02, "xGChain": 2.82, "xGBuildup": 2.62}, {"player_name": "Matz Sels", "games": 27.0, "time": 2430.0, "goals": 0.0, "xG": 0.0, "assists": 0.0, "xA": 0.0, "shots": 0.0, "key_passes": 0.0, "yellow_cards": 0.0, "red_cards": 0.0, "position": "GK", "team_title": "Strasbourg", "npg": 0.0, "npxG": 0.0, "xGChain": 2.82, "xGBuildup": 2.82}, {"player_name": "Ibrahima Sissoko", "games": 23.0, "time": 1595.0, "goals": 0.0, "xG": 0.76, "assists": 1.0, "xA": 0.77, "shots": 16.0, "key_passes": 14.0, "yellow_cards": 5.0, "red_cards": 0.0, "position": "M S", "team_title": "Strasbourg", "npg": 0.0, "npxG": 0.76, "xGChain": 4.15, "xGBuildup": 3.43}, {"player_name": "Thomas Foket", "games": 27.0, "time": 2430.0, "goals": 0.0, "xG": 0.54, "assists": 1.0, "xA": 1.27, "shots": 8.0, "key_passes": 21.0, "yellow_cards": 3.0, "red_cards": 0.0, "position": "D", "team_title": "Reims", "npg": 0.0, "npxG": 0.54, "xGChain": 6.62, "xGBuildup": 5.32}, {"player_name": "Mickaël Alphonse", "games": 17.0, "time": 1376.0, "goals": 0.0, "xG": 0.25, "assists": 1.0, "xA": 0.46, "shots": 8.0, "key_passes": 8.0, "yellow_cards": 2.0, "red_cards": 0.0, "position": "D S", "team_title": "Dijon", "npg": 0.0, "npxG": 0.25, "xGChain": 2.39, "xGBuildup": 1.96}, {"player_name": "Benoit Badiashile Mukinayi", "games": 16.0, "time": 1417.0, "goals": 0.0, "xG": 0.37, "assists": 0.0, "xA": 0.14, "shots": 10.0, "key_passes": 2.0, "yellow_cards": 0.0, "red_cards": 0.0, "position": "D", "team_title": "Monaco", "npg": 0.0, "npxG": 0.37, "xGChain": 4.56, "xGBuildup": 4.55}, {"player_name": "Charles Nathan Abi", "games": 15.0, "time": 609.0, "goals": 0.0, "xG": 0.29, "assists": 0.0, "xA": 1.33, "shots": 5.0, "key_passes": 7.0, "yellow_cards": 2.0, "red_cards": 0.0, "position": "F S", "team_title": "Saint-Etienne", "npg": 0.0, "npxG": 0.29, "xGChain": 1.76, "xGBuildup": 0.14}, {"player_name": "Reinildo", "games": 16.0, "time": 1110.0, "goals": 0.0, "xG": 0.04, "assists": 0.0, "xA": 0.31, "shots": 2.0, "key_passes": 6.0, "yellow_cards": 4.0, "red_cards": 0.0, "position": "D S", "team_title": "Lille", "npg": 0.0, "npxG": 0.04, "xGChain": 2.39, "xGBuildup": 2.18}, {"player_name": "Mohamed Simakan", "games": 19.0, "time": 1506.0, "goals": 0.0, "xG": 0.38, "assists": 0.0, "xA": 0.59, "shots": 9.0, "key_passes": 10.0, "yellow_cards": 4.0, "red_cards": 0.0, "position": "D M S", "team_title": "Strasbourg", "npg": 0.0, "npxG": 0.38, "xGChain": 4.66, "xGBuildup": 4.48}, {"player_name": "Predrag Rajkovic", "games": 27.0, "time": 2430.0, "goals": 0.0, "xG": 0.0, "assists": 0.0, "xA": 0.01, "shots": 0.0, "key_passes": 1.0, "yellow_cards": 1.0, "red_cards": 0.0, "position": "GK", "team_title": "Reims", "npg": 0.0, "npxG": 0.0, "xGChain": 1.63, "xGBuildup": 1.62}, {"player_name": "Gautier Larsonneur", "games": 27.0, "time": 2400.0, "goals": 0.0, "xG": 0.0, "assists": 0.0, "xA": 0.01, "shots": 0.0, "key_passes": 1.0, "yellow_cards": 2.0, "red_cards": 0.0, "position": "GK", "team_title": "Brest", "npg": 0.0, "npxG": 0.0, "xGChain": 1.9, "xGBuildup": 1.89}, {"player_name": "Haris Belkebla", "games": 23.0, "time": 1816.0, "goals": 0.0, "xG": 0.75, "assists": 0.0, "xA": 0.41, "shots": 7.0, "key_passes": 9.0, "yellow_cards": 4.0, "red_cards": 0.0, "position": "M S", "team_title": "Brest", "npg": 0.0, "npxG": 0.75, "xGChain": 4.14, "xGBuildup": 3.02}, {"player_name": "Joris Chotard", "games": 20.0, "time": 1244.0, "goals": 0.0, "xG": 0.16, "assists": 1.0, "xA": 0.37, "shots": 9.0, "key_passes": 11.0, "yellow_cards": 3.0, "red_cards": 1.0, "position": "M S", "team_title": "Montpellier", "npg": 0.0, "npxG": 0.16, "xGChain": 3.74, "xGBuildup": 3.43}, {"player_name": "Domagoj Bradaric", "games": 18.0, "time": 1418.0, "goals": 0.0, "xG": 0.41, "assists": 1.0, "xA": 1.28, "shots": 5.0, "key_passes": 17.0, "yellow_cards": 1.0, "red_cards": 0.0, "position": "D S", "team_title": "Lille", "npg": 0.0, "npxG": 0.41, "xGChain": 3.57, "xGBuildup": 2.82}, {"player_name": "Jean-Ricner Bellegarde", "games": 24.0, "time": 1515.0, "goals": 0.0, "xG": 0.77, "assists": 0.0, "xA": 1.0, "shots": 18.0, "key_passes": 21.0, "yellow_cards": 2.0, "red_cards": 0.0, "position": "F M S", "team_title": "Strasbourg", "npg": 0.0, "npxG": 0.77, "xGChain": 4.85, "xGBuildup": 3.81}, {"player_name": "Fabien Centonze", "games": 28.0, "time": 2520.0, "goals": 0.0, "xG": 0.6, "assists": 3.0, "xA": 2.1, "shots": 9.0, "key_passes": 22.0, "yellow_cards": 3.0, "red_cards": 0.0, "position": "D", "team_title": "Metz", "npg": 0.0, "npxG": 0.6, "xGChain": 4.26, "xGBuildup": 2.01}, {"player_name": "Mamadou Fofana", "games": 20.0, "time": 1589.0, "goals": 0.0, "xG": 0.37, "assists": 0.0, "xA": 0.18, "shots": 11.0, "key_passes": 5.0, "yellow_cards": 4.0, "red_cards": 0.0, "position": "D M S", "team_title": "Metz", "npg": 0.0, "npxG": 0.37, "xGChain": 1.87, "xGBuildup": 1.72}, {"player_name": "Thomas Delaine", "games": 16.0, "time": 1254.0, "goals": 0.0, "xG": 0.21, "assists": 0.0, "xA": 0.5, "shots": 6.0, "key_passes": 12.0, "yellow_cards": 4.0, "red_cards": 0.0, "position": "D M S", "team_title": "Metz", "npg": 0.0, "npxG": 0.21, "xGChain": 2.01, "xGBuildup": 1.48}, {"player_name": "Sidy Sarr", "games": 22.0, "time": 1125.0, "goals": 0.0, "xG": 1.23, "assists": 2.0, "xA": 1.78, "shots": 21.0, "key_passes": 11.0, "yellow_cards": 6.0, "red_cards": 0.0, "position": "M S", "team_title": "Nimes", "npg": 0.0, "npxG": 1.23, "xGChain": 3.5, "xGBuildup": 1.92}, {"player_name": "Marshall Munetsi", "games": 17.0, "time": 819.0, "goals": 0.0, "xG": 0.17, "assists": 2.0, "xA": 0.74, "shots": 4.0, "key_passes": 5.0, "yellow_cards": 3.0, "red_cards": 0.0, "position": "M S", "team_title": "Reims", "npg": 0.0, "npxG": 0.17, "xGChain": 1.25, "xGBuildup": 0.82}, {"player_name": "Lamine Fomba", "games": 20.0, "time": 1363.0, "goals": 0.0, "xG": 1.44, "assists": 0.0, "xA": 0.5, "shots": 14.0, "key_passes": 10.0, "yellow_cards": 5.0, "red_cards": 0.0, "position": "M S", "team_title": "Nimes", "npg": 0.0, "npxG": 1.44, "xGChain": 2.81, "xGBuildup": 1.2}, {"player_name": "Aurélien Chedjou", "games": 22.0, "time": 1973.0, "goals": 0.0, "xG": 0.38, "assists": 0.0, "xA": 0.36, "shots": 8.0, "key_passes": 3.0, "yellow_cards": 2.0, "red_cards": 1.0, "position": "D", "team_title": "Amiens", "npg": 0.0, "npxG": 0.38, "xGChain": 2.08, "xGBuildup": 2.07}]