[{"player_name": "Robert Lewandowski", "games": 29.0, "time": 2467.0, "goals": 41.0, "xG": 32.08, "assists": 7.0, "xA": 4.82, "shots": 135.0, "key_passes": 32.0, "yellow_cards": 4.0, "red_cards": 0.0, "position": "F S", "team_title": "Bayern Munich", "npg": 33.0, "npxG": 25.26, "xGChain": 31.74, "xGBuildup": 5.69}, {"player_name": "André Silva", "games": 32.0, "time": 2787.0, "goals": 28.0, "xG": 25.6, "assists": 5.0, "xA": 5.47, "shots": 114.0, "key_passes": 31.0, "yellow_cards": 1.0, "red_cards": 0.0, "position": "F", "team_title": "Eintracht Frankfurt", "npg": 21.0, "npxG": 20.29, "xGChain": 26.75, "xGBuildup": 4.1}, {"player_name": "Erling Haaland", "games": 28.0, "time": 2416.0, "goals": 27.0, "xG": 23.6, "assists": 6.0, "xA": 4.04, "shots": 92.0, "key_passes": 27.0, "yellow_cards": 2.0, "red_cards": 0.0, "position": "F S", "team_title": "Borussia Dortmund", "npg": 25.0, "npxG": 20.57, "xGChain": 27.2, "xGBuildup": 5.9}, {"player_name": "Andrej Kramaric", "games": 28.0, "time": 2386.0, "goals": 20.0, "xG": 15.53, "assists": 5.0, "xA": 4.07, "shots": 95.0, "key_passes": 38.0, "yellow_cards": 2.0, "red_cards": 0.0, "position": "F M S", "team_title": "Hoffenheim", "npg": 15.0, "npxG": 11.74, "xGChain": 18.06, "xGBuildup": 5.37}, {"player_name": "Wout Weghorst", "games": 34.0, "time": 2954.0, "goals": 20.0, "xG": 18.31, "assists": 8.0, "xA": 5.43, "shots": 93.0, "key_passes": 45.0, "yellow_cards": 3.0, "red_cards": 0.0, "position": "F S", "team_title": "Wolfsburg", "npg": 18.0, "npxG": 16.04, "xGChain": 24.29, "xGBuildup": 5.95}, {"player_name": "Sasa Kalajdzic", "games": 33.0, "time": 2146.0, "goals": 16.0, "xG": 11.24, "assists": 5.0, "xA": 3.24, "shots": 66.0, "key_passes": 26.0, "yellow_cards": 1.0, "red_cards": 0.0, "position": "F S", "team_title": "VfB Stuttgart", "npg": 16.0, "npxG": 11.24, "xGChain": 15.17, "xGBuildup": 3.61}, {"player_name": "Lars Stindl", "games": 30.0, "time": 1985.0, "goals": 14.0, "xG": 9.21, "assists": 8.0, "xA": 3.75, "shots": 56.0, "key_passes": 43.0, "yellow_cards": 6.0, "red_cards": 0.0, "position": "F M S", "team_title": "Borussia M.Gladbach", "npg": 8.0, "npxG": 3.91, "xGChain": 10.69, "xGBuildup": 4.13}, {"player_name": "Max Kruse", "games": 22.0, "time": 1648.0, "goals": 11.0, "xG": 7.45, "assists": 5.0, "xA": 4.15, "shots": 30.0, "key_passes": 37.0, "yellow_cards": 0.0, "red_cards": 0.0, "position": "F M S", "team_title": "Union Berlin", "npg": 6.0, "npxG": 2.9, "xGChain": 9.33, "xGBuildup": 4.04}, {"player_name": "Thomas Müller", "games": 32.0, "time": 2693.0, "goals": 11.0, "xG": 7.86, "assists": 18.0, "xA": 11.31, "shots": 50.0, "key_passes": 92.0, "yellow_cards": 0.0, "red_cards": 0.0, "position": "M S", "team_title": "Bayern Munich", "npg": 10.0, "npxG": 7.1, "xGChain": 26.15, "xGBuildup": 12.19}, {"player_name": "Lucas Alario", "games": 25.0, "time": 1238.0, "goals": 11.0, "xG": 7.29, "assists": 2.0, "xA": 0.93, "shots": 41.0, "key_passes": 15.0, "yellow_cards": 2.0, "red_cards": 0.0, "position": "F S", "team_title": "Bayer Leverkusen", "npg": 9.0, "npxG": 5.77, "xGChain": 8.09, "xGBuildup": 1.91}, {"player_name": "Silas Wamangituka", "games": 25.0, "time": 1949.0, "goals": 11.0, "xG": 7.38, "assists": 4.0, "xA": 4.95, "shots": 45.0, "key_passes": 23.0, "yellow_cards": 6.0, "red_cards": 0.0, "position": "D F M S", "team_title": "VfB Stuttgart", "npg": 8.0, "npxG": 5.1, "xGChain": 12.17, "xGBuildup": 2.15}, {"player_name": "Serge Gnabry", "games": 27.0, "time": 1653.0, "goals": 10.0, "xG": 7.77, "assists": 2.0, "xA": 6.91, "shots": 59.0, "key_passes": 38.0, "yellow_cards": 4.0, "red_cards": 0.0, "position": "M S", "team_title": "Bayern Munich", "npg": 10.0, "npxG": 7.77, "xGChain": 19.87, "xGBuildup": 8.74}, {"player_name": "Patrik Schick", "games": 29.0, "time": 1869.0, "goals": 9.0, "xG": 9.27, "assists": 1.0, "xA": 2.06, "shots": 56.0, "key_passes": 27.0, "yellow_cards": 4.0, "red_cards": 0.0, "position": "F S", "team_title": "Bayer Leverkusen", "npg": 9.0, "npxG": 9.27, "xGChain": 12.46, "xGBuildup": 3.47}, {"player_name": "Leon Bailey", "games": 30.0, "time": 2151.0, "goals": 9.0, "xG": 6.52, "assists": 8.0, "xA": 6.35, "shots": 58.0, "key_passes": 49.0, "yellow_cards": 6.0, "red_cards": 0.0, "position": "F M S", "team_title": "Bayer Leverkusen", "npg": 9.0, "npxG": 6.52, "xGChain": 15.39, "xGBuildup": 4.8}, {"player_name": "Vincenzo Grifo", "games": 31.0, "time": 2341.0, "goals": 9.0, "xG": 7.74, "assists": 11.0, "xA": 7.84, "shots": 57.0, "key_passes": 66.0, "yellow_cards": 2.0, "red_cards": 0.0, "position": "F M S", "team_title": "Freiburg", "npg": 5.0, "npxG": 4.71, "xGChain": 13.72, "xGBuildup": 5.29}, {"player_name": "Ihlas Bebou", "games": 32.0, "time": 2193.0, "goals": 9.0, "xG": 9.12, "assists": 7.0, "xA": 5.33, "shots": 48.0, "key_passes": 39.0, "yellow_cards": 3.0, "red_cards": 0.0, "position": "D F M S", "team_title": "Hoffenheim", "npg": 9.0, "npxG": 9.12, "xGChain": 15.29, "xGBuildup": 5.09}, {"player_name": "Marco Reus", "games": 32.0, "time": 2313.0, "goals": 8.0, "xG": 11.02, "assists": 6.0, "xA": 7.85, "shots": 56.0, "key_passes": 49.0, "yellow_cards": 1.0, "red_cards": 0.0, "position": "F M S", "team_title": "Borussia Dortmund", "npg": 8.0, "npxG": 9.68, "xGChain": 20.44, "xGBuildup": 9.8}, {"player_name": "André Hahn", "games": 29.0, "time": 2053.0, "goals": 8.0, "xG": 4.73, "assists": 3.0, "xA": 2.08, "shots": 43.0, "key_passes": 19.0, "yellow_cards": 4.0, "red_cards": 0.0, "position": "F M S", "team_title": "Augsburg", "npg": 8.0, "npxG": 4.73, "xGChain": 8.33, "xGBuildup": 2.42}, {"player_name": "Roland Sallai", "games": 28.0, "time": 1694.0, "goals": 8.0, "xG": 6.84, "assists": 3.0, "xA": 1.38, "shots": 47.0, "key_passes": 15.0, "yellow_cards": 5.0, "red_cards": 0.0, "position": "F M S", "team_title": "Freiburg", "npg": 7.0, "npxG": 6.08, "xGChain": 8.55, "xGBuildup": 3.15}, {"player_name": "Nils Petersen", "games": 32.0, "time": 1268.0, "goals": 8.0, "xG": 5.43, "assists": 0.0, "xA": 0.45, "shots": 34.0, "key_passes": 10.0, "yellow_cards": 0.0, "red_cards": 0.0, "position": "F S", "team_title": "Freiburg", "npg": 7.0, "npxG": 4.67, "xGChain": 5.77, "xGBuildup": 1.86}, {"player_name": "Marcel Sabitzer", "games": 27.0, "time": 2041.0, "goals": 8.0, "xG": 7.7, "assists": 3.0, "xA": 2.89, "shots": 60.0, "key_passes": 30.0, "yellow_cards": 8.0, "red_cards": 0.0, "position": "M S", "team_title": "RasenBallsport Leipzig", "npg": 4.0, "npxG": 4.67, "xGChain": 13.02, "xGBuildup": 6.88}, {"player_name": "Marcus Thuram", "games": 29.0, "time": 1756.0, "goals": 8.0, "xG": 7.58, "assists": 3.0, "xA": 1.91, "shots": 57.0, "key_passes": 17.0, "yellow_cards": 3.0, "red_cards": 1.0, "position": "F M S", "team_title": "Borussia M.Gladbach", "npg": 8.0, "npxG": 7.58, "xGChain": 11.21, "xGBuildup": 3.49}, {"player_name": "Jadon Sancho", "games": 26.0, "time": 2083.0, "goals": 8.0, "xG": 6.75, "assists": 11.0, "xA": 8.24, "shots": 52.0, "key_passes": 67.0, "yellow_cards": 0.0, "red_cards": 0.0, "position": "F M S", "team_title": "Borussia Dortmund", "npg": 7.0, "npxG": 6.0, "xGChain": 20.98, "xGBuildup": 10.95}, {"player_name": "Jhon Córdoba", "games": 21.0, "time": 1545.0, "goals": 7.0, "xG": 6.99, "assists": 1.0, "xA": 1.4, "shots": 48.0, "key_passes": 24.0, "yellow_cards": 3.0, "red_cards": 0.0, "position": "F S", "team_title": "Hertha Berlin", "npg": 7.0, "npxG": 6.99, "xGChain": 8.61, "xGBuildup": 1.0}, {"player_name": "Ondrej Duda", "games": 32.0, "time": 2574.0, "goals": 7.0, "xG": 6.29, "assists": 4.0, "xA": 3.38, "shots": 49.0, "key_passes": 42.0, "yellow_cards": 6.0, "red_cards": 1.0, "position": "F M", "team_title": "FC Cologne", "npg": 4.0, "npxG": 3.26, "xGChain": 9.25, "xGBuildup": 5.57}, {"player_name": "Emil Forsberg", "games": 29.0, "time": 1566.0, "goals": 7.0, "xG": 5.91, "assists": 4.0, "xA": 5.5, "shots": 35.0, "key_passes": 37.0, "yellow_cards": 0.0, "red_cards": 0.0, "position": "F M S", "team_title": "RasenBallsport Leipzig", "npg": 5.0, "npxG": 3.63, "xGChain": 12.02, "xGBuildup": 5.79}, {"player_name": "Josip Brekalo", "games": 29.0, "time": 1840.0, "goals": 7.0, "xG": 4.43, "assists": 3.0, "xA": 3.95, "shots": 47.0, "key_passes": 37.0, "yellow_cards": 1.0, "red_cards": 0.0, "position": "F M S", "team_title": "Wolfsburg", "npg": 7.0, "npxG": 4.43, "xGChain": 10.6, "xGBuildup": 4.95}, {"player_name": "Jean-Philippe Mateta", "games": 15.0, "time": 1008.0, "goals": 7.0, "xG": 8.41, "assists": 1.0, "xA": 1.35, "shots": 28.0, "key_passes": 12.0, "yellow_cards": 2.0, "red_cards": 0.0, "position": "F S", "team_title": "Mainz 05", "npg": 6.0, "npxG": 7.66, "xGChain": 9.51, "xGBuildup": 1.3}, {"player_name": "Matheus Cunha", "games": 27.0, "time": 2164.0, "goals": 7.0, "xG": 8.2, "assists": 4.0, "xA": 4.3, "shots": 70.0, "key_passes": 47.0, "yellow_cards": 9.0, "red_cards": 0.0, "position": "F M S", "team_title": "Hertha Berlin", "npg": 5.0, "npxG": 5.93, "xGChain": 12.66, "xGBuildup": 4.9}, {"player_name": "Krzysztof Piatek", "games": 32.0, "time": 1630.0, "goals": 7.0, "xG": 6.41, "assists": 1.0, "xA": 0.98, "shots": 41.0, "key_passes": 10.0, "yellow_cards": 4.0, "red_cards": 0.0, "position": "F S", "team_title": "Hertha Berlin", "npg": 7.0, "npxG": 5.65, "xGChain": 6.26, "xGBuildup": 0.78}, {"player_name": "Daniel Caligiuri", "games": 33.0, "time": 2675.0, "goals": 6.0, "xG": 4.51, "assists": 4.0, "xA": 3.85, "shots": 40.0, "key_passes": 49.0, "yellow_cards": 5.0, "red_cards": 0.0, "position": "D M S", "team_title": "Augsburg", "npg": 4.0, "npxG": 2.24, "xGChain": 7.67, "xGBuildup": 4.83}, {"player_name": "Jonas Hofmann", "games": 24.0, "time": 1836.0, "goals": 6.0, "xG": 4.52, "assists": 11.0, "xA": 5.91, "shots": 25.0, "key_passes": 56.0, "yellow_cards": 1.0, "red_cards": 0.0, "position": "F M S", "team_title": "Borussia M.Gladbach", "npg": 3.0, "npxG": 2.25, "xGChain": 6.7, "xGBuildup": 1.87}, {"player_name": "Leroy Sané", "games": 32.0, "time": 1819.0, "goals": 6.0, "xG": 5.36, "assists": 9.0, "xA": 6.48, "shots": 57.0, "key_passes": 33.0, "yellow_cards": 2.0, "red_cards": 0.0, "position": "M S", "team_title": "Bayern Munich", "npg": 6.0, "npxG": 5.36, "xGChain": 20.61, "xGBuildup": 9.69}, {"player_name": "Robin Quaison", "games": 28.0, "time": 1485.0, "goals": 6.0, "xG": 6.05, "assists": 2.0, "xA": 1.92, "shots": 35.0, "key_passes": 8.0, "yellow_cards": 1.0, "red_cards": 0.0, "position": "F M S", "team_title": "Mainz 05", "npg": 5.0, "npxG": 5.29, "xGChain": 11.02, "xGBuildup": 4.83}, {"player_name": "Christopher Nkunku", "games": 28.0, "time": 1890.0, "goals": 6.0, "xG": 7.5, "assists": 6.0, "xA": 7.62, "shots": 55.0, "key_passes": 71.0, "yellow_cards": 2.0, "red_cards": 0.0, "position": "F M S", "team_title": "RasenBallsport Leipzig", "npg": 6.0, "npxG": 7.5, "xGChain": 17.11, "xGBuildup": 7.34}, {"player_name": "Alassane Pléa", "games": 29.0, "time": 1804.0, "goals": 6.0, "xG": 5.51, "assists": 1.0, "xA": 3.86, "shots": 62.0, "key_passes": 28.0, "yellow_cards": 2.0, "red_cards": 0.0, "position": "F M S", "team_title": "Borussia M.Gladbach", "npg": 6.0, "npxG": 5.51, "xGChain": 11.61, "xGBuildup": 3.99}, {"player_name": "Maximilian Philipp", "games": 24.0, "time": 1129.0, "goals": 6.0, "xG": 3.59, "assists": 2.0, "xA": 0.88, "shots": 30.0, "key_passes": 14.0, "yellow_cards": 3.0, "red_cards": 0.0, "position": "M S", "team_title": "Wolfsburg", "npg": 6.0, "npxG": 3.59, "xGChain": 5.24, "xGBuildup": 1.38}, {"player_name": "Joel Pohjanpalo", "games": 20.0, "time": 868.0, "goals": 6.0, "xG": 6.77, "assists": 0.0, "xA": 0.99, "shots": 31.0, "key_passes": 8.0, "yellow_cards": 0.0, "red_cards": 0.0, "position": "F S", "team_title": "Bayer Leverkusen", "npg": 6.0, "npxG": 6.77, "xGChain": 6.07, "xGBuildup": 1.01}, {"player_name": "Niclas Füllkrug", "games": 19.0, "time": 875.0, "goals": 6.0, "xG": 5.05, "assists": 0.0, "xA": 0.21, "shots": 35.0, "key_passes": 5.0, "yellow_cards": 1.0, "red_cards": 0.0, "position": "F M S", "team_title": "Werder Bremen", "npg": 4.0, "npxG": 3.53, "xGChain": 3.18, "xGBuildup": 1.08}, {"player_name": "Bote Baku", "games": 34.0, "time": 2877.0, "goals": 6.0, "xG": 3.72, "assists": 6.0, "xA": 4.48, "shots": 35.0, "key_passes": 43.0, "yellow_cards": 1.0, "red_cards": 0.0, "position": "D M S", "team_title": "Mainz 05", "npg": 6.0, "npxG": 3.72, "xGChain": 15.08, "xGBuildup": 8.07}, {"player_name": "Florian Neuhaus", "games": 33.0, "time": 2636.0, "goals": 6.0, "xG": 3.03, "assists": 5.0, "xA": 2.89, "shots": 48.0, "key_passes": 23.0, "yellow_cards": 9.0, "red_cards": 0.0, "position": "M S", "team_title": "Borussia M.Gladbach", "npg": 6.0, "npxG": 3.03, "xGChain": 13.02, "xGBuildup": 9.19}, {"player_name": "Nicolás González", "games": 15.0, "time": 927.0, "goals": 6.0, "xG": 7.31, "assists": 2.0, "xA": 1.96, "shots": 50.0, "key_passes": 12.0, "yellow_cards": 5.0, "red_cards": 0.0, "position": "F M S", "team_title": "VfB Stuttgart", "npg": 3.0, "npxG": 4.28, "xGChain": 6.83, "xGBuildup": 1.54}, {"player_name": "Christoph Baumgartner", "games": 31.0, "time": 2393.0, "goals": 6.0, "xG": 5.61, "assists": 3.0, "xA": 3.54, "shots": 61.0, "key_passes": 34.0, "yellow_cards": 6.0, "red_cards": 0.0, "position": "F M S", "team_title": "Hoffenheim", "npg": 6.0, "npxG": 5.61, "xGChain": 14.06, "xGBuildup": 8.46}, {"player_name": "Ruben Vargas", "games": 30.0, "time": 1613.0, "goals": 6.0, "xG": 3.89, "assists": 3.0, "xA": 2.92, "shots": 38.0, "key_passes": 25.0, "yellow_cards": 2.0, "red_cards": 1.0, "position": "F M S", "team_title": "Augsburg", "npg": 6.0, "npxG": 3.89, "xGChain": 7.05, "xGBuildup": 1.28}, {"player_name": "Jamal Musiala", "games": 26.0, "time": 850.0, "goals": 6.0, "xG": 2.88, "assists": 1.0, "xA": 0.66, "shots": 25.0, "key_passes": 9.0, "yellow_cards": 0.0, "red_cards": 0.0, "position": "M S", "team_title": "Bayern Munich", "npg": 6.0, "npxG": 2.88, "xGChain": 7.21, "xGBuildup": 4.66}, {"player_name": "Matthew Hoppe", "games": 22.0, "time": 1315.0, "goals": 6.0, "xG": 3.45, "assists": 1.0, "xA": 0.76, "shots": 20.0, "key_passes": 8.0, "yellow_cards": 3.0, "red_cards": 0.0, "position": "F S", "team_title": "Schalke 04", "npg": 6.0, "npxG": 3.45, "xGChain": 4.63, "xGBuildup": 0.55}, {"player_name": "Kingsley Coman", "games": 29.0, "time": 1785.0, "goals": 5.0, "xG": 4.13, "assists": 10.0, "xA": 5.68, "shots": 52.0, "key_passes": 45.0, "yellow_cards": 1.0, "red_cards": 0.0, "position": "M S", "team_title": "Bayern Munich", "npg": 5.0, "npxG": 4.13, "xGChain": 14.62, "xGBuildup": 6.6}, {"player_name": "Florian Niederlechner", "games": 28.0, "time": 1776.0, "goals": 5.0, "xG": 6.17, "assists": 4.0, "xA": 2.52, "shots": 47.0, "key_passes": 13.0, "yellow_cards": 2.0, "red_cards": 1.0, "position": "F S", "team_title": "Augsburg", "npg": 5.0, "npxG": 6.17, "xGChain": 9.26, "xGBuildup": 1.4}, {"player_name": "Leon Goretzka", "games": 24.0, "time": 1707.0, "goals": 5.0, "xG": 3.74, "assists": 5.0, "xA": 3.05, "shots": 42.0, "key_passes": 20.0, "yellow_cards": 2.0, "red_cards": 0.0, "position": "M S", "team_title": "Bayern Munich", "npg": 5.0, "npxG": 3.74, "xGChain": 14.01, "xGBuildup": 9.27}, {"player_name": "Marvin Friedrich", "games": 34.0, "time": 3060.0, "goals": 5.0, "xG": 1.34, "assists": 1.0, "xA": 1.33, "shots": 25.0, "key_passes": 14.0, "yellow_cards": 1.0, "red_cards": 0.0, "position": "D", "team_title": "Union Berlin", "npg": 5.0, "npxG": 1.34, "xGChain": 8.59, "xGBuildup": 7.9}, {"player_name": "Mats Hummels", "games": 33.0, "time": 2819.0, "goals": 5.0, "xG": 5.32, "assists": 0.0, "xA": 0.7, "shots": 30.0, "key_passes": 13.0, "yellow_cards": 6.0, "red_cards": 0.0, "position": "D S", "team_title": "Borussia Dortmund", "npg": 5.0, "npxG": 5.32, "xGChain": 17.53, "xGBuildup": 15.71}, {"player_name": "Ellyes Skhiri", "games": 32.0, "time": 2799.0, "goals": 5.0, "xG": 4.95, "assists": 2.0, "xA": 0.82, "shots": 18.0, "key_passes": 17.0, "yellow_cards": 5.0, "red_cards": 0.0, "position": "M", "team_title": "FC Cologne", "npg": 5.0, "npxG": 4.95, "xGChain": 5.33, "xGBuildup": 4.07}, {"player_name": "Raphael Guerreiro", "games": 27.0, "time": 2226.0, "goals": 5.0, "xG": 3.66, "assists": 10.0, "xA": 7.4, "shots": 37.0, "key_passes": 55.0, "yellow_cards": 1.0, "red_cards": 0.0, "position": "D M S", "team_title": "Borussia Dortmund", "npg": 5.0, "npxG": 3.66, "xGChain": 21.83, "xGBuildup": 15.2}, {"player_name": "Yussuf Poulsen", "games": 27.0, "time": 1342.0, "goals": 5.0, "xG": 5.34, "assists": 4.0, "xA": 1.99, "shots": 44.0, "key_passes": 14.0, "yellow_cards": 1.0, "red_cards": 0.0, "position": "F S", "team_title": "RasenBallsport Leipzig", "npg": 5.0, "npxG": 5.34, "xGChain": 7.56, "xGBuildup": 2.95}, {"player_name": "Breel Embolo", "games": 31.0, "time": 1424.0, "goals": 5.0, "xG": 7.53, "assists": 2.0, "xA": 1.81, "shots": 41.0, "key_passes": 17.0, "yellow_cards": 4.0, "red_cards": 0.0, "position": "F M S", "team_title": "Borussia M.Gladbach", "npg": 5.0, "npxG": 7.53, "xGChain": 11.13, "xGBuildup": 3.97}, {"player_name": "Dodi Lukebakio", "games": 29.0, "time": 1887.0, "goals": 5.0, "xG": 7.12, "assists": 5.0, "xA": 2.71, "shots": 42.0, "key_passes": 22.0, "yellow_cards": 2.0, "red_cards": 1.0, "position": "F M S", "team_title": "Hertha Berlin", "npg": 3.0, "npxG": 5.6, "xGChain": 10.64, "xGBuildup": 3.69}, {"player_name": "Daichi Kamada", "games": 32.0, "time": 2383.0, "goals": 5.0, "xG": 6.0, "assists": 12.0, "xA": 6.79, "shots": 38.0, "key_passes": 55.0, "yellow_cards": 3.0, "red_cards": 0.0, "position": "D F M S", "team_title": "Eintracht Frankfurt", "npg": 5.0, "npxG": 6.0, "xGChain": 19.1, "xGBuildup": 9.38}, {"player_name": "Elvis Rexhbecaj", "games": 30.0, "time": 1841.0, "goals": 5.0, "xG": 2.39, "assists": 2.0, "xA": 2.51, "shots": 29.0, "key_passes": 26.0, "yellow_cards": 4.0, "red_cards": 0.0, "position": "M S", "team_title": "FC Cologne", "npg": 5.0, "npxG": 2.39, "xGChain": 4.61, "xGBuildup": 1.18}, {"player_name": "Renato Steffen", "games": 21.0, "time": 1594.0, "goals": 5.0, "xG": 4.38, "assists": 4.0, "xA": 3.05, "shots": 30.0, "key_passes": 22.0, "yellow_cards": 3.0, "red_cards": 0.0, "position": "D M S", "team_title": "Wolfsburg", "npg": 5.0, "npxG": 4.38, "xGChain": 11.87, "xGBuildup": 5.75}, {"player_name": "Ermedin Demirovic", "games": 30.0, "time": 1518.0, "goals": 5.0, "xG": 5.17, "assists": 6.0, "xA": 4.56, "shots": 42.0, "key_passes": 16.0, "yellow_cards": 7.0, "red_cards": 0.0, "position": "F S", "team_title": "Freiburg", "npg": 5.0, "npxG": 5.17, "xGChain": 9.51, "xGBuildup": 2.17}, {"player_name": "Alexander Sørloth", "games": 29.0, "time": 1417.0, "goals": 5.0, "xG": 7.35, "assists": 2.0, "xA": 2.0, "shots": 48.0, "key_passes": 27.0, "yellow_cards": 2.0, "red_cards": 0.0, "position": "F M S", "team_title": "RasenBallsport Leipzig", "npg": 5.0, "npxG": 6.59, "xGChain": 9.91, "xGBuildup": 3.16}, {"player_name": "Kevin Möhwald", "games": 27.0, "time": 1578.0, "goals": 5.0, "xG": 1.8, "assists": 1.0, "xA": 0.63, "shots": 23.0, "key_passes": 10.0, "yellow_cards": 2.0, "red_cards": 1.0, "position": "M S", "team_title": "Werder Bremen", "npg": 5.0, "npxG": 1.8, "xGChain": 3.87, "xGBuildup": 2.23}, {"player_name": "Joshua Sargent", "games": 32.0, "time": 2541.0, "goals": 5.0, "xG": 5.82, "assists": 2.0, "xA": 3.81, "shots": 43.0, "key_passes": 33.0, "yellow_cards": 7.0, "red_cards": 0.0, "position": "F M S", "team_title": "Werder Bremen", "npg": 5.0, "npxG": 5.82, "xGChain": 9.16, "xGBuildup": 1.85}, {"player_name": "Taiwo Awoniyi", "games": 21.0, "time": 1376.0, "goals": 5.0, "xG": 6.51, "assists": 2.0, "xA": 1.27, "shots": 29.0, "key_passes": 20.0, "yellow_cards": 0.0, "red_cards": 0.0, "position": "F S", "team_title": "Union Berlin", "npg": 5.0, "npxG": 6.51, "xGChain": 7.92, "xGBuildup": 1.55}, {"player_name": "Robert Andrich", "games": 29.0, "time": 2529.0, "goals": 5.0, "xG": 2.33, "assists": 2.0, "xA": 1.97, "shots": 41.0, "key_passes": 20.0, "yellow_cards": 5.0, "red_cards": 1.0, "position": "M", "team_title": "Union Berlin", "npg": 5.0, "npxG": 2.33, "xGChain": 11.18, "xGBuildup": 7.77}, {"player_name": "Dani Olmo", "games": 32.0, "time": 2209.0, "goals": 5.0, "xG": 6.94, "assists": 9.0, "xA": 5.53, "shots": 77.0, "key_passes": 41.0, "yellow_cards": 1.0, "red_cards": 0.0, "position": "F M S", "team_title": "RasenBallsport Leipzig", "npg": 4.0, "npxG": 6.18, "xGChain": 19.37, "xGBuildup": 10.32}, {"player_name": "Florian Wirtz", "games": 29.0, "time": 2233.0, "goals": 5.0, "xG": 4.47, "assists": 6.0, "xA": 4.64, "shots": 31.0, "key_passes": 48.0, "yellow_cards": 1.0, "red_cards": 0.0, "position": "F M S", "team_title": "Bayer Leverkusen", "npg": 5.0, "npxG": 4.47, "xGChain": 14.26, "xGBuildup": 6.71}, {"player_name": "Ritsu Doan", "games": 34.0, "time": 2792.0, "goals": 5.0, "xG": 5.03, "assists": 2.0, "xA": 3.68, "shots": 69.0, "key_passes": 45.0, "yellow_cards": 1.0, "red_cards": 0.0, "position": "F M S", "team_title": "Arminia Bielefeld", "npg": 5.0, "npxG": 5.03, "xGChain": 7.39, "xGBuildup": 2.23}, {"player_name": "Fabian Klos", "games": 34.0, "time": 2750.0, "goals": 5.0, "xG": 7.1, "assists": 2.0, "xA": 4.55, "shots": 54.0, "key_passes": 32.0, "yellow_cards": 4.0, "red_cards": 0.0, "position": "F M S", "team_title": "Arminia Bielefeld", "npg": 4.0, "npxG": 5.59, "xGChain": 12.63, "xGBuildup": 3.94}, {"player_name": "Filip Kostic", "games": 30.0, "time": 2535.0, "goals": 4.0, "xG": 4.11, "assists": 15.0, "xA": 14.13, "shots": 52.0, "key_passes": 88.0, "yellow_cards": 4.0, "red_cards": 0.0, "position": "D M S", "team_title": "Eintracht Frankfurt", "npg": 4.0, "npxG": 4.11, "xGChain": 18.56, "xGBuildup": 4.9}, {"player_name": "Joshua Kimmich", "games": 27.0, "time": 2191.0, "goals": 4.0, "xG": 2.48, "assists": 10.0, "xA": 5.32, "shots": 37.0, "key_passes": 64.0, "yellow_cards": 4.0, "red_cards": 0.0, "position": "M S", "team_title": "Bayern Munich", "npg": 4.0, "npxG": 2.48, "xGChain": 19.54, "xGBuildup": 15.88}, {"player_name": "Leonardo Bittencourt", "games": 27.0, "time": 1535.0, "goals": 4.0, "xG": 3.81, "assists": 1.0, "xA": 0.88, "shots": 43.0, "key_passes": 17.0, "yellow_cards": 3.0, "red_cards": 0.0, "position": "F M S", "team_title": "Werder Bremen", "npg": 3.0, "npxG": 3.05, "xGChain": 5.22, "xGBuildup": 2.15}, {"player_name": "Daniel Didavi", "games": 23.0, "time": 968.0, "goals": 4.0, "xG": 2.88, "assists": 3.0, "xA": 2.92, "shots": 23.0, "key_passes": 26.0, "yellow_cards": 2.0, "red_cards": 0.0, "position": "F M S", "team_title": "VfB Stuttgart", "npg": 4.0, "npxG": 2.88, "xGChain": 6.49, "xGBuildup": 2.22}, {"player_name": "Gonzalo Castro", "games": 26.0, "time": 1765.0, "goals": 4.0, "xG": 3.45, "assists": 2.0, "xA": 2.84, "shots": 31.0, "key_passes": 42.0, "yellow_cards": 9.0, "red_cards": 0.0, "position": "M S", "team_title": "VfB Stuttgart", "npg": 4.0, "npxG": 3.45, "xGChain": 9.1, "xGBuildup": 4.62}, {"player_name": "Angelino", "games": 26.0, "time": 2170.0, "goals": 4.0, "xG": 4.55, "assists": 4.0, "xA": 5.81, "shots": 35.0, "key_passes": 53.0, "yellow_cards": 2.0, "red_cards": 0.0, "position": "D F M S", "team_title": "RasenBallsport Leipzig", "npg": 4.0, "npxG": 4.55, "xGChain": 13.65, "xGBuildup": 7.41}, {"player_name": "Philipp Lienhart", "games": 34.0, "time": 2997.0, "goals": 4.0, "xG": 2.3, "assists": 0.0, "xA": 0.12, "shots": 9.0, "key_passes": 4.0, "yellow_cards": 4.0, "red_cards": 0.0, "position": "D M", "team_title": "Freiburg", "npg": 4.0, "npxG": 2.3, "xGChain": 6.56, "xGBuildup": 6.42}, {"player_name": "Karim Onisiwo", "games": 31.0, "time": 1844.0, "goals": 4.0, "xG": 4.84, "assists": 0.0, "xA": 1.95, "shots": 55.0, "key_passes": 19.0, "yellow_cards": 2.0, "red_cards": 0.0, "position": "F M S", "team_title": "Mainz 05", "npg": 4.0, "npxG": 4.84, "xGChain": 8.31, "xGBuildup": 2.17}, {"player_name": "Ramy Bensebaini", "games": 25.0, "time": 1815.0, "goals": 4.0, "xG": 2.66, "assists": 0.0, "xA": 1.21, "shots": 22.0, "key_passes": 10.0, "yellow_cards": 7.0, "red_cards": 0.0, "position": "D M S", "team_title": "Borussia M.Gladbach", "npg": 3.0, "npxG": 1.9, "xGChain": 5.55, "xGBuildup": 4.66}, {"player_name": "Willi Orban", "games": 29.0, "time": 2354.0, "goals": 4.0, "xG": 3.49, "assists": 1.0, "xA": 0.67, "shots": 22.0, "key_passes": 7.0, "yellow_cards": 4.0, "red_cards": 0.0, "position": "D S", "team_title": "RasenBallsport Leipzig", "npg": 4.0, "npxG": 3.49, "xGChain": 8.9, "xGBuildup": 8.14}, {"player_name": "Kerem Demirbay", "games": 29.0, "time": 1745.0, "goals": 4.0, "xG": 3.54, "assists": 3.0, "xA": 3.29, "shots": 44.0, "key_passes": 35.0, "yellow_cards": 2.0, "red_cards": 0.0, "position": "M S", "team_title": "Bayer Leverkusen", "npg": 4.0, "npxG": 3.54, "xGChain": 8.61, "xGBuildup": 4.13}, {"player_name": "Luka Jovic", "games": 18.0, "time": 888.0, "goals": 4.0, "xG": 2.79, "assists": 0.0, "xA": 0.82, "shots": 25.0, "key_passes": 5.0, "yellow_cards": 2.0, "red_cards": 0.0, "position": "F S", "team_title": "Eintracht Frankfurt", "npg": 4.0, "npxG": 2.79, "xGChain": 5.71, "xGBuildup": 2.77}, {"player_name": "Lucas Höler", "games": 33.0, "time": 2100.0, "goals": 4.0, "xG": 8.57, "assists": 4.0, "xA": 2.54, "shots": 44.0, "key_passes": 21.0, "yellow_cards": 5.0, "red_cards": 0.0, "position": "F M S", "team_title": "Freiburg", "npg": 4.0, "npxG": 8.57, "xGChain": 12.48, "xGBuildup": 3.47}, {"player_name": "Moussa Diaby", "games": 32.0, "time": 2400.0, "goals": 4.0, "xG": 4.86, "assists": 10.0, "xA": 7.47, "shots": 50.0, "key_passes": 45.0, "yellow_cards": 5.0, "red_cards": 0.0, "position": "D F M S", "team_title": "Bayer Leverkusen", "npg": 4.0, "npxG": 4.86, "xGChain": 14.79, "xGBuildup": 3.33}, {"player_name": "Woo-Yeong Jeong", "games": 26.0, "time": 803.0, "goals": 4.0, "xG": 1.51, "assists": 0.0, "xA": 1.19, "shots": 14.0, "key_passes": 13.0, "yellow_cards": 0.0, "red_cards": 0.0, "position": "F M S", "team_title": "Freiburg", "npg": 4.0, "npxG": 1.51, "xGChain": 5.03, "xGBuildup": 2.83}, {"player_name": "Munas Dabbur", "games": 22.0, "time": 1003.0, "goals": 4.0, "xG": 5.19, "assists": 0.0, "xA": 0.55, "shots": 28.0, "key_passes": 13.0, "yellow_cards": 2.0, "red_cards": 0.0, "position": "F M S", "team_title": "Hoffenheim", "npg": 4.0, "npxG": 4.43, "xGChain": 6.79, "xGBuildup": 2.22}, {"player_name": "Giovanni Reyna", "games": 32.0, "time": 1985.0, "goals": 4.0, "xG": 4.3, "assists": 5.0, "xA": 4.96, "shots": 38.0, "key_passes": 35.0, "yellow_cards": 1.0, "red_cards": 0.0, "position": "M S", "team_title": "Borussia Dortmund", "npg": 4.0, "npxG": 4.3, "xGChain": 14.25, "xGBuildup": 8.09}, {"player_name": "Mark Uth", "games": 20.0, "time": 1499.0, "goals": 3.0, "xG": 2.93, "assists": 1.0, "xA": 1.44, "shots": 35.0, "key_passes": 21.0, "yellow_cards": 5.0, "red_cards": 0.0, "position": "F M S", "team_title": "Schalke 04", "npg": 3.0, "npxG": 2.93, "xGChain": 5.16, "xGBuildup": 2.25}, {"player_name": "Theodor Gebre Selassie", "games": 34.0, "time": 3034.0, "goals": 3.0, "xG": 1.3, "assists": 1.0, "xA": 1.22, "shots": 19.0, "key_passes": 18.0, "yellow_cards": 3.0, "red_cards": 0.0, "position": "D M", "team_title": "Werder Bremen", "npg": 3.0, "npxG": 1.3, "xGChain": 6.44, "xGBuildup": 4.7}, {"player_name": "Jonas Hector", "games": 19.0, "time": 1299.0, "goals": 3.0, "xG": 2.73, "assists": 1.0, "xA": 1.8, "shots": 27.0, "key_passes": 18.0, "yellow_cards": 2.0, "red_cards": 0.0, "position": "D M S", "team_title": "FC Cologne", "npg": 3.0, "npxG": 2.73, "xGChain": 5.74, "xGBuildup": 2.25}, {"player_name": "Maximilian Arnold", "games": 30.0, "time": 2596.0, "goals": 3.0, "xG": 2.01, "assists": 6.0, "xA": 4.41, "shots": 55.0, "key_passes": 49.0, "yellow_cards": 7.0, "red_cards": 1.0, "position": "M", "team_title": "Wolfsburg", "npg": 3.0, "npxG": 2.01, "xGChain": 10.82, "xGBuildup": 8.33}, {"player_name": "Nico Elvedi", "games": 29.0, "time": 2542.0, "goals": 3.0, "xG": 2.38, "assists": 0.0, "xA": 0.1, "shots": 12.0, "key_passes": 3.0, "yellow_cards": 1.0, "red_cards": 0.0, "position": "D", "team_title": "Borussia M.Gladbach", "npg": 3.0, "npxG": 2.38, "xGChain": 4.57, "xGBuildup": 4.5}, {"player_name": "Julian Brandt", "games": 31.0, "time": 1485.0, "goals": 3.0, "xG": 2.84, "assists": 2.0, "xA": 2.5, "shots": 22.0, "key_passes": 31.0, "yellow_cards": 0.0, "red_cards": 0.0, "position": "F M S", "team_title": "Borussia Dortmund", "npg": 3.0, "npxG": 2.84, "xGChain": 14.69, "xGBuildup": 10.01}, {"player_name": "Eric Maxim Choupo-Moting", "games": 22.0, "time": 802.0, "goals": 3.0, "xG": 4.21, "assists": 0.0, "xA": 1.31, "shots": 20.0, "key_passes": 12.0, "yellow_cards": 2.0, "red_cards": 0.0, "position": "F M S", "team_title": "Bayern Munich", "npg": 3.0, "npxG": 4.21, "xGChain": 6.45, "xGBuildup": 1.04}, {"player_name": "Peter Pekarík", "games": 23.0, "time": 1723.0, "goals": 3.0, "xG": 1.56, "assists": 1.0, "xA": 0.8, "shots": 7.0, "key_passes": 9.0, "yellow_cards": 4.0, "red_cards": 0.0, "position": "D S", "team_title": "Hertha Berlin", "npg": 3.0, "npxG": 1.56, "xGChain": 5.36, "xGBuildup": 3.57}, {"player_name": "Christian Günter", "games": 34.0, "time": 3060.0, "goals": 3.0, "xG": 0.86, "assists": 3.0, "xA": 5.89, "shots": 26.0, "key_passes": 69.0, "yellow_cards": 2.0, "red_cards": 0.0, "position": "D", "team_title": "Freiburg", "npg": 3.0, "npxG": 0.86, "xGChain": 10.02, "xGBuildup": 6.68}, {"player_name": "Davie Selke", "games": 23.0, "time": 786.0, "goals": 3.0, "xG": 3.76, "assists": 0.0, "xA": 0.39, "shots": 28.0, "key_passes": 8.0, "yellow_cards": 4.0, "red_cards": 0.0, "position": "F S", "team_title": "Werder Bremen", "npg": 2.0, "npxG": 3.0, "xGChain": 3.17, "xGBuildup": 0.63}, {"player_name": "Grischa Prömel", "games": 24.0, "time": 1844.0, "goals": 3.0, "xG": 1.81, "assists": 1.0, "xA": 1.23, "shots": 20.0, "key_passes": 9.0, "yellow_cards": 7.0, "red_cards": 0.0, "position": "M S", "team_title": "Union Berlin", "npg": 3.0, "npxG": 1.81, "xGChain": 6.77, "xGBuildup": 4.53}, {"player_name": "Nordi Mukiele", "games": 28.0, "time": 1696.0, "goals": 3.0, "xG": 2.9, "assists": 1.0, "xA": 1.92, "shots": 21.0, "key_passes": 11.0, "yellow_cards": 5.0, "red_cards": 0.0, "position": "D M S", "team_title": "RasenBallsport Leipzig", "npg": 3.0, "npxG": 2.9, "xGChain": 7.94, "xGBuildup": 5.5}, {"player_name": "Moussa Niakhate", "games": 32.0, "time": 2867.0, "goals": 3.0, "xG": 2.4, "assists": 1.0, "xA": 1.68, "shots": 10.0, "key_passes": 16.0, "yellow_cards": 8.0, "red_cards": 1.0, "position": "D", "team_title": "Mainz 05", "npg": 2.0, "npxG": 1.64, "xGChain": 8.03, "xGBuildup": 6.66}, {"player_name": "Marco Richter", "games": 29.0, "time": 1403.0, "goals": 3.0, "xG": 5.0, "assists": 1.0, "xA": 1.32, "shots": 55.0, "key_passes": 15.0, "yellow_cards": 2.0, "red_cards": 1.0, "position": "F M S", "team_title": "Augsburg", "npg": 3.0, "npxG": 5.0, "xGChain": 6.45, "xGBuildup": 0.76}, {"player_name": "Cedric Teuchert", "games": 24.0, "time": 718.0, "goals": 3.0, "xG": 3.63, "assists": 1.0, "xA": 0.94, "shots": 24.0, "key_passes": 8.0, "yellow_cards": 2.0, "red_cards": 0.0, "position": "F M S", "team_title": "Union Berlin", "npg": 3.0, "npxG": 3.63, "xGChain": 5.57, "xGBuildup": 1.44}, {"player_name": "Milot Rashica", "games": 24.0, "time": 1453.0, "goals": 3.0, "xG": 3.69, "assists": 1.0, "xA": 1.62, "shots": 43.0, "key_passes": 19.0, "yellow_cards": 0.0, "red_cards": 0.0, "position": "F M S", "team_title": "Werder Bremen", "npg": 2.0, "npxG": 2.93, "xGChain": 6.57, "xGBuildup": 2.98}, {"player_name": "Justin Kluivert", "games": 19.0, "time": 815.0, "goals": 3.0, "xG": 3.2, "assists": 0.0, "xA": 0.87, "shots": 18.0, "key_passes": 12.0, "yellow_cards": 2.0, "red_cards": 0.0, "position": "D F M S", "team_title": "RasenBallsport Leipzig", "npg": 3.0, "npxG": 3.2, "xGChain": 4.58, "xGBuildup": 0.57}, {"player_name": "Evan Ndicka", "games": 23.0, "time": 2047.0, "goals": 3.0, "xG": 1.66, "assists": 1.0, "xA": 0.23, "shots": 17.0, "key_passes": 6.0, "yellow_cards": 10.0, "red_cards": 0.0, "position": "D", "team_title": "Eintracht Frankfurt", "npg": 3.0, "npxG": 1.66, "xGChain": 6.18, "xGBuildup": 5.86}, {"player_name": "Kevin Stöger", "games": 19.0, "time": 514.0, "goals": 3.0, "xG": 1.7, "assists": 0.0, "xA": 1.03, "shots": 9.0, "key_passes": 11.0, "yellow_cards": 3.0, "red_cards": 0.0, "position": "M S", "team_title": "Mainz 05", "npg": 3.0, "npxG": 1.7, "xGChain": 3.9, "xGBuildup": 1.52}, {"player_name": "Amin Younes", "games": 26.0, "time": 1410.0, "goals": 3.0, "xG": 3.29, "assists": 3.0, "xA": 1.84, "shots": 33.0, "key_passes": 23.0, "yellow_cards": 5.0, "red_cards": 0.0, "position": "M S", "team_title": "Eintracht Frankfurt", "npg": 3.0, "npxG": 3.29, "xGChain": 7.31, "xGBuildup": 3.32}, {"player_name": "Amadou Haidara", "games": 31.0, "time": 1909.0, "goals": 3.0, "xG": 3.49, "assists": 1.0, "xA": 2.72, "shots": 42.0, "key_passes": 35.0, "yellow_cards": 4.0, "red_cards": 0.0, "position": "D F M S", "team_title": "RasenBallsport Leipzig", "npg": 3.0, "npxG": 3.49, "xGChain": 11.41, "xGBuildup": 6.28}, {"player_name": "Sebastian Andersson", "games": 16.0, "time": 1145.0, "goals": 3.0, "xG": 5.57, "assists": 0.0, "xA": 0.4, "shots": 39.0, "key_passes": 7.0, "yellow_cards": 1.0, "red_cards": 0.0, "position": "F S", "team_title": "FC Cologne", "npg": 2.0, "npxG": 4.81, "xGChain": 5.04, "xGBuildup": 0.38}, {"player_name": "Sheraldo Becker", "games": 18.0, "time": 1125.0, "goals": 3.0, "xG": 1.56, "assists": 3.0, "xA": 3.86, "shots": 31.0, "key_passes": 18.0, "yellow_cards": 2.0, "red_cards": 0.0, "position": "F M S", "team_title": "Union Berlin", "npg": 3.0, "npxG": 1.56, "xGChain": 5.87, "xGBuildup": 1.02}, {"player_name": "Marcus Ingvartsen", "games": 30.0, "time": 1989.0, "goals": 3.0, "xG": 3.94, "assists": 5.0, "xA": 2.53, "shots": 38.0, "key_passes": 24.0, "yellow_cards": 4.0, "red_cards": 0.0, "position": "F M S", "team_title": "Union Berlin", "npg": 3.0, "npxG": 3.18, "xGChain": 8.52, "xGBuildup": 4.48}, {"player_name": "Hannes Wolf", "games": 32.0, "time": 1354.0, "goals": 3.0, "xG": 1.93, "assists": 2.0, "xA": 2.35, "shots": 16.0, "key_passes": 15.0, "yellow_cards": 2.0, "red_cards": 0.0, "position": "F M S", "team_title": "Borussia M.Gladbach", "npg": 3.0, "npxG": 1.93, "xGChain": 8.73, "xGBuildup": 5.1}, {"player_name": "Wataru Endo", "games": 33.0, "time": 2959.0, "goals": 3.0, "xG": 2.37, "assists": 3.0, "xA": 2.0, "shots": 28.0, "key_passes": 26.0, "yellow_cards": 5.0, "red_cards": 0.0, "position": "M", "team_title": "VfB Stuttgart", "npg": 3.0, "npxG": 2.37, "xGChain": 14.51, "xGBuildup": 12.52}, {"player_name": "Philipp Förster", "games": 25.0, "time": 1522.0, "goals": 3.0, "xG": 4.18, "assists": 1.0, "xA": 2.86, "shots": 20.0, "key_passes": 28.0, "yellow_cards": 4.0, "red_cards": 0.0, "position": "F M S", "team_title": "VfB Stuttgart", "npg": 3.0, "npxG": 3.42, "xGChain": 9.67, "xGBuildup": 4.85}, {"player_name": "John Brooks", "games": 32.0, "time": 2774.0, "goals": 2.0, "xG": 1.92, "assists": 0.0, "xA": 0.22, "shots": 19.0, "key_passes": 6.0, "yellow_cards": 5.0, "red_cards": 0.0, "position": "D S", "team_title": "Wolfsburg", "npg": 2.0, "npxG": 1.92, "xGChain": 8.99, "xGBuildup": 8.85}, {"player_name": "Daniel Brosinski", "games": 21.0, "time": 1437.0, "goals": 2.0, "xG": 1.85, "assists": 1.0, "xA": 2.58, "shots": 10.0, "key_passes": 27.0, "yellow_cards": 0.0, "red_cards": 0.0, "position": "D M S", "team_title": "Mainz 05", "npg": 0.0, "npxG": 0.34, "xGChain": 5.62, "xGBuildup": 4.2}, {"player_name": "Julian Baumgartlinger", "games": 17.0, "time": 1074.0, "goals": 2.0, "xG": 1.35, "assists": 0.0, "xA": 0.18, "shots": 7.0, "key_passes": 6.0, "yellow_cards": 1.0, "red_cards": 0.0, "position": "M S", "team_title": "Bayer Leverkusen", "npg": 2.0, "npxG": 1.35, "xGChain": 4.08, "xGBuildup": 3.82}, {"player_name": "Jonathan Schmid", "games": 31.0, "time": 2409.0, "goals": 2.0, "xG": 1.01, "assists": 2.0, "xA": 2.56, "shots": 21.0, "key_passes": 25.0, "yellow_cards": 4.0, "red_cards": 0.0, "position": "D M S", "team_title": "Freiburg", "npg": 2.0, "npxG": 1.01, "xGChain": 8.73, "xGBuildup": 6.02}, {"player_name": "Nadiem Amiri", "games": 29.0, "time": 1882.0, "goals": 2.0, "xG": 2.08, "assists": 6.0, "xA": 3.25, "shots": 42.0, "key_passes": 38.0, "yellow_cards": 5.0, "red_cards": 0.0, "position": "M S", "team_title": "Bayer Leverkusen", "npg": 2.0, "npxG": 2.08, "xGChain": 10.63, "xGBuildup": 8.21}, {"player_name": "Florian Grillitsch", "games": 26.0, "time": 1892.0, "goals": 2.0, "xG": 2.14, "assists": 1.0, "xA": 1.9, "shots": 20.0, "key_passes": 16.0, "yellow_cards": 4.0, "red_cards": 1.0, "position": "D F M S", "team_title": "Hoffenheim", "npg": 2.0, "npxG": 2.14, "xGChain": 11.27, "xGBuildup": 8.6}, {"player_name": "Maximilian Eggestein", "games": 33.0, "time": 2944.0, "goals": 2.0, "xG": 1.01, "assists": 5.0, "xA": 3.12, "shots": 22.0, "key_passes": 29.0, "yellow_cards": 5.0, "red_cards": 0.0, "position": "M", "team_title": "Werder Bremen", "npg": 2.0, "npxG": 1.01, "xGChain": 9.22, "xGBuildup": 6.89}, {"player_name": "Yannick Gerhardt", "games": 29.0, "time": 1924.0, "goals": 2.0, "xG": 3.75, "assists": 4.0, "xA": 3.45, "shots": 31.0, "key_passes": 23.0, "yellow_cards": 3.0, "red_cards": 0.0, "position": "D M S", "team_title": "Wolfsburg", "npg": 2.0, "npxG": 3.75, "xGChain": 9.54, "xGBuildup": 3.34}, {"player_name": "Ömer Toprak", "games": 26.0, "time": 1959.0, "goals": 2.0, "xG": 0.81, "assists": 0.0, "xA": 0.02, "shots": 10.0, "key_passes": 1.0, "yellow_cards": 1.0, "red_cards": 0.0, "position": "D S", "team_title": "Werder Bremen", "npg": 2.0, "npxG": 0.81, "xGChain": 1.38, "xGBuildup": 1.37}, {"player_name": "Matthias Ginter", "games": 34.0, "time": 3060.0, "goals": 2.0, "xG": 1.61, "assists": 1.0, "xA": 1.53, "shots": 23.0, "key_passes": 10.0, "yellow_cards": 2.0, "red_cards": 0.0, "position": "D", "team_title": "Borussia M.Gladbach", "npg": 2.0, "npxG": 1.61, "xGChain": 9.93, "xGBuildup": 8.55}, {"player_name": "David Alaba", "games": 32.0, "time": 2678.0, "goals": 2.0, "xG": 0.97, "assists": 3.0, "xA": 1.98, "shots": 21.0, "key_passes": 28.0, "yellow_cards": 4.0, "red_cards": 0.0, "position": "D M S", "team_title": "Bayern Munich", "npg": 2.0, "npxG": 0.97, "xGChain": 17.07, "xGBuildup": 15.76}, {"player_name": "Martin Hinteregger", "games": 29.0, "time": 2531.0, "goals": 2.0, "xG": 2.02, "assists": 1.0, "xA": 0.99, "shots": 24.0, "key_passes": 9.0, "yellow_cards": 4.0, "red_cards": 0.0, "position": "D", "team_title": "Eintracht Frankfurt", "npg": 2.0, "npxG": 2.02, "xGChain": 8.28, "xGBuildup": 7.4}, {"player_name": "Marius Wolf", "games": 31.0, "time": 2573.0, "goals": 2.0, "xG": 3.29, "assists": 2.0, "xA": 2.57, "shots": 41.0, "key_passes": 25.0, "yellow_cards": 3.0, "red_cards": 0.0, "position": "D F M S", "team_title": "FC Cologne", "npg": 2.0, "npxG": 3.29, "xGChain": 8.01, "xGBuildup": 4.99}, {"player_name": "Marc-Oliver Kempf", "games": 32.0, "time": 2737.0, "goals": 2.0, "xG": 1.29, "assists": 1.0, "xA": 0.4, "shots": 18.0, "key_passes": 10.0, "yellow_cards": 5.0, "red_cards": 0.0, "position": "D", "team_title": "VfB Stuttgart", "npg": 2.0, "npxG": 1.29, "xGChain": 8.51, "xGBuildup": 8.09}, {"player_name": "Aymen Barkok", "games": 26.0, "time": 951.0, "goals": 2.0, "xG": 2.02, "assists": 3.0, "xA": 3.2, "shots": 19.0, "key_passes": 26.0, "yellow_cards": 5.0, "red_cards": 0.0, "position": "D F M S", "team_title": "Eintracht Frankfurt", "npg": 2.0, "npxG": 2.02, "xGChain": 6.22, "xGBuildup": 3.15}, {"player_name": "Marcel Halstenberg", "games": 24.0, "time": 1650.0, "goals": 2.0, "xG": 2.18, "assists": 3.0, "xA": 1.99, "shots": 14.0, "key_passes": 28.0, "yellow_cards": 2.0, "red_cards": 0.0, "position": "D S", "team_title": "RasenBallsport Leipzig", "npg": 1.0, "npxG": 1.42, "xGChain": 9.17, "xGBuildup": 7.6}, {"player_name": "Manuel Gulde", "games": 27.0, "time": 1958.0, "goals": 2.0, "xG": 0.59, "assists": 0.0, "xA": 0.0, "shots": 9.0, "key_passes": 0.0, "yellow_cards": 3.0, "red_cards": 0.0, "position": "D S", "team_title": "Freiburg", "npg": 2.0, "npxG": 0.59, "xGChain": 4.42, "xGBuildup": 4.42}, {"player_name": "Amine Harit", "games": 28.0, "time": 2123.0, "goals": 2.0, "xG": 1.57, "assists": 5.0, "xA": 4.63, "shots": 22.0, "key_passes": 50.0, "yellow_cards": 4.0, "red_cards": 0.0, "position": "F M S", "team_title": "Schalke 04", "npg": 2.0, "npxG": 1.57, "xGChain": 7.83, "xGBuildup": 3.48}, {"player_name": "Matteo Guendouzi", "games": 24.0, "time": 1809.0, "goals": 2.0, "xG": 0.79, "assists": 1.0, "xA": 1.81, "shots": 17.0, "key_passes": 18.0, "yellow_cards": 5.0, "red_cards": 0.0, "position": "M S", "team_title": "Hertha Berlin", "npg": 2.0, "npxG": 0.79, "xGChain": 5.15, "xGBuildup": 3.26}, {"player_name": "Sergio Córdova", "games": 23.0, "time": 1091.0, "goals": 2.0, "xG": 2.95, "assists": 1.0, "xA": 0.69, "shots": 20.0, "key_passes": 12.0, "yellow_cards": 0.0, "red_cards": 0.0, "position": "F M S", "team_title": "Arminia Bielefeld", "npg": 2.0, "npxG": 2.95, "xGChain": 4.66, "xGBuildup": 1.19}, {"player_name": "Valentino Lazaro", "games": 22.0, "time": 1230.0, "goals": 2.0, "xG": 1.81, "assists": 0.0, "xA": 1.22, "shots": 15.0, "key_passes": 17.0, "yellow_cards": 3.0, "red_cards": 0.0, "position": "D M S", "team_title": "Borussia M.Gladbach", "npg": 2.0, "npxG": 1.81, "xGChain": 6.59, "xGBuildup": 3.78}, {"player_name": "Manuel Akanji", "games": 28.0, "time": 2350.0, "goals": 2.0, "xG": 1.98, "assists": 0.0, "xA": 0.21, "shots": 19.0, "key_passes": 3.0, "yellow_cards": 4.0, "red_cards": 0.0, "position": "D S", "team_title": "Borussia Dortmund", "npg": 2.0, "npxG": 1.98, "xGChain": 10.62, "xGBuildup": 10.39}, {"player_name": "Ryan Sessegnon", "games": 23.0, "time": 1567.0, "goals": 2.0, "xG": 0.78, "assists": 3.0, "xA": 1.6, "shots": 5.0, "key_passes": 16.0, "yellow_cards": 4.0, "red_cards": 0.0, "position": "D M S", "team_title": "Hoffenheim", "npg": 2.0, "npxG": 0.78, "xGChain": 4.77, "xGBuildup": 2.78}, {"player_name": "Benito Raman", "games": 25.0, "time": 1245.0, "goals": 2.0, "xG": 2.47, "assists": 0.0, "xA": 1.34, "shots": 26.0, "key_passes": 14.0, "yellow_cards": 2.0, "red_cards": 0.0, "position": "F M S", "team_title": "Schalke 04", "npg": 2.0, "npxG": 2.47, "xGChain": 3.65, "xGBuildup": 0.83}, {"player_name": "Jean-Paul Boëtius", "games": 31.0, "time": 2086.0, "goals": 2.0, "xG": 3.34, "assists": 4.0, "xA": 6.8, "shots": 29.0, "key_passes": 34.0, "yellow_cards": 5.0, "red_cards": 0.0, "position": "F M S", "team_title": "Mainz 05", "npg": 2.0, "npxG": 3.34, "xGChain": 13.25, "xGBuildup": 6.52}, {"player_name": "Jonathan Burkardt", "games": 29.0, "time": 1389.0, "goals": 2.0, "xG": 3.64, "assists": 0.0, "xA": 1.96, "shots": 29.0, "key_passes": 13.0, "yellow_cards": 0.0, "red_cards": 0.0, "position": "D F M S", "team_title": "Mainz 05", "npg": 2.0, "npxG": 3.64, "xGChain": 7.11, "xGBuildup": 2.1}, {"player_name": "Leandro Barreiro Martins", "games": 29.0, "time": 2325.0, "goals": 2.0, "xG": 4.81, "assists": 2.0, "xA": 2.34, "shots": 33.0, "key_passes": 19.0, "yellow_cards": 5.0, "red_cards": 0.0, "position": "M S", "team_title": "Mainz 05", "npg": 2.0, "npxG": 4.81, "xGChain": 11.09, "xGBuildup": 4.18}, {"player_name": "Xaver Schlager", "games": 32.0, "time": 2651.0, "goals": 2.0, "xG": 2.65, "assists": 4.0, "xA": 3.82, "shots": 49.0, "key_passes": 24.0, "yellow_cards": 7.0, "red_cards": 0.0, "position": "M S", "team_title": "Wolfsburg", "npg": 2.0, "npxG": 2.65, "xGChain": 13.22, "xGBuildup": 7.7}, {"player_name": "Dominick Drexler", "games": 27.0, "time": 1217.0, "goals": 2.0, "xG": 2.09, "assists": 1.0, "xA": 2.62, "shots": 12.0, "key_passes": 15.0, "yellow_cards": 1.0, "red_cards": 0.0, "position": "F M S", "team_title": "FC Cologne", "npg": 2.0, "npxG": 2.09, "xGChain": 5.76, "xGBuildup": 3.52}, {"player_name": "Stefan Lainer", "games": 33.0, "time": 2783.0, "goals": 2.0, "xG": 1.95, "assists": 2.0, "xA": 3.74, "shots": 25.0, "key_passes": 37.0, "yellow_cards": 2.0, "red_cards": 0.0, "position": "D M S", "team_title": "Borussia M.Gladbach", "npg": 2.0, "npxG": 1.95, "xGChain": 10.01, "xGBuildup": 7.11}, {"player_name": "Sargis Adamyan", "games": 18.0, "time": 450.0, "goals": 2.0, "xG": 2.11, "assists": 3.0, "xA": 2.19, "shots": 23.0, "key_passes": 11.0, "yellow_cards": 2.0, "red_cards": 0.0, "position": "M S", "team_title": "Hoffenheim", "npg": 2.0, "npxG": 2.11, "xGChain": 5.89, "xGBuildup": 1.67}, {"player_name": "Jan Thielmann", "games": 24.0, "time": 1021.0, "goals": 2.0, "xG": 1.29, "assists": 3.0, "xA": 1.11, "shots": 12.0, "key_passes": 10.0, "yellow_cards": 0.0, "red_cards": 0.0, "position": "F M S", "team_title": "FC Cologne", "npg": 2.0, "npxG": 1.29, "xGChain": 3.83, "xGBuildup": 2.04}, {"player_name": "Jessic Ngankam", "games": 15.0, "time": 278.0, "goals": 2.0, "xG": 0.44, "assists": 0.0, "xA": 0.04, "shots": 6.0, "key_passes": 1.0, "yellow_cards": 1.0, "red_cards": 0.0, "position": "F S", "team_title": "Hertha Berlin", "npg": 2.0, "npxG": 0.44, "xGChain": 0.48, "xGBuildup": 0.0}, {"player_name": "Tanguy Coulibaly", "games": 31.0, "time": 1511.0, "goals": 2.0, "xG": 2.75, "assists": 1.0, "xA": 2.76, "shots": 25.0, "key_passes": 15.0, "yellow_cards": 2.0, "red_cards": 0.0, "position": "D F M S", "team_title": "VfB Stuttgart", "npg": 2.0, "npxG": 2.75, "xGChain": 8.84, "xGBuildup": 4.06}, {"player_name": "Bartosz Bialek", "games": 19.0, "time": 243.0, "goals": 2.0, "xG": 2.14, "assists": 0.0, "xA": 0.15, "shots": 8.0, "key_passes": 3.0, "yellow_cards": 1.0, "red_cards": 0.0, "position": "F S", "team_title": "Wolfsburg", "npg": 2.0, "npxG": 2.14, "xGChain": 2.65, "xGBuildup": 1.54}, {"player_name": "Andreas Voglsammer", "games": 18.0, "time": 1010.0, "goals": 2.0, "xG": 3.83, "assists": 2.0, "xA": 2.21, "shots": 32.0, "key_passes": 12.0, "yellow_cards": 1.0, "red_cards": 0.0, "position": "F M S", "team_title": "Arminia Bielefeld", "npg": 2.0, "npxG": 3.83, "xGChain": 5.66, "xGBuildup": 0.57}, {"player_name": "Vladimir Darida", "games": 27.0, "time": 1930.0, "goals": 1.0, "xG": 1.72, "assists": 6.0, "xA": 4.51, "shots": 27.0, "key_passes": 35.0, "yellow_cards": 5.0, "red_cards": 1.0, "position": "F M S", "team_title": "Hertha Berlin", "npg": 1.0, "npxG": 1.72, "xGChain": 8.71, "xGBuildup": 4.04}, {"player_name": "Stefan Bell", "games": 16.0, "time": 1279.0, "goals": 1.0, "xG": 0.42, "assists": 1.0, "xA": 0.76, "shots": 8.0, "key_passes": 3.0, "yellow_cards": 6.0, "red_cards": 0.0, "position": "D", "team_title": "Mainz 05", "npg": 1.0, "npxG": 0.42, "xGChain": 1.7, "xGBuildup": 1.61}, {"player_name": "Alexander Hack", "games": 21.0, "time": 1365.0, "goals": 1.0, "xG": 0.35, "assists": 0.0, "xA": 0.37, "shots": 7.0, "key_passes": 6.0, "yellow_cards": 2.0, "red_cards": 0.0, "position": "D S", "team_title": "Mainz 05", "npg": 1.0, "npxG": 0.35, "xGChain": 3.82, "xGBuildup": 3.53}, {"player_name": "Niklas Süle", "games": 20.0, "time": 1502.0, "goals": 1.0, "xG": 0.69, "assists": 0.0, "xA": 0.3, "shots": 20.0, "key_passes": 7.0, "yellow_cards": 1.0, "red_cards": 0.0, "position": "D S", "team_title": "Bayern Munich", "npg": 1.0, "npxG": 0.69, "xGChain": 9.37, "xGBuildup": 8.97}, {"player_name": "Sebastian Rudy", "games": 27.0, "time": 1863.0, "goals": 1.0, "xG": 0.64, "assists": 2.0, "xA": 2.66, "shots": 16.0, "key_passes": 32.0, "yellow_cards": 4.0, "red_cards": 0.0, "position": "D M S", "team_title": "Hoffenheim", "npg": 1.0, "npxG": 0.64, "xGChain": 10.2, "xGBuildup": 8.03}, {"player_name": "Levin Öztunali", "games": 17.0, "time": 742.0, "goals": 1.0, "xG": 0.52, "assists": 2.0, "xA": 1.05, "shots": 6.0, "key_passes": 9.0, "yellow_cards": 0.0, "red_cards": 0.0, "position": "D M S", "team_title": "Mainz 05", "npg": 1.0, "npxG": 0.52, "xGChain": 2.32, "xGBuildup": 1.1}, {"player_name": "Robin Knoche", "games": 34.0, "time": 3044.0, "goals": 1.0, "xG": 1.13, "assists": 0.0, "xA": 0.15, "shots": 12.0, "key_passes": 4.0, "yellow_cards": 4.0, "red_cards": 0.0, "position": "D", "team_title": "Union Berlin", "npg": 1.0, "npxG": 1.13, "xGChain": 7.91, "xGBuildup": 7.26}, {"player_name": "Michael Gregoritsch", "games": 24.0, "time": 808.0, "goals": 1.0, "xG": 1.34, "assists": 2.0, "xA": 1.19, "shots": 12.0, "key_passes": 5.0, "yellow_cards": 1.0, "red_cards": 0.0, "position": "F M S", "team_title": "Augsburg", "npg": 1.0, "npxG": 1.34, "xGChain": 3.98, "xGBuildup": 1.7}, {"player_name": "Sven Schipplock", "games": 32.0, "time": 696.0, "goals": 1.0, "xG": 1.61, "assists": 0.0, "xA": 0.49, "shots": 16.0, "key_passes": 8.0, "yellow_cards": 3.0, "red_cards": 0.0, "position": "F S", "team_title": "Arminia Bielefeld", "npg": 1.0, "npxG": 1.61, "xGChain": 2.34, "xGBuildup": 0.5}, {"player_name": "Jonathan Tah", "games": 27.0, "time": 2215.0, "goals": 1.0, "xG": 0.49, "assists": 0.0, "xA": 0.04, "shots": 9.0, "key_passes": 1.0, "yellow_cards": 3.0, "red_cards": 0.0, "position": "D S", "team_title": "Bayer Leverkusen", "npg": 1.0, "npxG": 0.49, "xGChain": 5.72, "xGBuildup": 5.72}, {"player_name": "Mahmoud Dahoud", "games": 21.0, "time": 1267.0, "goals": 1.0, "xG": 0.55, "assists": 1.0, "xA": 1.29, "shots": 16.0, "key_passes": 11.0, "yellow_cards": 3.0, "red_cards": 0.0, "position": "M S", "team_title": "Borussia Dortmund", "npg": 1.0, "npxG": 0.55, "xGChain": 9.2, "xGBuildup": 7.82}, {"player_name": "Oscar Wendt", "games": 22.0, "time": 1269.0, "goals": 1.0, "xG": 0.97, "assists": 1.0, "xA": 0.56, "shots": 8.0, "key_passes": 7.0, "yellow_cards": 3.0, "red_cards": 0.0, "position": "D M S", "team_title": "Borussia M.Gladbach", "npg": 1.0, "npxG": 0.97, "xGChain": 2.96, "xGBuildup": 2.01}, {"player_name": "Thorgan Hazard", "games": 16.0, "time": 653.0, "goals": 1.0, "xG": 0.85, "assists": 3.0, "xA": 3.29, "shots": 10.0, "key_passes": 14.0, "yellow_cards": 0.0, "red_cards": 0.0, "position": "F M S", "team_title": "Borussia Dortmund", "npg": 1.0, "npxG": 0.85, "xGChain": 7.15, "xGBuildup": 3.68}, {"player_name": "Jérôme Boateng", "games": 29.0, "time": 2393.0, "goals": 1.0, "xG": 0.34, "assists": 1.0, "xA": 0.72, "shots": 8.0, "key_passes": 5.0, "yellow_cards": 6.0, "red_cards": 0.0, "position": "D", "team_title": "Bayern Munich", "npg": 1.0, "npxG": 0.34, "xGChain": 11.6, "xGBuildup": 11.19}, {"player_name": "Sebastian Rode", "games": 27.0, "time": 1634.0, "goals": 1.0, "xG": 0.07, "assists": 0.0, "xA": 1.38, "shots": 3.0, "key_passes": 19.0, "yellow_cards": 10.0, "red_cards": 0.0, "position": "M S", "team_title": "Eintracht Frankfurt", "npg": 1.0, "npxG": 0.07, "xGChain": 6.77, "xGBuildup": 5.9}, {"player_name": "Dominik Kohr", "games": 24.0, "time": 1524.0, "goals": 1.0, "xG": 2.16, "assists": 1.0, "xA": 0.96, "shots": 21.0, "key_passes": 8.0, "yellow_cards": 4.0, "red_cards": 0.0, "position": "M S", "team_title": "Eintracht Frankfurt", "npg": 1.0, "npxG": 2.16, "xGChain": 7.04, "xGBuildup": 5.78}, {"player_name": "Suat Serdar", "games": 25.0, "time": 1960.0, "goals": 1.0, "xG": 1.93, "assists": 3.0, "xA": 1.5, "shots": 32.0, "key_passes": 15.0, "yellow_cards": 3.0, "red_cards": 0.0, "position": "M S", "team_title": "Schalke 04", "npg": 1.0, "npxG": 1.93, "xGChain": 5.95, "xGBuildup": 3.38}, {"player_name": "Sead Kolasinac", "games": 17.0, "time": 1427.0, "goals": 1.0, "xG": 0.6, "assists": 1.0, "xA": 1.18, "shots": 6.0, "key_passes": 13.0, "yellow_cards": 5.0, "red_cards": 0.0, "position": "D M S", "team_title": "Schalke 04", "npg": 1.0, "npxG": 0.6, "xGChain": 3.81, "xGBuildup": 2.38}, {"player_name": "Timothy Chandler", "games": 15.0, "time": 409.0, "goals": 1.0, "xG": 0.88, "assists": 0.0, "xA": 0.28, "shots": 5.0, "key_passes": 4.0, "yellow_cards": 2.0, "red_cards": 0.0, "position": "D M S", "team_title": "Eintracht Frankfurt", "npg": 1.0, "npxG": 0.88, "xGChain": 1.74, "xGBuildup": 0.7}, {"player_name": "Ádám Szalai", "games": 18.0, "time": 727.0, "goals": 1.0, "xG": 2.56, "assists": 0.0, "xA": 0.4, "shots": 14.0, "key_passes": 6.0, "yellow_cards": 1.0, "red_cards": 0.0, "position": "F S", "team_title": "Mainz 05", "npg": 1.0, "npxG": 2.56, "xGChain": 3.41, "xGBuildup": 0.61}, {"player_name": "Philipp Klement", "games": 18.0, "time": 395.0, "goals": 1.0, "xG": 0.24, "assists": 2.0, "xA": 1.3, "shots": 7.0, "key_passes": 18.0, "yellow_cards": 0.0, "red_cards": 0.0, "position": "M S", "team_title": "VfB Stuttgart", "npg": 1.0, "npxG": 0.24, "xGChain": 1.78, "xGBuildup": 1.47}, {"player_name": "Emre Can", "games": 28.0, "time": 2130.0, "goals": 1.0, "xG": 1.23, "assists": 4.0, "xA": 2.97, "shots": 17.0, "key_passes": 18.0, "yellow_cards": 5.0, "red_cards": 0.0, "position": "D M S", "team_title": "Borussia Dortmund", "npg": 1.0, "npxG": 1.23, "xGChain": 13.54, "xGBuildup": 12.13}, {"player_name": "Omar Mascarell", "games": 24.0, "time": 1765.0, "goals": 1.0, "xG": 0.3, "assists": 1.0, "xA": 0.37, "shots": 10.0, "key_passes": 6.0, "yellow_cards": 6.0, "red_cards": 0.0, "position": "M S", "team_title": "Schalke 04", "npg": 1.0, "npxG": 0.3, "xGChain": 3.66, "xGBuildup": 3.45}, {"player_name": "Erik Durm", "games": 21.0, "time": 1509.0, "goals": 1.0, "xG": 1.28, "assists": 2.0, "xA": 1.75, "shots": 20.0, "key_passes": 13.0, "yellow_cards": 1.0, "red_cards": 0.0, "position": "D M S", "team_title": "Eintracht Frankfurt", "npg": 1.0, "npxG": 1.28, "xGChain": 5.52, "xGBuildup": 3.09}, {"player_name": "Jeffrey Gouweleeuw", "games": 32.0, "time": 2836.0, "goals": 1.0, "xG": 0.36, "assists": 0.0, "xA": 0.67, "shots": 7.0, "key_passes": 12.0, "yellow_cards": 9.0, "red_cards": 0.0, "position": "D", "team_title": "Augsburg", "npg": 1.0, "npxG": 0.36, "xGChain": 4.22, "xGBuildup": 3.66}, {"player_name": "Almamy Touré", "games": 17.0, "time": 702.0, "goals": 1.0, "xG": 2.21, "assists": 1.0, "xA": 2.11, "shots": 16.0, "key_passes": 14.0, "yellow_cards": 2.0, "red_cards": 0.0, "position": "D M S", "team_title": "Eintracht Frankfurt", "npg": 1.0, "npxG": 2.21, "xGChain": 4.11, "xGBuildup": 1.35}, {"player_name": "Corentin Tolisso", "games": 16.0, "time": 778.0, "goals": 1.0, "xG": 2.67, "assists": 0.0, "xA": 0.37, "shots": 12.0, "key_passes": 8.0, "yellow_cards": 1.0, "red_cards": 1.0, "position": "M S", "team_title": "Bayern Munich", "npg": 1.0, "npxG": 2.67, "xGChain": 5.88, "xGBuildup": 3.42}, {"player_name": "Lucas Tousart", "games": 26.0, "time": 2113.0, "goals": 1.0, "xG": 1.33, "assists": 0.0, "xA": 1.27, "shots": 30.0, "key_passes": 9.0, "yellow_cards": 7.0, "red_cards": 0.0, "position": "M S", "team_title": "Hertha Berlin", "npg": 1.0, "npxG": 1.33, "xGChain": 6.39, "xGBuildup": 4.66}, {"player_name": "Nicolas Höfler", "games": 31.0, "time": 2727.0, "goals": 1.0, "xG": 1.05, "assists": 3.0, "xA": 1.26, "shots": 20.0, "key_passes": 15.0, "yellow_cards": 11.0, "red_cards": 0.0, "position": "M S", "team_title": "Freiburg", "npg": 1.0, "npxG": 1.05, "xGChain": 6.9, "xGBuildup": 5.69}, {"player_name": "Dedryck Boyata", "games": 19.0, "time": 1542.0, "goals": 1.0, "xG": 1.05, "assists": 0.0, "xA": 0.59, "shots": 10.0, "key_passes": 6.0, "yellow_cards": 3.0, "red_cards": 0.0, "position": "D S", "team_title": "Hertha Berlin", "npg": 1.0, "npxG": 1.05, "xGChain": 2.89, "xGBuildup": 2.38}, {"player_name": "Aleksandar Dragovic", "games": 18.0, "time": 1127.0, "goals": 1.0, "xG": 0.22, "assists": 0.0, "xA": 0.43, "shots": 4.0, "key_passes": 6.0, "yellow_cards": 3.0, "red_cards": 0.0, "position": "D S", "team_title": "Bayer Leverkusen", "npg": 1.0, "npxG": 0.22, "xGChain": 4.59, "xGBuildup": 4.12}, {"player_name": "Thomas Delaney", "games": 20.0, "time": 1295.0, "goals": 1.0, "xG": 0.47, "assists": 1.0, "xA": 0.2, "shots": 9.0, "key_passes": 5.0, "yellow_cards": 6.0, "red_cards": 0.0, "position": "M S", "team_title": "Borussia Dortmund", "npg": 1.0, "npxG": 0.47, "xGChain": 7.8, "xGBuildup": 7.48}, {"player_name": "Stefan Ilsanker", "games": 27.0, "time": 1566.0, "goals": 1.0, "xG": 1.0, "assists": 0.0, "xA": 0.39, "shots": 12.0, "key_passes": 6.0, "yellow_cards": 4.0, "red_cards": 0.0, "position": "D M S", "team_title": "Eintracht Frankfurt", "npg": 1.0, "npxG": 1.0, "xGChain": 4.65, "xGBuildup": 3.95}, {"player_name": "Dayotchanculle Upamecano", "games": 29.0, "time": 2331.0, "goals": 1.0, "xG": 0.7, "assists": 0.0, "xA": 0.78, "shots": 13.0, "key_passes": 8.0, "yellow_cards": 6.0, "red_cards": 0.0, "position": "D S", "team_title": "RasenBallsport Leipzig", "npg": 1.0, "npxG": 0.7, "xGChain": 10.34, "xGBuildup": 10.18}, {"player_name": "Rani Khedira", "games": 27.0, "time": 1839.0, "goals": 1.0, "xG": 1.04, "assists": 0.0, "xA": 0.11, "shots": 10.0, "key_passes": 6.0, "yellow_cards": 5.0, "red_cards": 0.0, "position": "D M S", "team_title": "Augsburg", "npg": 1.0, "npxG": 1.04, "xGChain": 3.92, "xGBuildup": 2.99}, {"player_name": "László Bénes", "games": 19.0, "time": 808.0, "goals": 1.0, "xG": 0.62, "assists": 2.0, "xA": 1.01, "shots": 10.0, "key_passes": 14.0, "yellow_cards": 3.0, "red_cards": 0.0, "position": "F M S", "team_title": "Augsburg", "npg": 1.0, "npxG": 0.62, "xGChain": 1.66, "xGBuildup": 1.06}, {"player_name": "Lukas Klostermann", "games": 23.0, "time": 1440.0, "goals": 1.0, "xG": 1.02, "assists": 0.0, "xA": 0.76, "shots": 12.0, "key_passes": 5.0, "yellow_cards": 2.0, "red_cards": 0.0, "position": "D S", "team_title": "RasenBallsport Leipzig", "npg": 1.0, "npxG": 1.02, "xGChain": 7.44, "xGBuildup": 7.25}, {"player_name": "Baptiste Santamaria", "games": 30.0, "time": 2240.0, "goals": 1.0, "xG": 2.17, "assists": 1.0, "xA": 1.08, "shots": 30.0, "key_passes": 14.0, "yellow_cards": 5.0, "red_cards": 0.0, "position": "M S", "team_title": "Freiburg", "npg": 1.0, "npxG": 2.17, "xGChain": 7.99, "xGBuildup": 5.12}, {"player_name": "Thomas Meunier", "games": 21.0, "time": 1478.0, "goals": 1.0, "xG": 0.68, "assists": 1.0, "xA": 1.67, "shots": 12.0, "key_passes": 15.0, "yellow_cards": 3.0, "red_cards": 0.0, "position": "D M S", "team_title": "Borussia Dortmund", "npg": 1.0, "npxG": 0.68, "xGChain": 8.26, "xGBuildup": 7.56}, {"player_name": "Orel Mangala", "games": 24.0, "time": 2110.0, "goals": 1.0, "xG": 1.16, "assists": 3.0, "xA": 1.74, "shots": 25.0, "key_passes": 20.0, "yellow_cards": 4.0, "red_cards": 0.0, "position": "M", "team_title": "VfB Stuttgart", "npg": 1.0, "npxG": 1.16, "xGChain": 9.72, "xGBuildup": 7.24}, {"player_name": "Felix Uduokhai", "games": 29.0, "time": 2610.0, "goals": 1.0, "xG": 1.39, "assists": 0.0, "xA": 0.18, "shots": 13.0, "key_passes": 3.0, "yellow_cards": 5.0, "red_cards": 0.0, "position": "D", "team_title": "Augsburg", "npg": 1.0, "npxG": 1.39, "xGChain": 4.39, "xGBuildup": 4.21}, {"player_name": "Denis Zakaria", "games": 25.0, "time": 1422.0, "goals": 1.0, "xG": 1.4, "assists": 1.0, "xA": 1.08, "shots": 11.0, "key_passes": 9.0, "yellow_cards": 5.0, "red_cards": 0.0, "position": "D M S", "team_title": "Borussia M.Gladbach", "npg": 1.0, "npxG": 1.4, "xGChain": 6.46, "xGBuildup": 4.71}, {"player_name": "Kevin Akpoguma", "games": 16.0, "time": 1184.0, "goals": 1.0, "xG": 0.08, "assists": 0.0, "xA": 0.37, "shots": 2.0, "key_passes": 2.0, "yellow_cards": 1.0, "red_cards": 0.0, "position": "D M S", "team_title": "Hoffenheim", "npg": 1.0, "npxG": 0.08, "xGChain": 2.56, "xGBuildup": 2.17}, {"player_name": "Gonçalo Paciência", "games": 15.0, "time": 746.0, "goals": 1.0, "xG": 1.44, "assists": 1.0, "xA": 0.78, "shots": 22.0, "key_passes": 4.0, "yellow_cards": 2.0, "red_cards": 0.0, "position": "F S", "team_title": "Schalke 04", "npg": 1.0, "npxG": 1.44, "xGChain": 2.05, "xGBuildup": 0.23}, {"player_name": "Philipp Mwene", "games": 20.0, "time": 1678.0, "goals": 1.0, "xG": 0.57, "assists": 2.0, "xA": 1.76, "shots": 7.0, "key_passes": 15.0, "yellow_cards": 3.0, "red_cards": 0.0, "position": "D M S", "team_title": "Mainz 05", "npg": 1.0, "npxG": 0.57, "xGChain": 5.0, "xGBuildup": 3.59}, {"player_name": "Amos Pieper", "games": 30.0, "time": 2686.0, "goals": 1.0, "xG": 1.47, "assists": 1.0, "xA": 0.42, "shots": 15.0, "key_passes": 7.0, "yellow_cards": 6.0, "red_cards": 0.0, "position": "D", "team_title": "Arminia Bielefeld", "npg": 1.0, "npxG": 1.47, "xGChain": 3.46, "xGBuildup": 3.41}, {"player_name": "Alphonso Davies", "games": 23.0, "time": 1771.0, "goals": 1.0, "xG": 0.13, "assists": 2.0, "xA": 1.89, "shots": 4.0, "key_passes": 20.0, "yellow_cards": 2.0, "red_cards": 1.0, "position": "D M S", "team_title": "Bayern Munich", "npg": 1.0, "npxG": 0.13, "xGChain": 13.97, "xGBuildup": 12.66}, {"player_name": "Tyler Adams", "games": 27.0, "time": 1852.0, "goals": 1.0, "xG": 1.39, "assists": 1.0, "xA": 0.89, "shots": 7.0, "key_passes": 14.0, "yellow_cards": 3.0, "red_cards": 0.0, "position": "D M S", "team_title": "RasenBallsport Leipzig", "npg": 1.0, "npxG": 1.39, "xGChain": 8.37, "xGBuildup": 6.74}, {"player_name": "Nico Schlotterbeck", "games": 16.0, "time": 1291.0, "goals": 1.0, "xG": 1.59, "assists": 0.0, "xA": 0.48, "shots": 22.0, "key_passes": 3.0, "yellow_cards": 2.0, "red_cards": 1.0, "position": "D S", "team_title": "Union Berlin", "npg": 1.0, "npxG": 1.59, "xGChain": 3.79, "xGBuildup": 2.91}, {"player_name": "Joao Victor", "games": 21.0, "time": 442.0, "goals": 1.0, "xG": 0.44, "assists": 1.0, "xA": 1.18, "shots": 10.0, "key_passes": 11.0, "yellow_cards": 0.0, "red_cards": 0.0, "position": "F M S", "team_title": "Wolfsburg", "npg": 1.0, "npxG": 0.44, "xGChain": 1.98, "xGBuildup": 0.64}, {"player_name": "Rafael Czichos", "games": 28.0, "time": 2266.0, "goals": 1.0, "xG": 2.09, "assists": 0.0, "xA": 0.15, "shots": 10.0, "key_passes": 3.0, "yellow_cards": 7.0, "red_cards": 0.0, "position": "D S", "team_title": "FC Cologne", "npg": 1.0, "npxG": 2.09, "xGChain": 3.53, "xGBuildup": 3.44}, {"player_name": "Sebastiaan Bornauw", "games": 24.0, "time": 2078.0, "goals": 1.0, "xG": 1.41, "assists": 1.0, "xA": 0.02, "shots": 18.0, "key_passes": 1.0, "yellow_cards": 3.0, "red_cards": 0.0, "position": "D S", "team_title": "FC Cologne", "npg": 1.0, "npxG": 1.41, "xGChain": 2.63, "xGBuildup": 2.2}, {"player_name": "Robert Skov", "games": 23.0, "time": 1179.0, "goals": 1.0, "xG": 1.8, "assists": 0.0, "xA": 1.83, "shots": 33.0, "key_passes": 18.0, "yellow_cards": 0.0, "red_cards": 1.0, "position": "D F M S", "team_title": "Hoffenheim", "npg": 1.0, "npxG": 1.8, "xGChain": 4.51, "xGBuildup": 2.13}, {"player_name": "Christopher Trimmel", "games": 31.0, "time": 2589.0, "goals": 1.0, "xG": 0.33, "assists": 9.0, "xA": 5.42, "shots": 8.0, "key_passes": 59.0, "yellow_cards": 9.0, "red_cards": 0.0, "position": "D M S", "team_title": "Union Berlin", "npg": 1.0, "npxG": 0.33, "xGChain": 8.52, "xGBuildup": 5.87}, {"player_name": "Marius Bülter", "games": 26.0, "time": 946.0, "goals": 1.0, "xG": 1.2, "assists": 0.0, "xA": 0.75, "shots": 17.0, "key_passes": 11.0, "yellow_cards": 1.0, "red_cards": 0.0, "position": "F M S", "team_title": "Union Berlin", "npg": 1.0, "npxG": 1.2, "xGChain": 4.47, "xGBuildup": 2.68}, {"player_name": "Iago", "games": 18.0, "time": 1570.0, "goals": 1.0, "xG": 0.92, "assists": 1.0, "xA": 1.04, "shots": 9.0, "key_passes": 16.0, "yellow_cards": 2.0, "red_cards": 0.0, "position": "D", "team_title": "Augsburg", "npg": 1.0, "npxG": 0.92, "xGChain": 4.78, "xGBuildup": 2.92}, {"player_name": "Ismail Jakobs", "games": 23.0, "time": 1723.0, "goals": 1.0, "xG": 2.18, "assists": 1.0, "xA": 1.9, "shots": 22.0, "key_passes": 15.0, "yellow_cards": 6.0, "red_cards": 0.0, "position": "D F M S", "team_title": "FC Cologne", "npg": 1.0, "npxG": 2.18, "xGChain": 6.18, "xGBuildup": 2.25}, {"player_name": "Edmond Tapsoba", "games": 31.0, "time": 2648.0, "goals": 1.0, "xG": 0.85, "assists": 0.0, "xA": 0.49, "shots": 16.0, "key_passes": 3.0, "yellow_cards": 5.0, "red_cards": 0.0, "position": "D S", "team_title": "Bayer Leverkusen", "npg": 1.0, "npxG": 0.85, "xGChain": 7.76, "xGBuildup": 7.59}, {"player_name": "Malick Thiaw", "games": 19.0, "time": 1448.0, "goals": 1.0, "xG": 0.84, "assists": 0.0, "xA": 0.1, "shots": 8.0, "key_passes": 2.0, "yellow_cards": 3.0, "red_cards": 1.0, "position": "D S", "team_title": "Schalke 04", "npg": 1.0, "npxG": 0.84, "xGChain": 1.46, "xGBuildup": 1.31}, {"player_name": "Manuel Prietl", "games": 28.0, "time": 2519.0, "goals": 1.0, "xG": 0.73, "assists": 1.0, "xA": 1.69, "shots": 18.0, "key_passes": 11.0, "yellow_cards": 3.0, "red_cards": 0.0, "position": "M", "team_title": "Arminia Bielefeld", "npg": 1.0, "npxG": 0.73, "xGChain": 5.02, "xGBuildup": 3.62}, {"player_name": "Christian Gebauer", "games": 23.0, "time": 665.0, "goals": 1.0, "xG": 1.91, "assists": 1.0, "xA": 0.99, "shots": 10.0, "key_passes": 10.0, "yellow_cards": 0.0, "red_cards": 0.0, "position": "M S", "team_title": "Arminia Bielefeld", "npg": 1.0, "npxG": 1.91, "xGChain": 3.21, "xGBuildup": 0.36}, {"player_name": "Robert Gumny", "games": 24.0, "time": 1383.0, "goals": 1.0, "xG": 0.68, "assists": 0.0, "xA": 0.45, "shots": 6.0, "key_passes": 7.0, "yellow_cards": 4.0, "red_cards": 0.0, "position": "D S", "team_title": "Augsburg", "npg": 1.0, "npxG": 0.68, "xGChain": 1.31, "xGBuildup": 0.81}, {"player_name": "Felix Agu", "games": 15.0, "time": 691.0, "goals": 1.0, "xG": 0.72, "assists": 0.0, "xA": 0.43, "shots": 4.0, "key_passes": 3.0, "yellow_cards": 0.0, "red_cards": 0.0, "position": "D S", "team_title": "Werder Bremen", "npg": 1.0, "npxG": 0.72, "xGChain": 1.9, "xGBuildup": 0.75}, {"player_name": "Deyovaisio Zeefuik", "games": 22.0, "time": 911.0, "goals": 1.0, "xG": 0.17, "assists": 0.0, "xA": 0.99, "shots": 3.0, "key_passes": 12.0, "yellow_cards": 2.0, "red_cards": 1.0, "position": "D M S", "team_title": "Hertha Berlin", "npg": 1.0, "npxG": 0.17, "xGChain": 1.82, "xGBuildup": 0.82}, {"player_name": "Mateo Klimowicz", "games": 25.0, "time": 1190.0, "goals": 1.0, "xG": 3.16, "assists": 1.0, "xA": 0.77, "shots": 33.0, "key_passes": 16.0, "yellow_cards": 1.0, "red_cards": 0.0, "position": "F M S", "team_title": "VfB Stuttgart", "npg": 1.0, "npxG": 3.16, "xGChain": 6.46, "xGBuildup": 2.81}, {"player_name": "Jude Bellingham", "games": 29.0, "time": 1707.0, "goals": 1.0, "xG": 2.57, "assists": 3.0, "xA": 3.54, "shots": 33.0, "key_passes": 14.0, "yellow_cards": 4.0, "red_cards": 1.0, "position": "M S", "team_title": "Borussia Dortmund", "npg": 1.0, "npxG": 2.57, "xGChain": 12.29, "xGBuildup": 7.93}, {"player_name": "Maxence Lacroix", "games": 30.0, "time": 2589.0, "goals": 1.0, "xG": 1.49, "assists": 1.0, "xA": 0.24, "shots": 16.0, "key_passes": 4.0, "yellow_cards": 4.0, "red_cards": 0.0, "position": "D S", "team_title": "Wolfsburg", "npg": 1.0, "npxG": 1.49, "xGChain": 9.67, "xGBuildup": 9.59}, {"player_name": "Keita Endo", "games": 16.0, "time": 433.0, "goals": 1.0, "xG": 1.51, "assists": 0.0, "xA": 1.7, "shots": 8.0, "key_passes": 7.0, "yellow_cards": 0.0, "red_cards": 0.0, "position": "M S", "team_title": "Union Berlin", "npg": 1.0, "npxG": 1.51, "xGChain": 3.11, "xGBuildup": 1.34}, {"player_name": "Marvin Plattenhardt", "games": 16.0, "time": 1069.0, "goals": 0.0, "xG": 0.09, "assists": 2.0, "xA": 1.35, "shots": 3.0, "key_passes": 10.0, "yellow_cards": 1.0, "red_cards": 0.0, "position": "D M S", "team_title": "Hertha Berlin", "npg": 0.0, "npxG": 0.09, "xGChain": 2.45, "xGBuildup": 1.91}, {"player_name": "Danny Latza", "games": 29.0, "time": 1810.0, "goals": 0.0, "xG": 1.52, "assists": 2.0, "xA": 1.74, "shots": 22.0, "key_passes": 24.0, "yellow_cards": 8.0, "red_cards": 0.0, "position": "F M S", "team_title": "Mainz 05", "npg": 0.0, "npxG": 1.52, "xGChain": 5.2, "xGBuildup": 2.59}, {"player_name": "Christian Gentner", "games": 22.0, "time": 1040.0, "goals": 0.0, "xG": 0.24, "assists": 0.0, "xA": 0.96, "shots": 7.0, "key_passes": 8.0, "yellow_cards": 0.0, "red_cards": 0.0, "position": "M S", "team_title": "Union Berlin", "npg": 0.0, "npxG": 0.24, "xGChain": 2.88, "xGBuildup": 2.41}, {"player_name": "Carlos Gruezo", "games": 28.0, "time": 2111.0, "goals": 0.0, "xG": 0.35, "assists": 0.0, "xA": 0.37, "shots": 16.0, "key_passes": 7.0, "yellow_cards": 4.0, "red_cards": 0.0, "position": "M S", "team_title": "Augsburg", "npg": 0.0, "npxG": 0.35, "xGChain": 4.4, "xGBuildup": 3.75}, {"player_name": "Oliver Baumann", "games": 31.0, "time": 2790.0, "goals": 0.0, "xG": 0.0, "assists": 0.0, "xA": 0.0, "shots": 0.0, "key_passes": 0.0, "yellow_cards": 1.0, "red_cards": 0.0, "position": "GK", "team_title": "Hoffenheim", "npg": 0.0, "npxG": 0.0, "xGChain": 4.13, "xGBuildup": 4.13}, {"player_name": "Pavel Kaderábek", "games": 20.0, "time": 1589.0, "goals": 0.0, "xG": 0.94, "assists": 3.0, "xA": 2.43, "shots": 10.0, "key_passes": 21.0, "yellow_cards": 3.0, "red_cards": 0.0, "position": "D M S", "team_title": "Hoffenheim", "npg": 0.0, "npxG": 0.94, "xGChain": 6.22, "xGBuildup": 3.87}, {"player_name": "Tobias Strobl", "games": 29.0, "time": 1860.0, "goals": 0.0, "xG": 0.72, "assists": 0.0, "xA": 0.77, "shots": 6.0, "key_passes": 14.0, "yellow_cards": 4.0, "red_cards": 0.0, "position": "F M S", "team_title": "Augsburg", "npg": 0.0, "npxG": 0.72, "xGChain": 3.42, "xGBuildup": 2.79}, {"player_name": "Waldemar Anton", "games": 31.0, "time": 2712.0, "goals": 0.0, "xG": 1.01, "assists": 1.0, "xA": 0.75, "shots": 12.0, "key_passes": 9.0, "yellow_cards": 3.0, "red_cards": 0.0, "position": "D S", "team_title": "VfB Stuttgart", "npg": 0.0, "npxG": 1.01, "xGChain": 7.87, "xGBuildup": 7.22}, {"player_name": "Timo Horn", "games": 34.0, "time": 3009.0, "goals": 0.0, "xG": 0.0, "assists": 0.0, "xA": 0.05, "shots": 0.0, "key_passes": 1.0, "yellow_cards": 0.0, "red_cards": 0.0, "position": "GK", "team_title": "FC Cologne", "npg": 0.0, "npxG": 0.0, "xGChain": 2.27, "xGBuildup": 2.22}, {"player_name": "Dominique Heintz", "games": 21.0, "time": 1360.0, "goals": 0.0, "xG": 0.09, "assists": 0.0, "xA": 0.32, "shots": 3.0, "key_passes": 3.0, "yellow_cards": 3.0, "red_cards": 0.0, "position": "D S", "team_title": "Freiburg", "npg": 0.0, "npxG": 0.09, "xGChain": 2.39, "xGBuildup": 2.34}, {"player_name": "Kevin Vogt", "games": 24.0, "time": 1838.0, "goals": 0.0, "xG": 0.01, "assists": 1.0, "xA": 0.32, "shots": 1.0, "key_passes": 4.0, "yellow_cards": 6.0, "red_cards": 0.0, "position": "D S", "team_title": "Hoffenheim", "npg": 0.0, "npxG": 0.01, "xGChain": 6.37, "xGBuildup": 6.06}, {"player_name": "Yuya Osako", "games": 24.0, "time": 742.0, "goals": 0.0, "xG": 0.45, "assists": 1.0, "xA": 1.23, "shots": 10.0, "key_passes": 10.0, "yellow_cards": 3.0, "red_cards": 0.0, "position": "F M S", "team_title": "Werder Bremen", "npg": 0.0, "npxG": 0.45, "xGChain": 2.43, "xGBuildup": 0.84}, {"player_name": "Josuha Guilavogui", "games": 20.0, "time": 723.0, "goals": 0.0, "xG": 0.61, "assists": 0.0, "xA": 0.67, "shots": 5.0, "key_passes": 5.0, "yellow_cards": 3.0, "red_cards": 0.0, "position": "D M S", "team_title": "Wolfsburg", "npg": 0.0, "npxG": 0.61, "xGChain": 2.83, "xGBuildup": 2.62}, {"player_name": "Koen Casteels", "games": 32.0, "time": 2880.0, "goals": 0.0, "xG": 0.0, "assists": 0.0, "xA": 0.0, "shots": 0.0, "key_passes": 0.0, "yellow_cards": 0.0, "red_cards": 0.0, "position": "GK", "team_title": "Wolfsburg", "npg": 0.0, "npxG": 0.0, "xGChain": 5.61, "xGBuildup": 5.61}, {"player_name": "Wendell", "games": 22.0, "time": 1450.0, "goals": 0.0, "xG": 0.56, "assists": 0.0, "xA": 0.09, "shots": 7.0, "key_passes": 1.0, "yellow_cards": 3.0, "red_cards": 0.0, "position": "D S", "team_title": "Bayer Leverkusen", "npg": 0.0, "npxG": 0.56, "xGChain": 4.02, "xGBuildup": 3.36}, {"player_name": "Karim Bellarabi", "games": 22.0, "time": 778.0, "goals": 0.0, "xG": 1.91, "assists": 0.0, "xA": 2.63, "shots": 28.0, "key_passes": 16.0, "yellow_cards": 2.0, "red_cards": 0.0, "position": "D M S", "team_title": "Bayer Leverkusen", "npg": 0.0, "npxG": 1.91, "xGChain": 5.76, "xGBuildup": 1.49}, {"player_name": "Christoph Kramer", "games": 28.0, "time": 2040.0, "goals": 0.0, "xG": 0.27, "assists": 2.0, "xA": 0.95, "shots": 10.0, "key_passes": 11.0, "yellow_cards": 5.0, "red_cards": 0.0, "position": "D M S", "team_title": "Borussia M.Gladbach", "npg": 0.0, "npxG": 0.27, "xGChain": 6.76, "xGBuildup": 6.0}, {"player_name": "Kevin Kampl", "games": 27.0, "time": 1954.0, "goals": 0.0, "xG": 1.22, "assists": 1.0, "xA": 1.67, "shots": 14.0, "key_passes": 15.0, "yellow_cards": 6.0, "red_cards": 0.0, "position": "M S", "team_title": "RasenBallsport Leipzig", "npg": 0.0, "npxG": 1.22, "xGChain": 12.2, "xGBuildup": 10.12}, {"player_name": "Admir Mehmedi", "games": 18.0, "time": 814.0, "goals": 0.0, "xG": 0.35, "assists": 2.0, "xA": 2.52, "shots": 7.0, "key_passes": 18.0, "yellow_cards": 1.0, "red_cards": 0.0, "position": "F M S", "team_title": "Wolfsburg", "npg": 0.0, "npxG": 0.35, "xGChain": 4.43, "xGBuildup": 2.53}, {"player_name": "Yann Sommer", "games": 31.0, "time": 2712.0, "goals": 0.0, "xG": 0.0, "assists": 0.0, "xA": 0.0, "shots": 0.0, "key_passes": 0.0, "yellow_cards": 1.0, "red_cards": 1.0, "position": "GK", "team_title": "Borussia M.Gladbach", "npg": 0.0, "npxG": 0.0, "xGChain": 2.19, "xGBuildup": 2.19}, {"player_name": "Manuel Neuer", "games": 33.0, "time": 2970.0, "goals": 0.0, "xG": 0.0, "assists": 0.0, "xA": 0.23, "shots": 0.0, "key_passes": 1.0, "yellow_cards": 1.0, "red_cards": 0.0, "position": "GK", "team_title": "Bayern Munich", "npg": 0.0, "npxG": 0.0, "xGChain": 9.04, "xGBuildup": 8.81}, {"player_name": "Javi Martínez", "games": 19.0, "time": 437.0, "goals": 0.0, "xG": 0.07, "assists": 0.0, "xA": 0.42, "shots": 2.0, "key_passes": 1.0, "yellow_cards": 0.0, "red_cards": 0.0, "position": "D M S", "team_title": "Bayern Munich", "npg": 0.0, "npxG": 0.07, "xGChain": 1.48, "xGBuildup": 1.48}, {"player_name": "Mathew Leckie", "games": 17.0, "time": 489.0, "goals": 0.0, "xG": 0.08, "assists": 1.0, "xA": 0.45, "shots": 2.0, "key_passes": 6.0, "yellow_cards": 0.0, "red_cards": 0.0, "position": "D M S", "team_title": "Hertha Berlin", "npg": 0.0, "npxG": 0.08, "xGChain": 1.1, "xGBuildup": 0.68}, {"player_name": "Danny da Costa", "games": 22.0, "time": 1321.0, "goals": 0.0, "xG": 0.24, "assists": 1.0, "xA": 2.36, "shots": 6.0, "key_passes": 13.0, "yellow_cards": 2.0, "red_cards": 0.0, "position": "D M S", "team_title": "Eintracht Frankfurt", "npg": 0.0, "npxG": 0.24, "xGChain": 4.11, "xGBuildup": 1.63}, {"player_name": "Steven Zuber", "games": 20.0, "time": 580.0, "goals": 0.0, "xG": 0.6, "assists": 3.0, "xA": 2.7, "shots": 10.0, "key_passes": 14.0, "yellow_cards": 1.0, "red_cards": 0.0, "position": "M S", "team_title": "Eintracht Frankfurt", "npg": 0.0, "npxG": 0.6, "xGChain": 4.91, "xGBuildup": 2.24}, {"player_name": "Marwin Hitz", "games": 16.0, "time": 1398.0, "goals": 0.0, "xG": 0.0, "assists": 0.0, "xA": 0.0, "shots": 0.0, "key_passes": 0.0, "yellow_cards": 1.0, "red_cards": 0.0, "position": "GK", "team_title": "Borussia Dortmund", "npg": 0.0, "npxG": 0.0, "xGChain": 3.64, "xGBuildup": 3.64}, {"player_name": "Lukas Hradecky", "games": 29.0, "time": 2566.0, "goals": 0.0, "xG": 0.0, "assists": 0.0, "xA": 0.01, "shots": 0.0, "key_passes": 1.0, "yellow_cards": 1.0, "red_cards": 0.0, "position": "GK", "team_title": "Bayer Leverkusen", "npg": 0.0, "npxG": 0.0, "xGChain": 5.17, "xGBuildup": 5.16}, {"player_name": "Makoto Hasebe", "games": 29.0, "time": 2297.0, "goals": 0.0, "xG": 0.1, "assists": 0.0, "xA": 0.23, "shots": 2.0, "key_passes": 6.0, "yellow_cards": 5.0, "red_cards": 0.0, "position": "D M S", "team_title": "Eintracht Frankfurt", "npg": 0.0, "npxG": 0.1, "xGChain": 9.71, "xGBuildup": 9.38}, {"player_name": "Bastian Oczipka", "games": 27.0, "time": 1916.0, "goals": 0.0, "xG": 0.23, "assists": 2.0, "xA": 1.74, "shots": 7.0, "key_passes": 24.0, "yellow_cards": 1.0, "red_cards": 0.0, "position": "D M S", "team_title": "Schalke 04", "npg": 0.0, "npxG": 0.23, "xGChain": 4.24, "xGBuildup": 3.4}, {"player_name": "Mijat Gacinovic", "games": 23.0, "time": 790.0, "goals": 0.0, "xG": 1.77, "assists": 2.0, "xA": 2.21, "shots": 13.0, "key_passes": 11.0, "yellow_cards": 5.0, "red_cards": 0.0, "position": "D F M S", "team_title": "Hoffenheim", "npg": 0.0, "npxG": 1.77, "xGChain": 5.8, "xGBuildup": 2.97}, {"player_name": "Roman Bürki", "games": 19.0, "time": 1662.0, "goals": 0.0, "xG": 0.0, "assists": 0.0, "xA": 0.0, "shots": 0.0, "key_passes": 0.0, "yellow_cards": 0.0, "red_cards": 0.0, "position": "GK S", "team_title": "Borussia Dortmund", "npg": 0.0, "npxG": 0.0, "xGChain": 2.82, "xGBuildup": 2.82}, {"player_name": "Sven Bender", "games": 18.0, "time": 1174.0, "goals": 0.0, "xG": 0.16, "assists": 0.0, "xA": 0.2, "shots": 4.0, "key_passes": 5.0, "yellow_cards": 1.0, "red_cards": 0.0, "position": "D S", "team_title": "Bayer Leverkusen", "npg": 0.0, "npxG": 0.16, "xGChain": 1.81, "xGBuildup": 1.79}, {"player_name": "Pascal Stenzel", "games": 23.0, "time": 1276.0, "goals": 0.0, "xG": 0.15, "assists": 1.0, "xA": 0.25, "shots": 5.0, "key_passes": 4.0, "yellow_cards": 1.0, "red_cards": 1.0, "position": "D S", "team_title": "VfB Stuttgart", "npg": 0.0, "npxG": 0.15, "xGChain": 5.43, "xGBuildup": 5.28}, {"player_name": "Ralf Fährmann", "games": 22.0, "time": 1878.0, "goals": 0.0, "xG": 0.13, "assists": 0.0, "xA": 0.05, "shots": 1.0, "key_passes": 2.0, "yellow_cards": 2.0, "red_cards": 0.0, "position": "GK", "team_title": "Schalke 04", "npg": 0.0, "npxG": 0.13, "xGChain": 1.98, "xGBuildup": 1.93}, {"player_name": "Niklas Stark", "games": 33.0, "time": 2793.0, "goals": 0.0, "xG": 0.95, "assists": 0.0, "xA": 0.86, "shots": 12.0, "key_passes": 7.0, "yellow_cards": 2.0, "red_cards": 0.0, "position": "D M S", "team_title": "Hertha Berlin", "npg": 0.0, "npxG": 0.95, "xGChain": 4.59, "xGBuildup": 4.16}, {"player_name": "Maximilian Mittelstädt", "games": 27.0, "time": 1818.0, "goals": 0.0, "xG": 0.41, "assists": 2.0, "xA": 2.18, "shots": 16.0, "key_passes": 23.0, "yellow_cards": 3.0, "red_cards": 0.0, "position": "D F M S", "team_title": "Hertha Berlin", "npg": 0.0, "npxG": 0.41, "xGChain": 4.72, "xGBuildup": 3.46}, {"player_name": "Patrick Herrmann", "games": 27.0, "time": 839.0, "goals": 0.0, "xG": 2.12, "assists": 3.0, "xA": 2.29, "shots": 19.0, "key_passes": 22.0, "yellow_cards": 3.0, "red_cards": 0.0, "position": "F M S", "team_title": "Borussia M.Gladbach", "npg": 0.0, "npxG": 2.12, "xGChain": 4.67, "xGBuildup": 1.29}, {"player_name": "Robin Zentner", "games": 31.0, "time": 2790.0, "goals": 0.0, "xG": 0.03, "assists": 0.0, "xA": 0.0, "shots": 1.0, "key_passes": 0.0, "yellow_cards": 2.0, "red_cards": 0.0, "position": "GK", "team_title": "Mainz 05", "npg": 0.0, "npxG": 0.03, "xGChain": 3.07, "xGBuildup": 3.05}, {"player_name": "Matija Nastasic", "games": 15.0, "time": 1223.0, "goals": 0.0, "xG": 0.34, "assists": 0.0, "xA": 0.05, "shots": 7.0, "key_passes": 1.0, "yellow_cards": 2.0, "red_cards": 0.0, "position": "D S", "team_title": "Schalke 04", "npg": 0.0, "npxG": 0.34, "xGChain": 1.45, "xGBuildup": 1.45}, {"player_name": "Charles Aránguiz", "games": 21.0, "time": 1678.0, "goals": 0.0, "xG": 0.4, "assists": 0.0, "xA": 0.91, "shots": 4.0, "key_passes": 16.0, "yellow_cards": 4.0, "red_cards": 0.0, "position": "M S", "team_title": "Bayer Leverkusen", "npg": 0.0, "npxG": 0.4, "xGChain": 6.79, "xGBuildup": 6.03}, {"player_name": "Reece Oxford", "games": 24.0, "time": 1344.0, "goals": 0.0, "xG": 1.0, "assists": 0.0, "xA": 0.02, "shots": 6.0, "key_passes": 1.0, "yellow_cards": 2.0, "red_cards": 0.0, "position": "D S", "team_title": "Augsburg", "npg": 0.0, "npxG": 1.0, "xGChain": 1.07, "xGBuildup": 1.07}, {"player_name": "Kevin Mbabu", "games": 22.0, "time": 1645.0, "goals": 0.0, "xG": 0.69, "assists": 1.0, "xA": 1.9, "shots": 11.0, "key_passes": 15.0, "yellow_cards": 7.0, "red_cards": 0.0, "position": "D S", "team_title": "Wolfsburg", "npg": 0.0, "npxG": 0.69, "xGChain": 5.75, "xGBuildup": 4.23}, {"player_name": "Mike van der Hoorn", "games": 22.0, "time": 1353.0, "goals": 0.0, "xG": 0.31, "assists": 0.0, "xA": 0.1, "shots": 5.0, "key_passes": 3.0, "yellow_cards": 3.0, "red_cards": 0.0, "position": "D S", "team_title": "Arminia Bielefeld", "npg": 0.0, "npxG": 0.31, "xGChain": 1.05, "xGBuildup": 1.05}, {"player_name": "Niklas Moisander", "games": 18.0, "time": 1211.0, "goals": 0.0, "xG": 0.0, "assists": 0.0, "xA": 0.04, "shots": 0.0, "key_passes": 2.0, "yellow_cards": 3.0, "red_cards": 0.0, "position": "D S", "team_title": "Werder Bremen", "npg": 0.0, "npxG": 0.0, "xGChain": 1.83, "xGBuildup": 1.82}, {"player_name": "Jorge Meré", "games": 16.0, "time": 1304.0, "goals": 0.0, "xG": 0.03, "assists": 0.0, "xA": 0.16, "shots": 2.0, "key_passes": 3.0, "yellow_cards": 2.0, "red_cards": 0.0, "position": "D S", "team_title": "FC Cologne", "npg": 0.0, "npxG": 0.03, "xGChain": 1.33, "xGBuildup": 1.27}, {"player_name": "Lucas Hernández", "games": 23.0, "time": 1594.0, "goals": 0.0, "xG": 0.79, "assists": 2.0, "xA": 1.54, "shots": 5.0, "key_passes": 13.0, "yellow_cards": 4.0, "red_cards": 0.0, "position": "D S", "team_title": "Bayern Munich", "npg": 0.0, "npxG": 0.79, "xGChain": 10.99, "xGBuildup": 10.0}, {"player_name": "Djibril Sow", "games": 28.0, "time": 2183.0, "goals": 0.0, "xG": 0.46, "assists": 2.0, "xA": 1.13, "shots": 11.0, "key_passes": 17.0, "yellow_cards": 6.0, "red_cards": 0.0, "position": "M S", "team_title": "Eintracht Frankfurt", "npg": 0.0, "npxG": 0.46, "xGChain": 8.69, "xGBuildup": 7.41}, {"player_name": "Jannes Horn", "games": 29.0, "time": 1767.0, "goals": 0.0, "xG": 0.17, "assists": 1.0, "xA": 1.55, "shots": 6.0, "key_passes": 12.0, "yellow_cards": 6.0, "red_cards": 0.0, "position": "D M S", "team_title": "FC Cologne", "npg": 0.0, "npxG": 0.17, "xGChain": 4.22, "xGBuildup": 3.53}, {"player_name": "Alessandro Schöpf", "games": 19.0, "time": 944.0, "goals": 0.0, "xG": 0.4, "assists": 0.0, "xA": 0.23, "shots": 10.0, "key_passes": 4.0, "yellow_cards": 0.0, "red_cards": 0.0, "position": "D M S", "team_title": "Schalke 04", "npg": 0.0, "npxG": 0.4, "xGChain": 1.58, "xGBuildup": 1.19}, {"player_name": "Marcel Hartel", "games": 22.0, "time": 1694.0, "goals": 0.0, "xG": 1.02, "assists": 0.0, "xA": 1.11, "shots": 21.0, "key_passes": 15.0, "yellow_cards": 1.0, "red_cards": 0.0, "position": "M S", "team_title": "Arminia Bielefeld", "npg": 0.0, "npxG": 1.02, "xGChain": 2.7, "xGBuildup": 1.06}, {"player_name": "Alfred Finnbogason", "games": 17.0, "time": 513.0, "goals": 0.0, "xG": 3.26, "assists": 1.0, "xA": 1.03, "shots": 13.0, "key_passes": 9.0, "yellow_cards": 0.0, "red_cards": 0.0, "position": "F S", "team_title": "Augsburg", "npg": 0.0, "npxG": 1.75, "xGChain": 3.93, "xGBuildup": 1.2}, {"player_name": "Milos Veljkovic", "games": 23.0, "time": 1723.0, "goals": 0.0, "xG": 0.64, "assists": 0.0, "xA": 0.03, "shots": 3.0, "key_passes": 1.0, "yellow_cards": 1.0, "red_cards": 0.0, "position": "D S", "team_title": "Werder Bremen", "npg": 0.0, "npxG": 0.64, "xGChain": 2.1, "xGBuildup": 2.0}, {"player_name": "Axel Witsel", "games": 15.0, "time": 1130.0, "goals": 0.0, "xG": 0.51, "assists": 0.0, "xA": 0.37, "shots": 12.0, "key_passes": 4.0, "yellow_cards": 4.0, "red_cards": 0.0, "position": "M S", "team_title": "Borussia Dortmund", "npg": 0.0, "npxG": 0.51, "xGChain": 6.03, "xGBuildup": 5.5}, {"player_name": "Kevin Trapp", "games": 33.0, "time": 2970.0, "goals": 0.0, "xG": 0.0, "assists": 0.0, "xA": 0.0, "shots": 0.0, "key_passes": 0.0, "yellow_cards": 0.0, "red_cards": 0.0, "position": "GK", "team_title": "Eintracht Frankfurt", "npg": 0.0, "npxG": 0.0, "xGChain": 3.41, "xGBuildup": 3.41}, {"player_name": "Benjamin Stambouli", "games": 24.0, "time": 1961.0, "goals": 0.0, "xG": 0.04, "assists": 2.0, "xA": 0.61, "shots": 2.0, "key_passes": 8.0, "yellow_cards": 5.0, "red_cards": 0.0, "position": "D M S", "team_title": "Schalke 04", "npg": 0.0, "npxG": 0.04, "xGChain": 3.32, "xGBuildup": 2.8}, {"player_name": "Jérôme Roussillon", "games": 20.0, "time": 1236.0, "goals": 0.0, "xG": 0.84, "assists": 2.0, "xA": 1.99, "shots": 10.0, "key_passes": 16.0, "yellow_cards": 0.0, "red_cards": 0.0, "position": "D S", "team_title": "Wolfsburg", "npg": 0.0, "npxG": 0.84, "xGChain": 5.68, "xGBuildup": 3.66}, {"player_name": "Benjamin Pavard", "games": 24.0, "time": 1945.0, "goals": 0.0, "xG": 0.25, "assists": 0.0, "xA": 1.48, "shots": 10.0, "key_passes": 13.0, "yellow_cards": 3.0, "red_cards": 0.0, "position": "D S", "team_title": "Bayern Munich", "npg": 0.0, "npxG": 0.25, "xGChain": 10.88, "xGBuildup": 9.45}, {"player_name": "Raphael Framberger", "games": 21.0, "time": 1549.0, "goals": 0.0, "xG": 0.02, "assists": 1.0, "xA": 2.43, "shots": 1.0, "key_passes": 11.0, "yellow_cards": 4.0, "red_cards": 1.0, "position": "D M S", "team_title": "Augsburg", "npg": 0.0, "npxG": 0.02, "xGChain": 5.06, "xGBuildup": 3.92}, {"player_name": "Péter Gulácsi", "games": 33.0, "time": 2970.0, "goals": 0.0, "xG": 0.0, "assists": 0.0, "xA": 0.0, "shots": 0.0, "key_passes": 0.0, "yellow_cards": 0.0, "red_cards": 0.0, "position": "GK", "team_title": "RasenBallsport Leipzig", "npg": 0.0, "npxG": 0.0, "xGChain": 5.14, "xGBuildup": 5.14}, {"player_name": "Andreas Luthe", "games": 31.0, "time": 2770.0, "goals": 0.0, "xG": 0.0, "assists": 0.0, "xA": 0.0, "shots": 0.0, "key_passes": 0.0, "yellow_cards": 1.0, "red_cards": 0.0, "position": "GK", "team_title": "Union Berlin", "npg": 0.0, "npxG": 0.0, "xGChain": 2.5, "xGBuildup": 2.5}, {"player_name": "Alexander Schwolow", "games": 26.0, "time": 2340.0, "goals": 0.0, "xG": 0.0, "assists": 0.0, "xA": 0.0, "shots": 0.0, "key_passes": 0.0, "yellow_cards": 0.0, "red_cards": 0.0, "position": "GK", "team_title": "Hertha Berlin", "npg": 0.0, "npxG": 0.0, "xGChain": 3.68, "xGBuildup": 3.68}, {"player_name": "Lukas Kübler", "games": 19.0, "time": 884.0, "goals": 0.0, "xG": 0.08, "assists": 1.0, "xA": 0.44, "shots": 2.0, "key_passes": 5.0, "yellow_cards": 2.0, "red_cards": 0.0, "position": "D S", "team_title": "Freiburg", "npg": 0.0, "npxG": 0.08, "xGChain": 1.83, "xGBuildup": 1.48}, {"player_name": "Gregor Kobel", "games": 33.0, "time": 2970.0, "goals": 0.0, "xG": 0.0, "assists": 0.0, "xA": 0.02, "shots": 0.0, "key_passes": 1.0, "yellow_cards": 0.0, "red_cards": 0.0, "position": "GK", "team_title": "VfB Stuttgart", "npg": 0.0, "npxG": 0.0, "xGChain": 3.35, "xGBuildup": 3.32}, {"player_name": "Rafal Gikiewicz", "games": 34.0, "time": 3060.0, "goals": 0.0, "xG": 0.0, "assists": 0.0, "xA": 0.0, "shots": 0.0, "key_passes": 0.0, "yellow_cards": 3.0, "red_cards": 0.0, "position": "GK", "team_title": "Augsburg", "npg": 0.0, "npxG": 0.0, "xGChain": 2.45, "xGBuildup": 2.45}, {"player_name": "Salih Özcan", "games": 28.0, "time": 1358.0, "goals": 0.0, "xG": 0.44, "assists": 1.0, "xA": 1.22, "shots": 11.0, "key_passes": 12.0, "yellow_cards": 3.0, "red_cards": 0.0, "position": "M S", "team_title": "FC Cologne", "npg": 0.0, "npxG": 0.44, "xGChain": 3.41, "xGBuildup": 2.02}, {"player_name": "Arne Maier", "games": 18.0, "time": 1081.0, "goals": 0.0, "xG": 0.56, "assists": 0.0, "xA": 1.24, "shots": 11.0, "key_passes": 12.0, "yellow_cards": 0.0, "red_cards": 0.0, "position": "M S", "team_title": "Arminia Bielefeld", "npg": 0.0, "npxG": 0.56, "xGChain": 2.45, "xGBuildup": 1.69}, {"player_name": "Florian Müller", "games": 31.0, "time": 2790.0, "goals": 0.0, "xG": 0.0, "assists": 0.0, "xA": 0.0, "shots": 0.0, "key_passes": 0.0, "yellow_cards": 0.0, "red_cards": 0.0, "position": "GK", "team_title": "Freiburg", "npg": 0.0, "npxG": 0.0, "xGChain": 4.33, "xGBuildup": 4.33}, {"player_name": "Stefan Posch", "games": 26.0, "time": 2128.0, "goals": 0.0, "xG": 0.68, "assists": 0.0, "xA": 0.73, "shots": 10.0, "key_passes": 14.0, "yellow_cards": 9.0, "red_cards": 1.0, "position": "D S", "team_title": "Hoffenheim", "npg": 0.0, "npxG": 0.68, "xGChain": 6.02, "xGBuildup": 5.63}, {"player_name": "Marco Friedl", "games": 32.0, "time": 2788.0, "goals": 0.0, "xG": 0.26, "assists": 0.0, "xA": 0.36, "shots": 8.0, "key_passes": 8.0, "yellow_cards": 6.0, "red_cards": 0.0, "position": "D S", "team_title": "Werder Bremen", "npg": 0.0, "npxG": 0.26, "xGChain": 4.59, "xGBuildup": 4.39}, {"player_name": "Jiri Pavlenka", "games": 34.0, "time": 3060.0, "goals": 0.0, "xG": 0.0, "assists": 0.0, "xA": 0.0, "shots": 0.0, "key_passes": 0.0, "yellow_cards": 2.0, "red_cards": 0.0, "position": "GK", "team_title": "Werder Bremen", "npg": 0.0, "npxG": 0.0, "xGChain": 2.36, "xGBuildup": 2.36}, {"player_name": "Ludwig Augustinsson", "games": 23.0, "time": 1964.0, "goals": 0.0, "xG": 0.88, "assists": 4.0, "xA": 3.12, "shots": 16.0, "key_passes": 40.0, "yellow_cards": 4.0, "red_cards": 0.0, "position": "D M S", "team_title": "Werder Bremen", "npg": 0.0, "npxG": 0.88, "xGChain": 4.17, "xGBuildup": 2.94}, {"player_name": "Konstantinos Mavropanos", "games": 21.0, "time": 1483.0, "goals": 0.0, "xG": 1.45, "assists": 0.0, "xA": 0.27, "shots": 16.0, "key_passes": 5.0, "yellow_cards": 5.0, "red_cards": 0.0, "position": "D S", "team_title": "VfB Stuttgart", "npg": 0.0, "npxG": 1.45, "xGChain": 3.63, "xGBuildup": 2.84}, {"player_name": "Borna Sosa", "games": 26.0, "time": 2057.0, "goals": 0.0, "xG": 0.57, "assists": 9.0, "xA": 6.85, "shots": 14.0, "key_passes": 57.0, "yellow_cards": 2.0, "red_cards": 0.0, "position": "D M S", "team_title": "VfB Stuttgart", "npg": 0.0, "npxG": 0.57, "xGChain": 9.37, "xGBuildup": 4.8}, {"player_name": "Keven Schlotterbeck", "games": 24.0, "time": 1651.0, "goals": 0.0, "xG": 0.76, "assists": 0.0, "xA": 0.09, "shots": 7.0, "key_passes": 1.0, "yellow_cards": 3.0, "red_cards": 0.0, "position": "D M S", "team_title": "Freiburg", "npg": 0.0, "npxG": 0.76, "xGChain": 3.39, "xGBuildup": 3.27}, {"player_name": "Jean-Manuel Mbom", "games": 21.0, "time": 1168.0, "goals": 0.0, "xG": 0.38, "assists": 1.0, "xA": 0.42, "shots": 7.0, "key_passes": 8.0, "yellow_cards": 7.0, "red_cards": 0.0, "position": "D M S", "team_title": "Werder Bremen", "npg": 0.0, "npxG": 0.38, "xGChain": 1.52, "xGBuildup": 0.77}, {"player_name": "Tuta", "games": 19.0, "time": 1458.0, "goals": 0.0, "xG": 0.16, "assists": 0.0, "xA": 0.21, "shots": 4.0, "key_passes": 4.0, "yellow_cards": 5.0, "red_cards": 0.0, "position": "D S", "team_title": "Eintracht Frankfurt", "npg": 0.0, "npxG": 0.16, "xGChain": 4.02, "xGBuildup": 3.97}, {"player_name": "Kingsley Ehizibue", "games": 21.0, "time": 1139.0, "goals": 0.0, "xG": 0.57, "assists": 1.0, "xA": 0.57, "shots": 9.0, "key_passes": 6.0, "yellow_cards": 5.0, "red_cards": 0.0, "position": "D M S", "team_title": "FC Cologne", "npg": 0.0, "npxG": 0.57, "xGChain": 2.44, "xGBuildup": 1.4}, {"player_name": "Mads Pedersen", "games": 15.0, "time": 876.0, "goals": 0.0, "xG": 0.01, "assists": 0.0, "xA": 1.26, "shots": 1.0, "key_passes": 12.0, "yellow_cards": 1.0, "red_cards": 0.0, "position": "D S", "team_title": "Augsburg", "npg": 0.0, "npxG": 0.01, "xGChain": 0.98, "xGBuildup": 0.82}, {"player_name": "Jeremiah St. Juste", "games": 32.0, "time": 2880.0, "goals": 0.0, "xG": 1.66, "assists": 1.0, "xA": 0.26, "shots": 22.0, "key_passes": 6.0, "yellow_cards": 4.0, "red_cards": 0.0, "position": "D", "team_title": "Mainz 05", "npg": 0.0, "npxG": 1.66, "xGChain": 7.27, "xGBuildup": 7.08}, {"player_name": "Christian Groß", "games": 23.0, "time": 1477.0, "goals": 0.0, "xG": 0.22, "assists": 1.0, "xA": 0.6, "shots": 7.0, "key_passes": 6.0, "yellow_cards": 6.0, "red_cards": 1.0, "position": "D M S", "team_title": "Werder Bremen", "npg": 0.0, "npxG": 0.22, "xGChain": 3.31, "xGBuildup": 2.99}, {"player_name": "Diadie Samassékou", "games": 31.0, "time": 2597.0, "goals": 0.0, "xG": 0.51, "assists": 2.0, "xA": 1.71, "shots": 16.0, "key_passes": 10.0, "yellow_cards": 3.0, "red_cards": 0.0, "position": "M", "team_title": "Hoffenheim", "npg": 0.0, "npxG": 0.51, "xGChain": 11.43, "xGBuildup": 9.87}, {"player_name": "Christopher Lenz", "games": 27.0, "time": 2269.0, "goals": 0.0, "xG": 1.0, "assists": 3.0, "xA": 2.42, "shots": 16.0, "key_passes": 19.0, "yellow_cards": 3.0, "red_cards": 0.0, "position": "D M", "team_title": "Union Berlin", "npg": 0.0, "npxG": 1.0, "xGChain": 8.99, "xGBuildup": 6.29}, {"player_name": "Daley Sinkgraven", "games": 22.0, "time": 1577.0, "goals": 0.0, "xG": 0.31, "assists": 0.0, "xA": 0.51, "shots": 6.0, "key_passes": 13.0, "yellow_cards": 4.0, "red_cards": 0.0, "position": "D M S", "team_title": "Bayer Leverkusen", "npg": 0.0, "npxG": 0.31, "xGChain": 4.85, "xGBuildup": 4.34}, {"player_name": "Julian Ryerson", "games": 24.0, "time": 1060.0, "goals": 0.0, "xG": 0.25, "assists": 1.0, "xA": 0.96, "shots": 6.0, "key_passes": 8.0, "yellow_cards": 2.0, "red_cards": 0.0, "position": "D M S", "team_title": "Union Berlin", "npg": 0.0, "npxG": 0.25, "xGChain": 4.17, "xGBuildup": 3.63}, {"player_name": "Noah Katterbach", "games": 21.0, "time": 1107.0, "goals": 0.0, "xG": 0.21, "assists": 0.0, "xA": 0.92, "shots": 9.0, "key_passes": 11.0, "yellow_cards": 1.0, "red_cards": 0.0, "position": "D M S", "team_title": "FC Cologne", "npg": 0.0, "npxG": 0.21, "xGChain": 3.58, "xGBuildup": 2.77}, {"player_name": "Timo Becker", "games": 20.0, "time": 1641.0, "goals": 0.0, "xG": 0.15, "assists": 0.0, "xA": 0.39, "shots": 5.0, "key_passes": 3.0, "yellow_cards": 1.0, "red_cards": 0.0, "position": "D M S", "team_title": "Schalke 04", "npg": 0.0, "npxG": 0.15, "xGChain": 1.31, "xGBuildup": 1.22}, {"player_name": "Paulo Otávio", "games": 23.0, "time": 1734.0, "goals": 0.0, "xG": 0.46, "assists": 2.0, "xA": 1.37, "shots": 14.0, "key_passes": 13.0, "yellow_cards": 7.0, "red_cards": 1.0, "position": "D S", "team_title": "Wolfsburg", "npg": 0.0, "npxG": 0.46, "xGChain": 5.09, "xGBuildup": 3.38}, {"player_name": "Stefan Ortega Moreno", "games": 34.0, "time": 3060.0, "goals": 0.0, "xG": 0.0, "assists": 1.0, "xA": 0.26, "shots": 0.0, "key_passes": 5.0, "yellow_cards": 1.0, "red_cards": 0.0, "position": "GK", "team_title": "Arminia Bielefeld", "npg": 0.0, "npxG": 0.0, "xGChain": 3.45, "xGBuildup": 3.22}, {"player_name": "Nathan de Medina", "games": 16.0, "time": 625.0, "goals": 0.0, "xG": 0.0, "assists": 1.0, "xA": 0.46, "shots": 0.0, "key_passes": 3.0, "yellow_cards": 5.0, "red_cards": 1.0, "position": "D S", "team_title": "Arminia Bielefeld", "npg": 0.0, "npxG": 0.0, "xGChain": 1.56, "xGBuildup": 1.16}, {"player_name": "Anderson-Lenda Lucoqui", "games": 21.0, "time": 1605.0, "goals": 0.0, "xG": 0.14, "assists": 0.0, "xA": 0.19, "shots": 8.0, "key_passes": 6.0, "yellow_cards": 5.0, "red_cards": 0.0, "position": "D S", "team_title": "Arminia Bielefeld", "npg": 0.0, "npxG": 0.14, "xGChain": 1.58, "xGBuildup": 1.43}, {"player_name": "Fabian Kunze", "games": 26.0, "time": 1242.0, "goals": 0.0, "xG": 0.42, "assists": 0.0, "xA": 0.29, "shots": 7.0, "key_passes": 5.0, "yellow_cards": 6.0, "red_cards": 0.0, "position": "M S", "team_title": "Arminia Bielefeld", "npg": 0.0, "npxG": 0.42, "xGChain": 2.98, "xGBuildup": 2.41}, {"player_name": "Cédric Brunner", "games": 31.0, "time": 2676.0, "goals": 0.0, "xG": 0.27, "assists": 1.0, "xA": 1.19, "shots": 6.0, "key_passes": 16.0, "yellow_cards": 6.0, "red_cards": 0.0, "position": "D S", "team_title": "Arminia Bielefeld", "npg": 0.0, "npxG": 0.27, "xGChain": 3.68, "xGBuildup": 2.68}, {"player_name": "Jacob Laursen", "games": 16.0, "time": 1110.0, "goals": 0.0, "xG": 0.04, "assists": 1.0, "xA": 1.04, "shots": 2.0, "key_passes": 4.0, "yellow_cards": 1.0, "red_cards": 0.0, "position": "D S", "team_title": "Arminia Bielefeld", "npg": 0.0, "npxG": 0.04, "xGChain": 2.34, "xGBuildup": 2.23}, {"player_name": "Joakim Nilsson", "games": 25.0, "time": 2162.0, "goals": 0.0, "xG": 0.94, "assists": 0.0, "xA": 0.15, "shots": 5.0, "key_passes": 2.0, "yellow_cards": 1.0, "red_cards": 0.0, "position": "D S", "team_title": "Arminia Bielefeld", "npg": 0.0, "npxG": 0.94, "xGChain": 2.29, "xGBuildup": 1.98}, {"player_name": "Sebastian Griesbeck", "games": 24.0, "time": 864.0, "goals": 0.0, "xG": 0.41, "assists": 0.0, "xA": 0.0, "shots": 4.0, "key_passes": 0.0, "yellow_cards": 3.0, "red_cards": 0.0, "position": "M S", "team_title": "Union Berlin", "npg": 0.0, "npxG": 0.41, "xGChain": 1.09, "xGBuildup": 0.68}, {"player_name": "Roberto Massimo", "games": 18.0, "time": 741.0, "goals": 0.0, "xG": 1.16, "assists": 0.0, "xA": 1.13, "shots": 15.0, "key_passes": 8.0, "yellow_cards": 2.0, "red_cards": 0.0, "position": "D S", "team_title": "VfB Stuttgart", "npg": 0.0, "npxG": 1.16, "xGChain": 3.16, "xGBuildup": 0.92}, {"player_name": "Hee-Chan Hwang", "games": 18.0, "time": 434.0, "goals": 0.0, "xG": 2.03, "assists": 1.0, "xA": 0.6, "shots": 10.0, "key_passes": 3.0, "yellow_cards": 2.0, "red_cards": 0.0, "position": "F M S", "team_title": "RasenBallsport Leipzig", "npg": 0.0, "npxG": 2.03, "xGChain": 2.68, "xGBuildup": 0.51}, {"player_name": "Atakan Karazor", "games": 19.0, "time": 1018.0, "goals": 0.0, "xG": 0.11, "assists": 0.0, "xA": 0.11, "shots": 3.0, "key_passes": 2.0, "yellow_cards": 3.0, "red_cards": 0.0, "position": "D M S", "team_title": "VfB Stuttgart", "npg": 0.0, "npxG": 0.11, "xGChain": 1.95, "xGBuildup": 1.83}, {"player_name": "Omar Alderete", "games": 17.0, "time": 1295.0, "goals": 0.0, "xG": 0.2, "assists": 0.0, "xA": 0.08, "shots": 6.0, "key_passes": 3.0, "yellow_cards": 2.0, "red_cards": 0.0, "position": "D S", "team_title": "Hertha Berlin", "npg": 0.0, "npxG": 0.2, "xGChain": 2.29, "xGBuildup": 2.22}, {"player_name": "Romano Schmid", "games": 22.0, "time": 1182.0, "goals": 0.0, "xG": 0.63, "assists": 3.0, "xA": 1.53, "shots": 18.0, "key_passes": 16.0, "yellow_cards": 2.0, "red_cards": 0.0, "position": "F M S", "team_title": "Werder Bremen", "npg": 0.0, "npxG": 0.63, "xGChain": 3.91, "xGBuildup": 2.42}]