[{"player_name": "Robert Lewandowski", "games": 33.0, "time": 2959.0, "goals": 22.0, "xG": 33.14, "assists": 7.0, "xA": 9.61, "shots": 144.0, "key_passes": 47.0, "yellow_cards": 2.0, "red_cards": 0.0, "position": "F", "team_title": "Bayern Munich", "npg": 19.0, "npxG": 30.11, "xGChain": 41.92, "xGBuildup": 8.94}, {"player_name": "Paco Alcácer", "games": 26.0, "time": 1181.0, "goals": 18.0, "xG": 10.24, "assists": 0.0, "xA": 1.61, "shots": 52.0, "key_passes": 15.0, "yellow_cards": 0.0, "red_cards": 0.0, "position": "F S", "team_title": "Borussia Dortmund", "npg": 17.0, "npxG": 9.49, "xGChain": 12.35, "xGBuildup": 4.1}, {"player_name": "Marco Reus", "games": 27.0, "time": 2335.0, "goals": 17.0, "xG": 16.64, "assists": 8.0, "xA": 6.94, "shots": 69.0, "key_passes": 38.0, "yellow_cards": 3.0, "red_cards": 1.0, "position": "F M", "team_title": "Borussia Dortmund", "npg": 14.0, "npxG": 14.37, "xGChain": 25.32, "xGBuildup": 9.21}, {"player_name": "Andrej Kramaric", "games": 30.0, "time": 2418.0, "goals": 17.0, "xG": 21.58, "assists": 4.0, "xA": 5.92, "shots": 111.0, "key_passes": 51.0, "yellow_cards": 2.0, "red_cards": 0.0, "position": "F M S", "team_title": "Hoffenheim", "npg": 12.0, "npxG": 17.03, "xGChain": 30.96, "xGBuildup": 12.9}, {"player_name": "Kai Havertz", "games": 34.0, "time": 2906.0, "goals": 17.0, "xG": 11.99, "assists": 3.0, "xA": 2.95, "shots": 86.0, "key_passes": 35.0, "yellow_cards": 2.0, "red_cards": 0.0, "position": "F M S", "team_title": "Bayer Leverkusen", "npg": 14.0, "npxG": 9.72, "xGChain": 22.98, "xGBuildup": 12.92}, {"player_name": "Luka Jovic", "games": 32.0, "time": 2256.0, "goals": 17.0, "xG": 16.37, "assists": 5.0, "xA": 3.95, "shots": 96.0, "key_passes": 26.0, "yellow_cards": 1.0, "red_cards": 0.0, "position": "F M S", "team_title": "Eintracht Frankfurt", "npg": 16.0, "npxG": 15.62, "xGChain": 19.63, "xGBuildup": 4.36}, {"player_name": "Wout Weghorst", "games": 34.0, "time": 2933.0, "goals": 17.0, "xG": 15.74, "assists": 7.0, "xA": 4.73, "shots": 74.0, "key_passes": 37.0, "yellow_cards": 4.0, "red_cards": 0.0, "position": "F S", "team_title": "Wolfsburg", "npg": 13.0, "npxG": 12.71, "xGChain": 18.03, "xGBuildup": 3.54}, {"player_name": "Timo Werner", "games": 30.0, "time": 2537.0, "goals": 16.0, "xG": 17.38, "assists": 7.0, "xA": 5.61, "shots": 107.0, "key_passes": 36.0, "yellow_cards": 1.0, "red_cards": 0.0, "position": "F M S", "team_title": "RasenBallsport Leipzig", "npg": 16.0, "npxG": 16.63, "xGChain": 24.07, "xGBuildup": 3.91}, {"player_name": "Ishak Belfodil", "games": 28.0, "time": 1867.0, "goals": 16.0, "xG": 12.27, "assists": 3.0, "xA": 5.1, "shots": 89.0, "key_passes": 30.0, "yellow_cards": 3.0, "red_cards": 0.0, "position": "F M S", "team_title": "Hoffenheim", "npg": 16.0, "npxG": 12.27, "xGChain": 18.45, "xGBuildup": 3.81}, {"player_name": "Yussuf Poulsen", "games": 31.0, "time": 2450.0, "goals": 15.0, "xG": 12.09, "assists": 3.0, "xA": 4.42, "shots": 65.0, "key_passes": 32.0, "yellow_cards": 2.0, "red_cards": 0.0, "position": "F S", "team_title": "RasenBallsport Leipzig", "npg": 15.0, "npxG": 12.09, "xGChain": 19.94, "xGBuildup": 6.06}, {"player_name": "Sébastien Haller", "games": 29.0, "time": 2176.0, "goals": 15.0, "xG": 13.69, "assists": 9.0, "xA": 7.37, "shots": 54.0, "key_passes": 38.0, "yellow_cards": 3.0, "red_cards": 0.0, "position": "F S", "team_title": "Eintracht Frankfurt", "npg": 12.0, "npxG": 11.42, "xGChain": 18.39, "xGBuildup": 5.62}, {"player_name": "Kevin Volland", "games": 34.0, "time": 2829.0, "goals": 14.0, "xG": 15.16, "assists": 9.0, "xA": 8.73, "shots": 87.0, "key_passes": 43.0, "yellow_cards": 4.0, "red_cards": 0.0, "position": "D F M S", "team_title": "Bayer Leverkusen", "npg": 14.0, "npxG": 15.16, "xGChain": 24.61, "xGBuildup": 5.74}, {"player_name": "Jean-Philippe Mateta", "games": 34.0, "time": 2505.0, "goals": 14.0, "xG": 13.44, "assists": 2.0, "xA": 2.88, "shots": 96.0, "key_passes": 30.0, "yellow_cards": 2.0, "red_cards": 0.0, "position": "F S", "team_title": "Mainz 05", "npg": 14.0, "npxG": 13.44, "xGChain": 17.88, "xGBuildup": 2.67}, {"player_name": "Alassane Pléa", "games": 34.0, "time": 2513.0, "goals": 12.0, "xG": 11.38, "assists": 4.0, "xA": 3.42, "shots": 83.0, "key_passes": 34.0, "yellow_cards": 2.0, "red_cards": 0.0, "position": "F M S", "team_title": "Borussia M.Gladbach", "npg": 12.0, "npxG": 11.38, "xGChain": 15.47, "xGBuildup": 5.2}, {"player_name": "Jadon Sancho", "games": 34.0, "time": 2463.0, "goals": 12.0, "xG": 7.42, "assists": 14.0, "xA": 8.31, "shots": 40.0, "key_passes": 63.0, "yellow_cards": 2.0, "red_cards": 0.0, "position": "M S", "team_title": "Borussia Dortmund", "npg": 12.0, "npxG": 7.42, "xGChain": 28.07, "xGBuildup": 16.32}, {"player_name": "Max Kruse", "games": 32.0, "time": 2840.0, "goals": 11.0, "xG": 10.85, "assists": 9.0, "xA": 5.91, "shots": 91.0, "key_passes": 78.0, "yellow_cards": 0.0, "red_cards": 0.0, "position": "F M", "team_title": "Werder Bremen", "npg": 8.0, "npxG": 8.57, "xGChain": 19.77, "xGBuildup": 9.38}, {"player_name": "Ondrej Duda", "games": 32.0, "time": 2590.0, "goals": 11.0, "xG": 6.75, "assists": 5.0, "xA": 5.99, "shots": 54.0, "key_passes": 41.0, "yellow_cards": 7.0, "red_cards": 0.0, "position": "M S", "team_title": "Hertha Berlin", "npg": 11.0, "npxG": 6.75, "xGChain": 17.58, "xGBuildup": 8.36}, {"player_name": "Vedad Ibisevic", "games": 28.0, "time": 1838.0, "goals": 10.0, "xG": 11.8, "assists": 2.0, "xA": 1.2, "shots": 53.0, "key_passes": 16.0, "yellow_cards": 4.0, "red_cards": 1.0, "position": "F M S", "team_title": "Hertha Berlin", "npg": 9.0, "npxG": 11.04, "xGChain": 15.36, "xGBuildup": 3.75}, {"player_name": "Thorgan Hazard", "games": 33.0, "time": 2885.0, "goals": 10.0, "xG": 9.72, "assists": 10.0, "xA": 9.78, "shots": 75.0, "key_passes": 73.0, "yellow_cards": 1.0, "red_cards": 0.0, "position": "F M", "team_title": "Borussia M.Gladbach", "npg": 7.0, "npxG": 5.93, "xGChain": 17.89, "xGBuildup": 8.82}, {"player_name": "Serge Gnabry", "games": 30.0, "time": 1782.0, "goals": 10.0, "xG": 9.34, "assists": 5.0, "xA": 7.48, "shots": 63.0, "key_passes": 27.0, "yellow_cards": 0.0, "red_cards": 0.0, "position": "F M S", "team_title": "Bayern Munich", "npg": 10.0, "npxG": 9.34, "xGChain": 23.93, "xGBuildup": 9.2}, {"player_name": "Alfred Finnbogason", "games": 18.0, "time": 1372.0, "goals": 10.0, "xG": 11.46, "assists": 1.0, "xA": 2.43, "shots": 40.0, "key_passes": 20.0, "yellow_cards": 2.0, "red_cards": 0.0, "position": "F S", "team_title": "Augsburg", "npg": 6.0, "npxG": 8.43, "xGChain": 10.55, "xGBuildup": 1.5}, {"player_name": "Nils Petersen", "games": 24.0, "time": 1925.0, "goals": 10.0, "xG": 7.42, "assists": 3.0, "xA": 1.51, "shots": 49.0, "key_passes": 21.0, "yellow_cards": 0.0, "red_cards": 0.0, "position": "F S", "team_title": "Freiburg", "npg": 9.0, "npxG": 5.91, "xGChain": 8.72, "xGBuildup": 3.15}, {"player_name": "Dodi Lukebakio", "games": 31.0, "time": 1989.0, "goals": 10.0, "xG": 11.85, "assists": 3.0, "xA": 2.21, "shots": 56.0, "key_passes": 20.0, "yellow_cards": 6.0, "red_cards": 0.0, "position": "F M S", "team_title": "Fortuna Duesseldorf", "npg": 6.0, "npxG": 7.3, "xGChain": 12.22, "xGBuildup": 2.99}, {"player_name": "Benito Raman", "games": 30.0, "time": 1677.0, "goals": 10.0, "xG": 7.75, "assists": 4.0, "xA": 3.13, "shots": 55.0, "key_passes": 21.0, "yellow_cards": 1.0, "red_cards": 0.0, "position": "F M S", "team_title": "Fortuna Duesseldorf", "npg": 10.0, "npxG": 7.75, "xGChain": 11.82, "xGBuildup": 2.01}, {"player_name": "Gian-Luca Waldschmidt", "games": 30.0, "time": 1705.0, "goals": 9.0, "xG": 7.43, "assists": 1.0, "xA": 2.4, "shots": 64.0, "key_passes": 23.0, "yellow_cards": 1.0, "red_cards": 0.0, "position": "F M S", "team_title": "Freiburg", "npg": 6.0, "npxG": 5.16, "xGChain": 9.61, "xGBuildup": 4.25}, {"player_name": "Ante Rebic", "games": 28.0, "time": 1995.0, "goals": 9.0, "xG": 10.51, "assists": 4.0, "xA": 5.56, "shots": 61.0, "key_passes": 34.0, "yellow_cards": 3.0, "red_cards": 1.0, "position": "F M S", "team_title": "Eintracht Frankfurt", "npg": 9.0, "npxG": 10.51, "xGChain": 16.08, "xGBuildup": 2.84}, {"player_name": "Lucas Alario", "games": 27.0, "time": 1240.0, "goals": 9.0, "xG": 6.61, "assists": 3.0, "xA": 1.65, "shots": 42.0, "key_passes": 15.0, "yellow_cards": 1.0, "red_cards": 0.0, "position": "F S", "team_title": "Bayer Leverkusen", "npg": 9.0, "npxG": 6.61, "xGChain": 10.0, "xGBuildup": 2.35}, {"player_name": "Milot Rashica", "games": 26.0, "time": 1571.0, "goals": 9.0, "xG": 6.4, "assists": 5.0, "xA": 4.25, "shots": 59.0, "key_passes": 30.0, "yellow_cards": 1.0, "red_cards": 0.0, "position": "F M S", "team_title": "Werder Bremen", "npg": 8.0, "npxG": 5.64, "xGChain": 10.06, "xGBuildup": 2.07}, {"player_name": "Salomon Kalou", "games": 30.0, "time": 2329.0, "goals": 8.0, "xG": 10.37, "assists": 2.0, "xA": 4.99, "shots": 47.0, "key_passes": 29.0, "yellow_cards": 0.0, "red_cards": 0.0, "position": "F M S", "team_title": "Hertha Berlin", "npg": 5.0, "npxG": 8.1, "xGChain": 15.16, "xGBuildup": 3.44}, {"player_name": "Leon Goretzka", "games": 30.0, "time": 2008.0, "goals": 8.0, "xG": 7.11, "assists": 4.0, "xA": 3.49, "shots": 55.0, "key_passes": 19.0, "yellow_cards": 3.0, "red_cards": 0.0, "position": "D M S", "team_title": "Bayern Munich", "npg": 8.0, "npxG": 7.11, "xGChain": 20.79, "xGBuildup": 13.48}, {"player_name": "Joelinton", "games": 28.0, "time": 2149.0, "goals": 7.0, "xG": 8.93, "assists": 5.0, "xA": 5.15, "shots": 56.0, "key_passes": 42.0, "yellow_cards": 5.0, "red_cards": 0.0, "position": "F M S", "team_title": "Hoffenheim", "npg": 7.0, "npxG": 8.93, "xGChain": 17.74, "xGBuildup": 6.66}, {"player_name": "Daniel Caligiuri", "games": 31.0, "time": 2767.0, "goals": 7.0, "xG": 6.15, "assists": 3.0, "xA": 5.25, "shots": 50.0, "key_passes": 60.0, "yellow_cards": 9.0, "red_cards": 0.0, "position": "D M", "team_title": "Schalke 04", "npg": 3.0, "npxG": 1.61, "xGChain": 9.21, "xGBuildup": 6.13}, {"player_name": "Julian Brandt", "games": 33.0, "time": 2684.0, "goals": 7.0, "xG": 8.25, "assists": 11.0, "xA": 9.46, "shots": 65.0, "key_passes": 86.0, "yellow_cards": 0.0, "red_cards": 0.0, "position": "D F M S", "team_title": "Bayer Leverkusen", "npg": 7.0, "npxG": 8.25, "xGChain": 26.18, "xGBuildup": 12.94}, {"player_name": "Mario Götze", "games": 26.0, "time": 1694.0, "goals": 7.0, "xG": 4.84, "assists": 7.0, "xA": 6.64, "shots": 28.0, "key_passes": 41.0, "yellow_cards": 0.0, "red_cards": 0.0, "position": "F M S", "team_title": "Borussia Dortmund", "npg": 7.0, "npxG": 4.84, "xGChain": 17.36, "xGBuildup": 7.58}, {"player_name": "Robin Quaison", "games": 28.0, "time": 2211.0, "goals": 7.0, "xG": 8.18, "assists": 3.0, "xA": 1.89, "shots": 50.0, "key_passes": 22.0, "yellow_cards": 1.0, "red_cards": 0.0, "position": "F M S", "team_title": "Mainz 05", "npg": 7.0, "npxG": 8.18, "xGChain": 10.86, "xGBuildup": 3.65}, {"player_name": "James Rodríguez", "games": 20.0, "time": 1149.0, "goals": 7.0, "xG": 5.53, "assists": 3.0, "xA": 5.46, "shots": 36.0, "key_passes": 50.0, "yellow_cards": 2.0, "red_cards": 0.0, "position": "M S", "team_title": "Bayern Munich", "npg": 7.0, "npxG": 5.53, "xGChain": 16.03, "xGBuildup": 8.33}, {"player_name": "Karim Onisiwo", "games": 26.0, "time": 1136.0, "goals": 7.0, "xG": 4.85, "assists": 3.0, "xA": 3.42, "shots": 39.0, "key_passes": 21.0, "yellow_cards": 2.0, "red_cards": 0.0, "position": "F M S", "team_title": "Mainz 05", "npg": 7.0, "npxG": 4.85, "xGChain": 9.38, "xGBuildup": 2.4}, {"player_name": "Mario Gomez", "games": 31.0, "time": 2215.0, "goals": 7.0, "xG": 9.68, "assists": 2.0, "xA": 2.46, "shots": 52.0, "key_passes": 25.0, "yellow_cards": 3.0, "red_cards": 1.0, "position": "F S", "team_title": "VfB Stuttgart", "npg": 7.0, "npxG": 9.68, "xGChain": 12.89, "xGBuildup": 1.53}, {"player_name": "Vincenzo Grifo", "games": 23.0, "time": 1768.0, "goals": 7.0, "xG": 5.08, "assists": 5.0, "xA": 3.44, "shots": 57.0, "key_passes": 45.0, "yellow_cards": 1.0, "red_cards": 0.0, "position": "F M S", "team_title": "Freiburg", "npg": 5.0, "npxG": 3.56, "xGChain": 9.97, "xGBuildup": 6.05}, {"player_name": "Reiss Nelson", "games": 23.0, "time": 611.0, "goals": 7.0, "xG": 3.22, "assists": 0.0, "xA": 0.83, "shots": 21.0, "key_passes": 16.0, "yellow_cards": 0.0, "red_cards": 0.0, "position": "F M S", "team_title": "Hoffenheim", "npg": 7.0, "npxG": 3.22, "xGChain": 6.42, "xGBuildup": 2.48}, {"player_name": "Rouwen Hennings", "games": 29.0, "time": 1830.0, "goals": 7.0, "xG": 8.42, "assists": 4.0, "xA": 3.34, "shots": 59.0, "key_passes": 28.0, "yellow_cards": 3.0, "red_cards": 0.0, "position": "F S", "team_title": "Fortuna Duesseldorf", "npg": 6.0, "npxG": 7.66, "xGChain": 11.17, "xGBuildup": 1.6}, {"player_name": "Filip Kostic", "games": 34.0, "time": 2965.0, "goals": 6.0, "xG": 4.31, "assists": 10.0, "xA": 10.46, "shots": 61.0, "key_passes": 46.0, "yellow_cards": 4.0, "red_cards": 0.0, "position": "D F M S", "team_title": "Eintracht Frankfurt", "npg": 6.0, "npxG": 4.31, "xGChain": 16.12, "xGBuildup": 5.37}, {"player_name": "Michael Gregoritsch", "games": 32.0, "time": 2499.0, "goals": 6.0, "xG": 10.7, "assists": 2.0, "xA": 2.45, "shots": 85.0, "key_passes": 28.0, "yellow_cards": 4.0, "red_cards": 0.0, "position": "F M S", "team_title": "Augsburg", "npg": 5.0, "npxG": 9.94, "xGChain": 14.63, "xGBuildup": 5.33}, {"player_name": "Admir Mehmedi", "games": 26.0, "time": 1708.0, "goals": 6.0, "xG": 4.0, "assists": 5.0, "xA": 4.06, "shots": 36.0, "key_passes": 34.0, "yellow_cards": 1.0, "red_cards": 0.0, "position": "F M S", "team_title": "Wolfsburg", "npg": 6.0, "npxG": 4.0, "xGChain": 10.25, "xGBuildup": 5.43}, {"player_name": "Thomas Müller", "games": 32.0, "time": 2403.0, "goals": 6.0, "xG": 10.93, "assists": 9.0, "xA": 10.7, "shots": 64.0, "key_passes": 60.0, "yellow_cards": 1.0, "red_cards": 0.0, "position": "F M S", "team_title": "Bayern Munich", "npg": 6.0, "npxG": 10.93, "xGChain": 26.97, "xGBuildup": 14.56}, {"player_name": "Kingsley Coman", "games": 21.0, "time": 1404.0, "goals": 6.0, "xG": 4.46, "assists": 4.0, "xA": 4.45, "shots": 31.0, "key_passes": 28.0, "yellow_cards": 2.0, "red_cards": 0.0, "position": "F M S", "team_title": "Bayern Munich", "npg": 6.0, "npxG": 4.46, "xGChain": 13.87, "xGBuildup": 6.54}, {"player_name": "Franck Ribéry", "games": 25.0, "time": 1156.0, "goals": 6.0, "xG": 3.76, "assists": 3.0, "xA": 2.62, "shots": 26.0, "key_passes": 21.0, "yellow_cards": 3.0, "red_cards": 0.0, "position": "F M S", "team_title": "Bayern Munich", "npg": 6.0, "npxG": 3.76, "xGChain": 12.26, "xGBuildup": 7.42}, {"player_name": "Ádám Szalai", "games": 30.0, "time": 1598.0, "goals": 6.0, "xG": 9.77, "assists": 3.0, "xA": 3.54, "shots": 66.0, "key_passes": 27.0, "yellow_cards": 3.0, "red_cards": 0.0, "position": "F M S", "team_title": "Hoffenheim", "npg": 6.0, "npxG": 9.77, "xGChain": 15.87, "xGBuildup": 3.52}, {"player_name": "Daniel Ginczek", "games": 24.0, "time": 1276.0, "goals": 6.0, "xG": 3.79, "assists": 2.0, "xA": 1.82, "shots": 35.0, "key_passes": 13.0, "yellow_cards": 4.0, "red_cards": 0.0, "position": "F S", "team_title": "Wolfsburg", "npg": 6.0, "npxG": 3.79, "xGChain": 7.25, "xGBuildup": 2.91}, {"player_name": "Hendrik Weydandt", "games": 28.0, "time": 1713.0, "goals": 6.0, "xG": 7.4, "assists": 1.0, "xA": 3.82, "shots": 60.0, "key_passes": 27.0, "yellow_cards": 1.0, "red_cards": 0.0, "position": "F M S", "team_title": "Hannover 96", "npg": 6.0, "npxG": 7.4, "xGChain": 11.72, "xGBuildup": 1.31}, {"player_name": "Claudio Pizarro", "games": 26.0, "time": 657.0, "goals": 5.0, "xG": 2.71, "assists": 2.0, "xA": 0.68, "shots": 25.0, "key_passes": 10.0, "yellow_cards": 1.0, "red_cards": 0.0, "position": "F S", "team_title": "Werder Bremen", "npg": 5.0, "npxG": 2.71, "xGChain": 4.45, "xGBuildup": 1.55}, {"player_name": "Maximilian Eggestein", "games": 34.0, "time": 3055.0, "goals": 5.0, "xG": 2.16, "assists": 4.0, "xA": 4.33, "shots": 45.0, "key_passes": 45.0, "yellow_cards": 4.0, "red_cards": 0.0, "position": "M", "team_title": "Werder Bremen", "npg": 5.0, "npxG": 2.16, "xGChain": 16.85, "xGBuildup": 12.67}, {"player_name": "Nicolai Müller", "games": 21.0, "time": 1122.0, "goals": 5.0, "xG": 2.58, "assists": 0.0, "xA": 0.93, "shots": 23.0, "key_passes": 14.0, "yellow_cards": 3.0, "red_cards": 0.0, "position": "F M S", "team_title": "Eintracht Frankfurt", "npg": 5.0, "npxG": 2.58, "xGChain": 3.4, "xGBuildup": 0.35}, {"player_name": "Karim Bellarabi", "games": 19.0, "time": 1051.0, "goals": 5.0, "xG": 3.38, "assists": 4.0, "xA": 5.57, "shots": 43.0, "key_passes": 26.0, "yellow_cards": 4.0, "red_cards": 1.0, "position": "F M S", "team_title": "Bayer Leverkusen", "npg": 5.0, "npxG": 3.38, "xGChain": 10.65, "xGBuildup": 2.76}, {"player_name": "Steven Zuber", "games": 22.0, "time": 1641.0, "goals": 5.0, "xG": 3.63, "assists": 2.0, "xA": 1.93, "shots": 48.0, "key_passes": 18.0, "yellow_cards": 4.0, "red_cards": 0.0, "position": "D F M S", "team_title": "Hoffenheim", "npg": 4.0, "npxG": 2.87, "xGChain": 8.09, "xGBuildup": 4.1}, {"player_name": "Jonas Hofmann", "games": 27.0, "time": 1911.0, "goals": 5.0, "xG": 5.61, "assists": 5.0, "xA": 3.55, "shots": 36.0, "key_passes": 34.0, "yellow_cards": 2.0, "red_cards": 0.0, "position": "F M S", "team_title": "Borussia M.Gladbach", "npg": 4.0, "npxG": 4.09, "xGChain": 13.46, "xGBuildup": 7.62}, {"player_name": "Marko Grujic", "games": 22.0, "time": 1780.0, "goals": 5.0, "xG": 4.31, "assists": 1.0, "xA": 1.66, "shots": 46.0, "key_passes": 16.0, "yellow_cards": 5.0, "red_cards": 0.0, "position": "F M S", "team_title": "Hertha Berlin", "npg": 5.0, "npxG": 4.31, "xGChain": 7.94, "xGBuildup": 3.58}, {"player_name": "Anastasios Donis", "games": 24.0, "time": 952.0, "goals": 5.0, "xG": 2.97, "assists": 2.0, "xA": 1.1, "shots": 30.0, "key_passes": 7.0, "yellow_cards": 4.0, "red_cards": 0.0, "position": "F M S", "team_title": "VfB Stuttgart", "npg": 5.0, "npxG": 2.97, "xGChain": 4.74, "xGBuildup": 1.41}, {"player_name": "Leon Bailey", "games": 29.0, "time": 1940.0, "goals": 5.0, "xG": 5.09, "assists": 1.0, "xA": 4.09, "shots": 56.0, "key_passes": 46.0, "yellow_cards": 4.0, "red_cards": 0.0, "position": "F M S", "team_title": "Bayer Leverkusen", "npg": 5.0, "npxG": 5.09, "xGChain": 11.01, "xGBuildup": 4.18}, {"player_name": "Breel Embolo", "games": 20.0, "time": 1357.0, "goals": 5.0, "xG": 5.01, "assists": 1.0, "xA": 2.97, "shots": 26.0, "key_passes": 19.0, "yellow_cards": 4.0, "red_cards": 0.0, "position": "F M S", "team_title": "Schalke 04", "npg": 5.0, "npxG": 5.01, "xGChain": 6.74, "xGBuildup": 0.79}, {"player_name": "Lukas Klostermann", "games": 26.0, "time": 1995.0, "goals": 5.0, "xG": 2.03, "assists": 1.0, "xA": 1.99, "shots": 13.0, "key_passes": 20.0, "yellow_cards": 1.0, "red_cards": 0.0, "position": "D M S", "team_title": "RasenBallsport Leipzig", "npg": 5.0, "npxG": 2.03, "xGChain": 7.23, "xGBuildup": 3.8}, {"player_name": "Davy Klaassen", "games": 33.0, "time": 2830.0, "goals": 5.0, "xG": 3.2, "assists": 4.0, "xA": 3.54, "shots": 33.0, "key_passes": 38.0, "yellow_cards": 5.0, "red_cards": 0.0, "position": "M", "team_title": "Werder Bremen", "npg": 5.0, "npxG": 3.2, "xGChain": 13.43, "xGBuildup": 7.76}, {"player_name": "Renato Steffen", "games": 31.0, "time": 1505.0, "goals": 5.0, "xG": 2.92, "assists": 1.0, "xA": 1.83, "shots": 27.0, "key_passes": 14.0, "yellow_cards": 4.0, "red_cards": 0.0, "position": "D F M S", "team_title": "Wolfsburg", "npg": 5.0, "npxG": 2.92, "xGChain": 7.71, "xGBuildup": 4.07}, {"player_name": "Anthony Ujah", "games": 22.0, "time": 707.0, "goals": 4.0, "xG": 4.29, "assists": 0.0, "xA": 1.97, "shots": 27.0, "key_passes": 12.0, "yellow_cards": 2.0, "red_cards": 0.0, "position": "F S", "team_title": "Mainz 05", "npg": 4.0, "npxG": 4.29, "xGChain": 5.4, "xGBuildup": 1.13}, {"player_name": "Philipp Max", "games": 30.0, "time": 2581.0, "goals": 4.0, "xG": 2.47, "assists": 2.0, "xA": 6.27, "shots": 24.0, "key_passes": 62.0, "yellow_cards": 1.0, "red_cards": 0.0, "position": "D F M", "team_title": "Augsburg", "npg": 4.0, "npxG": 2.47, "xGChain": 7.86, "xGBuildup": 3.3}, {"player_name": "Florian Niederlechner", "games": 24.0, "time": 979.0, "goals": 4.0, "xG": 4.56, "assists": 1.0, "xA": 0.73, "shots": 31.0, "key_passes": 10.0, "yellow_cards": 3.0, "red_cards": 0.0, "position": "F S", "team_title": "Freiburg", "npg": 4.0, "npxG": 4.56, "xGChain": 6.07, "xGBuildup": 1.16}, {"player_name": "Kaan Ayhan", "games": 28.0, "time": 2456.0, "goals": 4.0, "xG": 3.36, "assists": 1.0, "xA": 0.65, "shots": 23.0, "key_passes": 6.0, "yellow_cards": 10.0, "red_cards": 0.0, "position": "D", "team_title": "Fortuna Duesseldorf", "npg": 4.0, "npxG": 3.36, "xGChain": 5.59, "xGBuildup": 5.49}, {"player_name": "Martin Harnik", "games": 18.0, "time": 829.0, "goals": 4.0, "xG": 6.11, "assists": 2.0, "xA": 1.42, "shots": 28.0, "key_passes": 13.0, "yellow_cards": 2.0, "red_cards": 0.0, "position": "F M S", "team_title": "Werder Bremen", "npg": 4.0, "npxG": 6.11, "xGChain": 7.42, "xGBuildup": 1.67}, {"player_name": "André Hahn", "games": 28.0, "time": 2043.0, "goals": 4.0, "xG": 2.43, "assists": 4.0, "xA": 4.4, "shots": 37.0, "key_passes": 30.0, "yellow_cards": 7.0, "red_cards": 0.0, "position": "F M S", "team_title": "Augsburg", "npg": 4.0, "npxG": 2.43, "xGChain": 7.78, "xGBuildup": 1.57}, {"player_name": "Christian Pulisic", "games": 20.0, "time": 916.0, "goals": 4.0, "xG": 5.16, "assists": 4.0, "xA": 2.97, "shots": 27.0, "key_passes": 21.0, "yellow_cards": 2.0, "red_cards": 0.0, "position": "F M S", "team_title": "Borussia Dortmund", "npg": 4.0, "npxG": 5.16, "xGChain": 9.4, "xGBuildup": 3.26}, {"player_name": "Axel Witsel", "games": 33.0, "time": 2873.0, "goals": 4.0, "xG": 2.88, "assists": 1.0, "xA": 2.03, "shots": 36.0, "key_passes": 16.0, "yellow_cards": 2.0, "red_cards": 0.0, "position": "M S", "team_title": "Borussia Dortmund", "npg": 4.0, "npxG": 2.88, "xGChain": 18.07, "xGBuildup": 15.29}, {"player_name": "Marcel Sabitzer", "games": 30.0, "time": 2351.0, "goals": 4.0, "xG": 5.33, "assists": 3.0, "xA": 5.12, "shots": 63.0, "key_passes": 36.0, "yellow_cards": 9.0, "red_cards": 0.0, "position": "F M S", "team_title": "RasenBallsport Leipzig", "npg": 4.0, "npxG": 5.33, "xGChain": 16.48, "xGBuildup": 9.91}, {"player_name": "Emil Forsberg", "games": 20.0, "time": 1255.0, "goals": 4.0, "xG": 4.63, "assists": 7.0, "xA": 4.63, "shots": 30.0, "key_passes": 39.0, "yellow_cards": 0.0, "red_cards": 0.0, "position": "F M S", "team_title": "RasenBallsport Leipzig", "npg": 1.0, "npxG": 2.35, "xGChain": 10.55, "xGBuildup": 4.8}, {"player_name": "Rani Khedira", "games": 30.0, "time": 2628.0, "goals": 4.0, "xG": 1.08, "assists": 1.0, "xA": 0.82, "shots": 14.0, "key_passes": 8.0, "yellow_cards": 6.0, "red_cards": 0.0, "position": "D M", "team_title": "Augsburg", "npg": 4.0, "npxG": 1.08, "xGChain": 5.17, "xGBuildup": 4.29}, {"player_name": "Willi Orban", "games": 24.0, "time": 2050.0, "goals": 4.0, "xG": 5.5, "assists": 0.0, "xA": 0.0, "shots": 27.0, "key_passes": 0.0, "yellow_cards": 5.0, "red_cards": 0.0, "position": "D S", "team_title": "RasenBallsport Leipzig", "npg": 4.0, "npxG": 5.5, "xGChain": 7.32, "xGBuildup": 6.37}, {"player_name": "Kerem Demirbay", "games": 26.0, "time": 2029.0, "goals": 4.0, "xG": 3.76, "assists": 9.0, "xA": 9.05, "shots": 59.0, "key_passes": 80.0, "yellow_cards": 6.0, "red_cards": 0.0, "position": "M S", "team_title": "Hoffenheim", "npg": 4.0, "npxG": 3.76, "xGChain": 16.88, "xGBuildup": 12.14}, {"player_name": "Guido Burgstaller", "games": 24.0, "time": 1517.0, "goals": 4.0, "xG": 6.11, "assists": 0.0, "xA": 1.4, "shots": 45.0, "key_passes": 10.0, "yellow_cards": 4.0, "red_cards": 0.0, "position": "F S", "team_title": "Schalke 04", "npg": 4.0, "npxG": 6.11, "xGChain": 7.33, "xGBuildup": 1.85}, {"player_name": "Johannes Eggestein", "games": 23.0, "time": 1115.0, "goals": 4.0, "xG": 4.53, "assists": 1.0, "xA": 1.67, "shots": 34.0, "key_passes": 10.0, "yellow_cards": 0.0, "red_cards": 0.0, "position": "F M S", "team_title": "Werder Bremen", "npg": 4.0, "npxG": 4.53, "xGChain": 8.3, "xGBuildup": 2.81}, {"player_name": "Denis Zakaria", "games": 31.0, "time": 1960.0, "goals": 4.0, "xG": 4.48, "assists": 0.0, "xA": 0.63, "shots": 36.0, "key_passes": 15.0, "yellow_cards": 7.0, "red_cards": 0.0, "position": "M S", "team_title": "Borussia M.Gladbach", "npg": 4.0, "npxG": 4.48, "xGChain": 8.62, "xGBuildup": 4.82}, {"player_name": "Marco Richter", "games": 25.0, "time": 1434.0, "goals": 4.0, "xG": 3.43, "assists": 6.0, "xA": 2.34, "shots": 55.0, "key_passes": 16.0, "yellow_cards": 4.0, "red_cards": 0.0, "position": "F M S", "team_title": "Augsburg", "npg": 4.0, "npxG": 3.43, "xGChain": 8.43, "xGBuildup": 3.56}, {"player_name": "Lucas Höler", "games": 26.0, "time": 1003.0, "goals": 4.0, "xG": 4.34, "assists": 0.0, "xA": 0.47, "shots": 26.0, "key_passes": 9.0, "yellow_cards": 0.0, "red_cards": 0.0, "position": "F M S", "team_title": "Freiburg", "npg": 4.0, "npxG": 4.34, "xGChain": 4.67, "xGBuildup": 0.65}, {"player_name": "Hanno Behrens", "games": 30.0, "time": 2648.0, "goals": 4.0, "xG": 8.0, "assists": 1.0, "xA": 1.87, "shots": 39.0, "key_passes": 21.0, "yellow_cards": 3.0, "red_cards": 0.0, "position": "F M", "team_title": "Nuernberg", "npg": 2.0, "npxG": 4.97, "xGChain": 8.53, "xGBuildup": 3.76}, {"player_name": "Mikael Ishak", "games": 29.0, "time": 1915.0, "goals": 4.0, "xG": 4.6, "assists": 3.0, "xA": 2.17, "shots": 39.0, "key_passes": 21.0, "yellow_cards": 1.0, "red_cards": 0.0, "position": "F S", "team_title": "Nuernberg", "npg": 4.0, "npxG": 3.84, "xGChain": 6.82, "xGBuildup": 2.48}, {"player_name": "Jean-Paul Boëtius", "games": 30.0, "time": 2133.0, "goals": 4.0, "xG": 2.64, "assists": 7.0, "xA": 4.64, "shots": 47.0, "key_passes": 31.0, "yellow_cards": 8.0, "red_cards": 0.0, "position": "F M S", "team_title": "Mainz 05", "npg": 4.0, "npxG": 2.64, "xGChain": 12.33, "xGBuildup": 5.51}, {"player_name": "John Brooks", "games": 29.0, "time": 2610.0, "goals": 3.0, "xG": 2.71, "assists": 2.0, "xA": 0.68, "shots": 19.0, "key_passes": 4.0, "yellow_cards": 7.0, "red_cards": 0.0, "position": "D", "team_title": "Wolfsburg", "npg": 3.0, "npxG": 2.71, "xGChain": 7.93, "xGBuildup": 6.47}, {"player_name": "Daniel Brosinski", "games": 26.0, "time": 2208.0, "goals": 3.0, "xG": 2.92, "assists": 5.0, "xA": 4.08, "shots": 18.0, "key_passes": 42.0, "yellow_cards": 2.0, "red_cards": 0.0, "position": "D M", "team_title": "Mainz 05", "npg": 0.0, "npxG": 0.65, "xGChain": 6.27, "xGBuildup": 3.92}, {"player_name": "Pavel Kaderábek", "games": 29.0, "time": 2508.0, "goals": 3.0, "xG": 4.78, "assists": 4.0, "xA": 6.74, "shots": 28.0, "key_passes": 42.0, "yellow_cards": 7.0, "red_cards": 0.0, "position": "D M S", "team_title": "Hoffenheim", "npg": 3.0, "npxG": 4.78, "xGChain": 19.12, "xGBuildup": 11.39}, {"player_name": "Jonathan Schmid", "games": 28.0, "time": 2520.0, "goals": 3.0, "xG": 0.65, "assists": 7.0, "xA": 3.52, "shots": 17.0, "key_passes": 44.0, "yellow_cards": 1.0, "red_cards": 0.0, "position": "D M", "team_title": "Augsburg", "npg": 3.0, "npxG": 0.65, "xGChain": 7.59, "xGBuildup": 6.23}, {"player_name": "Kenan Karaman", "games": 21.0, "time": 909.0, "goals": 3.0, "xG": 4.07, "assists": 1.0, "xA": 1.91, "shots": 21.0, "key_passes": 13.0, "yellow_cards": 0.0, "red_cards": 0.0, "position": "F M S", "team_title": "Fortuna Duesseldorf", "npg": 3.0, "npxG": 4.07, "xGChain": 7.14, "xGBuildup": 2.8}, {"player_name": "Theodor Gebre Selassie", "games": 32.0, "time": 2814.0, "goals": 3.0, "xG": 4.13, "assists": 2.0, "xA": 1.78, "shots": 28.0, "key_passes": 21.0, "yellow_cards": 2.0, "red_cards": 0.0, "position": "D M", "team_title": "Werder Bremen", "npg": 3.0, "npxG": 4.13, "xGChain": 12.44, "xGBuildup": 8.9}, {"player_name": "Yuya Osako", "games": 21.0, "time": 1354.0, "goals": 3.0, "xG": 3.0, "assists": 2.0, "xA": 1.97, "shots": 27.0, "key_passes": 16.0, "yellow_cards": 2.0, "red_cards": 0.0, "position": "F M S", "team_title": "Werder Bremen", "npg": 3.0, "npxG": 3.0, "xGChain": 6.69, "xGBuildup": 2.49}, {"player_name": "Robin Knoche", "games": 31.0, "time": 2790.0, "goals": 3.0, "xG": 2.64, "assists": 0.0, "xA": 0.14, "shots": 14.0, "key_passes": 2.0, "yellow_cards": 0.0, "red_cards": 0.0, "position": "D", "team_title": "Wolfsburg", "npg": 3.0, "npxG": 2.64, "xGChain": 6.52, "xGBuildup": 6.52}, {"player_name": "Jonathan Tah", "games": 33.0, "time": 2942.0, "goals": 3.0, "xG": 2.26, "assists": 1.0, "xA": 0.78, "shots": 12.0, "key_passes": 6.0, "yellow_cards": 3.0, "red_cards": 0.0, "position": "D", "team_title": "Bayer Leverkusen", "npg": 3.0, "npxG": 2.26, "xGChain": 10.88, "xGBuildup": 10.32}, {"player_name": "Lars Stindl", "games": 21.0, "time": 1520.0, "goals": 3.0, "xG": 2.29, "assists": 1.0, "xA": 2.83, "shots": 34.0, "key_passes": 22.0, "yellow_cards": 3.0, "red_cards": 0.0, "position": "F M S", "team_title": "Borussia M.Gladbach", "npg": 3.0, "npxG": 2.29, "xGChain": 9.29, "xGBuildup": 5.53}, {"player_name": "Javi Martínez", "games": 21.0, "time": 1316.0, "goals": 3.0, "xG": 1.67, "assists": 0.0, "xA": 0.28, "shots": 18.0, "key_passes": 7.0, "yellow_cards": 3.0, "red_cards": 0.0, "position": "M S", "team_title": "Bayern Munich", "npg": 3.0, "npxG": 1.67, "xGChain": 6.22, "xGBuildup": 5.88}, {"player_name": "David Alaba", "games": 31.0, "time": 2533.0, "goals": 3.0, "xG": 2.96, "assists": 3.0, "xA": 5.0, "shots": 47.0, "key_passes": 29.0, "yellow_cards": 4.0, "red_cards": 0.0, "position": "D S", "team_title": "Bayern Munich", "npg": 3.0, "npxG": 2.96, "xGChain": 21.89, "xGBuildup": 16.72}, {"player_name": "Patrick Herrmann", "games": 24.0, "time": 1059.0, "goals": 3.0, "xG": 1.56, "assists": 2.0, "xA": 2.85, "shots": 19.0, "key_passes": 25.0, "yellow_cards": 1.0, "red_cards": 0.0, "position": "F M S", "team_title": "Borussia M.Gladbach", "npg": 3.0, "npxG": 1.56, "xGChain": 4.68, "xGBuildup": 1.34}, {"player_name": "Nabil Bentaleb", "games": 25.0, "time": 1796.0, "goals": 3.0, "xG": 3.3, "assists": 0.0, "xA": 1.37, "shots": 21.0, "key_passes": 18.0, "yellow_cards": 4.0, "red_cards": 0.0, "position": "M S", "team_title": "Schalke 04", "npg": 0.0, "npxG": 1.03, "xGChain": 4.53, "xGBuildup": 3.41}, {"player_name": "Jonathan de Guzmán", "games": 28.0, "time": 1558.0, "goals": 3.0, "xG": 3.19, "assists": 6.0, "xA": 4.83, "shots": 22.0, "key_passes": 37.0, "yellow_cards": 4.0, "red_cards": 0.0, "position": "M S", "team_title": "Eintracht Frankfurt", "npg": 3.0, "npxG": 3.19, "xGChain": 8.68, "xGBuildup": 3.87}, {"player_name": "Martin Hinteregger", "games": 32.0, "time": 2722.0, "goals": 3.0, "xG": 2.02, "assists": 0.0, "xA": 0.75, "shots": 28.0, "key_passes": 10.0, "yellow_cards": 3.0, "red_cards": 0.0, "position": "D", "team_title": "Augsburg", "npg": 3.0, "npxG": 2.02, "xGChain": 7.47, "xGBuildup": 6.27}, {"player_name": "Jean-Kevin Augustin", "games": 17.0, "time": 443.0, "goals": 3.0, "xG": 2.93, "assists": 0.0, "xA": 0.83, "shots": 13.0, "key_passes": 8.0, "yellow_cards": 0.0, "red_cards": 0.0, "position": "F S", "team_title": "RasenBallsport Leipzig", "npg": 3.0, "npxG": 2.93, "xGChain": 4.13, "xGBuildup": 0.37}, {"player_name": "Jérôme Roussillon", "games": 28.0, "time": 2475.0, "goals": 3.0, "xG": 1.74, "assists": 4.0, "xA": 3.25, "shots": 20.0, "key_passes": 30.0, "yellow_cards": 4.0, "red_cards": 0.0, "position": "D", "team_title": "Wolfsburg", "npg": 3.0, "npxG": 1.74, "xGChain": 7.65, "xGBuildup": 5.37}, {"player_name": "Davie Selke", "games": 30.0, "time": 1724.0, "goals": 3.0, "xG": 5.44, "assists": 5.0, "xA": 3.68, "shots": 45.0, "key_passes": 20.0, "yellow_cards": 4.0, "red_cards": 0.0, "position": "F M S", "team_title": "Hertha Berlin", "npg": 3.0, "npxG": 5.44, "xGChain": 9.83, "xGBuildup": 2.29}, {"player_name": "Bobby Wood", "games": 20.0, "time": 1168.0, "goals": 3.0, "xG": 2.85, "assists": 1.0, "xA": 1.67, "shots": 18.0, "key_passes": 11.0, "yellow_cards": 1.0, "red_cards": 0.0, "position": "F M S", "team_title": "Hannover 96", "npg": 3.0, "npxG": 2.85, "xGChain": 5.47, "xGBuildup": 1.62}, {"player_name": "Thomas Delaney", "games": 30.0, "time": 2302.0, "goals": 3.0, "xG": 2.76, "assists": 5.0, "xA": 2.9, "shots": 33.0, "key_passes": 15.0, "yellow_cards": 7.0, "red_cards": 0.0, "position": "M S", "team_title": "Borussia Dortmund", "npg": 3.0, "npxG": 2.76, "xGChain": 14.04, "xGBuildup": 10.94}, {"player_name": "Marcel Halstenberg", "games": 28.0, "time": 2415.0, "goals": 3.0, "xG": 3.98, "assists": 6.0, "xA": 7.99, "shots": 23.0, "key_passes": 55.0, "yellow_cards": 2.0, "red_cards": 0.0, "position": "D M S", "team_title": "RasenBallsport Leipzig", "npg": 1.0, "npxG": 2.47, "xGChain": 12.44, "xGBuildup": 9.99}, {"player_name": "Josip Brekalo", "games": 25.0, "time": 1406.0, "goals": 3.0, "xG": 2.41, "assists": 3.0, "xA": 1.33, "shots": 26.0, "key_passes": 21.0, "yellow_cards": 2.0, "red_cards": 0.0, "position": "F M S", "team_title": "Wolfsburg", "npg": 3.0, "npxG": 2.41, "xGChain": 5.6, "xGBuildup": 2.76}, {"player_name": "Sergio Córdova", "games": 20.0, "time": 491.0, "goals": 3.0, "xG": 1.7, "assists": 0.0, "xA": 0.18, "shots": 13.0, "key_passes": 4.0, "yellow_cards": 1.0, "red_cards": 0.0, "position": "F S", "team_title": "Augsburg", "npg": 3.0, "npxG": 1.7, "xGChain": 1.74, "xGBuildup": 0.66}, {"player_name": "Valentino Lazaro", "games": 31.0, "time": 2743.0, "goals": 3.0, "xG": 2.17, "assists": 6.0, "xA": 6.64, "shots": 20.0, "key_passes": 55.0, "yellow_cards": 6.0, "red_cards": 0.0, "position": "D M", "team_title": "Hertha Berlin", "npg": 3.0, "npxG": 2.17, "xGChain": 12.86, "xGBuildup": 7.49}, {"player_name": "Eduard Löwen", "games": 22.0, "time": 1627.0, "goals": 3.0, "xG": 2.85, "assists": 2.0, "xA": 2.26, "shots": 37.0, "key_passes": 16.0, "yellow_cards": 3.0, "red_cards": 0.0, "position": "F M S", "team_title": "Nuernberg", "npg": 3.0, "npxG": 2.85, "xGChain": 6.57, "xGBuildup": 3.17}, {"player_name": "Kevin Möhwald", "games": 23.0, "time": 852.0, "goals": 3.0, "xG": 0.89, "assists": 1.0, "xA": 0.9, "shots": 20.0, "key_passes": 9.0, "yellow_cards": 2.0, "red_cards": 0.0, "position": "F M S", "team_title": "Werder Bremen", "npg": 3.0, "npxG": 0.89, "xGChain": 3.13, "xGBuildup": 1.75}, {"player_name": "Florian Neuhaus", "games": 32.0, "time": 2080.0, "goals": 3.0, "xG": 6.01, "assists": 8.0, "xA": 3.15, "shots": 51.0, "key_passes": 28.0, "yellow_cards": 5.0, "red_cards": 0.0, "position": "M S", "team_title": "Borussia M.Gladbach", "npg": 3.0, "npxG": 6.01, "xGChain": 17.51, "xGBuildup": 8.79}, {"player_name": "Matheus Pereira", "games": 19.0, "time": 1240.0, "goals": 3.0, "xG": 2.3, "assists": 2.0, "xA": 1.34, "shots": 29.0, "key_passes": 14.0, "yellow_cards": 3.0, "red_cards": 1.0, "position": "F M S", "team_title": "Nuernberg", "npg": 3.0, "npxG": 2.3, "xGChain": 4.26, "xGBuildup": 2.1}, {"player_name": "Oliver Fink", "games": 18.0, "time": 1069.0, "goals": 3.0, "xG": 1.03, "assists": 0.0, "xA": 0.75, "shots": 12.0, "key_passes": 6.0, "yellow_cards": 4.0, "red_cards": 0.0, "position": "M S", "team_title": "Fortuna Duesseldorf", "npg": 3.0, "npxG": 1.03, "xGChain": 3.81, "xGBuildup": 2.47}, {"player_name": "Ozan Kabak", "games": 15.0, "time": 1350.0, "goals": 3.0, "xG": 1.31, "assists": 0.0, "xA": 0.04, "shots": 11.0, "key_passes": 2.0, "yellow_cards": 4.0, "red_cards": 0.0, "position": "D M", "team_title": "VfB Stuttgart", "npg": 3.0, "npxG": 1.31, "xGChain": 2.53, "xGBuildup": 2.01}, {"player_name": "Jérôme Gondorf", "games": 25.0, "time": 1285.0, "goals": 2.0, "xG": 1.57, "assists": 2.0, "xA": 3.33, "shots": 23.0, "key_passes": 20.0, "yellow_cards": 3.0, "red_cards": 0.0, "position": "M S", "team_title": "Freiburg", "npg": 2.0, "npxG": 1.57, "xGChain": 5.01, "xGBuildup": 1.58}, {"player_name": "Emiliano Insúa", "games": 27.0, "time": 2121.0, "goals": 2.0, "xG": 0.43, "assists": 2.0, "xA": 3.11, "shots": 8.0, "key_passes": 28.0, "yellow_cards": 4.0, "red_cards": 1.0, "position": "D S", "team_title": "VfB Stuttgart", "npg": 2.0, "npxG": 0.43, "xGChain": 5.49, "xGBuildup": 4.12}, {"player_name": "Niklas Süle", "games": 31.0, "time": 2649.0, "goals": 2.0, "xG": 1.1, "assists": 0.0, "xA": 0.3, "shots": 20.0, "key_passes": 6.0, "yellow_cards": 2.0, "red_cards": 0.0, "position": "D S", "team_title": "Bayern Munich", "npg": 2.0, "npxG": 1.1, "xGChain": 16.42, "xGBuildup": 15.84}, {"player_name": "Mark Uth", "games": 20.0, "time": 1407.0, "goals": 2.0, "xG": 4.78, "assists": 1.0, "xA": 1.64, "shots": 39.0, "key_passes": 13.0, "yellow_cards": 3.0, "red_cards": 0.0, "position": "F M S", "team_title": "Schalke 04", "npg": 2.0, "npxG": 4.78, "xGChain": 6.35, "xGBuildup": 0.56}, {"player_name": "Salif Sané", "games": 30.0, "time": 2612.0, "goals": 2.0, "xG": 0.94, "assists": 0.0, "xA": 0.21, "shots": 19.0, "key_passes": 6.0, "yellow_cards": 4.0, "red_cards": 0.0, "position": "D S", "team_title": "Schalke 04", "npg": 2.0, "npxG": 0.94, "xGChain": 5.12, "xGBuildup": 4.99}, {"player_name": "Felipe", "games": 17.0, "time": 1102.0, "goals": 2.0, "xG": 1.01, "assists": 0.0, "xA": 0.0, "shots": 10.0, "key_passes": 0.0, "yellow_cards": 4.0, "red_cards": 1.0, "position": "D S", "team_title": "Hannover 96", "npg": 2.0, "npxG": 1.01, "xGChain": 0.72, "xGBuildup": 0.7}, {"player_name": "Yannick Gerhardt", "games": 30.0, "time": 2471.0, "goals": 2.0, "xG": 3.24, "assists": 2.0, "xA": 3.71, "shots": 35.0, "key_passes": 27.0, "yellow_cards": 2.0, "red_cards": 0.0, "position": "M S", "team_title": "Wolfsburg", "npg": 2.0, "npxG": 3.24, "xGChain": 11.87, "xGBuildup": 6.15}, {"player_name": "Josuha Guilavogui", "games": 19.0, "time": 1573.0, "goals": 2.0, "xG": 1.18, "assists": 1.0, "xA": 0.2, "shots": 7.0, "key_passes": 8.0, "yellow_cards": 5.0, "red_cards": 0.0, "position": "M S", "team_title": "Wolfsburg", "npg": 2.0, "npxG": 1.18, "xGChain": 3.69, "xGBuildup": 3.56}, {"player_name": "Maximilian Arnold", "games": 33.0, "time": 2888.0, "goals": 2.0, "xG": 2.39, "assists": 6.0, "xA": 4.57, "shots": 54.0, "key_passes": 45.0, "yellow_cards": 7.0, "red_cards": 0.0, "position": "M", "team_title": "Wolfsburg", "npg": 2.0, "npxG": 2.39, "xGChain": 8.71, "xGBuildup": 4.83}, {"player_name": "Wendell", "games": 28.0, "time": 2277.0, "goals": 2.0, "xG": 2.71, "assists": 2.0, "xA": 1.8, "shots": 11.0, "key_passes": 16.0, "yellow_cards": 5.0, "red_cards": 0.0, "position": "D S", "team_title": "Bayer Leverkusen", "npg": 1.0, "npxG": 1.19, "xGChain": 11.0, "xGBuildup": 8.58}, {"player_name": "Christoph Kramer", "games": 18.0, "time": 1139.0, "goals": 2.0, "xG": 0.78, "assists": 1.0, "xA": 0.94, "shots": 8.0, "key_passes": 9.0, "yellow_cards": 6.0, "red_cards": 0.0, "position": "M S", "team_title": "Borussia M.Gladbach", "npg": 2.0, "npxG": 0.78, "xGChain": 4.99, "xGBuildup": 3.73}, {"player_name": "Kevin Kampl", "games": 27.0, "time": 2131.0, "goals": 2.0, "xG": 1.87, "assists": 5.0, "xA": 4.73, "shots": 34.0, "key_passes": 48.0, "yellow_cards": 5.0, "red_cards": 0.0, "position": "M S", "team_title": "RasenBallsport Leipzig", "npg": 2.0, "npxG": 1.87, "xGChain": 16.19, "xGBuildup": 11.86}, {"player_name": "Nico Elvedi", "games": 30.0, "time": 2629.0, "goals": 2.0, "xG": 2.07, "assists": 1.0, "xA": 0.88, "shots": 14.0, "key_passes": 3.0, "yellow_cards": 1.0, "red_cards": 0.0, "position": "D", "team_title": "Borussia M.Gladbach", "npg": 2.0, "npxG": 2.07, "xGChain": 12.77, "xGBuildup": 12.0}, {"player_name": "Joshua Kimmich", "games": 34.0, "time": 3060.0, "goals": 2.0, "xG": 2.31, "assists": 13.0, "xA": 13.69, "shots": 25.0, "key_passes": 83.0, "yellow_cards": 4.0, "red_cards": 0.0, "position": "D M", "team_title": "Bayern Munich", "npg": 2.0, "npxG": 2.31, "xGChain": 27.55, "xGBuildup": 20.07}, {"player_name": "Thiago Alcántara", "games": 30.0, "time": 2412.0, "goals": 2.0, "xG": 2.2, "assists": 6.0, "xA": 3.88, "shots": 23.0, "key_passes": 39.0, "yellow_cards": 5.0, "red_cards": 0.0, "position": "M S", "team_title": "Bayern Munich", "npg": 2.0, "npxG": 2.2, "xGChain": 26.34, "xGBuildup": 22.37}, {"player_name": "Mathew Leckie", "games": 18.0, "time": 941.0, "goals": 2.0, "xG": 2.37, "assists": 0.0, "xA": 0.85, "shots": 22.0, "key_passes": 12.0, "yellow_cards": 3.0, "red_cards": 0.0, "position": "M S", "team_title": "Hertha Berlin", "npg": 2.0, "npxG": 2.37, "xGChain": 4.84, "xGBuildup": 1.73}, {"player_name": "Danny da Costa", "games": 34.0, "time": 3036.0, "goals": 2.0, "xG": 3.95, "assists": 4.0, "xA": 5.81, "shots": 21.0, "key_passes": 33.0, "yellow_cards": 1.0, "red_cards": 0.0, "position": "D F M", "team_title": "Eintracht Frankfurt", "npg": 2.0, "npxG": 3.95, "xGChain": 13.93, "xGBuildup": 6.65}, {"player_name": "Ja-Cheol Koo", "games": 26.0, "time": 1632.0, "goals": 2.0, "xG": 3.54, "assists": 1.0, "xA": 0.74, "shots": 26.0, "key_passes": 23.0, "yellow_cards": 3.0, "red_cards": 0.0, "position": "M S", "team_title": "Augsburg", "npg": 2.0, "npxG": 3.54, "xGChain": 7.03, "xGBuildup": 2.95}, {"player_name": "Daniel Didavi", "games": 20.0, "time": 942.0, "goals": 2.0, "xG": 1.83, "assists": 2.0, "xA": 2.41, "shots": 24.0, "key_passes": 28.0, "yellow_cards": 0.0, "red_cards": 0.0, "position": "F M S", "team_title": "VfB Stuttgart", "npg": 2.0, "npxG": 1.83, "xGChain": 4.64, "xGBuildup": 2.46}, {"player_name": "Suat Serdar", "games": 26.0, "time": 1744.0, "goals": 2.0, "xG": 3.21, "assists": 1.0, "xA": 2.29, "shots": 30.0, "key_passes": 15.0, "yellow_cards": 3.0, "red_cards": 2.0, "position": "M S", "team_title": "Schalke 04", "npg": 2.0, "npxG": 3.21, "xGChain": 6.22, "xGBuildup": 2.55}, {"player_name": "Matthias Ginter", "games": 27.0, "time": 2379.0, "goals": 2.0, "xG": 1.61, "assists": 0.0, "xA": 0.89, "shots": 22.0, "key_passes": 9.0, "yellow_cards": 2.0, "red_cards": 0.0, "position": "D", "team_title": "Borussia M.Gladbach", "npg": 2.0, "npxG": 1.61, "xGChain": 7.64, "xGBuildup": 7.25}, {"player_name": "Gonzalo Castro", "games": 25.0, "time": 1693.0, "goals": 2.0, "xG": 1.16, "assists": 4.0, "xA": 2.6, "shots": 13.0, "key_passes": 29.0, "yellow_cards": 4.0, "red_cards": 0.0, "position": "D M S", "team_title": "VfB Stuttgart", "npg": 2.0, "npxG": 1.16, "xGChain": 5.58, "xGBuildup": 3.69}, {"player_name": "Charles Aránguiz", "games": 24.0, "time": 1912.0, "goals": 2.0, "xG": 1.15, "assists": 7.0, "xA": 3.51, "shots": 23.0, "key_passes": 30.0, "yellow_cards": 3.0, "red_cards": 0.0, "position": "M S", "team_title": "Bayer Leverkusen", "npg": 2.0, "npxG": 1.15, "xGChain": 12.69, "xGBuildup": 9.71}, {"player_name": "Raphael Guerreiro", "games": 23.0, "time": 1539.0, "goals": 2.0, "xG": 2.88, "assists": 6.0, "xA": 3.94, "shots": 35.0, "key_passes": 38.0, "yellow_cards": 2.0, "red_cards": 0.0, "position": "D M S", "team_title": "Borussia Dortmund", "npg": 2.0, "npxG": 2.88, "xGChain": 14.4, "xGBuildup": 10.55}, {"player_name": "Mike Frantz", "games": 31.0, "time": 2260.0, "goals": 2.0, "xG": 1.72, "assists": 1.0, "xA": 1.3, "shots": 19.0, "key_passes": 15.0, "yellow_cards": 2.0, "red_cards": 0.0, "position": "D M S", "team_title": "Freiburg", "npg": 2.0, "npxG": 1.72, "xGChain": 4.11, "xGBuildup": 1.26}, {"player_name": "Marc-Oliver Kempf", "games": 23.0, "time": 2027.0, "goals": 2.0, "xG": 1.92, "assists": 0.0, "xA": 0.17, "shots": 14.0, "key_passes": 7.0, "yellow_cards": 3.0, "red_cards": 0.0, "position": "D", "team_title": "VfB Stuttgart", "npg": 2.0, "npxG": 1.92, "xGChain": 3.94, "xGBuildup": 3.64}, {"player_name": "Jean-Philippe Gbamin", "games": 31.0, "time": 2675.0, "goals": 2.0, "xG": 1.3, "assists": 1.0, "xA": 1.95, "shots": 35.0, "key_passes": 23.0, "yellow_cards": 3.0, "red_cards": 0.0, "position": "D M S", "team_title": "Mainz 05", "npg": 2.0, "npxG": 1.3, "xGChain": 7.88, "xGBuildup": 5.79}, {"player_name": "Achraf Hakimi", "games": 21.0, "time": 1740.0, "goals": 2.0, "xG": 1.69, "assists": 4.0, "xA": 2.96, "shots": 20.0, "key_passes": 11.0, "yellow_cards": 4.0, "red_cards": 0.0, "position": "D S", "team_title": "Borussia Dortmund", "npg": 2.0, "npxG": 1.69, "xGChain": 10.91, "xGBuildup": 8.4}, {"player_name": "Aleksandar Dragovic", "games": 18.0, "time": 1327.0, "goals": 2.0, "xG": 0.88, "assists": 0.0, "xA": 0.1, "shots": 4.0, "key_passes": 3.0, "yellow_cards": 4.0, "red_cards": 0.0, "position": "D M S", "team_title": "Bayer Leverkusen", "npg": 2.0, "npxG": 0.88, "xGChain": 3.8, "xGBuildup": 3.75}, {"player_name": "Federico Palacios", "games": 17.0, "time": 946.0, "goals": 2.0, "xG": 1.38, "assists": 0.0, "xA": 0.41, "shots": 7.0, "key_passes": 6.0, "yellow_cards": 1.0, "red_cards": 0.0, "position": "F M S", "team_title": "Nuernberg", "npg": 2.0, "npxG": 1.38, "xGChain": 4.21, "xGBuildup": 2.69}, {"player_name": "Jacob Bruun Larsen", "games": 24.0, "time": 1267.0, "goals": 2.0, "xG": 3.27, "assists": 2.0, "xA": 3.16, "shots": 26.0, "key_passes": 17.0, "yellow_cards": 0.0, "red_cards": 0.0, "position": "F M S", "team_title": "Borussia Dortmund", "npg": 2.0, "npxG": 3.27, "xGChain": 8.78, "xGBuildup": 4.02}, {"player_name": "Dan-Axel Zagadou", "games": 17.0, "time": 1267.0, "goals": 2.0, "xG": 1.36, "assists": 0.0, "xA": 0.04, "shots": 10.0, "key_passes": 2.0, "yellow_cards": 4.0, "red_cards": 0.0, "position": "D S", "team_title": "Borussia Dortmund", "npg": 2.0, "npxG": 1.36, "xGChain": 5.87, "xGBuildup": 5.85}, {"player_name": "William", "games": 31.0, "time": 2679.0, "goals": 2.0, "xG": 1.49, "assists": 1.0, "xA": 3.08, "shots": 25.0, "key_passes": 40.0, "yellow_cards": 10.0, "red_cards": 0.0, "position": "D S", "team_title": "Wolfsburg", "npg": 2.0, "npxG": 1.49, "xGChain": 12.36, "xGBuildup": 9.17}, {"player_name": "Elvis Rexhbecaj", "games": 24.0, "time": 1138.0, "goals": 2.0, "xG": 0.88, "assists": 2.0, "xA": 1.51, "shots": 10.0, "key_passes": 7.0, "yellow_cards": 4.0, "red_cards": 0.0, "position": "D M S", "team_title": "Wolfsburg", "npg": 2.0, "npxG": 0.88, "xGChain": 5.16, "xGBuildup": 2.9}, {"player_name": "Georg Margreitter", "games": 27.0, "time": 2055.0, "goals": 2.0, "xG": 0.8, "assists": 0.0, "xA": 0.23, "shots": 16.0, "key_passes": 3.0, "yellow_cards": 2.0, "red_cards": 0.0, "position": "D S", "team_title": "Nuernberg", "npg": 2.0, "npxG": 0.8, "xGChain": 2.77, "xGBuildup": 2.7}, {"player_name": "Nicolás González", "games": 30.0, "time": 2161.0, "goals": 2.0, "xG": 6.07, "assists": 3.0, "xA": 3.7, "shots": 59.0, "key_passes": 29.0, "yellow_cards": 2.0, "red_cards": 1.0, "position": "D F M S", "team_title": "VfB Stuttgart", "npg": 2.0, "npxG": 6.07, "xGChain": 10.61, "xGBuildup": 2.41}, {"player_name": "Matheus Cunha", "games": 25.0, "time": 849.0, "goals": 2.0, "xG": 3.92, "assists": 0.0, "xA": 0.9, "shots": 34.0, "key_passes": 7.0, "yellow_cards": 1.0, "red_cards": 0.0, "position": "F M S", "team_title": "RasenBallsport Leipzig", "npg": 2.0, "npxG": 3.92, "xGChain": 6.53, "xGBuildup": 2.59}, {"player_name": "Javairo Dilrosun", "games": 17.0, "time": 883.0, "goals": 2.0, "xG": 0.5, "assists": 3.0, "xA": 1.92, "shots": 11.0, "key_passes": 12.0, "yellow_cards": 2.0, "red_cards": 0.0, "position": "M S", "team_title": "Hertha Berlin", "npg": 2.0, "npxG": 0.5, "xGChain": 5.61, "xGBuildup": 3.65}, {"player_name": "Florent Muslija", "games": 17.0, "time": 664.0, "goals": 2.0, "xG": 1.21, "assists": 0.0, "xA": 0.65, "shots": 20.0, "key_passes": 15.0, "yellow_cards": 1.0, "red_cards": 0.0, "position": "F M S", "team_title": "Hannover 96", "npg": 2.0, "npxG": 1.21, "xGChain": 2.79, "xGBuildup": 1.49}, {"player_name": "Marvin Plattenhardt", "games": 22.0, "time": 1928.0, "goals": 1.0, "xG": 0.7, "assists": 2.0, "xA": 2.65, "shots": 11.0, "key_passes": 32.0, "yellow_cards": 4.0, "red_cards": 0.0, "position": "D M", "team_title": "Hertha Berlin", "npg": 1.0, "npxG": 0.7, "xGChain": 5.36, "xGBuildup": 3.75}, {"player_name": "Mitchell Weiser", "games": 30.0, "time": 2110.0, "goals": 1.0, "xG": 0.59, "assists": 3.0, "xA": 3.62, "shots": 12.0, "key_passes": 29.0, "yellow_cards": 3.0, "red_cards": 0.0, "position": "D S", "team_title": "Bayer Leverkusen", "npg": 1.0, "npxG": 0.59, "xGChain": 9.17, "xGBuildup": 6.35}, {"player_name": "Yunus Malli", "games": 21.0, "time": 674.0, "goals": 1.0, "xG": 1.75, "assists": 1.0, "xA": 1.26, "shots": 8.0, "key_passes": 16.0, "yellow_cards": 0.0, "red_cards": 0.0, "position": "F M S", "team_title": "Wolfsburg", "npg": 0.0, "npxG": 0.99, "xGChain": 3.06, "xGBuildup": 1.43}, {"player_name": "Alexandru Maxim", "games": 22.0, "time": 545.0, "goals": 1.0, "xG": 0.97, "assists": 0.0, "xA": 2.51, "shots": 16.0, "key_passes": 16.0, "yellow_cards": 3.0, "red_cards": 0.0, "position": "M S", "team_title": "Mainz 05", "npg": 1.0, "npxG": 0.97, "xGChain": 3.8, "xGBuildup": 2.1}, {"player_name": "Timo Baumgartl", "games": 18.0, "time": 1620.0, "goals": 1.0, "xG": 0.22, "assists": 0.0, "xA": 0.12, "shots": 5.0, "key_passes": 5.0, "yellow_cards": 2.0, "red_cards": 0.0, "position": "D", "team_title": "VfB Stuttgart", "npg": 1.0, "npxG": 0.22, "xGChain": 3.46, "xGBuildup": 3.34}, {"player_name": "Ermin Bicakcic", "games": 25.0, "time": 1783.0, "goals": 1.0, "xG": 2.25, "assists": 2.0, "xA": 0.71, "shots": 9.0, "key_passes": 5.0, "yellow_cards": 0.0, "red_cards": 0.0, "position": "D S", "team_title": "Hoffenheim", "npg": 1.0, "npxG": 2.25, "xGChain": 9.64, "xGBuildup": 9.61}, {"player_name": "Miiko Albornoz", "games": 22.0, "time": 1654.0, "goals": 1.0, "xG": 0.25, "assists": 3.0, "xA": 1.52, "shots": 11.0, "key_passes": 18.0, "yellow_cards": 3.0, "red_cards": 1.0, "position": "D M S", "team_title": "Hannover 96", "npg": 1.0, "npxG": 0.25, "xGChain": 4.03, "xGBuildup": 2.55}, {"player_name": "Waldemar Anton", "games": 34.0, "time": 3060.0, "goals": 1.0, "xG": 1.22, "assists": 0.0, "xA": 0.19, "shots": 23.0, "key_passes": 5.0, "yellow_cards": 4.0, "red_cards": 0.0, "position": "D M", "team_title": "Hannover 96", "npg": 1.0, "npxG": 1.22, "xGChain": 5.1, "xGBuildup": 4.88}, {"player_name": "Dominique Heintz", "games": 34.0, "time": 3055.0, "goals": 1.0, "xG": 1.26, "assists": 1.0, "xA": 1.12, "shots": 10.0, "key_passes": 9.0, "yellow_cards": 5.0, "red_cards": 0.0, "position": "D", "team_title": "Freiburg", "npg": 1.0, "npxG": 1.26, "xGChain": 5.7, "xGBuildup": 5.45}, {"player_name": "Oscar Wendt", "games": 32.0, "time": 2730.0, "goals": 1.0, "xG": 0.48, "assists": 1.0, "xA": 2.35, "shots": 8.0, "key_passes": 25.0, "yellow_cards": 2.0, "red_cards": 0.0, "position": "D M S", "team_title": "Borussia M.Gladbach", "npg": 1.0, "npxG": 0.48, "xGChain": 10.71, "xGBuildup": 8.96}, {"player_name": "Rafinha", "games": 16.0, "time": 900.0, "goals": 1.0, "xG": 0.12, "assists": 1.0, "xA": 0.82, "shots": 4.0, "key_passes": 5.0, "yellow_cards": 1.0, "red_cards": 0.0, "position": "D S", "team_title": "Bayern Munich", "npg": 1.0, "npxG": 0.12, "xGChain": 4.43, "xGBuildup": 4.17}, {"player_name": "Alfredo Morales", "games": 23.0, "time": 1522.0, "goals": 1.0, "xG": 0.74, "assists": 1.0, "xA": 1.02, "shots": 19.0, "key_passes": 8.0, "yellow_cards": 6.0, "red_cards": 0.0, "position": "M S", "team_title": "Fortuna Duesseldorf", "npg": 1.0, "npxG": 0.74, "xGChain": 2.56, "xGBuildup": 1.05}, {"player_name": "Leonardo Bittencourt", "games": 21.0, "time": 1070.0, "goals": 1.0, "xG": 3.28, "assists": 3.0, "xA": 2.75, "shots": 23.0, "key_passes": 22.0, "yellow_cards": 1.0, "red_cards": 0.0, "position": "M S", "team_title": "Hoffenheim", "npg": 1.0, "npxG": 3.28, "xGChain": 10.36, "xGBuildup": 5.39}, {"player_name": "Bastian Oczipka", "games": 21.0, "time": 1877.0, "goals": 1.0, "xG": 0.37, "assists": 5.0, "xA": 4.18, "shots": 13.0, "key_passes": 45.0, "yellow_cards": 3.0, "red_cards": 0.0, "position": "D M", "team_title": "Schalke 04", "npg": 1.0, "npxG": 0.37, "xGChain": 5.04, "xGBuildup": 3.11}, {"player_name": "Lukasz Piszczek", "games": 20.0, "time": 1764.0, "goals": 1.0, "xG": 0.52, "assists": 6.0, "xA": 3.03, "shots": 12.0, "key_passes": 21.0, "yellow_cards": 3.0, "red_cards": 0.0, "position": "D", "team_title": "Borussia Dortmund", "npg": 1.0, "npxG": 0.52, "xGChain": 9.9, "xGBuildup": 8.08}, {"player_name": "Fabian Johnson", "games": 18.0, "time": 1007.0, "goals": 1.0, "xG": 1.11, "assists": 0.0, "xA": 0.53, "shots": 3.0, "key_passes": 4.0, "yellow_cards": 1.0, "red_cards": 0.0, "position": "D F S", "team_title": "Borussia M.Gladbach", "npg": 1.0, "npxG": 1.11, "xGChain": 3.54, "xGBuildup": 2.5}, {"player_name": "Felix Klaus", "games": 15.0, "time": 430.0, "goals": 1.0, "xG": 1.99, "assists": 1.0, "xA": 2.21, "shots": 16.0, "key_passes": 5.0, "yellow_cards": 0.0, "red_cards": 0.0, "position": "F M S", "team_title": "Wolfsburg", "npg": 1.0, "npxG": 1.99, "xGChain": 4.12, "xGBuildup": 1.91}, {"player_name": "Julian Weigl", "games": 18.0, "time": 1456.0, "goals": 1.0, "xG": 0.18, "assists": 0.0, "xA": 0.11, "shots": 3.0, "key_passes": 2.0, "yellow_cards": 3.0, "red_cards": 0.0, "position": "D M S", "team_title": "Borussia Dortmund", "npg": 1.0, "npxG": 0.18, "xGChain": 6.75, "xGBuildup": 6.56}, {"player_name": "Mats Hummels", "games": 21.0, "time": 1778.0, "goals": 1.0, "xG": 2.71, "assists": 1.0, "xA": 0.94, "shots": 19.0, "key_passes": 13.0, "yellow_cards": 1.0, "red_cards": 0.0, "position": "D S", "team_title": "Bayern Munich", "npg": 1.0, "npxG": 2.71, "xGChain": 13.63, "xGBuildup": 13.13}, {"player_name": "Niklas Stark", "games": 22.0, "time": 1871.0, "goals": 1.0, "xG": 0.8, "assists": 0.0, "xA": 0.32, "shots": 11.0, "key_passes": 3.0, "yellow_cards": 5.0, "red_cards": 0.0, "position": "D", "team_title": "Hertha Berlin", "npg": 1.0, "npxG": 0.8, "xGChain": 5.6, "xGBuildup": 5.3}, {"player_name": "Maximilian Mittelstädt", "games": 25.0, "time": 1802.0, "goals": 1.0, "xG": 1.58, "assists": 1.0, "xA": 1.54, "shots": 23.0, "key_passes": 20.0, "yellow_cards": 2.0, "red_cards": 1.0, "position": "D F M S", "team_title": "Hertha Berlin", "npg": 1.0, "npxG": 1.58, "xGChain": 7.64, "xGBuildup": 5.35}, {"player_name": "Lars Bender", "games": 20.0, "time": 1371.0, "goals": 1.0, "xG": 0.85, "assists": 4.0, "xA": 1.38, "shots": 15.0, "key_passes": 14.0, "yellow_cards": 2.0, "red_cards": 0.0, "position": "D M S", "team_title": "Bayer Leverkusen", "npg": 1.0, "npxG": 0.85, "xGChain": 5.22, "xGBuildup": 3.88}, {"player_name": "Nico Schulz", "games": 30.0, "time": 2548.0, "goals": 1.0, "xG": 2.32, "assists": 5.0, "xA": 10.7, "shots": 30.0, "key_passes": 61.0, "yellow_cards": 6.0, "red_cards": 0.0, "position": "D M S", "team_title": "Hoffenheim", "npg": 1.0, "npxG": 2.32, "xGChain": 21.96, "xGBuildup": 12.04}, {"player_name": "Matija Nastasic", "games": 28.0, "time": 2453.0, "goals": 1.0, "xG": 2.3, "assists": 0.0, "xA": 0.17, "shots": 21.0, "key_passes": 5.0, "yellow_cards": 6.0, "red_cards": 1.0, "position": "D", "team_title": "Schalke 04", "npg": 1.0, "npxG": 2.3, "xGChain": 3.95, "xGBuildup": 3.78}, {"player_name": "Matthias Zimmermann", "games": 34.0, "time": 3051.0, "goals": 1.0, "xG": 0.41, "assists": 3.0, "xA": 2.94, "shots": 15.0, "key_passes": 20.0, "yellow_cards": 4.0, "red_cards": 0.0, "position": "D M", "team_title": "Fortuna Duesseldorf", "npg": 1.0, "npxG": 0.41, "xGChain": 9.32, "xGBuildup": 6.71}, {"player_name": "Alessandro Schöpf", "games": 15.0, "time": 1001.0, "goals": 1.0, "xG": 1.2, "assists": 0.0, "xA": 1.4, "shots": 18.0, "key_passes": 13.0, "yellow_cards": 3.0, "red_cards": 0.0, "position": "D M S", "team_title": "Schalke 04", "npg": 1.0, "npxG": 1.2, "xGChain": 4.32, "xGBuildup": 2.18}, {"player_name": "Nuri Sahin", "games": 20.0, "time": 1496.0, "goals": 1.0, "xG": 0.55, "assists": 1.0, "xA": 0.9, "shots": 12.0, "key_passes": 16.0, "yellow_cards": 5.0, "red_cards": 0.0, "position": "D M S", "team_title": "Werder Bremen", "npg": 1.0, "npxG": 0.55, "xGChain": 4.55, "xGBuildup": 3.84}, {"player_name": "Erik Thommy", "games": 19.0, "time": 785.0, "goals": 1.0, "xG": 1.13, "assists": 1.0, "xA": 1.41, "shots": 25.0, "key_passes": 18.0, "yellow_cards": 2.0, "red_cards": 1.0, "position": "F M S", "team_title": "VfB Stuttgart", "npg": 1.0, "npxG": 1.13, "xGChain": 3.38, "xGBuildup": 1.62}, {"player_name": "Milos Veljkovic", "games": 23.0, "time": 1879.0, "goals": 1.0, "xG": 0.58, "assists": 0.0, "xA": 0.26, "shots": 9.0, "key_passes": 4.0, "yellow_cards": 5.0, "red_cards": 2.0, "position": "D S", "team_title": "Werder Bremen", "npg": 1.0, "npxG": 0.58, "xGChain": 6.25, "xGBuildup": 6.25}, {"player_name": "Marius Wolf", "games": 16.0, "time": 835.0, "goals": 1.0, "xG": 0.3, "assists": 0.0, "xA": 1.6, "shots": 7.0, "key_passes": 8.0, "yellow_cards": 1.0, "red_cards": 1.0, "position": "D F M S", "team_title": "Borussia Dortmund", "npg": 1.0, "npxG": 0.3, "xGChain": 2.9, "xGBuildup": 1.89}, {"player_name": "Gelson Fernandes", "games": 28.0, "time": 2250.0, "goals": 1.0, "xG": 0.77, "assists": 0.0, "xA": 0.49, "shots": 4.0, "key_passes": 4.0, "yellow_cards": 9.0, "red_cards": 1.0, "position": "M", "team_title": "Eintracht Frankfurt", "npg": 1.0, "npxG": 0.77, "xGChain": 6.77, "xGBuildup": 5.53}, {"player_name": "Maximilian Philipp", "games": 18.0, "time": 764.0, "goals": 1.0, "xG": 0.89, "assists": 1.0, "xA": 0.17, "shots": 13.0, "key_passes": 5.0, "yellow_cards": 0.0, "red_cards": 0.0, "position": "F M S", "team_title": "Borussia Dortmund", "npg": 1.0, "npxG": 0.89, "xGChain": 1.86, "xGBuildup": 1.14}, {"player_name": "Marvin Bakalorz", "games": 25.0, "time": 1465.0, "goals": 1.0, "xG": 0.5, "assists": 0.0, "xA": 0.5, "shots": 11.0, "key_passes": 8.0, "yellow_cards": 5.0, "red_cards": 0.0, "position": "M S", "team_title": "Hannover 96", "npg": 1.0, "npxG": 0.5, "xGChain": 2.83, "xGBuildup": 2.41}, {"player_name": "Janik Haberer", "games": 27.0, "time": 2347.0, "goals": 1.0, "xG": 1.04, "assists": 3.0, "xA": 3.2, "shots": 26.0, "key_passes": 46.0, "yellow_cards": 4.0, "red_cards": 1.0, "position": "M S", "team_title": "Freiburg", "npg": 1.0, "npxG": 1.04, "xGChain": 8.1, "xGBuildup": 5.04}, {"player_name": "Marvin Ducksch", "games": 16.0, "time": 813.0, "goals": 1.0, "xG": 1.74, "assists": 1.0, "xA": 1.96, "shots": 18.0, "key_passes": 19.0, "yellow_cards": 1.0, "red_cards": 0.0, "position": "F S", "team_title": "Fortuna Duesseldorf", "npg": 1.0, "npxG": 1.74, "xGChain": 3.59, "xGBuildup": 1.13}, {"player_name": "Abdou Diallo", "games": 28.0, "time": 2383.0, "goals": 1.0, "xG": 2.79, "assists": 1.0, "xA": 0.78, "shots": 9.0, "key_passes": 11.0, "yellow_cards": 1.0, "red_cards": 1.0, "position": "D S", "team_title": "Borussia Dortmund", "npg": 1.0, "npxG": 2.79, "xGChain": 14.36, "xGBuildup": 13.92}, {"player_name": "Walace", "games": 26.0, "time": 2004.0, "goals": 1.0, "xG": 0.51, "assists": 1.0, "xA": 0.56, "shots": 19.0, "key_passes": 14.0, "yellow_cards": 5.0, "red_cards": 0.0, "position": "M S", "team_title": "Hannover 96", "npg": 1.0, "npxG": 0.51, "xGChain": 5.66, "xGBuildup": 4.96}, {"player_name": "Renato Sanches", "games": 17.0, "time": 553.0, "goals": 1.0, "xG": 0.79, "assists": 1.0, "xA": 0.82, "shots": 17.0, "key_passes": 9.0, "yellow_cards": 1.0, "red_cards": 1.0, "position": "M S", "team_title": "Bayern Munich", "npg": 1.0, "npxG": 0.79, "xGChain": 4.51, "xGBuildup": 3.64}, {"player_name": "Kevin Danso", "games": 18.0, "time": 1245.0, "goals": 1.0, "xG": 0.4, "assists": 1.0, "xA": 0.34, "shots": 10.0, "key_passes": 2.0, "yellow_cards": 3.0, "red_cards": 0.0, "position": "D S", "team_title": "Augsburg", "npg": 1.0, "npxG": 0.4, "xGChain": 2.45, "xGBuildup": 2.38}, {"player_name": "Takashi Usami", "games": 19.0, "time": 862.0, "goals": 1.0, "xG": 2.17, "assists": 2.0, "xA": 0.55, "shots": 27.0, "key_passes": 13.0, "yellow_cards": 1.0, "red_cards": 0.0, "position": "M S", "team_title": "Fortuna Duesseldorf", "npg": 1.0, "npxG": 2.17, "xGChain": 3.77, "xGBuildup": 1.48}, {"player_name": "Manuel Gulde", "games": 21.0, "time": 1714.0, "goals": 1.0, "xG": 0.6, "assists": 0.0, "xA": 0.12, "shots": 6.0, "key_passes": 3.0, "yellow_cards": 3.0, "red_cards": 0.0, "position": "D S", "team_title": "Freiburg", "npg": 1.0, "npxG": 0.6, "xGChain": 2.04, "xGBuildup": 1.94}, {"player_name": "Weston McKennie", "games": 24.0, "time": 1745.0, "goals": 1.0, "xG": 2.59, "assists": 4.0, "xA": 2.61, "shots": 25.0, "key_passes": 19.0, "yellow_cards": 6.0, "red_cards": 0.0, "position": "D F M S", "team_title": "Schalke 04", "npg": 1.0, "npxG": 2.59, "xGChain": 5.8, "xGBuildup": 3.16}, {"player_name": "Nordi Mukiele", "games": 19.0, "time": 1231.0, "goals": 1.0, "xG": 0.61, "assists": 1.0, "xA": 1.67, "shots": 8.0, "key_passes": 11.0, "yellow_cards": 3.0, "red_cards": 0.0, "position": "D S", "team_title": "RasenBallsport Leipzig", "npg": 1.0, "npxG": 0.61, "xGChain": 5.38, "xGBuildup": 4.25}, {"player_name": "Amine Harit", "games": 18.0, "time": 1085.0, "goals": 1.0, "xG": 1.09, "assists": 1.0, "xA": 1.19, "shots": 12.0, "key_passes": 21.0, "yellow_cards": 1.0, "red_cards": 0.0, "position": "F M S", "team_title": "Schalke 04", "npg": 1.0, "npxG": 1.09, "xGChain": 4.49, "xGBuildup": 2.24}, {"player_name": "Moussa Niakhate", "games": 33.0, "time": 2788.0, "goals": 1.0, "xG": 1.89, "assists": 1.0, "xA": 0.45, "shots": 10.0, "key_passes": 10.0, "yellow_cards": 3.0, "red_cards": 0.0, "position": "D S", "team_title": "Mainz 05", "npg": 1.0, "npxG": 1.89, "xGChain": 6.0, "xGBuildup": 5.82}, {"player_name": "Ludwig Augustinsson", "games": 34.0, "time": 3032.0, "goals": 1.0, "xG": 1.62, "assists": 4.0, "xA": 2.24, "shots": 21.0, "key_passes": 28.0, "yellow_cards": 5.0, "red_cards": 0.0, "position": "D M", "team_title": "Werder Bremen", "npg": 1.0, "npxG": 1.62, "xGChain": 11.35, "xGBuildup": 9.91}, {"player_name": "Konrad Laimer", "games": 29.0, "time": 1875.0, "goals": 1.0, "xG": 2.74, "assists": 1.0, "xA": 2.74, "shots": 14.0, "key_passes": 20.0, "yellow_cards": 7.0, "red_cards": 0.0, "position": "D M S", "team_title": "RasenBallsport Leipzig", "npg": 1.0, "npxG": 2.74, "xGChain": 8.0, "xGBuildup": 4.62}, {"player_name": "Robin Koch", "games": 24.0, "time": 1898.0, "goals": 1.0, "xG": 1.09, "assists": 0.0, "xA": 0.4, "shots": 11.0, "key_passes": 5.0, "yellow_cards": 3.0, "red_cards": 0.0, "position": "D M S", "team_title": "Freiburg", "npg": 1.0, "npxG": 1.09, "xGChain": 2.91, "xGBuildup": 2.71}, {"player_name": "Törles Knöll", "games": 16.0, "time": 357.0, "goals": 1.0, "xG": 1.1, "assists": 0.0, "xA": 0.07, "shots": 7.0, "key_passes": 2.0, "yellow_cards": 0.0, "red_cards": 0.0, "position": "F S", "team_title": "Nuernberg", "npg": 1.0, "npxG": 1.1, "xGChain": 1.39, "xGBuildup": 0.22}, {"player_name": "Ibrahima Konaté", "games": 28.0, "time": 2431.0, "goals": 1.0, "xG": 1.55, "assists": 1.0, "xA": 0.35, "shots": 13.0, "key_passes": 6.0, "yellow_cards": 7.0, "red_cards": 0.0, "position": "D S", "team_title": "RasenBallsport Leipzig", "npg": 1.0, "npxG": 1.55, "xGChain": 7.26, "xGBuildup": 7.06}, {"player_name": "Manuel Akanji", "games": 25.0, "time": 2206.0, "goals": 1.0, "xG": 0.38, "assists": 0.0, "xA": 0.62, "shots": 8.0, "key_passes": 6.0, "yellow_cards": 1.0, "red_cards": 0.0, "position": "D", "team_title": "Borussia Dortmund", "npg": 1.0, "npxG": 0.38, "xGChain": 10.85, "xGBuildup": 10.31}, {"player_name": "Linton Maina", "games": 20.0, "time": 1444.0, "goals": 1.0, "xG": 1.85, "assists": 3.0, "xA": 3.28, "shots": 21.0, "key_passes": 15.0, "yellow_cards": 0.0, "red_cards": 0.0, "position": "D F M S", "team_title": "Hannover 96", "npg": 1.0, "npxG": 1.85, "xGChain": 5.68, "xGBuildup": 1.49}, {"player_name": "Lukas Mühl", "games": 31.0, "time": 2790.0, "goals": 1.0, "xG": 1.24, "assists": 0.0, "xA": 0.37, "shots": 12.0, "key_passes": 4.0, "yellow_cards": 4.0, "red_cards": 0.0, "position": "D", "team_title": "Nuernberg", "npg": 1.0, "npxG": 1.24, "xGChain": 3.74, "xGBuildup": 3.41}, {"player_name": "Yuya Kubo", "games": 22.0, "time": 1367.0, "goals": 1.0, "xG": 2.15, "assists": 0.0, "xA": 0.7, "shots": 29.0, "key_passes": 11.0, "yellow_cards": 2.0, "red_cards": 0.0, "position": "F M S", "team_title": "Nuernberg", "npg": 1.0, "npxG": 2.15, "xGChain": 5.54, "xGBuildup": 3.01}, {"player_name": "Evan Ndicka", "games": 27.0, "time": 2304.0, "goals": 1.0, "xG": 1.43, "assists": 1.0, "xA": 0.09, "shots": 13.0, "key_passes": 4.0, "yellow_cards": 3.0, "red_cards": 0.0, "position": "D S", "team_title": "Eintracht Frankfurt", "npg": 1.0, "npxG": 1.43, "xGChain": 5.97, "xGBuildup": 5.89}, {"player_name": "Jean Zimmer", "games": 18.0, "time": 1444.0, "goals": 1.0, "xG": 0.73, "assists": 2.0, "xA": 2.97, "shots": 10.0, "key_passes": 35.0, "yellow_cards": 2.0, "red_cards": 0.0, "position": "D M S", "team_title": "Fortuna Duesseldorf", "npg": 1.0, "npxG": 0.73, "xGChain": 5.9, "xGBuildup": 3.31}, {"player_name": "Kevin Stöger", "games": 25.0, "time": 2124.0, "goals": 1.0, "xG": 2.38, "assists": 7.0, "xA": 6.73, "shots": 33.0, "key_passes": 54.0, "yellow_cards": 8.0, "red_cards": 0.0, "position": "M S", "team_title": "Fortuna Duesseldorf", "npg": 1.0, "npxG": 2.38, "xGChain": 11.19, "xGBuildup": 7.17}, {"player_name": "Virgil Misidjan", "games": 23.0, "time": 1545.0, "goals": 1.0, "xG": 2.75, "assists": 1.0, "xA": 0.9, "shots": 23.0, "key_passes": 8.0, "yellow_cards": 5.0, "red_cards": 0.0, "position": "F M S", "team_title": "Nuernberg", "npg": 1.0, "npxG": 2.75, "xGChain": 3.34, "xGBuildup": 0.86}, {"player_name": "Michael Lang", "games": 17.0, "time": 1269.0, "goals": 1.0, "xG": 2.33, "assists": 0.0, "xA": 0.49, "shots": 11.0, "key_passes": 4.0, "yellow_cards": 0.0, "red_cards": 0.0, "position": "D S", "team_title": "Borussia M.Gladbach", "npg": 1.0, "npxG": 2.33, "xGChain": 5.07, "xGBuildup": 3.38}, {"player_name": "Christian Mathenia", "games": 22.0, "time": 1933.0, "goals": 0.0, "xG": 0.0, "assists": 0.0, "xA": 0.1, "shots": 0.0, "key_passes": 1.0, "yellow_cards": 2.0, "red_cards": 0.0, "position": "GK", "team_title": "Nuernberg", "npg": 0.0, "npxG": 0.0, "xGChain": 1.94, "xGBuildup": 1.84}, {"player_name": "Rune Jarstein", "games": 31.0, "time": 2747.0, "goals": 0.0, "xG": 0.0, "assists": 0.0, "xA": 0.0, "shots": 0.0, "key_passes": 0.0, "yellow_cards": 2.0, "red_cards": 0.0, "position": "GK", "team_title": "Hertha Berlin", "npg": 0.0, "npxG": 0.0, "xGChain": 1.56, "xGBuildup": 1.56}, {"player_name": "Sebastian Langkamp", "games": 21.0, "time": 1406.0, "goals": 0.0, "xG": 1.08, "assists": 0.0, "xA": 0.69, "shots": 10.0, "key_passes": 5.0, "yellow_cards": 4.0, "red_cards": 0.0, "position": "D S", "team_title": "Werder Bremen", "npg": 0.0, "npxG": 1.08, "xGChain": 3.62, "xGBuildup": 3.58}, {"player_name": "Per Skjelbred", "games": 16.0, "time": 997.0, "goals": 0.0, "xG": 0.47, "assists": 1.0, "xA": 0.25, "shots": 5.0, "key_passes": 8.0, "yellow_cards": 3.0, "red_cards": 0.0, "position": "M S", "team_title": "Hertha Berlin", "npg": 0.0, "npxG": 0.47, "xGChain": 2.98, "xGBuildup": 2.44}, {"player_name": "Fabian Lustenberger", "games": 29.0, "time": 2168.0, "goals": 0.0, "xG": 0.13, "assists": 1.0, "xA": 0.83, "shots": 2.0, "key_passes": 4.0, "yellow_cards": 1.0, "red_cards": 0.0, "position": "D M S", "team_title": "Hertha Berlin", "npg": 0.0, "npxG": 0.13, "xGChain": 4.78, "xGBuildup": 4.67}, {"player_name": "Genki Haraguchi", "games": 28.0, "time": 2128.0, "goals": 0.0, "xG": 2.35, "assists": 3.0, "xA": 2.94, "shots": 32.0, "key_passes": 27.0, "yellow_cards": 1.0, "red_cards": 0.0, "position": "D F M S", "team_title": "Hannover 96", "npg": 0.0, "npxG": 2.35, "xGChain": 7.61, "xGBuildup": 3.15}, {"player_name": "Stefan Bell", "games": 25.0, "time": 2250.0, "goals": 0.0, "xG": 1.7, "assists": 0.0, "xA": 1.29, "shots": 17.0, "key_passes": 21.0, "yellow_cards": 7.0, "red_cards": 0.0, "position": "D", "team_title": "Mainz 05", "npg": 0.0, "npxG": 1.7, "xGChain": 3.62, "xGBuildup": 2.48}, {"player_name": "Julian Baumgartlinger", "games": 21.0, "time": 1548.0, "goals": 0.0, "xG": 0.4, "assists": 1.0, "xA": 0.52, "shots": 10.0, "key_passes": 10.0, "yellow_cards": 2.0, "red_cards": 0.0, "position": "M S", "team_title": "Bayer Leverkusen", "npg": 0.0, "npxG": 0.4, "xGChain": 8.23, "xGBuildup": 7.5}, {"player_name": "Danny Latza", "games": 24.0, "time": 1886.0, "goals": 0.0, "xG": 3.07, "assists": 3.0, "xA": 2.09, "shots": 40.0, "key_passes": 23.0, "yellow_cards": 4.0, "red_cards": 0.0, "position": "M S", "team_title": "Mainz 05", "npg": 0.0, "npxG": 3.07, "xGChain": 8.44, "xGBuildup": 4.98}, {"player_name": "Christian Gentner", "games": 29.0, "time": 2027.0, "goals": 0.0, "xG": 2.79, "assists": 5.0, "xA": 2.1, "shots": 29.0, "key_passes": 18.0, "yellow_cards": 3.0, "red_cards": 0.0, "position": "M S", "team_title": "VfB Stuttgart", "npg": 0.0, "npxG": 2.79, "xGChain": 9.39, "xGBuildup": 6.1}, {"player_name": "Oliver Baumann", "games": 33.0, "time": 2970.0, "goals": 0.0, "xG": 0.0, "assists": 1.0, "xA": 0.14, "shots": 0.0, "key_passes": 2.0, "yellow_cards": 0.0, "red_cards": 0.0, "position": "GK", "team_title": "Hoffenheim", "npg": 0.0, "npxG": 0.0, "xGChain": 8.05, "xGBuildup": 7.99}, {"player_name": "Tobias Strobl", "games": 29.0, "time": 2291.0, "goals": 0.0, "xG": 0.81, "assists": 4.0, "xA": 2.13, "shots": 7.0, "key_passes": 17.0, "yellow_cards": 4.0, "red_cards": 0.0, "position": "D M S", "team_title": "Borussia M.Gladbach", "npg": 0.0, "npxG": 0.81, "xGChain": 7.15, "xGBuildup": 6.54}, {"player_name": "Pirmin Schwegler", "games": 27.0, "time": 2091.0, "goals": 0.0, "xG": 0.27, "assists": 1.0, "xA": 2.14, "shots": 12.0, "key_passes": 38.0, "yellow_cards": 7.0, "red_cards": 0.0, "position": "D M S", "team_title": "Hannover 96", "npg": 0.0, "npxG": 0.27, "xGChain": 4.45, "xGBuildup": 4.01}, {"player_name": "Sebastian Rudy", "games": 21.0, "time": 1358.0, "goals": 0.0, "xG": 0.2, "assists": 0.0, "xA": 1.31, "shots": 5.0, "key_passes": 13.0, "yellow_cards": 4.0, "red_cards": 0.0, "position": "M S", "team_title": "Schalke 04", "npg": 0.0, "npxG": 0.2, "xGChain": 2.64, "xGBuildup": 1.81}, {"player_name": "Ron-Robert Zieler", "games": 34.0, "time": 3060.0, "goals": 0.0, "xG": 0.0, "assists": 0.0, "xA": 0.02, "shots": 0.0, "key_passes": 1.0, "yellow_cards": 3.0, "red_cards": 0.0, "position": "GK", "team_title": "VfB Stuttgart", "npg": 0.0, "npxG": 0.0, "xGChain": 2.92, "xGBuildup": 2.91}, {"player_name": "Philipp Bargfrede", "games": 15.0, "time": 1092.0, "goals": 0.0, "xG": 0.13, "assists": 0.0, "xA": 0.11, "shots": 7.0, "key_passes": 4.0, "yellow_cards": 6.0, "red_cards": 0.0, "position": "D M S", "team_title": "Werder Bremen", "npg": 0.0, "npxG": 0.13, "xGChain": 2.46, "xGBuildup": 2.3}, {"player_name": "Florian Grillitsch", "games": 30.0, "time": 2400.0, "goals": 0.0, "xG": 1.2, "assists": 3.0, "xA": 2.96, "shots": 32.0, "key_passes": 27.0, "yellow_cards": 8.0, "red_cards": 0.0, "position": "D M S", "team_title": "Hoffenheim", "npg": 0.0, "npxG": 1.2, "xGChain": 16.88, "xGBuildup": 13.91}, {"player_name": "Levin Öztunali", "games": 15.0, "time": 929.0, "goals": 0.0, "xG": 0.43, "assists": 1.0, "xA": 1.06, "shots": 16.0, "key_passes": 6.0, "yellow_cards": 3.0, "red_cards": 0.0, "position": "F M S", "team_title": "Mainz 05", "npg": 0.0, "npxG": 0.43, "xGChain": 2.36, "xGBuildup": 1.02}, {"player_name": "Kevin Vogt", "games": 28.0, "time": 2406.0, "goals": 0.0, "xG": 0.13, "assists": 0.0, "xA": 0.25, "shots": 4.0, "key_passes": 6.0, "yellow_cards": 5.0, "red_cards": 0.0, "position": "D M", "team_title": "Hoffenheim", "npg": 0.0, "npxG": 0.13, "xGChain": 14.63, "xGBuildup": 14.57}, {"player_name": "Koen Casteels", "games": 26.0, "time": 2299.0, "goals": 0.0, "xG": 0.0, "assists": 0.0, "xA": 0.0, "shots": 0.0, "key_passes": 0.0, "yellow_cards": 0.0, "red_cards": 0.0, "position": "GK", "team_title": "Wolfsburg", "npg": 0.0, "npxG": 0.0, "xGChain": 3.32, "xGBuildup": 3.32}, {"player_name": "Matthias Ostrzolek", "games": 18.0, "time": 1465.0, "goals": 0.0, "xG": 0.2, "assists": 0.0, "xA": 0.34, "shots": 6.0, "key_passes": 7.0, "yellow_cards": 2.0, "red_cards": 0.0, "position": "D M S", "team_title": "Hannover 96", "npg": 0.0, "npxG": 0.2, "xGChain": 2.55, "xGBuildup": 2.11}, {"player_name": "Yann Sommer", "games": 34.0, "time": 3060.0, "goals": 0.0, "xG": 0.0, "assists": 0.0, "xA": 0.02, "shots": 0.0, "key_passes": 1.0, "yellow_cards": 1.0, "red_cards": 0.0, "position": "GK", "team_title": "Borussia M.Gladbach", "npg": 0.0, "npxG": 0.0, "xGChain": 5.87, "xGBuildup": 5.85}, {"player_name": "Ibrahima Traoré", "games": 16.0, "time": 549.0, "goals": 0.0, "xG": 0.8, "assists": 2.0, "xA": 2.96, "shots": 15.0, "key_passes": 14.0, "yellow_cards": 1.0, "red_cards": 0.0, "position": "F M S", "team_title": "Borussia M.Gladbach", "npg": 0.0, "npxG": 0.8, "xGChain": 5.48, "xGBuildup": 2.12}, {"player_name": "Manuel Neuer", "games": 26.0, "time": 2304.0, "goals": 0.0, "xG": 0.0, "assists": 0.0, "xA": 0.0, "shots": 0.0, "key_passes": 0.0, "yellow_cards": 1.0, "red_cards": 0.0, "position": "GK", "team_title": "Bayern Munich", "npg": 0.0, "npxG": 0.0, "xGChain": 7.11, "xGBuildup": 7.11}, {"player_name": "Jérôme Boateng", "games": 20.0, "time": 1695.0, "goals": 0.0, "xG": 0.59, "assists": 2.0, "xA": 1.14, "shots": 14.0, "key_passes": 11.0, "yellow_cards": 1.0, "red_cards": 0.0, "position": "D S", "team_title": "Bayern Munich", "npg": 0.0, "npxG": 0.59, "xGChain": 10.73, "xGBuildup": 10.65}, {"player_name": "Robert Bauer", "games": 22.0, "time": 1730.0, "goals": 0.0, "xG": 0.17, "assists": 0.0, "xA": 0.8, "shots": 8.0, "key_passes": 12.0, "yellow_cards": 3.0, "red_cards": 1.0, "position": "D S", "team_title": "Nuernberg", "npg": 0.0, "npxG": 0.17, "xGChain": 3.17, "xGBuildup": 2.93}, {"player_name": "Daniel Baier", "games": 33.0, "time": 2832.0, "goals": 0.0, "xG": 0.6, "assists": 1.0, "xA": 1.08, "shots": 26.0, "key_passes": 22.0, "yellow_cards": 7.0, "red_cards": 0.0, "position": "M", "team_title": "Augsburg", "npg": 0.0, "npxG": 0.6, "xGChain": 8.72, "xGBuildup": 7.79}, {"player_name": "Dominik Kohr", "games": 18.0, "time": 957.0, "goals": 0.0, "xG": 1.42, "assists": 2.0, "xA": 1.88, "shots": 16.0, "key_passes": 9.0, "yellow_cards": 4.0, "red_cards": 0.0, "position": "M S", "team_title": "Bayer Leverkusen", "npg": 0.0, "npxG": 1.42, "xGChain": 5.05, "xGBuildup": 3.14}, {"player_name": "Alexander Esswein", "games": 17.0, "time": 1268.0, "goals": 0.0, "xG": 1.56, "assists": 0.0, "xA": 1.2, "shots": 29.0, "key_passes": 19.0, "yellow_cards": 3.0, "red_cards": 0.0, "position": "D F M S", "team_title": "VfB Stuttgart", "npg": 0.0, "npxG": 1.56, "xGChain": 3.97, "xGBuildup": 2.05}, {"player_name": "Lukas Hradecky", "games": 32.0, "time": 2880.0, "goals": 0.0, "xG": 0.0, "assists": 0.0, "xA": 0.04, "shots": 0.0, "key_passes": 1.0, "yellow_cards": 1.0, "red_cards": 0.0, "position": "GK", "team_title": "Bayer Leverkusen", "npg": 0.0, "npxG": 0.0, "xGChain": 5.88, "xGBuildup": 5.84}, {"player_name": "Makoto Hasebe", "games": 28.0, "time": 2520.0, "goals": 0.0, "xG": 0.06, "assists": 0.0, "xA": 0.63, "shots": 2.0, "key_passes": 7.0, "yellow_cards": 4.0, "red_cards": 0.0, "position": "D M", "team_title": "Eintracht Frankfurt", "npg": 0.0, "npxG": 0.06, "xGChain": 5.29, "xGBuildup": 4.6}, {"player_name": "David Abraham", "games": 17.0, "time": 1423.0, "goals": 0.0, "xG": 1.14, "assists": 0.0, "xA": 0.31, "shots": 5.0, "key_passes": 5.0, "yellow_cards": 2.0, "red_cards": 0.0, "position": "D", "team_title": "Eintracht Frankfurt", "npg": 0.0, "npxG": 1.14, "xGChain": 1.51, "xGBuildup": 1.41}, {"player_name": "Mijat Gacinovic", "games": 29.0, "time": 1608.0, "goals": 0.0, "xG": 1.51, "assists": 1.0, "xA": 2.17, "shots": 21.0, "key_passes": 19.0, "yellow_cards": 3.0, "red_cards": 0.0, "position": "M S", "team_title": "Eintracht Frankfurt", "npg": 0.0, "npxG": 1.51, "xGChain": 6.63, "xGBuildup": 3.55}, {"player_name": "Roman Bürki", "games": 32.0, "time": 2880.0, "goals": 0.0, "xG": 0.0, "assists": 0.0, "xA": 0.0, "shots": 0.0, "key_passes": 0.0, "yellow_cards": 1.0, "red_cards": 0.0, "position": "GK", "team_title": "Borussia Dortmund", "npg": 0.0, "npxG": 0.0, "xGChain": 8.76, "xGBuildup": 8.76}, {"player_name": "Sven Bender", "games": 27.0, "time": 1999.0, "goals": 0.0, "xG": 0.64, "assists": 0.0, "xA": 0.19, "shots": 14.0, "key_passes": 3.0, "yellow_cards": 3.0, "red_cards": 0.0, "position": "D S", "team_title": "Bayer Leverkusen", "npg": 0.0, "npxG": 0.64, "xGChain": 6.76, "xGBuildup": 6.46}, {"player_name": "Pascal Stenzel", "games": 21.0, "time": 1461.0, "goals": 0.0, "xG": 0.87, "assists": 2.0, "xA": 1.51, "shots": 25.0, "key_passes": 16.0, "yellow_cards": 4.0, "red_cards": 1.0, "position": "D S", "team_title": "Freiburg", "npg": 0.0, "npxG": 0.87, "xGChain": 4.92, "xGBuildup": 3.26}, {"player_name": "Ralf Fährmann", "games": 17.0, "time": 1469.0, "goals": 0.0, "xG": 0.0, "assists": 0.0, "xA": 0.0, "shots": 0.0, "key_passes": 0.0, "yellow_cards": 0.0, "red_cards": 0.0, "position": "GK S", "team_title": "Schalke 04", "npg": 0.0, "npxG": 0.0, "xGChain": 0.88, "xGBuildup": 0.88}, {"player_name": "Dennis Aogo", "games": 15.0, "time": 1030.0, "goals": 0.0, "xG": 0.37, "assists": 0.0, "xA": 0.86, "shots": 10.0, "key_passes": 15.0, "yellow_cards": 1.0, "red_cards": 0.0, "position": "M S", "team_title": "VfB Stuttgart", "npg": 0.0, "npxG": 0.37, "xGChain": 2.86, "xGBuildup": 2.3}, {"player_name": "Oliver Sorg", "games": 19.0, "time": 1584.0, "goals": 0.0, "xG": 0.06, "assists": 0.0, "xA": 0.28, "shots": 4.0, "key_passes": 6.0, "yellow_cards": 5.0, "red_cards": 1.0, "position": "D S", "team_title": "Hannover 96", "npg": 0.0, "npxG": 0.06, "xGChain": 2.17, "xGBuildup": 1.99}, {"player_name": "Tin Jedvaj", "games": 16.0, "time": 1121.0, "goals": 0.0, "xG": 0.76, "assists": 0.0, "xA": 0.2, "shots": 9.0, "key_passes": 3.0, "yellow_cards": 3.0, "red_cards": 0.0, "position": "D S", "team_title": "Bayer Leverkusen", "npg": 0.0, "npxG": 0.76, "xGChain": 2.91, "xGBuildup": 2.15}, {"player_name": "Kevin Wimmer", "games": 22.0, "time": 1676.0, "goals": 0.0, "xG": 0.27, "assists": 0.0, "xA": 0.31, "shots": 3.0, "key_passes": 7.0, "yellow_cards": 5.0, "red_cards": 0.0, "position": "D S", "team_title": "Hannover 96", "npg": 0.0, "npxG": 0.27, "xGChain": 3.95, "xGBuildup": 3.86}, {"player_name": "Niklas Moisander", "games": 30.0, "time": 2638.0, "goals": 0.0, "xG": 0.34, "assists": 0.0, "xA": 0.69, "shots": 8.0, "key_passes": 12.0, "yellow_cards": 6.0, "red_cards": 1.0, "position": "D", "team_title": "Werder Bremen", "npg": 0.0, "npxG": 0.34, "xGChain": 9.04, "xGBuildup": 8.78}, {"player_name": "Alexander Nübel", "games": 18.0, "time": 1589.0, "goals": 0.0, "xG": 0.0, "assists": 0.0, "xA": 0.0, "shots": 0.0, "key_passes": 0.0, "yellow_cards": 1.0, "red_cards": 1.0, "position": "GK", "team_title": "Schalke 04", "npg": 0.0, "npxG": 0.0, "xGChain": 1.23, "xGBuildup": 1.23}, {"player_name": "Jeffrey Gouweleeuw", "games": 25.0, "time": 2093.0, "goals": 0.0, "xG": 0.86, "assists": 2.0, "xA": 2.48, "shots": 7.0, "key_passes": 8.0, "yellow_cards": 4.0, "red_cards": 0.0, "position": "D S", "team_title": "Augsburg", "npg": 0.0, "npxG": 0.86, "xGChain": 5.96, "xGBuildup": 4.55}, {"player_name": "Kevin Trapp", "games": 33.0, "time": 2940.0, "goals": 0.0, "xG": 0.0, "assists": 0.0, "xA": 0.0, "shots": 0.0, "key_passes": 0.0, "yellow_cards": 2.0, "red_cards": 0.0, "position": "GK", "team_title": "Eintracht Frankfurt", "npg": 0.0, "npxG": 0.0, "xGChain": 5.79, "xGBuildup": 5.79}, {"player_name": "Benjamin Stambouli", "games": 21.0, "time": 1759.0, "goals": 0.0, "xG": 0.08, "assists": 2.0, "xA": 0.4, "shots": 3.0, "key_passes": 9.0, "yellow_cards": 3.0, "red_cards": 0.0, "position": "D M S", "team_title": "Schalke 04", "npg": 0.0, "npxG": 0.08, "xGChain": 3.96, "xGBuildup": 3.57}, {"player_name": "Benjamin Pavard", "games": 29.0, "time": 2610.0, "goals": 0.0, "xG": 0.41, "assists": 0.0, "xA": 0.76, "shots": 12.0, "key_passes": 11.0, "yellow_cards": 3.0, "red_cards": 0.0, "position": "D", "team_title": "VfB Stuttgart", "npg": 0.0, "npxG": 0.41, "xGChain": 4.1, "xGBuildup": 3.94}, {"player_name": "Karim Rekik", "games": 24.0, "time": 2069.0, "goals": 0.0, "xG": 0.67, "assists": 0.0, "xA": 0.1, "shots": 7.0, "key_passes": 2.0, "yellow_cards": 4.0, "red_cards": 1.0, "position": "D", "team_title": "Hertha Berlin", "npg": 0.0, "npxG": 0.67, "xGChain": 3.4, "xGBuildup": 3.33}, {"player_name": "Christian Günter", "games": 32.0, "time": 2880.0, "goals": 0.0, "xG": 1.13, "assists": 5.0, "xA": 4.64, "shots": 29.0, "key_passes": 48.0, "yellow_cards": 3.0, "red_cards": 1.0, "position": "D M", "team_title": "Freiburg", "npg": 0.0, "npxG": 1.13, "xGChain": 8.04, "xGBuildup": 5.21}, {"player_name": "Nicolas Höfler", "games": 18.0, "time": 1617.0, "goals": 0.0, "xG": 0.7, "assists": 0.0, "xA": 1.06, "shots": 12.0, "key_passes": 12.0, "yellow_cards": 6.0, "red_cards": 0.0, "position": "M", "team_title": "Freiburg", "npg": 0.0, "npxG": 0.7, "xGChain": 5.7, "xGBuildup": 4.12}, {"player_name": "Andreas Beck", "games": 24.0, "time": 1787.0, "goals": 0.0, "xG": 0.75, "assists": 2.0, "xA": 1.41, "shots": 12.0, "key_passes": 16.0, "yellow_cards": 2.0, "red_cards": 0.0, "position": "D M S", "team_title": "VfB Stuttgart", "npg": 0.0, "npxG": 0.75, "xGChain": 5.09, "xGBuildup": 3.14}, {"player_name": "Sebastian Kerk", "games": 21.0, "time": 1184.0, "goals": 0.0, "xG": 1.01, "assists": 1.0, "xA": 2.55, "shots": 18.0, "key_passes": 24.0, "yellow_cards": 0.0, "red_cards": 0.0, "position": "D F M S", "team_title": "Nuernberg", "npg": 0.0, "npxG": 1.01, "xGChain": 2.33, "xGBuildup": 1.07}, {"player_name": "Aarón Martín", "games": 33.0, "time": 2880.0, "goals": 0.0, "xG": 0.62, "assists": 3.0, "xA": 4.54, "shots": 18.0, "key_passes": 64.0, "yellow_cards": 3.0, "red_cards": 0.0, "position": "D M S", "team_title": "Mainz 05", "npg": 0.0, "npxG": 0.62, "xGChain": 10.21, "xGBuildup": 7.88}, {"player_name": "Péter Gulácsi", "games": 33.0, "time": 2930.0, "goals": 0.0, "xG": 0.0, "assists": 0.0, "xA": 0.16, "shots": 0.0, "key_passes": 1.0, "yellow_cards": 0.0, "red_cards": 0.0, "position": "GK", "team_title": "RasenBallsport Leipzig", "npg": 0.0, "npxG": 0.0, "xGChain": 3.49, "xGBuildup": 3.33}, {"player_name": "Stefan Ilsanker", "games": 19.0, "time": 923.0, "goals": 0.0, "xG": 0.48, "assists": 0.0, "xA": 0.3, "shots": 4.0, "key_passes": 4.0, "yellow_cards": 5.0, "red_cards": 1.0, "position": "D M S", "team_title": "RasenBallsport Leipzig", "npg": 0.0, "npxG": 0.48, "xGChain": 1.48, "xGBuildup": 1.28}, {"player_name": "Dayotchanculle Upamecano", "games": 15.0, "time": 1292.0, "goals": 0.0, "xG": 1.0, "assists": 0.0, "xA": 0.07, "shots": 10.0, "key_passes": 3.0, "yellow_cards": 5.0, "red_cards": 0.0, "position": "D S", "team_title": "RasenBallsport Leipzig", "npg": 0.0, "npxG": 1.0, "xGChain": 2.77, "xGBuildup": 2.67}, {"player_name": "Diego Demme", "games": 26.0, "time": 2071.0, "goals": 0.0, "xG": 0.28, "assists": 2.0, "xA": 3.05, "shots": 10.0, "key_passes": 26.0, "yellow_cards": 4.0, "red_cards": 0.0, "position": "M S", "team_title": "RasenBallsport Leipzig", "npg": 0.0, "npxG": 0.28, "xGChain": 10.75, "xGBuildup": 8.52}, {"player_name": "Andreas Luthe", "games": 15.0, "time": 1311.0, "goals": 0.0, "xG": 0.0, "assists": 0.0, "xA": 0.0, "shots": 0.0, "key_passes": 0.0, "yellow_cards": 0.0, "red_cards": 0.0, "position": "GK S", "team_title": "Augsburg", "npg": 0.0, "npxG": 0.0, "xGChain": 1.52, "xGBuildup": 1.52}, {"player_name": "Alexander Schwolow", "games": 33.0, "time": 2970.0, "goals": 0.0, "xG": 0.0, "assists": 1.0, "xA": 0.2, "shots": 0.0, "key_passes": 2.0, "yellow_cards": 1.0, "red_cards": 0.0, "position": "GK", "team_title": "Freiburg", "npg": 0.0, "npxG": 0.0, "xGChain": 1.59, "xGBuildup": 1.57}, {"player_name": "Lukas Kübler", "games": 16.0, "time": 1185.0, "goals": 0.0, "xG": 0.19, "assists": 2.0, "xA": 1.16, "shots": 6.0, "key_passes": 7.0, "yellow_cards": 2.0, "red_cards": 0.0, "position": "D S", "team_title": "Freiburg", "npg": 0.0, "npxG": 0.19, "xGChain": 3.46, "xGBuildup": 2.7}, {"player_name": "Michael Esser", "games": 32.0, "time": 2880.0, "goals": 0.0, "xG": 0.0, "assists": 0.0, "xA": 0.22, "shots": 0.0, "key_passes": 2.0, "yellow_cards": 3.0, "red_cards": 0.0, "position": "GK", "team_title": "Hannover 96", "npg": 0.0, "npxG": 0.0, "xGChain": 2.92, "xGBuildup": 2.73}, {"player_name": "Gregor Kobel", "games": 17.0, "time": 1479.0, "goals": 0.0, "xG": 0.0, "assists": 0.0, "xA": 0.0, "shots": 0.0, "key_passes": 0.0, "yellow_cards": 0.0, "red_cards": 0.0, "position": "GK", "team_title": "Augsburg", "npg": 0.0, "npxG": 0.0, "xGChain": 0.56, "xGBuildup": 0.56}, {"player_name": "Arne Maier", "games": 24.0, "time": 2072.0, "goals": 0.0, "xG": 0.78, "assists": 0.0, "xA": 1.96, "shots": 20.0, "key_passes": 18.0, "yellow_cards": 2.0, "red_cards": 0.0, "position": "M S", "team_title": "Hertha Berlin", "npg": 0.0, "npxG": 0.78, "xGChain": 9.33, "xGBuildup": 7.66}, {"player_name": "Florian Müller", "games": 24.0, "time": 2160.0, "goals": 0.0, "xG": 0.0, "assists": 0.0, "xA": 0.02, "shots": 0.0, "key_passes": 2.0, "yellow_cards": 0.0, "red_cards": 0.0, "position": "GK", "team_title": "Mainz 05", "npg": 0.0, "npxG": 0.0, "xGChain": 2.03, "xGBuildup": 2.01}, {"player_name": "Stefan Posch", "games": 17.0, "time": 1408.0, "goals": 0.0, "xG": 0.3, "assists": 0.0, "xA": 0.62, "shots": 5.0, "key_passes": 1.0, "yellow_cards": 5.0, "red_cards": 0.0, "position": "D S", "team_title": "Hoffenheim", "npg": 0.0, "npxG": 0.3, "xGChain": 6.89, "xGBuildup": 6.88}, {"player_name": "Jiri Pavlenka", "games": 34.0, "time": 2981.0, "goals": 0.0, "xG": 0.0, "assists": 0.0, "xA": 0.0, "shots": 0.0, "key_passes": 0.0, "yellow_cards": 2.0, "red_cards": 0.0, "position": "GK", "team_title": "Werder Bremen", "npg": 0.0, "npxG": 0.0, "xGChain": 2.9, "xGBuildup": 2.9}, {"player_name": "Marcin Kaminski", "games": 27.0, "time": 2430.0, "goals": 0.0, "xG": 0.92, "assists": 1.0, "xA": 0.66, "shots": 8.0, "key_passes": 7.0, "yellow_cards": 1.0, "red_cards": 0.0, "position": "D", "team_title": "Fortuna Duesseldorf", "npg": 0.0, "npxG": 0.92, "xGChain": 4.44, "xGBuildup": 4.31}, {"player_name": "Chadrac Akolo", "games": 16.0, "time": 513.0, "goals": 0.0, "xG": 0.93, "assists": 1.0, "xA": 0.43, "shots": 14.0, "key_passes": 6.0, "yellow_cards": 0.0, "red_cards": 0.0, "position": "F M S", "team_title": "VfB Stuttgart", "npg": 0.0, "npxG": 0.93, "xGChain": 2.28, "xGBuildup": 0.96}, {"player_name": "Jetro Willems", "games": 23.0, "time": 706.0, "goals": 0.0, "xG": 0.2, "assists": 1.0, "xA": 2.17, "shots": 5.0, "key_passes": 20.0, "yellow_cards": 2.0, "red_cards": 1.0, "position": "D M S", "team_title": "Eintracht Frankfurt", "npg": 0.0, "npxG": 0.2, "xGChain": 4.57, "xGBuildup": 2.99}, {"player_name": "Santiago Ascacibar", "games": 27.0, "time": 2430.0, "goals": 0.0, "xG": 1.29, "assists": 0.0, "xA": 0.53, "shots": 19.0, "key_passes": 13.0, "yellow_cards": 10.0, "red_cards": 1.0, "position": "M", "team_title": "VfB Stuttgart", "npg": 0.0, "npxG": 1.29, "xGChain": 4.87, "xGBuildup": 3.25}, {"player_name": "Bote Baku", "games": 15.0, "time": 939.0, "goals": 0.0, "xG": 0.53, "assists": 0.0, "xA": 0.37, "shots": 11.0, "key_passes": 6.0, "yellow_cards": 1.0, "red_cards": 0.0, "position": "M S", "team_title": "Mainz 05", "npg": 0.0, "npxG": 0.53, "xGChain": 3.91, "xGBuildup": 3.07}, {"player_name": "Tim Leibold", "games": 32.0, "time": 2773.0, "goals": 0.0, "xG": 1.82, "assists": 2.0, "xA": 2.75, "shots": 28.0, "key_passes": 37.0, "yellow_cards": 6.0, "red_cards": 1.0, "position": "D", "team_title": "Nuernberg", "npg": 0.0, "npxG": 1.06, "xGChain": 5.66, "xGBuildup": 3.55}, {"player_name": "Ondrej Petrák", "games": 22.0, "time": 1624.0, "goals": 0.0, "xG": 0.56, "assists": 0.0, "xA": 0.23, "shots": 14.0, "key_passes": 6.0, "yellow_cards": 5.0, "red_cards": 0.0, "position": "M S", "team_title": "Nuernberg", "npg": 0.0, "npxG": 0.56, "xGChain": 3.0, "xGBuildup": 2.47}, {"player_name": "Patrick Erras", "games": 19.0, "time": 1215.0, "goals": 0.0, "xG": 0.44, "assists": 1.0, "xA": 0.64, "shots": 7.0, "key_passes": 8.0, "yellow_cards": 1.0, "red_cards": 0.0, "position": "M S", "team_title": "Nuernberg", "npg": 0.0, "npxG": 0.44, "xGChain": 2.2, "xGBuildup": 1.49}, {"player_name": "Michael Rensing", "games": 32.0, "time": 2880.0, "goals": 0.0, "xG": 0.0, "assists": 0.0, "xA": 0.0, "shots": 0.0, "key_passes": 0.0, "yellow_cards": 1.0, "red_cards": 0.0, "position": "GK", "team_title": "Fortuna Duesseldorf", "npg": 0.0, "npxG": 0.0, "xGChain": 2.39, "xGBuildup": 2.39}, {"player_name": "Niko Gießelmann", "games": 30.0, "time": 2594.0, "goals": 0.0, "xG": 0.92, "assists": 3.0, "xA": 3.24, "shots": 26.0, "key_passes": 27.0, "yellow_cards": 2.0, "red_cards": 0.0, "position": "D M S", "team_title": "Fortuna Duesseldorf", "npg": 0.0, "npxG": 0.92, "xGChain": 7.43, "xGBuildup": 4.98}, {"player_name": "Paulinho", "games": 15.0, "time": 150.0, "goals": 0.0, "xG": 0.2, "assists": 0.0, "xA": 0.08, "shots": 6.0, "key_passes": 2.0, "yellow_cards": 0.0, "red_cards": 0.0, "position": "S", "team_title": "Bayer Leverkusen", "npg": 0.0, "npxG": 0.2, "xGChain": 0.47, "xGBuildup": 0.3}, {"player_name": "Pierre Kunde", "games": 29.0, "time": 1922.0, "goals": 0.0, "xG": 0.66, "assists": 0.0, "xA": 0.58, "shots": 30.0, "key_passes": 15.0, "yellow_cards": 5.0, "red_cards": 0.0, "position": "M S", "team_title": "Mainz 05", "npg": 0.0, "npxG": 0.66, "xGChain": 7.59, "xGBuildup": 6.84}, {"player_name": "Enrico Valentini", "games": 15.0, "time": 1305.0, "goals": 0.0, "xG": 0.19, "assists": 2.0, "xA": 1.08, "shots": 8.0, "key_passes": 24.0, "yellow_cards": 2.0, "red_cards": 0.0, "position": "D", "team_title": "Nuernberg", "npg": 0.0, "npxG": 0.19, "xGChain": 1.07, "xGBuildup": 0.82}, {"player_name": "Adam Bodzek", "games": 21.0, "time": 1615.0, "goals": 0.0, "xG": 0.05, "assists": 1.0, "xA": 1.11, "shots": 2.0, "key_passes": 9.0, "yellow_cards": 5.0, "red_cards": 1.0, "position": "D M S", "team_title": "Fortuna Duesseldorf", "npg": 0.0, "npxG": 0.05, "xGChain": 5.2, "xGBuildup": 4.5}, {"player_name": "Ewerton", "games": 18.0, "time": 1339.0, "goals": 0.0, "xG": 0.32, "assists": 0.0, "xA": 0.07, "shots": 8.0, "key_passes": 2.0, "yellow_cards": 2.0, "red_cards": 0.0, "position": "D S", "team_title": "Nuernberg", "npg": 0.0, "npxG": 0.32, "xGChain": 1.36, "xGBuildup": 1.28}]