[{"Player":"Tyler Adams","Pos":"DF","Tkl":52.0,"TklW":31.0,"Past":21.0,"Press":362.0,"Succ":118.0,"Blocks":37.0,"Int":31.0},{"Player":"Sargis Adamyan","Pos":"FW","Tkl":8.0,"TklW":5.0,"Past":8.0,"Press":81.0,"Succ":15.0,"Blocks":5.0,"Int":7.0},{"Player":"Felix Agu","Pos":"DF","Tkl":27.0,"TklW":16.0,"Past":11.0,"Press":180.0,"Succ":48.0,"Blocks":16.0,"Int":21.0},{"Player":"Manuel Akanji","Pos":"DF","Tkl":46.0,"TklW":30.0,"Past":16.0,"Press":264.0,"Succ":99.0,"Blocks":38.0,"Int":38.0},{"Player":"Kevin Akpoguma","Pos":"DF","Tkl":24.0,"TklW":12.0,"Past":4.0,"Press":178.0,"Succ":64.0,"Blocks":39.0,"Int":10.0},{"Player":"David Alaba","Pos":"DF","Tkl":41.0,"TklW":30.0,"Past":25.0,"Press":346.0,"Succ":131.0,"Blocks":47.0,"Int":36.0},{"Player":"Lucas Alario","Pos":"FW","Tkl":8.0,"TklW":6.0,"Past":3.0,"Press":152.0,"Succ":50.0,"Blocks":9.0,"Int":3.0},{"Player":"Omar Alderete","Pos":"DF","Tkl":21.0,"TklW":13.0,"Past":11.0,"Press":138.0,"Succ":51.0,"Blocks":23.0,"Int":14.0},{"Player":"Nadiem Amiri","Pos":"MF","Tkl":19.0,"TklW":13.0,"Past":25.0,"Press":322.0,"Succ":109.0,"Blocks":19.0,"Int":19.0},{"Player":"Sebastian Andersson","Pos":"FW","Tkl":5.0,"TklW":2.0,"Past":6.0,"Press":165.0,"Succ":39.0,"Blocks":9.0,"Int":3.0},{"Player":"Robert Andrich","Pos":"MF","Tkl":61.0,"TklW":40.0,"Past":27.0,"Press":528.0,"Succ":164.0,"Blocks":41.0,"Int":57.0},{"Player":"Angelino","Pos":"DF","Tkl":41.0,"TklW":18.0,"Past":16.0,"Press":261.0,"Succ":95.0,"Blocks":41.0,"Int":32.0},{"Player":"Waldemar Anton","Pos":"DF","Tkl":36.0,"TklW":23.0,"Past":23.0,"Press":283.0,"Succ":97.0,"Blocks":57.0,"Int":50.0},{"Player":"Charles Aránguiz","Pos":"MF","Tkl":44.0,"TklW":29.0,"Past":35.0,"Press":393.0,"Succ":128.0,"Blocks":35.0,"Int":27.0},{"Player":"Maximilian Arnold","Pos":"MF","Tkl":60.0,"TklW":42.0,"Past":32.0,"Press":534.0,"Succ":186.0,"Blocks":40.0,"Int":41.0},{"Player":"Ludwig Augustinsson","Pos":"DF","Tkl":42.0,"TklW":17.0,"Past":16.0,"Press":277.0,"Succ":98.0,"Blocks":50.0,"Int":14.0},{"Player":"Taiwo Awoniyi","Pos":"FW","Tkl":8.0,"TklW":6.0,"Past":11.0,"Press":207.0,"Succ":75.0,"Blocks":14.0,"Int":4.0},{"Player":"Leon Bailey","Pos":"FW","Tkl":21.0,"TklW":12.0,"Past":13.0,"Press":247.0,"Succ":74.0,"Blocks":15.0,"Int":18.0},{"Player":"Aymen Barkok","Pos":"MF","Tkl":31.0,"TklW":18.0,"Past":20.0,"Press":289.0,"Succ":85.0,"Blocks":20.0,"Int":14.0},{"Player":"Leandro Barreiro Martins","Pos":"MF","Tkl":68.0,"TklW":39.0,"Past":34.0,"Press":580.0,"Succ":173.0,"Blocks":61.0,"Int":50.0},{"Player":"Oliver Baumann","Pos":"GK","Tkl":0.0,"TklW":0.0,"Past":0.0,"Press":5.0,"Succ":1.0,"Blocks":0.0,"Int":0.0},{"Player":"Julian Baumgartlinger","Pos":"MF","Tkl":46.0,"TklW":28.0,"Past":18.0,"Press":198.0,"Succ":83.0,"Blocks":20.0,"Int":17.0},{"Player":"Christoph Baumgartner","Pos":"MF","Tkl":53.0,"TklW":38.0,"Past":46.0,"Press":572.0,"Succ":183.0,"Blocks":46.0,"Int":19.0},{"Player":"Ihlas Bebou","Pos":"FW","Tkl":30.0,"TklW":20.0,"Past":7.0,"Press":361.0,"Succ":116.0,"Blocks":26.0,"Int":13.0},{"Player":"Sheraldo Becker","Pos":"FW","Tkl":8.0,"TklW":7.0,"Past":2.0,"Press":129.0,"Succ":39.0,"Blocks":10.0,"Int":5.0},{"Player":"Timo Becker","Pos":"DF","Tkl":38.0,"TklW":19.0,"Past":14.0,"Press":264.0,"Succ":87.0,"Blocks":42.0,"Int":33.0},{"Player":"Stefan Bell","Pos":"DF","Tkl":25.0,"TklW":17.0,"Past":10.0,"Press":130.0,"Succ":57.0,"Blocks":23.0,"Int":38.0},{"Player":"Karim Bellarabi","Pos":"FW","Tkl":16.0,"TklW":12.0,"Past":18.0,"Press":144.0,"Succ":39.0,"Blocks":11.0,"Int":13.0},{"Player":"Jude Bellingham","Pos":"MF","Tkl":54.0,"TklW":37.0,"Past":32.0,"Press":435.0,"Succ":127.0,"Blocks":40.0,"Int":21.0},{"Player":"Sven Bender","Pos":"DF","Tkl":18.0,"TklW":12.0,"Past":13.0,"Press":131.0,"Succ":48.0,"Blocks":26.0,"Int":14.0},{"Player":"László Bénes","Pos":"MF","Tkl":7.0,"TklW":5.0,"Past":4.0,"Press":130.0,"Succ":37.0,"Blocks":7.0,"Int":9.0},{"Player":"László Bénes","Pos":"MF","Tkl":6.0,"TklW":2.0,"Past":1.0,"Press":20.0,"Succ":5.0,"Blocks":3.0,"Int":4.0},{"Player":"Ramy Bensebaini","Pos":"DF","Tkl":45.0,"TklW":25.0,"Past":22.0,"Press":255.0,"Succ":73.0,"Blocks":55.0,"Int":63.0},{"Player":"Bartosz Bialek","Pos":"FW","Tkl":6.0,"TklW":6.0,"Past":3.0,"Press":69.0,"Succ":28.0,"Blocks":5.0,"Int":3.0},{"Player":"Leonardo Bittencourt","Pos":"MF","Tkl":59.0,"TklW":31.0,"Past":24.0,"Press":503.0,"Succ":123.0,"Blocks":33.0,"Int":14.0},{"Player":"Jérôme Boateng","Pos":"DF","Tkl":29.0,"TklW":17.0,"Past":23.0,"Press":196.0,"Succ":73.0,"Blocks":36.0,"Int":48.0},{"Player":"Jean-Paul Boëtius","Pos":"MF","Tkl":49.0,"TklW":31.0,"Past":35.0,"Press":465.0,"Succ":141.0,"Blocks":44.0,"Int":25.0},{"Player":"Sebastiaan Bornauw","Pos":"DF","Tkl":37.0,"TklW":20.0,"Past":12.0,"Press":199.0,"Succ":79.0,"Blocks":48.0,"Int":24.0},{"Player":"Dedryck Boyata","Pos":"DF","Tkl":17.0,"TklW":8.0,"Past":8.0,"Press":90.0,"Succ":29.0,"Blocks":36.0,"Int":17.0},{"Player":"Julian Brandt","Pos":"FW","Tkl":31.0,"TklW":17.0,"Past":25.0,"Press":315.0,"Succ":100.0,"Blocks":27.0,"Int":14.0},{"Player":"Josip Brekalo","Pos":"FW","Tkl":24.0,"TklW":16.0,"Past":21.0,"Press":337.0,"Succ":108.0,"Blocks":23.0,"Int":18.0},{"Player":"Joshua Sargent","Pos":"DF","Tkl":0.0,"TklW":0.0,"Past":0.0,"Press":0.0,"Succ":0.0,"Blocks":0.0,"Int":0.0},{"Player":"John Brooks","Pos":"DF","Tkl":59.0,"TklW":37.0,"Past":36.0,"Press":279.0,"Succ":113.0,"Blocks":63.0,"Int":51.0},{"Player":"Daniel Brosinski","Pos":"DF","Tkl":19.0,"TklW":7.0,"Past":26.0,"Press":142.0,"Succ":43.0,"Blocks":34.0,"Int":13.0},{"Player":"Cédric Brunner","Pos":"DF","Tkl":51.0,"TklW":29.0,"Past":22.0,"Press":355.0,"Succ":93.0,"Blocks":67.0,"Int":30.0},{"Player":"Marius Bülter","Pos":"FW","Tkl":17.0,"TklW":9.0,"Past":16.0,"Press":189.0,"Succ":51.0,"Blocks":18.0,"Int":7.0},{"Player":"Jonathan Burkardt","Pos":"FW","Tkl":30.0,"TklW":15.0,"Past":15.0,"Press":290.0,"Succ":85.0,"Blocks":24.0,"Int":5.0},{"Player":"Roman Bürki","Pos":"GK","Tkl":0.0,"TklW":0.0,"Past":0.0,"Press":1.0,"Succ":0.0,"Blocks":0.0,"Int":0.0},{"Player":"Daniel Caligiuri","Pos":"MF","Tkl":81.0,"TklW":47.0,"Past":66.0,"Press":633.0,"Succ":175.0,"Blocks":71.0,"Int":42.0},{"Player":"Emre Can","Pos":"DF","Tkl":55.0,"TklW":42.0,"Past":22.0,"Press":303.0,"Succ":118.0,"Blocks":41.0,"Int":40.0},{"Player":"Koen Casteels","Pos":"GK","Tkl":0.0,"TklW":0.0,"Past":2.0,"Press":3.0,"Succ":0.0,"Blocks":1.0,"Int":0.0},{"Player":"Gonzalo Castro","Pos":"MF","Tkl":14.0,"TklW":11.0,"Past":21.0,"Press":239.0,"Succ":81.0,"Blocks":26.0,"Int":10.0},{"Player":"Timothy Chandler","Pos":"DF","Tkl":3.0,"TklW":1.0,"Past":4.0,"Press":48.0,"Succ":8.0,"Blocks":7.0,"Int":2.0},{"Player":"Kingsley Coman","Pos":"FW","Tkl":20.0,"TklW":12.0,"Past":19.0,"Press":320.0,"Succ":102.0,"Blocks":24.0,"Int":12.0},{"Player":"Jhon Córdoba","Pos":"FW","Tkl":11.0,"TklW":4.0,"Past":7.0,"Press":266.0,"Succ":78.0,"Blocks":16.0,"Int":9.0},{"Player":"Sergio Córdova","Pos":"FW","Tkl":16.0,"TklW":11.0,"Past":11.0,"Press":269.0,"Succ":57.0,"Blocks":14.0,"Int":6.0},{"Player":"Danny da Costa","Pos":"DF","Tkl":25.0,"TklW":10.0,"Past":16.0,"Press":187.0,"Succ":48.0,"Blocks":17.0,"Int":22.0},{"Player":"Danny da Costa","Pos":"DF","Tkl":2.0,"TklW":2.0,"Past":1.0,"Press":25.0,"Succ":6.0,"Blocks":4.0,"Int":0.0},{"Player":"Tanguy Coulibaly","Pos":"DF","Tkl":38.0,"TklW":20.0,"Past":16.0,"Press":362.0,"Succ":94.0,"Blocks":26.0,"Int":7.0},{"Player":"Matheus Cunha","Pos":"FW","Tkl":39.0,"TklW":30.0,"Past":39.0,"Press":492.0,"Succ":136.0,"Blocks":38.0,"Int":35.0},{"Player":"Rafael Czichos","Pos":"DF","Tkl":63.0,"TklW":37.0,"Past":24.0,"Press":272.0,"Succ":108.0,"Blocks":41.0,"Int":38.0},{"Player":"Mahmoud Dahoud","Pos":"MF","Tkl":36.0,"TklW":24.0,"Past":27.0,"Press":295.0,"Succ":82.0,"Blocks":31.0,"Int":21.0},{"Player":"Vladimir Darida","Pos":"MF","Tkl":37.0,"TklW":24.0,"Past":26.0,"Press":407.0,"Succ":131.0,"Blocks":35.0,"Int":32.0},{"Player":"Alphonso Davies","Pos":"DF","Tkl":48.0,"TklW":38.0,"Past":10.0,"Press":246.0,"Succ":98.0,"Blocks":44.0,"Int":46.0},{"Player":"Thomas Delaney","Pos":"MF","Tkl":49.0,"TklW":37.0,"Past":19.0,"Press":274.0,"Succ":100.0,"Blocks":33.0,"Int":24.0},{"Player":"Kerem Demirbay","Pos":"MF","Tkl":51.0,"TklW":35.0,"Past":29.0,"Press":444.0,"Succ":161.0,"Blocks":25.0,"Int":13.0},{"Player":"Ermedin Demirovic","Pos":"FW","Tkl":17.0,"TklW":13.0,"Past":18.0,"Press":376.0,"Succ":96.0,"Blocks":31.0,"Int":5.0},{"Player":"Mike van der Hoorn","Pos":"DF","Tkl":8.0,"TklW":7.0,"Past":4.0,"Press":79.0,"Succ":32.0,"Blocks":22.0,"Int":8.0},{"Player":"Moussa Diaby","Pos":"FW","Tkl":13.0,"TklW":7.0,"Past":14.0,"Press":283.0,"Succ":73.0,"Blocks":16.0,"Int":19.0},{"Player":"Daniel Didavi","Pos":"FW","Tkl":15.0,"TklW":7.0,"Past":7.0,"Press":177.0,"Succ":55.0,"Blocks":11.0,"Int":6.0},{"Player":"Ritsu Doan","Pos":"MF","Tkl":64.0,"TklW":45.0,"Past":38.0,"Press":649.0,"Succ":202.0,"Blocks":56.0,"Int":26.0},{"Player":"Aleksandar Dragovic","Pos":"DF","Tkl":17.0,"TklW":10.0,"Past":6.0,"Press":123.0,"Succ":49.0,"Blocks":22.0,"Int":15.0},{"Player":"Dominick Drexler","Pos":"MF","Tkl":33.0,"TklW":23.0,"Past":23.0,"Press":281.0,"Succ":83.0,"Blocks":19.0,"Int":18.0},{"Player":"Ondrej Duda","Pos":"FW","Tkl":51.0,"TklW":29.0,"Past":33.0,"Press":526.0,"Succ":126.0,"Blocks":32.0,"Int":19.0},{"Player":"Erik Durm","Pos":"DF","Tkl":21.0,"TklW":16.0,"Past":20.0,"Press":227.0,"Succ":79.0,"Blocks":32.0,"Int":23.0},{"Player":"Maximilian Eggestein","Pos":"MF","Tkl":60.0,"TklW":44.0,"Past":30.0,"Press":512.0,"Succ":165.0,"Blocks":58.0,"Int":43.0},{"Player":"Kingsley Ehizibue","Pos":"DF","Tkl":36.0,"TklW":21.0,"Past":12.0,"Press":192.0,"Succ":60.0,"Blocks":24.0,"Int":17.0},{"Player":"Nico Elvedi","Pos":"DF","Tkl":61.0,"TklW":33.0,"Past":15.0,"Press":224.0,"Succ":90.0,"Blocks":58.0,"Int":64.0},{"Player":"Breel Embolo","Pos":"FW","Tkl":22.0,"TklW":14.0,"Past":2.0,"Press":283.0,"Succ":66.0,"Blocks":15.0,"Int":6.0},{"Player":"Keita Endo","Pos":"MF","Tkl":8.0,"TklW":4.0,"Past":8.0,"Press":98.0,"Succ":26.0,"Blocks":12.0,"Int":9.0},{"Player":"Wataru Endo","Pos":"MF","Tkl":89.0,"TklW":62.0,"Past":46.0,"Press":640.0,"Succ":232.0,"Blocks":64.0,"Int":47.0},{"Player":"Ralf Fährmann","Pos":"GK","Tkl":0.0,"TklW":0.0,"Past":1.0,"Press":4.0,"Succ":1.0,"Blocks":0.0,"Int":0.0},{"Player":"Felix Uduokhai","Pos":"DF","Tkl":40.0,"TklW":24.0,"Past":16.0,"Press":275.0,"Succ":112.0,"Blocks":68.0,"Int":36.0},{"Player":"Alfred Finnbogason","Pos":"FW","Tkl":3.0,"TklW":1.0,"Past":2.0,"Press":84.0,"Succ":31.0,"Blocks":9.0,"Int":1.0},{"Player":"Emil Forsberg","Pos":"FW","Tkl":14.0,"TklW":8.0,"Past":21.0,"Press":327.0,"Succ":98.0,"Blocks":15.0,"Int":7.0},{"Player":"Philipp Förster","Pos":"FW","Tkl":30.0,"TklW":22.0,"Past":17.0,"Press":290.0,"Succ":78.0,"Blocks":23.0,"Int":16.0},{"Player":"Raphael Framberger","Pos":"DF","Tkl":41.0,"TklW":16.0,"Past":15.0,"Press":208.0,"Succ":54.0,"Blocks":63.0,"Int":27.0},{"Player":"Marco Friedl","Pos":"DF","Tkl":67.0,"TklW":43.0,"Past":33.0,"Press":344.0,"Succ":99.0,"Blocks":67.0,"Int":62.0},{"Player":"Marvin Friedrich","Pos":"DF","Tkl":61.0,"TklW":39.0,"Past":22.0,"Press":383.0,"Succ":153.0,"Blocks":69.0,"Int":44.0},{"Player":"Niclas Füllkrug","Pos":"FW","Tkl":8.0,"TklW":5.0,"Past":16.0,"Press":196.0,"Succ":46.0,"Blocks":15.0,"Int":4.0},{"Player":"Mijat Gacinovic","Pos":"DF","Tkl":18.0,"TklW":9.0,"Past":14.0,"Press":150.0,"Succ":51.0,"Blocks":21.0,"Int":17.0},{"Player":"Christian Gebauer","Pos":"MF","Tkl":12.0,"TklW":6.0,"Past":9.0,"Press":142.0,"Succ":40.0,"Blocks":9.0,"Int":8.0},{"Player":"Theodor Gebre Selassie","Pos":"DF","Tkl":71.0,"TklW":34.0,"Past":43.0,"Press":490.0,"Succ":145.0,"Blocks":71.0,"Int":61.0},{"Player":"Christian Gentner","Pos":"MF","Tkl":21.0,"TklW":12.0,"Past":14.0,"Press":213.0,"Succ":74.0,"Blocks":19.0,"Int":13.0},{"Player":"Yannick Gerhardt","Pos":"MF","Tkl":59.0,"TklW":37.0,"Past":32.0,"Press":557.0,"Succ":179.0,"Blocks":32.0,"Int":17.0},{"Player":"Rafal Gikiewicz","Pos":"GK","Tkl":0.0,"TklW":0.0,"Past":3.0,"Press":7.0,"Succ":3.0,"Blocks":2.0,"Int":0.0},{"Player":"Matthias Ginter","Pos":"DF","Tkl":30.0,"TklW":18.0,"Past":17.0,"Press":178.0,"Succ":72.0,"Blocks":57.0,"Int":39.0},{"Player":"Serge Gnabry","Pos":"FW","Tkl":37.0,"TklW":23.0,"Past":21.0,"Press":298.0,"Succ":92.0,"Blocks":20.0,"Int":23.0},{"Player":"Nicolás González","Pos":"FW","Tkl":5.0,"TklW":5.0,"Past":8.0,"Press":119.0,"Succ":26.0,"Blocks":15.0,"Int":3.0},{"Player":"Leon Goretzka","Pos":"MF","Tkl":47.0,"TklW":28.0,"Past":22.0,"Press":307.0,"Succ":111.0,"Blocks":41.0,"Int":49.0},{"Player":"Jeffrey Gouweleeuw","Pos":"DF","Tkl":39.0,"TklW":32.0,"Past":19.0,"Press":269.0,"Succ":96.0,"Blocks":54.0,"Int":51.0},{"Player":"Michael Gregoritsch","Pos":"FW","Tkl":14.0,"TklW":10.0,"Past":7.0,"Press":182.0,"Succ":52.0,"Blocks":7.0,"Int":1.0},{"Player":"Sebastian Griesbeck","Pos":"MF","Tkl":25.0,"TklW":14.0,"Past":18.0,"Press":193.0,"Succ":55.0,"Blocks":16.0,"Int":5.0},{"Player":"Vincenzo Grifo","Pos":"MF","Tkl":21.0,"TklW":12.0,"Past":28.0,"Press":261.0,"Succ":59.0,"Blocks":29.0,"Int":26.0},{"Player":"Florian Grillitsch","Pos":"MF","Tkl":38.0,"TklW":25.0,"Past":39.0,"Press":337.0,"Succ":102.0,"Blocks":50.0,"Int":47.0},{"Player":"Christian Groß","Pos":"MF","Tkl":48.0,"TklW":34.0,"Past":23.0,"Press":319.0,"Succ":111.0,"Blocks":19.0,"Int":30.0},{"Player":"Carlos Gruezo","Pos":"MF","Tkl":75.0,"TklW":47.0,"Past":35.0,"Press":464.0,"Succ":151.0,"Blocks":43.0,"Int":36.0},{"Player":"Matteo Guendouzi","Pos":"MF","Tkl":27.0,"TklW":24.0,"Past":17.0,"Press":271.0,"Succ":92.0,"Blocks":33.0,"Int":22.0},{"Player":"Raphael Guerreiro","Pos":"DF","Tkl":31.0,"TklW":20.0,"Past":19.0,"Press":190.0,"Succ":60.0,"Blocks":36.0,"Int":33.0},{"Player":"Josuha Guilavogui","Pos":"MF","Tkl":23.0,"TklW":14.0,"Past":10.0,"Press":109.0,"Succ":33.0,"Blocks":18.0,"Int":21.0},{"Player":"Péter Gulácsi","Pos":"GK","Tkl":0.0,"TklW":0.0,"Past":1.0,"Press":2.0,"Succ":0.0,"Blocks":0.0,"Int":0.0},{"Player":"Manuel Gulde","Pos":"DF","Tkl":22.0,"TklW":11.0,"Past":16.0,"Press":171.0,"Succ":53.0,"Blocks":35.0,"Int":30.0},{"Player":"Robert Gumny","Pos":"DF","Tkl":19.0,"TklW":13.0,"Past":11.0,"Press":199.0,"Succ":63.0,"Blocks":34.0,"Int":28.0},{"Player":"Christian Günter","Pos":"DF","Tkl":48.0,"TklW":26.0,"Past":38.0,"Press":392.0,"Succ":101.0,"Blocks":53.0,"Int":30.0},{"Player":"Erling Haaland","Pos":"FW","Tkl":7.0,"TklW":6.0,"Past":9.0,"Press":320.0,"Succ":105.0,"Blocks":20.0,"Int":5.0},{"Player":"Alexander Hack","Pos":"DF","Tkl":43.0,"TklW":25.0,"Past":13.0,"Press":134.0,"Succ":57.0,"Blocks":25.0,"Int":30.0},{"Player":"André Hahn","Pos":"FW","Tkl":44.0,"TklW":20.0,"Past":39.0,"Press":510.0,"Succ":103.0,"Blocks":49.0,"Int":18.0},{"Player":"Amadou Haidara","Pos":"MF","Tkl":58.0,"TklW":31.0,"Past":31.0,"Press":397.0,"Succ":122.0,"Blocks":45.0,"Int":30.0},{"Player":"Marcel Halstenberg","Pos":"DF","Tkl":39.0,"TklW":24.0,"Past":31.0,"Press":189.0,"Succ":85.0,"Blocks":18.0,"Int":17.0},{"Player":"Amine Harit","Pos":"MF","Tkl":24.0,"TklW":17.0,"Past":20.0,"Press":357.0,"Succ":107.0,"Blocks":12.0,"Int":23.0},{"Player":"Marcel Hartel","Pos":"MF","Tkl":35.0,"TklW":21.0,"Past":25.0,"Press":332.0,"Succ":98.0,"Blocks":28.0,"Int":16.0},{"Player":"Makoto Hasebe","Pos":"DF","Tkl":55.0,"TklW":39.0,"Past":38.0,"Press":345.0,"Succ":122.0,"Blocks":39.0,"Int":33.0},{"Player":"Thorgan Hazard","Pos":"FW","Tkl":7.0,"TklW":5.0,"Past":10.0,"Press":144.0,"Succ":42.0,"Blocks":10.0,"Int":10.0},{"Player":"Jonas Hector","Pos":"MF","Tkl":28.0,"TklW":15.0,"Past":26.0,"Press":276.0,"Succ":77.0,"Blocks":28.0,"Int":19.0},{"Player":"Dominique Heintz","Pos":"DF","Tkl":29.0,"TklW":16.0,"Past":11.0,"Press":154.0,"Succ":57.0,"Blocks":22.0,"Int":21.0},{"Player":"Lucas Hernández","Pos":"DF","Tkl":50.0,"TklW":27.0,"Past":20.0,"Press":247.0,"Succ":93.0,"Blocks":36.0,"Int":20.0},{"Player":"Patrick Herrmann","Pos":"FW","Tkl":16.0,"TklW":12.0,"Past":12.0,"Press":129.0,"Succ":42.0,"Blocks":15.0,"Int":8.0},{"Player":"Martin Hinteregger","Pos":"DF","Tkl":76.0,"TklW":43.0,"Past":42.0,"Press":343.0,"Succ":122.0,"Blocks":45.0,"Int":36.0},{"Player":"Marwin Hitz","Pos":"GK","Tkl":0.0,"TklW":0.0,"Past":0.0,"Press":0.0,"Succ":0.0,"Blocks":0.0,"Int":0.0},{"Player":"Nicolas Höfler","Pos":"MF","Tkl":76.0,"TklW":44.0,"Past":44.0,"Press":573.0,"Succ":149.0,"Blocks":53.0,"Int":53.0},{"Player":"Jonas Hofmann","Pos":"FW","Tkl":31.0,"TklW":20.0,"Past":50.0,"Press":458.0,"Succ":109.0,"Blocks":37.0,"Int":31.0},{"Player":"Lucas Höler","Pos":"FW","Tkl":31.0,"TklW":18.0,"Past":27.0,"Press":456.0,"Succ":139.0,"Blocks":28.0,"Int":15.0},{"Player":"Matthew Hoppe","Pos":"FW","Tkl":13.0,"TklW":10.0,"Past":6.0,"Press":251.0,"Succ":65.0,"Blocks":13.0,"Int":9.0},{"Player":"Jannes Horn","Pos":"DF","Tkl":33.0,"TklW":19.0,"Past":17.0,"Press":224.0,"Succ":66.0,"Blocks":30.0,"Int":18.0},{"Player":"Timo Horn","Pos":"GK","Tkl":0.0,"TklW":0.0,"Past":4.0,"Press":6.0,"Succ":1.0,"Blocks":0.0,"Int":1.0},{"Player":"Mats Hummels","Pos":"DF","Tkl":65.0,"TklW":40.0,"Past":26.0,"Press":267.0,"Succ":101.0,"Blocks":40.0,"Int":68.0},{"Player":"Iago","Pos":"DF","Tkl":36.0,"TklW":20.0,"Past":16.0,"Press":223.0,"Succ":81.0,"Blocks":45.0,"Int":19.0},{"Player":"Stefan Ilsanker","Pos":"MF","Tkl":46.0,"TklW":28.0,"Past":24.0,"Press":296.0,"Succ":87.0,"Blocks":43.0,"Int":24.0},{"Player":"Marcus Ingvartsen","Pos":"MF","Tkl":24.0,"TklW":14.0,"Past":19.0,"Press":375.0,"Succ":111.0,"Blocks":30.0,"Int":30.0},{"Player":"Ismail Jakobs","Pos":"DF","Tkl":30.0,"TklW":12.0,"Past":12.0,"Press":277.0,"Succ":72.0,"Blocks":33.0,"Int":18.0},{"Player":"Luka Jovic","Pos":"FW","Tkl":4.0,"TklW":4.0,"Past":4.0,"Press":99.0,"Succ":26.0,"Blocks":5.0,"Int":1.0},{"Player":"Pavel Kaderábek","Pos":"DF","Tkl":21.0,"TklW":15.0,"Past":15.0,"Press":141.0,"Succ":39.0,"Blocks":19.0,"Int":17.0},{"Player":"Sasa Kalajdzic","Pos":"FW","Tkl":15.0,"TklW":6.0,"Past":21.0,"Press":388.0,"Succ":99.0,"Blocks":19.0,"Int":7.0},{"Player":"Daichi Kamada","Pos":"MF","Tkl":52.0,"TklW":29.0,"Past":43.0,"Press":523.0,"Succ":157.0,"Blocks":31.0,"Int":26.0},{"Player":"Kevin Kampl","Pos":"MF","Tkl":50.0,"TklW":42.0,"Past":20.0,"Press":391.0,"Succ":153.0,"Blocks":30.0,"Int":30.0},{"Player":"Atakan Karazor","Pos":"DF","Tkl":23.0,"TklW":14.0,"Past":9.0,"Press":176.0,"Succ":67.0,"Blocks":22.0,"Int":18.0},{"Player":"Noah Katterbach","Pos":"DF","Tkl":22.0,"TklW":15.0,"Past":17.0,"Press":144.0,"Succ":46.0,"Blocks":15.0,"Int":11.0},{"Player":"Marc-Oliver Kempf","Pos":"DF","Tkl":63.0,"TklW":42.0,"Past":26.0,"Press":286.0,"Succ":102.0,"Blocks":65.0,"Int":52.0},{"Player":"Rani Khedira","Pos":"MF","Tkl":36.0,"TklW":20.0,"Past":15.0,"Press":336.0,"Succ":98.0,"Blocks":26.0,"Int":23.0},{"Player":"Rani Khedira","Pos":"MF","Tkl":10.0,"TklW":8.0,"Past":6.0,"Press":66.0,"Succ":22.0,"Blocks":5.0,"Int":10.0},{"Player":"Joshua Kimmich","Pos":"MF","Tkl":45.0,"TklW":34.0,"Past":46.0,"Press":429.0,"Succ":137.0,"Blocks":34.0,"Int":41.0},{"Player":"Philipp Klement","Pos":"MF","Tkl":9.0,"TklW":5.0,"Past":9.0,"Press":106.0,"Succ":27.0,"Blocks":8.0,"Int":5.0},{"Player":"Mateo Klimowicz","Pos":"FW","Tkl":24.0,"TklW":14.0,"Past":14.0,"Press":232.0,"Succ":69.0,"Blocks":11.0,"Int":3.0},{"Player":"Fabian Klos","Pos":"FW","Tkl":26.0,"TklW":14.0,"Past":27.0,"Press":508.0,"Succ":141.0,"Blocks":20.0,"Int":10.0},{"Player":"Lukas Klostermann","Pos":"DF","Tkl":26.0,"TklW":13.0,"Past":11.0,"Press":178.0,"Succ":73.0,"Blocks":33.0,"Int":19.0},{"Player":"Justin Kluivert","Pos":"FW","Tkl":5.0,"TklW":3.0,"Past":5.0,"Press":126.0,"Succ":35.0,"Blocks":11.0,"Int":3.0},{"Player":"Robin Knoche","Pos":"DF","Tkl":50.0,"TklW":34.0,"Past":22.0,"Press":346.0,"Succ":133.0,"Blocks":59.0,"Int":43.0},{"Player":"Gregor Kobel","Pos":"GK","Tkl":0.0,"TklW":0.0,"Past":0.0,"Press":1.0,"Succ":1.0,"Blocks":0.0,"Int":0.0},{"Player":"Dominik Kohr","Pos":"MF","Tkl":17.0,"TklW":11.0,"Past":3.0,"Press":74.0,"Succ":28.0,"Blocks":7.0,"Int":5.0},{"Player":"Dominik Kohr","Pos":"MF","Tkl":48.0,"TklW":29.0,"Past":25.0,"Press":299.0,"Succ":100.0,"Blocks":24.0,"Int":29.0},{"Player":"Sead Kolasinac","Pos":"DF","Tkl":24.0,"TklW":14.0,"Past":13.0,"Press":184.0,"Succ":52.0,"Blocks":19.0,"Int":36.0},{"Player":"Filip Kostic","Pos":"DF","Tkl":60.0,"TklW":34.0,"Past":36.0,"Press":434.0,"Succ":140.0,"Blocks":67.0,"Int":31.0},{"Player":"Andrej Kramaric","Pos":"FW","Tkl":8.0,"TklW":5.0,"Past":7.0,"Press":190.0,"Succ":70.0,"Blocks":17.0,"Int":12.0},{"Player":"Christoph Kramer","Pos":"MF","Tkl":61.0,"TklW":39.0,"Past":42.0,"Press":385.0,"Succ":132.0,"Blocks":43.0,"Int":36.0},{"Player":"Max Kruse","Pos":"FW","Tkl":9.0,"TklW":4.0,"Past":11.0,"Press":191.0,"Succ":62.0,"Blocks":17.0,"Int":5.0},{"Player":"Lukas Kübler","Pos":"DF","Tkl":20.0,"TklW":13.0,"Past":10.0,"Press":149.0,"Succ":38.0,"Blocks":16.0,"Int":17.0},{"Player":"Fabian Kunze","Pos":"MF","Tkl":44.0,"TklW":27.0,"Past":29.0,"Press":307.0,"Succ":73.0,"Blocks":34.0,"Int":15.0},{"Player":"Maxence Lacroix","Pos":"DF","Tkl":63.0,"TklW":34.0,"Past":27.0,"Press":335.0,"Succ":121.0,"Blocks":63.0,"Int":76.0},{"Player":"Stefan Lainer","Pos":"DF","Tkl":60.0,"TklW":39.0,"Past":43.0,"Press":440.0,"Succ":136.0,"Blocks":77.0,"Int":40.0},{"Player":"Danny Latza","Pos":"MF","Tkl":47.0,"TklW":31.0,"Past":52.0,"Press":476.0,"Succ":145.0,"Blocks":51.0,"Int":27.0},{"Player":"Valentino Lazaro","Pos":"DF","Tkl":18.0,"TklW":9.0,"Past":12.0,"Press":224.0,"Succ":56.0,"Blocks":27.0,"Int":18.0},{"Player":"Mathew Leckie","Pos":"FW","Tkl":13.0,"TklW":9.0,"Past":11.0,"Press":145.0,"Succ":37.0,"Blocks":16.0,"Int":11.0},{"Player":"Christopher Lenz","Pos":"DF","Tkl":77.0,"TklW":40.0,"Past":40.0,"Press":412.0,"Succ":130.0,"Blocks":50.0,"Int":33.0},{"Player":"Robert Lewandowski","Pos":"FW","Tkl":18.0,"TklW":13.0,"Past":10.0,"Press":324.0,"Succ":105.0,"Blocks":9.0,"Int":7.0},{"Player":"Philipp Lienhart","Pos":"DF","Tkl":28.0,"TklW":15.0,"Past":17.0,"Press":209.0,"Succ":64.0,"Blocks":54.0,"Int":44.0},{"Player":"Anderson-Lenda Lucoqui","Pos":"DF","Tkl":50.0,"TklW":24.0,"Past":24.0,"Press":263.0,"Succ":68.0,"Blocks":65.0,"Int":16.0},{"Player":"Dodi Lukebakio","Pos":"FW","Tkl":26.0,"TklW":14.0,"Past":11.0,"Press":290.0,"Succ":67.0,"Blocks":19.0,"Int":10.0},{"Player":"Andreas Luthe","Pos":"GK","Tkl":0.0,"TklW":0.0,"Past":2.0,"Press":5.0,"Succ":2.0,"Blocks":0.0,"Int":0.0},{"Player":"Arne Maier","Pos":"MF","Tkl":1.0,"TklW":0.0,"Past":0.0,"Press":3.0,"Succ":1.0,"Blocks":0.0,"Int":0.0},{"Player":"Arne Maier","Pos":"MF","Tkl":19.0,"TklW":14.0,"Past":9.0,"Press":184.0,"Succ":56.0,"Blocks":19.0,"Int":9.0},{"Player":"Orel Mangala","Pos":"MF","Tkl":30.0,"TklW":18.0,"Past":13.0,"Press":232.0,"Succ":72.0,"Blocks":55.0,"Int":27.0},{"Player":"Javi Martínez","Pos":"DF","Tkl":9.0,"TklW":5.0,"Past":1.0,"Press":60.0,"Succ":24.0,"Blocks":13.0,"Int":11.0},{"Player":"Omar Mascarell","Pos":"MF","Tkl":42.0,"TklW":21.0,"Past":37.0,"Press":330.0,"Succ":111.0,"Blocks":47.0,"Int":36.0},{"Player":"Roberto Massimo","Pos":"DF","Tkl":21.0,"TklW":14.0,"Past":14.0,"Press":160.0,"Succ":49.0,"Blocks":15.0,"Int":12.0},{"Player":"Jean-Philippe Mateta","Pos":"FW","Tkl":5.0,"TklW":5.0,"Past":3.0,"Press":107.0,"Succ":32.0,"Blocks":7.0,"Int":1.0},{"Player":"Konstantinos Mavropanos","Pos":"DF","Tkl":42.0,"TklW":22.0,"Past":30.0,"Press":130.0,"Succ":36.0,"Blocks":40.0,"Int":41.0},{"Player":"Eric Maxim Choupo-Moting","Pos":"FW","Tkl":9.0,"TklW":6.0,"Past":4.0,"Press":128.0,"Succ":38.0,"Blocks":3.0,"Int":3.0},{"Player":"Kevin Mbabu","Pos":"DF","Tkl":53.0,"TklW":31.0,"Past":19.0,"Press":298.0,"Succ":107.0,"Blocks":51.0,"Int":23.0},{"Player":"Jean-Manuel Mbom","Pos":"MF","Tkl":25.0,"TklW":15.0,"Past":23.0,"Press":276.0,"Succ":79.0,"Blocks":27.0,"Int":14.0},{"Player":"Nathan de Medina","Pos":"DF","Tkl":24.0,"TklW":17.0,"Past":4.0,"Press":145.0,"Succ":51.0,"Blocks":21.0,"Int":8.0},{"Player":"Admir Mehmedi","Pos":"MF","Tkl":18.0,"TklW":12.0,"Past":12.0,"Press":211.0,"Succ":79.0,"Blocks":10.0,"Int":6.0},{"Player":"Jorge Meré","Pos":"DF","Tkl":21.0,"TklW":14.0,"Past":7.0,"Press":119.0,"Succ":43.0,"Blocks":17.0,"Int":23.0},{"Player":"Thomas Meunier","Pos":"DF","Tkl":37.0,"TklW":26.0,"Past":13.0,"Press":171.0,"Succ":63.0,"Blocks":26.0,"Int":16.0},{"Player":"Maximilian Mittelstädt","Pos":"DF","Tkl":76.0,"TklW":36.0,"Past":39.0,"Press":331.0,"Succ":98.0,"Blocks":58.0,"Int":52.0},{"Player":"Kevin Möhwald","Pos":"MF","Tkl":19.0,"TklW":16.0,"Past":18.0,"Press":234.0,"Succ":63.0,"Blocks":19.0,"Int":41.0},{"Player":"Niklas Moisander","Pos":"DF","Tkl":17.0,"TklW":11.0,"Past":9.0,"Press":123.0,"Succ":46.0,"Blocks":24.0,"Int":28.0},{"Player":"Nordi Mukiele","Pos":"DF","Tkl":47.0,"TklW":20.0,"Past":24.0,"Press":278.0,"Succ":78.0,"Blocks":40.0,"Int":28.0},{"Player":"Florian Müller","Pos":"GK","Tkl":0.0,"TklW":0.0,"Past":2.0,"Press":2.0,"Succ":0.0,"Blocks":0.0,"Int":1.0},{"Player":"Thomas Müller","Pos":"MF","Tkl":53.0,"TklW":33.0,"Past":53.0,"Press":664.0,"Succ":220.0,"Blocks":49.0,"Int":18.0},{"Player":"Jamal Musiala","Pos":"FW","Tkl":26.0,"TklW":15.0,"Past":15.0,"Press":221.0,"Succ":83.0,"Blocks":24.0,"Int":22.0},{"Player":"Philipp Mwene","Pos":"DF","Tkl":51.0,"TklW":34.0,"Past":26.0,"Press":328.0,"Succ":122.0,"Blocks":37.0,"Int":24.0},{"Player":"Matija Nastasic","Pos":"DF","Tkl":11.0,"TklW":6.0,"Past":9.0,"Press":96.0,"Succ":30.0,"Blocks":35.0,"Int":15.0},{"Player":"Manuel Neuer","Pos":"GK","Tkl":0.0,"TklW":0.0,"Past":1.0,"Press":4.0,"Succ":0.0,"Blocks":0.0,"Int":1.0},{"Player":"Florian Neuhaus","Pos":"MF","Tkl":50.0,"TklW":31.0,"Past":58.0,"Press":368.0,"Succ":125.0,"Blocks":48.0,"Int":46.0},{"Player":"Jessic Ngankam","Pos":"FW","Tkl":6.0,"TklW":4.0,"Past":4.0,"Press":90.0,"Succ":20.0,"Blocks":9.0,"Int":1.0},{"Player":"Moussa Niakhate","Pos":"DF","Tkl":58.0,"TklW":35.0,"Past":18.0,"Press":344.0,"Succ":139.0,"Blocks":53.0,"Int":40.0},{"Player":"Florian Niederlechner","Pos":"FW","Tkl":11.0,"TklW":8.0,"Past":15.0,"Press":237.0,"Succ":69.0,"Blocks":17.0,"Int":6.0},{"Player":"Joakim Nilsson","Pos":"DF","Tkl":41.0,"TklW":25.0,"Past":11.0,"Press":247.0,"Succ":80.0,"Blocks":38.0,"Int":26.0},{"Player":"Christopher Nkunku","Pos":"FW","Tkl":24.0,"TklW":17.0,"Past":16.0,"Press":415.0,"Succ":126.0,"Blocks":32.0,"Int":11.0},{"Player":"Bastian Oczipka","Pos":"DF","Tkl":38.0,"TklW":23.0,"Past":16.0,"Press":191.0,"Succ":57.0,"Blocks":37.0,"Int":31.0},{"Player":"Dani Olmo","Pos":"MF","Tkl":36.0,"TklW":22.0,"Past":25.0,"Press":453.0,"Succ":160.0,"Blocks":21.0,"Int":24.0},{"Player":"Karim Onisiwo","Pos":"FW","Tkl":34.0,"TklW":20.0,"Past":13.0,"Press":430.0,"Succ":106.0,"Blocks":25.0,"Int":10.0},{"Player":"Willi Orban","Pos":"DF","Tkl":42.0,"TklW":26.0,"Past":17.0,"Press":235.0,"Succ":101.0,"Blocks":48.0,"Int":35.0},{"Player":"Yuya Osako","Pos":"MF","Tkl":14.0,"TklW":8.0,"Past":3.0,"Press":142.0,"Succ":24.0,"Blocks":10.0,"Int":6.0},{"Player":"Paulo Otávio","Pos":"DF","Tkl":78.0,"TklW":40.0,"Past":32.0,"Press":325.0,"Succ":103.0,"Blocks":60.0,"Int":41.0},{"Player":"Reece Oxford","Pos":"DF","Tkl":23.0,"TklW":15.0,"Past":9.0,"Press":132.0,"Succ":42.0,"Blocks":26.0,"Int":39.0},{"Player":"Salih Özcan","Pos":"MF","Tkl":25.0,"TklW":17.0,"Past":30.0,"Press":265.0,"Succ":92.0,"Blocks":17.0,"Int":21.0},{"Player":"Levin Öztunali","Pos":"DF","Tkl":28.0,"TklW":16.0,"Past":7.0,"Press":112.0,"Succ":30.0,"Blocks":18.0,"Int":15.0},{"Player":"Gonçalo Paciência","Pos":"FW","Tkl":8.0,"TklW":7.0,"Past":9.0,"Press":127.0,"Succ":30.0,"Blocks":5.0,"Int":2.0},{"Player":"Benjamin Pavard","Pos":"DF","Tkl":43.0,"TklW":26.0,"Past":14.0,"Press":255.0,"Succ":97.0,"Blocks":57.0,"Int":31.0},{"Player":"Jiri Pavlenka","Pos":"GK","Tkl":0.0,"TklW":0.0,"Past":0.0,"Press":2.0,"Succ":0.0,"Blocks":1.0,"Int":0.0},{"Player":"Mads Pedersen","Pos":"DF","Tkl":29.0,"TklW":16.0,"Past":18.0,"Press":182.0,"Succ":62.0,"Blocks":25.0,"Int":19.0},{"Player":"Peter Pekarík","Pos":"DF","Tkl":27.0,"TklW":11.0,"Past":20.0,"Press":209.0,"Succ":63.0,"Blocks":36.0,"Int":20.0},{"Player":"Philipp Mwene","Pos":"GK","Tkl":0.0,"TklW":0.0,"Past":0.0,"Press":0.0,"Succ":0.0,"Blocks":0.0,"Int":0.0},{"Player":"Nils Petersen","Pos":"FW","Tkl":14.0,"TklW":10.0,"Past":20.0,"Press":309.0,"Succ":70.0,"Blocks":22.0,"Int":3.0},{"Player":"Maximilian Philipp","Pos":"MF","Tkl":13.0,"TklW":5.0,"Past":18.0,"Press":287.0,"Succ":86.0,"Blocks":14.0,"Int":8.0},{"Player":"Krzysztof Piatek","Pos":"FW","Tkl":9.0,"TklW":5.0,"Past":22.0,"Press":450.0,"Succ":98.0,"Blocks":15.0,"Int":6.0},{"Player":"Amos Pieper","Pos":"DF","Tkl":66.0,"TklW":41.0,"Past":21.0,"Press":326.0,"Succ":138.0,"Blocks":72.0,"Int":36.0},{"Player":"Marvin Plattenhardt","Pos":"DF","Tkl":20.0,"TklW":13.0,"Past":4.0,"Press":147.0,"Succ":53.0,"Blocks":16.0,"Int":6.0},{"Player":"Alassane Pléa","Pos":"FW","Tkl":17.0,"TklW":9.0,"Past":19.0,"Press":288.0,"Succ":74.0,"Blocks":9.0,"Int":7.0},{"Player":"Joel Pohjanpalo","Pos":"FW","Tkl":7.0,"TklW":2.0,"Past":5.0,"Press":123.0,"Succ":27.0,"Blocks":2.0,"Int":1.0},{"Player":"Joel Pohjanpalo","Pos":"MF","Tkl":1.0,"TklW":0.0,"Past":0.0,"Press":2.0,"Succ":0.0,"Blocks":0.0,"Int":0.0},{"Player":"Stefan Posch","Pos":"DF","Tkl":63.0,"TklW":32.0,"Past":24.0,"Press":319.0,"Succ":102.0,"Blocks":50.0,"Int":29.0},{"Player":"Yussuf Poulsen","Pos":"FW","Tkl":7.0,"TklW":2.0,"Past":13.0,"Press":335.0,"Succ":90.0,"Blocks":16.0,"Int":7.0},{"Player":"Manuel Prietl","Pos":"MF","Tkl":76.0,"TklW":48.0,"Past":68.0,"Press":616.0,"Succ":197.0,"Blocks":56.0,"Int":38.0},{"Player":"Grischa Prömel","Pos":"MF","Tkl":40.0,"TklW":27.0,"Past":19.0,"Press":312.0,"Succ":105.0,"Blocks":34.0,"Int":31.0},{"Player":"Robin Quaison","Pos":"FW","Tkl":16.0,"TklW":9.0,"Past":12.0,"Press":311.0,"Succ":79.0,"Blocks":14.0,"Int":9.0},{"Player":"Benito Raman","Pos":"FW","Tkl":19.0,"TklW":12.0,"Past":21.0,"Press":304.0,"Succ":85.0,"Blocks":15.0,"Int":9.0},{"Player":"Milot Rashica","Pos":"FW","Tkl":16.0,"TklW":10.0,"Past":21.0,"Press":244.0,"Succ":56.0,"Blocks":16.0,"Int":9.0},{"Player":"Marco Reus","Pos":"MF","Tkl":41.0,"TklW":30.0,"Past":22.0,"Press":476.0,"Succ":160.0,"Blocks":32.0,"Int":10.0},{"Player":"Elvis Rexhbecaj","Pos":"MF","Tkl":52.0,"TklW":30.0,"Past":30.0,"Press":430.0,"Succ":138.0,"Blocks":51.0,"Int":22.0},{"Player":"Marco Richter","Pos":"FW","Tkl":19.0,"TklW":9.0,"Past":9.0,"Press":255.0,"Succ":55.0,"Blocks":13.0,"Int":9.0},{"Player":"Sebastian Rode","Pos":"MF","Tkl":52.0,"TklW":30.0,"Past":37.0,"Press":434.0,"Succ":113.0,"Blocks":41.0,"Int":43.0},{"Player":"Jérôme Roussillon","Pos":"DF","Tkl":24.0,"TklW":14.0,"Past":11.0,"Press":191.0,"Succ":70.0,"Blocks":23.0,"Int":13.0},{"Player":"Sebastian Rudy","Pos":"DF","Tkl":4.0,"TklW":1.0,"Past":5.0,"Press":31.0,"Succ":9.0,"Blocks":11.0,"Int":0.0},{"Player":"Sebastian Rudy","Pos":"MF","Tkl":52.0,"TklW":30.0,"Past":27.0,"Press":364.0,"Succ":122.0,"Blocks":40.0,"Int":8.0},{"Player":"Julian Ryerson","Pos":"DF","Tkl":22.0,"TklW":10.0,"Past":7.0,"Press":184.0,"Succ":57.0,"Blocks":26.0,"Int":13.0},{"Player":"Marcel Sabitzer","Pos":"MF","Tkl":38.0,"TklW":27.0,"Past":23.0,"Press":303.0,"Succ":102.0,"Blocks":18.0,"Int":36.0},{"Player":"Roland Sallai","Pos":"MF","Tkl":21.0,"TklW":13.0,"Past":8.0,"Press":307.0,"Succ":68.0,"Blocks":18.0,"Int":10.0},{"Player":"Diadie Samassékou","Pos":"MF","Tkl":75.0,"TklW":45.0,"Past":58.0,"Press":464.0,"Succ":153.0,"Blocks":52.0,"Int":68.0},{"Player":"Jadon Sancho","Pos":"FW","Tkl":16.0,"TklW":11.0,"Past":11.0,"Press":255.0,"Succ":93.0,"Blocks":38.0,"Int":14.0},{"Player":"Leroy Sané","Pos":"FW","Tkl":31.0,"TklW":21.0,"Past":20.0,"Press":392.0,"Succ":140.0,"Blocks":32.0,"Int":12.0},{"Player":"Baptiste Santamaria","Pos":"MF","Tkl":64.0,"TklW":42.0,"Past":45.0,"Press":513.0,"Succ":143.0,"Blocks":52.0,"Int":49.0},{"Player":"Joshua Sargent","Pos":"FW","Tkl":36.0,"TklW":28.0,"Past":26.0,"Press":549.0,"Succ":158.0,"Blocks":51.0,"Int":20.0},{"Player":"Patrik Schick","Pos":"FW","Tkl":14.0,"TklW":8.0,"Past":6.0,"Press":229.0,"Succ":60.0,"Blocks":10.0,"Int":2.0},{"Player":"Sven Schipplock","Pos":"FW","Tkl":12.0,"TklW":8.0,"Past":27.0,"Press":333.0,"Succ":78.0,"Blocks":13.0,"Int":3.0},{"Player":"Xaver Schlager","Pos":"MF","Tkl":90.0,"TklW":61.0,"Past":48.0,"Press":604.0,"Succ":214.0,"Blocks":53.0,"Int":47.0},{"Player":"Keven Schlotterbeck","Pos":"DF","Tkl":25.0,"TklW":12.0,"Past":19.0,"Press":178.0,"Succ":55.0,"Blocks":33.0,"Int":29.0},{"Player":"Nico Schlotterbeck","Pos":"DF","Tkl":34.0,"TklW":20.0,"Past":10.0,"Press":180.0,"Succ":63.0,"Blocks":21.0,"Int":36.0},{"Player":"Jonathan Schmid","Pos":"DF","Tkl":37.0,"TklW":27.0,"Past":19.0,"Press":309.0,"Succ":94.0,"Blocks":55.0,"Int":22.0},{"Player":"Romano Schmid","Pos":"FW","Tkl":27.0,"TklW":20.0,"Past":25.0,"Press":345.0,"Succ":76.0,"Blocks":26.0,"Int":16.0},{"Player":"Alessandro Schöpf","Pos":"FW","Tkl":15.0,"TklW":12.0,"Past":10.0,"Press":212.0,"Succ":63.0,"Blocks":21.0,"Int":7.0},{"Player":"Alexander Schwolow","Pos":"GK","Tkl":0.0,"TklW":0.0,"Past":0.0,"Press":3.0,"Succ":2.0,"Blocks":1.0,"Int":0.0},{"Player":"Christoph Kramer","Pos":"FW","Tkl":2.0,"TklW":1.0,"Past":0.0,"Press":4.0,"Succ":2.0,"Blocks":1.0,"Int":0.0},{"Player":"Davie Selke","Pos":"FW","Tkl":3.0,"TklW":2.0,"Past":4.0,"Press":180.0,"Succ":48.0,"Blocks":5.0,"Int":2.0},{"Player":"Suat Serdar","Pos":"MF","Tkl":58.0,"TklW":36.0,"Past":28.0,"Press":353.0,"Succ":111.0,"Blocks":39.0,"Int":23.0},{"Player":"Ryan Sessegnon","Pos":"DF","Tkl":47.0,"TklW":25.0,"Past":25.0,"Press":316.0,"Succ":97.0,"Blocks":45.0,"Int":20.0},{"Player":"André Silva","Pos":"FW","Tkl":11.0,"TklW":4.0,"Past":5.0,"Press":343.0,"Succ":102.0,"Blocks":12.0,"Int":4.0},{"Player":"Daley Sinkgraven","Pos":"DF","Tkl":33.0,"TklW":23.0,"Past":22.0,"Press":218.0,"Succ":81.0,"Blocks":48.0,"Int":21.0},{"Player":"Ellyes Skhiri","Pos":"MF","Tkl":88.0,"TklW":51.0,"Past":35.0,"Press":537.0,"Succ":168.0,"Blocks":77.0,"Int":84.0},{"Player":"Robert Skov","Pos":"FW","Tkl":23.0,"TklW":15.0,"Past":11.0,"Press":187.0,"Succ":76.0,"Blocks":16.0,"Int":12.0},{"Player":"Yann Sommer","Pos":"GK","Tkl":0.0,"TklW":0.0,"Past":0.0,"Press":3.0,"Succ":1.0,"Blocks":0.0,"Int":0.0},{"Player":"Borna Sosa","Pos":"DF","Tkl":22.0,"TklW":13.0,"Past":13.0,"Press":172.0,"Succ":59.0,"Blocks":46.0,"Int":23.0},{"Player":"Djibril Sow","Pos":"MF","Tkl":67.0,"TklW":45.0,"Past":35.0,"Press":536.0,"Succ":174.0,"Blocks":47.0,"Int":55.0},{"Player":"Benjamin Stambouli","Pos":"MF","Tkl":60.0,"TklW":45.0,"Past":24.0,"Press":277.0,"Succ":101.0,"Blocks":49.0,"Int":61.0},{"Player":"Niklas Stark","Pos":"DF","Tkl":66.0,"TklW":36.0,"Past":24.0,"Press":430.0,"Succ":135.0,"Blocks":58.0,"Int":40.0},{"Player":"Renato Steffen","Pos":"FW","Tkl":26.0,"TklW":15.0,"Past":21.0,"Press":286.0,"Succ":79.0,"Blocks":33.0,"Int":13.0},{"Player":"Pascal Stenzel","Pos":"DF","Tkl":33.0,"TklW":18.0,"Past":29.0,"Press":186.0,"Succ":58.0,"Blocks":33.0,"Int":18.0},{"Player":"Lars Stindl","Pos":"MF","Tkl":35.0,"TklW":23.0,"Past":25.0,"Press":458.0,"Succ":117.0,"Blocks":27.0,"Int":6.0},{"Player":"Kevin Stöger","Pos":"MF","Tkl":14.0,"TklW":10.0,"Past":12.0,"Press":97.0,"Succ":33.0,"Blocks":9.0,"Int":11.0},{"Player":"Tobias Strobl","Pos":"MF","Tkl":25.0,"TklW":14.0,"Past":24.0,"Press":312.0,"Succ":99.0,"Blocks":34.0,"Int":28.0},{"Player":"Niklas Süle","Pos":"DF","Tkl":33.0,"TklW":18.0,"Past":12.0,"Press":159.0,"Succ":60.0,"Blocks":29.0,"Int":21.0},{"Player":"Ádám Szalai","Pos":"FW","Tkl":7.0,"TklW":7.0,"Past":5.0,"Press":132.0,"Succ":42.0,"Blocks":4.0,"Int":3.0},{"Player":"Alexander Sørloth","Pos":"FW","Tkl":11.0,"TklW":7.0,"Past":14.0,"Press":315.0,"Succ":106.0,"Blocks":18.0,"Int":5.0},{"Player":"Jonathan Tah","Pos":"DF","Tkl":35.0,"TklW":18.0,"Past":10.0,"Press":212.0,"Succ":75.0,"Blocks":45.0,"Int":47.0},{"Player":"Edmond Tapsoba","Pos":"DF","Tkl":64.0,"TklW":34.0,"Past":30.0,"Press":383.0,"Succ":135.0,"Blocks":72.0,"Int":49.0},{"Player":"Cedric Teuchert","Pos":"FW","Tkl":10.0,"TklW":7.0,"Past":15.0,"Press":176.0,"Succ":51.0,"Blocks":14.0,"Int":11.0},{"Player":"Malick Thiaw","Pos":"DF","Tkl":47.0,"TklW":20.0,"Past":15.0,"Press":222.0,"Succ":65.0,"Blocks":29.0,"Int":33.0},{"Player":"Jan Thielmann","Pos":"FW","Tkl":18.0,"TklW":12.0,"Past":5.0,"Press":206.0,"Succ":59.0,"Blocks":12.0,"Int":8.0},{"Player":"Marcus Thuram","Pos":"FW","Tkl":22.0,"TklW":16.0,"Past":13.0,"Press":328.0,"Succ":97.0,"Blocks":34.0,"Int":20.0},{"Player":"Corentin Tolisso","Pos":"MF","Tkl":17.0,"TklW":12.0,"Past":17.0,"Press":154.0,"Succ":38.0,"Blocks":17.0,"Int":3.0},{"Player":"Ömer Toprak","Pos":"DF","Tkl":31.0,"TklW":13.0,"Past":14.0,"Press":163.0,"Succ":53.0,"Blocks":41.0,"Int":51.0},{"Player":"Almamy Touré","Pos":"DF","Tkl":16.0,"TklW":13.0,"Past":8.0,"Press":117.0,"Succ":37.0,"Blocks":15.0,"Int":11.0},{"Player":"Lucas Tousart","Pos":"MF","Tkl":51.0,"TklW":36.0,"Past":20.0,"Press":447.0,"Succ":155.0,"Blocks":54.0,"Int":42.0},{"Player":"Kevin Trapp","Pos":"GK","Tkl":0.0,"TklW":0.0,"Past":1.0,"Press":5.0,"Succ":1.0,"Blocks":0.0,"Int":1.0},{"Player":"Christopher Trimmel","Pos":"DF","Tkl":58.0,"TklW":33.0,"Past":28.0,"Press":331.0,"Succ":108.0,"Blocks":46.0,"Int":58.0},{"Player":"Tuta","Pos":"DF","Tkl":32.0,"TklW":14.0,"Past":26.0,"Press":230.0,"Succ":68.0,"Blocks":32.0,"Int":31.0},{"Player":"Mark Uth","Pos":"FW","Tkl":27.0,"TklW":19.0,"Past":21.0,"Press":325.0,"Succ":85.0,"Blocks":18.0,"Int":14.0},{"Player":"Ruben Vargas","Pos":"MF","Tkl":23.0,"TklW":13.0,"Past":17.0,"Press":267.0,"Succ":89.0,"Blocks":39.0,"Int":28.0},{"Player":"Milos Veljkovic","Pos":"DF","Tkl":18.0,"TklW":16.0,"Past":26.0,"Press":199.0,"Succ":65.0,"Blocks":42.0,"Int":31.0},{"Player":"Andreas Voglsammer","Pos":"FW","Tkl":11.0,"TklW":9.0,"Past":16.0,"Press":186.0,"Succ":51.0,"Blocks":15.0,"Int":5.0},{"Player":"Kevin Vogt","Pos":"DF","Tkl":26.0,"TklW":17.0,"Past":10.0,"Press":165.0,"Succ":61.0,"Blocks":24.0,"Int":11.0},{"Player":"Wout Weghorst","Pos":"FW","Tkl":13.0,"TklW":12.0,"Past":12.0,"Press":581.0,"Succ":176.0,"Blocks":20.0,"Int":6.0},{"Player":"Wendell","Pos":"DF","Tkl":54.0,"TklW":30.0,"Past":29.0,"Press":241.0,"Succ":90.0,"Blocks":35.0,"Int":40.0},{"Player":"Oscar Wendt","Pos":"DF","Tkl":15.0,"TklW":5.0,"Past":9.0,"Press":96.0,"Succ":33.0,"Blocks":31.0,"Int":15.0},{"Player":"Florian Wirtz","Pos":"MF","Tkl":25.0,"TklW":18.0,"Past":28.0,"Press":500.0,"Succ":155.0,"Blocks":34.0,"Int":20.0},{"Player":"Axel Witsel","Pos":"MF","Tkl":20.0,"TklW":15.0,"Past":9.0,"Press":161.0,"Succ":59.0,"Blocks":17.0,"Int":15.0},{"Player":"Hannes Wolf","Pos":"MF","Tkl":27.0,"TklW":19.0,"Past":29.0,"Press":386.0,"Succ":106.0,"Blocks":25.0,"Int":12.0},{"Player":"Marius Wolf","Pos":"DF","Tkl":33.0,"TklW":18.0,"Past":29.0,"Press":374.0,"Succ":109.0,"Blocks":49.0,"Int":33.0},{"Player":"Amin Younes","Pos":"MF","Tkl":27.0,"TklW":19.0,"Past":29.0,"Press":338.0,"Succ":93.0,"Blocks":22.0,"Int":17.0},{"Player":"Denis Zakaria","Pos":"MF","Tkl":28.0,"TklW":21.0,"Past":11.0,"Press":197.0,"Succ":64.0,"Blocks":29.0,"Int":29.0},{"Player":"Deyovaisio Zeefuik","Pos":"DF","Tkl":19.0,"TklW":14.0,"Past":13.0,"Press":220.0,"Succ":61.0,"Blocks":31.0,"Int":8.0},{"Player":"Robin Zentner","Pos":"GK","Tkl":0.0,"TklW":0.0,"Past":2.0,"Press":5.0,"Succ":2.0,"Blocks":0.0,"Int":0.0},{"Player":"Steven Zuber","Pos":"DF,MF","Tkl":"27","TklW":"15","Past":"13","Press":"110","Succ":"37","Blocks":"7","Int":"2"}]