[{"Player":"Patrick van Aanholt","Pos":"DF","Tkl":33.0,"TklW":19.0,"Past":27.0,"Press":206.0,"Succ":69.0,"Blocks":31.0,"Int":34.0},{"Player":"Tammy Abraham","Pos":"FW","Tkl":8.0,"TklW":4.0,"Past":5.0,"Press":162.0,"Succ":38.0,"Blocks":9.0,"Int":2.0},{"Player":"Che Adams","Pos":"FW","Tkl":30.0,"TklW":17.0,"Past":17.0,"Press":430.0,"Succ":138.0,"Blocks":26.0,"Int":11.0},{"Player":"Tosin Adarabioyo","Pos":"DF","Tkl":41.0,"TklW":26.0,"Past":18.0,"Press":182.0,"Succ":59.0,"Blocks":38.0,"Int":55.0},{"Player":"Ola Aina","Pos":"DF","Tkl":47.0,"TklW":25.0,"Past":24.0,"Press":261.0,"Succ":65.0,"Blocks":47.0,"Int":53.0},{"Player":"Rayan Ait Nouri","Pos":"DF","Tkl":31.0,"TklW":16.0,"Past":14.0,"Press":241.0,"Succ":72.0,"Blocks":27.0,"Int":15.0},{"Player":"Semi Ajayi","Pos":"DF","Tkl":58.0,"TklW":42.0,"Past":18.0,"Press":341.0,"Succ":133.0,"Blocks":61.0,"Int":41.0},{"Player":"Marc Albrighton","Pos":"DF","Tkl":43.0,"TklW":31.0,"Past":35.0,"Press":340.0,"Succ":129.0,"Blocks":32.0,"Int":28.0},{"Player":"Thiago Alcántara","Pos":"MF","Tkl":68.0,"TklW":43.0,"Past":31.0,"Press":462.0,"Succ":135.0,"Blocks":28.0,"Int":42.0},{"Player":"Toby Alderweireld","Pos":"DF","Tkl":38.0,"TklW":19.0,"Past":12.0,"Press":202.0,"Succ":74.0,"Blocks":53.0,"Int":15.0},{"Player":"Trent Alexander-Arnold","Pos":"DF","Tkl":58.0,"TklW":36.0,"Past":24.0,"Press":328.0,"Succ":115.0,"Blocks":44.0,"Int":49.0},{"Player":"Ezgjan Alioski","Pos":"DF","Tkl":82.0,"TklW":42.0,"Past":49.0,"Press":534.0,"Succ":152.0,"Blocks":46.0,"Int":36.0},{"Player":"Alisson","Pos":"GK","Tkl":0.0,"TklW":0.0,"Past":1.0,"Press":5.0,"Succ":1.0,"Blocks":0.0,"Int":0.0},{"Player":"Allan","Pos":"MF","Tkl":75.0,"TklW":54.0,"Past":66.0,"Press":673.0,"Succ":191.0,"Blocks":39.0,"Int":23.0},{"Player":"Dele Alli","Pos":"MF","Tkl":20.0,"TklW":15.0,"Past":11.0,"Press":218.0,"Succ":58.0,"Blocks":13.0,"Int":10.0},{"Player":"Miguel Almirón","Pos":"MF","Tkl":48.0,"TklW":29.0,"Past":40.0,"Press":506.0,"Succ":114.0,"Blocks":36.0,"Int":27.0},{"Player":"Steven Alzate","Pos":"MF","Tkl":19.0,"TklW":15.0,"Past":7.0,"Press":159.0,"Succ":54.0,"Blocks":16.0,"Int":7.0},{"Player":"Ethan Ampadu","Pos":"DF","Tkl":62.0,"TklW":36.0,"Past":28.0,"Press":359.0,"Succ":101.0,"Blocks":48.0,"Int":39.0},{"Player":"Joachim Andersen","Pos":"DF","Tkl":41.0,"TklW":26.0,"Past":17.0,"Press":196.0,"Succ":66.0,"Blocks":35.0,"Int":51.0},{"Player":"Michail Antonio","Pos":"FW","Tkl":14.0,"TklW":8.0,"Past":7.0,"Press":254.0,"Succ":65.0,"Blocks":25.0,"Int":9.0},{"Player":"Alphonse Areola","Pos":"GK","Tkl":1.0,"TklW":1.0,"Past":4.0,"Press":5.0,"Succ":0.0,"Blocks":0.0,"Int":0.0},{"Player":"Stuart Armstrong","Pos":"MF","Tkl":70.0,"TklW":41.0,"Past":50.0,"Press":489.0,"Succ":141.0,"Blocks":31.0,"Int":30.0},{"Player":"Pierre-Emerick Aubameyang","Pos":"FW","Tkl":17.0,"TklW":5.0,"Past":16.0,"Press":344.0,"Succ":83.0,"Blocks":26.0,"Int":6.0},{"Player":"Serge Aurier","Pos":"DF","Tkl":73.0,"TklW":38.0,"Past":30.0,"Press":384.0,"Succ":112.0,"Blocks":43.0,"Int":24.0},{"Player":"Jordan Ayew","Pos":"FW","Tkl":52.0,"TklW":33.0,"Past":31.0,"Press":678.0,"Succ":159.0,"Blocks":29.0,"Int":29.0},{"Player":"Luke Ayling","Pos":"DF","Tkl":114.0,"TklW":67.0,"Past":47.0,"Press":533.0,"Succ":187.0,"Blocks":81.0,"Int":58.0},{"Player":"César Azpilicueta","Pos":"DF","Tkl":52.0,"TklW":31.0,"Past":14.0,"Press":346.0,"Succ":106.0,"Blocks":37.0,"Int":37.0},{"Player":"George Baldock","Pos":"DF","Tkl":55.0,"TklW":27.0,"Past":25.0,"Press":464.0,"Succ":113.0,"Blocks":46.0,"Int":35.0},{"Player":"Gareth Bale","Pos":"FW","Tkl":14.0,"TklW":9.0,"Past":9.0,"Press":125.0,"Succ":34.0,"Blocks":16.0,"Int":9.0},{"Player":"Patrick Bamford","Pos":"FW","Tkl":26.0,"TklW":18.0,"Past":24.0,"Press":606.0,"Succ":172.0,"Blocks":16.0,"Int":13.0},{"Player":"Ross Barkley","Pos":"MF","Tkl":6.0,"TklW":2.0,"Past":9.0,"Press":245.0,"Succ":58.0,"Blocks":19.0,"Int":5.0},{"Player":"Ross Barkley","Pos":"MF","Tkl":0.0,"TklW":0.0,"Past":0.0,"Press":5.0,"Succ":1.0,"Blocks":0.0,"Int":0.0},{"Player":"Ashley Barnes","Pos":"FW","Tkl":16.0,"TklW":6.0,"Past":8.0,"Press":202.0,"Succ":52.0,"Blocks":15.0,"Int":5.0},{"Player":"Harvey Barnes","Pos":"FW","Tkl":22.0,"TklW":14.0,"Past":15.0,"Press":227.0,"Succ":69.0,"Blocks":24.0,"Int":16.0},{"Player":"Kyle Bartley","Pos":"DF","Tkl":26.0,"TklW":18.0,"Past":22.0,"Press":232.0,"Succ":76.0,"Blocks":74.0,"Int":31.0},{"Player":"Chris Basham","Pos":"DF","Tkl":76.0,"TklW":46.0,"Past":33.0,"Press":383.0,"Succ":115.0,"Blocks":49.0,"Int":45.0},{"Player":"Michy Batshuayi","Pos":"FW","Tkl":3.0,"TklW":3.0,"Past":7.0,"Press":109.0,"Succ":21.0,"Blocks":10.0,"Int":2.0},{"Player":"Jan Bednarek","Pos":"DF","Tkl":48.0,"TklW":28.0,"Past":30.0,"Press":284.0,"Succ":95.0,"Blocks":59.0,"Int":78.0},{"Player":"Donny van de Beek","Pos":"MF","Tkl":12.0,"TklW":9.0,"Past":10.0,"Press":105.0,"Succ":32.0,"Blocks":11.0,"Int":7.0},{"Player":"Héctor Bellerín","Pos":"DF","Tkl":34.0,"TklW":18.0,"Past":29.0,"Press":223.0,"Succ":62.0,"Blocks":50.0,"Int":13.0},{"Player":"Said Benrahma","Pos":"FW","Tkl":31.0,"TklW":21.0,"Past":20.0,"Press":287.0,"Succ":73.0,"Blocks":15.0,"Int":13.0},{"Player":"Christian Benteke","Pos":"FW","Tkl":13.0,"TklW":9.0,"Past":8.0,"Press":240.0,"Succ":57.0,"Blocks":17.0,"Int":5.0},{"Player":"Johann Berg Gudmundsson","Pos":"MF","Tkl":19.0,"TklW":14.0,"Past":13.0,"Press":166.0,"Succ":48.0,"Blocks":19.0,"Int":17.0},{"Player":"Sander Berge","Pos":"MF","Tkl":21.0,"TklW":16.0,"Past":12.0,"Press":217.0,"Succ":63.0,"Blocks":20.0,"Int":3.0},{"Player":"Steven Bergwijn","Pos":"FW","Tkl":16.0,"TklW":10.0,"Past":18.0,"Press":241.0,"Succ":63.0,"Blocks":10.0,"Int":12.0},{"Player":"Ryan Bertrand","Pos":"DF","Tkl":71.0,"TklW":43.0,"Past":20.0,"Press":317.0,"Succ":123.0,"Blocks":47.0,"Int":31.0},{"Player":"Yves Bissouma","Pos":"MF","Tkl":114.0,"TklW":74.0,"Past":45.0,"Press":540.0,"Succ":187.0,"Blocks":56.0,"Int":60.0},{"Player":"Jayden Bogle","Pos":"DF","Tkl":36.0,"TklW":16.0,"Past":15.0,"Press":234.0,"Succ":67.0,"Blocks":26.0,"Int":20.0},{"Player":"Willy Boly","Pos":"DF","Tkl":41.0,"TklW":26.0,"Past":16.0,"Press":160.0,"Succ":55.0,"Blocks":27.0,"Int":23.0},{"Player":"Jarrod Bowen","Pos":"FW","Tkl":23.0,"TklW":14.0,"Past":26.0,"Press":365.0,"Succ":97.0,"Blocks":39.0,"Int":22.0},{"Player":"Robbie Brady","Pos":"MF","Tkl":22.0,"TklW":12.0,"Past":22.0,"Press":181.0,"Succ":41.0,"Blocks":25.0,"Int":9.0},{"Player":"Rhian Brewster","Pos":"FW","Tkl":14.0,"TklW":8.0,"Past":12.0,"Press":238.0,"Succ":61.0,"Blocks":16.0,"Int":6.0},{"Player":"Josh Brownhill","Pos":"MF","Tkl":51.0,"TklW":28.0,"Past":34.0,"Press":490.0,"Succ":125.0,"Blocks":59.0,"Int":53.0},{"Player":"Joe Bryan","Pos":"DF","Tkl":19.0,"TklW":12.0,"Past":9.0,"Press":97.0,"Succ":33.0,"Blocks":21.0,"Int":13.0},{"Player":"Oliver Burke","Pos":"FW","Tkl":18.0,"TklW":10.0,"Past":23.0,"Press":415.0,"Succ":76.0,"Blocks":21.0,"Int":2.0},{"Player":"Dan Burn","Pos":"DF","Tkl":47.0,"TklW":22.0,"Past":33.0,"Press":310.0,"Succ":103.0,"Blocks":39.0,"Int":37.0},{"Player":"Gary Cahill","Pos":"DF","Tkl":13.0,"TklW":7.0,"Past":6.0,"Press":101.0,"Succ":29.0,"Blocks":45.0,"Int":19.0},{"Player":"Dominic Calvert-Lewin","Pos":"FW","Tkl":17.0,"TklW":12.0,"Past":9.0,"Press":347.0,"Succ":97.0,"Blocks":31.0,"Int":5.0},{"Player":"João Cancelo","Pos":"DF","Tkl":77.0,"TklW":44.0,"Past":48.0,"Press":338.0,"Succ":121.0,"Blocks":38.0,"Int":53.0},{"Player":"Andy Carroll","Pos":"FW","Tkl":2.0,"TklW":1.0,"Past":6.0,"Press":60.0,"Succ":14.0,"Blocks":2.0,"Int":1.0},{"Player":"Fabinho","Pos":"MF","Tkl":8.0,"TklW":5.0,"Past":4.0,"Press":109.0,"Succ":24.0,"Blocks":6.0,"Int":4.0},{"Player":"Matthew Cash","Pos":"DF","Tkl":78.0,"TklW":44.0,"Past":42.0,"Press":446.0,"Succ":127.0,"Blocks":77.0,"Int":49.0},{"Player":"Timothy Castagne","Pos":"DF","Tkl":59.0,"TklW":34.0,"Past":24.0,"Press":351.0,"Succ":100.0,"Blocks":53.0,"Int":23.0},{"Player":"Ivan Cavaleiro","Pos":"FW","Tkl":28.0,"TklW":21.0,"Past":18.0,"Press":445.0,"Succ":131.0,"Blocks":38.0,"Int":18.0},{"Player":"Edinson Cavani","Pos":"FW","Tkl":15.0,"TklW":11.0,"Past":9.0,"Press":210.0,"Succ":59.0,"Blocks":6.0,"Int":10.0},{"Player":"Dani Ceballos","Pos":"MF","Tkl":40.0,"TklW":33.0,"Past":36.0,"Press":281.0,"Succ":75.0,"Blocks":29.0,"Int":24.0},{"Player":"Ben Chilwell","Pos":"DF","Tkl":46.0,"TklW":29.0,"Past":21.0,"Press":323.0,"Succ":102.0,"Blocks":65.0,"Int":29.0},{"Player":"Andreas Christensen","Pos":"DF","Tkl":20.0,"TklW":12.0,"Past":6.0,"Press":103.0,"Succ":38.0,"Blocks":26.0,"Int":26.0},{"Player":"Ciaran Clark","Pos":"DF","Tkl":27.0,"TklW":14.0,"Past":7.0,"Press":156.0,"Succ":49.0,"Blocks":45.0,"Int":26.0},{"Player":"Conor Coady","Pos":"DF","Tkl":31.0,"TklW":23.0,"Past":23.0,"Press":203.0,"Succ":71.0,"Blocks":59.0,"Int":25.0},{"Player":"Seamus Coleman","Pos":"DF","Tkl":39.0,"TklW":26.0,"Past":23.0,"Press":242.0,"Succ":73.0,"Blocks":39.0,"Int":20.0},{"Player":"Aaron Connolly","Pos":"FW","Tkl":7.0,"TklW":5.0,"Past":4.0,"Press":124.0,"Succ":40.0,"Blocks":9.0,"Int":0.0},{"Player":"Liam Cooper","Pos":"DF","Tkl":76.0,"TklW":47.0,"Past":24.0,"Press":291.0,"Succ":115.0,"Blocks":45.0,"Int":53.0},{"Player":"Jack Cork","Pos":"MF","Tkl":25.0,"TklW":16.0,"Past":18.0,"Press":234.0,"Succ":71.0,"Blocks":20.0,"Int":15.0},{"Player":"Hélder Costa","Pos":"MF","Tkl":30.0,"TklW":15.0,"Past":23.0,"Press":265.0,"Succ":72.0,"Blocks":19.0,"Int":6.0},{"Player":"Vladimir Coufal","Pos":"DF","Tkl":77.0,"TklW":41.0,"Past":49.0,"Press":457.0,"Succ":126.0,"Blocks":74.0,"Int":39.0},{"Player":"Aaron Cresswell","Pos":"DF","Tkl":31.0,"TklW":13.0,"Past":20.0,"Press":230.0,"Succ":67.0,"Blocks":48.0,"Int":36.0},{"Player":"Stuart Dallas","Pos":"DF","Tkl":79.0,"TklW":52.0,"Past":71.0,"Press":587.0,"Succ":190.0,"Blocks":55.0,"Int":59.0},{"Player":"Scott Dann","Pos":"DF","Tkl":10.0,"TklW":7.0,"Past":9.0,"Press":62.0,"Succ":17.0,"Blocks":26.0,"Int":8.0},{"Player":"Karl Darlow","Pos":"GK","Tkl":0.0,"TklW":0.0,"Past":2.0,"Press":2.0,"Succ":0.0,"Blocks":0.0,"Int":1.0},{"Player":"Ben Davies","Pos":"DF","Tkl":26.0,"TklW":13.0,"Past":19.0,"Press":184.0,"Succ":42.0,"Blocks":24.0,"Int":13.0},{"Player":"Tom Davies","Pos":"MF","Tkl":33.0,"TklW":28.0,"Past":30.0,"Press":272.0,"Succ":91.0,"Blocks":21.0,"Int":34.0},{"Player":"Keinan Davis","Pos":"FW","Tkl":3.0,"TklW":3.0,"Past":1.0,"Press":63.0,"Succ":16.0,"Blocks":2.0,"Int":0.0},{"Player":"Craig Dawson","Pos":"DF","Tkl":13.0,"TklW":11.0,"Past":9.0,"Press":145.0,"Succ":45.0,"Blocks":32.0,"Int":39.0},{"Player":"Kevin De Bruyne","Pos":"MF","Tkl":37.0,"TklW":31.0,"Past":42.0,"Press":376.0,"Succ":122.0,"Blocks":27.0,"Int":16.0},{"Player":"Leander Dendoncker","Pos":"MF","Tkl":49.0,"TklW":29.0,"Past":38.0,"Press":494.0,"Succ":149.0,"Blocks":59.0,"Int":27.0},{"Player":"Mbaye Diagne","Pos":"FW","Tkl":8.0,"TklW":4.0,"Past":3.0,"Press":137.0,"Succ":41.0,"Blocks":7.0,"Int":2.0},{"Player":"Ibrahima Diallo","Pos":"MF","Tkl":30.0,"TklW":25.0,"Past":14.0,"Press":242.0,"Succ":82.0,"Blocks":14.0,"Int":16.0},{"Player":"Grady Diangana","Pos":"MF","Tkl":35.0,"TklW":19.0,"Past":22.0,"Press":309.0,"Succ":67.0,"Blocks":30.0,"Int":14.0},{"Player":"Rúben Dias","Pos":"DF","Tkl":31.0,"TklW":21.0,"Past":17.0,"Press":181.0,"Succ":67.0,"Blocks":45.0,"Int":22.0},{"Player":"Eric Dier","Pos":"DF","Tkl":24.0,"TklW":15.0,"Past":10.0,"Press":166.0,"Succ":48.0,"Blocks":50.0,"Int":23.0},{"Player":"Lucas Digne","Pos":"DF","Tkl":78.0,"TklW":40.0,"Past":21.0,"Press":412.0,"Succ":106.0,"Blocks":59.0,"Int":26.0},{"Player":"Issa Diop","Pos":"DF","Tkl":26.0,"TklW":19.0,"Past":12.0,"Press":113.0,"Succ":41.0,"Blocks":35.0,"Int":14.0},{"Player":"Moussa Djenepo","Pos":"MF","Tkl":46.0,"TklW":22.0,"Past":35.0,"Press":332.0,"Succ":95.0,"Blocks":27.0,"Int":11.0},{"Player":"Matt Doherty","Pos":"DF","Tkl":23.0,"TklW":8.0,"Past":23.0,"Press":186.0,"Succ":38.0,"Blocks":41.0,"Int":18.0},{"Player":"Gabriel","Pos":"DF","Tkl":28.0,"TklW":17.0,"Past":8.0,"Press":151.0,"Succ":55.0,"Blocks":41.0,"Int":23.0},{"Player":"Abdoulaye Doucouré","Pos":"MF","Tkl":56.0,"TklW":42.0,"Past":28.0,"Press":544.0,"Succ":158.0,"Blocks":43.0,"Int":35.0},{"Player":"Paul Dummett","Pos":"DF","Tkl":21.0,"TklW":11.0,"Past":10.0,"Press":119.0,"Succ":28.0,"Blocks":30.0,"Int":17.0},{"Player":"Lewis Dunk","Pos":"DF","Tkl":34.0,"TklW":19.0,"Past":11.0,"Press":188.0,"Succ":70.0,"Blocks":40.0,"Int":29.0},{"Player":"Ederson","Pos":"GK","Tkl":0.0,"TklW":0.0,"Past":1.0,"Press":5.0,"Succ":1.0,"Blocks":0.0,"Int":0.0},{"Player":"John Egan","Pos":"DF","Tkl":47.0,"TklW":30.0,"Past":17.0,"Press":247.0,"Succ":81.0,"Blocks":56.0,"Int":41.0},{"Player":"Mohamed Elneny","Pos":"MF","Tkl":16.0,"TklW":11.0,"Past":14.0,"Press":197.0,"Succ":57.0,"Blocks":18.0,"Int":20.0},{"Player":"Jonny Evans","Pos":"DF","Tkl":21.0,"TklW":12.0,"Past":11.0,"Press":168.0,"Succ":66.0,"Blocks":27.0,"Int":41.0},{"Player":"Eberechi Eze","Pos":"MF","Tkl":38.0,"TklW":22.0,"Past":22.0,"Press":319.0,"Succ":91.0,"Blocks":32.0,"Int":29.0},{"Player":"Lukasz Fabianski","Pos":"GK","Tkl":0.0,"TklW":0.0,"Past":0.0,"Press":11.0,"Succ":2.0,"Blocks":3.0,"Int":0.0},{"Player":"Fabinho","Pos":"DF","Tkl":72.0,"TklW":51.0,"Past":31.0,"Press":351.0,"Succ":115.0,"Blocks":41.0,"Int":49.0},{"Player":"Bruno Fernandes","Pos":"MF","Tkl":60.0,"TklW":39.0,"Past":73.0,"Press":718.0,"Succ":179.0,"Blocks":40.0,"Int":22.0},{"Player":"Federico Fernández","Pos":"DF","Tkl":35.0,"TklW":17.0,"Past":11.0,"Press":183.0,"Succ":51.0,"Blocks":51.0,"Int":17.0},{"Player":"Fernandinho","Pos":"MF","Tkl":31.0,"TklW":22.0,"Past":26.0,"Press":223.0,"Succ":75.0,"Blocks":15.0,"Int":26.0},{"Player":"Roberto Firmino","Pos":"FW","Tkl":35.0,"TklW":22.0,"Past":26.0,"Press":596.0,"Succ":175.0,"Blocks":58.0,"Int":10.0},{"Player":"John Fleck","Pos":"MF","Tkl":46.0,"TklW":27.0,"Past":53.0,"Press":506.0,"Succ":127.0,"Blocks":37.0,"Int":39.0},{"Player":"Phil Foden","Pos":"FW","Tkl":26.0,"TklW":16.0,"Past":11.0,"Press":307.0,"Succ":88.0,"Blocks":15.0,"Int":12.0},{"Player":"Wesley Fofana","Pos":"DF","Tkl":63.0,"TklW":41.0,"Past":17.0,"Press":248.0,"Succ":83.0,"Blocks":47.0,"Int":51.0},{"Player":"Pablo Fornals","Pos":"FW","Tkl":44.0,"TklW":29.0,"Past":75.0,"Press":577.0,"Succ":120.0,"Blocks":53.0,"Int":33.0},{"Player":"Ryan Fraser","Pos":"FW","Tkl":4.0,"TklW":1.0,"Past":2.0,"Press":114.0,"Succ":19.0,"Blocks":8.0,"Int":3.0},{"Player":"Fred","Pos":"MF","Tkl":88.0,"TklW":55.0,"Past":57.0,"Press":639.0,"Succ":200.0,"Blocks":62.0,"Int":47.0},{"Player":"Darnell Furlong","Pos":"DF","Tkl":49.0,"TklW":17.0,"Past":22.0,"Press":289.0,"Succ":83.0,"Blocks":80.0,"Int":28.0},{"Player":"Conor Gallagher","Pos":"MF","Tkl":82.0,"TklW":53.0,"Past":75.0,"Press":708.0,"Succ":180.0,"Blocks":63.0,"Int":39.0},{"Player":"Dwight Gayle","Pos":"FW","Tkl":6.0,"TklW":4.0,"Past":4.0,"Press":90.0,"Succ":22.0,"Blocks":3.0,"Int":1.0},{"Player":"David de Gea","Pos":"GK","Tkl":0.0,"TklW":0.0,"Past":0.0,"Press":0.0,"Succ":0.0,"Blocks":0.0,"Int":0.0},{"Player":"Anwar El Ghazi","Pos":"FW","Tkl":16.0,"TklW":10.0,"Past":14.0,"Press":218.0,"Succ":52.0,"Blocks":11.0,"Int":10.0},{"Player":"Olivier Giroud","Pos":"FW","Tkl":8.0,"TklW":4.0,"Past":3.0,"Press":132.0,"Succ":35.0,"Blocks":3.0,"Int":4.0},{"Player":"Ben Godfrey","Pos":"DF","Tkl":56.0,"TklW":29.0,"Past":14.0,"Press":370.0,"Succ":115.0,"Blocks":85.0,"Int":44.0},{"Player":"André Gomes","Pos":"MF","Tkl":48.0,"TklW":34.0,"Past":39.0,"Press":369.0,"Succ":119.0,"Blocks":30.0,"Int":15.0},{"Player":"Karlan Grant","Pos":"FW","Tkl":6.0,"TklW":3.0,"Past":3.0,"Press":167.0,"Succ":41.0,"Blocks":7.0,"Int":11.0},{"Player":"Jack Grealish","Pos":"FW","Tkl":27.0,"TklW":19.0,"Past":14.0,"Press":316.0,"Succ":100.0,"Blocks":26.0,"Int":13.0},{"Player":"Mason Greenwood","Pos":"FW","Tkl":19.0,"TklW":12.0,"Past":19.0,"Press":263.0,"Succ":74.0,"Blocks":7.0,"Int":9.0},{"Player":"Pascal Groß","Pos":"MF","Tkl":44.0,"TklW":24.0,"Past":28.0,"Press":430.0,"Succ":112.0,"Blocks":33.0,"Int":25.0},{"Player":"Vicente Guaita","Pos":"GK","Tkl":0.0,"TklW":0.0,"Past":1.0,"Press":4.0,"Succ":1.0,"Blocks":0.0,"Int":0.0},{"Player":"Ilkay Gündogan","Pos":"MF","Tkl":25.0,"TklW":18.0,"Past":29.0,"Press":215.0,"Succ":65.0,"Blocks":15.0,"Int":19.0},{"Player":"Sébastien Haller","Pos":"FW","Tkl":11.0,"TklW":4.0,"Past":14.0,"Press":199.0,"Succ":42.0,"Blocks":4.0,"Int":5.0},{"Player":"Jack Harrison","Pos":"MF","Tkl":67.0,"TklW":35.0,"Past":32.0,"Press":632.0,"Succ":175.0,"Blocks":39.0,"Int":25.0},{"Player":"Kai Havertz","Pos":"MF","Tkl":19.0,"TklW":11.0,"Past":19.0,"Press":261.0,"Succ":59.0,"Blocks":27.0,"Int":11.0},{"Player":"Isaac Hayden","Pos":"MF","Tkl":50.0,"TklW":34.0,"Past":20.0,"Press":407.0,"Succ":101.0,"Blocks":42.0,"Int":46.0},{"Player":"Jordan Henderson","Pos":"MF","Tkl":19.0,"TklW":9.0,"Past":21.0,"Press":185.0,"Succ":60.0,"Blocks":28.0,"Int":30.0},{"Player":"Jeff Hendrick","Pos":"MF","Tkl":6.0,"TklW":4.0,"Past":12.0,"Press":173.0,"Succ":48.0,"Blocks":24.0,"Int":12.0},{"Player":"Pablo Hernández","Pos":"MF","Tkl":5.0,"TklW":2.0,"Past":14.0,"Press":72.0,"Succ":19.0,"Blocks":2.0,"Int":5.0},{"Player":"Son Heung-Min","Pos":"FW","Tkl":29.0,"TklW":17.0,"Past":58.0,"Press":617.0,"Succ":141.0,"Blocks":34.0,"Int":23.0},{"Player":"Rob Holding","Pos":"DF","Tkl":39.0,"TklW":21.0,"Past":18.0,"Press":296.0,"Succ":89.0,"Blocks":54.0,"Int":23.0},{"Player":"Mason Holgate","Pos":"DF","Tkl":65.0,"TklW":38.0,"Past":33.0,"Press":316.0,"Succ":97.0,"Blocks":55.0,"Int":41.0},{"Player":"Callum Hudson-Odoi","Pos":"FW","Tkl":24.0,"TklW":12.0,"Past":11.0,"Press":160.0,"Succ":54.0,"Blocks":18.0,"Int":10.0},{"Player":"Pierre-Emile Højbjerg","Pos":"MF","Tkl":119.0,"TklW":82.0,"Past":78.0,"Press":807.0,"Succ":232.0,"Blocks":59.0,"Int":49.0},{"Player":"Kelechi Iheanacho","Pos":"FW","Tkl":12.0,"TklW":9.0,"Past":12.0,"Press":243.0,"Succ":54.0,"Blocks":19.0,"Int":4.0},{"Player":"Danny Ings","Pos":"FW","Tkl":25.0,"TklW":13.0,"Past":22.0,"Press":391.0,"Succ":94.0,"Blocks":47.0,"Int":7.0},{"Player":"Alex Iwobi","Pos":"FW","Tkl":33.0,"TklW":21.0,"Past":13.0,"Press":224.0,"Succ":73.0,"Blocks":22.0,"Int":18.0},{"Player":"Alireza Jahanbakhsh","Pos":"FW","Tkl":8.0,"TklW":5.0,"Past":10.0,"Press":93.0,"Succ":25.0,"Blocks":9.0,"Int":7.0},{"Player":"Daniel James","Pos":"FW","Tkl":12.0,"TklW":9.0,"Past":21.0,"Press":221.0,"Succ":46.0,"Blocks":14.0,"Int":10.0},{"Player":"Reece James","Pos":"DF","Tkl":64.0,"TklW":36.0,"Past":30.0,"Press":360.0,"Succ":92.0,"Blocks":58.0,"Int":41.0},{"Player":"Gabriel Jesus","Pos":"FW","Tkl":23.0,"TklW":13.0,"Past":19.0,"Press":331.0,"Succ":104.0,"Blocks":19.0,"Int":19.0},{"Player":"Joelinton","Pos":"FW","Tkl":44.0,"TklW":26.0,"Past":25.0,"Press":394.0,"Succ":96.0,"Blocks":37.0,"Int":20.0},{"Player":"Sam Johnstone","Pos":"GK","Tkl":0.0,"TklW":0.0,"Past":0.0,"Press":3.0,"Succ":2.0,"Blocks":1.0,"Int":0.0},{"Player":"Curtis Jones","Pos":"MF","Tkl":21.0,"TklW":16.0,"Past":13.0,"Press":234.0,"Succ":70.0,"Blocks":18.0,"Int":17.0},{"Player":"Jorginho","Pos":"MF","Tkl":59.0,"TklW":38.0,"Past":51.0,"Press":467.0,"Succ":165.0,"Blocks":42.0,"Int":51.0},{"Player":"Willian","Pos":"FW","Tkl":2.0,"TklW":2.0,"Past":4.0,"Press":119.0,"Succ":32.0,"Blocks":7.0,"Int":7.0},{"Player":"Diogo Jota","Pos":"FW","Tkl":14.0,"TklW":10.0,"Past":30.0,"Press":296.0,"Succ":75.0,"Blocks":12.0,"Int":8.0},{"Player":"James Justin","Pos":"DF","Tkl":63.0,"TklW":28.0,"Past":26.0,"Press":347.0,"Succ":110.0,"Blocks":54.0,"Int":25.0},{"Player":"Harry Kane","Pos":"FW","Tkl":18.0,"TklW":12.0,"Past":15.0,"Press":391.0,"Succ":99.0,"Blocks":30.0,"Int":15.0},{"Player":"Michael Keane","Pos":"DF","Tkl":31.0,"TklW":15.0,"Past":22.0,"Press":204.0,"Succ":70.0,"Blocks":74.0,"Int":43.0},{"Player":"Max Kilman","Pos":"DF","Tkl":27.0,"TklW":20.0,"Past":10.0,"Press":148.0,"Succ":44.0,"Blocks":20.0,"Int":18.0},{"Player":"Mateusz Klich","Pos":"MF","Tkl":52.0,"TklW":43.0,"Past":49.0,"Press":570.0,"Succ":165.0,"Blocks":21.0,"Int":17.0},{"Player":"Robin Koch","Pos":"DF","Tkl":29.0,"TklW":18.0,"Past":12.0,"Press":183.0,"Succ":48.0,"Blocks":31.0,"Int":13.0},{"Player":"Cheikhou Kouyaté","Pos":"DF","Tkl":70.0,"TklW":36.0,"Past":19.0,"Press":350.0,"Succ":109.0,"Blocks":62.0,"Int":38.0},{"Player":"Mateo Kovacic","Pos":"MF","Tkl":55.0,"TklW":36.0,"Past":23.0,"Press":334.0,"Succ":116.0,"Blocks":15.0,"Int":22.0},{"Player":"Emil Krafth","Pos":"DF","Tkl":23.0,"TklW":16.0,"Past":15.0,"Press":169.0,"Succ":52.0,"Blocks":33.0,"Int":21.0},{"Player":"Alexandre Lacazette","Pos":"FW","Tkl":25.0,"TklW":19.0,"Past":12.0,"Press":329.0,"Succ":107.0,"Blocks":17.0,"Int":14.0},{"Player":"Adam Lallana","Pos":"MF","Tkl":32.0,"TklW":26.0,"Past":38.0,"Press":339.0,"Succ":113.0,"Blocks":26.0,"Int":16.0},{"Player":"Erik Lamela","Pos":"FW","Tkl":18.0,"TklW":11.0,"Past":8.0,"Press":183.0,"Succ":49.0,"Blocks":8.0,"Int":4.0},{"Player":"Manuel Lanzini","Pos":"MF","Tkl":6.0,"TklW":6.0,"Past":11.0,"Press":109.0,"Succ":37.0,"Blocks":15.0,"Int":6.0},{"Player":"Aymeric Laporte","Pos":"DF","Tkl":13.0,"TklW":6.0,"Past":6.0,"Press":81.0,"Succ":24.0,"Blocks":18.0,"Int":8.0},{"Player":"Jamaal Lascelles","Pos":"DF","Tkl":19.0,"TklW":12.0,"Past":2.0,"Press":148.0,"Succ":53.0,"Blocks":39.0,"Int":15.0},{"Player":"Mario Lemina","Pos":"MF","Tkl":61.0,"TklW":36.0,"Past":21.0,"Press":319.0,"Succ":105.0,"Blocks":28.0,"Int":43.0},{"Player":"Bernd Leno","Pos":"GK","Tkl":0.0,"TklW":0.0,"Past":0.0,"Press":3.0,"Succ":2.0,"Blocks":1.0,"Int":0.0},{"Player":"Jamal Lewis","Pos":"DF","Tkl":50.0,"TklW":26.0,"Past":20.0,"Press":336.0,"Succ":81.0,"Blocks":35.0,"Int":20.0},{"Player":"Victor Lindelöf","Pos":"DF","Tkl":26.0,"TklW":16.0,"Past":9.0,"Press":192.0,"Succ":67.0,"Blocks":40.0,"Int":32.0},{"Player":"Jesse Lingard","Pos":"MF","Tkl":15.0,"TklW":10.0,"Past":11.0,"Press":335.0,"Succ":71.0,"Blocks":7.0,"Int":7.0},{"Player":"Jake Livermore","Pos":"MF","Tkl":29.0,"TklW":19.0,"Past":21.0,"Press":244.0,"Succ":67.0,"Blocks":33.0,"Int":19.0},{"Player":"Diego Llorente","Pos":"DF","Tkl":39.0,"TklW":27.0,"Past":10.0,"Press":250.0,"Succ":89.0,"Blocks":25.0,"Int":41.0},{"Player":"Hugo Lloris","Pos":"GK","Tkl":0.0,"TklW":0.0,"Past":1.0,"Press":2.0,"Succ":0.0,"Blocks":0.0,"Int":0.0},{"Player":"Giovani Lo Celso","Pos":"MF","Tkl":33.0,"TklW":23.0,"Past":21.0,"Press":290.0,"Succ":91.0,"Blocks":11.0,"Int":8.0},{"Player":"Ruben Loftus-Cheek","Pos":"MF","Tkl":32.0,"TklW":22.0,"Past":13.0,"Press":337.0,"Succ":100.0,"Blocks":24.0,"Int":23.0},{"Player":"Ruben Loftus-Cheek","Pos":"FW","Tkl":0.0,"TklW":0.0,"Past":0.0,"Press":14.0,"Succ":4.0,"Blocks":1.0,"Int":1.0},{"Player":"Sean Longstaff","Pos":"MF","Tkl":36.0,"TklW":21.0,"Past":39.0,"Press":398.0,"Succ":99.0,"Blocks":29.0,"Int":19.0},{"Player":"Ademola Lookman","Pos":"FW","Tkl":38.0,"TklW":29.0,"Past":30.0,"Press":517.0,"Succ":155.0,"Blocks":42.0,"Int":25.0},{"Player":"Matthew Lowton","Pos":"DF","Tkl":67.0,"TklW":36.0,"Past":43.0,"Press":290.0,"Succ":84.0,"Blocks":66.0,"Int":55.0},{"Player":"David Luiz","Pos":"DF","Tkl":15.0,"TklW":9.0,"Past":2.0,"Press":95.0,"Succ":37.0,"Blocks":23.0,"Int":12.0},{"Player":"Douglas Luiz","Pos":"MF","Tkl":63.0,"TklW":43.0,"Past":42.0,"Press":617.0,"Succ":160.0,"Blocks":60.0,"Int":33.0},{"Player":"John Lundstram","Pos":"MF","Tkl":26.0,"TklW":12.0,"Past":34.0,"Press":350.0,"Succ":75.0,"Blocks":39.0,"Int":21.0},{"Player":"Alexis Mac Allister","Pos":"MF","Tkl":25.0,"TklW":18.0,"Past":25.0,"Press":267.0,"Succ":85.0,"Blocks":20.0,"Int":11.0},{"Player":"James Maddison","Pos":"MF","Tkl":37.0,"TklW":27.0,"Past":19.0,"Press":344.0,"Succ":94.0,"Blocks":13.0,"Int":11.0},{"Player":"Harry Maguire","Pos":"DF","Tkl":30.0,"TklW":18.0,"Past":12.0,"Press":191.0,"Succ":67.0,"Blocks":45.0,"Int":61.0},{"Player":"Riyad Mahrez","Pos":"FW","Tkl":20.0,"TklW":15.0,"Past":27.0,"Press":252.0,"Succ":59.0,"Blocks":24.0,"Int":6.0},{"Player":"Ainsley Maitland-Niles","Pos":"MF","Tkl":20.0,"TklW":14.0,"Past":23.0,"Press":327.0,"Succ":104.0,"Blocks":19.0,"Int":25.0},{"Player":"Ainsley Maitland-Niles","Pos":"DF","Tkl":17.0,"TklW":11.0,"Past":3.0,"Press":113.0,"Succ":25.0,"Blocks":13.0,"Int":13.0},{"Player":"Josh Maja","Pos":"FW","Tkl":7.0,"TklW":6.0,"Past":5.0,"Press":113.0,"Succ":35.0,"Blocks":5.0,"Int":4.0},{"Player":"Sadio Mané","Pos":"FW","Tkl":42.0,"TklW":32.0,"Past":17.0,"Press":467.0,"Succ":158.0,"Blocks":39.0,"Int":15.0},{"Player":"Fernandinho","Pos":"DF","Tkl":10.0,"TklW":4.0,"Past":5.0,"Press":72.0,"Succ":20.0,"Blocks":19.0,"Int":8.0},{"Player":"Solly March","Pos":"DF","Tkl":56.0,"TklW":35.0,"Past":18.0,"Press":240.0,"Succ":71.0,"Blocks":50.0,"Int":19.0},{"Player":"Anthony Martial","Pos":"FW","Tkl":1.0,"TklW":1.0,"Past":7.0,"Press":148.0,"Succ":42.0,"Blocks":22.0,"Int":4.0},{"Player":"Emiliano Martinez","Pos":"GK","Tkl":0.0,"TklW":0.0,"Past":1.0,"Press":6.0,"Succ":1.0,"Blocks":0.0,"Int":0.0},{"Player":"Nemanja Matic","Pos":"MF","Tkl":24.0,"TklW":15.0,"Past":21.0,"Press":175.0,"Succ":56.0,"Blocks":30.0,"Int":18.0},{"Player":"Neal Maupay","Pos":"FW","Tkl":24.0,"TklW":18.0,"Past":14.0,"Press":475.0,"Succ":146.0,"Blocks":18.0,"Int":12.0},{"Player":"James McArthur","Pos":"MF","Tkl":56.0,"TklW":26.0,"Past":27.0,"Press":378.0,"Succ":102.0,"Blocks":39.0,"Int":23.0},{"Player":"Oliver McBurnie","Pos":"FW","Tkl":13.0,"TklW":7.0,"Past":14.0,"Press":296.0,"Succ":62.0,"Blocks":17.0,"Int":8.0},{"Player":"Alex McCarthy","Pos":"GK","Tkl":0.0,"TklW":0.0,"Past":3.0,"Press":4.0,"Succ":1.0,"Blocks":0.0,"Int":0.0},{"Player":"James McCarthy","Pos":"MF","Tkl":18.0,"TklW":8.0,"Past":15.0,"Press":181.0,"Succ":42.0,"Blocks":20.0,"Int":8.0},{"Player":"John McGinn","Pos":"MF","Tkl":74.0,"TklW":46.0,"Past":54.0,"Press":649.0,"Succ":168.0,"Blocks":39.0,"Int":45.0},{"Player":"David McGoldrick","Pos":"FW","Tkl":30.0,"TklW":16.0,"Past":25.0,"Press":434.0,"Succ":105.0,"Blocks":36.0,"Int":12.0},{"Player":"Dwight McNeil","Pos":"MF","Tkl":43.0,"TklW":22.0,"Past":41.0,"Press":585.0,"Succ":138.0,"Blocks":58.0,"Int":38.0},{"Player":"Scott McTominay","Pos":"MF","Tkl":48.0,"TklW":29.0,"Past":24.0,"Press":348.0,"Succ":107.0,"Blocks":56.0,"Int":51.0},{"Player":"Ben Mee","Pos":"DF","Tkl":38.0,"TklW":24.0,"Past":15.0,"Press":162.0,"Succ":50.0,"Blocks":61.0,"Int":35.0},{"Player":"Edouard Mendy","Pos":"GK","Tkl":0.0,"TklW":0.0,"Past":1.0,"Press":3.0,"Succ":0.0,"Blocks":0.0,"Int":0.0},{"Player":"Nampalys Mendy","Pos":"MF","Tkl":35.0,"TklW":22.0,"Past":10.0,"Press":267.0,"Succ":84.0,"Blocks":24.0,"Int":9.0},{"Player":"Illan Meslier","Pos":"GK","Tkl":0.0,"TklW":0.0,"Past":1.0,"Press":7.0,"Succ":2.0,"Blocks":0.0,"Int":0.0},{"Player":"Luka Milivojevic","Pos":"MF","Tkl":67.0,"TklW":44.0,"Past":49.0,"Press":463.0,"Succ":135.0,"Blocks":47.0,"Int":44.0},{"Player":"James Milner","Pos":"MF","Tkl":26.0,"TklW":14.0,"Past":26.0,"Press":209.0,"Succ":69.0,"Blocks":39.0,"Int":16.0},{"Player":"Yerry Mina","Pos":"DF","Tkl":25.0,"TklW":12.0,"Past":3.0,"Press":148.0,"Succ":43.0,"Blocks":38.0,"Int":13.0},{"Player":"Takumi Minamino","Pos":"MF","Tkl":4.0,"TklW":3.0,"Past":12.0,"Press":82.0,"Succ":25.0,"Blocks":0.0,"Int":0.0},{"Player":"Takumi Minamino","Pos":"MF","Tkl":5.0,"TklW":2.0,"Past":15.0,"Press":146.0,"Succ":45.0,"Blocks":10.0,"Int":8.0},{"Player":"Tyrone Mings","Pos":"DF","Tkl":33.0,"TklW":18.0,"Past":12.0,"Press":252.0,"Succ":71.0,"Blocks":84.0,"Int":38.0},{"Player":"Tyrick Mitchell","Pos":"DF","Tkl":69.0,"TklW":29.0,"Past":16.0,"Press":404.0,"Succ":98.0,"Blocks":51.0,"Int":30.0},{"Player":"Aleksandar Mitrovic","Pos":"FW","Tkl":11.0,"TklW":9.0,"Past":5.0,"Press":195.0,"Succ":71.0,"Blocks":18.0,"Int":3.0},{"Player":"Mason Mount","Pos":"MF","Tkl":75.0,"TklW":44.0,"Past":49.0,"Press":685.0,"Succ":205.0,"Blocks":47.0,"Int":36.0},{"Player":"Lucas Moura","Pos":"FW","Tkl":34.0,"TklW":22.0,"Past":21.0,"Press":269.0,"Succ":65.0,"Blocks":18.0,"Int":20.0},{"Player":"João Moutinho","Pos":"MF","Tkl":70.0,"TklW":46.0,"Past":65.0,"Press":543.0,"Succ":160.0,"Blocks":40.0,"Int":39.0},{"Player":"Jacob Murphy","Pos":"DF","Tkl":49.0,"TklW":35.0,"Past":25.0,"Press":351.0,"Succ":95.0,"Blocks":41.0,"Int":20.0},{"Player":"Wilfred Ndidi","Pos":"MF","Tkl":108.0,"TklW":73.0,"Past":45.0,"Press":489.0,"Succ":183.0,"Blocks":66.0,"Int":62.0},{"Player":"Pedro Neto","Pos":"FW","Tkl":21.0,"TklW":18.0,"Past":25.0,"Press":333.0,"Succ":95.0,"Blocks":25.0,"Int":29.0},{"Player":"Rúben Neves","Pos":"MF","Tkl":90.0,"TklW":66.0,"Past":58.0,"Press":584.0,"Succ":195.0,"Blocks":71.0,"Int":46.0},{"Player":"Eddie Nketiah","Pos":"FW","Tkl":4.0,"TklW":3.0,"Past":2.0,"Press":109.0,"Succ":14.0,"Blocks":7.0,"Int":1.0},{"Player":"Mark Noble","Pos":"MF","Tkl":7.0,"TklW":5.0,"Past":12.0,"Press":116.0,"Succ":23.0,"Blocks":9.0,"Int":11.0},{"Player":"Oliver Norwood","Pos":"MF","Tkl":57.0,"TklW":29.0,"Past":61.0,"Press":459.0,"Succ":106.0,"Blocks":37.0,"Int":40.0},{"Player":"Angelo Ogbonna","Pos":"DF","Tkl":27.0,"TklW":20.0,"Past":13.0,"Press":218.0,"Succ":86.0,"Blocks":41.0,"Int":27.0},{"Player":"Ben Osborn","Pos":"MF","Tkl":29.0,"TklW":16.0,"Past":36.0,"Press":394.0,"Succ":87.0,"Blocks":29.0,"Int":16.0},{"Player":"Ederson","Pos":"DF","Tkl":3.0,"TklW":2.0,"Past":2.0,"Press":14.0,"Succ":3.0,"Blocks":2.0,"Int":1.0},{"Player":"Thomas Partey","Pos":"MF","Tkl":47.0,"TklW":30.0,"Past":29.0,"Press":276.0,"Succ":95.0,"Blocks":29.0,"Int":26.0},{"Player":"Rui Patrício","Pos":"GK","Tkl":0.0,"TklW":0.0,"Past":1.0,"Press":3.0,"Succ":0.0,"Blocks":0.0,"Int":0.0},{"Player":"Nicolas Pepe","Pos":"FW","Tkl":20.0,"TklW":16.0,"Past":16.0,"Press":234.0,"Succ":60.0,"Blocks":25.0,"Int":18.0},{"Player":"Matheus Pereira","Pos":"MF","Tkl":33.0,"TklW":20.0,"Past":36.0,"Press":459.0,"Succ":116.0,"Blocks":30.0,"Int":29.0},{"Player":"Ricardo Pereira","Pos":"DF","Tkl":37.0,"TklW":18.0,"Past":19.0,"Press":201.0,"Succ":69.0,"Blocks":28.0,"Int":16.0},{"Player":"Ayoze Pérez","Pos":"MF","Tkl":32.0,"TklW":15.0,"Past":31.0,"Press":343.0,"Succ":91.0,"Blocks":31.0,"Int":19.0},{"Player":"Kalvin Phillips","Pos":"MF","Tkl":74.0,"TklW":44.0,"Past":57.0,"Press":639.0,"Succ":193.0,"Blocks":61.0,"Int":49.0},{"Player":"Matt Phillips","Pos":"MF","Tkl":21.0,"TklW":14.0,"Past":24.0,"Press":304.0,"Succ":72.0,"Blocks":48.0,"Int":19.0},{"Player":"Nathaniel Phillips","Pos":"DF","Tkl":18.0,"TklW":12.0,"Past":19.0,"Press":193.0,"Succ":69.0,"Blocks":23.0,"Int":29.0},{"Player":"Jordan Pickford","Pos":"GK","Tkl":0.0,"TklW":0.0,"Past":1.0,"Press":9.0,"Succ":3.0,"Blocks":2.0,"Int":0.0},{"Player":"Erik Pieters","Pos":"DF","Tkl":40.0,"TklW":27.0,"Past":23.0,"Press":213.0,"Succ":55.0,"Blocks":44.0,"Int":10.0},{"Player":"Daniel Podence","Pos":"MF","Tkl":18.0,"TklW":7.0,"Past":17.0,"Press":243.0,"Succ":66.0,"Blocks":7.0,"Int":15.0},{"Player":"Paul Pogba","Pos":"MF","Tkl":37.0,"TklW":26.0,"Past":22.0,"Press":299.0,"Succ":99.0,"Blocks":22.0,"Int":25.0},{"Player":"Nick Pope","Pos":"GK","Tkl":0.0,"TklW":0.0,"Past":1.0,"Press":7.0,"Succ":2.0,"Blocks":0.0,"Int":1.0},{"Player":"Dennis Praet","Pos":"MF","Tkl":12.0,"TklW":7.0,"Past":8.0,"Press":132.0,"Succ":32.0,"Blocks":14.0,"Int":9.0},{"Player":"Christian Pulisic","Pos":"FW","Tkl":25.0,"TklW":17.0,"Past":15.0,"Press":336.0,"Succ":109.0,"Blocks":31.0,"Int":9.0},{"Player":"Aaron Ramsdale","Pos":"GK","Tkl":0.0,"TklW":0.0,"Past":0.0,"Press":8.0,"Succ":3.0,"Blocks":0.0,"Int":0.0},{"Player":"Jacob Ramsey","Pos":"MF","Tkl":11.0,"TklW":7.0,"Past":12.0,"Press":199.0,"Succ":60.0,"Blocks":17.0,"Int":6.0},{"Player":"Marcus Rashford","Pos":"FW","Tkl":16.0,"TklW":10.0,"Past":19.0,"Press":345.0,"Succ":74.0,"Blocks":24.0,"Int":10.0},{"Player":"Nathan Redmond","Pos":"MF","Tkl":32.0,"TklW":17.0,"Past":12.0,"Press":378.0,"Succ":106.0,"Blocks":29.0,"Int":18.0},{"Player":"Harrison Reed","Pos":"MF","Tkl":68.0,"TklW":42.0,"Past":59.0,"Press":525.0,"Succ":160.0,"Blocks":47.0,"Int":54.0},{"Player":"Sergio Reguilón","Pos":"DF","Tkl":51.0,"TklW":27.0,"Past":25.0,"Press":388.0,"Succ":112.0,"Blocks":53.0,"Int":35.0},{"Player":"Bobby Reid","Pos":"MF","Tkl":32.0,"TklW":20.0,"Past":23.0,"Press":411.0,"Succ":106.0,"Blocks":37.0,"Int":17.0},{"Player":"Declan Rice","Pos":"MF","Tkl":77.0,"TklW":53.0,"Past":31.0,"Press":495.0,"Succ":149.0,"Blocks":54.0,"Int":68.0},{"Player":"Richarlison","Pos":"FW","Tkl":0.0,"TklW":0.0,"Past":1.0,"Press":3.0,"Succ":2.0,"Blocks":0.0,"Int":0.0},{"Player":"Richarlison","Pos":"FW","Tkl":49.0,"TklW":30.0,"Past":29.0,"Press":574.0,"Succ":143.0,"Blocks":33.0,"Int":20.0},{"Player":"Jairo Riedewald","Pos":"MF","Tkl":33.0,"TklW":21.0,"Past":24.0,"Press":297.0,"Succ":85.0,"Blocks":46.0,"Int":24.0},{"Player":"Matt Ritchie","Pos":"DF","Tkl":17.0,"TklW":9.0,"Past":16.0,"Press":152.0,"Succ":32.0,"Blocks":31.0,"Int":23.0},{"Player":"Tyler Roberts","Pos":"MF","Tkl":18.0,"TklW":8.0,"Past":17.0,"Press":261.0,"Succ":64.0,"Blocks":20.0,"Int":9.0},{"Player":"Andrew Robertson","Pos":"DF","Tkl":53.0,"TklW":28.0,"Past":33.0,"Press":353.0,"Succ":120.0,"Blocks":62.0,"Int":34.0},{"Player":"Antonee Robinson","Pos":"DF","Tkl":48.0,"TklW":27.0,"Past":23.0,"Press":249.0,"Succ":84.0,"Blocks":52.0,"Int":44.0},{"Player":"Callum Robinson","Pos":"FW","Tkl":14.0,"TklW":7.0,"Past":13.0,"Press":258.0,"Succ":61.0,"Blocks":16.0,"Int":14.0},{"Player":"Hal Robson-Kanu","Pos":"FW","Tkl":3.0,"TklW":3.0,"Past":0.0,"Press":87.0,"Succ":14.0,"Blocks":5.0,"Int":4.0},{"Player":"Rodri","Pos":"MF","Tkl":83.0,"TklW":60.0,"Past":41.0,"Press":514.0,"Succ":196.0,"Blocks":42.0,"Int":40.0},{"Player":"Rodrigo","Pos":"MF","Tkl":20.0,"TklW":13.0,"Past":20.0,"Press":259.0,"Succ":66.0,"Blocks":9.0,"Int":9.0},{"Player":"James Rodríguez","Pos":"FW","Tkl":20.0,"TklW":14.0,"Past":35.0,"Press":250.0,"Succ":61.0,"Blocks":24.0,"Int":16.0},{"Player":"Jay Rodriguez","Pos":"FW","Tkl":28.0,"TklW":14.0,"Past":13.0,"Press":308.0,"Succ":67.0,"Blocks":27.0,"Int":4.0},{"Player":"Oriol Romeu","Pos":"MF","Tkl":68.0,"TklW":35.0,"Past":43.0,"Press":344.0,"Succ":104.0,"Blocks":32.0,"Int":27.0},{"Player":"Antonio Rüdiger","Pos":"DF","Tkl":30.0,"TklW":18.0,"Past":6.0,"Press":166.0,"Succ":66.0,"Blocks":21.0,"Int":15.0},{"Player":"Allan Saint-Maximin","Pos":"FW","Tkl":15.0,"TklW":11.0,"Past":7.0,"Press":211.0,"Succ":52.0,"Blocks":13.0,"Int":9.0},{"Player":"Romain Saiss","Pos":"DF","Tkl":37.0,"TklW":18.0,"Past":15.0,"Press":259.0,"Succ":78.0,"Blocks":43.0,"Int":39.0},{"Player":"Bukayo Saka","Pos":"FW","Tkl":34.0,"TklW":19.0,"Past":26.0,"Press":394.0,"Succ":111.0,"Blocks":40.0,"Int":27.0},{"Player":"Mohamed Salah","Pos":"FW","Tkl":26.0,"TklW":13.0,"Past":10.0,"Press":553.0,"Succ":153.0,"Blocks":14.0,"Int":9.0},{"Player":"Davinson Sánchez","Pos":"DF","Tkl":40.0,"TklW":25.0,"Past":11.0,"Press":155.0,"Succ":49.0,"Blocks":19.0,"Int":14.0},{"Player":"Robert Sánchez","Pos":"GK","Tkl":0.0,"TklW":0.0,"Past":0.0,"Press":3.0,"Succ":0.0,"Blocks":0.0,"Int":0.0},{"Player":"Romaine Sawyers","Pos":"MF","Tkl":31.0,"TklW":19.0,"Past":26.0,"Press":332.0,"Succ":81.0,"Blocks":18.0,"Int":22.0},{"Player":"Fabian Schär","Pos":"DF","Tkl":19.0,"TklW":9.0,"Past":15.0,"Press":110.0,"Succ":33.0,"Blocks":24.0,"Int":22.0},{"Player":"Jeffrey Schlupp","Pos":"MF","Tkl":37.0,"TklW":20.0,"Past":16.0,"Press":247.0,"Succ":68.0,"Blocks":35.0,"Int":21.0},{"Player":"Kasper Schmeichel","Pos":"GK","Tkl":0.0,"TklW":0.0,"Past":0.0,"Press":5.0,"Succ":0.0,"Blocks":0.0,"Int":0.0},{"Player":"Nélson Semedo","Pos":"DF","Tkl":85.0,"TklW":53.0,"Past":31.0,"Press":552.0,"Succ":164.0,"Blocks":54.0,"Int":45.0},{"Player":"Billy Sharp","Pos":"FW","Tkl":7.0,"TklW":5.0,"Past":7.0,"Press":145.0,"Succ":34.0,"Blocks":2.0,"Int":3.0},{"Player":"Luke Shaw","Pos":"DF","Tkl":61.0,"TklW":44.0,"Past":18.0,"Press":363.0,"Succ":138.0,"Blocks":62.0,"Int":29.0},{"Player":"Jonjo Shelvey","Pos":"MF","Tkl":48.0,"TklW":25.0,"Past":39.0,"Press":387.0,"Succ":76.0,"Blocks":35.0,"Int":43.0},{"Player":"Gylfi Sigurdsson","Pos":"MF","Tkl":35.0,"TklW":21.0,"Past":28.0,"Press":476.0,"Succ":114.0,"Blocks":48.0,"Int":31.0},{"Player":"Bernardo Silva","Pos":"MF","Tkl":32.0,"TklW":21.0,"Past":34.0,"Press":375.0,"Succ":111.0,"Blocks":20.0,"Int":21.0},{"Player":"Fabio Silva","Pos":"FW","Tkl":10.0,"TklW":6.0,"Past":8.0,"Press":261.0,"Succ":70.0,"Blocks":12.0,"Int":5.0},{"Player":"Thiago Silva","Pos":"DF","Tkl":23.0,"TklW":13.0,"Past":9.0,"Press":102.0,"Succ":39.0,"Blocks":26.0,"Int":28.0},{"Player":"Moussa Sissoko","Pos":"MF","Tkl":25.0,"TklW":20.0,"Past":14.0,"Press":242.0,"Succ":75.0,"Blocks":27.0,"Int":16.0},{"Player":"Willian","Pos":"MF","Tkl":6.0,"TklW":4.0,"Past":3.0,"Press":43.0,"Succ":18.0,"Blocks":5.0,"Int":1.0},{"Player":"Emile Smith-Rowe","Pos":"MF","Tkl":14.0,"TklW":8.0,"Past":9.0,"Press":241.0,"Succ":62.0,"Blocks":17.0,"Int":14.0},{"Player":"Caglar Söyüncü","Pos":"DF","Tkl":31.0,"TklW":16.0,"Past":21.0,"Press":166.0,"Succ":55.0,"Blocks":22.0,"Int":27.0},{"Player":"Jack Stephens","Pos":"DF","Tkl":37.0,"TklW":19.0,"Past":21.0,"Press":169.0,"Succ":58.0,"Blocks":41.0,"Int":25.0},{"Player":"Raheem Sterling","Pos":"FW","Tkl":20.0,"TklW":18.0,"Past":13.0,"Press":288.0,"Succ":83.0,"Blocks":17.0,"Int":14.0},{"Player":"Enda Stevens","Pos":"DF","Tkl":53.0,"TklW":23.0,"Past":37.0,"Press":417.0,"Succ":92.0,"Blocks":60.0,"Int":47.0},{"Player":"John Stones","Pos":"DF","Tkl":20.0,"TklW":12.0,"Past":7.0,"Press":130.0,"Succ":51.0,"Blocks":31.0,"Int":20.0},{"Player":"Pascal Struijk","Pos":"DF","Tkl":56.0,"TklW":29.0,"Past":15.0,"Press":382.0,"Succ":118.0,"Blocks":52.0,"Int":41.0},{"Player":"Matt Targett","Pos":"DF","Tkl":97.0,"TklW":57.0,"Past":46.0,"Press":425.0,"Succ":131.0,"Blocks":81.0,"Int":47.0},{"Player":"James Tarkowski","Pos":"DF","Tkl":74.0,"TklW":42.0,"Past":24.0,"Press":252.0,"Succ":104.0,"Blocks":70.0,"Int":57.0},{"Player":"Charlie Taylor","Pos":"DF","Tkl":46.0,"TklW":25.0,"Past":26.0,"Press":226.0,"Succ":71.0,"Blocks":67.0,"Int":28.0},{"Player":"Allan","Pos":"DF","Tkl":0.0,"TklW":0.0,"Past":0.0,"Press":1.0,"Succ":0.0,"Blocks":0.0,"Int":0.0},{"Player":"Nathan Tella","Pos":"FW","Tkl":12.0,"TklW":8.0,"Past":10.0,"Press":222.0,"Succ":56.0,"Blocks":13.0,"Int":9.0},{"Player":"Kenny Tete","Pos":"DF","Tkl":59.0,"TklW":29.0,"Past":11.0,"Press":250.0,"Succ":79.0,"Blocks":30.0,"Int":29.0},{"Player":"Willian","Pos":"DF","Tkl":0.0,"TklW":0.0,"Past":0.0,"Press":0.0,"Succ":0.0,"Blocks":0.0,"Int":0.0},{"Player":"Youri Tielemans","Pos":"MF","Tkl":77.0,"TklW":56.0,"Past":68.0,"Press":505.0,"Succ":182.0,"Blocks":57.0,"Int":36.0},{"Player":"Kieran Tierney","Pos":"DF","Tkl":29.0,"TklW":17.0,"Past":19.0,"Press":197.0,"Succ":65.0,"Blocks":50.0,"Int":20.0},{"Player":"Ferrán Torres","Pos":"FW","Tkl":15.0,"TklW":8.0,"Past":15.0,"Press":217.0,"Succ":66.0,"Blocks":17.0,"Int":7.0},{"Player":"Andros Townsend","Pos":"MF","Tkl":69.0,"TklW":36.0,"Past":66.0,"Press":533.0,"Succ":134.0,"Blocks":61.0,"Int":48.0},{"Player":"Conor Townsend","Pos":"DF","Tkl":56.0,"TklW":32.0,"Past":23.0,"Press":272.0,"Succ":93.0,"Blocks":45.0,"Int":40.0},{"Player":"Adama Traoré","Pos":"FW","Tkl":32.0,"TklW":23.0,"Past":11.0,"Press":345.0,"Succ":107.0,"Blocks":28.0,"Int":11.0},{"Player":"Bertrand Traoré","Pos":"FW","Tkl":26.0,"TklW":9.0,"Past":30.0,"Press":389.0,"Succ":74.0,"Blocks":26.0,"Int":23.0},{"Player":"Trézéguet","Pos":"FW","Tkl":32.0,"TklW":18.0,"Past":27.0,"Press":304.0,"Succ":67.0,"Blocks":27.0,"Int":11.0},{"Player":"Leandro Trossard","Pos":"FW","Tkl":27.0,"TklW":20.0,"Past":25.0,"Press":425.0,"Succ":131.0,"Blocks":41.0,"Int":24.0},{"Player":"Jamie Vardy","Pos":"FW","Tkl":15.0,"TklW":8.0,"Past":12.0,"Press":295.0,"Succ":79.0,"Blocks":16.0,"Int":8.0},{"Player":"Joël Veltman","Pos":"DF","Tkl":77.0,"TklW":41.0,"Past":30.0,"Press":312.0,"Succ":92.0,"Blocks":35.0,"Int":35.0},{"Player":"Jannik Vestergaard","Pos":"DF","Tkl":61.0,"TklW":37.0,"Past":23.0,"Press":215.0,"Succ":86.0,"Blocks":38.0,"Int":37.0},{"Player":"Vitinha","Pos":"MF","Tkl":10.0,"TklW":7.0,"Past":7.0,"Press":127.0,"Succ":41.0,"Blocks":3.0,"Int":4.0},{"Player":"Matej Vydra","Pos":"FW","Tkl":9.0,"TklW":6.0,"Past":8.0,"Press":281.0,"Succ":79.0,"Blocks":15.0,"Int":5.0},{"Player":"Theo Walcott","Pos":"MF","Tkl":29.0,"TklW":18.0,"Past":30.0,"Press":340.0,"Succ":101.0,"Blocks":23.0,"Int":9.0},{"Player":"Theo Walcott","Pos":"FW","Tkl":0.0,"TklW":0.0,"Past":0.0,"Press":5.0,"Succ":1.0,"Blocks":0.0,"Int":0.0},{"Player":"Kyle Walker","Pos":"DF","Tkl":37.0,"TklW":27.0,"Past":16.0,"Press":236.0,"Succ":78.0,"Blocks":29.0,"Int":15.0},{"Player":"Kyle Walker-Peters","Pos":"DF","Tkl":83.0,"TklW":43.0,"Past":31.0,"Press":421.0,"Succ":126.0,"Blocks":70.0,"Int":40.0},{"Player":"Aaron Wan-Bissaka","Pos":"DF","Tkl":97.0,"TklW":52.0,"Past":19.0,"Press":434.0,"Succ":140.0,"Blocks":113.0,"Int":66.0},{"Player":"Joel Ward","Pos":"DF","Tkl":46.0,"TklW":26.0,"Past":20.0,"Press":356.0,"Succ":92.0,"Blocks":49.0,"Int":52.0},{"Player":"James Ward-Prowse","Pos":"MF","Tkl":84.0,"TklW":57.0,"Past":45.0,"Press":630.0,"Succ":207.0,"Blocks":71.0,"Int":44.0},{"Player":"Ollie Watkins","Pos":"FW","Tkl":35.0,"TklW":22.0,"Past":20.0,"Press":626.0,"Succ":166.0,"Blocks":19.0,"Int":12.0},{"Player":"Adam Webster","Pos":"DF","Tkl":30.0,"TklW":21.0,"Past":18.0,"Press":214.0,"Succ":87.0,"Blocks":51.0,"Int":40.0},{"Player":"Danny Welbeck","Pos":"FW","Tkl":12.0,"TklW":8.0,"Past":11.0,"Press":255.0,"Succ":61.0,"Blocks":23.0,"Int":5.0},{"Player":"Timo Werner","Pos":"FW","Tkl":28.0,"TklW":18.0,"Past":32.0,"Press":380.0,"Succ":111.0,"Blocks":24.0,"Int":6.0},{"Player":"Ashley Westwood","Pos":"MF","Tkl":25.0,"TklW":14.0,"Past":35.0,"Press":492.0,"Succ":133.0,"Blocks":50.0,"Int":48.0},{"Player":"Ben White","Pos":"DF","Tkl":56.0,"TklW":33.0,"Past":40.0,"Press":409.0,"Succ":142.0,"Blocks":69.0,"Int":45.0},{"Player":"Georginio Wijnaldum","Pos":"MF","Tkl":30.0,"TklW":24.0,"Past":25.0,"Press":425.0,"Succ":154.0,"Blocks":37.0,"Int":25.0},{"Player":"Willian","Pos":"FW","Tkl":16.0,"TklW":6.0,"Past":18.0,"Press":192.0,"Succ":49.0,"Blocks":22.0,"Int":12.0},{"Player":"Joe Willock","Pos":"MF","Tkl":4.0,"TklW":4.0,"Past":7.0,"Press":42.0,"Succ":15.0,"Blocks":9.0,"Int":5.0},{"Player":"Joe Willock","Pos":"MF","Tkl":34.0,"TklW":25.0,"Past":37.0,"Press":331.0,"Succ":60.0,"Blocks":30.0,"Int":32.0},{"Player":"Callum Wilson","Pos":"FW","Tkl":13.0,"TklW":10.0,"Past":9.0,"Press":335.0,"Succ":90.0,"Blocks":18.0,"Int":3.0},{"Player":"Harry Winks","Pos":"MF","Tkl":24.0,"TklW":14.0,"Past":13.0,"Press":161.0,"Succ":52.0,"Blocks":12.0,"Int":16.0},{"Player":"Chris Wood","Pos":"FW","Tkl":17.0,"TklW":11.0,"Past":11.0,"Press":354.0,"Succ":91.0,"Blocks":27.0,"Int":5.0},{"Player":"Granit Xhaka","Pos":"MF","Tkl":58.0,"TklW":37.0,"Past":31.0,"Press":346.0,"Succ":96.0,"Blocks":33.0,"Int":25.0},{"Player":"Andriy Yarmolenko","Pos":"FW","Tkl":6.0,"TklW":4.0,"Past":5.0,"Press":56.0,"Succ":21.0,"Blocks":7.0,"Int":3.0},{"Player":"Okay Yokuslu","Pos":"MF","Tkl":47.0,"TklW":33.0,"Past":21.0,"Press":284.0,"Succ":89.0,"Blocks":25.0,"Int":42.0},{"Player":"Wilfried Zaha","Pos":"FW","Tkl":34.0,"TklW":24.0,"Past":21.0,"Press":568.0,"Succ":139.0,"Blocks":21.0,"Int":27.0},{"Player":"Oleksandr Zinchenko","Pos":"DF","Tkl":21.0,"TklW":13.0,"Past":14.0,"Press":149.0,"Succ":45.0,"Blocks":26.0,"Int":20.0},{"Player":"Hakim Ziyech","Pos":"FW","Tkl":10.0,"TklW":7.0,"Past":15.0,"Press":223.0,"Succ":61.0,"Blocks":14.0,"Int":10.0},{"Player":"Kurt Zouma","Pos":"DF","Tkl":21.0,"TklW":13.0,"Past":5.0,"Press":109.0,"Succ":40.0,"Blocks":23.0,"Int":26.0},{"Player":"Martin Ødegaard","Pos":"MF","Tkl":"7","TklW":"5","Past":"8","Press":"184","Succ":"44","Blocks":"3","Int":"5"}]