[{"Player":"Francesco Acerbi","Pos":"DF","Tkl":55.0,"TklW":38.0,"Past":26.0,"Press":350.0,"Succ":146.0,"Blocks":51.0,"Int":62.0},{"Player":"Kevin Agudelo","Pos":"FW","Tkl":50.0,"TklW":30.0,"Past":25.0,"Press":356.0,"Succ":100.0,"Blocks":30.0,"Int":5.0},{"Player":"Jean-Daniel Akpa-Akpro","Pos":"MF","Tkl":46.0,"TklW":28.0,"Past":18.0,"Press":354.0,"Succ":111.0,"Blocks":33.0,"Int":18.0},{"Player":"Luis Alberto","Pos":"MF","Tkl":43.0,"TklW":32.0,"Past":52.0,"Press":537.0,"Succ":155.0,"Blocks":38.0,"Int":21.0},{"Player":"Bruno Alves","Pos":"DF","Tkl":16.0,"TklW":6.0,"Past":5.0,"Press":140.0,"Succ":37.0,"Blocks":28.0,"Int":15.0},{"Player":"Sofyan Amrabat","Pos":"MF","Tkl":60.0,"TklW":42.0,"Past":40.0,"Press":567.0,"Succ":154.0,"Blocks":46.0,"Int":21.0},{"Player":"Cristian Ansaldi","Pos":"DF","Tkl":48.0,"TklW":26.0,"Past":15.0,"Press":262.0,"Succ":81.0,"Blocks":32.0,"Int":27.0},{"Player":"Tolgay Arslan","Pos":"MF","Tkl":60.0,"TklW":39.0,"Past":33.0,"Press":354.0,"Succ":125.0,"Blocks":30.0,"Int":21.0},{"Player":"Emil Audero","Pos":"GK","Tkl":0.0,"TklW":0.0,"Past":1.0,"Press":6.0,"Succ":2.0,"Blocks":0.0,"Int":0.0},{"Player":"Tommaso Augello","Pos":"DF","Tkl":50.0,"TklW":25.0,"Past":20.0,"Press":342.0,"Succ":119.0,"Blocks":51.0,"Int":39.0},{"Player":"Kaan Ayhan","Pos":"DF","Tkl":15.0,"TklW":11.0,"Past":6.0,"Press":79.0,"Succ":34.0,"Blocks":16.0,"Int":8.0},{"Player":"Milan Badelj","Pos":"MF","Tkl":64.0,"TklW":46.0,"Past":64.0,"Press":459.0,"Succ":128.0,"Blocks":60.0,"Int":92.0},{"Player":"Tiemoué Bakayoko","Pos":"MF","Tkl":78.0,"TklW":53.0,"Past":19.0,"Press":365.0,"Succ":123.0,"Blocks":26.0,"Int":28.0},{"Player":"Keita","Pos":"FW","Tkl":10.0,"TklW":7.0,"Past":4.0,"Press":228.0,"Succ":49.0,"Blocks":7.0,"Int":3.0},{"Player":"Mattia Bani","Pos":"DF","Tkl":13.0,"TklW":8.0,"Past":6.0,"Press":143.0,"Succ":41.0,"Blocks":31.0,"Int":18.0},{"Player":"Mattia Bani","Pos":"DF","Tkl":20.0,"TklW":11.0,"Past":4.0,"Press":165.0,"Succ":66.0,"Blocks":16.0,"Int":24.0},{"Player":"Antonin Barak","Pos":"MF","Tkl":40.0,"TklW":29.0,"Past":35.0,"Press":535.0,"Succ":149.0,"Blocks":47.0,"Int":18.0},{"Player":"Federico Barba","Pos":"DF","Tkl":34.0,"TklW":20.0,"Past":14.0,"Press":300.0,"Succ":91.0,"Blocks":52.0,"Int":57.0},{"Player":"Nicolò Barella","Pos":"MF","Tkl":61.0,"TklW":41.0,"Past":44.0,"Press":568.0,"Succ":154.0,"Blocks":46.0,"Int":32.0},{"Player":"Musa Barrow","Pos":"FW","Tkl":21.0,"TklW":8.0,"Past":24.0,"Press":463.0,"Succ":120.0,"Blocks":44.0,"Int":14.0},{"Player":"Daniele Baselli","Pos":"MF","Tkl":11.0,"TklW":10.0,"Past":4.0,"Press":103.0,"Succ":36.0,"Blocks":5.0,"Int":6.0},{"Player":"Alessandro Bastoni","Pos":"DF","Tkl":44.0,"TklW":26.0,"Past":13.0,"Press":296.0,"Succ":87.0,"Blocks":48.0,"Int":37.0},{"Player":"Simone Bastoni","Pos":"DF","Tkl":55.0,"TklW":29.0,"Past":21.0,"Press":264.0,"Succ":76.0,"Blocks":21.0,"Int":22.0},{"Player":"Rodrigo Becão","Pos":"DF","Tkl":68.0,"TklW":37.0,"Past":27.0,"Press":413.0,"Succ":142.0,"Blocks":56.0,"Int":47.0},{"Player":"Valon Behrami","Pos":"MF","Tkl":22.0,"TklW":14.0,"Past":14.0,"Press":279.0,"Succ":58.0,"Blocks":22.0,"Int":6.0},{"Player":"Andrea Belotti","Pos":"FW","Tkl":31.0,"TklW":26.0,"Past":22.0,"Press":387.0,"Succ":100.0,"Blocks":33.0,"Int":8.0},{"Player":"Ahmed Benali","Pos":"MF","Tkl":29.0,"TklW":22.0,"Past":33.0,"Press":276.0,"Succ":78.0,"Blocks":13.0,"Int":10.0},{"Player":"Ismael Bennacer","Pos":"MF","Tkl":38.0,"TklW":24.0,"Past":18.0,"Press":295.0,"Succ":90.0,"Blocks":19.0,"Int":22.0},{"Player":"Rodrigo Bentancur","Pos":"MF","Tkl":74.0,"TklW":45.0,"Past":39.0,"Press":537.0,"Succ":158.0,"Blocks":56.0,"Int":48.0},{"Player":"Domenico Berardi","Pos":"FW","Tkl":39.0,"TklW":23.0,"Past":41.0,"Press":430.0,"Succ":138.0,"Blocks":37.0,"Int":35.0},{"Player":"Bartosz Bereszynski","Pos":"DF","Tkl":72.0,"TklW":46.0,"Past":37.0,"Press":427.0,"Succ":141.0,"Blocks":78.0,"Int":34.0},{"Player":"Federico Bernardeschi","Pos":"DF","Tkl":11.0,"TklW":5.0,"Past":18.0,"Press":120.0,"Succ":31.0,"Blocks":12.0,"Int":13.0},{"Player":"Daniel Bessa","Pos":"MF","Tkl":16.0,"TklW":12.0,"Past":5.0,"Press":136.0,"Succ":39.0,"Blocks":5.0,"Int":4.0},{"Player":"Cristiano Biraghi","Pos":"DF","Tkl":42.0,"TklW":20.0,"Past":20.0,"Press":241.0,"Succ":63.0,"Blocks":45.0,"Int":19.0},{"Player":"Jeremie Boga","Pos":"FW","Tkl":15.0,"TklW":13.0,"Past":12.0,"Press":219.0,"Succ":67.0,"Blocks":17.0,"Int":12.0},{"Player":"Giacomo Bonaventura","Pos":"MF","Tkl":40.0,"TklW":29.0,"Past":31.0,"Press":360.0,"Succ":97.0,"Blocks":34.0,"Int":38.0},{"Player":"Federico Bonazzoli","Pos":"FW","Tkl":1.0,"TklW":1.0,"Past":1.0,"Press":25.0,"Succ":5.0,"Blocks":1.0,"Int":0.0},{"Player":"Federico Bonazzoli","Pos":"FW","Tkl":6.0,"TklW":4.0,"Past":10.0,"Press":117.0,"Succ":34.0,"Blocks":3.0,"Int":2.0},{"Player":"Kevin Bonifazi","Pos":"DF","Tkl":43.0,"TklW":26.0,"Past":11.0,"Press":265.0,"Succ":87.0,"Blocks":46.0,"Int":49.0},{"Player":"Leonardo Bonucci","Pos":"DF","Tkl":24.0,"TklW":15.0,"Past":10.0,"Press":147.0,"Succ":53.0,"Blocks":37.0,"Int":18.0},{"Player":"Mehdi Bourabia","Pos":"MF","Tkl":8.0,"TklW":6.0,"Past":5.0,"Press":94.0,"Succ":31.0,"Blocks":18.0,"Int":8.0},{"Player":"Bremer","Pos":"DF","Tkl":65.0,"TklW":41.0,"Past":19.0,"Press":361.0,"Succ":134.0,"Blocks":60.0,"Int":88.0},{"Player":"Marcelo Brozovic","Pos":"MF","Tkl":52.0,"TklW":36.0,"Past":43.0,"Press":534.0,"Succ":154.0,"Blocks":48.0,"Int":39.0},{"Player":"Gastón Brugman","Pos":"MF","Tkl":42.0,"TklW":25.0,"Past":32.0,"Press":344.0,"Succ":98.0,"Blocks":38.0,"Int":37.0},{"Player":"Maxime Busi","Pos":"DF","Tkl":28.0,"TklW":12.0,"Past":18.0,"Press":223.0,"Succ":52.0,"Blocks":31.0,"Int":18.0},{"Player":"Martín Cáceres","Pos":"DF","Tkl":29.0,"TklW":13.0,"Past":20.0,"Press":270.0,"Succ":83.0,"Blocks":27.0,"Int":17.0},{"Player":"Felipe Caicedo","Pos":"FW","Tkl":13.0,"TklW":8.0,"Past":9.0,"Press":169.0,"Succ":52.0,"Blocks":10.0,"Int":2.0},{"Player":"Arthur","Pos":"DF","Tkl":0.0,"TklW":0.0,"Past":1.0,"Press":10.0,"Succ":4.0,"Blocks":0.0,"Int":0.0},{"Player":"Arthur","Pos":"DF","Tkl":0.0,"TklW":0.0,"Past":0.0,"Press":1.0,"Succ":0.0,"Blocks":0.0,"Int":0.0},{"Player":"Davide Calabria","Pos":"DF","Tkl":93.0,"TklW":50.0,"Past":48.0,"Press":523.0,"Succ":173.0,"Blocks":65.0,"Int":27.0},{"Player":"Luca Caldirola","Pos":"DF","Tkl":18.0,"TklW":12.0,"Past":12.0,"Press":142.0,"Succ":46.0,"Blocks":29.0,"Int":17.0},{"Player":"Hakan Calhanoglu","Pos":"MF","Tkl":21.0,"TklW":13.0,"Past":25.0,"Press":400.0,"Succ":124.0,"Blocks":41.0,"Int":27.0},{"Player":"José Callejón","Pos":"FW","Tkl":6.0,"TklW":2.0,"Past":7.0,"Press":73.0,"Succ":29.0,"Blocks":4.0,"Int":7.0},{"Player":"Antonio Candreva","Pos":"MF","Tkl":25.0,"TklW":14.0,"Past":30.0,"Press":283.0,"Succ":74.0,"Blocks":39.0,"Int":25.0},{"Player":"Gianluca Caprari","Pos":"MF","Tkl":20.0,"TklW":16.0,"Past":22.0,"Press":251.0,"Succ":70.0,"Blocks":26.0,"Int":30.0},{"Player":"Francesco Caputo","Pos":"FW","Tkl":1.0,"TklW":1.0,"Past":3.0,"Press":128.0,"Succ":39.0,"Blocks":9.0,"Int":4.0},{"Player":"Andrea Carboni","Pos":"DF","Tkl":29.0,"TklW":10.0,"Past":12.0,"Press":225.0,"Succ":63.0,"Blocks":27.0,"Int":12.0},{"Player":"Samu Castillejo","Pos":"FW","Tkl":28.0,"TklW":17.0,"Past":24.0,"Press":328.0,"Succ":82.0,"Blocks":18.0,"Int":13.0},{"Player":"Gaetano Castrovilli","Pos":"MF","Tkl":44.0,"TklW":29.0,"Past":26.0,"Press":509.0,"Succ":168.0,"Blocks":37.0,"Int":31.0},{"Player":"Danilo","Pos":"MF","Tkl":10.0,"TklW":7.0,"Past":19.0,"Press":125.0,"Succ":34.0,"Blocks":5.0,"Int":9.0},{"Player":"Federico Ceccherini","Pos":"DF","Tkl":5.0,"TklW":2.0,"Past":1.0,"Press":39.0,"Succ":12.0,"Blocks":8.0,"Int":3.0},{"Player":"Federico Ceccherini","Pos":"DF","Tkl":25.0,"TklW":14.0,"Past":8.0,"Press":239.0,"Succ":69.0,"Blocks":23.0,"Int":33.0},{"Player":"Luca Ceppitelli","Pos":"DF","Tkl":27.0,"TklW":17.0,"Past":12.0,"Press":142.0,"Succ":48.0,"Blocks":29.0,"Int":23.0},{"Player":"Alberto Cerri","Pos":"FW","Tkl":7.0,"TklW":5.0,"Past":3.0,"Press":52.0,"Succ":13.0,"Blocks":7.0,"Int":3.0},{"Player":"Julian Chabot","Pos":"DF","Tkl":52.0,"TklW":36.0,"Past":17.0,"Press":234.0,"Succ":94.0,"Blocks":33.0,"Int":24.0},{"Player":"Giorgio Chiellini","Pos":"DF","Tkl":17.0,"TklW":12.0,"Past":9.0,"Press":114.0,"Succ":49.0,"Blocks":27.0,"Int":21.0},{"Player":"Federico Chiesa","Pos":"DF","Tkl":4.0,"TklW":2.0,"Past":4.0,"Press":44.0,"Succ":8.0,"Blocks":3.0,"Int":1.0},{"Player":"Federico Chiesa","Pos":"MF","Tkl":58.0,"TklW":40.0,"Past":28.0,"Press":397.0,"Succ":131.0,"Blocks":27.0,"Int":11.0},{"Player":"Vlad Chiriches","Pos":"DF","Tkl":40.0,"TklW":20.0,"Past":13.0,"Press":234.0,"Succ":74.0,"Blocks":45.0,"Int":34.0},{"Player":"Ebrima Colley","Pos":"FW","Tkl":8.0,"TklW":5.0,"Past":8.0,"Press":133.0,"Succ":39.0,"Blocks":9.0,"Int":2.0},{"Player":"Omar Colley","Pos":"DF","Tkl":40.0,"TklW":24.0,"Past":11.0,"Press":245.0,"Succ":88.0,"Blocks":47.0,"Int":52.0},{"Player":"Andrea Consigli","Pos":"GK","Tkl":0.0,"TklW":0.0,"Past":1.0,"Press":9.0,"Succ":1.0,"Blocks":0.0,"Int":0.0},{"Player":"Andrea Carboni","Pos":"DF","Tkl":1.0,"TklW":1.0,"Past":0.0,"Press":8.0,"Succ":4.0,"Blocks":1.0,"Int":1.0},{"Player":"Andrea Carboni","Pos":"DF","Tkl":30.0,"TklW":18.0,"Past":20.0,"Press":128.0,"Succ":37.0,"Blocks":17.0,"Int":24.0},{"Player":"Alex Cordaz","Pos":"GK","Tkl":0.0,"TklW":0.0,"Past":1.0,"Press":3.0,"Succ":1.0,"Blocks":0.0,"Int":0.0},{"Player":"Andreas Cornelius","Pos":"FW","Tkl":9.0,"TklW":5.0,"Past":10.0,"Press":274.0,"Succ":66.0,"Blocks":11.0,"Int":1.0},{"Player":"Joaquín Correa","Pos":"FW","Tkl":17.0,"TklW":10.0,"Past":19.0,"Press":338.0,"Succ":107.0,"Blocks":13.0,"Int":9.0},{"Player":"Alessio Cragno","Pos":"GK","Tkl":0.0,"TklW":0.0,"Past":3.0,"Press":7.0,"Succ":1.0,"Blocks":0.0,"Int":0.0},{"Player":"Domenico Criscito","Pos":"DF","Tkl":43.0,"TklW":27.0,"Past":18.0,"Press":238.0,"Succ":71.0,"Blocks":27.0,"Int":35.0},{"Player":"Bryan Cristante","Pos":"DF","Tkl":38.0,"TklW":31.0,"Past":18.0,"Press":375.0,"Succ":108.0,"Blocks":29.0,"Int":34.0},{"Player":"Juan Cuadrado","Pos":"DF","Tkl":42.0,"TklW":21.0,"Past":26.0,"Press":287.0,"Succ":84.0,"Blocks":35.0,"Int":31.0},{"Player":"Patric","Pos":"FW","Tkl":3.0,"TklW":2.0,"Past":4.0,"Press":63.0,"Succ":11.0,"Blocks":3.0,"Int":0.0},{"Player":"Lennart Czyborra","Pos":"DF","Tkl":15.0,"TklW":7.0,"Past":12.0,"Press":160.0,"Succ":38.0,"Blocks":25.0,"Int":12.0},{"Player":"Danilo","Pos":"DF","Tkl":16.0,"TklW":11.0,"Past":7.0,"Press":93.0,"Succ":34.0,"Blocks":13.0,"Int":6.0},{"Player":"Bryan Dabo","Pos":"MF","Tkl":15.0,"TklW":8.0,"Past":11.0,"Press":181.0,"Succ":52.0,"Blocks":15.0,"Int":14.0},{"Player":"Diogo Dalot","Pos":"DF","Tkl":37.0,"TklW":17.0,"Past":14.0,"Press":180.0,"Succ":38.0,"Blocks":26.0,"Int":18.0},{"Player":"Mikkel Damsgaard","Pos":"MF","Tkl":50.0,"TklW":28.0,"Past":58.0,"Press":575.0,"Succ":148.0,"Blocks":43.0,"Int":28.0},{"Player":"Danilo","Pos":"DF","Tkl":60.0,"TklW":37.0,"Past":35.0,"Press":249.0,"Succ":80.0,"Blocks":54.0,"Int":44.0},{"Player":"Matteo Darmian","Pos":"DF","Tkl":6.0,"TklW":3.0,"Past":5.0,"Press":40.0,"Succ":11.0,"Blocks":3.0,"Int":3.0},{"Player":"Matteo Darmian","Pos":"DF","Tkl":26.0,"TklW":13.0,"Past":15.0,"Press":176.0,"Succ":45.0,"Blocks":15.0,"Int":16.0},{"Player":"Pawel Dawidowicz","Pos":"DF","Tkl":42.0,"TklW":30.0,"Past":13.0,"Press":297.0,"Succ":87.0,"Blocks":37.0,"Int":26.0},{"Player":"Sebastien De Maio","Pos":"DF","Tkl":20.0,"TklW":13.0,"Past":1.0,"Press":111.0,"Succ":40.0,"Blocks":17.0,"Int":13.0},{"Player":"Rodrigo de Paul","Pos":"MF","Tkl":45.0,"TklW":30.0,"Past":43.0,"Press":488.0,"Succ":134.0,"Blocks":59.0,"Int":19.0},{"Player":"Lorenzo De Silvestri","Pos":"DF","Tkl":37.0,"TklW":17.0,"Past":22.0,"Press":279.0,"Succ":79.0,"Blocks":67.0,"Int":28.0},{"Player":"Gregoire Defrel","Pos":"FW","Tkl":17.0,"TklW":12.0,"Past":6.0,"Press":235.0,"Succ":65.0,"Blocks":16.0,"Int":8.0},{"Player":"Alessandro Deiola","Pos":"MF","Tkl":9.0,"TklW":6.0,"Past":4.0,"Press":78.0,"Succ":20.0,"Blocks":4.0,"Int":2.0},{"Player":"Alessandro Deiola","Pos":"MF","Tkl":13.0,"TklW":7.0,"Past":14.0,"Press":128.0,"Succ":27.0,"Blocks":12.0,"Int":15.0},{"Player":"Merih Demiral","Pos":"DF","Tkl":17.0,"TklW":11.0,"Past":6.0,"Press":106.0,"Succ":31.0,"Blocks":18.0,"Int":12.0},{"Player":"Diego Demme","Pos":"MF","Tkl":62.0,"TklW":37.0,"Past":45.0,"Press":428.0,"Succ":125.0,"Blocks":16.0,"Int":17.0},{"Player":"Stefano Sensi","Pos":"DF","Tkl":2.0,"TklW":2.0,"Past":1.0,"Press":21.0,"Succ":7.0,"Blocks":3.0,"Int":1.0},{"Player":"Fabio Depaoli","Pos":"DF","Tkl":3.0,"TklW":1.0,"Past":2.0,"Press":31.0,"Succ":9.0,"Blocks":9.0,"Int":1.0},{"Player":"Fabio Depaoli","Pos":"MF","Tkl":1.0,"TklW":0.0,"Past":2.0,"Press":18.0,"Succ":4.0,"Blocks":0.0,"Int":0.0},{"Player":"Fabio Depaoli","Pos":"DF","Tkl":29.0,"TklW":15.0,"Past":14.0,"Press":219.0,"Succ":69.0,"Blocks":31.0,"Int":16.0},{"Player":"Mattia Destro","Pos":"FW","Tkl":10.0,"TklW":7.0,"Past":7.0,"Press":267.0,"Succ":65.0,"Blocks":16.0,"Int":2.0},{"Player":"Samuel Di Carmine","Pos":"FW","Tkl":0.0,"TklW":0.0,"Past":3.0,"Press":64.0,"Succ":16.0,"Blocks":1.0,"Int":0.0},{"Player":"Samuel Di Carmine","Pos":"FW","Tkl":5.0,"TklW":2.0,"Past":2.0,"Press":47.0,"Succ":8.0,"Blocks":3.0,"Int":1.0},{"Player":"Giovanni Di Lorenzo","Pos":"DF","Tkl":85.0,"TklW":57.0,"Past":40.0,"Press":437.0,"Succ":141.0,"Blocks":65.0,"Int":40.0},{"Player":"Giuseppe Di Serio","Pos":"FW","Tkl":2.0,"TklW":2.0,"Past":5.0,"Press":64.0,"Succ":10.0,"Blocks":4.0,"Int":1.0},{"Player":"Amadou Diawara","Pos":"MF","Tkl":14.0,"TklW":12.0,"Past":8.0,"Press":195.0,"Succ":42.0,"Blocks":11.0,"Int":9.0},{"Player":"Brahim Diaz","Pos":"MF","Tkl":22.0,"TklW":20.0,"Past":11.0,"Press":272.0,"Succ":76.0,"Blocks":12.0,"Int":6.0},{"Player":"Mitchell Dijks","Pos":"DF","Tkl":30.0,"TklW":17.0,"Past":9.0,"Press":227.0,"Succ":74.0,"Blocks":28.0,"Int":20.0},{"Player":"Federico Dimarco","Pos":"DF","Tkl":40.0,"TklW":25.0,"Past":19.0,"Press":275.0,"Succ":88.0,"Blocks":43.0,"Int":42.0},{"Player":"Koffi Djidji","Pos":"DF","Tkl":46.0,"TklW":21.0,"Past":13.0,"Press":275.0,"Succ":77.0,"Blocks":49.0,"Int":28.0},{"Player":"Berat Gjimshiti","Pos":"DF","Tkl":41.0,"TklW":26.0,"Past":20.0,"Press":308.0,"Succ":122.0,"Blocks":49.0,"Int":48.0},{"Player":"Nicolás Domínguez","Pos":"MF","Tkl":52.0,"TklW":35.0,"Past":17.0,"Press":350.0,"Succ":92.0,"Blocks":31.0,"Int":25.0},{"Player":"Gianluigi Donnarumma","Pos":"GK","Tkl":0.0,"TklW":0.0,"Past":1.0,"Press":0.0,"Succ":0.0,"Blocks":0.0,"Int":0.0},{"Player":"Bartlomiej Dragowski","Pos":"GK","Tkl":0.0,"TklW":0.0,"Past":0.0,"Press":8.0,"Succ":2.0,"Blocks":0.0,"Int":0.0},{"Player":"Alfred Duncan","Pos":"MF","Tkl":1.0,"TklW":1.0,"Past":2.0,"Press":20.0,"Succ":5.0,"Blocks":2.0,"Int":3.0},{"Player":"Alfred Duncan","Pos":"MF","Tkl":23.0,"TklW":15.0,"Past":11.0,"Press":208.0,"Succ":55.0,"Blocks":8.0,"Int":16.0},{"Player":"Paulo Dybala","Pos":"FW","Tkl":15.0,"TklW":11.0,"Past":10.0,"Press":205.0,"Succ":57.0,"Blocks":16.0,"Int":3.0},{"Player":"Edin Dzeko","Pos":"FW","Tkl":7.0,"TklW":7.0,"Past":8.0,"Press":190.0,"Succ":55.0,"Blocks":15.0,"Int":4.0},{"Player":"Albin Ekdal","Pos":"MF","Tkl":62.0,"TklW":49.0,"Past":46.0,"Press":586.0,"Succ":177.0,"Blocks":53.0,"Int":34.0},{"Player":"Eljif Elmas","Pos":"MF","Tkl":15.0,"TklW":9.0,"Past":10.0,"Press":140.0,"Succ":38.0,"Blocks":13.0,"Int":5.0},{"Player":"Christian Eriksen","Pos":"MF","Tkl":12.0,"TklW":8.0,"Past":16.0,"Press":177.0,"Succ":51.0,"Blocks":22.0,"Int":10.0},{"Player":"Martin Erlic","Pos":"DF","Tkl":26.0,"TklW":18.0,"Past":6.0,"Press":219.0,"Succ":83.0,"Blocks":28.0,"Int":30.0},{"Player":"Gonzalo Escalante","Pos":"MF","Tkl":28.0,"TklW":19.0,"Past":21.0,"Press":170.0,"Succ":62.0,"Blocks":12.0,"Int":9.0},{"Player":"Nahuel Estévez","Pos":"MF","Tkl":17.0,"TklW":13.0,"Past":30.0,"Press":315.0,"Succ":84.0,"Blocks":25.0,"Int":32.0},{"Player":"Valentin Eysseric","Pos":"MF","Tkl":18.0,"TklW":10.0,"Past":8.0,"Press":162.0,"Succ":33.0,"Blocks":13.0,"Int":9.0},{"Player":"Mohamed Fares","Pos":"DF","Tkl":18.0,"TklW":9.0,"Past":13.0,"Press":174.0,"Succ":35.0,"Blocks":31.0,"Int":13.0},{"Player":"Diego Farias","Pos":"FW","Tkl":12.0,"TklW":8.0,"Past":16.0,"Press":199.0,"Succ":47.0,"Blocks":17.0,"Int":13.0},{"Player":"Salvador Ferrer","Pos":"DF","Tkl":23.0,"TklW":10.0,"Past":15.0,"Press":148.0,"Succ":55.0,"Blocks":31.0,"Int":20.0},{"Player":"Fernando Forestieri","Pos":"FW","Tkl":12.0,"TklW":9.0,"Past":2.0,"Press":117.0,"Succ":39.0,"Blocks":7.0,"Int":1.0},{"Player":"Daam Foulon","Pos":"DF","Tkl":23.0,"TklW":8.0,"Past":15.0,"Press":137.0,"Succ":39.0,"Blocks":27.0,"Int":7.0},{"Player":"Gianluca Frabotta","Pos":"DF","Tkl":7.0,"TklW":6.0,"Past":10.0,"Press":98.0,"Succ":26.0,"Blocks":15.0,"Int":12.0},{"Player":"Remo Freuler","Pos":"MF","Tkl":74.0,"TklW":56.0,"Past":49.0,"Press":639.0,"Succ":188.0,"Blocks":52.0,"Int":50.0},{"Player":"Danilo","Pos":"GK","Tkl":0.0,"TklW":0.0,"Past":0.0,"Press":0.0,"Succ":0.0,"Blocks":0.0,"Int":0.0},{"Player":"Manolo Gabbiadini","Pos":"FW","Tkl":3.0,"TklW":3.0,"Past":4.0,"Press":112.0,"Succ":28.0,"Blocks":3.0,"Int":3.0},{"Player":"Roberto Gagliardini","Pos":"MF","Tkl":29.0,"TklW":17.0,"Past":24.0,"Press":236.0,"Succ":63.0,"Blocks":19.0,"Int":15.0},{"Player":"Riccardo Gagliolo","Pos":"DF","Tkl":58.0,"TklW":29.0,"Past":17.0,"Press":246.0,"Succ":78.0,"Blocks":46.0,"Int":30.0},{"Player":"Adolfo Gaich","Pos":"FW","Tkl":10.0,"TklW":3.0,"Past":9.0,"Press":203.0,"Succ":40.0,"Blocks":8.0,"Int":5.0},{"Player":"Gervinho","Pos":"FW","Tkl":6.0,"TklW":4.0,"Past":11.0,"Press":198.0,"Succ":46.0,"Blocks":10.0,"Int":13.0},{"Player":"Paolo Ghiglione","Pos":"DF","Tkl":30.0,"TklW":15.0,"Past":18.0,"Press":190.0,"Succ":56.0,"Blocks":25.0,"Int":16.0},{"Player":"Kamil Glik","Pos":"DF","Tkl":58.0,"TklW":34.0,"Past":29.0,"Press":305.0,"Succ":121.0,"Blocks":58.0,"Int":39.0},{"Player":"Diego Godín","Pos":"DF","Tkl":62.0,"TklW":33.0,"Past":22.0,"Press":276.0,"Succ":103.0,"Blocks":51.0,"Int":44.0},{"Player":"Amer Gojak","Pos":"MF","Tkl":5.0,"TklW":4.0,"Past":7.0,"Press":79.0,"Succ":25.0,"Blocks":5.0,"Int":4.0},{"Player":"Edoardo Goldaniga","Pos":"DF","Tkl":35.0,"TklW":22.0,"Past":11.0,"Press":210.0,"Succ":67.0,"Blocks":24.0,"Int":30.0},{"Player":"Vladimir Golemic","Pos":"DF","Tkl":34.0,"TklW":18.0,"Past":14.0,"Press":289.0,"Succ":103.0,"Blocks":54.0,"Int":27.0},{"Player":"Pierluigi Gollini","Pos":"GK","Tkl":0.0,"TklW":0.0,"Past":1.0,"Press":4.0,"Succ":2.0,"Blocks":1.0,"Int":1.0},{"Player":"Robin Gosens","Pos":"DF","Tkl":56.0,"TklW":28.0,"Past":30.0,"Press":368.0,"Succ":98.0,"Blocks":53.0,"Int":43.0},{"Player":"Alberto Grassi","Pos":"MF","Tkl":24.0,"TklW":13.0,"Past":19.0,"Press":223.0,"Succ":54.0,"Blocks":38.0,"Int":22.0},{"Player":"Koray Günter","Pos":"DF","Tkl":32.0,"TklW":17.0,"Past":7.0,"Press":193.0,"Succ":71.0,"Blocks":44.0,"Int":48.0},{"Player":"Emmanuel Gyasi","Pos":"FW","Tkl":32.0,"TklW":20.0,"Past":13.0,"Press":405.0,"Succ":124.0,"Blocks":20.0,"Int":23.0},{"Player":"Achraf Hakimi","Pos":"DF","Tkl":51.0,"TklW":29.0,"Past":32.0,"Press":500.0,"Succ":145.0,"Blocks":40.0,"Int":25.0},{"Player":"Samir","Pos":"GK","Tkl":0.0,"TklW":0.0,"Past":0.0,"Press":3.0,"Succ":1.0,"Blocks":0.0,"Int":0.0},{"Player":"Hans Hateboer","Pos":"DF","Tkl":27.0,"TklW":15.0,"Past":14.0,"Press":208.0,"Succ":68.0,"Blocks":17.0,"Int":14.0},{"Player":"Eduardo Henrique","Pos":"MF","Tkl":7.0,"TklW":2.0,"Past":9.0,"Press":142.0,"Succ":32.0,"Blocks":13.0,"Int":10.0},{"Player":"Theo Hernández","Pos":"DF","Tkl":65.0,"TklW":43.0,"Past":17.0,"Press":385.0,"Succ":121.0,"Blocks":60.0,"Int":45.0},{"Player":"Hernani","Pos":"MF","Tkl":55.0,"TklW":26.0,"Past":37.0,"Press":626.0,"Succ":133.0,"Blocks":50.0,"Int":20.0},{"Player":"Perparim Hetemaj","Pos":"MF","Tkl":59.0,"TklW":37.0,"Past":41.0,"Press":496.0,"Succ":126.0,"Blocks":49.0,"Int":32.0},{"Player":"Wesley Hoedt","Pos":"DF","Tkl":28.0,"TklW":14.0,"Past":7.0,"Press":103.0,"Succ":24.0,"Blocks":18.0,"Int":12.0},{"Player":"Elseid Hysaj","Pos":"DF","Tkl":30.0,"TklW":18.0,"Past":22.0,"Press":234.0,"Succ":67.0,"Blocks":35.0,"Int":35.0},{"Player":"Simone Iacoponi","Pos":"DF","Tkl":23.0,"TklW":16.0,"Past":13.0,"Press":147.0,"Succ":41.0,"Blocks":24.0,"Int":7.0},{"Player":"Rogerio","Pos":"DF","Tkl":67.0,"TklW":50.0,"Past":17.0,"Press":356.0,"Succ":130.0,"Blocks":62.0,"Int":60.0},{"Player":"Zlatan Ibrahimovic","Pos":"FW","Tkl":7.0,"TklW":5.0,"Past":8.0,"Press":120.0,"Succ":36.0,"Blocks":6.0,"Int":7.0},{"Player":"Ivan Ilic","Pos":"MF","Tkl":24.0,"TklW":14.0,"Past":17.0,"Press":270.0,"Succ":84.0,"Blocks":28.0,"Int":31.0},{"Player":"Josip Ilicic","Pos":"FW","Tkl":9.0,"TklW":4.0,"Past":16.0,"Press":194.0,"Succ":54.0,"Blocks":13.0,"Int":6.0},{"Player":"Ciro Immobile","Pos":"FW","Tkl":15.0,"TklW":9.0,"Past":18.0,"Press":440.0,"Succ":129.0,"Blocks":15.0,"Int":5.0},{"Player":"Riccardo Improta","Pos":"MF","Tkl":39.0,"TklW":23.0,"Past":24.0,"Press":378.0,"Succ":97.0,"Blocks":35.0,"Int":33.0},{"Player":"Lorenzo Insigne","Pos":"FW","Tkl":27.0,"TklW":12.0,"Past":68.0,"Press":374.0,"Succ":94.0,"Blocks":33.0,"Int":49.0},{"Player":"Roberto Insigne","Pos":"MF","Tkl":18.0,"TklW":7.0,"Past":20.0,"Press":196.0,"Succ":49.0,"Blocks":15.0,"Int":7.0},{"Player":"Arthur","Pos":"MF","Tkl":51.0,"TklW":35.0,"Past":41.0,"Press":543.0,"Succ":159.0,"Blocks":44.0,"Int":35.0},{"Player":"Ardian Ismajli","Pos":"DF","Tkl":19.0,"TklW":12.0,"Past":9.0,"Press":134.0,"Succ":47.0,"Blocks":12.0,"Int":24.0},{"Player":"Armando Izzo","Pos":"DF","Tkl":33.0,"TklW":24.0,"Past":24.0,"Press":250.0,"Succ":78.0,"Blocks":32.0,"Int":53.0},{"Player":"Jakub Jankto","Pos":"MF","Tkl":22.0,"TklW":10.0,"Past":27.0,"Press":378.0,"Succ":84.0,"Blocks":41.0,"Int":20.0},{"Player":"Hamed Junior Traore","Pos":"FW","Tkl":37.0,"TklW":24.0,"Past":18.0,"Press":344.0,"Succ":104.0,"Blocks":20.0,"Int":18.0},{"Player":"Nikola Kalinic","Pos":"FW","Tkl":2.0,"TklW":1.0,"Past":3.0,"Press":133.0,"Succ":38.0,"Blocks":4.0,"Int":1.0},{"Player":"Yann Karamoh","Pos":"FW","Tkl":26.0,"TklW":20.0,"Past":14.0,"Press":239.0,"Succ":62.0,"Blocks":11.0,"Int":7.0},{"Player":"Rick Karsdorp","Pos":"DF","Tkl":46.0,"TklW":29.0,"Past":33.0,"Press":328.0,"Succ":99.0,"Blocks":28.0,"Int":33.0},{"Player":"Franck Kessié","Pos":"MF","Tkl":72.0,"TklW":44.0,"Past":16.0,"Press":535.0,"Succ":160.0,"Blocks":75.0,"Int":43.0},{"Player":"Simon Kjaer","Pos":"DF","Tkl":51.0,"TklW":21.0,"Past":19.0,"Press":307.0,"Succ":91.0,"Blocks":56.0,"Int":38.0},{"Player":"Ragnar Klavan","Pos":"DF","Tkl":16.0,"TklW":5.0,"Past":3.0,"Press":105.0,"Succ":29.0,"Blocks":13.0,"Int":7.0},{"Player":"Christian Kouamé","Pos":"FW","Tkl":16.0,"TklW":11.0,"Past":8.0,"Press":179.0,"Succ":46.0,"Blocks":5.0,"Int":4.0},{"Player":"Kalidou Koulibaly","Pos":"DF","Tkl":45.0,"TklW":29.0,"Past":19.0,"Press":249.0,"Succ":101.0,"Blocks":54.0,"Int":30.0},{"Player":"Rade Krunic","Pos":"MF","Tkl":16.0,"TklW":14.0,"Past":17.0,"Press":166.0,"Succ":43.0,"Blocks":14.0,"Int":4.0},{"Player":"Juraj Kucka","Pos":"MF","Tkl":62.0,"TklW":42.0,"Past":43.0,"Press":497.0,"Succ":148.0,"Blocks":32.0,"Int":27.0},{"Player":"Dejan Kulusevski","Pos":"MF","Tkl":33.0,"TklW":25.0,"Past":26.0,"Press":441.0,"Succ":116.0,"Blocks":28.0,"Int":12.0},{"Player":"Marash Kumbulla","Pos":"DF","Tkl":13.0,"TklW":10.0,"Past":13.0,"Press":196.0,"Succ":75.0,"Blocks":17.0,"Int":15.0},{"Player":"Jasmin Kurtic","Pos":"MF","Tkl":59.0,"TklW":34.0,"Past":42.0,"Press":520.0,"Succ":141.0,"Blocks":27.0,"Int":33.0},{"Player":"Georgios Kyriakopoulos","Pos":"DF","Tkl":46.0,"TklW":26.0,"Past":17.0,"Press":206.0,"Succ":62.0,"Blocks":30.0,"Int":14.0},{"Player":"Sam Lammers","Pos":"FW","Tkl":3.0,"TklW":3.0,"Past":5.0,"Press":44.0,"Succ":12.0,"Blocks":1.0,"Int":0.0},{"Player":"Gianluca Lapadula","Pos":"FW","Tkl":28.0,"TklW":20.0,"Past":18.0,"Press":360.0,"Succ":83.0,"Blocks":18.0,"Int":7.0},{"Player":"Danilo","Pos":"DF","Tkl":44.0,"TklW":21.0,"Past":20.0,"Press":329.0,"Succ":107.0,"Blocks":82.0,"Int":42.0},{"Player":"Kevin Lasagna","Pos":"FW","Tkl":6.0,"TklW":3.0,"Past":10.0,"Press":183.0,"Succ":41.0,"Blocks":10.0,"Int":7.0},{"Player":"Kevin Lasagna","Pos":"FW","Tkl":6.0,"TklW":1.0,"Past":3.0,"Press":193.0,"Succ":49.0,"Blocks":11.0,"Int":4.0},{"Player":"Darko Lazovic","Pos":"DF","Tkl":27.0,"TklW":20.0,"Past":27.0,"Press":209.0,"Succ":67.0,"Blocks":39.0,"Int":20.0},{"Player":"Manuel Lazzari","Pos":"DF","Tkl":28.0,"TklW":15.0,"Past":28.0,"Press":268.0,"Succ":69.0,"Blocks":40.0,"Int":24.0},{"Player":"Rafael Leão","Pos":"FW","Tkl":13.0,"TklW":9.0,"Past":12.0,"Press":231.0,"Succ":54.0,"Blocks":26.0,"Int":5.0},{"Player":"Lucas Leiva","Pos":"MF","Tkl":70.0,"TklW":45.0,"Past":63.0,"Press":503.0,"Succ":169.0,"Blocks":28.0,"Int":45.0},{"Player":"Lukas Lerager","Pos":"MF","Tkl":27.0,"TklW":20.0,"Past":24.0,"Press":220.0,"Succ":60.0,"Blocks":20.0,"Int":13.0},{"Player":"Mehdi Leris","Pos":"DF","Tkl":14.0,"TklW":9.0,"Past":9.0,"Press":130.0,"Succ":29.0,"Blocks":19.0,"Int":12.0},{"Player":"Gaetano Letizia","Pos":"DF","Tkl":40.0,"TklW":27.0,"Past":25.0,"Press":198.0,"Succ":58.0,"Blocks":38.0,"Int":22.0},{"Player":"Matthijs de Ligt","Pos":"DF","Tkl":33.0,"TklW":19.0,"Past":7.0,"Press":229.0,"Succ":77.0,"Blocks":38.0,"Int":28.0},{"Player":"Karol Linetty","Pos":"MF","Tkl":50.0,"TklW":30.0,"Past":27.0,"Press":324.0,"Succ":91.0,"Blocks":22.0,"Int":16.0},{"Player":"Fernando Llorente","Pos":"FW","Tkl":0.0,"TklW":0.0,"Past":0.0,"Press":6.0,"Succ":2.0,"Blocks":0.0,"Int":0.0},{"Player":"Fernando Llorente","Pos":"FW","Tkl":4.0,"TklW":2.0,"Past":3.0,"Press":117.0,"Succ":23.0,"Blocks":2.0,"Int":4.0},{"Player":"Stanislav Lobotka","Pos":"MF","Tkl":1.0,"TklW":1.0,"Past":1.0,"Press":21.0,"Succ":5.0,"Blocks":1.0,"Int":1.0},{"Player":"Manuel Locatelli","Pos":"MF","Tkl":87.0,"TklW":52.0,"Past":31.0,"Press":461.0,"Succ":141.0,"Blocks":57.0,"Int":43.0},{"Player":"Maxime Lopez","Pos":"MF","Tkl":28.0,"TklW":19.0,"Past":26.0,"Press":362.0,"Succ":102.0,"Blocks":15.0,"Int":23.0},{"Player":"Pau López","Pos":"GK","Tkl":0.0,"TklW":0.0,"Past":0.0,"Press":4.0,"Succ":0.0,"Blocks":1.0,"Int":0.0},{"Player":"Matteo Lovato","Pos":"DF","Tkl":27.0,"TklW":18.0,"Past":10.0,"Press":199.0,"Succ":72.0,"Blocks":27.0,"Int":19.0},{"Player":"Hirving Lozano","Pos":"FW","Tkl":34.0,"TklW":20.0,"Past":23.0,"Press":397.0,"Succ":107.0,"Blocks":55.0,"Int":18.0},{"Player":"José Luis Palomino","Pos":"DF","Tkl":70.0,"TklW":43.0,"Past":22.0,"Press":413.0,"Succ":147.0,"Blocks":49.0,"Int":73.0},{"Player":"Romelu Lukaku","Pos":"FW","Tkl":11.0,"TklW":5.0,"Past":7.0,"Press":291.0,"Succ":80.0,"Blocks":19.0,"Int":3.0},{"Player":"Senad Lulic","Pos":"DF","Tkl":19.0,"TklW":10.0,"Past":6.0,"Press":111.0,"Succ":31.0,"Blocks":13.0,"Int":9.0},{"Player":"Sebastiano Luperto","Pos":"DF","Tkl":33.0,"TklW":19.0,"Past":12.0,"Press":227.0,"Succ":57.0,"Blocks":31.0,"Int":18.0},{"Player":"Lyanco","Pos":"DF","Tkl":22.0,"TklW":11.0,"Past":11.0,"Press":159.0,"Succ":48.0,"Blocks":48.0,"Int":50.0},{"Player":"Charalampos Lykogiannis","Pos":"DF","Tkl":34.0,"TklW":15.0,"Past":17.0,"Press":276.0,"Succ":67.0,"Blocks":68.0,"Int":29.0},{"Player":"Lisandro Magallán","Pos":"DF","Tkl":67.0,"TklW":41.0,"Past":20.0,"Press":355.0,"Succ":121.0,"Blocks":40.0,"Int":36.0},{"Player":"Giulio Maggiore","Pos":"MF","Tkl":72.0,"TklW":48.0,"Past":30.0,"Press":495.0,"Succ":138.0,"Blocks":37.0,"Int":27.0},{"Player":"Giangiacomo Magnani","Pos":"DF","Tkl":26.0,"TklW":12.0,"Past":7.0,"Press":222.0,"Succ":86.0,"Blocks":35.0,"Int":48.0},{"Player":"Jean-Victor Makengo","Pos":"MF","Tkl":9.0,"TklW":7.0,"Past":12.0,"Press":105.0,"Succ":29.0,"Blocks":5.0,"Int":3.0},{"Player":"Nikola Maksimovic","Pos":"DF","Tkl":21.0,"TklW":6.0,"Past":9.0,"Press":115.0,"Succ":39.0,"Blocks":18.0,"Int":16.0},{"Player":"Danilo","Pos":"FW","Tkl":1.0,"TklW":0.0,"Past":2.0,"Press":16.0,"Succ":7.0,"Blocks":0.0,"Int":0.0},{"Player":"Ruslan Malinovskiy","Pos":"FW","Tkl":23.0,"TklW":17.0,"Past":15.0,"Press":411.0,"Succ":111.0,"Blocks":19.0,"Int":3.0},{"Player":"Gianluca Mancini","Pos":"DF","Tkl":66.0,"TklW":40.0,"Past":19.0,"Press":440.0,"Succ":153.0,"Blocks":53.0,"Int":71.0},{"Player":"Rolando Mandragora","Pos":"MF","Tkl":8.0,"TklW":5.0,"Past":9.0,"Press":71.0,"Succ":16.0,"Blocks":14.0,"Int":3.0},{"Player":"Rolando Mandragora","Pos":"MF","Tkl":26.0,"TklW":17.0,"Past":25.0,"Press":354.0,"Succ":91.0,"Blocks":18.0,"Int":19.0},{"Player":"Kostas Manolas","Pos":"DF","Tkl":34.0,"TklW":21.0,"Past":11.0,"Press":173.0,"Succ":62.0,"Blocks":35.0,"Int":26.0},{"Player":"Riccardo Marchizza","Pos":"DF","Tkl":23.0,"TklW":12.0,"Past":8.0,"Press":173.0,"Succ":50.0,"Blocks":22.0,"Int":19.0},{"Player":"Gianmarco Ferrari","Pos":"DF","Tkl":41.0,"TklW":26.0,"Past":15.0,"Press":222.0,"Succ":79.0,"Blocks":70.0,"Int":37.0},{"Player":"Razvan Marin","Pos":"MF","Tkl":66.0,"TklW":49.0,"Past":27.0,"Press":572.0,"Succ":156.0,"Blocks":32.0,"Int":26.0},{"Player":"Marlon Santos","Pos":"DF","Tkl":23.0,"TklW":19.0,"Past":5.0,"Press":146.0,"Succ":42.0,"Blocks":34.0,"Int":28.0},{"Player":"Luca Marrone","Pos":"DF","Tkl":28.0,"TklW":19.0,"Past":10.0,"Press":192.0,"Succ":63.0,"Blocks":30.0,"Int":14.0},{"Player":"Lucas Martínez Quarta","Pos":"DF","Tkl":44.0,"TklW":31.0,"Past":28.0,"Press":260.0,"Succ":85.0,"Blocks":24.0,"Int":36.0},{"Player":"Lautaro Martínez","Pos":"FW","Tkl":24.0,"TklW":18.0,"Past":14.0,"Press":507.0,"Succ":133.0,"Blocks":42.0,"Int":28.0},{"Player":"Adam Marusic","Pos":"DF","Tkl":50.0,"TklW":28.0,"Past":22.0,"Press":304.0,"Succ":91.0,"Blocks":56.0,"Int":48.0},{"Player":"Andrea Masiello","Pos":"DF","Tkl":43.0,"TklW":22.0,"Past":25.0,"Press":305.0,"Succ":84.0,"Blocks":42.0,"Int":41.0},{"Player":"Borja Mayoral","Pos":"FW","Tkl":6.0,"TklW":5.0,"Past":11.0,"Press":272.0,"Succ":74.0,"Blocks":6.0,"Int":3.0},{"Player":"Weston McKennie","Pos":"MF","Tkl":45.0,"TklW":28.0,"Past":23.0,"Press":413.0,"Succ":105.0,"Blocks":26.0,"Int":23.0},{"Player":"Soualiho Meité","Pos":"MF","Tkl":10.0,"TklW":6.0,"Past":18.0,"Press":150.0,"Succ":38.0,"Blocks":24.0,"Int":10.0},{"Player":"Soualiho Meité","Pos":"MF","Tkl":16.0,"TklW":12.0,"Past":9.0,"Press":133.0,"Succ":48.0,"Blocks":15.0,"Int":8.0},{"Player":"Arthur","Pos":"MF","Tkl":22.0,"TklW":15.0,"Past":20.0,"Press":208.0,"Succ":62.0,"Blocks":12.0,"Int":16.0},{"Player":"Alex Meret","Pos":"GK","Tkl":0.0,"TklW":0.0,"Past":1.0,"Press":1.0,"Succ":0.0,"Blocks":0.0,"Int":0.0},{"Player":"Dries Mertens","Pos":"FW","Tkl":18.0,"TklW":15.0,"Past":18.0,"Press":342.0,"Succ":87.0,"Blocks":9.0,"Int":9.0},{"Player":"Junior Messias","Pos":"MF","Tkl":63.0,"TklW":42.0,"Past":38.0,"Press":602.0,"Succ":162.0,"Blocks":44.0,"Int":38.0},{"Player":"Mihai Valentin Mihaila","Pos":"FW","Tkl":5.0,"TklW":3.0,"Past":14.0,"Press":110.0,"Succ":23.0,"Blocks":11.0,"Int":4.0},{"Player":"Nikola Milenkovic","Pos":"DF","Tkl":64.0,"TklW":40.0,"Past":11.0,"Press":349.0,"Succ":106.0,"Blocks":57.0,"Int":30.0},{"Player":"Sergej Milinkovic-Savic","Pos":"MF","Tkl":73.0,"TklW":46.0,"Past":61.0,"Press":526.0,"Succ":149.0,"Blocks":57.0,"Int":37.0},{"Player":"Aleksey Miranchuk","Pos":"FW","Tkl":21.0,"TklW":10.0,"Past":3.0,"Press":118.0,"Succ":45.0,"Blocks":1.0,"Int":6.0},{"Player":"Henrikh Mkhitaryan","Pos":"FW","Tkl":56.0,"TklW":38.0,"Past":51.0,"Press":606.0,"Succ":168.0,"Blocks":41.0,"Int":36.0},{"Player":"Nahuel Molina","Pos":"DF","Tkl":30.0,"TklW":20.0,"Past":24.0,"Press":285.0,"Succ":72.0,"Blocks":49.0,"Int":32.0},{"Player":"Salvatore Molina","Pos":"MF","Tkl":46.0,"TklW":27.0,"Past":25.0,"Press":358.0,"Succ":113.0,"Blocks":50.0,"Int":20.0},{"Player":"Lorenzo Montipò","Pos":"GK","Tkl":0.0,"TklW":0.0,"Past":0.0,"Press":5.0,"Succ":1.0,"Blocks":1.0,"Int":0.0},{"Player":"Álvaro Morata","Pos":"FW","Tkl":19.0,"TklW":12.0,"Past":14.0,"Press":332.0,"Succ":88.0,"Blocks":23.0,"Int":9.0},{"Player":"Mert Müldür","Pos":"DF","Tkl":34.0,"TklW":18.0,"Past":30.0,"Press":198.0,"Succ":51.0,"Blocks":31.0,"Int":23.0},{"Player":"Luis Muriel","Pos":"FW","Tkl":20.0,"TklW":12.0,"Past":18.0,"Press":279.0,"Succ":73.0,"Blocks":16.0,"Int":7.0},{"Player":"Vedat Muriqi","Pos":"FW","Tkl":4.0,"TklW":3.0,"Past":7.0,"Press":143.0,"Succ":37.0,"Blocks":10.0,"Int":2.0},{"Player":"Juan Musso","Pos":"GK","Tkl":0.0,"TklW":0.0,"Past":1.0,"Press":7.0,"Succ":0.0,"Blocks":0.0,"Int":0.0},{"Player":"Joakim Maehle","Pos":"DF","Tkl":18.0,"TklW":11.0,"Past":8.0,"Press":179.0,"Succ":52.0,"Blocks":28.0,"Int":13.0},{"Player":"Radja Nainggolan","Pos":"MF","Tkl":2.0,"TklW":2.0,"Past":0.0,"Press":10.0,"Succ":5.0,"Blocks":1.0,"Int":0.0},{"Player":"Radja Nainggolan","Pos":"MF","Tkl":42.0,"TklW":34.0,"Past":21.0,"Press":270.0,"Succ":93.0,"Blocks":20.0,"Int":29.0},{"Player":"Nahitan Nández","Pos":"MF","Tkl":59.0,"TklW":39.0,"Past":44.0,"Press":625.0,"Succ":161.0,"Blocks":35.0,"Int":29.0},{"Player":"Ilija Nestorovski","Pos":"FW","Tkl":5.0,"TklW":3.0,"Past":13.0,"Press":123.0,"Succ":22.0,"Blocks":5.0,"Int":4.0},{"Player":"Bram Nuytinck","Pos":"DF","Tkl":30.0,"TklW":14.0,"Past":12.0,"Press":169.0,"Succ":65.0,"Blocks":36.0,"Int":22.0},{"Player":"Pedro","Pos":"MF","Tkl":41.0,"TklW":27.0,"Past":22.0,"Press":321.0,"Succ":95.0,"Blocks":34.0,"Int":14.0},{"Player":"Stefano Okaka","Pos":"FW","Tkl":11.0,"TklW":8.0,"Past":8.0,"Press":224.0,"Succ":44.0,"Blocks":11.0,"Int":5.0},{"Player":"Riccardo Orsolini","Pos":"FW","Tkl":31.0,"TklW":10.0,"Past":26.0,"Press":295.0,"Succ":73.0,"Blocks":24.0,"Int":11.0},{"Player":"Victor Osimhen","Pos":"FW","Tkl":22.0,"TklW":12.0,"Past":7.0,"Press":315.0,"Succ":79.0,"Blocks":12.0,"Int":9.0},{"Player":"Yordan Osorio","Pos":"DF","Tkl":26.0,"TklW":16.0,"Past":16.0,"Press":203.0,"Succ":76.0,"Blocks":44.0,"Int":50.0},{"Player":"David Ospina","Pos":"GK","Tkl":0.0,"TklW":0.0,"Past":0.0,"Press":0.0,"Succ":0.0,"Blocks":0.0,"Int":0.0},{"Player":"Adam Ounas","Pos":"FW","Tkl":7.0,"TklW":4.0,"Past":5.0,"Press":167.0,"Succ":27.0,"Blocks":13.0,"Int":9.0},{"Player":"Adam Ounas","Pos":"MF","Tkl":3.0,"TklW":1.0,"Past":7.0,"Press":64.0,"Succ":15.0,"Blocks":6.0,"Int":5.0},{"Player":"Thomas Ouwejan","Pos":"DF","Tkl":5.0,"TklW":3.0,"Past":6.0,"Press":58.0,"Succ":14.0,"Blocks":7.0,"Int":2.0},{"Player":"Daniele Baselli","Pos":"GK","Tkl":0.0,"TklW":0.0,"Past":0.0,"Press":0.0,"Succ":0.0,"Blocks":0.0,"Int":0.0},{"Player":"Rodrigo Palacio","Pos":"FW","Tkl":17.0,"TklW":12.0,"Past":12.0,"Press":405.0,"Succ":119.0,"Blocks":17.0,"Int":7.0},{"Player":"Goran Pandev","Pos":"FW","Tkl":7.0,"TklW":5.0,"Past":2.0,"Press":212.0,"Succ":50.0,"Blocks":11.0,"Int":5.0},{"Player":"Marco Parolo","Pos":"DF","Tkl":20.0,"TklW":7.0,"Past":17.0,"Press":179.0,"Succ":58.0,"Blocks":21.0,"Int":12.0},{"Player":"Mario Pasalic","Pos":"MF","Tkl":27.0,"TklW":16.0,"Past":10.0,"Press":266.0,"Succ":74.0,"Blocks":13.0,"Int":9.0},{"Player":"Patric","Pos":"DF","Tkl":28.0,"TklW":13.0,"Past":15.0,"Press":262.0,"Succ":80.0,"Blocks":24.0,"Int":13.0},{"Player":"Leonardo Pavoletti","Pos":"FW","Tkl":6.0,"TklW":4.0,"Past":15.0,"Press":299.0,"Succ":57.0,"Blocks":9.0,"Int":4.0},{"Player":"Pedro","Pos":"FW","Tkl":28.0,"TklW":21.0,"Past":24.0,"Press":269.0,"Succ":61.0,"Blocks":13.0,"Int":11.0},{"Player":"João Pedro","Pos":"FW","Tkl":18.0,"TklW":13.0,"Past":21.0,"Press":449.0,"Succ":120.0,"Blocks":37.0,"Int":10.0},{"Player":"Lorenzo Pellegrini","Pos":"MF","Tkl":47.0,"TklW":38.0,"Past":50.0,"Press":507.0,"Succ":137.0,"Blocks":44.0,"Int":29.0},{"Player":"Andreas Pereira","Pos":"MF","Tkl":3.0,"TklW":1.0,"Past":8.0,"Press":139.0,"Succ":30.0,"Blocks":13.0,"Int":4.0},{"Player":"Pedro","Pos":"DF","Tkl":53.0,"TklW":38.0,"Past":12.0,"Press":370.0,"Succ":104.0,"Blocks":60.0,"Int":21.0},{"Player":"Gastón Pereiro","Pos":"MF","Tkl":6.0,"TklW":3.0,"Past":2.0,"Press":47.0,"Succ":10.0,"Blocks":3.0,"Int":3.0},{"Player":"Bruno Peres","Pos":"DF","Tkl":20.0,"TklW":14.0,"Past":14.0,"Press":153.0,"Succ":39.0,"Blocks":26.0,"Int":27.0},{"Player":"Roberto Pereyra","Pos":"MF","Tkl":22.0,"TklW":16.0,"Past":22.0,"Press":366.0,"Succ":91.0,"Blocks":47.0,"Int":27.0},{"Player":"Carles Pérez","Pos":"FW","Tkl":10.0,"TklW":5.0,"Past":17.0,"Press":195.0,"Succ":50.0,"Blocks":13.0,"Int":3.0},{"Player":"Mattia Perin","Pos":"GK","Tkl":0.0,"TklW":0.0,"Past":0.0,"Press":2.0,"Succ":0.0,"Blocks":0.0,"Int":0.0},{"Player":"Ivan Perisic","Pos":"DF","Tkl":19.0,"TklW":11.0,"Past":19.0,"Press":222.0,"Succ":68.0,"Blocks":46.0,"Int":21.0},{"Player":"Matteo Pessina","Pos":"MF","Tkl":17.0,"TklW":12.0,"Past":19.0,"Press":275.0,"Succ":100.0,"Blocks":28.0,"Int":14.0},{"Player":"Andrea Petagna","Pos":"FW","Tkl":4.0,"TklW":2.0,"Past":3.0,"Press":94.0,"Succ":18.0,"Blocks":7.0,"Int":1.0},{"Player":"Jacopo Petriccione","Pos":"MF","Tkl":15.0,"TklW":9.0,"Past":16.0,"Press":141.0,"Succ":44.0,"Blocks":13.0,"Int":8.0},{"Player":"Jens Petter Hauge","Pos":"FW","Tkl":6.0,"TklW":4.0,"Past":4.0,"Press":112.0,"Succ":30.0,"Blocks":10.0,"Int":2.0},{"Player":"Germán Pezzella","Pos":"DF","Tkl":40.0,"TklW":26.0,"Past":18.0,"Press":252.0,"Succ":91.0,"Blocks":40.0,"Int":34.0},{"Player":"Giuseppe Pezzella","Pos":"DF","Tkl":36.0,"TklW":25.0,"Past":19.0,"Press":216.0,"Succ":72.0,"Blocks":46.0,"Int":24.0},{"Player":"Roberto Piccoli","Pos":"FW","Tkl":8.0,"TklW":6.0,"Past":4.0,"Press":153.0,"Succ":41.0,"Blocks":8.0,"Int":2.0},{"Player":"Marko Pjaca","Pos":"FW","Tkl":16.0,"TklW":11.0,"Past":8.0,"Press":219.0,"Succ":56.0,"Blocks":13.0,"Int":8.0},{"Player":"Tommaso Pobega","Pos":"MF","Tkl":31.0,"TklW":21.0,"Past":20.0,"Press":264.0,"Succ":73.0,"Blocks":19.0,"Int":14.0},{"Player":"Andrea Poli","Pos":"MF","Tkl":7.0,"TklW":7.0,"Past":13.0,"Press":75.0,"Succ":25.0,"Blocks":17.0,"Int":7.0},{"Player":"Matteo Politano","Pos":"FW","Tkl":21.0,"TklW":14.0,"Past":29.0,"Press":279.0,"Succ":69.0,"Blocks":20.0,"Int":21.0},{"Player":"Ivan Provedel","Pos":"GK","Tkl":0.0,"TklW":0.0,"Past":5.0,"Press":11.0,"Succ":1.0,"Blocks":0.0,"Int":0.0},{"Player":"Erick Pulgar","Pos":"MF","Tkl":46.0,"TklW":32.0,"Past":31.0,"Press":325.0,"Succ":106.0,"Blocks":45.0,"Int":35.0},{"Player":"Fabio Quagliarella","Pos":"FW","Tkl":12.0,"TklW":8.0,"Past":16.0,"Press":368.0,"Succ":79.0,"Blocks":16.0,"Int":6.0},{"Player":"Adrien Rabiot","Pos":"MF","Tkl":72.0,"TklW":45.0,"Past":32.0,"Press":485.0,"Succ":144.0,"Blocks":46.0,"Int":31.0},{"Player":"Ivan Radovanovic","Pos":"DF","Tkl":32.0,"TklW":22.0,"Past":17.0,"Press":215.0,"Succ":65.0,"Blocks":49.0,"Int":33.0},{"Player":"Stefan Radu","Pos":"DF","Tkl":44.0,"TklW":23.0,"Past":21.0,"Press":244.0,"Succ":107.0,"Blocks":40.0,"Int":45.0},{"Player":"Gastón Ramírez","Pos":"MF","Tkl":28.0,"TklW":15.0,"Past":22.0,"Press":295.0,"Succ":68.0,"Blocks":22.0,"Int":7.0},{"Player":"Aaron Ramsey","Pos":"MF","Tkl":24.0,"TklW":16.0,"Past":19.0,"Press":225.0,"Succ":73.0,"Blocks":14.0,"Int":6.0},{"Player":"Giacomo Raspadori","Pos":"FW","Tkl":7.0,"TklW":2.0,"Past":7.0,"Press":228.0,"Succ":72.0,"Blocks":10.0,"Int":3.0},{"Player":"Ante Rebic","Pos":"FW","Tkl":27.0,"TklW":18.0,"Past":27.0,"Press":327.0,"Succ":86.0,"Blocks":24.0,"Int":11.0},{"Player":"Arkadiusz Reca","Pos":"DF","Tkl":35.0,"TklW":22.0,"Past":32.0,"Press":357.0,"Succ":104.0,"Blocks":44.0,"Int":51.0},{"Player":"Franck Ribéry","Pos":"FW","Tkl":25.0,"TklW":20.0,"Past":25.0,"Press":475.0,"Succ":116.0,"Blocks":13.0,"Int":8.0},{"Player":"Matteo Ricci","Pos":"MF","Tkl":44.0,"TklW":32.0,"Past":37.0,"Press":325.0,"Succ":102.0,"Blocks":38.0,"Int":30.0},{"Player":"Tomás Rincón","Pos":"MF","Tkl":78.0,"TklW":47.0,"Past":43.0,"Press":508.0,"Succ":173.0,"Blocks":37.0,"Int":30.0},{"Player":"Andrea Rispoli","Pos":"DF","Tkl":6.0,"TklW":5.0,"Past":4.0,"Press":71.0,"Succ":23.0,"Blocks":20.0,"Int":4.0},{"Player":"Emmanuel Rivière","Pos":"FW","Tkl":4.0,"TklW":3.0,"Past":5.0,"Press":101.0,"Succ":21.0,"Blocks":6.0,"Int":4.0},{"Player":"Ricardo Rodríguez","Pos":"DF","Tkl":29.0,"TklW":15.0,"Past":9.0,"Press":140.0,"Succ":44.0,"Blocks":29.0,"Int":24.0},{"Player":"Rogerio","Pos":"DF","Tkl":28.0,"TklW":16.0,"Past":8.0,"Press":219.0,"Succ":74.0,"Blocks":46.0,"Int":25.0},{"Player":"Alessio Romagnoli","Pos":"DF","Tkl":18.0,"TklW":9.0,"Past":10.0,"Press":170.0,"Succ":52.0,"Blocks":41.0,"Int":14.0},{"Player":"Cristian Romero","Pos":"DF","Tkl":75.0,"TklW":46.0,"Past":29.0,"Press":486.0,"Succ":173.0,"Blocks":52.0,"Int":81.0},{"Player":"Cristiano Ronaldo","Pos":"FW","Tkl":9.0,"TklW":3.0,"Past":17.0,"Press":225.0,"Succ":61.0,"Blocks":15.0,"Int":8.0},{"Player":"Marten de Roon","Pos":"MF","Tkl":95.0,"TklW":67.0,"Past":61.0,"Press":673.0,"Succ":231.0,"Blocks":45.0,"Int":69.0},{"Player":"Nicolo Rovella","Pos":"MF","Tkl":28.0,"TklW":16.0,"Past":16.0,"Press":305.0,"Succ":68.0,"Blocks":26.0,"Int":18.0},{"Player":"Amir Rrahmani","Pos":"DF","Tkl":16.0,"TklW":10.0,"Past":3.0,"Press":141.0,"Succ":44.0,"Blocks":19.0,"Int":8.0},{"Player":"Daniele Rugani","Pos":"DF","Tkl":27.0,"TklW":13.0,"Past":10.0,"Press":171.0,"Succ":54.0,"Blocks":22.0,"Int":15.0},{"Player":"Mário Rui","Pos":"DF","Tkl":29.0,"TklW":19.0,"Past":17.0,"Press":170.0,"Succ":60.0,"Blocks":35.0,"Int":29.0},{"Player":"Fabián","Pos":"MF","Tkl":49.0,"TklW":40.0,"Past":49.0,"Press":467.0,"Succ":140.0,"Blocks":44.0,"Int":40.0},{"Player":"Alexis Saelemaekers","Pos":"FW","Tkl":47.0,"TklW":31.0,"Past":41.0,"Press":522.0,"Succ":158.0,"Blocks":40.0,"Int":28.0},{"Player":"Eddie Salcedo","Pos":"FW","Tkl":4.0,"TklW":2.0,"Past":0.0,"Press":99.0,"Succ":36.0,"Blocks":11.0,"Int":3.0},{"Player":"Alexis Sánchez","Pos":"FW","Tkl":16.0,"TklW":10.0,"Past":13.0,"Press":261.0,"Succ":63.0,"Blocks":9.0,"Int":11.0},{"Player":"Alex Sandro","Pos":"DF","Tkl":40.0,"TklW":27.0,"Past":12.0,"Press":188.0,"Succ":76.0,"Blocks":37.0,"Int":23.0},{"Player":"Nicola Sansone","Pos":"FW","Tkl":25.0,"TklW":14.0,"Past":17.0,"Press":253.0,"Succ":70.0,"Blocks":21.0,"Int":9.0},{"Player":"Samir","Pos":"DF","Tkl":53.0,"TklW":34.0,"Past":18.0,"Press":237.0,"Succ":73.0,"Blocks":50.0,"Int":40.0},{"Player":"Marco Sau","Pos":"MF","Tkl":6.0,"TklW":3.0,"Past":13.0,"Press":126.0,"Succ":21.0,"Blocks":8.0,"Int":8.0},{"Player":"Gianluca Scamacca","Pos":"FW","Tkl":20.0,"TklW":11.0,"Past":13.0,"Press":230.0,"Succ":59.0,"Blocks":14.0,"Int":8.0},{"Player":"Pasquale Schiattarella","Pos":"MF","Tkl":46.0,"TklW":35.0,"Past":26.0,"Press":281.0,"Succ":106.0,"Blocks":29.0,"Int":23.0},{"Player":"Jerdy Schouten","Pos":"MF","Tkl":50.0,"TklW":40.0,"Past":21.0,"Press":434.0,"Succ":132.0,"Blocks":51.0,"Int":79.0},{"Player":"Léo Sena","Pos":"MF","Tkl":24.0,"TklW":15.0,"Past":15.0,"Press":159.0,"Succ":54.0,"Blocks":24.0,"Int":13.0},{"Player":"Stefano Sensi","Pos":"MF","Tkl":13.0,"TklW":10.0,"Past":6.0,"Press":121.0,"Succ":30.0,"Blocks":5.0,"Int":10.0},{"Player":"Luigi Sepe","Pos":"GK","Tkl":0.0,"TklW":0.0,"Past":2.0,"Press":3.0,"Succ":0.0,"Blocks":0.0,"Int":0.0},{"Player":"Eldor Shomurodov","Pos":"FW","Tkl":29.0,"TklW":17.0,"Past":15.0,"Press":389.0,"Succ":109.0,"Blocks":19.0,"Int":7.0},{"Player":"Adrien Silva","Pos":"MF","Tkl":49.0,"TklW":26.0,"Past":32.0,"Press":498.0,"Succ":142.0,"Blocks":39.0,"Int":34.0},{"Player":"Marco Silvestri","Pos":"GK","Tkl":0.0,"TklW":0.0,"Past":1.0,"Press":3.0,"Succ":0.0,"Blocks":0.0,"Int":0.0},{"Player":"Giovanni Simeone","Pos":"FW","Tkl":22.0,"TklW":15.0,"Past":20.0,"Press":373.0,"Succ":101.0,"Blocks":24.0,"Int":15.0},{"Player":"Salvatore Sirigu","Pos":"GK","Tkl":0.0,"TklW":0.0,"Past":2.0,"Press":7.0,"Succ":0.0,"Blocks":0.0,"Int":0.0},{"Player":"Lukasz Skorupski","Pos":"GK","Tkl":0.0,"TklW":0.0,"Past":3.0,"Press":3.0,"Succ":0.0,"Blocks":0.0,"Int":0.0},{"Player":"Andreas Skov Olsen","Pos":"FW","Tkl":21.0,"TklW":10.0,"Past":11.0,"Press":206.0,"Succ":42.0,"Blocks":23.0,"Int":4.0},{"Player":"Milan Skriniar","Pos":"DF","Tkl":55.0,"TklW":28.0,"Past":14.0,"Press":239.0,"Succ":84.0,"Blocks":48.0,"Int":27.0},{"Player":"Chris Smalling","Pos":"DF","Tkl":11.0,"TklW":7.0,"Past":7.0,"Press":110.0,"Succ":37.0,"Blocks":21.0,"Int":22.0},{"Player":"Simon Sohm","Pos":"MF","Tkl":18.0,"TklW":11.0,"Past":7.0,"Press":155.0,"Succ":31.0,"Blocks":10.0,"Int":3.0},{"Player":"Roberto Soriano","Pos":"MF","Tkl":47.0,"TklW":32.0,"Past":50.0,"Press":608.0,"Succ":157.0,"Blocks":36.0,"Int":27.0},{"Player":"Riccardo Sottil","Pos":"MF","Tkl":10.0,"TklW":8.0,"Past":7.0,"Press":128.0,"Succ":26.0,"Blocks":7.0,"Int":4.0},{"Player":"Adama Soumaoro","Pos":"DF","Tkl":28.0,"TklW":16.0,"Past":6.0,"Press":215.0,"Succ":78.0,"Blocks":46.0,"Int":32.0},{"Player":"Leonardo Spinazzola","Pos":"DF","Tkl":13.0,"TklW":5.0,"Past":13.0,"Press":205.0,"Succ":55.0,"Blocks":27.0,"Int":31.0},{"Player":"Marco Sportiello","Pos":"GK","Tkl":1.0,"TklW":1.0,"Past":2.0,"Press":2.0,"Succ":1.0,"Blocks":0.0,"Int":0.0},{"Player":"Kevin Strootman","Pos":"MF","Tkl":43.0,"TklW":27.0,"Past":16.0,"Press":333.0,"Succ":95.0,"Blocks":37.0,"Int":28.0},{"Player":"Jens Stryger Larsen","Pos":"DF","Tkl":21.0,"TklW":15.0,"Past":19.0,"Press":253.0,"Succ":67.0,"Blocks":56.0,"Int":29.0},{"Player":"Stefano Sturaro","Pos":"MF","Tkl":9.0,"TklW":5.0,"Past":6.0,"Press":101.0,"Succ":23.0,"Blocks":8.0,"Int":2.0},{"Player":"Stefano Sturaro","Pos":"MF","Tkl":12.0,"TklW":7.0,"Past":8.0,"Press":110.0,"Succ":27.0,"Blocks":10.0,"Int":2.0},{"Player":"Mattias Svanberg","Pos":"MF","Tkl":41.0,"TklW":18.0,"Past":32.0,"Press":308.0,"Succ":79.0,"Blocks":33.0,"Int":36.0},{"Player":"Wojciech Szczesny","Pos":"GK","Tkl":0.0,"TklW":0.0,"Past":0.0,"Press":1.0,"Succ":0.0,"Blocks":1.0,"Int":0.0},{"Player":"Adrien Tameze","Pos":"MF","Tkl":53.0,"TklW":41.0,"Past":22.0,"Press":448.0,"Succ":142.0,"Blocks":50.0,"Int":35.0},{"Player":"Andrés Tello","Pos":"MF","Tkl":11.0,"TklW":8.0,"Past":16.0,"Press":93.0,"Succ":32.0,"Blocks":11.0,"Int":7.0},{"Player":"Claudio Terzi","Pos":"DF","Tkl":34.0,"TklW":14.0,"Past":11.0,"Press":201.0,"Succ":74.0,"Blocks":34.0,"Int":35.0},{"Player":"Morten Thorsby","Pos":"MF","Tkl":80.0,"TklW":58.0,"Past":39.0,"Press":712.0,"Succ":215.0,"Blocks":65.0,"Int":21.0},{"Player":"Jeremy Toljan","Pos":"DF","Tkl":28.0,"TklW":16.0,"Past":20.0,"Press":235.0,"Succ":71.0,"Blocks":30.0,"Int":17.0},{"Player":"Rafael Toloi","Pos":"DF","Tkl":57.0,"TklW":33.0,"Past":26.0,"Press":336.0,"Succ":131.0,"Blocks":44.0,"Int":38.0},{"Player":"Takehiro Tomiyasu","Pos":"DF","Tkl":43.0,"TklW":29.0,"Past":13.0,"Press":346.0,"Succ":123.0,"Blocks":59.0,"Int":51.0},{"Player":"Fikayo Tomori","Pos":"DF","Tkl":33.0,"TklW":15.0,"Past":9.0,"Press":216.0,"Succ":85.0,"Blocks":38.0,"Int":21.0},{"Player":"Sandro Tonali","Pos":"MF","Tkl":27.0,"TklW":14.0,"Past":16.0,"Press":303.0,"Succ":68.0,"Blocks":29.0,"Int":20.0},{"Player":"Lorenzo Tonelli","Pos":"DF","Tkl":37.0,"TklW":22.0,"Past":13.0,"Press":234.0,"Succ":86.0,"Blocks":35.0,"Int":18.0},{"Player":"Alessandro Tuia","Pos":"DF","Tkl":53.0,"TklW":30.0,"Past":11.0,"Press":234.0,"Succ":86.0,"Blocks":26.0,"Int":30.0},{"Player":"Samir","Pos":"GK","Tkl":0.0,"TklW":0.0,"Past":0.0,"Press":0.0,"Succ":0.0,"Blocks":0.0,"Int":0.0},{"Player":"Borja Valero","Pos":"MF","Tkl":12.0,"TklW":7.0,"Past":9.0,"Press":121.0,"Succ":30.0,"Blocks":4.0,"Int":7.0},{"Player":"Miguel Veloso","Pos":"MF","Tkl":29.0,"TklW":15.0,"Past":23.0,"Press":251.0,"Succ":68.0,"Blocks":25.0,"Int":15.0},{"Player":"Lorenzo Venuti","Pos":"DF","Tkl":30.0,"TklW":18.0,"Past":18.0,"Press":209.0,"Succ":60.0,"Blocks":32.0,"Int":16.0},{"Player":"Daniele Verde","Pos":"FW","Tkl":4.0,"TklW":3.0,"Past":8.0,"Press":82.0,"Succ":25.0,"Blocks":11.0,"Int":8.0},{"Player":"Simone Verdi","Pos":"MF","Tkl":22.0,"TklW":15.0,"Past":15.0,"Press":267.0,"Succ":70.0,"Blocks":10.0,"Int":13.0},{"Player":"Jordan Veretout","Pos":"MF","Tkl":27.0,"TklW":24.0,"Past":28.0,"Press":352.0,"Succ":92.0,"Blocks":23.0,"Int":12.0},{"Player":"Valerio Verre","Pos":"MF","Tkl":14.0,"TklW":9.0,"Past":15.0,"Press":240.0,"Succ":62.0,"Blocks":17.0,"Int":9.0},{"Player":"Arturo Vidal","Pos":"MF","Tkl":32.0,"TklW":23.0,"Past":26.0,"Press":290.0,"Succ":80.0,"Blocks":29.0,"Int":18.0},{"Player":"Luca Vignali","Pos":"DF","Tkl":18.0,"TklW":10.0,"Past":23.0,"Press":211.0,"Succ":71.0,"Blocks":33.0,"Int":44.0},{"Player":"Emanuel Vignato","Pos":"FW","Tkl":19.0,"TklW":11.0,"Past":15.0,"Press":259.0,"Succ":59.0,"Blocks":8.0,"Int":12.0},{"Player":"Gonzalo Villar","Pos":"MF","Tkl":51.0,"TklW":32.0,"Past":42.0,"Press":396.0,"Succ":115.0,"Blocks":25.0,"Int":21.0},{"Player":"Nicolas Viola","Pos":"MF","Tkl":16.0,"TklW":10.0,"Past":19.0,"Press":172.0,"Succ":42.0,"Blocks":12.0,"Int":16.0},{"Player":"Dusan Vlahovic","Pos":"FW","Tkl":9.0,"TklW":5.0,"Past":10.0,"Press":421.0,"Succ":95.0,"Blocks":19.0,"Int":12.0},{"Player":"Mergim Vojvoda","Pos":"DF","Tkl":26.0,"TklW":13.0,"Past":13.0,"Press":198.0,"Succ":43.0,"Blocks":31.0,"Int":18.0},{"Player":"Stefan de Vrij","Pos":"DF","Tkl":31.0,"TklW":16.0,"Past":7.0,"Press":223.0,"Succ":72.0,"Blocks":35.0,"Int":40.0},{"Player":"Milos Vulic","Pos":"MF","Tkl":23.0,"TklW":11.0,"Past":9.0,"Press":179.0,"Succ":45.0,"Blocks":14.0,"Int":9.0},{"Player":"Walace","Pos":"MF","Tkl":60.0,"TklW":45.0,"Past":58.0,"Press":431.0,"Succ":139.0,"Blocks":45.0,"Int":41.0},{"Player":"Sebastian Walukiewicz","Pos":"DF","Tkl":31.0,"TklW":14.0,"Past":18.0,"Press":205.0,"Succ":68.0,"Blocks":33.0,"Int":22.0},{"Player":"Maya Yoshida","Pos":"DF","Tkl":27.0,"TklW":15.0,"Past":9.0,"Press":165.0,"Succ":58.0,"Blocks":55.0,"Int":42.0},{"Player":"Ashley Young","Pos":"DF","Tkl":24.0,"TklW":9.0,"Past":7.0,"Press":134.0,"Succ":32.0,"Blocks":24.0,"Int":9.0},{"Player":"Mattia Zaccagni","Pos":"MF","Tkl":35.0,"TklW":24.0,"Past":19.0,"Press":354.0,"Succ":103.0,"Blocks":32.0,"Int":33.0},{"Player":"Miha Zajc","Pos":"MF","Tkl":36.0,"TklW":24.0,"Past":27.0,"Press":384.0,"Succ":83.0,"Blocks":34.0,"Int":26.0},{"Player":"Niccolò Zanellato","Pos":"MF","Tkl":29.0,"TklW":21.0,"Past":21.0,"Press":257.0,"Succ":76.0,"Blocks":20.0,"Int":12.0},{"Player":"Duván Zapata","Pos":"FW","Tkl":8.0,"TklW":6.0,"Past":7.0,"Press":233.0,"Succ":65.0,"Blocks":23.0,"Int":10.0},{"Player":"Gabriele Zappa","Pos":"DF","Tkl":45.0,"TklW":23.0,"Past":32.0,"Press":444.0,"Succ":110.0,"Blocks":57.0,"Int":26.0},{"Player":"Davide Zappacosta","Pos":"DF","Tkl":34.0,"TklW":19.0,"Past":13.0,"Press":366.0,"Succ":87.0,"Blocks":23.0,"Int":16.0},{"Player":"Simone Zaza","Pos":"FW","Tkl":14.0,"TklW":8.0,"Past":12.0,"Press":238.0,"Succ":58.0,"Blocks":15.0,"Int":5.0},{"Player":"Marvin Zeegelaar","Pos":"DF","Tkl":40.0,"TklW":26.0,"Past":15.0,"Press":271.0,"Succ":78.0,"Blocks":35.0,"Int":14.0},{"Player":"Piotr Zielinski","Pos":"MF","Tkl":24.0,"TklW":15.0,"Past":12.0,"Press":279.0,"Succ":84.0,"Blocks":22.0,"Int":20.0},{"Player":"Filip Đuričić","Pos":"MF,FW","Tkl":"34","TklW":"22","Past":"17","Press":"401","Succ":"115","Blocks":"23","Int":"8"}]