[{"Player":"David Abraham","Pos":"DF","Tkl":43.0,"TklW":28.0,"Past":17.0,"Press":221.0,"Succ":74.0,"Blocks":39.0,"Int":23.0},{"Player":"Chadrac Akolo","Pos":"FW","Tkl":14.0,"TklW":10.0,"Past":10.0,"Press":343.0,"Succ":94.0,"Blocks":18.0,"Int":7.0},{"Player":"Kevin Akpoguma","Pos":"DF","Tkl":48.0,"TklW":29.0,"Past":15.0,"Press":266.0,"Succ":102.0,"Blocks":32.0,"Int":24.0},{"Player":"David Alaba","Pos":"DF","Tkl":23.0,"TklW":15.0,"Past":4.0,"Press":202.0,"Succ":75.0,"Blocks":27.0,"Int":10.0},{"Player":"Lucas Alario","Pos":"FW","Tkl":11.0,"TklW":10.0,"Past":8.0,"Press":386.0,"Succ":112.0,"Blocks":16.0,"Int":6.0},{"Player":"Thiago Alcántara","Pos":"MF","Tkl":32.0,"TklW":26.0,"Past":16.0,"Press":263.0,"Succ":99.0,"Blocks":21.0,"Int":20.0},{"Player":"Nadiem Amiri","Pos":"MF","Tkl":31.0,"TklW":16.0,"Past":31.0,"Press":434.0,"Succ":114.0,"Blocks":36.0,"Int":17.0},{"Player":"Waldemar Anton","Pos":"DF","Tkl":57.0,"TklW":35.0,"Past":35.0,"Press":390.0,"Succ":136.0,"Blocks":70.0,"Int":31.0},{"Player":"Dennis Aogo","Pos":"MF","Tkl":37.0,"TklW":15.0,"Past":12.0,"Press":317.0,"Succ":70.0,"Blocks":29.0,"Int":21.0},{"Player":"Charles Aránguiz","Pos":"MF","Tkl":70.0,"TklW":51.0,"Past":52.0,"Press":603.0,"Succ":204.0,"Blocks":53.0,"Int":37.0},{"Player":"Maximilian Arnold","Pos":"MF","Tkl":54.0,"TklW":41.0,"Past":43.0,"Press":521.0,"Succ":150.0,"Blocks":37.0,"Int":17.0},{"Player":"Jann-Fiete Arp","Pos":"FW","Tkl":6.0,"TklW":5.0,"Past":9.0,"Press":220.0,"Succ":62.0,"Blocks":9.0,"Int":2.0},{"Player":"Takuma Asano","Pos":"FW","Tkl":5.0,"TklW":5.0,"Past":7.0,"Press":209.0,"Succ":46.0,"Blocks":9.0,"Int":4.0},{"Player":"Santiago Ascacibar","Pos":"MF","Tkl":70.0,"TklW":49.0,"Past":50.0,"Press":685.0,"Succ":217.0,"Blocks":44.0,"Int":30.0},{"Player":"Pierre-Emerick Aubameyang","Pos":"FW","Tkl":4.0,"TklW":2.0,"Past":9.0,"Press":299.0,"Succ":69.0,"Blocks":20.0,"Int":1.0},{"Player":"Jean-Kevin Augustin","Pos":"FW","Tkl":13.0,"TklW":8.0,"Past":6.0,"Press":245.0,"Succ":74.0,"Blocks":18.0,"Int":5.0},{"Player":"Ludwig Augustinsson","Pos":"DF","Tkl":48.0,"TklW":25.0,"Past":12.0,"Press":370.0,"Succ":109.0,"Blocks":42.0,"Int":25.0},{"Player":"Holger Badstuber","Pos":"DF","Tkl":35.0,"TklW":23.0,"Past":21.0,"Press":204.0,"Succ":72.0,"Blocks":37.0,"Int":36.0},{"Player":"Daniel Baier","Pos":"MF","Tkl":60.0,"TklW":46.0,"Past":53.0,"Press":462.0,"Succ":135.0,"Blocks":44.0,"Int":42.0},{"Player":"Leon Bailey","Pos":"FW","Tkl":12.0,"TklW":9.0,"Past":16.0,"Press":325.0,"Succ":97.0,"Blocks":34.0,"Int":13.0},{"Player":"Marvin Bakalorz","Pos":"MF","Tkl":35.0,"TklW":19.0,"Past":41.0,"Press":479.0,"Succ":140.0,"Blocks":50.0,"Int":24.0},{"Player":"Philipp Bargfrede","Pos":"MF","Tkl":56.0,"TklW":41.0,"Past":43.0,"Press":383.0,"Succ":135.0,"Blocks":37.0,"Int":34.0},{"Player":"Robert Bauer","Pos":"DF","Tkl":24.0,"TklW":12.0,"Past":14.0,"Press":94.0,"Succ":27.0,"Blocks":14.0,"Int":11.0},{"Player":"Oliver Baumann","Pos":"GK","Tkl":0.0,"TklW":0.0,"Past":2.0,"Press":3.0,"Succ":1.0,"Blocks":0.0,"Int":0.0},{"Player":"Timo Baumgartl","Pos":"DF","Tkl":80.0,"TklW":48.0,"Past":31.0,"Press":389.0,"Succ":125.0,"Blocks":70.0,"Int":24.0},{"Player":"Julian Baumgartlinger","Pos":"MF","Tkl":44.0,"TklW":36.0,"Past":29.0,"Press":338.0,"Succ":118.0,"Blocks":22.0,"Int":21.0},{"Player":"Ihlas Bebou","Pos":"MF","Tkl":39.0,"TklW":25.0,"Past":17.0,"Press":403.0,"Succ":101.0,"Blocks":35.0,"Int":13.0},{"Player":"Andreas Beck","Pos":"DF","Tkl":43.0,"TklW":25.0,"Past":13.0,"Press":410.0,"Succ":127.0,"Blocks":39.0,"Int":16.0},{"Player":"Ishak Belfodil","Pos":"FW","Tkl":9.0,"TklW":6.0,"Past":9.0,"Press":205.0,"Succ":50.0,"Blocks":8.0,"Int":0.0},{"Player":"Stefan Bell","Pos":"DF","Tkl":38.0,"TklW":28.0,"Past":19.0,"Press":231.0,"Succ":77.0,"Blocks":54.0,"Int":32.0},{"Player":"Karim Bellarabi","Pos":"FW","Tkl":19.0,"TklW":13.0,"Past":12.0,"Press":252.0,"Succ":68.0,"Blocks":22.0,"Int":6.0},{"Player":"Lars Bender","Pos":"DF","Tkl":57.0,"TklW":31.0,"Past":29.0,"Press":371.0,"Succ":102.0,"Blocks":37.0,"Int":15.0},{"Player":"Sven Bender","Pos":"DF","Tkl":43.0,"TklW":30.0,"Past":18.0,"Press":263.0,"Succ":102.0,"Blocks":64.0,"Int":27.0},{"Player":"Nabil Bentaleb","Pos":"MF","Tkl":21.0,"TklW":16.0,"Past":23.0,"Press":197.0,"Succ":54.0,"Blocks":22.0,"Int":11.0},{"Player":"Bernardo","Pos":"DF","Tkl":36.0,"TklW":19.0,"Past":16.0,"Press":224.0,"Succ":75.0,"Blocks":35.0,"Int":27.0},{"Player":"Leonardo Bittencourt","Pos":"MF","Tkl":41.0,"TklW":29.0,"Past":27.0,"Press":384.0,"Succ":101.0,"Blocks":29.0,"Int":13.0},{"Player":"Pablo De Blasis","Pos":"FW","Tkl":32.0,"TklW":21.0,"Past":23.0,"Press":380.0,"Succ":110.0,"Blocks":35.0,"Int":12.0},{"Player":"Jérôme Boateng","Pos":"DF","Tkl":27.0,"TklW":18.0,"Past":17.0,"Press":115.0,"Succ":44.0,"Blocks":24.0,"Int":18.0},{"Player":"Kevin-Prince Boateng","Pos":"MF","Tkl":37.0,"TklW":22.0,"Past":22.0,"Press":392.0,"Succ":111.0,"Blocks":33.0,"Int":15.0},{"Player":"Julian Brandt","Pos":"FW","Tkl":23.0,"TklW":16.0,"Past":39.0,"Press":486.0,"Succ":138.0,"Blocks":28.0,"Int":15.0},{"Player":"Josip Brekalo","Pos":"FW","Tkl":15.0,"TklW":7.0,"Past":13.0,"Press":160.0,"Succ":45.0,"Blocks":14.0,"Int":3.0},{"Player":"Josip Brekalo","Pos":"MF","Tkl":13.0,"TklW":8.0,"Past":2.0,"Press":190.0,"Succ":50.0,"Blocks":7.0,"Int":7.0},{"Player":"Daniel Brosinski","Pos":"DF","Tkl":40.0,"TklW":18.0,"Past":32.0,"Press":343.0,"Succ":106.0,"Blocks":56.0,"Int":27.0},{"Player":"Bruma","Pos":"MF","Tkl":14.0,"TklW":11.0,"Past":7.0,"Press":266.0,"Succ":94.0,"Blocks":33.0,"Int":9.0},{"Player":"Bruma","Pos":"DF","Tkl":17.0,"TklW":10.0,"Past":13.0,"Press":85.0,"Succ":25.0,"Blocks":21.0,"Int":4.0},{"Player":"Guido Burgstaller","Pos":"FW","Tkl":15.0,"TklW":10.0,"Past":17.0,"Press":650.0,"Succ":161.0,"Blocks":29.0,"Int":9.0},{"Player":"Roman Bürki","Pos":"GK","Tkl":0.0,"TklW":0.0,"Past":1.0,"Press":3.0,"Succ":1.0,"Blocks":2.0,"Int":0.0},{"Player":"Caiuby","Pos":"FW","Tkl":45.0,"TklW":24.0,"Past":41.0,"Press":641.0,"Succ":177.0,"Blocks":52.0,"Int":15.0},{"Player":"Daniel Caligiuri","Pos":"DF","Tkl":97.0,"TklW":66.0,"Past":62.0,"Press":636.0,"Succ":190.0,"Blocks":77.0,"Int":49.0},{"Player":"Koen Casteels","Pos":"GK","Tkl":1.0,"TklW":1.0,"Past":0.0,"Press":4.0,"Succ":3.0,"Blocks":1.0,"Int":0.0},{"Player":"Gonzalo Castro","Pos":"MF","Tkl":22.0,"TklW":14.0,"Past":15.0,"Press":256.0,"Succ":81.0,"Blocks":31.0,"Int":12.0},{"Player":"Timothy Chandler","Pos":"DF","Tkl":22.0,"TklW":18.0,"Past":12.0,"Press":195.0,"Succ":65.0,"Blocks":27.0,"Int":27.0},{"Player":"Kingsley Coman","Pos":"FW","Tkl":9.0,"TklW":4.0,"Past":5.0,"Press":188.0,"Succ":57.0,"Blocks":11.0,"Int":5.0},{"Player":"Jhon Córdoba","Pos":"FW","Tkl":8.0,"TklW":7.0,"Past":3.0,"Press":138.0,"Succ":32.0,"Blocks":4.0,"Int":1.0},{"Player":"Sergio Córdova","Pos":"FW","Tkl":6.0,"TklW":4.0,"Past":6.0,"Press":139.0,"Succ":37.0,"Blocks":8.0,"Int":1.0},{"Player":"Danny da Costa","Pos":"DF","Tkl":40.0,"TklW":24.0,"Past":9.0,"Press":213.0,"Succ":85.0,"Blocks":27.0,"Int":15.0},{"Player":"Michaël Cuisance","Pos":"MF","Tkl":31.0,"TklW":21.0,"Past":17.0,"Press":262.0,"Succ":80.0,"Blocks":24.0,"Int":5.0},{"Player":"Mahmoud Dahoud","Pos":"MF","Tkl":34.0,"TklW":22.0,"Past":23.0,"Press":287.0,"Succ":87.0,"Blocks":18.0,"Int":16.0},{"Player":"Kevin Danso","Pos":"DF","Tkl":17.0,"TklW":11.0,"Past":9.0,"Press":113.0,"Succ":45.0,"Blocks":27.0,"Int":14.0},{"Player":"Vladimir Darida","Pos":"MF","Tkl":33.0,"TklW":27.0,"Past":19.0,"Press":326.0,"Succ":85.0,"Blocks":23.0,"Int":20.0},{"Player":"Thomas Delaney","Pos":"MF","Tkl":77.0,"TklW":49.0,"Past":22.0,"Press":581.0,"Succ":163.0,"Blocks":38.0,"Int":36.0},{"Player":"Kerem Demirbay","Pos":"MF","Tkl":35.0,"TklW":26.0,"Past":21.0,"Press":401.0,"Succ":117.0,"Blocks":23.0,"Int":9.0},{"Player":"Diego Demme","Pos":"MF","Tkl":68.0,"TklW":38.0,"Past":50.0,"Press":549.0,"Succ":169.0,"Blocks":40.0,"Int":32.0},{"Player":"Franco Di Santo","Pos":"FW","Tkl":13.0,"TklW":11.0,"Past":12.0,"Press":396.0,"Succ":116.0,"Blocks":18.0,"Int":2.0},{"Player":"Abdou Diallo","Pos":"DF","Tkl":63.0,"TklW":42.0,"Past":12.0,"Press":349.0,"Succ":144.0,"Blocks":47.0,"Int":25.0},{"Player":"Daniel Didavi","Pos":"MF","Tkl":24.0,"TklW":15.0,"Past":30.0,"Press":437.0,"Succ":111.0,"Blocks":19.0,"Int":6.0},{"Player":"Dennis Diekmeier","Pos":"DF","Tkl":49.0,"TklW":22.0,"Past":14.0,"Press":185.0,"Succ":66.0,"Blocks":35.0,"Int":10.0},{"Player":"Landry Dimata","Pos":"FW","Tkl":8.0,"TklW":7.0,"Past":1.0,"Press":213.0,"Succ":56.0,"Blocks":6.0,"Int":0.0},{"Player":"Giulio Donati","Pos":"DF","Tkl":52.0,"TklW":30.0,"Past":19.0,"Press":314.0,"Succ":93.0,"Blocks":58.0,"Int":32.0},{"Player":"Anastasios Donis","Pos":"FW","Tkl":21.0,"TklW":17.0,"Past":2.0,"Press":207.0,"Succ":49.0,"Blocks":5.0,"Int":5.0},{"Player":"Rick van Drongelen","Pos":"DF","Tkl":29.0,"TklW":20.0,"Past":19.0,"Press":190.0,"Succ":72.0,"Blocks":32.0,"Int":13.0},{"Player":"Ondrej Duda","Pos":"MF","Tkl":14.0,"TklW":11.0,"Past":14.0,"Press":209.0,"Succ":54.0,"Blocks":14.0,"Int":6.0},{"Player":"Maximilian Eggestein","Pos":"MF","Tkl":56.0,"TklW":38.0,"Past":34.0,"Press":695.0,"Succ":185.0,"Blocks":43.0,"Int":21.0},{"Player":"Albin Ekdal","Pos":"MF","Tkl":31.0,"TklW":25.0,"Past":16.0,"Press":225.0,"Succ":86.0,"Blocks":17.0,"Int":13.0},{"Player":"Nico Elvedi","Pos":"DF","Tkl":59.0,"TklW":30.0,"Past":12.0,"Press":339.0,"Succ":110.0,"Blocks":61.0,"Int":30.0},{"Player":"Breel Embolo","Pos":"FW","Tkl":19.0,"TklW":14.0,"Past":7.0,"Press":264.0,"Succ":75.0,"Blocks":17.0,"Int":3.0},{"Player":"Alexander Esswein","Pos":"FW","Tkl":19.0,"TklW":10.0,"Past":14.0,"Press":221.0,"Succ":50.0,"Blocks":7.0,"Int":7.0},{"Player":"Ralf Fährmann","Pos":"GK","Tkl":1.0,"TklW":1.0,"Past":1.0,"Press":5.0,"Succ":0.0,"Blocks":2.0,"Int":0.0},{"Player":"Simon Falette","Pos":"DF","Tkl":39.0,"TklW":28.0,"Past":17.0,"Press":217.0,"Succ":73.0,"Blocks":48.0,"Int":42.0},{"Player":"Felix Uduokhai","Pos":"DF","Tkl":33.0,"TklW":18.0,"Past":8.0,"Press":167.0,"Succ":58.0,"Blocks":30.0,"Int":18.0},{"Player":"Gelson Fernandes","Pos":"MF","Tkl":53.0,"TklW":31.0,"Past":34.0,"Press":394.0,"Succ":122.0,"Blocks":23.0,"Int":9.0},{"Player":"Alfred Finnbogason","Pos":"FW","Tkl":14.0,"TklW":9.0,"Past":9.0,"Press":381.0,"Succ":102.0,"Blocks":16.0,"Int":12.0},{"Player":"Emil Forsberg","Pos":"MF","Tkl":18.0,"TklW":8.0,"Past":15.0,"Press":247.0,"Succ":78.0,"Blocks":14.0,"Int":9.0},{"Player":"Iver Fossum","Pos":"MF","Tkl":25.0,"TklW":13.0,"Past":32.0,"Press":375.0,"Succ":125.0,"Blocks":32.0,"Int":13.0},{"Player":"Mike Frantz","Pos":"MF","Tkl":20.0,"TklW":15.0,"Past":16.0,"Press":178.0,"Succ":48.0,"Blocks":15.0,"Int":9.0},{"Player":"Niclas Füllkrug","Pos":"FW","Tkl":14.0,"TklW":8.0,"Past":17.0,"Press":486.0,"Succ":131.0,"Blocks":25.0,"Int":8.0},{"Player":"Mijat Gacinovic","Pos":"MF","Tkl":38.0,"TklW":24.0,"Past":45.0,"Press":531.0,"Succ":132.0,"Blocks":37.0,"Int":30.0},{"Player":"Jean-Philippe Gbamin","Pos":"MF","Tkl":65.0,"TklW":53.0,"Past":28.0,"Press":560.0,"Succ":201.0,"Blocks":66.0,"Int":34.0},{"Player":"Theodor Gebre Selassie","Pos":"DF","Tkl":59.0,"TklW":28.0,"Past":25.0,"Press":490.0,"Succ":141.0,"Blocks":43.0,"Int":39.0},{"Player":"Dennis Geiger","Pos":"MF","Tkl":48.0,"TklW":34.0,"Past":29.0,"Press":417.0,"Succ":126.0,"Blocks":26.0,"Int":23.0},{"Player":"Christian Gentner","Pos":"MF","Tkl":81.0,"TklW":55.0,"Past":49.0,"Press":672.0,"Succ":197.0,"Blocks":53.0,"Int":38.0},{"Player":"Yannick Gerhardt","Pos":"DF","Tkl":35.0,"TklW":20.0,"Past":10.0,"Press":271.0,"Succ":77.0,"Blocks":25.0,"Int":10.0},{"Player":"Daniel Ginczek","Pos":"FW","Tkl":8.0,"TklW":4.0,"Past":12.0,"Press":259.0,"Succ":68.0,"Blocks":18.0,"Int":7.0},{"Player":"Matthias Ginter","Pos":"DF","Tkl":40.0,"TklW":26.0,"Past":12.0,"Press":208.0,"Succ":74.0,"Blocks":55.0,"Int":22.0},{"Player":"Serge Gnabry","Pos":"FW","Tkl":30.0,"TklW":23.0,"Past":13.0,"Press":342.0,"Succ":95.0,"Blocks":23.0,"Int":10.0},{"Player":"Mario Gomez","Pos":"FW","Tkl":15.0,"TklW":11.0,"Past":11.0,"Press":198.0,"Succ":48.0,"Blocks":9.0,"Int":1.0},{"Player":"Mario Gomez","Pos":"FW","Tkl":9.0,"TklW":7.0,"Past":8.0,"Press":158.0,"Succ":32.0,"Blocks":8.0,"Int":1.0},{"Player":"Jérôme Gondorf","Pos":"MF","Tkl":11.0,"TklW":8.0,"Past":24.0,"Press":235.0,"Succ":53.0,"Blocks":20.0,"Int":6.0},{"Player":"Leon Goretzka","Pos":"MF","Tkl":45.0,"TklW":30.0,"Past":43.0,"Press":407.0,"Succ":132.0,"Blocks":41.0,"Int":24.0},{"Player":"Mario Götze","Pos":"MF","Tkl":45.0,"TklW":38.0,"Past":26.0,"Press":423.0,"Succ":151.0,"Blocks":16.0,"Int":5.0},{"Player":"Jeffrey Gouweleeuw","Pos":"DF","Tkl":47.0,"TklW":31.0,"Past":27.0,"Press":270.0,"Succ":85.0,"Blocks":44.0,"Int":40.0},{"Player":"Michael Gregoritsch","Pos":"MF","Tkl":21.0,"TklW":15.0,"Past":25.0,"Press":528.0,"Succ":141.0,"Blocks":29.0,"Int":12.0},{"Player":"Vincenzo Grifo","Pos":"MF","Tkl":7.0,"TklW":4.0,"Past":13.0,"Press":124.0,"Succ":26.0,"Blocks":10.0,"Int":6.0},{"Player":"Florian Grillitsch","Pos":"MF","Tkl":68.0,"TklW":47.0,"Past":37.0,"Press":496.0,"Succ":175.0,"Blocks":36.0,"Int":27.0},{"Player":"Josuha Guilavogui","Pos":"MF","Tkl":71.0,"TklW":49.0,"Past":27.0,"Press":413.0,"Succ":122.0,"Blocks":35.0,"Int":47.0},{"Player":"Sehrou Guirassy","Pos":"FW","Tkl":4.0,"TklW":4.0,"Past":2.0,"Press":135.0,"Succ":33.0,"Blocks":13.0,"Int":0.0},{"Player":"Péter Gulácsi","Pos":"GK","Tkl":0.0,"TklW":0.0,"Past":2.0,"Press":1.0,"Succ":0.0,"Blocks":0.0,"Int":1.0},{"Player":"Manuel Gulde","Pos":"DF","Tkl":14.0,"TklW":10.0,"Past":12.0,"Press":123.0,"Succ":40.0,"Blocks":29.0,"Int":7.0},{"Player":"Christian Günter","Pos":"DF","Tkl":50.0,"TklW":28.0,"Past":29.0,"Press":443.0,"Succ":123.0,"Blocks":62.0,"Int":11.0},{"Player":"Jonathan de Guzmán","Pos":"MF","Tkl":19.0,"TklW":15.0,"Past":12.0,"Press":203.0,"Succ":45.0,"Blocks":12.0,"Int":10.0},{"Player":"Janik Haberer","Pos":"MF","Tkl":53.0,"TklW":35.0,"Past":50.0,"Press":873.0,"Succ":209.0,"Blocks":46.0,"Int":23.0},{"Player":"Alexander Hack","Pos":"DF","Tkl":47.0,"TklW":33.0,"Past":23.0,"Press":175.0,"Succ":68.0,"Blocks":37.0,"Int":14.0},{"Player":"André Hahn","Pos":"FW","Tkl":25.0,"TklW":11.0,"Past":35.0,"Press":407.0,"Succ":96.0,"Blocks":30.0,"Int":4.0},{"Player":"Sébastien Haller","Pos":"FW","Tkl":26.0,"TklW":18.0,"Past":10.0,"Press":563.0,"Succ":153.0,"Blocks":22.0,"Int":6.0},{"Player":"Marcel Halstenberg","Pos":"DF","Tkl":21.0,"TklW":11.0,"Past":14.0,"Press":126.0,"Succ":38.0,"Blocks":34.0,"Int":14.0},{"Player":"Amine Harit","Pos":"MF","Tkl":28.0,"TklW":19.0,"Past":27.0,"Press":528.0,"Succ":152.0,"Blocks":29.0,"Int":17.0},{"Player":"Martin Harnik","Pos":"FW","Tkl":15.0,"TklW":5.0,"Past":28.0,"Press":514.0,"Succ":143.0,"Blocks":24.0,"Int":3.0},{"Player":"Makoto Hasebe","Pos":"DF","Tkl":33.0,"TklW":19.0,"Past":20.0,"Press":279.0,"Succ":102.0,"Blocks":48.0,"Int":16.0},{"Player":"Kai Havertz","Pos":"MF","Tkl":25.0,"TklW":21.0,"Past":28.0,"Press":452.0,"Succ":145.0,"Blocks":32.0,"Int":16.0},{"Player":"Thorgan Hazard","Pos":"MF","Tkl":45.0,"TklW":33.0,"Past":47.0,"Press":584.0,"Succ":158.0,"Blocks":43.0,"Int":20.0},{"Player":"Jonas Hector","Pos":"DF","Tkl":40.0,"TklW":27.0,"Past":28.0,"Press":303.0,"Succ":72.0,"Blocks":57.0,"Int":24.0},{"Player":"Dominique Heintz","Pos":"DF","Tkl":56.0,"TklW":35.0,"Past":34.0,"Press":296.0,"Succ":100.0,"Blocks":58.0,"Int":31.0},{"Player":"Marcel Heller","Pos":"FW","Tkl":33.0,"TklW":24.0,"Past":25.0,"Press":291.0,"Succ":62.0,"Blocks":18.0,"Int":10.0},{"Player":"Benjamin Henrichs","Pos":"DF","Tkl":39.0,"TklW":22.0,"Past":19.0,"Press":219.0,"Succ":69.0,"Blocks":34.0,"Int":19.0},{"Player":"Patrick Herrmann","Pos":"MF","Tkl":23.0,"TklW":15.0,"Past":20.0,"Press":249.0,"Succ":66.0,"Blocks":23.0,"Int":13.0},{"Player":"Martin Hinteregger","Pos":"DF","Tkl":62.0,"TklW":40.0,"Past":18.0,"Press":256.0,"Succ":92.0,"Blocks":56.0,"Int":34.0},{"Player":"Marwin Hitz","Pos":"GK","Tkl":0.0,"TklW":0.0,"Past":1.0,"Press":4.0,"Succ":2.0,"Blocks":0.0,"Int":0.0},{"Player":"Nicolas Höfler","Pos":"MF","Tkl":37.0,"TklW":23.0,"Past":25.0,"Press":433.0,"Succ":106.0,"Blocks":33.0,"Int":30.0},{"Player":"Jonas Hofmann","Pos":"MF","Tkl":23.0,"TklW":13.0,"Past":22.0,"Press":222.0,"Succ":69.0,"Blocks":19.0,"Int":11.0},{"Player":"Marco Höger","Pos":"MF","Tkl":53.0,"TklW":37.0,"Past":38.0,"Press":421.0,"Succ":126.0,"Blocks":36.0,"Int":23.0},{"Player":"Lewis Holtby","Pos":"MF","Tkl":35.0,"TklW":20.0,"Past":18.0,"Press":290.0,"Succ":78.0,"Blocks":21.0,"Int":7.0},{"Player":"Gerrit Holtmann","Pos":"DF","Tkl":11.0,"TklW":8.0,"Past":14.0,"Press":155.0,"Succ":47.0,"Blocks":24.0,"Int":7.0},{"Player":"Timo Horn","Pos":"GK","Tkl":0.0,"TklW":0.0,"Past":6.0,"Press":17.0,"Succ":4.0,"Blocks":0.0,"Int":0.0},{"Player":"Benjamin Hübner","Pos":"DF","Tkl":64.0,"TklW":41.0,"Past":26.0,"Press":349.0,"Succ":137.0,"Blocks":59.0,"Int":34.0},{"Player":"Mats Hummels","Pos":"DF","Tkl":54.0,"TklW":39.0,"Past":21.0,"Press":195.0,"Succ":93.0,"Blocks":41.0,"Int":32.0},{"Player":"Aaron Hunt","Pos":"MF","Tkl":30.0,"TklW":22.0,"Past":32.0,"Press":484.0,"Succ":135.0,"Blocks":30.0,"Int":14.0},{"Player":"Vedad Ibisevic","Pos":"FW","Tkl":8.0,"TklW":6.0,"Past":6.0,"Press":310.0,"Succ":79.0,"Blocks":9.0,"Int":4.0},{"Player":"Stefan Ilsanker","Pos":"DF","Tkl":34.0,"TklW":23.0,"Past":19.0,"Press":169.0,"Succ":60.0,"Blocks":28.0,"Int":15.0},{"Player":"Emiliano Insúa","Pos":"DF","Tkl":45.0,"TklW":33.0,"Past":31.0,"Press":367.0,"Succ":117.0,"Blocks":55.0,"Int":28.0},{"Player":"Alexander Hack","Pos":"FW","Tkl":1.0,"TklW":0.0,"Past":2.0,"Press":15.0,"Succ":7.0,"Blocks":0.0,"Int":0.0},{"Player":"Tatsuya Ito","Pos":"MF","Tkl":15.0,"TklW":6.0,"Past":19.0,"Press":234.0,"Succ":71.0,"Blocks":22.0,"Int":4.0},{"Player":"Christoph Kramer","Pos":"DF","Tkl":3.0,"TklW":2.0,"Past":1.0,"Press":10.0,"Succ":5.0,"Blocks":1.0,"Int":1.0},{"Player":"Rune Jarstein","Pos":"GK","Tkl":0.0,"TklW":0.0,"Past":1.0,"Press":2.0,"Succ":1.0,"Blocks":0.0,"Int":0.0},{"Player":"Milos Jojic","Pos":"MF","Tkl":37.0,"TklW":23.0,"Past":25.0,"Press":410.0,"Succ":111.0,"Blocks":33.0,"Int":15.0},{"Player":"Luka Jovic","Pos":"FW","Tkl":6.0,"TklW":3.0,"Past":1.0,"Press":170.0,"Succ":56.0,"Blocks":9.0,"Int":3.0},{"Player":"Gideon Jung","Pos":"MF","Tkl":54.0,"TklW":31.0,"Past":24.0,"Press":381.0,"Succ":131.0,"Blocks":44.0,"Int":28.0},{"Player":"Zlatko Junuzovic","Pos":"MF","Tkl":39.0,"TklW":22.0,"Past":23.0,"Press":365.0,"Succ":91.0,"Blocks":21.0,"Int":13.0},{"Player":"Pavel Kaderábek","Pos":"DF","Tkl":43.0,"TklW":22.0,"Past":29.0,"Press":394.0,"Succ":110.0,"Blocks":28.0,"Int":19.0},{"Player":"Shinji Kagawa","Pos":"MF","Tkl":29.0,"TklW":18.0,"Past":13.0,"Press":245.0,"Succ":69.0,"Blocks":8.0,"Int":4.0},{"Player":"Florian Kainz","Pos":"MF","Tkl":28.0,"TklW":14.0,"Past":16.0,"Press":346.0,"Succ":79.0,"Blocks":21.0,"Int":11.0},{"Player":"Salomon Kalou","Pos":"FW","Tkl":18.0,"TklW":11.0,"Past":20.0,"Press":431.0,"Succ":106.0,"Blocks":40.0,"Int":13.0},{"Player":"Marcin Kaminski","Pos":"DF","Tkl":15.0,"TklW":9.0,"Past":8.0,"Press":137.0,"Succ":42.0,"Blocks":20.0,"Int":12.0},{"Player":"Kevin Kampl","Pos":"MF","Tkl":1.0,"TklW":1.0,"Past":0.0,"Press":4.0,"Succ":0.0,"Blocks":0.0,"Int":0.0},{"Player":"Kevin Kampl","Pos":"MF","Tkl":41.0,"TklW":29.0,"Past":30.0,"Press":398.0,"Succ":136.0,"Blocks":44.0,"Int":22.0},{"Player":"Kenan Karaman","Pos":"MF","Tkl":15.0,"TklW":6.0,"Past":6.0,"Press":162.0,"Succ":39.0,"Blocks":13.0,"Int":4.0},{"Player":"Florian Kath","Pos":"FW","Tkl":12.0,"TklW":8.0,"Past":8.0,"Press":193.0,"Succ":51.0,"Blocks":11.0,"Int":4.0},{"Player":"Thilo Kehrer","Pos":"DF","Tkl":74.0,"TklW":45.0,"Past":23.0,"Press":339.0,"Succ":115.0,"Blocks":63.0,"Int":29.0},{"Player":"Naby Keita","Pos":"MF","Tkl":49.0,"TklW":33.0,"Past":40.0,"Press":437.0,"Succ":137.0,"Blocks":24.0,"Int":22.0},{"Player":"Rani Khedira","Pos":"MF","Tkl":49.0,"TklW":31.0,"Past":16.0,"Press":438.0,"Succ":130.0,"Blocks":55.0,"Int":25.0},{"Player":"Joshua Kimmich","Pos":"DF","Tkl":29.0,"TklW":20.0,"Past":19.0,"Press":317.0,"Succ":113.0,"Blocks":36.0,"Int":17.0},{"Player":"Felix Klaus","Pos":"MF","Tkl":46.0,"TklW":28.0,"Past":37.0,"Press":478.0,"Succ":137.0,"Blocks":35.0,"Int":8.0},{"Player":"Tim Kleindienst","Pos":"FW","Tkl":22.0,"TklW":12.0,"Past":17.0,"Press":423.0,"Succ":100.0,"Blocks":19.0,"Int":4.0},{"Player":"Lukas Klostermann","Pos":"DF","Tkl":49.0,"TklW":27.0,"Past":20.0,"Press":332.0,"Succ":106.0,"Blocks":44.0,"Int":21.0},{"Player":"Lukas Klünter","Pos":"DF","Tkl":23.0,"TklW":12.0,"Past":11.0,"Press":204.0,"Succ":37.0,"Blocks":22.0,"Int":9.0},{"Player":"Robin Knoche","Pos":"DF","Tkl":26.0,"TklW":12.0,"Past":13.0,"Press":189.0,"Succ":62.0,"Blocks":39.0,"Int":17.0},{"Player":"Robin Koch","Pos":"MF","Tkl":35.0,"TklW":23.0,"Past":7.0,"Press":226.0,"Succ":84.0,"Blocks":37.0,"Int":25.0},{"Player":"Dominik Kohr","Pos":"MF","Tkl":36.0,"TklW":20.0,"Past":25.0,"Press":328.0,"Succ":100.0,"Blocks":38.0,"Int":17.0},{"Player":"Ibrahima Konaté","Pos":"DF","Tkl":28.0,"TklW":18.0,"Past":7.0,"Press":114.0,"Succ":48.0,"Blocks":19.0,"Int":15.0},{"Player":"Yevhen Konoplyanka","Pos":"FW","Tkl":7.0,"TklW":6.0,"Past":11.0,"Press":233.0,"Succ":68.0,"Blocks":14.0,"Int":1.0},{"Player":"Julian Korb","Pos":"DF","Tkl":38.0,"TklW":24.0,"Past":52.0,"Press":462.0,"Succ":116.0,"Blocks":41.0,"Int":17.0},{"Player":"Filip Kostic","Pos":"FW","Tkl":47.0,"TklW":23.0,"Past":25.0,"Press":500.0,"Succ":156.0,"Blocks":34.0,"Int":11.0},{"Player":"Andrej Kramaric","Pos":"FW","Tkl":5.0,"TklW":3.0,"Past":9.0,"Press":365.0,"Succ":76.0,"Blocks":15.0,"Int":8.0},{"Player":"Christoph Kramer","Pos":"MF","Tkl":82.0,"TklW":63.0,"Past":43.0,"Press":505.0,"Succ":141.0,"Blocks":40.0,"Int":21.0},{"Player":"Max Kruse","Pos":"FW","Tkl":19.0,"TklW":14.0,"Past":26.0,"Press":414.0,"Succ":115.0,"Blocks":10.0,"Int":9.0},{"Player":"Lukas Kübler","Pos":"DF","Tkl":28.0,"TklW":12.0,"Past":11.0,"Press":141.0,"Succ":39.0,"Blocks":19.0,"Int":11.0},{"Player":"Konrad Laimer","Pos":"DF","Tkl":53.0,"TklW":33.0,"Past":42.0,"Press":364.0,"Succ":116.0,"Blocks":41.0,"Int":7.0},{"Player":"Sebastian Langkamp","Pos":"DF","Tkl":3.0,"TklW":2.0,"Past":0.0,"Press":38.0,"Succ":11.0,"Blocks":10.0,"Int":6.0},{"Player":"Sebastian Langkamp","Pos":"DF","Tkl":15.0,"TklW":8.0,"Past":4.0,"Press":79.0,"Succ":21.0,"Blocks":14.0,"Int":19.0},{"Player":"Danny Latza","Pos":"MF","Tkl":51.0,"TklW":30.0,"Past":57.0,"Press":625.0,"Succ":172.0,"Blocks":49.0,"Int":29.0},{"Player":"Valentino Lazaro","Pos":"MF","Tkl":31.0,"TklW":24.0,"Past":30.0,"Press":538.0,"Succ":128.0,"Blocks":31.0,"Int":12.0},{"Player":"Mathew Leckie","Pos":"FW","Tkl":31.0,"TklW":25.0,"Past":18.0,"Press":484.0,"Succ":103.0,"Blocks":29.0,"Int":21.0},{"Player":"Matthias Lehmann","Pos":"MF","Tkl":30.0,"TklW":16.0,"Past":13.0,"Press":233.0,"Succ":67.0,"Blocks":20.0,"Int":12.0},{"Player":"Bernd Leno","Pos":"GK","Tkl":0.0,"TklW":0.0,"Past":3.0,"Press":2.0,"Succ":0.0,"Blocks":0.0,"Int":0.0},{"Player":"Robert Lewandowski","Pos":"FW","Tkl":4.0,"TklW":2.0,"Past":1.0,"Press":279.0,"Succ":93.0,"Blocks":11.0,"Int":6.0},{"Player":"Fabian Lustenberger","Pos":"MF","Tkl":47.0,"TklW":25.0,"Past":13.0,"Press":300.0,"Succ":94.0,"Blocks":40.0,"Int":23.0},{"Player":"Arne Maier","Pos":"MF","Tkl":29.0,"TklW":18.0,"Past":16.0,"Press":469.0,"Succ":129.0,"Blocks":30.0,"Int":13.0},{"Player":"Yunus Malli","Pos":"FW","Tkl":22.0,"TklW":14.0,"Past":23.0,"Press":369.0,"Succ":90.0,"Blocks":20.0,"Int":11.0},{"Player":"Orel Mangala","Pos":"MF","Tkl":24.0,"TklW":15.0,"Past":9.0,"Press":175.0,"Succ":55.0,"Blocks":10.0,"Int":10.0},{"Player":"Javi Martínez","Pos":"MF","Tkl":23.0,"TklW":14.0,"Past":16.0,"Press":278.0,"Succ":87.0,"Blocks":22.0,"Int":26.0},{"Player":"Christian Mathenia","Pos":"GK","Tkl":0.0,"TklW":0.0,"Past":3.0,"Press":6.0,"Succ":0.0,"Blocks":0.0,"Int":0.0},{"Player":"Mergim Mavraj","Pos":"DF","Tkl":35.0,"TklW":19.0,"Past":21.0,"Press":168.0,"Succ":47.0,"Blocks":35.0,"Int":13.0},{"Player":"Philipp Max","Pos":"DF","Tkl":58.0,"TklW":31.0,"Past":38.0,"Press":411.0,"Succ":116.0,"Blocks":30.0,"Int":19.0},{"Player":"Alexandru Maxim","Pos":"MF","Tkl":15.0,"TklW":10.0,"Past":17.0,"Press":194.0,"Succ":59.0,"Blocks":19.0,"Int":3.0},{"Player":"Weston McKennie","Pos":"MF","Tkl":28.0,"TklW":20.0,"Past":18.0,"Press":370.0,"Succ":123.0,"Blocks":19.0,"Int":15.0},{"Player":"Admir Mehmedi","Pos":"DF","Tkl":14.0,"TklW":9.0,"Past":9.0,"Press":125.0,"Succ":29.0,"Blocks":20.0,"Int":10.0},{"Player":"Admir Mehmedi","Pos":"FW","Tkl":3.0,"TklW":1.0,"Past":0.0,"Press":54.0,"Succ":18.0,"Blocks":2.0,"Int":0.0},{"Player":"Jorge Meré","Pos":"DF","Tkl":26.0,"TklW":17.0,"Past":13.0,"Press":163.0,"Succ":56.0,"Blocks":45.0,"Int":23.0},{"Player":"Max Meyer","Pos":"MF","Tkl":38.0,"TklW":25.0,"Past":33.0,"Press":278.0,"Succ":83.0,"Blocks":33.0,"Int":33.0},{"Player":"Niklas Moisander","Pos":"DF","Tkl":41.0,"TklW":32.0,"Past":17.0,"Press":223.0,"Succ":72.0,"Blocks":31.0,"Int":27.0},{"Player":"Jan Morávek","Pos":"MF","Tkl":42.0,"TklW":35.0,"Past":18.0,"Press":200.0,"Succ":64.0,"Blocks":20.0,"Int":9.0},{"Player":"Thomas Müller","Pos":"FW","Tkl":35.0,"TklW":25.0,"Past":16.0,"Press":400.0,"Succ":125.0,"Blocks":20.0,"Int":7.0},{"Player":"Yoshinori Muto","Pos":"FW","Tkl":17.0,"TklW":14.0,"Past":12.0,"Press":506.0,"Succ":122.0,"Blocks":17.0,"Int":4.0},{"Player":"Naldo","Pos":"DF","Tkl":56.0,"TklW":33.0,"Past":15.0,"Press":199.0,"Succ":71.0,"Blocks":57.0,"Int":33.0},{"Player":"Matija Nastasic","Pos":"DF","Tkl":43.0,"TklW":29.0,"Past":11.0,"Press":191.0,"Succ":69.0,"Blocks":39.0,"Int":20.0},{"Player":"Håvard Nordtveit","Pos":"DF","Tkl":16.0,"TklW":11.0,"Past":8.0,"Press":135.0,"Succ":39.0,"Blocks":21.0,"Int":9.0},{"Player":"Bastian Oczipka","Pos":"DF","Tkl":56.0,"TklW":29.0,"Past":13.0,"Press":337.0,"Succ":113.0,"Blocks":48.0,"Int":21.0},{"Player":"Daniel Opare","Pos":"DF","Tkl":28.0,"TklW":20.0,"Past":8.0,"Press":173.0,"Succ":56.0,"Blocks":25.0,"Int":23.0},{"Player":"Willi Orban","Pos":"DF","Tkl":44.0,"TklW":30.0,"Past":22.0,"Press":183.0,"Succ":71.0,"Blocks":58.0,"Int":10.0},{"Player":"Divock Origi","Pos":"FW","Tkl":6.0,"TklW":2.0,"Past":8.0,"Press":425.0,"Succ":93.0,"Blocks":10.0,"Int":2.0},{"Player":"Yuya Osako","Pos":"FW","Tkl":11.0,"TklW":8.0,"Past":10.0,"Press":371.0,"Succ":102.0,"Blocks":13.0,"Int":8.0},{"Player":"Matthias Ostrzolek","Pos":"DF","Tkl":60.0,"TklW":31.0,"Past":27.0,"Press":367.0,"Succ":117.0,"Blocks":52.0,"Int":19.0},{"Player":"Berkay Özcan","Pos":"MF","Tkl":13.0,"TklW":9.0,"Past":5.0,"Press":256.0,"Succ":70.0,"Blocks":14.0,"Int":3.0},{"Player":"Salih Özcan","Pos":"MF","Tkl":53.0,"TklW":38.0,"Past":33.0,"Press":527.0,"Succ":150.0,"Blocks":34.0,"Int":16.0},{"Player":"Levin Öztunali","Pos":"FW","Tkl":23.0,"TklW":14.0,"Past":9.0,"Press":331.0,"Succ":88.0,"Blocks":28.0,"Int":4.0},{"Player":"Kyriakos Papadopoulos","Pos":"DF","Tkl":58.0,"TklW":38.0,"Past":43.0,"Press":259.0,"Succ":88.0,"Blocks":64.0,"Int":30.0},{"Player":"Sokratis","Pos":"DF","Tkl":54.0,"TklW":32.0,"Past":12.0,"Press":252.0,"Succ":89.0,"Blocks":45.0,"Int":25.0},{"Player":"Benjamin Pavard","Pos":"DF","Tkl":52.0,"TklW":29.0,"Past":17.0,"Press":402.0,"Succ":139.0,"Blocks":77.0,"Int":46.0},{"Player":"Jiri Pavlenka","Pos":"GK","Tkl":0.0,"TklW":0.0,"Past":0.0,"Press":1.0,"Succ":0.0,"Blocks":2.0,"Int":0.0},{"Player":"Peter Pekarík","Pos":"DF","Tkl":38.0,"TklW":16.0,"Past":12.0,"Press":229.0,"Succ":71.0,"Blocks":35.0,"Int":15.0},{"Player":"Nils Petersen","Pos":"FW","Tkl":26.0,"TklW":16.0,"Past":16.0,"Press":626.0,"Succ":145.0,"Blocks":24.0,"Int":15.0},{"Player":"Maximilian Philipp","Pos":"FW","Tkl":18.0,"TklW":15.0,"Past":13.0,"Press":193.0,"Succ":61.0,"Blocks":10.0,"Int":6.0},{"Player":"Lukasz Piszczek","Pos":"DF","Tkl":42.0,"TklW":24.0,"Past":26.0,"Press":308.0,"Succ":99.0,"Blocks":45.0,"Int":29.0},{"Player":"Claudio Pizarro","Pos":"FW","Tkl":9.0,"TklW":8.0,"Past":1.0,"Press":69.0,"Succ":20.0,"Blocks":6.0,"Int":2.0},{"Player":"Marvin Plattenhardt","Pos":"DF","Tkl":59.0,"TklW":32.0,"Past":20.0,"Press":362.0,"Succ":119.0,"Blocks":51.0,"Int":19.0},{"Player":"Yussuf Poulsen","Pos":"FW","Tkl":17.0,"TklW":9.0,"Past":16.0,"Press":523.0,"Succ":153.0,"Blocks":31.0,"Int":5.0},{"Player":"Christian Pulisic","Pos":"FW","Tkl":36.0,"TklW":15.0,"Past":24.0,"Press":431.0,"Succ":124.0,"Blocks":29.0,"Int":15.0},{"Player":"Robin Quaison","Pos":"FW","Tkl":17.0,"TklW":10.0,"Past":7.0,"Press":363.0,"Succ":92.0,"Blocks":23.0,"Int":3.0},{"Player":"Raffael","Pos":"FW","Tkl":30.0,"TklW":21.0,"Past":22.0,"Press":489.0,"Succ":107.0,"Blocks":17.0,"Int":8.0},{"Player":"Rafinha","Pos":"DF","Tkl":34.0,"TklW":20.0,"Past":19.0,"Press":205.0,"Succ":74.0,"Blocks":27.0,"Int":21.0},{"Player":"Ante Rebic","Pos":"FW","Tkl":34.0,"TklW":25.0,"Past":31.0,"Press":470.0,"Succ":148.0,"Blocks":29.0,"Int":4.0},{"Player":"Karim Rekik","Pos":"DF","Tkl":30.0,"TklW":17.0,"Past":6.0,"Press":177.0,"Succ":56.0,"Blocks":35.0,"Int":22.0},{"Player":"Panagiotis Retsos","Pos":"DF","Tkl":48.0,"TklW":33.0,"Past":20.0,"Press":256.0,"Succ":83.0,"Blocks":35.0,"Int":15.0},{"Player":"Marco Russ","Pos":"MF","Tkl":19.0,"TklW":13.0,"Past":8.0,"Press":169.0,"Succ":57.0,"Blocks":16.0,"Int":5.0},{"Player":"Franck Ribéry","Pos":"FW","Tkl":13.0,"TklW":10.0,"Past":11.0,"Press":231.0,"Succ":65.0,"Blocks":15.0,"Int":9.0},{"Player":"Marcel Risse","Pos":"DF","Tkl":20.0,"TklW":10.0,"Past":17.0,"Press":178.0,"Succ":39.0,"Blocks":23.0,"Int":14.0},{"Player":"Arjen Robben","Pos":"FW","Tkl":10.0,"TklW":6.0,"Past":9.0,"Press":176.0,"Succ":56.0,"Blocks":12.0,"Int":4.0},{"Player":"James Rodríguez","Pos":"MF","Tkl":33.0,"TklW":22.0,"Past":20.0,"Press":323.0,"Succ":99.0,"Blocks":19.0,"Int":12.0},{"Player":"Sebastian Rudy","Pos":"MF","Tkl":42.0,"TklW":27.0,"Past":27.0,"Press":299.0,"Succ":109.0,"Blocks":22.0,"Int":22.0},{"Player":"Lukas Rupp","Pos":"MF","Tkl":36.0,"TklW":22.0,"Past":20.0,"Press":314.0,"Succ":75.0,"Blocks":22.0,"Int":16.0},{"Player":"Marco Russ","Pos":"DF","Tkl":16.0,"TklW":11.0,"Past":10.0,"Press":89.0,"Succ":29.0,"Blocks":25.0,"Int":19.0},{"Player":"Marcel Sabitzer","Pos":"MF","Tkl":30.0,"TklW":20.0,"Past":32.0,"Press":298.0,"Succ":99.0,"Blocks":36.0,"Int":17.0},{"Player":"Nuri Sahin","Pos":"MF","Tkl":34.0,"TklW":30.0,"Past":30.0,"Press":208.0,"Succ":76.0,"Blocks":16.0,"Int":9.0},{"Player":"Gotoku Sakai","Pos":"DF","Tkl":48.0,"TklW":35.0,"Past":30.0,"Press":460.0,"Succ":141.0,"Blocks":48.0,"Int":31.0},{"Player":"Carlos Salcedo","Pos":"DF","Tkl":28.0,"TklW":19.0,"Past":10.0,"Press":201.0,"Succ":59.0,"Blocks":39.0,"Int":15.0},{"Player":"Salif Sané","Pos":"DF","Tkl":53.0,"TklW":35.0,"Past":33.0,"Press":283.0,"Succ":93.0,"Blocks":65.0,"Int":31.0},{"Player":"Douglas Santos","Pos":"DF","Tkl":89.0,"TklW":51.0,"Past":43.0,"Press":482.0,"Succ":162.0,"Blocks":77.0,"Int":33.0},{"Player":"Marcel Schmelzer","Pos":"DF","Tkl":29.0,"TklW":25.0,"Past":21.0,"Press":245.0,"Succ":91.0,"Blocks":41.0,"Int":26.0},{"Player":"Jonathan Schmid","Pos":"DF","Tkl":26.0,"TklW":14.0,"Past":10.0,"Press":244.0,"Succ":55.0,"Blocks":29.0,"Int":7.0},{"Player":"Alessandro Schöpf","Pos":"DF","Tkl":28.0,"TklW":19.0,"Past":15.0,"Press":255.0,"Succ":80.0,"Blocks":18.0,"Int":10.0},{"Player":"Nico Schulz","Pos":"DF","Tkl":36.0,"TklW":23.0,"Past":15.0,"Press":318.0,"Succ":108.0,"Blocks":36.0,"Int":13.0},{"Player":"André Schürrle","Pos":"FW","Tkl":18.0,"TklW":11.0,"Past":20.0,"Press":201.0,"Succ":63.0,"Blocks":13.0,"Int":9.0},{"Player":"Julian Schuster","Pos":"DF","Tkl":15.0,"TklW":9.0,"Past":5.0,"Press":119.0,"Succ":34.0,"Blocks":24.0,"Int":10.0},{"Player":"Pirmin Schwegler","Pos":"MF","Tkl":72.0,"TklW":45.0,"Past":41.0,"Press":428.0,"Succ":134.0,"Blocks":32.0,"Int":36.0},{"Player":"Alexander Schwolow","Pos":"GK","Tkl":0.0,"TklW":0.0,"Past":1.0,"Press":4.0,"Succ":1.0,"Blocks":1.0,"Int":0.0},{"Player":"Davie Selke","Pos":"FW","Tkl":10.0,"TklW":7.0,"Past":7.0,"Press":418.0,"Succ":89.0,"Blocks":22.0,"Int":5.0},{"Player":"Suat Serdar","Pos":"MF","Tkl":58.0,"TklW":35.0,"Past":41.0,"Press":485.0,"Succ":126.0,"Blocks":38.0,"Int":20.0},{"Player":"Yann Sommer","Pos":"GK","Tkl":0.0,"TklW":0.0,"Past":0.0,"Press":2.0,"Succ":0.0,"Blocks":0.0,"Int":0.0},{"Player":"Oliver Sorg","Pos":"DF","Tkl":56.0,"TklW":28.0,"Past":42.0,"Press":275.0,"Succ":68.0,"Blocks":30.0,"Int":30.0},{"Player":"Caglar Söyüncü","Pos":"DF","Tkl":42.0,"TklW":22.0,"Past":18.0,"Press":252.0,"Succ":84.0,"Blocks":41.0,"Int":35.0},{"Player":"Benjamin Stambouli","Pos":"DF","Tkl":91.0,"TklW":53.0,"Past":35.0,"Press":345.0,"Succ":121.0,"Blocks":47.0,"Int":36.0},{"Player":"Niklas Stark","Pos":"DF","Tkl":42.0,"TklW":23.0,"Past":12.0,"Press":304.0,"Succ":92.0,"Blocks":47.0,"Int":21.0},{"Player":"Renato Steffen","Pos":"FW","Tkl":10.0,"TklW":6.0,"Past":5.0,"Press":151.0,"Succ":30.0,"Blocks":8.0,"Int":1.0},{"Player":"Pascal Stenzel","Pos":"DF","Tkl":57.0,"TklW":38.0,"Past":33.0,"Press":433.0,"Succ":122.0,"Blocks":30.0,"Int":20.0},{"Player":"Lars Stindl","Pos":"FW","Tkl":46.0,"TklW":39.0,"Past":26.0,"Press":727.0,"Succ":180.0,"Blocks":44.0,"Int":22.0},{"Player":"Niklas Süle","Pos":"DF","Tkl":36.0,"TklW":19.0,"Past":13.0,"Press":210.0,"Succ":77.0,"Blocks":28.0,"Int":20.0},{"Player":"Ádám Szalai","Pos":"FW","Tkl":9.0,"TklW":6.0,"Past":8.0,"Press":153.0,"Succ":49.0,"Blocks":10.0,"Int":0.0},{"Player":"Frederik Sörensen","Pos":"DF","Tkl":51.0,"TklW":33.0,"Past":21.0,"Press":285.0,"Succ":105.0,"Blocks":45.0,"Int":25.0},{"Player":"Jonathan Tah","Pos":"DF","Tkl":38.0,"TklW":21.0,"Past":12.0,"Press":153.0,"Succ":59.0,"Blocks":27.0,"Int":16.0},{"Player":"Simon Terodde","Pos":"FW","Tkl":4.0,"TklW":3.0,"Past":3.0,"Press":203.0,"Succ":49.0,"Blocks":10.0,"Int":1.0},{"Player":"Simon Terodde","Pos":"FW","Tkl":11.0,"TklW":6.0,"Past":7.0,"Press":205.0,"Succ":61.0,"Blocks":5.0,"Int":4.0},{"Player":"Marco Terrazzino","Pos":"MF","Tkl":22.0,"TklW":15.0,"Past":19.0,"Press":369.0,"Succ":83.0,"Blocks":25.0,"Int":12.0},{"Player":"Erik Thommy","Pos":"FW","Tkl":7.0,"TklW":3.0,"Past":4.0,"Press":56.0,"Succ":12.0,"Blocks":4.0,"Int":3.0},{"Player":"Erik Thommy","Pos":"MF","Tkl":17.0,"TklW":12.0,"Past":12.0,"Press":223.0,"Succ":65.0,"Blocks":24.0,"Int":3.0},{"Player":"Marcel Tisserand","Pos":"DF","Tkl":9.0,"TklW":3.0,"Past":8.0,"Press":119.0,"Succ":41.0,"Blocks":31.0,"Int":20.0},{"Player":"Corentin Tolisso","Pos":"MF","Tkl":28.0,"TklW":15.0,"Past":19.0,"Press":271.0,"Succ":94.0,"Blocks":21.0,"Int":13.0},{"Player":"Jeremy Toljan","Pos":"DF","Tkl":1.0,"TklW":1.0,"Past":1.0,"Press":41.0,"Succ":18.0,"Blocks":6.0,"Int":1.0},{"Player":"Jeremy Toljan","Pos":"DF","Tkl":26.0,"TklW":16.0,"Past":18.0,"Press":190.0,"Succ":67.0,"Blocks":34.0,"Int":9.0},{"Player":"Ömer Toprak","Pos":"DF","Tkl":37.0,"TklW":27.0,"Past":8.0,"Press":172.0,"Succ":74.0,"Blocks":33.0,"Int":16.0},{"Player":"Philipp Tschauner","Pos":"GK","Tkl":0.0,"TklW":0.0,"Past":2.0,"Press":3.0,"Succ":1.0,"Blocks":2.0,"Int":0.0},{"Player":"Sven Ulreich","Pos":"GK","Tkl":0.0,"TklW":0.0,"Past":0.0,"Press":4.0,"Succ":1.0,"Blocks":0.0,"Int":0.0},{"Player":"Mark Uth","Pos":"FW","Tkl":25.0,"TklW":15.0,"Past":20.0,"Press":543.0,"Succ":143.0,"Blocks":27.0,"Int":10.0},{"Player":"Milos Veljkovic","Pos":"DF","Tkl":45.0,"TklW":26.0,"Past":32.0,"Press":279.0,"Succ":98.0,"Blocks":42.0,"Int":16.0},{"Player":"Paul Verhaegh","Pos":"DF","Tkl":30.0,"TklW":14.0,"Past":16.0,"Press":291.0,"Succ":84.0,"Blocks":58.0,"Int":21.0},{"Player":"Jannik Vestergaard","Pos":"DF","Tkl":52.0,"TklW":29.0,"Past":18.0,"Press":201.0,"Succ":66.0,"Blocks":58.0,"Int":17.0},{"Player":"Arturo Vidal","Pos":"MF","Tkl":51.0,"TklW":36.0,"Past":43.0,"Press":396.0,"Succ":150.0,"Blocks":34.0,"Int":15.0},{"Player":"Kevin Vogt","Pos":"DF","Tkl":31.0,"TklW":20.0,"Past":18.0,"Press":266.0,"Succ":110.0,"Blocks":46.0,"Int":14.0},{"Player":"Kevin Volland","Pos":"FW","Tkl":24.0,"TklW":16.0,"Past":16.0,"Press":565.0,"Succ":181.0,"Blocks":15.0,"Int":5.0},{"Player":"Sandro Wagner","Pos":"FW","Tkl":5.0,"TklW":5.0,"Past":1.0,"Press":154.0,"Succ":53.0,"Blocks":6.0,"Int":1.0},{"Player":"Sandro Wagner","Pos":"FW","Tkl":6.0,"TklW":5.0,"Past":5.0,"Press":155.0,"Succ":30.0,"Blocks":10.0,"Int":2.0},{"Player":"Walace","Pos":"MF","Tkl":25.0,"TklW":18.0,"Past":30.0,"Press":257.0,"Succ":81.0,"Blocks":31.0,"Int":9.0},{"Player":"Gian-Luca Waldschmidt","Pos":"MF","Tkl":5.0,"TklW":4.0,"Past":10.0,"Press":165.0,"Succ":51.0,"Blocks":11.0,"Int":3.0},{"Player":"Julian Weigl","Pos":"MF","Tkl":56.0,"TklW":36.0,"Past":31.0,"Press":393.0,"Succ":110.0,"Blocks":31.0,"Int":24.0},{"Player":"Mitchell Weiser","Pos":"DF","Tkl":40.0,"TklW":26.0,"Past":24.0,"Press":444.0,"Succ":128.0,"Blocks":35.0,"Int":30.0},{"Player":"Wendell","Pos":"DF","Tkl":43.0,"TklW":25.0,"Past":35.0,"Press":293.0,"Succ":98.0,"Blocks":49.0,"Int":20.0},{"Player":"Oscar Wendt","Pos":"DF","Tkl":41.0,"TklW":21.0,"Past":17.0,"Press":373.0,"Succ":100.0,"Blocks":64.0,"Int":19.0},{"Player":"Timo Werner","Pos":"FW","Tkl":20.0,"TklW":13.0,"Past":24.0,"Press":414.0,"Succ":119.0,"Blocks":28.0,"Int":10.0},{"Player":"Jetro Willems","Pos":"DF","Tkl":52.0,"TklW":38.0,"Past":26.0,"Press":353.0,"Succ":127.0,"Blocks":37.0,"Int":9.0},{"Player":"William","Pos":"DF","Tkl":64.0,"TklW":35.0,"Past":48.0,"Press":388.0,"Succ":120.0,"Blocks":65.0,"Int":34.0},{"Player":"Marius Wolf","Pos":"MF","Tkl":40.0,"TklW":27.0,"Past":39.0,"Press":661.0,"Succ":201.0,"Blocks":55.0,"Int":17.0},{"Player":"Bobby Wood","Pos":"FW","Tkl":10.0,"TklW":5.0,"Past":6.0,"Press":346.0,"Succ":122.0,"Blocks":6.0,"Int":0.0},{"Player":"Andriy Yarmolenko","Pos":"FW","Tkl":13.0,"TklW":6.0,"Past":11.0,"Press":169.0,"Succ":46.0,"Blocks":5.0,"Int":7.0},{"Player":"Denis Zakaria","Pos":"MF","Tkl":75.0,"TklW":46.0,"Past":30.0,"Press":477.0,"Succ":142.0,"Blocks":50.0,"Int":41.0},{"Player":"Robin Zentner","Pos":"GK","Tkl":0.0,"TklW":0.0,"Past":4.0,"Press":4.0,"Succ":1.0,"Blocks":0.0,"Int":0.0},{"Player":"Ron-Robert Zieler","Pos":"GK","Tkl":0.0,"TklW":0.0,"Past":0.0,"Press":6.0,"Succ":0.0,"Blocks":0.0,"Int":0.0},{"Player":"Simon Zoller","Pos":"MF","Tkl":7.0,"TklW":4.0,"Past":6.0,"Press":202.0,"Succ":47.0,"Blocks":7.0,"Int":8.0},{"Player":"Steven Zuber","Pos":"DF","Tkl":25.0,"TklW":15.0,"Past":28.0,"Press":249.0,"Succ":68.0,"Blocks":35.0,"Int":17.0},{"Player":"Robert Žulj","Pos":"MF,DF","Tkl":"2","TklW":"1","Past":"1","Press":"37","Succ":"12","Blocks":"2","Int":"0"}]