[{"Player":"Patrick van Aanholt","Pos":"DF","Tkl":51.0,"TklW":34.0,"Past":26.0,"Press":377.0,"Succ":116.0,"Blocks":58.0,"Int":51.0},{"Player":"Sergio Agüero","Pos":"FW","Tkl":17.0,"TklW":14.0,"Past":7.0,"Press":436.0,"Succ":116.0,"Blocks":19.0,"Int":11.0},{"Player":"Nathan Aké","Pos":"DF","Tkl":63.0,"TklW":41.0,"Past":18.0,"Press":396.0,"Succ":121.0,"Blocks":74.0,"Int":46.0},{"Player":"Marc Albrighton","Pos":"FW","Tkl":38.0,"TklW":21.0,"Past":33.0,"Press":388.0,"Succ":104.0,"Blocks":30.0,"Int":23.0},{"Player":"Toby Alderweireld","Pos":"DF","Tkl":41.0,"TklW":21.0,"Past":20.0,"Press":214.0,"Succ":71.0,"Blocks":52.0,"Int":35.0},{"Player":"Trent Alexander-Arnold","Pos":"DF","Tkl":58.0,"TklW":28.0,"Past":47.0,"Press":359.0,"Succ":116.0,"Blocks":33.0,"Int":44.0},{"Player":"Alisson","Pos":"GK","Tkl":0.0,"TklW":0.0,"Past":2.0,"Press":3.0,"Succ":0.0,"Blocks":0.0,"Int":0.0},{"Player":"Dele Alli","Pos":"MF","Tkl":31.0,"TklW":21.0,"Past":22.0,"Press":419.0,"Succ":123.0,"Blocks":38.0,"Int":19.0},{"Player":"Marcos Alonso","Pos":"DF","Tkl":69.0,"TklW":39.0,"Past":33.0,"Press":481.0,"Succ":135.0,"Blocks":61.0,"Int":41.0},{"Player":"Felipe Anderson","Pos":"MF","Tkl":80.0,"TklW":48.0,"Past":81.0,"Press":706.0,"Succ":182.0,"Blocks":63.0,"Int":54.0},{"Player":"Florin Andone","Pos":"FW","Tkl":13.0,"TklW":10.0,"Past":7.0,"Press":232.0,"Succ":51.0,"Blocks":10.0,"Int":1.0},{"Player":"Michail Antonio","Pos":"FW","Tkl":33.0,"TklW":23.0,"Past":9.0,"Press":384.0,"Succ":85.0,"Blocks":52.0,"Int":18.0},{"Player":"Stuart Armstrong","Pos":"MF","Tkl":34.0,"TklW":14.0,"Past":39.0,"Press":411.0,"Succ":107.0,"Blocks":19.0,"Int":18.0},{"Player":"Marko Arnautovic","Pos":"FW","Tkl":13.0,"TklW":8.0,"Past":10.0,"Press":302.0,"Succ":69.0,"Blocks":13.0,"Int":2.0},{"Player":"Kepa","Pos":"GK","Tkl":0.0,"TklW":0.0,"Past":1.0,"Press":2.0,"Succ":0.0,"Blocks":0.0,"Int":0.0},{"Player":"Harry Arter","Pos":"MF","Tkl":59.0,"TklW":42.0,"Past":34.0,"Press":710.0,"Succ":174.0,"Blocks":29.0,"Int":31.0},{"Player":"Christian Atsu","Pos":"MF","Tkl":26.0,"TklW":14.0,"Past":17.0,"Press":384.0,"Succ":91.0,"Blocks":17.0,"Int":9.0},{"Player":"Pierre-Emerick Aubameyang","Pos":"FW","Tkl":24.0,"TklW":14.0,"Past":30.0,"Press":533.0,"Succ":151.0,"Blocks":36.0,"Int":8.0},{"Player":"Charlie Austin","Pos":"FW","Tkl":10.0,"TklW":6.0,"Past":4.0,"Press":223.0,"Succ":49.0,"Blocks":13.0,"Int":2.0},{"Player":"Jordan Ayew","Pos":"FW","Tkl":42.0,"TklW":27.0,"Past":14.0,"Press":499.0,"Succ":127.0,"Blocks":19.0,"Int":8.0},{"Player":"Floyd Ayité","Pos":"FW","Tkl":9.0,"TklW":6.0,"Past":4.0,"Press":90.0,"Succ":19.0,"Blocks":12.0,"Int":6.0},{"Player":"César Azpilicueta","Pos":"DF","Tkl":105.0,"TklW":62.0,"Past":38.0,"Press":610.0,"Succ":171.0,"Blocks":82.0,"Int":45.0},{"Player":"Ryan Babel","Pos":"FW","Tkl":10.0,"TklW":7.0,"Past":5.0,"Press":219.0,"Succ":56.0,"Blocks":18.0,"Int":11.0},{"Player":"Juninho Bacuna","Pos":"MF","Tkl":40.0,"TklW":25.0,"Past":40.0,"Press":401.0,"Succ":103.0,"Blocks":32.0,"Int":29.0},{"Player":"Fabián Balbuena","Pos":"DF","Tkl":49.0,"TklW":33.0,"Past":32.0,"Press":213.0,"Succ":72.0,"Blocks":38.0,"Int":46.0},{"Player":"Sol Bamba","Pos":"DF","Tkl":77.0,"TklW":33.0,"Past":30.0,"Press":375.0,"Succ":118.0,"Blocks":83.0,"Int":90.0},{"Player":"Phil Bardsley","Pos":"DF","Tkl":37.0,"TklW":17.0,"Past":17.0,"Press":221.0,"Succ":58.0,"Blocks":30.0,"Int":30.0},{"Player":"Ross Barkley","Pos":"MF","Tkl":13.0,"TklW":12.0,"Past":15.0,"Press":233.0,"Succ":64.0,"Blocks":14.0,"Int":13.0},{"Player":"Ashley Barnes","Pos":"FW","Tkl":32.0,"TklW":18.0,"Past":29.0,"Press":660.0,"Succ":161.0,"Blocks":28.0,"Int":6.0},{"Player":"Harvey Barnes","Pos":"FW","Tkl":9.0,"TklW":4.0,"Past":7.0,"Press":159.0,"Succ":42.0,"Blocks":10.0,"Int":1.0},{"Player":"Jan Bednarek","Pos":"DF","Tkl":41.0,"TklW":25.0,"Past":24.0,"Press":260.0,"Succ":66.0,"Blocks":56.0,"Int":60.0},{"Player":"Asmir Begovic","Pos":"GK","Tkl":0.0,"TklW":0.0,"Past":4.0,"Press":2.0,"Succ":0.0,"Blocks":0.0,"Int":2.0},{"Player":"Héctor Bellerín","Pos":"DF","Tkl":14.0,"TklW":9.0,"Past":15.0,"Press":165.0,"Succ":53.0,"Blocks":36.0,"Int":15.0},{"Player":"Joe Bennett","Pos":"DF","Tkl":55.0,"TklW":30.0,"Past":23.0,"Press":436.0,"Succ":126.0,"Blocks":65.0,"Int":45.0},{"Player":"Ryan Bennett","Pos":"DF","Tkl":71.0,"TklW":40.0,"Past":11.0,"Press":316.0,"Succ":89.0,"Blocks":68.0,"Int":37.0},{"Player":"Christian Benteke","Pos":"FW","Tkl":5.0,"TklW":4.0,"Past":2.0,"Press":123.0,"Succ":26.0,"Blocks":6.0,"Int":1.0},{"Player":"Johann Berg Gudmundsson","Pos":"MF","Tkl":23.0,"TklW":14.0,"Past":18.0,"Press":314.0,"Succ":78.0,"Blocks":36.0,"Int":34.0},{"Player":"Bernard","Pos":"FW","Tkl":52.0,"TklW":36.0,"Past":43.0,"Press":489.0,"Succ":129.0,"Blocks":51.0,"Int":33.0},{"Player":"Bernardo","Pos":"DF","Tkl":66.0,"TklW":39.0,"Past":16.0,"Press":265.0,"Succ":97.0,"Blocks":50.0,"Int":43.0},{"Player":"Ryan Bertrand","Pos":"DF","Tkl":44.0,"TklW":22.0,"Past":20.0,"Press":310.0,"Succ":100.0,"Blocks":37.0,"Int":28.0},{"Player":"Philip Billing","Pos":"MF","Tkl":73.0,"TklW":45.0,"Past":36.0,"Press":635.0,"Succ":193.0,"Blocks":56.0,"Int":66.0},{"Player":"Yves Bissouma","Pos":"MF","Tkl":61.0,"TklW":40.0,"Past":24.0,"Press":515.0,"Succ":122.0,"Blocks":38.0,"Int":21.0},{"Player":"Willy Boly","Pos":"DF","Tkl":89.0,"TklW":49.0,"Past":33.0,"Press":321.0,"Succ":121.0,"Blocks":73.0,"Int":58.0},{"Player":"Gaëtan Bong","Pos":"DF","Tkl":23.0,"TklW":14.0,"Past":8.0,"Press":220.0,"Succ":70.0,"Blocks":44.0,"Int":23.0},{"Player":"Robbie Brady","Pos":"MF","Tkl":15.0,"TklW":10.0,"Past":8.0,"Press":184.0,"Succ":38.0,"Blocks":19.0,"Int":10.0},{"Player":"David Brooks","Pos":"MF","Tkl":40.0,"TklW":26.0,"Past":36.0,"Press":574.0,"Succ":129.0,"Blocks":40.0,"Int":23.0},{"Player":"Bernardo","Pos":"DF","Tkl":26.0,"TklW":18.0,"Past":4.0,"Press":100.0,"Succ":29.0,"Blocks":10.0,"Int":12.0},{"Player":"Joe Bryan","Pos":"DF","Tkl":67.0,"TklW":37.0,"Past":28.0,"Press":367.0,"Succ":99.0,"Blocks":46.0,"Int":42.0},{"Player":"Tom Cairney","Pos":"MF","Tkl":40.0,"TklW":31.0,"Past":9.0,"Press":360.0,"Succ":98.0,"Blocks":24.0,"Int":17.0},{"Player":"Dominic Calvert-Lewin","Pos":"FW","Tkl":15.0,"TklW":9.0,"Past":11.0,"Press":381.0,"Succ":115.0,"Blocks":27.0,"Int":12.0},{"Player":"Víctor Camarasa","Pos":"MF","Tkl":28.0,"TklW":16.0,"Past":30.0,"Press":536.0,"Succ":132.0,"Blocks":32.0,"Int":35.0},{"Player":"Etienne Capoue","Pos":"MF","Tkl":98.0,"TklW":73.0,"Past":61.0,"Press":728.0,"Succ":215.0,"Blocks":60.0,"Int":73.0},{"Player":"Jonny","Pos":"DF","Tkl":75.0,"TklW":41.0,"Past":40.0,"Press":557.0,"Succ":173.0,"Blocks":58.0,"Int":59.0},{"Player":"Craig Cathcart","Pos":"DF","Tkl":54.0,"TklW":34.0,"Past":22.0,"Press":297.0,"Succ":104.0,"Blocks":61.0,"Int":39.0},{"Player":"Ivan Cavaleiro","Pos":"FW","Tkl":10.0,"TklW":4.0,"Past":8.0,"Press":175.0,"Succ":47.0,"Blocks":12.0,"Int":4.0},{"Player":"Calum Chambers","Pos":"MF","Tkl":58.0,"TklW":46.0,"Past":37.0,"Press":604.0,"Succ":175.0,"Blocks":66.0,"Int":63.0},{"Player":"Ben Chilwell","Pos":"DF","Tkl":56.0,"TklW":34.0,"Past":37.0,"Press":575.0,"Succ":158.0,"Blocks":74.0,"Int":42.0},{"Player":"Cyrus Christie","Pos":"DF","Tkl":46.0,"TklW":24.0,"Past":30.0,"Press":383.0,"Succ":88.0,"Blocks":42.0,"Int":36.0},{"Player":"Nathaniel Clyne","Pos":"DF","Tkl":5.0,"TklW":1.0,"Past":3.0,"Press":18.0,"Succ":6.0,"Blocks":1.0,"Int":1.0},{"Player":"Nathaniel Clyne","Pos":"DF","Tkl":32.0,"TklW":14.0,"Past":13.0,"Press":202.0,"Succ":57.0,"Blocks":18.0,"Int":16.0},{"Player":"Conor Coady","Pos":"DF","Tkl":37.0,"TklW":19.0,"Past":19.0,"Press":191.0,"Succ":55.0,"Blocks":50.0,"Int":36.0},{"Player":"Seamus Coleman","Pos":"DF","Tkl":53.0,"TklW":34.0,"Past":18.0,"Press":280.0,"Succ":84.0,"Blocks":39.0,"Int":43.0},{"Player":"Steve Cook","Pos":"DF","Tkl":42.0,"TklW":26.0,"Past":8.0,"Press":215.0,"Succ":72.0,"Blocks":49.0,"Int":48.0},{"Player":"Jack Cork","Pos":"MF","Tkl":45.0,"TklW":27.0,"Past":43.0,"Press":677.0,"Succ":158.0,"Blocks":52.0,"Int":35.0},{"Player":"Hélder Costa","Pos":"FW","Tkl":17.0,"TklW":14.0,"Past":18.0,"Press":340.0,"Succ":61.0,"Blocks":15.0,"Int":9.0},{"Player":"Aaron Cresswell","Pos":"DF","Tkl":30.0,"TklW":19.0,"Past":16.0,"Press":216.0,"Succ":68.0,"Blocks":45.0,"Int":19.0},{"Player":"Diogo Dalot","Pos":"DF","Tkl":22.0,"TklW":12.0,"Past":5.0,"Press":159.0,"Succ":39.0,"Blocks":26.0,"Int":12.0},{"Player":"Charlie Daniels","Pos":"DF","Tkl":25.0,"TklW":16.0,"Past":15.0,"Press":271.0,"Succ":77.0,"Blocks":33.0,"Int":25.0},{"Player":"Ben Davies","Pos":"DF","Tkl":45.0,"TklW":26.0,"Past":23.0,"Press":290.0,"Succ":58.0,"Blocks":40.0,"Int":20.0},{"Player":"Tom Davies","Pos":"MF","Tkl":27.0,"TklW":15.0,"Past":16.0,"Press":251.0,"Succ":65.0,"Blocks":14.0,"Int":19.0},{"Player":"Kevin De Bruyne","Pos":"MF","Tkl":21.0,"TklW":17.0,"Past":17.0,"Press":279.0,"Succ":74.0,"Blocks":9.0,"Int":5.0},{"Player":"Troy Deeney","Pos":"FW","Tkl":28.0,"TklW":18.0,"Past":24.0,"Press":643.0,"Succ":151.0,"Blocks":25.0,"Int":13.0},{"Player":"Leander Dendoncker","Pos":"MF","Tkl":47.0,"TklW":35.0,"Past":37.0,"Press":502.0,"Succ":142.0,"Blocks":45.0,"Int":16.0},{"Player":"Laurent Depoitre","Pos":"FW","Tkl":9.0,"TklW":8.0,"Past":6.0,"Press":206.0,"Succ":50.0,"Blocks":13.0,"Int":5.0},{"Player":"Gerard Deulofeu","Pos":"FW","Tkl":10.0,"TklW":8.0,"Past":15.0,"Press":473.0,"Succ":120.0,"Blocks":21.0,"Int":18.0},{"Player":"Mohamed Diamé","Pos":"MF","Tkl":72.0,"TklW":50.0,"Past":56.0,"Press":707.0,"Succ":187.0,"Blocks":50.0,"Int":40.0},{"Player":"Grady Diangana","Pos":"FW","Tkl":20.0,"TklW":9.0,"Past":9.0,"Press":214.0,"Succ":52.0,"Blocks":13.0,"Int":0.0},{"Player":"Eric Dier","Pos":"MF","Tkl":29.0,"TklW":15.0,"Past":30.0,"Press":253.0,"Succ":82.0,"Blocks":33.0,"Int":15.0},{"Player":"Lucas Digne","Pos":"DF","Tkl":84.0,"TklW":39.0,"Past":22.0,"Press":471.0,"Succ":137.0,"Blocks":68.0,"Int":63.0},{"Player":"Virgil van Dijk","Pos":"DF","Tkl":35.0,"TklW":25.0,"Past":1.0,"Press":175.0,"Succ":61.0,"Blocks":44.0,"Int":35.0},{"Player":"Issa Diop","Pos":"DF","Tkl":69.0,"TklW":34.0,"Past":27.0,"Press":268.0,"Succ":89.0,"Blocks":80.0,"Int":64.0},{"Player":"Matt Doherty","Pos":"DF","Tkl":74.0,"TklW":35.0,"Past":28.0,"Press":427.0,"Succ":111.0,"Blocks":77.0,"Int":40.0},{"Player":"Abdoulaye Doucouré","Pos":"MF","Tkl":78.0,"TklW":50.0,"Past":36.0,"Press":710.0,"Succ":188.0,"Blocks":37.0,"Int":41.0},{"Player":"Martin Dubravka","Pos":"GK","Tkl":0.0,"TklW":0.0,"Past":3.0,"Press":3.0,"Succ":0.0,"Blocks":0.0,"Int":0.0},{"Player":"Shane Duffy","Pos":"DF","Tkl":33.0,"TklW":19.0,"Past":15.0,"Press":159.0,"Succ":51.0,"Blocks":74.0,"Int":29.0},{"Player":"Paul Dummett","Pos":"DF","Tkl":38.0,"TklW":17.0,"Past":24.0,"Press":249.0,"Succ":61.0,"Blocks":50.0,"Int":30.0},{"Player":"Lewis Dunk","Pos":"DF","Tkl":41.0,"TklW":30.0,"Past":22.0,"Press":258.0,"Succ":92.0,"Blocks":65.0,"Int":48.0},{"Player":"Erik Durm","Pos":"DF","Tkl":47.0,"TklW":28.0,"Past":22.0,"Press":364.0,"Succ":99.0,"Blocks":35.0,"Int":45.0},{"Player":"Bruno Ecuele Manga","Pos":"DF","Tkl":69.0,"TklW":45.0,"Past":32.0,"Press":546.0,"Succ":182.0,"Blocks":80.0,"Int":67.0},{"Player":"Ederson","Pos":"GK","Tkl":1.0,"TklW":1.0,"Past":0.0,"Press":0.0,"Succ":0.0,"Blocks":0.0,"Int":0.0},{"Player":"Mohamed Elyounoussi","Pos":"MF","Tkl":19.0,"TklW":12.0,"Past":13.0,"Press":219.0,"Succ":62.0,"Blocks":13.0,"Int":3.0},{"Player":"Christian Eriksen","Pos":"MF","Tkl":43.0,"TklW":31.0,"Past":40.0,"Press":583.0,"Succ":173.0,"Blocks":44.0,"Int":21.0},{"Player":"Neil Etheridge","Pos":"GK","Tkl":0.0,"TklW":0.0,"Past":1.0,"Press":3.0,"Succ":1.0,"Blocks":0.0,"Int":0.0},{"Player":"Jonny Evans","Pos":"DF","Tkl":25.0,"TklW":17.0,"Past":7.0,"Press":195.0,"Succ":69.0,"Blocks":37.0,"Int":39.0},{"Player":"Lukasz Fabianski","Pos":"GK","Tkl":0.0,"TklW":0.0,"Past":2.0,"Press":5.0,"Succ":0.0,"Blocks":0.0,"Int":0.0},{"Player":"Fabinho","Pos":"MF","Tkl":63.0,"TklW":36.0,"Past":37.0,"Press":442.0,"Succ":134.0,"Blocks":39.0,"Int":23.0},{"Player":"Kiko Femenía","Pos":"DF","Tkl":56.0,"TklW":35.0,"Past":36.0,"Press":293.0,"Succ":81.0,"Blocks":38.0,"Int":37.0},{"Player":"Federico Fernández","Pos":"DF","Tkl":26.0,"TklW":19.0,"Past":12.0,"Press":121.0,"Succ":41.0,"Blocks":33.0,"Int":33.0},{"Player":"Fernandinho","Pos":"MF","Tkl":63.0,"TklW":52.0,"Past":16.0,"Press":345.0,"Succ":111.0,"Blocks":32.0,"Int":35.0},{"Player":"Roberto Firmino","Pos":"FW","Tkl":35.0,"TklW":30.0,"Past":27.0,"Press":683.0,"Succ":199.0,"Blocks":42.0,"Int":8.0},{"Player":"Ben Foster","Pos":"GK","Tkl":0.0,"TklW":0.0,"Past":5.0,"Press":10.0,"Succ":3.0,"Blocks":0.0,"Int":0.0},{"Player":"Simon Francis","Pos":"DF","Tkl":24.0,"TklW":15.0,"Past":15.0,"Press":147.0,"Succ":43.0,"Blocks":25.0,"Int":28.0},{"Player":"Ryan Fraser","Pos":"MF","Tkl":15.0,"TklW":7.0,"Past":27.0,"Press":423.0,"Succ":71.0,"Blocks":43.0,"Int":16.0},{"Player":"Fred","Pos":"MF","Tkl":36.0,"TklW":23.0,"Past":22.0,"Press":315.0,"Succ":83.0,"Blocks":29.0,"Int":19.0},{"Player":"Ryan Fredericks","Pos":"DF","Tkl":35.0,"TklW":20.0,"Past":14.0,"Press":170.0,"Succ":37.0,"Blocks":27.0,"Int":9.0},{"Player":"Idrissa Gueye","Pos":"MF","Tkl":154.0,"TklW":99.0,"Past":49.0,"Press":777.0,"Succ":240.0,"Blocks":49.0,"Int":72.0},{"Player":"David de Gea","Pos":"GK","Tkl":1.0,"TklW":1.0,"Past":2.0,"Press":2.0,"Succ":0.0,"Blocks":1.0,"Int":0.0},{"Player":"Rachid Ghezzal","Pos":"FW","Tkl":15.0,"TklW":10.0,"Past":14.0,"Press":215.0,"Succ":57.0,"Blocks":11.0,"Int":10.0},{"Player":"Morgan Gibbs-White","Pos":"MF","Tkl":6.0,"TklW":2.0,"Past":4.0,"Press":178.0,"Succ":37.0,"Blocks":5.0,"Int":2.0},{"Player":"Olivier Giroud","Pos":"FW","Tkl":3.0,"TklW":2.0,"Past":2.0,"Press":186.0,"Succ":54.0,"Blocks":6.0,"Int":4.0},{"Player":"André Gomes","Pos":"MF","Tkl":43.0,"TklW":29.0,"Past":51.0,"Press":523.0,"Succ":148.0,"Blocks":26.0,"Int":24.0},{"Player":"Joseph Gomez","Pos":"DF","Tkl":18.0,"TklW":10.0,"Past":8.0,"Press":126.0,"Succ":36.0,"Blocks":13.0,"Int":20.0},{"Player":"Dan Gosling","Pos":"MF","Tkl":49.0,"TklW":27.0,"Past":36.0,"Press":533.0,"Succ":128.0,"Blocks":41.0,"Int":26.0},{"Player":"Andre Gray","Pos":"FW","Tkl":4.0,"TklW":4.0,"Past":3.0,"Press":164.0,"Succ":37.0,"Blocks":4.0,"Int":4.0},{"Player":"Demarai Gray","Pos":"FW","Tkl":21.0,"TklW":11.0,"Past":19.0,"Press":390.0,"Succ":128.0,"Blocks":26.0,"Int":12.0},{"Player":"Pascal Groß","Pos":"MF","Tkl":27.0,"TklW":15.0,"Past":25.0,"Press":520.0,"Succ":95.0,"Blocks":33.0,"Int":14.0},{"Player":"Vicente Guaita","Pos":"GK","Tkl":0.0,"TklW":0.0,"Past":0.0,"Press":0.0,"Succ":0.0,"Blocks":1.0,"Int":0.0},{"Player":"Matteo Guendouzi","Pos":"MF","Tkl":39.0,"TklW":25.0,"Past":40.0,"Press":423.0,"Succ":125.0,"Blocks":38.0,"Int":32.0},{"Player":"Ilkay Gündogan","Pos":"MF","Tkl":19.0,"TklW":11.0,"Past":31.0,"Press":312.0,"Succ":82.0,"Blocks":27.0,"Int":24.0},{"Player":"Aron Gunnarsson","Pos":"MF","Tkl":65.0,"TklW":49.0,"Past":59.0,"Press":524.0,"Succ":141.0,"Blocks":49.0,"Int":40.0},{"Player":"Florent Hadergjonaj","Pos":"DF","Tkl":31.0,"TklW":12.0,"Past":31.0,"Press":341.0,"Succ":99.0,"Blocks":44.0,"Int":21.0},{"Player":"Joe Hart","Pos":"GK","Tkl":0.0,"TklW":0.0,"Past":1.0,"Press":2.0,"Succ":0.0,"Blocks":0.0,"Int":0.0},{"Player":"Isaac Hayden","Pos":"MF","Tkl":64.0,"TklW":42.0,"Past":30.0,"Press":492.0,"Succ":130.0,"Blocks":46.0,"Int":42.0},{"Player":"Eden Hazard","Pos":"FW","Tkl":10.0,"TklW":7.0,"Past":15.0,"Press":353.0,"Succ":91.0,"Blocks":15.0,"Int":13.0},{"Player":"Tom Heaton","Pos":"GK","Tkl":0.0,"TklW":0.0,"Past":3.0,"Press":2.0,"Succ":0.0,"Blocks":0.0,"Int":0.0},{"Player":"Jordan Henderson","Pos":"MF","Tkl":45.0,"TklW":38.0,"Past":25.0,"Press":472.0,"Succ":132.0,"Blocks":42.0,"Int":25.0},{"Player":"Jeff Hendrick","Pos":"MF","Tkl":36.0,"TklW":25.0,"Past":26.0,"Press":459.0,"Succ":84.0,"Blocks":33.0,"Int":14.0},{"Player":"Wayne Hennessey","Pos":"GK","Tkl":0.0,"TklW":0.0,"Past":3.0,"Press":2.0,"Succ":0.0,"Blocks":0.0,"Int":0.0},{"Player":"Ander Herrera","Pos":"MF","Tkl":54.0,"TklW":37.0,"Past":48.0,"Press":454.0,"Succ":111.0,"Blocks":37.0,"Int":39.0},{"Player":"Son Heung-Min","Pos":"FW","Tkl":20.0,"TklW":7.0,"Past":27.0,"Press":425.0,"Succ":109.0,"Blocks":23.0,"Int":17.0},{"Player":"Jonathan Hogg","Pos":"MF","Tkl":84.0,"TklW":59.0,"Past":52.0,"Press":796.0,"Succ":229.0,"Blocks":56.0,"Int":73.0},{"Player":"Junior Hoilett","Pos":"MF","Tkl":42.0,"TklW":24.0,"Past":39.0,"Press":427.0,"Succ":115.0,"Blocks":35.0,"Int":32.0},{"Player":"José Holebas","Pos":"DF","Tkl":70.0,"TklW":47.0,"Past":25.0,"Press":390.0,"Succ":130.0,"Blocks":50.0,"Int":30.0},{"Player":"Will Hughes","Pos":"MF","Tkl":71.0,"TklW":39.0,"Past":46.0,"Press":737.0,"Succ":181.0,"Blocks":73.0,"Int":32.0},{"Player":"Ederson","Pos":"MF","Tkl":4.0,"TklW":2.0,"Past":3.0,"Press":21.0,"Succ":6.0,"Blocks":1.0,"Int":0.0},{"Player":"Pierre-Emile Højbjerg","Pos":"MF","Tkl":80.0,"TklW":63.0,"Past":60.0,"Press":716.0,"Succ":217.0,"Blocks":63.0,"Int":64.0},{"Player":"Jordon Ibe","Pos":"MF","Tkl":3.0,"TklW":2.0,"Past":3.0,"Press":186.0,"Succ":38.0,"Blocks":3.0,"Int":0.0},{"Player":"Kelechi Iheanacho","Pos":"FW","Tkl":7.0,"TklW":5.0,"Past":5.0,"Press":193.0,"Succ":39.0,"Blocks":7.0,"Int":0.0},{"Player":"Danny Ings","Pos":"FW","Tkl":29.0,"TklW":19.0,"Past":21.0,"Press":418.0,"Succ":127.0,"Blocks":22.0,"Int":13.0},{"Player":"Alex Iwobi","Pos":"FW","Tkl":26.0,"TklW":18.0,"Past":23.0,"Press":367.0,"Succ":108.0,"Blocks":25.0,"Int":16.0},{"Player":"José Izquierdo","Pos":"MF","Tkl":18.0,"TklW":8.0,"Past":8.0,"Press":159.0,"Succ":32.0,"Blocks":11.0,"Int":4.0},{"Player":"Alireza Jahanbakhsh","Pos":"FW","Tkl":39.0,"TklW":25.0,"Past":24.0,"Press":214.0,"Succ":51.0,"Blocks":12.0,"Int":9.0},{"Player":"Daryl Janmaat","Pos":"DF","Tkl":32.0,"TklW":14.0,"Past":20.0,"Press":294.0,"Succ":73.0,"Blocks":39.0,"Int":33.0},{"Player":"Gabriel Jesus","Pos":"FW","Tkl":9.0,"TklW":6.0,"Past":6.0,"Press":219.0,"Succ":64.0,"Blocks":14.0,"Int":3.0},{"Player":"Raúl Jiménez","Pos":"FW","Tkl":29.0,"TklW":18.0,"Past":14.0,"Press":581.0,"Succ":134.0,"Blocks":26.0,"Int":29.0},{"Player":"Phil Jones","Pos":"DF","Tkl":25.0,"TklW":18.0,"Past":1.0,"Press":122.0,"Succ":50.0,"Blocks":27.0,"Int":27.0},{"Player":"Jorginho","Pos":"MF","Tkl":80.0,"TklW":57.0,"Past":66.0,"Press":662.0,"Succ":213.0,"Blocks":53.0,"Int":55.0},{"Player":"Joselu","Pos":"FW","Tkl":12.0,"TklW":9.0,"Past":7.0,"Press":113.0,"Succ":20.0,"Blocks":7.0,"Int":2.0},{"Player":"Diogo Jota","Pos":"FW","Tkl":34.0,"TklW":22.0,"Past":34.0,"Press":498.0,"Succ":129.0,"Blocks":22.0,"Int":11.0},{"Player":"Christian Kabasele","Pos":"DF","Tkl":28.0,"TklW":17.0,"Past":15.0,"Press":195.0,"Succ":81.0,"Blocks":37.0,"Int":39.0},{"Player":"Elias Kachunga","Pos":"FW","Tkl":25.0,"TklW":7.0,"Past":16.0,"Press":330.0,"Succ":67.0,"Blocks":14.0,"Int":9.0},{"Player":"Harry Kane","Pos":"FW","Tkl":14.0,"TklW":8.0,"Past":10.0,"Press":299.0,"Succ":73.0,"Blocks":19.0,"Int":6.0},{"Player":"Beram Kayal","Pos":"MF","Tkl":34.0,"TklW":26.0,"Past":22.0,"Press":302.0,"Succ":83.0,"Blocks":22.0,"Int":9.0},{"Player":"Michael Keane","Pos":"DF","Tkl":42.0,"TklW":30.0,"Past":17.0,"Press":233.0,"Succ":78.0,"Blocks":52.0,"Int":45.0},{"Player":"Naby Keita","Pos":"MF","Tkl":40.0,"TklW":23.0,"Past":33.0,"Press":403.0,"Succ":133.0,"Blocks":38.0,"Int":8.0},{"Player":"Kenedy","Pos":"MF","Tkl":35.0,"TklW":25.0,"Past":20.0,"Press":266.0,"Succ":87.0,"Blocks":30.0,"Int":28.0},{"Player":"Joshua King","Pos":"FW","Tkl":35.0,"TklW":28.0,"Past":17.0,"Press":787.0,"Succ":165.0,"Blocks":39.0,"Int":9.0},{"Player":"Anthony Knockaert","Pos":"MF","Tkl":33.0,"TklW":22.0,"Past":25.0,"Press":401.0,"Succ":95.0,"Blocks":21.0,"Int":24.0},{"Player":"Sead Kolasinac","Pos":"DF","Tkl":32.0,"TklW":17.0,"Past":17.0,"Press":274.0,"Succ":90.0,"Blocks":18.0,"Int":21.0},{"Player":"Vincent Kompany","Pos":"DF","Tkl":14.0,"TklW":10.0,"Past":2.0,"Press":60.0,"Succ":23.0,"Blocks":13.0,"Int":10.0},{"Player":"Terence Kongolo","Pos":"DF","Tkl":84.0,"TklW":45.0,"Past":28.0,"Press":349.0,"Succ":105.0,"Blocks":56.0,"Int":64.0},{"Player":"Laurent Koscielny","Pos":"DF","Tkl":20.0,"TklW":11.0,"Past":5.0,"Press":111.0,"Succ":37.0,"Blocks":26.0,"Int":24.0},{"Player":"Cheikhou Kouyaté","Pos":"MF","Tkl":51.0,"TklW":32.0,"Past":24.0,"Press":411.0,"Succ":110.0,"Blocks":45.0,"Int":20.0},{"Player":"Mateo Kovacic","Pos":"MF","Tkl":48.0,"TklW":34.0,"Past":27.0,"Press":476.0,"Succ":129.0,"Blocks":18.0,"Int":11.0},{"Player":"Alexandre Lacazette","Pos":"FW","Tkl":34.0,"TklW":26.0,"Past":19.0,"Press":526.0,"Succ":136.0,"Blocks":28.0,"Int":13.0},{"Player":"Erik Lamela","Pos":"FW","Tkl":19.0,"TklW":14.0,"Past":8.0,"Press":241.0,"Succ":65.0,"Blocks":14.0,"Int":5.0},{"Player":"Aymeric Laporte","Pos":"DF","Tkl":44.0,"TklW":26.0,"Past":17.0,"Press":228.0,"Succ":74.0,"Blocks":30.0,"Int":20.0},{"Player":"Jamaal Lascelles","Pos":"DF","Tkl":35.0,"TklW":15.0,"Past":9.0,"Press":207.0,"Succ":61.0,"Blocks":64.0,"Int":42.0},{"Player":"Maxime Le Marchand","Pos":"DF","Tkl":59.0,"TklW":33.0,"Past":24.0,"Press":297.0,"Succ":94.0,"Blocks":44.0,"Int":56.0},{"Player":"Mario Lemina","Pos":"MF","Tkl":62.0,"TklW":44.0,"Past":18.0,"Press":307.0,"Succ":99.0,"Blocks":23.0,"Int":26.0},{"Player":"Aaron Lennon","Pos":"MF","Tkl":31.0,"TklW":17.0,"Past":16.0,"Press":279.0,"Succ":71.0,"Blocks":31.0,"Int":10.0},{"Player":"Bernd Leno","Pos":"GK","Tkl":0.0,"TklW":0.0,"Past":3.0,"Press":4.0,"Succ":1.0,"Blocks":0.0,"Int":0.0},{"Player":"Jefferson Lerma","Pos":"MF","Tkl":49.0,"TklW":38.0,"Past":40.0,"Press":526.0,"Succ":132.0,"Blocks":56.0,"Int":51.0},{"Player":"Victor Lindelöf","Pos":"DF","Tkl":35.0,"TklW":19.0,"Past":6.0,"Press":242.0,"Succ":72.0,"Blocks":35.0,"Int":31.0},{"Player":"Jesse Lingard","Pos":"FW","Tkl":25.0,"TklW":14.0,"Past":29.0,"Press":482.0,"Succ":123.0,"Blocks":21.0,"Int":12.0},{"Player":"Fernando Llorente","Pos":"FW","Tkl":4.0,"TklW":3.0,"Past":3.0,"Press":116.0,"Succ":27.0,"Blocks":8.0,"Int":1.0},{"Player":"Hugo Lloris","Pos":"GK","Tkl":1.0,"TklW":0.0,"Past":2.0,"Press":2.0,"Succ":0.0,"Blocks":0.0,"Int":0.0},{"Player":"Jürgen Locadia","Pos":"FW","Tkl":20.0,"TklW":12.0,"Past":4.0,"Press":220.0,"Succ":46.0,"Blocks":15.0,"Int":10.0},{"Player":"Ruben Loftus-Cheek","Pos":"MF","Tkl":19.0,"TklW":16.0,"Past":8.0,"Press":189.0,"Succ":64.0,"Blocks":17.0,"Int":6.0},{"Player":"Shane Long","Pos":"FW","Tkl":11.0,"TklW":4.0,"Past":11.0,"Press":272.0,"Succ":74.0,"Blocks":16.0,"Int":7.0},{"Player":"Ademola Lookman","Pos":"FW","Tkl":15.0,"TklW":9.0,"Past":2.0,"Press":135.0,"Succ":37.0,"Blocks":11.0,"Int":12.0},{"Player":"Jonas Lössl","Pos":"GK","Tkl":0.0,"TklW":0.0,"Past":3.0,"Press":1.0,"Succ":0.0,"Blocks":1.0,"Int":0.0},{"Player":"Chris Löwe","Pos":"DF","Tkl":36.0,"TklW":12.0,"Past":28.0,"Press":280.0,"Succ":62.0,"Blocks":37.0,"Int":26.0},{"Player":"Matthew Lowton","Pos":"DF","Tkl":63.0,"TklW":36.0,"Past":31.0,"Press":241.0,"Succ":55.0,"Blocks":49.0,"Int":36.0},{"Player":"David Luiz","Pos":"DF","Tkl":56.0,"TklW":37.0,"Past":17.0,"Press":213.0,"Succ":73.0,"Blocks":45.0,"Int":39.0},{"Player":"Romelu Lukaku","Pos":"FW","Tkl":14.0,"TklW":10.0,"Past":7.0,"Press":329.0,"Succ":88.0,"Blocks":11.0,"Int":2.0},{"Player":"James Maddison","Pos":"MF","Tkl":58.0,"TklW":34.0,"Past":46.0,"Press":749.0,"Succ":171.0,"Blocks":32.0,"Int":12.0},{"Player":"Harry Maguire","Pos":"DF","Tkl":31.0,"TklW":18.0,"Past":7.0,"Press":187.0,"Succ":62.0,"Blocks":51.0,"Int":38.0},{"Player":"Riyad Mahrez","Pos":"FW","Tkl":14.0,"TklW":10.0,"Past":15.0,"Press":257.0,"Succ":63.0,"Blocks":18.0,"Int":15.0},{"Player":"Ainsley Maitland-Niles","Pos":"DF","Tkl":36.0,"TklW":24.0,"Past":16.0,"Press":219.0,"Succ":76.0,"Blocks":32.0,"Int":18.0},{"Player":"Sadio Mané","Pos":"FW","Tkl":43.0,"TklW":29.0,"Past":35.0,"Press":657.0,"Succ":197.0,"Blocks":36.0,"Int":20.0},{"Player":"Javier Manquillo","Pos":"DF","Tkl":34.0,"TklW":15.0,"Past":9.0,"Press":202.0,"Succ":58.0,"Blocks":28.0,"Int":14.0},{"Player":"Solly March","Pos":"MF","Tkl":51.0,"TklW":24.0,"Past":33.0,"Press":537.0,"Succ":127.0,"Blocks":64.0,"Int":26.0},{"Player":"Adrian Mariappa","Pos":"DF","Tkl":38.0,"TklW":16.0,"Past":22.0,"Press":165.0,"Succ":51.0,"Blocks":30.0,"Int":19.0},{"Player":"Anthony Martial","Pos":"FW","Tkl":19.0,"TklW":16.0,"Past":11.0,"Press":198.0,"Succ":53.0,"Blocks":18.0,"Int":6.0},{"Player":"Arthur Masuaku","Pos":"DF","Tkl":55.0,"TklW":36.0,"Past":33.0,"Press":312.0,"Succ":86.0,"Blocks":44.0,"Int":40.0},{"Player":"Juan Mata","Pos":"FW","Tkl":6.0,"TklW":3.0,"Past":20.0,"Press":207.0,"Succ":39.0,"Blocks":12.0,"Int":6.0},{"Player":"Nemanja Matic","Pos":"MF","Tkl":57.0,"TklW":33.0,"Past":36.0,"Press":481.0,"Succ":131.0,"Blocks":55.0,"Int":36.0},{"Player":"Joel Matip","Pos":"DF","Tkl":33.0,"TklW":23.0,"Past":13.0,"Press":168.0,"Succ":64.0,"Blocks":18.0,"Int":20.0},{"Player":"Alfie Mawson","Pos":"DF","Tkl":14.0,"TklW":8.0,"Past":5.0,"Press":68.0,"Succ":20.0,"Blocks":26.0,"Int":19.0},{"Player":"Isaac Mbenza","Pos":"FW","Tkl":16.0,"TklW":8.0,"Past":7.0,"Press":164.0,"Succ":44.0,"Blocks":7.0,"Int":6.0},{"Player":"James McArthur","Pos":"MF","Tkl":95.0,"TklW":61.0,"Past":68.0,"Press":903.0,"Succ":230.0,"Blocks":87.0,"Int":50.0},{"Player":"Alex McCarthy","Pos":"GK","Tkl":0.0,"TklW":0.0,"Past":0.0,"Press":1.0,"Succ":1.0,"Blocks":0.0,"Int":0.0},{"Player":"Kevin McDonald","Pos":"MF","Tkl":11.0,"TklW":8.0,"Past":9.0,"Press":100.0,"Succ":27.0,"Blocks":10.0,"Int":9.0},{"Player":"Dwight McNeil","Pos":"MF","Tkl":28.0,"TklW":13.0,"Past":33.0,"Press":439.0,"Succ":94.0,"Blocks":33.0,"Int":19.0},{"Player":"Scott McTominay","Pos":"MF","Tkl":15.0,"TklW":12.0,"Past":5.0,"Press":135.0,"Succ":33.0,"Blocks":12.0,"Int":7.0},{"Player":"Ben Mee","Pos":"DF","Tkl":58.0,"TklW":27.0,"Past":14.0,"Press":262.0,"Succ":84.0,"Blocks":85.0,"Int":50.0},{"Player":"Nathaniel Mendez-Laing","Pos":"MF","Tkl":36.0,"TklW":23.0,"Past":11.0,"Press":232.0,"Succ":63.0,"Blocks":28.0,"Int":14.0},{"Player":"Nampalys Mendy","Pos":"MF","Tkl":39.0,"TklW":22.0,"Past":22.0,"Press":436.0,"Succ":126.0,"Blocks":40.0,"Int":28.0},{"Player":"Max Meyer","Pos":"MF","Tkl":34.0,"TklW":16.0,"Past":15.0,"Press":283.0,"Succ":73.0,"Blocks":18.0,"Int":11.0},{"Player":"Luka Milivojevic","Pos":"MF","Tkl":95.0,"TklW":67.0,"Past":68.0,"Press":790.0,"Succ":202.0,"Blocks":75.0,"Int":65.0},{"Player":"James Milner","Pos":"MF","Tkl":43.0,"TklW":23.0,"Past":33.0,"Press":441.0,"Succ":126.0,"Blocks":50.0,"Int":21.0},{"Player":"Aleksandar Mitrovic","Pos":"FW","Tkl":17.0,"TklW":11.0,"Past":14.0,"Press":528.0,"Succ":131.0,"Blocks":31.0,"Int":13.0},{"Player":"Henrikh Mkhitaryan","Pos":"FW","Tkl":30.0,"TklW":20.0,"Past":23.0,"Press":401.0,"Succ":91.0,"Blocks":34.0,"Int":21.0},{"Player":"Nacho Monreal","Pos":"DF","Tkl":33.0,"TklW":24.0,"Past":19.0,"Press":290.0,"Succ":81.0,"Blocks":37.0,"Int":27.0},{"Player":"Martín Montoya","Pos":"DF","Tkl":60.0,"TklW":27.0,"Past":31.0,"Press":400.0,"Succ":111.0,"Blocks":48.0,"Int":45.0},{"Player":"Aaron Mooy","Pos":"MF","Tkl":68.0,"TklW":45.0,"Past":40.0,"Press":624.0,"Succ":178.0,"Blocks":51.0,"Int":24.0},{"Player":"Álvaro Morata","Pos":"FW","Tkl":10.0,"TklW":7.0,"Past":2.0,"Press":156.0,"Succ":45.0,"Blocks":7.0,"Int":0.0},{"Player":"Wes Morgan","Pos":"DF","Tkl":32.0,"TklW":17.0,"Past":2.0,"Press":158.0,"Succ":59.0,"Blocks":41.0,"Int":23.0},{"Player":"Sean Morrison","Pos":"DF","Tkl":44.0,"TklW":29.0,"Past":11.0,"Press":325.0,"Succ":111.0,"Blocks":57.0,"Int":52.0},{"Player":"Steve Mounie","Pos":"FW","Tkl":12.0,"TklW":5.0,"Past":12.0,"Press":464.0,"Succ":106.0,"Blocks":14.0,"Int":3.0},{"Player":"Lucas Moura","Pos":"FW","Tkl":44.0,"TklW":29.0,"Past":23.0,"Press":379.0,"Succ":101.0,"Blocks":14.0,"Int":27.0},{"Player":"Lys Mousset","Pos":"FW","Tkl":6.0,"TklW":5.0,"Past":3.0,"Press":106.0,"Succ":15.0,"Blocks":5.0,"Int":1.0},{"Player":"João Moutinho","Pos":"MF","Tkl":103.0,"TklW":67.0,"Past":97.0,"Press":829.0,"Succ":226.0,"Blocks":66.0,"Int":42.0},{"Player":"Josh Murphy","Pos":"MF","Tkl":25.0,"TklW":9.0,"Past":21.0,"Press":404.0,"Succ":80.0,"Blocks":39.0,"Int":23.0},{"Player":"Glenn Murray","Pos":"FW","Tkl":14.0,"TklW":7.0,"Past":19.0,"Press":667.0,"Succ":146.0,"Blocks":30.0,"Int":2.0},{"Player":"Shkodran Mustafi","Pos":"DF","Tkl":69.0,"TklW":42.0,"Past":14.0,"Press":241.0,"Succ":85.0,"Blocks":49.0,"Int":42.0},{"Player":"Yoshinori Muto","Pos":"FW","Tkl":11.0,"TklW":7.0,"Past":7.0,"Press":130.0,"Succ":32.0,"Blocks":15.0,"Int":1.0},{"Player":"Wilfred Ndidi","Pos":"MF","Tkl":168.0,"TklW":114.0,"Past":53.0,"Press":918.0,"Succ":313.0,"Blocks":84.0,"Int":64.0},{"Player":"Rúben Neves","Pos":"MF","Tkl":70.0,"TklW":41.0,"Past":57.0,"Press":659.0,"Succ":194.0,"Blocks":67.0,"Int":66.0},{"Player":"Oumar Niasse","Pos":"FW","Tkl":1.0,"TklW":1.0,"Past":1.0,"Press":12.0,"Succ":2.0,"Blocks":0.0,"Int":1.0},{"Player":"Oumar Niasse","Pos":"FW","Tkl":11.0,"TklW":6.0,"Past":4.0,"Press":143.0,"Succ":30.0,"Blocks":14.0,"Int":2.0},{"Player":"Mark Noble","Pos":"MF","Tkl":58.0,"TklW":43.0,"Past":29.0,"Press":543.0,"Succ":138.0,"Blocks":19.0,"Int":30.0},{"Player":"Pedro","Pos":"MF","Tkl":37.0,"TklW":25.0,"Past":31.0,"Press":331.0,"Succ":73.0,"Blocks":25.0,"Int":14.0},{"Player":"Denis Odoi","Pos":"DF","Tkl":51.0,"TklW":30.0,"Past":22.0,"Press":334.0,"Succ":102.0,"Blocks":69.0,"Int":63.0},{"Player":"Angelo Ogbonna","Pos":"DF","Tkl":38.0,"TklW":24.0,"Past":13.0,"Press":275.0,"Succ":107.0,"Blocks":48.0,"Int":32.0},{"Player":"Shinji Okazaki","Pos":"FW","Tkl":5.0,"TklW":3.0,"Past":3.0,"Press":105.0,"Succ":29.0,"Blocks":8.0,"Int":3.0},{"Player":"Nicolás Otamendi","Pos":"DF","Tkl":33.0,"TklW":20.0,"Past":2.0,"Press":87.0,"Succ":27.0,"Blocks":11.0,"Int":13.0},{"Player":"Mesut Özil","Pos":"MF","Tkl":14.0,"TklW":6.0,"Past":16.0,"Press":283.0,"Succ":62.0,"Blocks":9.0,"Int":8.0},{"Player":"Ederson","Pos":"DF","Tkl":18.0,"TklW":8.0,"Past":3.0,"Press":125.0,"Succ":33.0,"Blocks":17.0,"Int":6.0},{"Player":"Sokratis","Pos":"DF","Tkl":46.0,"TklW":32.0,"Past":17.0,"Press":241.0,"Succ":88.0,"Blocks":43.0,"Int":26.0},{"Player":"Callum Paterson","Pos":"FW","Tkl":34.0,"TklW":18.0,"Past":27.0,"Press":454.0,"Succ":111.0,"Blocks":37.0,"Int":9.0},{"Player":"Rui Patrício","Pos":"GK","Tkl":0.0,"TklW":0.0,"Past":1.0,"Press":4.0,"Succ":2.0,"Blocks":0.0,"Int":0.0},{"Player":"Pedro","Pos":"FW","Tkl":22.0,"TklW":14.0,"Past":20.0,"Press":292.0,"Succ":77.0,"Blocks":22.0,"Int":17.0},{"Player":"Lee Peltier","Pos":"DF","Tkl":37.0,"TklW":20.0,"Past":15.0,"Press":291.0,"Succ":76.0,"Blocks":31.0,"Int":10.0},{"Player":"Andreas Pereira","Pos":"MF","Tkl":10.0,"TklW":6.0,"Past":11.0,"Press":174.0,"Succ":40.0,"Blocks":12.0,"Int":13.0},{"Player":"Ricardo Pereira","Pos":"DF","Tkl":127.0,"TklW":72.0,"Past":67.0,"Press":713.0,"Succ":236.0,"Blocks":98.0,"Int":60.0},{"Player":"Roberto Pereyra","Pos":"MF","Tkl":21.0,"TklW":17.0,"Past":27.0,"Press":469.0,"Succ":138.0,"Blocks":46.0,"Int":31.0},{"Player":"Ayoze Pérez","Pos":"MF","Tkl":53.0,"TklW":35.0,"Past":54.0,"Press":903.0,"Succ":186.0,"Blocks":75.0,"Int":39.0},{"Player":"Lucas Pérez","Pos":"FW","Tkl":6.0,"TklW":4.0,"Past":2.0,"Press":108.0,"Succ":27.0,"Blocks":3.0,"Int":3.0},{"Player":"Jordan Pickford","Pos":"GK","Tkl":0.0,"TklW":0.0,"Past":0.0,"Press":3.0,"Succ":1.0,"Blocks":0.0,"Int":0.0},{"Player":"Paul Pogba","Pos":"MF","Tkl":44.0,"TklW":36.0,"Past":23.0,"Press":599.0,"Succ":150.0,"Blocks":43.0,"Int":15.0},{"Player":"Alex Pritchard","Pos":"MF","Tkl":32.0,"TklW":20.0,"Past":37.0,"Press":533.0,"Succ":140.0,"Blocks":27.0,"Int":24.0},{"Player":"Davy Pröpper","Pos":"MF","Tkl":50.0,"TklW":37.0,"Past":38.0,"Press":560.0,"Succ":140.0,"Blocks":48.0,"Int":38.0},{"Player":"Joe Ralls","Pos":"MF","Tkl":55.0,"TklW":40.0,"Past":22.0,"Press":470.0,"Succ":115.0,"Blocks":32.0,"Int":27.0},{"Player":"Aaron Ramsey","Pos":"MF","Tkl":37.0,"TklW":21.0,"Past":22.0,"Press":349.0,"Succ":89.0,"Blocks":10.0,"Int":10.0},{"Player":"Marcus Rashford","Pos":"FW","Tkl":20.0,"TklW":10.0,"Past":18.0,"Press":405.0,"Succ":98.0,"Blocks":25.0,"Int":6.0},{"Player":"Tim Ream","Pos":"DF","Tkl":28.0,"TklW":17.0,"Past":16.0,"Press":213.0,"Succ":77.0,"Blocks":27.0,"Int":32.0},{"Player":"Nathan Redmond","Pos":"FW","Tkl":45.0,"TklW":27.0,"Past":32.0,"Press":936.0,"Succ":239.0,"Blocks":56.0,"Int":25.0},{"Player":"Bobby Reid","Pos":"MF","Tkl":16.0,"TklW":12.0,"Past":12.0,"Press":419.0,"Succ":91.0,"Blocks":8.0,"Int":9.0},{"Player":"Declan Rice","Pos":"MF","Tkl":95.0,"TklW":66.0,"Past":56.0,"Press":753.0,"Succ":215.0,"Blocks":56.0,"Int":65.0},{"Player":"Richarlison","Pos":"FW","Tkl":56.0,"TklW":34.0,"Past":18.0,"Press":587.0,"Succ":156.0,"Blocks":33.0,"Int":19.0},{"Player":"Sergio Rico","Pos":"GK","Tkl":1.0,"TklW":1.0,"Past":0.0,"Press":0.0,"Succ":0.0,"Blocks":0.0,"Int":0.0},{"Player":"Matt Ritchie","Pos":"DF","Tkl":67.0,"TklW":41.0,"Past":30.0,"Press":677.0,"Succ":172.0,"Blocks":64.0,"Int":50.0},{"Player":"Andrew Robertson","Pos":"DF","Tkl":79.0,"TklW":46.0,"Past":53.0,"Press":498.0,"Succ":161.0,"Blocks":51.0,"Int":42.0},{"Player":"Oriol Romeu","Pos":"MF","Tkl":88.0,"TklW":59.0,"Past":52.0,"Press":593.0,"Succ":156.0,"Blocks":68.0,"Int":25.0},{"Player":"Salomón Rondón","Pos":"FW","Tkl":8.0,"TklW":5.0,"Past":21.0,"Press":492.0,"Succ":108.0,"Blocks":18.0,"Int":11.0},{"Player":"Danny Rose","Pos":"DF","Tkl":52.0,"TklW":28.0,"Past":17.0,"Press":241.0,"Succ":78.0,"Blocks":38.0,"Int":21.0},{"Player":"Antonio Rüdiger","Pos":"DF","Tkl":40.0,"TklW":21.0,"Past":19.0,"Press":208.0,"Succ":74.0,"Blocks":29.0,"Int":29.0},{"Player":"Mat Ryan","Pos":"GK","Tkl":0.0,"TklW":0.0,"Past":1.0,"Press":3.0,"Succ":1.0,"Blocks":0.0,"Int":0.0},{"Player":"Romain Saiss","Pos":"MF","Tkl":44.0,"TklW":22.0,"Past":22.0,"Press":235.0,"Succ":68.0,"Blocks":34.0,"Int":14.0},{"Player":"Mamadou Sakho","Pos":"DF","Tkl":27.0,"TklW":12.0,"Past":11.0,"Press":140.0,"Succ":42.0,"Blocks":42.0,"Int":42.0},{"Player":"Mohamed Salah","Pos":"FW","Tkl":15.0,"TklW":13.0,"Past":16.0,"Press":583.0,"Succ":157.0,"Blocks":22.0,"Int":3.0},{"Player":"Alexis Sánchez","Pos":"FW","Tkl":15.0,"TklW":8.0,"Past":13.0,"Press":198.0,"Succ":52.0,"Blocks":6.0,"Int":12.0},{"Player":"Davinson Sánchez","Pos":"DF","Tkl":37.0,"TklW":21.0,"Past":16.0,"Press":186.0,"Succ":59.0,"Blocks":29.0,"Int":27.0},{"Player":"Leroy Sané","Pos":"FW","Tkl":24.0,"TklW":18.0,"Past":16.0,"Press":365.0,"Succ":121.0,"Blocks":31.0,"Int":8.0},{"Player":"Fabian Schär","Pos":"DF","Tkl":62.0,"TklW":28.0,"Past":38.0,"Press":291.0,"Succ":83.0,"Blocks":55.0,"Int":58.0},{"Player":"Christopher Schindler","Pos":"DF","Tkl":75.0,"TklW":43.0,"Past":34.0,"Press":423.0,"Succ":135.0,"Blocks":81.0,"Int":58.0},{"Player":"Jeffrey Schlupp","Pos":"MF","Tkl":42.0,"TklW":20.0,"Past":25.0,"Press":355.0,"Succ":91.0,"Blocks":45.0,"Int":19.0},{"Player":"Kasper Schmeichel","Pos":"GK","Tkl":0.0,"TklW":0.0,"Past":0.0,"Press":0.0,"Succ":0.0,"Blocks":0.0,"Int":0.0},{"Player":"André Schürrle","Pos":"FW","Tkl":23.0,"TklW":15.0,"Past":39.0,"Press":378.0,"Succ":83.0,"Blocks":17.0,"Int":12.0},{"Player":"Ken Sema","Pos":"MF","Tkl":16.0,"TklW":10.0,"Past":7.0,"Press":249.0,"Succ":65.0,"Blocks":15.0,"Int":9.0},{"Player":"Ryan Sessegnon","Pos":"FW","Tkl":40.0,"TklW":27.0,"Past":17.0,"Press":614.0,"Succ":130.0,"Blocks":50.0,"Int":23.0},{"Player":"Xherdan Shaqiri","Pos":"FW","Tkl":12.0,"TklW":7.0,"Past":12.0,"Press":196.0,"Succ":52.0,"Blocks":11.0,"Int":6.0},{"Player":"Luke Shaw","Pos":"DF","Tkl":51.0,"TklW":29.0,"Past":26.0,"Press":419.0,"Succ":124.0,"Blocks":51.0,"Int":25.0},{"Player":"Jonjo Shelvey","Pos":"MF","Tkl":18.0,"TklW":8.0,"Past":16.0,"Press":164.0,"Succ":38.0,"Blocks":11.0,"Int":10.0},{"Player":"Gylfi Sigurdsson","Pos":"MF","Tkl":49.0,"TklW":31.0,"Past":35.0,"Press":880.0,"Succ":242.0,"Blocks":49.0,"Int":29.0},{"Player":"Bernardo Silva","Pos":"MF","Tkl":58.0,"TklW":47.0,"Past":53.0,"Press":833.0,"Succ":216.0,"Blocks":53.0,"Int":30.0},{"Player":"David Silva","Pos":"MF","Tkl":28.0,"TklW":22.0,"Past":24.0,"Press":446.0,"Succ":132.0,"Blocks":24.0,"Int":21.0},{"Player":"Moussa Sissoko","Pos":"MF","Tkl":47.0,"TklW":31.0,"Past":22.0,"Press":381.0,"Succ":114.0,"Blocks":37.0,"Int":26.0},{"Player":"Chris Smalling","Pos":"DF","Tkl":29.0,"TklW":17.0,"Past":11.0,"Press":179.0,"Succ":61.0,"Blocks":53.0,"Int":26.0},{"Player":"Adam Smith","Pos":"DF","Tkl":47.0,"TklW":27.0,"Past":24.0,"Press":443.0,"Succ":115.0,"Blocks":54.0,"Int":28.0},{"Player":"Tommy Smith","Pos":"DF","Tkl":24.0,"TklW":15.0,"Past":21.0,"Press":216.0,"Succ":60.0,"Blocks":17.0,"Int":21.0},{"Player":"Robert Snodgrass","Pos":"MF","Tkl":50.0,"TklW":31.0,"Past":36.0,"Press":602.0,"Succ":142.0,"Blocks":26.0,"Int":19.0},{"Player":"Cédric Soares","Pos":"DF","Tkl":27.0,"TklW":15.0,"Past":16.0,"Press":249.0,"Succ":54.0,"Blocks":38.0,"Int":23.0},{"Player":"Junior Stanislas","Pos":"MF","Tkl":14.0,"TklW":9.0,"Past":5.0,"Press":200.0,"Succ":44.0,"Blocks":11.0,"Int":7.0},{"Player":"Dale Stephens","Pos":"MF","Tkl":84.0,"TklW":56.0,"Past":57.0,"Press":577.0,"Succ":148.0,"Blocks":42.0,"Int":33.0},{"Player":"Jack Stephens","Pos":"DF","Tkl":25.0,"TklW":14.0,"Past":18.0,"Press":168.0,"Succ":58.0,"Blocks":31.0,"Int":33.0},{"Player":"Raheem Sterling","Pos":"FW","Tkl":31.0,"TklW":16.0,"Past":10.0,"Press":467.0,"Succ":133.0,"Blocks":36.0,"Int":22.0},{"Player":"John Stones","Pos":"DF","Tkl":16.0,"TklW":12.0,"Past":5.0,"Press":133.0,"Succ":51.0,"Blocks":27.0,"Int":21.0},{"Player":"Daniel Sturridge","Pos":"FW","Tkl":3.0,"TklW":2.0,"Past":2.0,"Press":69.0,"Succ":19.0,"Blocks":1.0,"Int":0.0},{"Player":"Isaac Success","Pos":"FW","Tkl":19.0,"TklW":16.0,"Past":4.0,"Press":183.0,"Succ":54.0,"Blocks":12.0,"Int":3.0},{"Player":"Ki Sung-yueng","Pos":"MF","Tkl":18.0,"TklW":12.0,"Past":8.0,"Press":304.0,"Succ":66.0,"Blocks":16.0,"Int":18.0},{"Player":"Andrew Surman","Pos":"MF","Tkl":15.0,"TklW":10.0,"Past":12.0,"Press":305.0,"Succ":62.0,"Blocks":32.0,"Int":10.0},{"Player":"Matt Targett","Pos":"DF","Tkl":27.0,"TklW":15.0,"Past":20.0,"Press":253.0,"Succ":69.0,"Blocks":38.0,"Int":21.0},{"Player":"James Tarkowski","Pos":"DF","Tkl":75.0,"TklW":43.0,"Past":28.0,"Press":274.0,"Succ":96.0,"Blocks":89.0,"Int":48.0},{"Player":"Charlie Taylor","Pos":"DF","Tkl":60.0,"TklW":38.0,"Past":30.0,"Press":449.0,"Succ":125.0,"Blocks":128.0,"Int":47.0},{"Player":"James Tomkins","Pos":"DF","Tkl":45.0,"TklW":27.0,"Past":16.0,"Press":195.0,"Succ":68.0,"Blocks":36.0,"Int":21.0},{"Player":"Lucas Torreira","Pos":"MF","Tkl":62.0,"TklW":46.0,"Past":34.0,"Press":535.0,"Succ":139.0,"Blocks":39.0,"Int":47.0},{"Player":"Cenk Tosun","Pos":"FW","Tkl":15.0,"TklW":11.0,"Past":6.0,"Press":211.0,"Succ":72.0,"Blocks":7.0,"Int":8.0},{"Player":"Andros Townsend","Pos":"FW","Tkl":61.0,"TklW":37.0,"Past":62.0,"Press":627.0,"Succ":149.0,"Blocks":59.0,"Int":44.0},{"Player":"Adama Traoré","Pos":"FW","Tkl":17.0,"TklW":9.0,"Past":3.0,"Press":148.0,"Succ":39.0,"Blocks":9.0,"Int":6.0},{"Player":"Kieran Trippier","Pos":"DF","Tkl":65.0,"TklW":38.0,"Past":36.0,"Press":411.0,"Succ":141.0,"Blocks":55.0,"Int":41.0},{"Player":"Yan Valery","Pos":"DF","Tkl":48.0,"TklW":24.0,"Past":17.0,"Press":431.0,"Succ":103.0,"Blocks":50.0,"Int":19.0},{"Player":"Jamie Vardy","Pos":"FW","Tkl":18.0,"TklW":13.0,"Past":11.0,"Press":561.0,"Succ":130.0,"Blocks":26.0,"Int":5.0},{"Player":"Jan Vertonghen","Pos":"DF","Tkl":41.0,"TklW":31.0,"Past":12.0,"Press":165.0,"Succ":65.0,"Blocks":33.0,"Int":37.0},{"Player":"Jannik Vestergaard","Pos":"DF","Tkl":59.0,"TklW":33.0,"Past":27.0,"Press":262.0,"Succ":84.0,"Blocks":46.0,"Int":38.0},{"Player":"Luciano Vietto","Pos":"FW","Tkl":16.0,"TklW":12.0,"Past":10.0,"Press":217.0,"Succ":65.0,"Blocks":6.0,"Int":9.0},{"Player":"Rúben Vinagre","Pos":"DF","Tkl":12.0,"TklW":6.0,"Past":2.0,"Press":116.0,"Succ":28.0,"Blocks":14.0,"Int":19.0},{"Player":"Sam Vokes","Pos":"FW","Tkl":4.0,"TklW":1.0,"Past":1.0,"Press":114.0,"Succ":27.0,"Blocks":4.0,"Int":3.0},{"Player":"Theo Walcott","Pos":"FW","Tkl":29.0,"TklW":15.0,"Past":16.0,"Press":316.0,"Succ":81.0,"Blocks":22.0,"Int":20.0},{"Player":"Kyle Walker","Pos":"DF","Tkl":48.0,"TklW":31.0,"Past":19.0,"Press":357.0,"Succ":108.0,"Blocks":37.0,"Int":26.0},{"Player":"Aaron Wan-Bissaka","Pos":"DF","Tkl":139.0,"TklW":63.0,"Past":18.0,"Press":650.0,"Succ":163.0,"Blocks":105.0,"Int":91.0},{"Player":"James Ward-Prowse","Pos":"MF","Tkl":45.0,"TklW":24.0,"Past":40.0,"Press":585.0,"Succ":164.0,"Blocks":33.0,"Int":27.0},{"Player":"Ashley Westwood","Pos":"MF","Tkl":69.0,"TklW":41.0,"Past":32.0,"Press":699.0,"Succ":164.0,"Blocks":56.0,"Int":49.0},{"Player":"Georginio Wijnaldum","Pos":"MF","Tkl":44.0,"TklW":33.0,"Past":17.0,"Press":467.0,"Succ":147.0,"Blocks":28.0,"Int":31.0},{"Player":"Willian","Pos":"FW","Tkl":39.0,"TklW":25.0,"Past":24.0,"Press":427.0,"Succ":126.0,"Blocks":20.0,"Int":17.0},{"Player":"Callum Wilson","Pos":"FW","Tkl":9.0,"TklW":8.0,"Past":12.0,"Press":543.0,"Succ":125.0,"Blocks":13.0,"Int":1.0},{"Player":"Harry Winks","Pos":"MF","Tkl":18.0,"TklW":15.0,"Past":26.0,"Press":284.0,"Succ":71.0,"Blocks":22.0,"Int":23.0},{"Player":"Chris Wood","Pos":"FW","Tkl":7.0,"TklW":6.0,"Past":13.0,"Press":515.0,"Succ":116.0,"Blocks":28.0,"Int":5.0},{"Player":"Granit Xhaka","Pos":"MF","Tkl":64.0,"TklW":41.0,"Past":43.0,"Press":416.0,"Succ":143.0,"Blocks":39.0,"Int":28.0},{"Player":"DeAndre Yedlin","Pos":"DF","Tkl":59.0,"TklW":30.0,"Past":33.0,"Press":518.0,"Succ":126.0,"Blocks":73.0,"Int":27.0},{"Player":"Maya Yoshida","Pos":"DF","Tkl":18.0,"TklW":10.0,"Past":12.0,"Press":123.0,"Succ":39.0,"Blocks":45.0,"Int":37.0},{"Player":"Ashley Young","Pos":"DF","Tkl":59.0,"TklW":30.0,"Past":24.0,"Press":332.0,"Succ":77.0,"Blocks":56.0,"Int":49.0},{"Player":"Pablo Zabaleta","Pos":"DF","Tkl":50.0,"TklW":25.0,"Past":45.0,"Press":317.0,"Succ":86.0,"Blocks":55.0,"Int":50.0},{"Player":"Wilfried Zaha","Pos":"FW","Tkl":43.0,"TklW":33.0,"Past":24.0,"Press":660.0,"Succ":179.0,"Blocks":29.0,"Int":16.0},{"Player":"Kenneth Zohore","Pos":"FW","Tkl":4.0,"TklW":2.0,"Past":3.0,"Press":162.0,"Succ":36.0,"Blocks":8.0,"Int":1.0},{"Player":"Kurt Zouma","Pos":"DF","Tkl":"33","TklW":"18","Past":"8","Press":"254","Succ":"79","Blocks":"47","Int":"51"}]