[{"Player":"Yunis Abdelhamid","Pos":"DF","Tkl":61.0,"TklW":37.0,"Past":14.0,"Press":299.0,"Succ":111.0,"Blocks":43.0,"Int":24.0},{"Player":"Mehdi Abeid","Pos":"MF","Tkl":60.0,"TklW":41.0,"Past":38.0,"Press":417.0,"Succ":114.0,"Blocks":18.0,"Int":17.0},{"Player":"Yacine Adli","Pos":"MF","Tkl":27.0,"TklW":18.0,"Past":21.0,"Press":328.0,"Succ":86.0,"Blocks":11.0,"Int":9.0},{"Player":"Ruben Aguilar","Pos":"DF","Tkl":39.0,"TklW":28.0,"Past":9.0,"Press":203.0,"Succ":71.0,"Blocks":11.0,"Int":11.0},{"Player":"Rayan Ait Nouri","Pos":"DF","Tkl":32.0,"TklW":18.0,"Past":18.0,"Press":224.0,"Succ":83.0,"Blocks":32.0,"Int":13.0},{"Player":"Ludovic Ajorque","Pos":"FW","Tkl":18.0,"TklW":14.0,"Past":16.0,"Press":280.0,"Succ":75.0,"Blocks":11.0,"Int":3.0},{"Player":"Chadrac Akolo","Pos":"FW","Tkl":17.0,"TklW":13.0,"Past":14.0,"Press":140.0,"Succ":43.0,"Blocks":8.0,"Int":5.0},{"Player":"Sofiane Alakouch","Pos":"DF","Tkl":49.0,"TklW":30.0,"Past":24.0,"Press":250.0,"Succ":78.0,"Blocks":23.0,"Int":18.0},{"Player":"Haitam Aleesami","Pos":"DF","Tkl":44.0,"TklW":28.0,"Past":30.0,"Press":374.0,"Succ":105.0,"Blocks":55.0,"Int":26.0},{"Player":"Rachid Alioui","Pos":"FW","Tkl":13.0,"TklW":11.0,"Past":9.0,"Press":373.0,"Succ":84.0,"Blocks":4.0,"Int":4.0},{"Player":"Mickaël Alphonse","Pos":"DF","Tkl":43.0,"TklW":19.0,"Past":18.0,"Press":221.0,"Succ":59.0,"Blocks":38.0,"Int":13.0},{"Player":"Romain Amalfitano","Pos":"MF","Tkl":43.0,"TklW":22.0,"Past":43.0,"Press":438.0,"Succ":123.0,"Blocks":25.0,"Int":17.0},{"Player":"Jordan Amavi","Pos":"DF","Tkl":62.0,"TklW":28.0,"Past":37.0,"Press":287.0,"Succ":88.0,"Blocks":53.0,"Int":30.0},{"Player":"Thierry Ambrose","Pos":"FW","Tkl":7.0,"TklW":5.0,"Past":7.0,"Press":122.0,"Succ":37.0,"Blocks":5.0,"Int":4.0},{"Player":"Joachim Andersen","Pos":"DF","Tkl":18.0,"TklW":10.0,"Past":13.0,"Press":107.0,"Succ":34.0,"Blocks":22.0,"Int":8.0},{"Player":"Benjamin André","Pos":"MF","Tkl":83.0,"TklW":63.0,"Past":63.0,"Press":593.0,"Succ":190.0,"Blocks":45.0,"Int":45.0},{"Player":"Victorien Angban","Pos":"MF","Tkl":25.0,"TklW":16.0,"Past":16.0,"Press":243.0,"Succ":62.0,"Blocks":15.0,"Int":9.0},{"Player":"Houssem Aouar","Pos":"MF","Tkl":28.0,"TklW":19.0,"Past":25.0,"Press":388.0,"Succ":100.0,"Blocks":19.0,"Int":11.0},{"Player":"Dennis Appiah","Pos":"DF","Tkl":63.0,"TklW":32.0,"Past":26.0,"Press":303.0,"Succ":97.0,"Blocks":20.0,"Int":15.0},{"Player":"Luiz Araujo","Pos":"FW","Tkl":18.0,"TklW":9.0,"Past":26.0,"Press":262.0,"Succ":75.0,"Blocks":16.0,"Int":5.0},{"Player":"Mathias Autret","Pos":"MF","Tkl":24.0,"TklW":11.0,"Past":18.0,"Press":316.0,"Succ":71.0,"Blocks":24.0,"Int":10.0},{"Player":"Ludovic Blas","Pos":"DF","Tkl":34.0,"TklW":21.0,"Past":13.0,"Press":178.0,"Succ":62.0,"Blocks":22.0,"Int":14.0},{"Player":"Stéphane Bahoken","Pos":"FW","Tkl":7.0,"TklW":4.0,"Past":4.0,"Press":210.0,"Succ":40.0,"Blocks":4.0,"Int":1.0},{"Player":"Denys Bain","Pos":"DF","Tkl":29.0,"TklW":19.0,"Past":2.0,"Press":99.0,"Succ":33.0,"Blocks":22.0,"Int":16.0},{"Player":"Tiemoué Bakayoko","Pos":"MF","Tkl":70.0,"TklW":49.0,"Past":27.0,"Press":414.0,"Succ":123.0,"Blocks":25.0,"Int":28.0},{"Player":"Keita","Pos":"FW","Tkl":11.0,"TklW":8.0,"Past":7.0,"Press":145.0,"Succ":44.0,"Blocks":9.0,"Int":3.0},{"Player":"Abdoul Kader Bamba","Pos":"DF","Tkl":13.0,"TklW":6.0,"Past":7.0,"Press":62.0,"Succ":14.0,"Blocks":9.0,"Int":2.0},{"Player":"Jonathan Bamba","Pos":"FW","Tkl":16.0,"TklW":10.0,"Past":20.0,"Press":343.0,"Succ":94.0,"Blocks":31.0,"Int":14.0},{"Player":"Danilo","Pos":"DF","Tkl":30.0,"TklW":15.0,"Past":18.0,"Press":207.0,"Succ":63.0,"Blocks":28.0,"Int":9.0},{"Player":"Cristian Battocchio","Pos":"MF","Tkl":32.0,"TklW":25.0,"Past":28.0,"Press":282.0,"Succ":72.0,"Blocks":18.0,"Int":19.0},{"Player":"Haris Belkebla","Pos":"MF","Tkl":57.0,"TklW":42.0,"Past":23.0,"Press":440.0,"Succ":124.0,"Blocks":39.0,"Int":35.0},{"Player":"Jean-Ricner Bellegarde","Pos":"MF","Tkl":38.0,"TklW":27.0,"Past":11.0,"Press":300.0,"Succ":103.0,"Blocks":20.0,"Int":20.0},{"Player":"Wissam Ben Yedder","Pos":"FW","Tkl":19.0,"TklW":15.0,"Past":14.0,"Press":456.0,"Succ":124.0,"Blocks":19.0,"Int":6.0},{"Player":"Darío Benedetto","Pos":"FW","Tkl":16.0,"TklW":14.0,"Past":18.0,"Press":336.0,"Succ":84.0,"Blocks":19.0,"Int":4.0},{"Player":"Walter Benítez","Pos":"GK","Tkl":0.0,"TklW":0.0,"Past":2.0,"Press":4.0,"Succ":1.0,"Blocks":0.0,"Int":0.0},{"Player":"Loris Benito","Pos":"DF","Tkl":45.0,"TklW":29.0,"Past":28.0,"Press":306.0,"Succ":96.0,"Blocks":32.0,"Int":16.0},{"Player":"Yassin Benrahou","Pos":"FW","Tkl":6.0,"TklW":4.0,"Past":2.0,"Press":46.0,"Succ":14.0,"Blocks":1.0,"Int":3.0},{"Player":"Yassin Benrahou","Pos":"MF","Tkl":9.0,"TklW":5.0,"Past":14.0,"Press":150.0,"Succ":53.0,"Blocks":7.0,"Int":3.0},{"Player":"Paul Bernardoni","Pos":"GK","Tkl":0.0,"TklW":0.0,"Past":1.0,"Press":2.0,"Succ":0.0,"Blocks":0.0,"Int":0.0},{"Player":"Juan Bernat","Pos":"DF","Tkl":43.0,"TklW":21.0,"Past":43.0,"Press":238.0,"Succ":78.0,"Blocks":31.0,"Int":8.0},{"Player":"Ludovic Blas","Pos":"FW","Tkl":28.0,"TklW":15.0,"Past":27.0,"Press":582.0,"Succ":122.0,"Blocks":31.0,"Int":12.0},{"Player":"Alexis Blin","Pos":"MF","Tkl":56.0,"TklW":43.0,"Past":48.0,"Press":571.0,"Succ":149.0,"Blocks":36.0,"Int":18.0},{"Player":"Quentin Boisgard","Pos":"MF","Tkl":28.0,"TklW":23.0,"Past":25.0,"Press":274.0,"Succ":85.0,"Blocks":15.0,"Int":15.0},{"Player":"Gabriel","Pos":"MF","Tkl":1.0,"TklW":1.0,"Past":5.0,"Press":37.0,"Succ":11.0,"Blocks":2.0,"Int":3.0},{"Player":"Denis Bouanga","Pos":"FW","Tkl":59.0,"TklW":35.0,"Past":33.0,"Press":513.0,"Succ":129.0,"Blocks":34.0,"Int":10.0},{"Player":"Ryad Boudebouz","Pos":"MF","Tkl":24.0,"TklW":17.0,"Past":24.0,"Press":403.0,"Succ":114.0,"Blocks":17.0,"Int":9.0},{"Player":"Farid Boulaya","Pos":"FW","Tkl":17.0,"TklW":12.0,"Past":13.0,"Press":181.0,"Succ":41.0,"Blocks":11.0,"Int":9.0},{"Player":"Benjamin Bourigeaud","Pos":"MF","Tkl":43.0,"TklW":27.0,"Past":63.0,"Press":508.0,"Succ":131.0,"Blocks":46.0,"Int":12.0},{"Player":"John Boye","Pos":"DF","Tkl":43.0,"TklW":25.0,"Past":14.0,"Press":217.0,"Succ":82.0,"Blocks":46.0,"Int":23.0},{"Player":"Domagoj Bradaric","Pos":"DF","Tkl":29.0,"TklW":14.0,"Past":20.0,"Press":220.0,"Succ":62.0,"Blocks":26.0,"Int":13.0},{"Player":"Anthony Briancon","Pos":"DF","Tkl":32.0,"TklW":15.0,"Past":22.0,"Press":175.0,"Succ":63.0,"Blocks":40.0,"Int":30.0},{"Player":"Jimmy Briand","Pos":"FW","Tkl":10.0,"TklW":5.0,"Past":14.0,"Press":384.0,"Succ":107.0,"Blocks":11.0,"Int":4.0},{"Player":"Patrick Burner","Pos":"DF","Tkl":37.0,"TklW":23.0,"Past":16.0,"Press":164.0,"Succ":43.0,"Blocks":26.0,"Int":20.0},{"Player":"Ludovic Butelle","Pos":"GK","Tkl":0.0,"TklW":0.0,"Past":1.0,"Press":9.0,"Succ":2.0,"Blocks":1.0,"Int":0.0},{"Player":"Yohan Cabaye","Pos":"MF","Tkl":37.0,"TklW":26.0,"Past":20.0,"Press":249.0,"Succ":77.0,"Blocks":12.0,"Int":17.0},{"Player":"Jhonder Cádiz","Pos":"FW","Tkl":17.0,"TklW":10.0,"Past":4.0,"Press":127.0,"Succ":40.0,"Blocks":6.0,"Int":0.0},{"Player":"Arturo Calabresi","Pos":"DF","Tkl":59.0,"TklW":42.0,"Past":57.0,"Press":314.0,"Succ":113.0,"Blocks":50.0,"Int":27.0},{"Player":"Duje Caleta-Car","Pos":"DF","Tkl":34.0,"TklW":19.0,"Past":12.0,"Press":144.0,"Succ":45.0,"Blocks":38.0,"Int":15.0},{"Player":"Eduardo Camavinga","Pos":"MF","Tkl":98.0,"TklW":58.0,"Past":56.0,"Press":574.0,"Succ":187.0,"Blocks":36.0,"Int":24.0},{"Player":"Pierrick Capelle","Pos":"MF","Tkl":46.0,"TklW":35.0,"Past":43.0,"Press":455.0,"Succ":107.0,"Blocks":26.0,"Int":17.0},{"Player":"Irvin Cardona","Pos":"FW","Tkl":16.0,"TklW":11.0,"Past":21.0,"Press":331.0,"Succ":94.0,"Blocks":15.0,"Int":3.0},{"Player":"Lionel Carole","Pos":"DF","Tkl":20.0,"TklW":8.0,"Past":9.0,"Press":140.0,"Succ":40.0,"Blocks":16.0,"Int":13.0},{"Player":"Jean-Charles Castelletto","Pos":"DF","Tkl":23.0,"TklW":12.0,"Past":8.0,"Press":146.0,"Succ":53.0,"Blocks":41.0,"Int":16.0},{"Player":"Fabien Centonze","Pos":"DF","Tkl":89.0,"TklW":53.0,"Past":25.0,"Press":444.0,"Succ":116.0,"Blocks":61.0,"Int":45.0},{"Player":"Fouad Chafik","Pos":"DF","Tkl":40.0,"TklW":23.0,"Past":25.0,"Press":212.0,"Succ":57.0,"Blocks":21.0,"Int":30.0},{"Player":"Gaëtan Charbonnier","Pos":"FW","Tkl":38.0,"TklW":22.0,"Past":24.0,"Press":378.0,"Succ":91.0,"Blocks":29.0,"Int":5.0},{"Player":"Xavier Chavalerin","Pos":"MF","Tkl":76.0,"TklW":52.0,"Past":38.0,"Press":505.0,"Succ":150.0,"Blocks":39.0,"Int":29.0},{"Player":"Aurélien Chedjou","Pos":"DF","Tkl":35.0,"TklW":27.0,"Past":14.0,"Press":183.0,"Succ":66.0,"Blocks":33.0,"Int":27.0},{"Player":"Joris Chotard","Pos":"MF","Tkl":34.0,"TklW":21.0,"Past":20.0,"Press":287.0,"Succ":91.0,"Blocks":16.0,"Int":16.0},{"Player":"Mounir Chouiar","Pos":"MF","Tkl":38.0,"TklW":27.0,"Past":35.0,"Press":359.0,"Succ":99.0,"Blocks":21.0,"Int":11.0},{"Player":"Alexis Claude Maurice","Pos":"MF","Tkl":30.0,"TklW":18.0,"Past":23.0,"Press":350.0,"Succ":87.0,"Blocks":22.0,"Int":12.0},{"Player":"Daniel Congré","Pos":"DF","Tkl":33.0,"TklW":23.0,"Past":25.0,"Press":207.0,"Succ":65.0,"Blocks":29.0,"Int":29.0},{"Player":"Maxwel Cornet","Pos":"FW","Tkl":28.0,"TklW":14.0,"Past":9.0,"Press":219.0,"Succ":68.0,"Blocks":20.0,"Int":15.0},{"Player":"Benoit Costil","Pos":"GK","Tkl":0.0,"TklW":0.0,"Past":3.0,"Press":7.0,"Succ":3.0,"Blocks":0.0,"Int":0.0},{"Player":"Kalifa Coulibaly","Pos":"FW","Tkl":11.0,"TklW":7.0,"Past":6.0,"Press":252.0,"Succ":68.0,"Blocks":10.0,"Int":7.0},{"Player":"Yoann Court","Pos":"FW","Tkl":57.0,"TklW":32.0,"Past":49.0,"Press":328.0,"Succ":79.0,"Blocks":23.0,"Int":12.0},{"Player":"Wylan Cyprien","Pos":"MF","Tkl":22.0,"TklW":16.0,"Past":27.0,"Press":336.0,"Succ":92.0,"Blocks":14.0,"Int":16.0},{"Player":"Damien Da Silva","Pos":"DF","Tkl":31.0,"TklW":17.0,"Past":13.0,"Press":159.0,"Succ":59.0,"Blocks":38.0,"Int":20.0},{"Player":"Dante","Pos":"DF","Tkl":36.0,"TklW":19.0,"Past":7.0,"Press":166.0,"Succ":60.0,"Blocks":47.0,"Int":18.0},{"Player":"Lucas Deaux","Pos":"MF","Tkl":55.0,"TklW":34.0,"Past":40.0,"Press":391.0,"Succ":139.0,"Blocks":25.0,"Int":10.0},{"Player":"Mathieu Debuchy","Pos":"DF","Tkl":52.0,"TklW":26.0,"Past":28.0,"Press":250.0,"Succ":79.0,"Blocks":46.0,"Int":33.0},{"Player":"Romain Del Castillo","Pos":"FW","Tkl":25.0,"TklW":19.0,"Past":26.0,"Press":348.0,"Succ":81.0,"Blocks":16.0,"Int":7.0},{"Player":"Thomas Delaine","Pos":"DF","Tkl":27.0,"TklW":14.0,"Past":12.0,"Press":204.0,"Succ":48.0,"Blocks":28.0,"Int":12.0},{"Player":"Andy Delort","Pos":"FW","Tkl":32.0,"TklW":20.0,"Past":16.0,"Press":347.0,"Succ":103.0,"Blocks":22.0,"Int":7.0},{"Player":"Moussa Dembele","Pos":"FW","Tkl":12.0,"TklW":9.0,"Past":15.0,"Press":292.0,"Succ":77.0,"Blocks":21.0,"Int":4.0},{"Player":"Jason Denayer","Pos":"DF","Tkl":22.0,"TklW":16.0,"Past":8.0,"Press":144.0,"Succ":53.0,"Blocks":42.0,"Int":11.0},{"Player":"Kévin Denkey","Pos":"FW","Tkl":11.0,"TklW":9.0,"Past":7.0,"Press":135.0,"Succ":40.0,"Blocks":6.0,"Int":0.0},{"Player":"Ángel Di María","Pos":"FW","Tkl":21.0,"TklW":13.0,"Past":35.0,"Press":410.0,"Succ":104.0,"Blocks":20.0,"Int":10.0},{"Player":"Boulaye Dia","Pos":"FW","Tkl":21.0,"TklW":13.0,"Past":14.0,"Press":319.0,"Succ":92.0,"Blocks":16.0,"Int":9.0},{"Player":"Fousseni Diabate","Pos":"FW","Tkl":18.0,"TklW":10.0,"Past":8.0,"Press":378.0,"Succ":99.0,"Blocks":15.0,"Int":8.0},{"Player":"Bafode Diakite","Pos":"DF","Tkl":21.0,"TklW":14.0,"Past":8.0,"Press":122.0,"Succ":41.0,"Blocks":23.0,"Int":15.0},{"Player":"Abdou Diallo","Pos":"DF","Tkl":17.0,"TklW":10.0,"Past":9.0,"Press":150.0,"Succ":56.0,"Blocks":22.0,"Int":8.0},{"Player":"Habib Diallo","Pos":"FW","Tkl":3.0,"TklW":2.0,"Past":8.0,"Press":463.0,"Succ":90.0,"Blocks":10.0,"Int":4.0},{"Player":"Ibrahima Diallo","Pos":"MF","Tkl":48.0,"TklW":38.0,"Past":13.0,"Press":317.0,"Succ":102.0,"Blocks":15.0,"Int":15.0},{"Player":"Bakaye Dibassy","Pos":"DF","Tkl":35.0,"TklW":19.0,"Past":8.0,"Press":199.0,"Succ":64.0,"Blocks":54.0,"Int":34.0},{"Player":"Tristan Dingome","Pos":"MF","Tkl":11.0,"TklW":7.0,"Past":17.0,"Press":212.0,"Succ":57.0,"Blocks":11.0,"Int":4.0},{"Player":"Axel Disasi","Pos":"DF","Tkl":34.0,"TklW":23.0,"Past":12.0,"Press":187.0,"Succ":61.0,"Blocks":44.0,"Int":11.0},{"Player":"Alexander Djiku","Pos":"DF","Tkl":65.0,"TklW":40.0,"Past":16.0,"Press":304.0,"Succ":105.0,"Blocks":30.0,"Int":38.0},{"Player":"Kasper Dolberg","Pos":"FW","Tkl":16.0,"TklW":8.0,"Past":16.0,"Press":379.0,"Succ":87.0,"Blocks":18.0,"Int":9.0},{"Player":"Anastasios Donis","Pos":"FW","Tkl":5.0,"TklW":3.0,"Past":10.0,"Press":106.0,"Succ":23.0,"Blocks":3.0,"Int":0.0},{"Player":"Gabriel","Pos":"DF","Tkl":44.0,"TklW":31.0,"Past":10.0,"Press":184.0,"Succ":72.0,"Blocks":40.0,"Int":12.0},{"Player":"Mathieu Dossevi","Pos":"MF","Tkl":36.0,"TklW":22.0,"Past":21.0,"Press":324.0,"Succ":77.0,"Blocks":32.0,"Int":8.0},{"Player":"Moussa Doumbia","Pos":"FW","Tkl":21.0,"TklW":14.0,"Past":18.0,"Press":277.0,"Succ":69.0,"Blocks":19.0,"Int":20.0},{"Player":"Léo Dubois","Pos":"DF","Tkl":31.0,"TklW":21.0,"Past":14.0,"Press":238.0,"Succ":72.0,"Blocks":26.0,"Int":13.0},{"Player":"Bruno Ecuele Manga","Pos":"DF","Tkl":27.0,"TklW":20.0,"Past":14.0,"Press":213.0,"Succ":87.0,"Blocks":50.0,"Int":25.0},{"Player":"Cesc Fàbregas","Pos":"MF","Tkl":13.0,"TklW":9.0,"Past":18.0,"Press":217.0,"Succ":60.0,"Blocks":11.0,"Int":7.0},{"Player":"Julien Faussurier","Pos":"DF","Tkl":40.0,"TklW":28.0,"Past":44.0,"Press":254.0,"Succ":85.0,"Blocks":46.0,"Int":23.0},{"Player":"Zinedine Ferhat","Pos":"FW","Tkl":27.0,"TklW":16.0,"Past":37.0,"Press":263.0,"Succ":77.0,"Blocks":24.0,"Int":16.0},{"Player":"Juan Ferney Otero","Pos":"FW","Tkl":15.0,"TklW":11.0,"Past":20.0,"Press":270.0,"Succ":61.0,"Blocks":25.0,"Int":12.0},{"Player":"Jordan Ferri","Pos":"MF","Tkl":28.0,"TklW":17.0,"Past":40.0,"Press":322.0,"Succ":87.0,"Blocks":13.0,"Int":11.0},{"Player":"Mamadou Fofana","Pos":"DF","Tkl":56.0,"TklW":36.0,"Past":22.0,"Press":292.0,"Succ":95.0,"Blocks":34.0,"Int":17.0},{"Player":"Youssouf Fofana","Pos":"MF","Tkl":23.0,"TklW":14.0,"Past":23.0,"Press":235.0,"Succ":78.0,"Blocks":15.0,"Int":11.0},{"Player":"Youssouf Fofana","Pos":"MF","Tkl":18.0,"TklW":15.0,"Past":13.0,"Press":152.0,"Succ":53.0,"Blocks":16.0,"Int":6.0},{"Player":"Thomas Foket","Pos":"DF","Tkl":55.0,"TklW":36.0,"Past":21.0,"Press":300.0,"Succ":103.0,"Blocks":37.0,"Int":23.0},{"Player":"Lamine Fomba","Pos":"MF","Tkl":54.0,"TklW":31.0,"Past":28.0,"Press":430.0,"Succ":121.0,"Blocks":37.0,"Int":17.0},{"Player":"José Fonte","Pos":"DF","Tkl":28.0,"TklW":15.0,"Past":14.0,"Press":124.0,"Succ":45.0,"Blocks":22.0,"Int":16.0},{"Player":"Angelo Fulgini","Pos":"MF","Tkl":33.0,"TklW":23.0,"Past":19.0,"Press":297.0,"Succ":85.0,"Blocks":22.0,"Int":22.0},{"Player":"Gabriel","Pos":"DF","Tkl":8.0,"TklW":7.0,"Past":3.0,"Press":38.0,"Succ":15.0,"Blocks":7.0,"Int":5.0},{"Player":"Idrissa Gueye","Pos":"MF","Tkl":75.0,"TklW":47.0,"Past":29.0,"Press":450.0,"Succ":142.0,"Blocks":31.0,"Int":22.0},{"Player":"Ignatius Ganago","Pos":"FW","Tkl":11.0,"TklW":8.0,"Past":16.0,"Press":285.0,"Succ":48.0,"Blocks":9.0,"Int":4.0},{"Player":"Valère Germain","Pos":"FW","Tkl":23.0,"TklW":19.0,"Past":19.0,"Press":281.0,"Succ":65.0,"Blocks":31.0,"Int":3.0},{"Player":"Andrei Girotto","Pos":"DF","Tkl":78.0,"TklW":54.0,"Past":39.0,"Press":317.0,"Succ":125.0,"Blocks":43.0,"Int":22.0},{"Player":"Kamil Glik","Pos":"DF","Tkl":30.0,"TklW":13.0,"Past":11.0,"Press":166.0,"Succ":52.0,"Blocks":41.0,"Int":18.0},{"Player":"Joris Gnagnon","Pos":"DF","Tkl":22.0,"TklW":15.0,"Past":3.0,"Press":94.0,"Succ":37.0,"Blocks":28.0,"Int":5.0},{"Player":"Eddy Gnahore","Pos":"MF","Tkl":27.0,"TklW":20.0,"Past":21.0,"Press":276.0,"Succ":64.0,"Blocks":27.0,"Int":13.0},{"Player":"Aleksandr Golovin","Pos":"MF","Tkl":52.0,"TklW":35.0,"Past":58.0,"Press":627.0,"Succ":153.0,"Blocks":41.0,"Int":28.0},{"Player":"Alfred Gomis","Pos":"GK","Tkl":0.0,"TklW":0.0,"Past":1.0,"Press":6.0,"Succ":0.0,"Blocks":1.0,"Int":0.0},{"Player":"Álvaro González","Pos":"DF","Tkl":18.0,"TklW":8.0,"Past":6.0,"Press":82.0,"Succ":22.0,"Blocks":11.0,"Int":13.0},{"Player":"Max Gradel","Pos":"MF","Tkl":40.0,"TklW":28.0,"Past":38.0,"Press":375.0,"Succ":90.0,"Blocks":27.0,"Int":10.0},{"Player":"Samuel Grandsir","Pos":"FW","Tkl":33.0,"TklW":19.0,"Past":25.0,"Press":291.0,"Succ":83.0,"Blocks":20.0,"Int":7.0},{"Player":"Sehrou Guirassy","Pos":"FW","Tkl":6.0,"TklW":4.0,"Past":4.0,"Press":279.0,"Succ":67.0,"Blocks":14.0,"Int":5.0},{"Player":"Régis Gurtner","Pos":"GK","Tkl":0.0,"TklW":0.0,"Past":2.0,"Press":1.0,"Succ":0.0,"Blocks":0.0,"Int":0.0},{"Player":"Christophe Herelle","Pos":"DF","Tkl":18.0,"TklW":9.0,"Past":4.0,"Press":74.0,"Succ":14.0,"Blocks":21.0,"Int":12.0},{"Player":"Hilton","Pos":"DF","Tkl":36.0,"TklW":24.0,"Past":23.0,"Press":170.0,"Succ":60.0,"Blocks":37.0,"Int":33.0},{"Player":"Adrien Hunou","Pos":"FW","Tkl":23.0,"TklW":16.0,"Past":21.0,"Press":322.0,"Succ":95.0,"Blocks":21.0,"Int":2.0},{"Player":"Mauro Icardi","Pos":"FW","Tkl":6.0,"TklW":4.0,"Past":13.0,"Press":217.0,"Succ":56.0,"Blocks":10.0,"Int":3.0},{"Player":"Jonathan Ikone","Pos":"MF","Tkl":19.0,"TklW":13.0,"Past":21.0,"Press":486.0,"Succ":133.0,"Blocks":26.0,"Int":5.0},{"Player":"Abdoul Kader Bamba","Pos":"FW","Tkl":28.0,"TklW":17.0,"Past":24.0,"Press":306.0,"Succ":85.0,"Blocks":24.0,"Int":20.0},{"Player":"Gaël Kakuta","Pos":"MF","Tkl":44.0,"TklW":31.0,"Past":31.0,"Press":552.0,"Succ":153.0,"Blocks":18.0,"Int":16.0},{"Player":"Samuel Kalu","Pos":"FW","Tkl":43.0,"TklW":19.0,"Past":22.0,"Press":304.0,"Succ":81.0,"Blocks":21.0,"Int":19.0},{"Player":"Boubacar Kamara","Pos":"DF","Tkl":76.0,"TklW":53.0,"Past":41.0,"Press":355.0,"Succ":127.0,"Blocks":41.0,"Int":15.0},{"Player":"Hassane Kamara","Pos":"DF","Tkl":66.0,"TklW":31.0,"Past":22.0,"Press":313.0,"Succ":97.0,"Blocks":40.0,"Int":30.0},{"Player":"Keita","Pos":"MF","Tkl":2.0,"TklW":1.0,"Past":4.0,"Press":26.0,"Succ":3.0,"Blocks":0.0,"Int":2.0},{"Player":"Wahbi Khazri","Pos":"FW","Tkl":18.0,"TklW":11.0,"Past":19.0,"Press":250.0,"Succ":63.0,"Blocks":13.0,"Int":4.0},{"Player":"Presnel Kimpembe","Pos":"DF","Tkl":41.0,"TklW":25.0,"Past":10.0,"Press":124.0,"Succ":49.0,"Blocks":14.0,"Int":18.0},{"Player":"Timothée Kolodziejczak","Pos":"DF","Tkl":17.0,"TklW":12.0,"Past":17.0,"Press":158.0,"Succ":49.0,"Blocks":26.0,"Int":24.0},{"Player":"Ghislain Konan","Pos":"DF","Tkl":41.0,"TklW":25.0,"Past":19.0,"Press":184.0,"Succ":58.0,"Blocks":22.0,"Int":26.0},{"Player":"Lamine Koné","Pos":"DF","Tkl":32.0,"TklW":20.0,"Past":10.0,"Press":156.0,"Succ":46.0,"Blocks":21.0,"Int":20.0},{"Player":"Laurent Koscielny","Pos":"DF","Tkl":27.0,"TklW":16.0,"Past":11.0,"Press":169.0,"Succ":60.0,"Blocks":49.0,"Int":16.0},{"Player":"Efthymios Koulouris","Pos":"FW","Tkl":10.0,"TklW":6.0,"Past":12.0,"Press":219.0,"Succ":48.0,"Blocks":15.0,"Int":4.0},{"Player":"Gaetan Laborde","Pos":"FW","Tkl":23.0,"TklW":18.0,"Past":24.0,"Press":476.0,"Succ":128.0,"Blocks":26.0,"Int":9.0},{"Player":"Alban Lafont","Pos":"GK","Tkl":0.0,"TklW":0.0,"Past":0.0,"Press":7.0,"Succ":1.0,"Blocks":0.0,"Int":0.0},{"Player":"Kenny Lala","Pos":"DF","Tkl":41.0,"TklW":26.0,"Past":12.0,"Press":352.0,"Succ":108.0,"Blocks":27.0,"Int":17.0},{"Player":"Gautier Larsonneur","Pos":"GK","Tkl":0.0,"TklW":0.0,"Past":4.0,"Press":11.0,"Succ":3.0,"Blocks":0.0,"Int":0.0},{"Player":"Paul Lasne","Pos":"MF","Tkl":24.0,"TklW":17.0,"Past":17.0,"Press":270.0,"Succ":69.0,"Blocks":12.0,"Int":3.0},{"Player":"Wesley Lautoa","Pos":"MF","Tkl":60.0,"TklW":42.0,"Past":52.0,"Press":377.0,"Succ":122.0,"Blocks":46.0,"Int":31.0},{"Player":"Damien Le Tallec","Pos":"MF","Tkl":51.0,"TklW":35.0,"Past":52.0,"Press":501.0,"Succ":153.0,"Blocks":51.0,"Int":27.0},{"Player":"James Edward Lea Siliki","Pos":"MF","Tkl":29.0,"TklW":19.0,"Past":17.0,"Press":239.0,"Succ":67.0,"Blocks":19.0,"Int":5.0},{"Player":"Benjamin Lecomte","Pos":"GK","Tkl":0.0,"TklW":0.0,"Past":1.0,"Press":5.0,"Succ":1.0,"Blocks":1.0,"Int":0.0},{"Player":"Pierre Lees-Melou","Pos":"MF","Tkl":69.0,"TklW":43.0,"Past":65.0,"Press":606.0,"Succ":155.0,"Blocks":52.0,"Int":30.0},{"Player":"Aaron Leya Iseka","Pos":"FW","Tkl":5.0,"TklW":5.0,"Past":1.0,"Press":137.0,"Succ":28.0,"Blocks":6.0,"Int":2.0},{"Player":"Dmitri Lienard","Pos":"MF","Tkl":42.0,"TklW":28.0,"Past":27.0,"Press":322.0,"Succ":96.0,"Blocks":26.0,"Int":21.0},{"Player":"Anthony Lopes","Pos":"GK","Tkl":0.0,"TklW":0.0,"Past":1.0,"Press":7.0,"Succ":2.0,"Blocks":0.0,"Int":0.0},{"Player":"Maxime Lopez","Pos":"MF","Tkl":13.0,"TklW":10.0,"Past":26.0,"Press":227.0,"Succ":64.0,"Blocks":10.0,"Int":7.0},{"Player":"Imran Louza","Pos":"MF","Tkl":58.0,"TklW":45.0,"Past":36.0,"Press":596.0,"Succ":147.0,"Blocks":29.0,"Int":13.0},{"Player":"Arnaud Lusamba","Pos":"MF","Tkl":24.0,"TklW":16.0,"Past":20.0,"Press":282.0,"Succ":81.0,"Blocks":13.0,"Int":4.0},{"Player":"Mike Maignan","Pos":"GK","Tkl":0.0,"TklW":0.0,"Past":0.0,"Press":3.0,"Succ":2.0,"Blocks":0.0,"Int":0.0},{"Player":"Josh Maja","Pos":"FW","Tkl":6.0,"TklW":5.0,"Past":11.0,"Press":184.0,"Succ":41.0,"Blocks":11.0,"Int":3.0},{"Player":"Jean-Victor Makengo","Pos":"MF","Tkl":16.0,"TklW":10.0,"Past":11.0,"Press":211.0,"Succ":62.0,"Blocks":10.0,"Int":3.0},{"Player":"Vincent Manceau","Pos":"DF","Tkl":49.0,"TklW":29.0,"Past":29.0,"Press":290.0,"Succ":101.0,"Blocks":47.0,"Int":22.0},{"Player":"Steve Mandanda","Pos":"GK","Tkl":0.0,"TklW":0.0,"Past":4.0,"Press":6.0,"Succ":2.0,"Blocks":0.0,"Int":0.0},{"Player":"Reinildo","Pos":"DF","Tkl":48.0,"TklW":32.0,"Past":17.0,"Press":210.0,"Succ":68.0,"Blocks":27.0,"Int":13.0},{"Player":"Thomas Mangani","Pos":"MF","Tkl":34.0,"TklW":23.0,"Past":47.0,"Press":497.0,"Succ":122.0,"Blocks":29.0,"Int":11.0},{"Player":"Myziane Maolida","Pos":"FW","Tkl":15.0,"TklW":11.0,"Past":11.0,"Press":140.0,"Succ":36.0,"Blocks":13.0,"Int":5.0},{"Player":"Faitout Maouassa","Pos":"DF","Tkl":59.0,"TklW":29.0,"Past":9.0,"Press":256.0,"Succ":70.0,"Blocks":38.0,"Int":15.0},{"Player":"Marcelo","Pos":"DF","Tkl":32.0,"TklW":16.0,"Past":10.0,"Press":108.0,"Succ":41.0,"Blocks":24.0,"Int":17.0},{"Player":"Guillermo Maripán","Pos":"DF","Tkl":51.0,"TklW":28.0,"Past":24.0,"Press":234.0,"Succ":88.0,"Blocks":40.0,"Int":21.0},{"Player":"Marquinhos","Pos":"MF","Tkl":43.0,"TklW":25.0,"Past":20.0,"Press":293.0,"Succ":108.0,"Blocks":34.0,"Int":11.0},{"Player":"Pablo","Pos":"DF","Tkl":42.0,"TklW":28.0,"Past":34.0,"Press":207.0,"Succ":60.0,"Blocks":44.0,"Int":37.0},{"Player":"Gelson Martins","Pos":"DF","Tkl":31.0,"TklW":20.0,"Past":34.0,"Press":269.0,"Succ":70.0,"Blocks":17.0,"Int":24.0},{"Player":"Stephy Mavididi","Pos":"FW","Tkl":22.0,"TklW":14.0,"Past":15.0,"Press":345.0,"Succ":101.0,"Blocks":19.0,"Int":5.0},{"Player":"Pedro Mendes","Pos":"DF","Tkl":38.0,"TklW":29.0,"Past":8.0,"Press":197.0,"Succ":68.0,"Blocks":24.0,"Int":14.0},{"Player":"Thiago Mendes","Pos":"MF","Tkl":47.0,"TklW":31.0,"Past":23.0,"Press":397.0,"Succ":107.0,"Blocks":34.0,"Int":25.0},{"Player":"Alexandre Mendy","Pos":"FW","Tkl":4.0,"TklW":2.0,"Past":6.0,"Press":134.0,"Succ":27.0,"Blocks":6.0,"Int":0.0},{"Player":"Edouard Mendy","Pos":"GK","Tkl":0.0,"TklW":0.0,"Past":0.0,"Press":3.0,"Succ":1.0,"Blocks":0.0,"Int":0.0},{"Player":"Hamza Mendyl","Pos":"DF","Tkl":59.0,"TklW":27.0,"Past":25.0,"Press":260.0,"Succ":65.0,"Blocks":35.0,"Int":20.0},{"Player":"Thomas Meunier","Pos":"DF","Tkl":28.0,"TklW":16.0,"Past":17.0,"Press":186.0,"Succ":58.0,"Blocks":30.0,"Int":11.0},{"Player":"Mexer","Pos":"DF","Tkl":22.0,"TklW":15.0,"Past":24.0,"Press":87.0,"Succ":34.0,"Blocks":25.0,"Int":12.0},{"Player":"Florian Miguel","Pos":"DF","Tkl":53.0,"TklW":32.0,"Past":32.0,"Press":247.0,"Succ":81.0,"Blocks":32.0,"Int":27.0},{"Player":"Stefan Mitrovic","Pos":"DF","Tkl":20.0,"TklW":15.0,"Past":12.0,"Press":168.0,"Succ":61.0,"Blocks":34.0,"Int":10.0},{"Player":"Florent Mollet","Pos":"MF","Tkl":10.0,"TklW":5.0,"Past":23.0,"Press":300.0,"Succ":74.0,"Blocks":19.0,"Int":8.0},{"Player":"Thomas Monconduit","Pos":"MF","Tkl":23.0,"TklW":14.0,"Past":21.0,"Press":310.0,"Succ":77.0,"Blocks":16.0,"Int":12.0},{"Player":"Steven Moreira","Pos":"DF","Tkl":42.0,"TklW":27.0,"Past":8.0,"Press":252.0,"Succ":71.0,"Blocks":26.0,"Int":12.0},{"Player":"Jérémy Morel","Pos":"DF","Tkl":23.0,"TklW":16.0,"Past":17.0,"Press":145.0,"Succ":46.0,"Blocks":33.0,"Int":16.0},{"Player":"Lebo Mothiba","Pos":"FW","Tkl":3.0,"TklW":2.0,"Past":4.0,"Press":173.0,"Succ":37.0,"Blocks":12.0,"Int":4.0},{"Player":"Samuel Moutoussamy","Pos":"DF","Tkl":6.0,"TklW":2.0,"Past":7.0,"Press":85.0,"Succ":23.0,"Blocks":9.0,"Int":2.0},{"Player":"Marshall Munetsi","Pos":"MF","Tkl":26.0,"TklW":17.0,"Past":14.0,"Press":178.0,"Succ":49.0,"Blocks":21.0,"Int":11.0},{"Player":"Keylor Navas","Pos":"GK","Tkl":0.0,"TklW":0.0,"Past":0.0,"Press":2.0,"Succ":0.0,"Blocks":0.0,"Int":0.0},{"Player":"Neymar","Pos":"MF","Tkl":14.0,"TklW":7.0,"Past":22.0,"Press":170.0,"Succ":49.0,"Blocks":10.0,"Int":6.0},{"Player":"Opa Nguette","Pos":"FW","Tkl":45.0,"TklW":35.0,"Past":36.0,"Press":417.0,"Succ":122.0,"Blocks":22.0,"Int":9.0},{"Player":"Ibrahima Niane","Pos":"FW","Tkl":15.0,"TklW":10.0,"Past":14.0,"Press":181.0,"Succ":45.0,"Blocks":17.0,"Int":5.0},{"Player":"Casimir Ninga","Pos":"MF","Tkl":7.0,"TklW":5.0,"Past":5.0,"Press":152.0,"Succ":27.0,"Blocks":7.0,"Int":4.0},{"Player":"Arnaud Nordin","Pos":"FW","Tkl":5.0,"TklW":3.0,"Past":12.0,"Press":171.0,"Succ":47.0,"Blocks":16.0,"Int":4.0},{"Player":"Victor Osimhen","Pos":"FW","Tkl":8.0,"TklW":5.0,"Past":7.0,"Press":439.0,"Succ":136.0,"Blocks":17.0,"Int":12.0},{"Player":"Otávio","Pos":"MF","Tkl":85.0,"TklW":58.0,"Past":54.0,"Press":679.0,"Succ":218.0,"Blocks":46.0,"Int":25.0},{"Player":"Remi Oudin","Pos":"FW","Tkl":14.0,"TklW":8.0,"Past":17.0,"Press":230.0,"Succ":53.0,"Blocks":26.0,"Int":13.0},{"Player":"Remi Oudin","Pos":"FW","Tkl":9.0,"TklW":7.0,"Past":9.0,"Press":107.0,"Succ":32.0,"Blocks":18.0,"Int":1.0},{"Player":"Alexandre Oukidja","Pos":"GK","Tkl":0.0,"TklW":0.0,"Past":1.0,"Press":6.0,"Succ":0.0,"Blocks":0.0,"Int":0.0},{"Player":"Adam Ounas","Pos":"MF","Tkl":9.0,"TklW":7.0,"Past":9.0,"Press":198.0,"Succ":44.0,"Blocks":12.0,"Int":8.0},{"Player":"Ambroise Oyongo","Pos":"DF","Tkl":20.0,"TklW":8.0,"Past":11.0,"Press":280.0,"Succ":71.0,"Blocks":38.0,"Int":7.0},{"Player":"Pablo","Pos":"DF","Tkl":36.0,"TklW":24.0,"Past":12.0,"Press":164.0,"Succ":55.0,"Blocks":41.0,"Int":30.0},{"Player":"Nicolas Pallois","Pos":"DF","Tkl":59.0,"TklW":25.0,"Past":38.0,"Press":211.0,"Succ":73.0,"Blocks":29.0,"Int":24.0},{"Player":"Gaetan Paquiez","Pos":"DF","Tkl":52.0,"TklW":32.0,"Past":42.0,"Press":298.0,"Succ":91.0,"Blocks":32.0,"Int":18.0},{"Player":"Leandro Paredes","Pos":"MF","Tkl":27.0,"TklW":17.0,"Past":19.0,"Press":139.0,"Succ":37.0,"Blocks":14.0,"Int":10.0},{"Player":"Dimitri Payet","Pos":"FW","Tkl":21.0,"TklW":12.0,"Past":24.0,"Press":233.0,"Succ":66.0,"Blocks":10.0,"Int":5.0},{"Player":"Romain Perraud","Pos":"DF","Tkl":33.0,"TklW":19.0,"Past":19.0,"Press":287.0,"Succ":92.0,"Blocks":42.0,"Int":24.0},{"Player":"Loic Perrin","Pos":"DF","Tkl":30.0,"TklW":22.0,"Past":5.0,"Press":148.0,"Succ":58.0,"Blocks":30.0,"Int":23.0},{"Player":"Romain Philippoteaux","Pos":"FW","Tkl":24.0,"TklW":12.0,"Past":37.0,"Press":380.0,"Succ":94.0,"Blocks":28.0,"Int":20.0},{"Player":"Nicolas de Preville","Pos":"MF","Tkl":37.0,"TklW":25.0,"Past":32.0,"Press":431.0,"Succ":111.0,"Blocks":21.0,"Int":7.0},{"Player":"Nemanja Radonjic","Pos":"FW","Tkl":9.0,"TklW":7.0,"Past":14.0,"Press":168.0,"Succ":41.0,"Blocks":8.0,"Int":3.0},{"Player":"Predrag Rajkovic","Pos":"GK","Tkl":1.0,"TklW":1.0,"Past":1.0,"Press":2.0,"Succ":2.0,"Blocks":0.0,"Int":0.0},{"Player":"Jeff Reine-Adelaide","Pos":"MF","Tkl":11.0,"TklW":8.0,"Past":7.0,"Press":188.0,"Succ":45.0,"Blocks":6.0,"Int":4.0},{"Player":"Jeff Reine-Adelaide","Pos":"MF","Tkl":3.0,"TklW":1.0,"Past":1.0,"Press":11.0,"Succ":3.0,"Blocks":1.0,"Int":0.0},{"Player":"Loïc Remy","Pos":"FW","Tkl":6.0,"TklW":4.0,"Past":4.0,"Press":144.0,"Succ":46.0,"Blocks":4.0,"Int":0.0},{"Player":"Baptiste Reynet","Pos":"GK","Tkl":0.0,"TklW":0.0,"Past":2.0,"Press":5.0,"Succ":1.0,"Blocks":0.0,"Int":0.0},{"Player":"Renaud Ripart","Pos":"FW","Tkl":32.0,"TklW":15.0,"Past":25.0,"Press":428.0,"Succ":122.0,"Blocks":31.0,"Int":10.0},{"Player":"Mihailo Ristic","Pos":"DF","Tkl":19.0,"TklW":8.0,"Past":12.0,"Press":157.0,"Succ":31.0,"Blocks":15.0,"Int":2.0},{"Player":"Valentin Rongier","Pos":"MF","Tkl":4.0,"TklW":3.0,"Past":2.0,"Press":81.0,"Succ":21.0,"Blocks":2.0,"Int":0.0},{"Player":"Valentin Rongier","Pos":"MF","Tkl":76.0,"TklW":51.0,"Past":49.0,"Press":614.0,"Succ":160.0,"Blocks":41.0,"Int":22.0},{"Player":"Stéphane Ruffier","Pos":"GK","Tkl":0.0,"TklW":0.0,"Past":0.0,"Press":1.0,"Succ":1.0,"Blocks":0.0,"Int":0.0},{"Player":"Gerónimo Rulli","Pos":"GK","Tkl":0.0,"TklW":0.0,"Past":1.0,"Press":2.0,"Succ":0.0,"Blocks":1.0,"Int":0.0},{"Player":"Wesley Said","Pos":"MF","Tkl":15.0,"TklW":12.0,"Past":12.0,"Press":208.0,"Succ":47.0,"Blocks":15.0,"Int":5.0},{"Player":"Hiroki Sakai","Pos":"DF","Tkl":63.0,"TklW":35.0,"Past":23.0,"Press":231.0,"Succ":81.0,"Blocks":38.0,"Int":11.0},{"Player":"Junior Sambia","Pos":"DF","Tkl":14.0,"TklW":12.0,"Past":10.0,"Press":121.0,"Succ":34.0,"Blocks":8.0,"Int":4.0},{"Player":"Renato Sanches","Pos":"MF","Tkl":32.0,"TklW":25.0,"Past":35.0,"Press":413.0,"Succ":126.0,"Blocks":25.0,"Int":13.0},{"Player":"Ibrahim Sangare","Pos":"MF","Tkl":86.0,"TklW":68.0,"Past":44.0,"Press":563.0,"Succ":183.0,"Blocks":45.0,"Int":29.0},{"Player":"Yaya Sanogo","Pos":"FW","Tkl":5.0,"TklW":2.0,"Past":3.0,"Press":209.0,"Succ":56.0,"Blocks":9.0,"Int":5.0},{"Player":"Morgan Sanson","Pos":"MF","Tkl":64.0,"TklW":44.0,"Past":44.0,"Press":719.0,"Succ":200.0,"Blocks":42.0,"Int":16.0},{"Player":"Baptiste Santamaria","Pos":"MF","Tkl":93.0,"TklW":58.0,"Past":68.0,"Press":632.0,"Succ":210.0,"Blocks":39.0,"Int":32.0},{"Player":"Pablo Sarabia","Pos":"FW","Tkl":18.0,"TklW":10.0,"Past":27.0,"Press":260.0,"Succ":70.0,"Blocks":12.0,"Int":3.0},{"Player":"Bouna Sarr","Pos":"DF","Tkl":58.0,"TklW":30.0,"Past":24.0,"Press":337.0,"Succ":95.0,"Blocks":29.0,"Int":24.0},{"Player":"Malang Sarr","Pos":"DF","Tkl":20.0,"TklW":7.0,"Past":22.0,"Press":119.0,"Succ":35.0,"Blocks":23.0,"Int":24.0},{"Player":"Sidy Sarr","Pos":"MF","Tkl":39.0,"TklW":27.0,"Past":25.0,"Press":217.0,"Succ":62.0,"Blocks":19.0,"Int":7.0},{"Player":"Téji Savanier","Pos":"MF","Tkl":59.0,"TklW":37.0,"Past":51.0,"Press":361.0,"Succ":107.0,"Blocks":16.0,"Int":26.0},{"Player":"Matz Sels","Pos":"GK","Tkl":0.0,"TklW":0.0,"Past":2.0,"Press":1.0,"Succ":0.0,"Blocks":0.0,"Int":0.0},{"Player":"Adrien Silva","Pos":"MF","Tkl":38.0,"TklW":28.0,"Past":35.0,"Press":349.0,"Succ":116.0,"Blocks":26.0,"Int":12.0},{"Player":"Gabriel","Pos":"DF","Tkl":5.0,"TklW":2.0,"Past":1.0,"Press":32.0,"Succ":6.0,"Blocks":8.0,"Int":1.0},{"Player":"Thiago Silva","Pos":"DF","Tkl":33.0,"TklW":21.0,"Past":6.0,"Press":91.0,"Succ":41.0,"Blocks":27.0,"Int":14.0},{"Player":"Mohamed Simakan","Pos":"DF","Tkl":58.0,"TklW":28.0,"Past":17.0,"Press":283.0,"Succ":94.0,"Blocks":30.0,"Int":24.0},{"Player":"Moses Simon","Pos":"FW","Tkl":14.0,"TklW":10.0,"Past":15.0,"Press":318.0,"Succ":72.0,"Blocks":17.0,"Int":9.0},{"Player":"Ibrahima Sissoko","Pos":"MF","Tkl":50.0,"TklW":35.0,"Past":38.0,"Press":392.0,"Succ":111.0,"Blocks":22.0,"Int":24.0},{"Player":"Islam Slimani","Pos":"FW","Tkl":10.0,"TklW":7.0,"Past":10.0,"Press":208.0,"Succ":54.0,"Blocks":7.0,"Int":2.0},{"Player":"Boubakary Soumare","Pos":"MF","Tkl":22.0,"TklW":17.0,"Past":18.0,"Press":233.0,"Succ":72.0,"Blocks":17.0,"Int":13.0},{"Player":"Arnaud Souquet","Pos":"DF","Tkl":57.0,"TklW":28.0,"Past":46.0,"Press":433.0,"Succ":111.0,"Blocks":43.0,"Int":13.0},{"Player":"Kevin Strootman","Pos":"MF","Tkl":45.0,"TklW":27.0,"Past":32.0,"Press":294.0,"Succ":88.0,"Blocks":31.0,"Int":11.0},{"Player":"Stoppila Sunzu","Pos":"DF","Tkl":21.0,"TklW":12.0,"Past":10.0,"Press":122.0,"Succ":33.0,"Blocks":27.0,"Int":15.0},{"Player":"Issiaga Sylla","Pos":"DF","Tkl":74.0,"TklW":51.0,"Past":41.0,"Press":409.0,"Succ":127.0,"Blocks":87.0,"Int":46.0},{"Player":"Flavien Tait","Pos":"MF","Tkl":23.0,"TklW":14.0,"Past":23.0,"Press":213.0,"Succ":56.0,"Blocks":10.0,"Int":5.0},{"Player":"Júlio Tavares","Pos":"FW","Tkl":10.0,"TklW":7.0,"Past":12.0,"Press":357.0,"Succ":88.0,"Blocks":12.0,"Int":5.0},{"Player":"Aurelien Tchouameni","Pos":"MF","Tkl":0.0,"TklW":0.0,"Past":3.0,"Press":9.0,"Succ":2.0,"Blocks":0.0,"Int":0.0},{"Player":"Aurelien Tchouameni","Pos":"MF","Tkl":21.0,"TklW":18.0,"Past":15.0,"Press":221.0,"Succ":76.0,"Blocks":21.0,"Int":21.0},{"Player":"Martin Terrier","Pos":"FW","Tkl":21.0,"TklW":15.0,"Past":12.0,"Press":298.0,"Succ":75.0,"Blocks":20.0,"Int":12.0},{"Player":"Kenny Tete","Pos":"DF","Tkl":37.0,"TklW":25.0,"Past":10.0,"Press":150.0,"Succ":48.0,"Blocks":21.0,"Int":15.0},{"Player":"Sada Thioub","Pos":"MF","Tkl":21.0,"TklW":15.0,"Past":16.0,"Press":347.0,"Succ":84.0,"Blocks":20.0,"Int":9.0},{"Player":"Romain Thomas","Pos":"DF","Tkl":29.0,"TklW":23.0,"Past":22.0,"Press":227.0,"Succ":90.0,"Blocks":53.0,"Int":33.0},{"Player":"Adrien Thomasson","Pos":"MF","Tkl":33.0,"TklW":24.0,"Past":41.0,"Press":638.0,"Succ":172.0,"Blocks":24.0,"Int":7.0},{"Player":"Abdoulaye Touré","Pos":"MF","Tkl":36.0,"TklW":28.0,"Past":25.0,"Press":405.0,"Succ":120.0,"Blocks":39.0,"Int":19.0},{"Player":"Lucas Tousart","Pos":"MF","Tkl":66.0,"TklW":39.0,"Past":41.0,"Press":494.0,"Succ":158.0,"Blocks":35.0,"Int":17.0},{"Player":"Adama Traoré","Pos":"MF","Tkl":0.0,"TklW":0.0,"Past":0.0,"Press":1.0,"Succ":0.0,"Blocks":1.0,"Int":0.0},{"Player":"Adama Traoré","Pos":"FW","Tkl":6.0,"TklW":3.0,"Past":5.0,"Press":176.0,"Succ":37.0,"Blocks":13.0,"Int":1.0},{"Player":"Bertrand Traoré","Pos":"FW","Tkl":27.0,"TklW":12.0,"Past":20.0,"Press":236.0,"Succ":66.0,"Blocks":19.0,"Int":19.0},{"Player":"Charles Traore","Pos":"DF","Tkl":54.0,"TklW":29.0,"Past":30.0,"Press":301.0,"Succ":83.0,"Blocks":34.0,"Int":27.0},{"Player":"Hamari Traore","Pos":"DF","Tkl":65.0,"TklW":39.0,"Past":41.0,"Press":356.0,"Succ":104.0,"Blocks":42.0,"Int":33.0},{"Player":"Ismael Traoré","Pos":"DF","Tkl":32.0,"TklW":22.0,"Past":12.0,"Press":218.0,"Succ":79.0,"Blocks":35.0,"Int":17.0},{"Player":"Miguel Trauco","Pos":"DF","Tkl":37.0,"TklW":21.0,"Past":25.0,"Press":241.0,"Succ":78.0,"Blocks":22.0,"Int":20.0},{"Player":"Hwang Ui-Jo","Pos":"FW","Tkl":9.0,"TklW":7.0,"Past":11.0,"Press":247.0,"Succ":58.0,"Blocks":15.0,"Int":4.0},{"Player":"William Vainqueur","Pos":"MF","Tkl":64.0,"TklW":45.0,"Past":40.0,"Press":383.0,"Succ":105.0,"Blocks":29.0,"Int":24.0},{"Player":"Theo Valls","Pos":"MF","Tkl":31.0,"TklW":19.0,"Past":39.0,"Press":313.0,"Succ":83.0,"Blocks":23.0,"Int":10.0},{"Player":"Marco Verratti","Pos":"MF","Tkl":58.0,"TklW":43.0,"Past":43.0,"Press":375.0,"Succ":111.0,"Blocks":25.0,"Int":16.0},{"Player":"Xeka","Pos":"MF","Tkl":21.0,"TklW":13.0,"Past":23.0,"Press":209.0,"Succ":43.0,"Blocks":10.0,"Int":5.0},{"Player":"Yusuf Yazici","Pos":"MF","Tkl":17.0,"TklW":12.0,"Past":14.0,"Press":248.0,"Succ":65.0,"Blocks":12.0,"Int":2.0},{"Player":"Zaydou Youssef","Pos":"MF","Tkl":40.0,"TklW":23.0,"Past":20.0,"Press":204.0,"Succ":65.0,"Blocks":14.0,"Int":11.0},{"Player":"Kévin Zohi","Pos":"FW","Tkl":9.0,"TklW":7.0,"Past":4.0,"Press":100.0,"Succ":25.0,"Blocks":3.0,"Int":1.0},{"Player":"Bongani Zungu","Pos":"MF","Tkl":"26","TklW":"12","Past":"20","Press":"227","Succ":"68","Blocks":"19","Int":"18"}]