[{"Player":"Antonio Adán","Pos":"GK","Tkl":0.0,"TklW":0.0,"Past":2.0,"Press":1.0,"Succ":1.0,"Blocks":1.0,"Int":0.0},{"Player":"Aduriz","Pos":"FW","Tkl":10.0,"TklW":8.0,"Past":5.0,"Press":348.0,"Succ":95.0,"Blocks":12.0,"Int":0.0},{"Player":"Martín Aguirregabiria","Pos":"DF","Tkl":35.0,"TklW":19.0,"Past":22.0,"Press":209.0,"Succ":63.0,"Blocks":33.0,"Int":27.0},{"Player":"Matías Aguirregaray","Pos":"DF","Tkl":24.0,"TklW":15.0,"Past":18.0,"Press":173.0,"Succ":45.0,"Blocks":28.0,"Int":18.0},{"Player":"Jordi Alba","Pos":"DF","Tkl":42.0,"TklW":30.0,"Past":25.0,"Press":483.0,"Succ":142.0,"Blocks":71.0,"Int":52.0},{"Player":"Raúl Albentosa","Pos":"DF","Tkl":16.0,"TklW":12.0,"Past":10.0,"Press":120.0,"Succ":21.0,"Blocks":24.0,"Int":13.0},{"Player":"Paco Alcácer","Pos":"FW","Tkl":3.0,"TklW":3.0,"Past":6.0,"Press":118.0,"Succ":34.0,"Blocks":10.0,"Int":8.0},{"Player":"Iván Alejo","Pos":"FW","Tkl":14.0,"TklW":13.0,"Past":10.0,"Press":265.0,"Succ":85.0,"Blocks":13.0,"Int":7.0},{"Player":"Alexis","Pos":"DF","Tkl":29.0,"TklW":17.0,"Past":25.0,"Press":168.0,"Succ":41.0,"Blocks":46.0,"Int":23.0},{"Player":"Alfonso","Pos":"FW","Tkl":0.0,"TklW":0.0,"Past":0.0,"Press":1.0,"Succ":1.0,"Blocks":0.0,"Int":0.0},{"Player":"Sergio Álvarez","Pos":"GK","Tkl":0.0,"TklW":0.0,"Past":1.0,"Press":2.0,"Succ":1.0,"Blocks":1.0,"Int":0.0},{"Player":"Jordi Amat","Pos":"DF","Tkl":29.0,"TklW":16.0,"Past":13.0,"Press":192.0,"Succ":56.0,"Blocks":25.0,"Int":23.0},{"Player":"Nordin Amrabat","Pos":"FW","Tkl":14.0,"TklW":8.0,"Past":17.0,"Press":326.0,"Succ":88.0,"Blocks":17.0,"Int":5.0},{"Player":"Florin Andone","Pos":"FW","Tkl":12.0,"TklW":9.0,"Past":11.0,"Press":379.0,"Succ":71.0,"Blocks":11.0,"Int":3.0},{"Player":"Ángel","Pos":"FW","Tkl":7.0,"TklW":3.0,"Past":6.0,"Press":399.0,"Succ":95.0,"Blocks":16.0,"Int":5.0},{"Player":"Ángel","Pos":"GK","Tkl":0.0,"TklW":0.0,"Past":1.0,"Press":0.0,"Succ":0.0,"Blocks":0.0,"Int":0.0},{"Player":"Ángel","Pos":"DF","Tkl":0.0,"TklW":0.0,"Past":0.0,"Press":0.0,"Succ":0.0,"Blocks":0.0,"Int":0.0},{"Player":"Ángel","Pos":"DF","Tkl":51.0,"TklW":31.0,"Past":28.0,"Press":363.0,"Succ":132.0,"Blocks":49.0,"Int":30.0},{"Player":"Vitorino Antunes","Pos":"DF","Tkl":47.0,"TklW":21.0,"Past":39.0,"Press":338.0,"Succ":93.0,"Blocks":59.0,"Int":44.0},{"Player":"Alberto Aquilani","Pos":"MF","Tkl":32.0,"TklW":19.0,"Past":17.0,"Press":255.0,"Succ":76.0,"Blocks":21.0,"Int":19.0},{"Player":"Mauro Arambarri","Pos":"MF","Tkl":40.0,"TklW":34.0,"Past":28.0,"Press":509.0,"Succ":116.0,"Blocks":38.0,"Int":22.0},{"Player":"Guilherme","Pos":"DF","Tkl":0.0,"TklW":0.0,"Past":1.0,"Press":10.0,"Succ":2.0,"Blocks":1.0,"Int":2.0},{"Player":"Anaitz Arbilla","Pos":"DF","Tkl":28.0,"TklW":15.0,"Past":24.0,"Press":191.0,"Succ":66.0,"Blocks":40.0,"Int":51.0},{"Player":"Kepa","Pos":"GK","Tkl":0.0,"TklW":0.0,"Past":2.0,"Press":1.0,"Succ":0.0,"Blocks":0.0,"Int":0.0},{"Player":"Sergio Asenjo","Pos":"GK","Tkl":0.0,"TklW":0.0,"Past":4.0,"Press":1.0,"Succ":0.0,"Blocks":0.0,"Int":0.0},{"Player":"Marco Asensio","Pos":"FW","Tkl":19.0,"TklW":16.0,"Past":14.0,"Press":300.0,"Succ":62.0,"Blocks":14.0,"Int":9.0},{"Player":"Iago Aspas","Pos":"FW","Tkl":24.0,"TklW":19.0,"Past":21.0,"Press":606.0,"Succ":154.0,"Blocks":30.0,"Int":14.0},{"Player":"Carlos Bacca","Pos":"FW","Tkl":6.0,"TklW":5.0,"Past":8.0,"Press":353.0,"Succ":72.0,"Blocks":19.0,"Int":5.0},{"Player":"Cédric Bakambu","Pos":"FW","Tkl":8.0,"TklW":5.0,"Past":11.0,"Press":254.0,"Succ":58.0,"Blocks":15.0,"Int":5.0},{"Player":"Zakaria Bakkali","Pos":"FW","Tkl":10.0,"TklW":6.0,"Past":13.0,"Press":203.0,"Succ":45.0,"Blocks":8.0,"Int":8.0},{"Player":"Gareth Bale","Pos":"FW","Tkl":17.0,"TklW":7.0,"Past":18.0,"Press":283.0,"Succ":71.0,"Blocks":20.0,"Int":7.0},{"Player":"Balenziaga","Pos":"DF","Tkl":36.0,"TklW":25.0,"Past":20.0,"Press":306.0,"Succ":91.0,"Blocks":34.0,"Int":13.0},{"Player":"Éver Banega","Pos":"MF","Tkl":55.0,"TklW":39.0,"Past":32.0,"Press":470.0,"Succ":123.0,"Blocks":27.0,"Int":14.0},{"Player":"Leo Baptistao","Pos":"FW","Tkl":45.0,"TklW":33.0,"Past":37.0,"Press":647.0,"Succ":178.0,"Blocks":33.0,"Int":15.0},{"Player":"Mario","Pos":"GK","Tkl":0.0,"TklW":0.0,"Past":0.0,"Press":0.0,"Succ":0.0,"Blocks":0.0,"Int":0.0},{"Player":"Enis Bardhi","Pos":"MF","Tkl":32.0,"TklW":22.0,"Past":28.0,"Press":418.0,"Succ":93.0,"Blocks":22.0,"Int":22.0},{"Player":"Antonio Barragán","Pos":"DF","Tkl":46.0,"TklW":22.0,"Past":17.0,"Press":270.0,"Succ":75.0,"Blocks":46.0,"Int":15.0},{"Player":"Marc Bartra","Pos":"DF","Tkl":34.0,"TklW":27.0,"Past":13.0,"Press":158.0,"Succ":53.0,"Blocks":27.0,"Int":25.0},{"Player":"Borja Bastón","Pos":"FW","Tkl":7.0,"TklW":3.0,"Past":8.0,"Press":236.0,"Succ":53.0,"Blocks":12.0,"Int":3.0},{"Player":"Paul Baysse","Pos":"DF","Tkl":21.0,"TklW":10.0,"Past":12.0,"Press":124.0,"Succ":36.0,"Blocks":18.0,"Int":12.0},{"Player":"Claudio Beauvue","Pos":"FW","Tkl":5.0,"TklW":2.0,"Past":8.0,"Press":362.0,"Succ":95.0,"Blocks":8.0,"Int":1.0},{"Player":"Wissam Ben Yedder","Pos":"FW","Tkl":7.0,"TklW":3.0,"Past":4.0,"Press":410.0,"Succ":121.0,"Blocks":10.0,"Int":6.0},{"Player":"Karim Benzema","Pos":"FW","Tkl":8.0,"TklW":6.0,"Past":15.0,"Press":400.0,"Succ":73.0,"Blocks":14.0,"Int":6.0},{"Player":"Markel Bergara","Pos":"MF","Tkl":27.0,"TklW":16.0,"Past":23.0,"Press":280.0,"Succ":64.0,"Blocks":12.0,"Int":17.0},{"Player":"Rubén Blanco","Pos":"GK","Tkl":0.0,"TklW":0.0,"Past":2.0,"Press":0.0,"Succ":0.0,"Blocks":1.0,"Int":0.0},{"Player":"Emmanuel Boateng","Pos":"FW","Tkl":2.0,"TklW":2.0,"Past":4.0,"Press":341.0,"Succ":61.0,"Blocks":14.0,"Int":5.0},{"Player":"Daniele Bonera","Pos":"DF","Tkl":15.0,"TklW":10.0,"Past":6.0,"Press":56.0,"Succ":17.0,"Blocks":21.0,"Int":10.0},{"Player":"Celso Borges","Pos":"MF","Tkl":43.0,"TklW":33.0,"Past":29.0,"Press":705.0,"Succ":182.0,"Blocks":53.0,"Int":27.0},{"Player":"Ryad Boudebouz","Pos":"MF","Tkl":24.0,"TklW":18.0,"Past":17.0,"Press":327.0,"Succ":78.0,"Blocks":20.0,"Int":9.0},{"Player":"Darko Brasanac","Pos":"MF","Tkl":24.0,"TklW":15.0,"Past":18.0,"Press":298.0,"Succ":71.0,"Blocks":21.0,"Int":12.0},{"Player":"Burgui","Pos":"FW","Tkl":12.0,"TklW":7.0,"Past":4.0,"Press":199.0,"Succ":47.0,"Blocks":9.0,"Int":4.0},{"Player":"Sergio Busquets","Pos":"MF","Tkl":67.0,"TklW":44.0,"Past":57.0,"Press":746.0,"Succ":191.0,"Blocks":50.0,"Int":35.0},{"Player":"Unai Bustinza","Pos":"DF","Tkl":33.0,"TklW":20.0,"Past":22.0,"Press":143.0,"Succ":45.0,"Blocks":32.0,"Int":35.0},{"Player":"Cabral","Pos":"DF","Tkl":30.0,"TklW":21.0,"Past":22.0,"Press":166.0,"Succ":58.0,"Blocks":29.0,"Int":20.0},{"Player":"Cala","Pos":"DF","Tkl":18.0,"TklW":14.0,"Past":13.0,"Press":113.0,"Succ":44.0,"Blocks":44.0,"Int":21.0},{"Player":"Jonathan Calleri","Pos":"FW","Tkl":18.0,"TklW":17.0,"Past":20.0,"Press":555.0,"Succ":143.0,"Blocks":26.0,"Int":9.0},{"Player":"Víctor Camarasa","Pos":"MF","Tkl":13.0,"TklW":9.0,"Past":19.0,"Press":316.0,"Succ":76.0,"Blocks":14.0,"Int":15.0},{"Player":"José Campaña","Pos":"MF","Tkl":47.0,"TklW":34.0,"Past":37.0,"Press":585.0,"Succ":151.0,"Blocks":49.0,"Int":31.0},{"Player":"Sergio Canales","Pos":"MF","Tkl":27.0,"TklW":21.0,"Past":27.0,"Press":446.0,"Succ":104.0,"Blocks":23.0,"Int":12.0},{"Player":"Ander Capa","Pos":"DF","Tkl":42.0,"TklW":25.0,"Past":20.0,"Press":312.0,"Succ":111.0,"Blocks":43.0,"Int":30.0},{"Player":"Yannick Carrasco","Pos":"MF","Tkl":16.0,"TklW":12.0,"Past":7.0,"Press":245.0,"Succ":67.0,"Blocks":15.0,"Int":7.0},{"Player":"Fede Cartabia","Pos":"FW","Tkl":30.0,"TklW":20.0,"Past":29.0,"Press":389.0,"Succ":89.0,"Blocks":29.0,"Int":10.0},{"Player":"Daniel Carvajal","Pos":"DF","Tkl":51.0,"TklW":33.0,"Past":29.0,"Press":430.0,"Succ":142.0,"Blocks":47.0,"Int":31.0},{"Player":"Casemiro","Pos":"MF","Tkl":91.0,"TklW":67.0,"Past":53.0,"Press":586.0,"Succ":193.0,"Blocks":69.0,"Int":41.0},{"Player":"Dani Castellano","Pos":"DF","Tkl":34.0,"TklW":20.0,"Past":31.0,"Press":276.0,"Succ":82.0,"Blocks":63.0,"Int":19.0},{"Player":"Javi Castellano","Pos":"MF","Tkl":39.0,"TklW":25.0,"Past":18.0,"Press":281.0,"Succ":86.0,"Blocks":22.0,"Int":26.0},{"Player":"Samu Castillejo","Pos":"MF","Tkl":36.0,"TklW":26.0,"Past":51.0,"Press":560.0,"Succ":147.0,"Blocks":63.0,"Int":18.0},{"Player":"Jonny","Pos":"DF","Tkl":89.0,"TklW":57.0,"Past":48.0,"Press":574.0,"Succ":173.0,"Blocks":78.0,"Int":55.0},{"Player":"Charles","Pos":"FW","Tkl":7.0,"TklW":4.0,"Past":6.0,"Press":354.0,"Succ":103.0,"Blocks":11.0,"Int":6.0},{"Player":"Denis Cheryshev","Pos":"MF","Tkl":18.0,"TklW":11.0,"Past":17.0,"Press":235.0,"Succ":59.0,"Blocks":22.0,"Int":9.0},{"Player":"Leandro Chichizola","Pos":"GK","Tkl":0.0,"TklW":0.0,"Past":5.0,"Press":2.0,"Succ":0.0,"Blocks":0.0,"Int":0.0},{"Player":"Coke","Pos":"DF","Tkl":33.0,"TklW":21.0,"Past":22.0,"Press":195.0,"Succ":54.0,"Blocks":33.0,"Int":23.0},{"Player":"Emre Colak","Pos":"MF","Tkl":23.0,"TklW":15.0,"Past":14.0,"Press":300.0,"Succ":84.0,"Blocks":14.0,"Int":5.0},{"Player":"Iñigo Córdoba","Pos":"FW","Tkl":43.0,"TklW":25.0,"Past":43.0,"Press":460.0,"Succ":110.0,"Blocks":35.0,"Int":18.0},{"Player":"Ángel","Pos":"FW","Tkl":37.0,"TklW":30.0,"Past":32.0,"Press":559.0,"Succ":164.0,"Blocks":40.0,"Int":16.0},{"Player":"Joaquín","Pos":"FW","Tkl":12.0,"TklW":5.0,"Past":19.0,"Press":216.0,"Succ":64.0,"Blocks":15.0,"Int":7.0},{"Player":"Diego Costa","Pos":"FW","Tkl":12.0,"TklW":11.0,"Past":5.0,"Press":230.0,"Succ":66.0,"Blocks":12.0,"Int":3.0},{"Player":"Jaume Costa","Pos":"DF","Tkl":61.0,"TklW":38.0,"Past":25.0,"Press":250.0,"Succ":69.0,"Blocks":67.0,"Int":32.0},{"Player":"Philippe Coutinho","Pos":"FW","Tkl":16.0,"TklW":10.0,"Past":18.0,"Press":314.0,"Succ":74.0,"Blocks":17.0,"Int":7.0},{"Player":"Iván Cuéllar","Pos":"GK","Tkl":0.0,"TklW":0.0,"Past":2.0,"Press":1.0,"Succ":0.0,"Blocks":0.0,"Int":0.0},{"Player":"Sergi Darder","Pos":"MF","Tkl":58.0,"TklW":33.0,"Past":46.0,"Press":681.0,"Succ":162.0,"Blocks":42.0,"Int":35.0},{"Player":"Ousmane Dembélé","Pos":"FW","Tkl":7.0,"TklW":5.0,"Past":13.0,"Press":219.0,"Succ":52.0,"Blocks":10.0,"Int":5.0},{"Player":"Adrián","Pos":"DF","Tkl":9.0,"TklW":5.0,"Past":5.0,"Press":64.0,"Succ":17.0,"Blocks":10.0,"Int":9.0},{"Player":"Papakouly Diop","Pos":"MF","Tkl":4.0,"TklW":3.0,"Past":3.0,"Press":70.0,"Succ":12.0,"Blocks":5.0,"Int":5.0},{"Player":"Papakouly Diop","Pos":"MF","Tkl":21.0,"TklW":14.0,"Past":15.0,"Press":177.0,"Succ":51.0,"Blocks":7.0,"Int":9.0},{"Player":"Marko Dmitrovic","Pos":"GK","Tkl":0.0,"TklW":0.0,"Past":8.0,"Press":4.0,"Succ":2.0,"Blocks":1.0,"Int":0.0},{"Player":"Cheick Doukoure","Pos":"MF","Tkl":23.0,"TklW":18.0,"Past":16.0,"Press":397.0,"Succ":72.0,"Blocks":19.0,"Int":12.0},{"Player":"Rubén Duarte","Pos":"DF","Tkl":54.0,"TklW":29.0,"Past":31.0,"Press":345.0,"Succ":83.0,"Blocks":74.0,"Int":30.0},{"Player":"Riza Durmisi","Pos":"DF","Tkl":28.0,"TklW":17.0,"Past":9.0,"Press":290.0,"Succ":90.0,"Blocks":44.0,"Int":13.0},{"Player":"Aritz Elustondo","Pos":"DF","Tkl":21.0,"TklW":8.0,"Past":12.0,"Press":166.0,"Succ":54.0,"Blocks":33.0,"Int":21.0},{"Player":"Rodrigo","Pos":"DF","Tkl":25.0,"TklW":14.0,"Past":15.0,"Press":150.0,"Succ":47.0,"Blocks":63.0,"Int":28.0},{"Player":"Youssef En-Nesyri","Pos":"FW","Tkl":17.0,"TklW":11.0,"Past":12.0,"Press":463.0,"Succ":109.0,"Blocks":20.0,"Int":5.0},{"Player":"Sergi Enrich","Pos":"FW","Tkl":8.0,"TklW":8.0,"Past":12.0,"Press":342.0,"Succ":119.0,"Blocks":20.0,"Int":5.0},{"Player":"Eraso","Pos":"MF","Tkl":27.0,"TklW":14.0,"Past":22.0,"Press":879.0,"Succ":216.0,"Blocks":29.0,"Int":20.0},{"Player":"Gonzalo Escalante","Pos":"MF","Tkl":37.0,"TklW":29.0,"Past":25.0,"Press":318.0,"Succ":98.0,"Blocks":29.0,"Int":24.0},{"Player":"Sergio Escudero","Pos":"DF","Tkl":59.0,"TklW":36.0,"Past":46.0,"Press":343.0,"Succ":100.0,"Blocks":55.0,"Int":44.0},{"Player":"Bernardo","Pos":"DF","Tkl":30.0,"TklW":22.0,"Past":12.0,"Press":162.0,"Succ":56.0,"Blocks":29.0,"Int":35.0},{"Player":"Beñat","Pos":"MF","Tkl":26.0,"TklW":15.0,"Past":20.0,"Press":230.0,"Succ":56.0,"Blocks":14.0,"Int":22.0},{"Player":"Faycal Fajr","Pos":"MF","Tkl":52.0,"TklW":41.0,"Past":43.0,"Press":588.0,"Succ":128.0,"Blocks":43.0,"Int":22.0},{"Player":"Zouhair Feddal","Pos":"DF","Tkl":17.0,"TklW":10.0,"Past":8.0,"Press":96.0,"Succ":30.0,"Blocks":29.0,"Int":29.0},{"Player":"Pablo Fornals","Pos":"MF","Tkl":45.0,"TklW":34.0,"Past":45.0,"Press":671.0,"Succ":154.0,"Blocks":36.0,"Int":17.0},{"Player":"Javi Fuego","Pos":"MF","Tkl":11.0,"TklW":9.0,"Past":6.0,"Press":97.0,"Succ":22.0,"Blocks":8.0,"Int":7.0},{"Player":"Javi Fuego","Pos":"MF","Tkl":20.0,"TklW":16.0,"Past":11.0,"Press":261.0,"Succ":63.0,"Blocks":18.0,"Int":16.0},{"Player":"Gabi","Pos":"MF","Tkl":55.0,"TklW":38.0,"Past":66.0,"Press":579.0,"Succ":161.0,"Blocks":35.0,"Int":31.0},{"Player":"Gabriel","Pos":"MF","Tkl":71.0,"TklW":60.0,"Past":46.0,"Press":806.0,"Succ":197.0,"Blocks":50.0,"Int":45.0},{"Player":"Bruno","Pos":"FW","Tkl":1.0,"TklW":1.0,"Past":2.0,"Press":34.0,"Succ":9.0,"Blocks":0.0,"Int":0.0},{"Player":"Kevin Gameiro","Pos":"FW","Tkl":8.0,"TklW":4.0,"Past":3.0,"Press":321.0,"Succ":56.0,"Blocks":19.0,"Int":3.0},{"Player":"Ezequiel Garay","Pos":"DF","Tkl":20.0,"TklW":11.0,"Past":9.0,"Press":70.0,"Succ":20.0,"Blocks":33.0,"Int":29.0},{"Player":"Aleix García","Pos":"MF","Tkl":16.0,"TklW":8.0,"Past":15.0,"Press":177.0,"Succ":39.0,"Blocks":16.0,"Int":11.0},{"Player":"Borja","Pos":"MF","Tkl":26.0,"TklW":18.0,"Past":28.0,"Press":734.0,"Succ":183.0,"Blocks":44.0,"Int":31.0},{"Player":"Dani García","Pos":"MF","Tkl":56.0,"TklW":42.0,"Past":58.0,"Press":510.0,"Succ":161.0,"Blocks":39.0,"Int":50.0},{"Player":"Javi García","Pos":"DF","Tkl":15.0,"TklW":10.0,"Past":5.0,"Press":56.0,"Succ":16.0,"Blocks":17.0,"Int":10.0},{"Player":"Javi García","Pos":"MF","Tkl":24.0,"TklW":18.0,"Past":25.0,"Press":335.0,"Succ":91.0,"Blocks":32.0,"Int":15.0},{"Player":"Manu García","Pos":"MF","Tkl":90.0,"TklW":69.0,"Past":58.0,"Press":615.0,"Succ":145.0,"Blocks":40.0,"Int":32.0},{"Player":"Raúl García","Pos":"MF","Tkl":69.0,"TklW":41.0,"Past":55.0,"Press":963.0,"Succ":225.0,"Blocks":64.0,"Int":24.0},{"Player":"Raúl García","Pos":"DF","Tkl":27.0,"TklW":17.0,"Past":15.0,"Press":226.0,"Succ":78.0,"Blocks":33.0,"Int":14.0},{"Player":"Samu García","Pos":"MF","Tkl":4.0,"TklW":3.0,"Past":7.0,"Press":50.0,"Succ":8.0,"Blocks":8.0,"Int":2.0},{"Player":"Samu García","Pos":"MF","Tkl":8.0,"TklW":5.0,"Past":2.0,"Press":86.0,"Succ":14.0,"Blocks":3.0,"Int":2.0},{"Player":"Sergio García","Pos":"FW","Tkl":13.0,"TklW":8.0,"Past":15.0,"Press":359.0,"Succ":103.0,"Blocks":15.0,"Int":12.0},{"Player":"Mario","Pos":"DF","Tkl":95.0,"TklW":51.0,"Past":36.0,"Press":456.0,"Succ":123.0,"Blocks":96.0,"Int":33.0},{"Player":"Charles","Pos":"FW","Tkl":3.0,"TklW":2.0,"Past":7.0,"Press":135.0,"Succ":29.0,"Blocks":12.0,"Int":1.0},{"Player":"Nacho","Pos":"FW","Tkl":7.0,"TklW":6.0,"Past":17.0,"Press":191.0,"Succ":47.0,"Blocks":10.0,"Int":8.0},{"Player":"Nacho","Pos":"MF","Tkl":4.0,"TklW":3.0,"Past":6.0,"Press":87.0,"Succ":22.0,"Blocks":9.0,"Int":3.0},{"Player":"Giménez","Pos":"GK","Tkl":0.0,"TklW":0.0,"Past":0.0,"Press":0.0,"Succ":0.0,"Blocks":0.0,"Int":0.0},{"Player":"Diego Godín","Pos":"DF","Tkl":46.0,"TklW":27.0,"Past":26.0,"Press":184.0,"Succ":64.0,"Blocks":42.0,"Int":43.0},{"Player":"André Gomes","Pos":"MF","Tkl":14.0,"TklW":11.0,"Past":6.0,"Press":212.0,"Succ":51.0,"Blocks":11.0,"Int":6.0},{"Player":"Ibai Gómez","Pos":"MF","Tkl":17.0,"TklW":11.0,"Past":14.0,"Press":495.0,"Succ":95.0,"Blocks":33.0,"Int":15.0},{"Player":"Maxi Gómez","Pos":"FW","Tkl":5.0,"TklW":3.0,"Past":15.0,"Press":410.0,"Succ":115.0,"Blocks":10.0,"Int":4.0},{"Player":"Sergi Gómez","Pos":"DF","Tkl":42.0,"TklW":20.0,"Past":8.0,"Press":259.0,"Succ":88.0,"Blocks":50.0,"Int":38.0},{"Player":"Vicente Gómez","Pos":"MF","Tkl":22.0,"TklW":14.0,"Past":25.0,"Press":254.0,"Succ":50.0,"Blocks":20.0,"Int":7.0},{"Player":"Adrián","Pos":"MF","Tkl":33.0,"TklW":22.0,"Past":30.0,"Press":397.0,"Succ":97.0,"Blocks":39.0,"Int":21.0},{"Player":"Álvaro González","Pos":"DF","Tkl":38.0,"TklW":18.0,"Past":24.0,"Press":130.0,"Succ":34.0,"Blocks":45.0,"Int":35.0},{"Player":"Bruno","Pos":"DF","Tkl":22.0,"TklW":15.0,"Past":14.0,"Press":119.0,"Succ":37.0,"Blocks":19.0,"Int":16.0},{"Player":"Diego González","Pos":"DF","Tkl":27.0,"TklW":16.0,"Past":9.0,"Press":190.0,"Succ":61.0,"Blocks":38.0,"Int":8.0},{"Player":"Mario","Pos":"FW","Tkl":0.0,"TklW":0.0,"Past":0.0,"Press":3.0,"Succ":0.0,"Blocks":1.0,"Int":0.0},{"Player":"Álex Granell","Pos":"MF","Tkl":70.0,"TklW":42.0,"Past":81.0,"Press":672.0,"Succ":166.0,"Blocks":63.0,"Int":32.0},{"Player":"Esteban Granero","Pos":"MF","Tkl":28.0,"TklW":13.0,"Past":26.0,"Press":353.0,"Succ":72.0,"Blocks":30.0,"Int":13.0},{"Player":"Antoine Griezmann","Pos":"FW","Tkl":30.0,"TklW":17.0,"Past":18.0,"Press":613.0,"Succ":138.0,"Blocks":25.0,"Int":14.0},{"Player":"Vicente Guaita","Pos":"GK","Tkl":0.0,"TklW":0.0,"Past":0.0,"Press":0.0,"Succ":0.0,"Blocks":0.0,"Int":0.0},{"Player":"Andrés Guardado","Pos":"MF","Tkl":34.0,"TklW":19.0,"Past":36.0,"Press":526.0,"Succ":117.0,"Blocks":33.0,"Int":18.0},{"Player":"Gonçalo Guedes","Pos":"MF","Tkl":32.0,"TklW":23.0,"Past":41.0,"Press":493.0,"Succ":110.0,"Blocks":30.0,"Int":7.0},{"Player":"Guerrero","Pos":"DF","Tkl":31.0,"TklW":22.0,"Past":17.0,"Press":205.0,"Succ":61.0,"Blocks":25.0,"Int":18.0},{"Player":"John Guidetti","Pos":"FW","Tkl":0.0,"TklW":0.0,"Past":1.0,"Press":18.0,"Succ":6.0,"Blocks":0.0,"Int":0.0},{"Player":"John Guidetti","Pos":"FW","Tkl":6.0,"TklW":4.0,"Past":6.0,"Press":277.0,"Succ":65.0,"Blocks":13.0,"Int":4.0},{"Player":"Guilherme","Pos":"MF","Tkl":61.0,"TklW":44.0,"Past":59.0,"Press":586.0,"Succ":153.0,"Blocks":37.0,"Int":38.0},{"Player":"Gerard Gumbau","Pos":"MF","Tkl":26.0,"TklW":16.0,"Past":22.0,"Press":323.0,"Succ":77.0,"Blocks":22.0,"Int":12.0},{"Player":"Munir","Pos":"FW","Tkl":22.0,"TklW":14.0,"Past":11.0,"Press":530.0,"Succ":124.0,"Blocks":15.0,"Int":9.0},{"Player":"Alen Halilovic","Pos":"FW","Tkl":5.0,"TklW":4.0,"Past":7.0,"Press":175.0,"Succ":47.0,"Blocks":11.0,"Int":4.0},{"Player":"Mario","Pos":"DF","Tkl":17.0,"TklW":13.0,"Past":15.0,"Press":91.0,"Succ":29.0,"Blocks":25.0,"Int":18.0},{"Player":"Hernán Toledo","Pos":"MF","Tkl":13.0,"TklW":11.0,"Past":9.0,"Press":83.0,"Succ":24.0,"Blocks":3.0,"Int":5.0},{"Player":"Lucas Hernández","Pos":"DF","Tkl":76.0,"TklW":40.0,"Past":21.0,"Press":332.0,"Succ":105.0,"Blocks":54.0,"Int":26.0},{"Player":"Luis Hernández","Pos":"DF","Tkl":39.0,"TklW":30.0,"Past":21.0,"Press":202.0,"Succ":71.0,"Blocks":47.0,"Int":52.0},{"Player":"Pablo Hernández","Pos":"MF","Tkl":37.0,"TklW":27.0,"Past":27.0,"Press":295.0,"Succ":83.0,"Blocks":44.0,"Int":19.0},{"Player":"Borja","Pos":"DF","Tkl":3.0,"TklW":1.0,"Past":4.0,"Press":37.0,"Succ":6.0,"Blocks":5.0,"Int":1.0},{"Player":"Asier Illarramendi","Pos":"MF","Tkl":60.0,"TklW":40.0,"Past":55.0,"Press":658.0,"Succ":180.0,"Blocks":65.0,"Int":55.0},{"Player":"Andrés Iniesta","Pos":"MF","Tkl":20.0,"TklW":14.0,"Past":25.0,"Press":386.0,"Succ":110.0,"Blocks":29.0,"Int":16.0},{"Player":"Takashi Inui","Pos":"MF","Tkl":30.0,"TklW":16.0,"Past":43.0,"Press":706.0,"Succ":194.0,"Blocks":52.0,"Int":17.0},{"Player":"Isco","Pos":"MF","Tkl":16.0,"TklW":12.0,"Past":32.0,"Press":421.0,"Succ":110.0,"Blocks":9.0,"Int":11.0},{"Player":"Manuel Iturra","Pos":"MF","Tkl":49.0,"TklW":34.0,"Past":24.0,"Press":335.0,"Succ":85.0,"Blocks":35.0,"Int":20.0},{"Player":"Iturraspe","Pos":"MF","Tkl":35.0,"TklW":20.0,"Past":22.0,"Press":307.0,"Succ":76.0,"Blocks":33.0,"Int":28.0},{"Player":"Ivi","Pos":"MF","Tkl":41.0,"TklW":24.0,"Past":43.0,"Press":615.0,"Succ":131.0,"Blocks":26.0,"Int":14.0},{"Player":"Adnan Januzaj","Pos":"FW","Tkl":16.0,"TklW":12.0,"Past":14.0,"Press":325.0,"Succ":81.0,"Blocks":15.0,"Int":8.0},{"Player":"Jason","Pos":"MF","Tkl":24.0,"TklW":19.0,"Past":28.0,"Press":494.0,"Succ":110.0,"Blocks":23.0,"Int":25.0},{"Player":"Giménez","Pos":"MF","Tkl":11.0,"TklW":5.0,"Past":13.0,"Press":126.0,"Succ":26.0,"Blocks":8.0,"Int":2.0},{"Player":"Joaquín","Pos":"FW","Tkl":16.0,"TklW":10.0,"Past":18.0,"Press":493.0,"Succ":127.0,"Blocks":23.0,"Int":13.0},{"Player":"Jonny","Pos":"MF","Tkl":1.0,"TklW":1.0,"Past":4.0,"Press":58.0,"Succ":16.0,"Blocks":1.0,"Int":1.0},{"Player":"Joan Jordán","Pos":"MF","Tkl":25.0,"TklW":18.0,"Past":56.0,"Press":531.0,"Succ":167.0,"Blocks":33.0,"Int":27.0},{"Player":"Willian José","Pos":"FW","Tkl":6.0,"TklW":5.0,"Past":6.0,"Press":443.0,"Succ":131.0,"Blocks":12.0,"Int":1.0},{"Player":"Jozabed","Pos":"MF","Tkl":16.0,"TklW":8.0,"Past":15.0,"Press":337.0,"Succ":75.0,"Blocks":22.0,"Int":10.0},{"Player":"Juanfran","Pos":"DF","Tkl":22.0,"TklW":13.0,"Past":22.0,"Press":204.0,"Succ":52.0,"Blocks":38.0,"Int":15.0},{"Player":"Juanfran","Pos":"DF","Tkl":47.0,"TklW":22.0,"Past":32.0,"Press":468.0,"Succ":128.0,"Blocks":73.0,"Int":39.0},{"Player":"Juanmi","Pos":"FW","Tkl":15.0,"TklW":7.0,"Past":22.0,"Press":339.0,"Succ":66.0,"Blocks":18.0,"Int":8.0},{"Player":"Juanpe","Pos":"DF","Tkl":43.0,"TklW":34.0,"Past":21.0,"Press":208.0,"Succ":66.0,"Blocks":41.0,"Int":24.0},{"Player":"Juanpi","Pos":"MF","Tkl":10.0,"TklW":8.0,"Past":10.0,"Press":197.0,"Succ":42.0,"Blocks":7.0,"Int":9.0},{"Player":"David Juncà","Pos":"DF","Tkl":16.0,"TklW":12.0,"Past":13.0,"Press":100.0,"Succ":40.0,"Blocks":11.0,"Int":9.0},{"Player":"Keko","Pos":"MF","Tkl":28.0,"TklW":18.0,"Past":35.0,"Press":426.0,"Succ":100.0,"Blocks":31.0,"Int":11.0},{"Player":"Simon Kjaer","Pos":"DF","Tkl":26.0,"TklW":12.0,"Past":9.0,"Press":121.0,"Succ":42.0,"Blocks":26.0,"Int":16.0},{"Player":"Koke","Pos":"MF","Tkl":60.0,"TklW":41.0,"Past":65.0,"Press":755.0,"Succ":213.0,"Blocks":55.0,"Int":23.0},{"Player":"Geoffrey Kondogbia","Pos":"MF","Tkl":81.0,"TklW":63.0,"Past":35.0,"Press":626.0,"Succ":162.0,"Blocks":55.0,"Int":51.0},{"Player":"Mateo Kovacic","Pos":"MF","Tkl":24.0,"TklW":17.0,"Past":18.0,"Press":319.0,"Succ":88.0,"Blocks":13.0,"Int":8.0},{"Player":"Michael Krohn-Dehli","Pos":"MF","Tkl":12.0,"TklW":7.0,"Past":15.0,"Press":138.0,"Succ":25.0,"Blocks":11.0,"Int":8.0},{"Player":"Michael Krohn-Dehli","Pos":"MF","Tkl":5.0,"TklW":3.0,"Past":6.0,"Press":65.0,"Succ":20.0,"Blocks":8.0,"Int":4.0},{"Player":"Toni Kroos","Pos":"MF","Tkl":51.0,"TklW":42.0,"Past":39.0,"Press":648.0,"Succ":148.0,"Blocks":24.0,"Int":19.0},{"Player":"Alberto De la Bella","Pos":"DF","Tkl":33.0,"TklW":20.0,"Past":16.0,"Press":188.0,"Succ":64.0,"Blocks":41.0,"Int":16.0},{"Player":"Mehdi Lacen","Pos":"MF","Tkl":2.0,"TklW":0.0,"Past":2.0,"Press":23.0,"Succ":4.0,"Blocks":0.0,"Int":0.0},{"Player":"Mehdi Lacen","Pos":"MF","Tkl":26.0,"TklW":17.0,"Past":23.0,"Press":301.0,"Succ":64.0,"Blocks":12.0,"Int":9.0},{"Player":"Víctor Laguardia","Pos":"DF","Tkl":18.0,"TklW":10.0,"Past":9.0,"Press":96.0,"Succ":29.0,"Blocks":36.0,"Int":21.0},{"Player":"Aymeric Laporte","Pos":"DF","Tkl":31.0,"TklW":20.0,"Past":12.0,"Press":119.0,"Succ":44.0,"Blocks":28.0,"Int":15.0},{"Player":"Borja","Pos":"MF","Tkl":2.0,"TklW":1.0,"Past":1.0,"Press":19.0,"Succ":7.0,"Blocks":1.0,"Int":0.0},{"Player":"Toni Lato","Pos":"DF","Tkl":29.0,"TklW":13.0,"Past":15.0,"Press":187.0,"Succ":61.0,"Blocks":21.0,"Int":9.0},{"Player":"Miguel Layún","Pos":"DF","Tkl":23.0,"TklW":9.0,"Past":19.0,"Press":206.0,"Succ":47.0,"Blocks":37.0,"Int":12.0},{"Player":"Íñigo Lekue","Pos":"DF","Tkl":58.0,"TklW":26.0,"Past":21.0,"Press":407.0,"Succ":105.0,"Blocks":43.0,"Int":16.0},{"Player":"Mauricio Lemos","Pos":"DF","Tkl":18.0,"TklW":11.0,"Past":11.0,"Press":100.0,"Succ":37.0,"Blocks":27.0,"Int":16.0},{"Player":"Clement Lenglet","Pos":"DF","Tkl":50.0,"TklW":38.0,"Past":21.0,"Press":211.0,"Succ":71.0,"Blocks":53.0,"Int":23.0},{"Player":"Sergio León","Pos":"FW","Tkl":9.0,"TklW":6.0,"Past":9.0,"Press":334.0,"Succ":94.0,"Blocks":19.0,"Int":4.0},{"Player":"Jefferson Lerma","Pos":"MF","Tkl":52.0,"TklW":34.0,"Past":24.0,"Press":409.0,"Succ":110.0,"Blocks":48.0,"Int":39.0},{"Player":"Diego Llorente","Pos":"DF","Tkl":32.0,"TklW":20.0,"Past":13.0,"Press":226.0,"Succ":78.0,"Blocks":43.0,"Int":31.0},{"Player":"Stanislav Lobotka","Pos":"MF","Tkl":52.0,"TklW":42.0,"Past":32.0,"Press":663.0,"Succ":193.0,"Blocks":46.0,"Int":29.0},{"Player":"Adrián","Pos":"FW","Tkl":23.0,"TklW":14.0,"Past":21.0,"Press":435.0,"Succ":88.0,"Blocks":31.0,"Int":5.0},{"Player":"David López","Pos":"DF","Tkl":61.0,"TklW":41.0,"Past":37.0,"Press":309.0,"Succ":94.0,"Blocks":56.0,"Int":31.0},{"Player":"David López","Pos":"DF","Tkl":32.0,"TklW":21.0,"Past":16.0,"Press":131.0,"Succ":45.0,"Blocks":16.0,"Int":19.0},{"Player":"Pau López","Pos":"GK","Tkl":0.0,"TklW":0.0,"Past":0.0,"Press":1.0,"Succ":0.0,"Blocks":0.0,"Int":0.0},{"Player":"Pedro López","Pos":"GK","Tkl":0.0,"TklW":0.0,"Past":0.0,"Press":0.0,"Succ":0.0,"Blocks":0.0,"Int":0.0},{"Player":"Filipe Luis","Pos":"DF","Tkl":53.0,"TklW":40.0,"Past":21.0,"Press":275.0,"Succ":99.0,"Blocks":49.0,"Int":22.0},{"Player":"Luisinho","Pos":"DF","Tkl":93.0,"TklW":48.0,"Past":43.0,"Press":407.0,"Succ":101.0,"Blocks":55.0,"Int":33.0},{"Player":"Douglas Luiz","Pos":"MF","Tkl":12.0,"TklW":8.0,"Past":8.0,"Press":122.0,"Succ":36.0,"Blocks":3.0,"Int":1.0},{"Player":"Antonio Luna","Pos":"DF","Tkl":31.0,"TklW":25.0,"Past":16.0,"Press":248.0,"Succ":75.0,"Blocks":56.0,"Int":23.0},{"Player":"Pablo Maffeo","Pos":"MF","Tkl":64.0,"TklW":43.0,"Past":27.0,"Press":519.0,"Succ":138.0,"Blocks":70.0,"Int":30.0},{"Player":"Nemanja Maksimovic","Pos":"MF","Tkl":16.0,"TklW":11.0,"Past":8.0,"Press":183.0,"Succ":43.0,"Blocks":13.0,"Int":13.0},{"Player":"Hugo Mallo","Pos":"DF","Tkl":77.0,"TklW":39.0,"Past":26.0,"Press":434.0,"Succ":134.0,"Blocks":59.0,"Int":36.0},{"Player":"Aissa Mandi","Pos":"DF","Tkl":46.0,"TklW":27.0,"Past":21.0,"Press":218.0,"Succ":62.0,"Blocks":56.0,"Int":49.0},{"Player":"Marcelo","Pos":"DF","Tkl":47.0,"TklW":32.0,"Past":36.0,"Press":396.0,"Succ":122.0,"Blocks":46.0,"Int":26.0},{"Player":"Adrián","Pos":"DF","Tkl":4.0,"TklW":2.0,"Past":3.0,"Press":31.0,"Succ":6.0,"Blocks":7.0,"Int":3.0},{"Player":"Guillermo Maripán","Pos":"DF","Tkl":28.0,"TklW":13.0,"Past":17.0,"Press":143.0,"Succ":41.0,"Blocks":19.0,"Int":18.0},{"Player":"Roger","Pos":"FW","Tkl":6.0,"TklW":3.0,"Past":9.0,"Press":226.0,"Succ":44.0,"Blocks":11.0,"Int":1.0},{"Player":"Aarón Martín","Pos":"DF","Tkl":44.0,"TklW":23.0,"Past":25.0,"Press":386.0,"Succ":98.0,"Blocks":59.0,"Int":29.0},{"Player":"Iñigo Martínez","Pos":"DF","Tkl":8.0,"TklW":5.0,"Past":4.0,"Press":71.0,"Succ":18.0,"Blocks":10.0,"Int":12.0},{"Player":"Iñigo Martínez","Pos":"DF","Tkl":22.0,"TklW":15.0,"Past":12.0,"Press":96.0,"Succ":30.0,"Blocks":19.0,"Int":23.0},{"Player":"Roger","Pos":"FW","Tkl":1.0,"TklW":0.0,"Past":2.0,"Press":39.0,"Succ":10.0,"Blocks":1.0,"Int":1.0},{"Player":"Borja","Pos":"FW","Tkl":4.0,"TklW":4.0,"Past":6.0,"Press":96.0,"Succ":28.0,"Blocks":3.0,"Int":1.0},{"Player":"Álvaro Medrán","Pos":"MF","Tkl":17.0,"TklW":9.0,"Past":20.0,"Press":208.0,"Succ":41.0,"Blocks":3.0,"Int":7.0},{"Player":"Álvaro Medrán","Pos":"MF","Tkl":1.0,"TklW":1.0,"Past":0.0,"Press":22.0,"Succ":3.0,"Blocks":0.0,"Int":1.0},{"Player":"Óscar Melendo","Pos":"MF","Tkl":2.0,"TklW":1.0,"Past":6.0,"Press":174.0,"Succ":39.0,"Blocks":5.0,"Int":3.0},{"Player":"Brais Méndez","Pos":"MF","Tkl":8.0,"TklW":5.0,"Past":9.0,"Press":229.0,"Succ":68.0,"Blocks":18.0,"Int":3.0},{"Player":"Gabriel","Pos":"DF","Tkl":54.0,"TklW":36.0,"Past":25.0,"Press":253.0,"Succ":79.0,"Blocks":49.0,"Int":28.0},{"Player":"Lionel Messi","Pos":"FW","Tkl":13.0,"TklW":9.0,"Past":14.0,"Press":413.0,"Succ":121.0,"Blocks":19.0,"Int":11.0},{"Player":"Santi Mina","Pos":"FW","Tkl":16.0,"TklW":7.0,"Past":13.0,"Press":482.0,"Succ":95.0,"Blocks":18.0,"Int":4.0},{"Player":"Ignasi Miquel","Pos":"DF","Tkl":23.0,"TklW":15.0,"Past":13.0,"Press":155.0,"Succ":39.0,"Blocks":33.0,"Int":15.0},{"Player":"Luka Modric","Pos":"MF","Tkl":23.0,"TklW":15.0,"Past":24.0,"Press":454.0,"Succ":107.0,"Blocks":20.0,"Int":33.0},{"Player":"Johan Mojica","Pos":"MF","Tkl":39.0,"TklW":23.0,"Past":12.0,"Press":360.0,"Succ":107.0,"Blocks":41.0,"Int":18.0},{"Player":"Jorge Molina","Pos":"FW","Tkl":16.0,"TklW":13.0,"Past":16.0,"Press":374.0,"Succ":106.0,"Blocks":28.0,"Int":5.0},{"Player":"Martín Montoya","Pos":"DF","Tkl":56.0,"TklW":21.0,"Past":25.0,"Press":379.0,"Succ":98.0,"Blocks":62.0,"Int":32.0},{"Player":"Emre Mor","Pos":"FW","Tkl":9.0,"TklW":4.0,"Past":7.0,"Press":114.0,"Succ":27.0,"Blocks":14.0,"Int":6.0},{"Player":"Sergio Mora","Pos":"MF","Tkl":17.0,"TklW":14.0,"Past":20.0,"Press":178.0,"Succ":37.0,"Blocks":18.0,"Int":7.0},{"Player":"Gerard Moreno","Pos":"FW","Tkl":29.0,"TklW":19.0,"Past":40.0,"Press":759.0,"Succ":191.0,"Blocks":35.0,"Int":17.0},{"Player":"Loren Morón","Pos":"FW","Tkl":10.0,"TklW":7.0,"Past":11.0,"Press":266.0,"Succ":63.0,"Blocks":21.0,"Int":3.0},{"Player":"Pedro Mosquera","Pos":"MF","Tkl":43.0,"TklW":30.0,"Past":19.0,"Press":478.0,"Succ":121.0,"Blocks":42.0,"Int":14.0},{"Player":"Ezequiel Muñoz","Pos":"DF","Tkl":31.0,"TklW":21.0,"Past":15.0,"Press":127.0,"Succ":53.0,"Blocks":17.0,"Int":17.0},{"Player":"Luis Muriel","Pos":"FW","Tkl":12.0,"TklW":5.0,"Past":14.0,"Press":332.0,"Succ":69.0,"Blocks":18.0,"Int":5.0},{"Player":"Jeison Murillo","Pos":"DF","Tkl":24.0,"TklW":14.0,"Past":7.0,"Press":91.0,"Succ":35.0,"Blocks":27.0,"Int":21.0},{"Player":"Nacho","Pos":"DF","Tkl":47.0,"TklW":32.0,"Past":25.0,"Press":222.0,"Succ":82.0,"Blocks":31.0,"Int":28.0},{"Player":"Naranjo","Pos":"FW","Tkl":6.0,"TklW":4.0,"Past":0.0,"Press":77.0,"Succ":17.0,"Blocks":6.0,"Int":0.0},{"Player":"Naranjo","Pos":"FW","Tkl":12.0,"TklW":10.0,"Past":7.0,"Press":147.0,"Succ":41.0,"Blocks":9.0,"Int":5.0},{"Player":"Fernando Navarro","Pos":"DF","Tkl":26.0,"TklW":15.0,"Past":13.0,"Press":162.0,"Succ":51.0,"Blocks":30.0,"Int":17.0},{"Player":"Marc Navarro","Pos":"DF","Tkl":15.0,"TklW":9.0,"Past":8.0,"Press":127.0,"Succ":29.0,"Blocks":23.0,"Int":13.0},{"Player":"Ximo Navarro","Pos":"DF","Tkl":49.0,"TklW":32.0,"Past":21.0,"Press":289.0,"Succ":86.0,"Blocks":51.0,"Int":37.0},{"Player":"Jesús Navas","Pos":"FW","Tkl":27.0,"TklW":16.0,"Past":16.0,"Press":302.0,"Succ":86.0,"Blocks":34.0,"Int":12.0},{"Player":"Keylor Navas","Pos":"GK","Tkl":0.0,"TklW":0.0,"Past":0.0,"Press":1.0,"Succ":0.0,"Blocks":0.0,"Int":0.0},{"Player":"Raúl Navas","Pos":"DF","Tkl":22.0,"TklW":16.0,"Past":15.0,"Press":84.0,"Succ":29.0,"Blocks":29.0,"Int":18.0},{"Player":"Neto","Pos":"GK","Tkl":0.0,"TklW":0.0,"Past":0.0,"Press":1.0,"Succ":0.0,"Blocks":1.0,"Int":0.0},{"Player":"Saúl Ñíguez","Pos":"MF","Tkl":116.0,"TklW":82.0,"Past":58.0,"Press":873.0,"Succ":235.0,"Blocks":85.0,"Int":40.0},{"Player":"Nolito","Pos":"FW","Tkl":39.0,"TklW":24.0,"Past":19.0,"Press":300.0,"Succ":88.0,"Blocks":27.0,"Int":9.0},{"Player":"Unai Núñez","Pos":"DF","Tkl":58.0,"TklW":32.0,"Past":27.0,"Press":278.0,"Succ":102.0,"Blocks":73.0,"Int":47.0},{"Player":"Jan Oblak","Pos":"GK","Tkl":0.0,"TklW":0.0,"Past":1.0,"Press":1.0,"Succ":0.0,"Blocks":0.0,"Int":0.0},{"Player":"Álvaro Odriozola","Pos":"DF","Tkl":33.0,"TklW":20.0,"Past":19.0,"Press":493.0,"Succ":134.0,"Blocks":51.0,"Int":19.0},{"Player":"Oier","Pos":"GK","Tkl":0.0,"TklW":0.0,"Past":1.0,"Press":0.0,"Succ":0.0,"Blocks":1.0,"Int":0.0},{"Player":"Paulo Oliveira","Pos":"DF","Tkl":31.0,"TklW":22.0,"Past":10.0,"Press":165.0,"Succ":66.0,"Blocks":36.0,"Int":37.0},{"Player":"Fabián Orellana","Pos":"MF","Tkl":15.0,"TklW":10.0,"Past":13.0,"Press":228.0,"Succ":71.0,"Blocks":10.0,"Int":5.0},{"Player":"Mikel Oyarzabal","Pos":"FW","Tkl":24.0,"TklW":16.0,"Past":35.0,"Press":572.0,"Succ":147.0,"Blocks":55.0,"Int":15.0},{"Player":"Daniel Parejo","Pos":"FW","Tkl":3.0,"TklW":1.0,"Past":3.0,"Press":20.0,"Succ":9.0,"Blocks":4.0,"Int":1.0},{"Player":"Fernando Pacheco","Pos":"GK","Tkl":0.0,"TklW":0.0,"Past":0.0,"Press":0.0,"Succ":0.0,"Blocks":0.0,"Int":0.0},{"Player":"Daniel Parejo","Pos":"MF","Tkl":78.0,"TklW":61.0,"Past":62.0,"Press":703.0,"Succ":148.0,"Blocks":39.0,"Int":36.0},{"Player":"Thomas Partey","Pos":"MF","Tkl":64.0,"TklW":44.0,"Past":34.0,"Press":478.0,"Succ":136.0,"Blocks":54.0,"Int":32.0},{"Player":"Paulinho","Pos":"MF","Tkl":30.0,"TklW":26.0,"Past":25.0,"Press":556.0,"Succ":148.0,"Blocks":29.0,"Int":18.0},{"Player":"Gabriel","Pos":"DF","Tkl":44.0,"TklW":20.0,"Past":18.0,"Press":137.0,"Succ":36.0,"Blocks":50.0,"Int":24.0},{"Player":"Alfonso","Pos":"MF","Tkl":43.0,"TklW":25.0,"Past":41.0,"Press":614.0,"Succ":152.0,"Blocks":47.0,"Int":26.0},{"Player":"Rubén Peña","Pos":"DF","Tkl":34.0,"TklW":24.0,"Past":16.0,"Press":351.0,"Succ":100.0,"Blocks":37.0,"Int":23.0},{"Player":"Gabriel","Pos":"MF","Tkl":9.0,"TklW":6.0,"Past":10.0,"Press":80.0,"Succ":24.0,"Blocks":14.0,"Int":8.0},{"Player":"Andreas Pereira","Pos":"MF","Tkl":18.0,"TklW":8.0,"Past":21.0,"Press":318.0,"Succ":75.0,"Blocks":14.0,"Int":10.0},{"Player":"Lucas Pérez","Pos":"FW","Tkl":14.0,"TklW":10.0,"Past":28.0,"Press":682.0,"Succ":166.0,"Blocks":17.0,"Int":13.0},{"Player":"Rubén Pérez","Pos":"MF","Tkl":87.0,"TklW":68.0,"Past":57.0,"Press":544.0,"Succ":156.0,"Blocks":42.0,"Int":62.0},{"Player":"Pablo Piatti","Pos":"MF","Tkl":35.0,"TklW":23.0,"Past":38.0,"Press":461.0,"Succ":118.0,"Blocks":40.0,"Int":12.0},{"Player":"Gerard Piqué","Pos":"DF","Tkl":30.0,"TklW":22.0,"Past":23.0,"Press":240.0,"Succ":78.0,"Blocks":51.0,"Int":32.0},{"Player":"Guido Pizarro","Pos":"MF","Tkl":61.0,"TklW":41.0,"Past":45.0,"Press":350.0,"Succ":100.0,"Blocks":27.0,"Int":25.0},{"Player":"Charles","Pos":"DF","Tkl":4.0,"TklW":2.0,"Past":6.0,"Press":47.0,"Succ":13.0,"Blocks":3.0,"Int":3.0},{"Player":"Pere Pons","Pos":"MF","Tkl":55.0,"TklW":39.0,"Past":68.0,"Press":628.0,"Succ":156.0,"Blocks":35.0,"Int":37.0},{"Player":"Francisco Portillo","Pos":"MF","Tkl":26.0,"TklW":16.0,"Past":37.0,"Press":621.0,"Succ":175.0,"Blocks":46.0,"Int":14.0},{"Player":"Portu","Pos":"FW","Tkl":27.0,"TklW":20.0,"Past":19.0,"Press":614.0,"Succ":141.0,"Blocks":25.0,"Int":10.0},{"Player":"Sergio Postigo","Pos":"DF","Tkl":22.0,"TklW":14.0,"Past":15.0,"Press":129.0,"Succ":39.0,"Blocks":32.0,"Int":36.0},{"Player":"Xabi Prieto","Pos":"MF","Tkl":15.0,"TklW":10.0,"Past":9.0,"Press":389.0,"Succ":102.0,"Blocks":16.0,"Int":6.0},{"Player":"Raba","Pos":"MF","Tkl":21.0,"TklW":14.0,"Past":34.0,"Press":308.0,"Succ":70.0,"Blocks":26.0,"Int":14.0},{"Player":"Nemanja Radoja","Pos":"MF","Tkl":17.0,"TklW":10.0,"Past":8.0,"Press":229.0,"Succ":63.0,"Blocks":6.0,"Int":4.0},{"Player":"Ivan Rakitic","Pos":"MF","Tkl":38.0,"TklW":32.0,"Past":37.0,"Press":685.0,"Succ":179.0,"Blocks":59.0,"Int":40.0},{"Player":"Jonás Ramalho","Pos":"DF","Tkl":22.0,"TklW":12.0,"Past":8.0,"Press":199.0,"Succ":59.0,"Blocks":42.0,"Int":22.0},{"Player":"Iván Ramis","Pos":"DF","Tkl":17.0,"TklW":12.0,"Past":12.0,"Press":80.0,"Succ":26.0,"Blocks":16.0,"Int":19.0},{"Player":"Omar Ramos","Pos":"FW","Tkl":23.0,"TklW":15.0,"Past":22.0,"Press":318.0,"Succ":79.0,"Blocks":25.0,"Int":17.0},{"Player":"Sergio Ramos","Pos":"DF","Tkl":33.0,"TklW":22.0,"Past":16.0,"Press":248.0,"Succ":84.0,"Blocks":36.0,"Int":38.0},{"Player":"Recio","Pos":"MF","Tkl":46.0,"TklW":26.0,"Past":38.0,"Press":425.0,"Succ":125.0,"Blocks":32.0,"Int":20.0},{"Player":"Loïc Remy","Pos":"FW","Tkl":3.0,"TklW":2.0,"Past":1.0,"Press":65.0,"Succ":20.0,"Blocks":5.0,"Int":1.0},{"Player":"Loïc Remy","Pos":"FW","Tkl":3.0,"TklW":2.0,"Past":3.0,"Press":94.0,"Succ":17.0,"Blocks":9.0,"Int":1.0},{"Player":"Diego Rico","Pos":"DF","Tkl":59.0,"TklW":33.0,"Past":29.0,"Press":322.0,"Succ":108.0,"Blocks":63.0,"Int":65.0},{"Player":"Mikel Rico","Pos":"MF","Tkl":19.0,"TklW":9.0,"Past":22.0,"Press":310.0,"Succ":84.0,"Blocks":23.0,"Int":17.0},{"Player":"Sergio Rico","Pos":"GK","Tkl":0.0,"TklW":0.0,"Past":2.0,"Press":1.0,"Succ":0.0,"Blocks":0.0,"Int":0.0},{"Player":"Roger","Pos":"DF","Tkl":24.0,"TklW":17.0,"Past":14.0,"Press":220.0,"Succ":74.0,"Blocks":36.0,"Int":25.0},{"Player":"Rober","Pos":"GK","Tkl":0.0,"TklW":0.0,"Past":0.0,"Press":0.0,"Succ":0.0,"Blocks":0.0,"Int":0.0},{"Player":"Sergi Roberto","Pos":"DF","Tkl":47.0,"TklW":32.0,"Past":36.0,"Press":422.0,"Succ":124.0,"Blocks":39.0,"Int":28.0},{"Player":"Rodri","Pos":"MF","Tkl":87.0,"TklW":65.0,"Past":57.0,"Press":729.0,"Succ":186.0,"Blocks":61.0,"Int":36.0},{"Player":"Rodrigo","Pos":"FW","Tkl":18.0,"TklW":12.0,"Past":17.0,"Press":518.0,"Succ":108.0,"Blocks":14.0,"Int":19.0},{"Player":"Kévin Rodrigues","Pos":"DF","Tkl":40.0,"TklW":22.0,"Past":17.0,"Press":337.0,"Succ":97.0,"Blocks":35.0,"Int":24.0},{"Player":"Ángel","Pos":"FW","Tkl":19.0,"TklW":13.0,"Past":18.0,"Press":549.0,"Succ":134.0,"Blocks":28.0,"Int":11.0},{"Player":"Diego Rolan","Pos":"FW","Tkl":23.0,"TklW":20.0,"Past":30.0,"Press":511.0,"Succ":121.0,"Blocks":27.0,"Int":14.0},{"Player":"Cristiano Ronaldo","Pos":"FW","Tkl":5.0,"TklW":3.0,"Past":9.0,"Press":225.0,"Succ":57.0,"Blocks":14.0,"Int":6.0},{"Player":"Facundo Roncaglia","Pos":"DF","Tkl":28.0,"TklW":18.0,"Past":9.0,"Press":142.0,"Succ":55.0,"Blocks":31.0,"Int":14.0},{"Player":"Roberto Rosales","Pos":"DF","Tkl":89.0,"TklW":56.0,"Past":42.0,"Press":532.0,"Succ":133.0,"Blocks":75.0,"Int":42.0},{"Player":"Fabián","Pos":"MF","Tkl":68.0,"TklW":53.0,"Past":49.0,"Press":659.0,"Succ":174.0,"Blocks":53.0,"Int":36.0},{"Player":"Víctor Ruiz","Pos":"DF","Tkl":24.0,"TklW":14.0,"Past":10.0,"Press":138.0,"Succ":46.0,"Blocks":45.0,"Int":32.0},{"Player":"Antonio Rukavina","Pos":"DF","Tkl":22.0,"TklW":9.0,"Past":13.0,"Press":99.0,"Succ":25.0,"Blocks":28.0,"Int":11.0},{"Player":"Gerónimo Rulli","Pos":"GK","Tkl":0.0,"TklW":0.0,"Past":5.0,"Press":3.0,"Succ":1.0,"Blocks":1.0,"Int":0.0},{"Player":"Saborit","Pos":"DF","Tkl":36.0,"TklW":20.0,"Past":16.0,"Press":188.0,"Succ":56.0,"Blocks":31.0,"Int":19.0},{"Player":"Antonio Sanabria","Pos":"FW","Tkl":4.0,"TklW":2.0,"Past":3.0,"Press":164.0,"Succ":50.0,"Blocks":10.0,"Int":2.0},{"Player":"Víctor Sánchez","Pos":"DF","Tkl":77.0,"TklW":42.0,"Past":69.0,"Press":523.0,"Succ":146.0,"Blocks":52.0,"Int":53.0},{"Player":"Nicola Sansone","Pos":"FW","Tkl":6.0,"TklW":4.0,"Past":5.0,"Press":145.0,"Succ":32.0,"Blocks":6.0,"Int":0.0},{"Player":"Pablo Sarabia","Pos":"FW","Tkl":19.0,"TklW":10.0,"Past":42.0,"Press":568.0,"Succ":125.0,"Blocks":49.0,"Int":27.0},{"Player":"Stefan Savic","Pos":"DF","Tkl":24.0,"TklW":10.0,"Past":23.0,"Press":173.0,"Succ":55.0,"Blocks":45.0,"Int":30.0},{"Player":"Fabian Schär","Pos":"DF","Tkl":47.0,"TklW":27.0,"Past":30.0,"Press":188.0,"Succ":55.0,"Blocks":45.0,"Int":29.0},{"Player":"Nélson Semedo","Pos":"DF","Tkl":33.0,"TklW":20.0,"Past":10.0,"Press":247.0,"Succ":70.0,"Blocks":15.0,"Int":17.0},{"Player":"Gaku Shibasaki","Pos":"MF","Tkl":18.0,"TklW":10.0,"Past":11.0,"Press":331.0,"Succ":62.0,"Blocks":14.0,"Int":8.0},{"Player":"Sidnei","Pos":"DF","Tkl":38.0,"TklW":23.0,"Past":12.0,"Press":185.0,"Succ":58.0,"Blocks":32.0,"Int":23.0},{"Player":"Dimitrios Siovas","Pos":"DF","Tkl":45.0,"TklW":30.0,"Past":19.0,"Press":191.0,"Succ":66.0,"Blocks":36.0,"Int":56.0},{"Player":"Pione Sisto","Pos":"FW","Tkl":16.0,"TklW":13.0,"Past":24.0,"Press":556.0,"Succ":158.0,"Blocks":20.0,"Int":13.0},{"Player":"Rubén Sobrino","Pos":"FW","Tkl":32.0,"TklW":19.0,"Past":27.0,"Press":465.0,"Succ":96.0,"Blocks":26.0,"Int":9.0},{"Player":"Carlos Soler","Pos":"MF","Tkl":46.0,"TklW":27.0,"Past":22.0,"Press":669.0,"Succ":151.0,"Blocks":47.0,"Int":8.0},{"Player":"David Soria","Pos":"GK","Tkl":0.0,"TklW":0.0,"Past":0.0,"Press":1.0,"Succ":0.0,"Blocks":0.0,"Int":0.0},{"Player":"Roberto Soriano","Pos":"MF","Tkl":17.0,"TklW":11.0,"Past":15.0,"Press":228.0,"Succ":53.0,"Blocks":22.0,"Int":6.0},{"Player":"Cristhian Stuani","Pos":"FW","Tkl":15.0,"TklW":7.0,"Past":19.0,"Press":644.0,"Succ":150.0,"Blocks":17.0,"Int":8.0},{"Player":"Damián Suárez","Pos":"DF","Tkl":69.0,"TklW":49.0,"Past":50.0,"Press":433.0,"Succ":125.0,"Blocks":54.0,"Int":32.0},{"Player":"Denis Suárez","Pos":"MF","Tkl":13.0,"TklW":10.0,"Past":4.0,"Press":173.0,"Succ":45.0,"Blocks":7.0,"Int":1.0},{"Player":"Luis Suárez","Pos":"FW","Tkl":18.0,"TklW":11.0,"Past":17.0,"Press":400.0,"Succ":99.0,"Blocks":15.0,"Int":5.0},{"Player":"Markel Susaeta","Pos":"FW","Tkl":35.0,"TklW":23.0,"Past":47.0,"Press":617.0,"Succ":154.0,"Blocks":28.0,"Int":12.0},{"Player":"Tana","Pos":"MF","Tkl":26.0,"TklW":17.0,"Past":34.0,"Press":430.0,"Succ":92.0,"Blocks":22.0,"Int":15.0},{"Player":"Cristian Tello","Pos":"FW","Tkl":21.0,"TklW":17.0,"Past":35.0,"Press":373.0,"Succ":89.0,"Blocks":25.0,"Int":19.0},{"Player":"Marc-André ter Stegen","Pos":"GK","Tkl":0.0,"TklW":0.0,"Past":3.0,"Press":0.0,"Succ":0.0,"Blocks":0.0,"Int":0.0},{"Player":"David Timor","Pos":"MF","Tkl":15.0,"TklW":6.0,"Past":12.0,"Press":144.0,"Succ":23.0,"Blocks":18.0,"Int":15.0},{"Player":"Hernán Toledo","Pos":"FW","Tkl":6.0,"TklW":4.0,"Past":10.0,"Press":116.0,"Succ":34.0,"Blocks":3.0,"Int":7.0},{"Player":"Daniel Torres","Pos":"MF","Tkl":19.0,"TklW":13.0,"Past":22.0,"Press":288.0,"Succ":69.0,"Blocks":24.0,"Int":12.0},{"Player":"Fernando Torres","Pos":"FW","Tkl":7.0,"TklW":6.0,"Past":3.0,"Press":188.0,"Succ":55.0,"Blocks":7.0,"Int":1.0},{"Player":"Manu Trigueros","Pos":"MF","Tkl":56.0,"TklW":45.0,"Past":48.0,"Press":536.0,"Succ":106.0,"Blocks":49.0,"Int":22.0},{"Player":"Samuel Umtiti","Pos":"DF","Tkl":40.0,"TklW":26.0,"Past":11.0,"Press":211.0,"Succ":85.0,"Blocks":30.0,"Int":30.0},{"Player":"Enes Ünal","Pos":"FW","Tkl":4.0,"TklW":3.0,"Past":4.0,"Press":182.0,"Succ":31.0,"Blocks":10.0,"Int":6.0},{"Player":"Enes Ünal","Pos":"FW","Tkl":5.0,"TklW":4.0,"Past":14.0,"Press":229.0,"Succ":54.0,"Blocks":19.0,"Int":2.0},{"Player":"Borja Valle","Pos":"FW","Tkl":4.0,"TklW":4.0,"Past":6.0,"Press":122.0,"Succ":28.0,"Blocks":3.0,"Int":3.0},{"Player":"Federico Valverde","Pos":"MF","Tkl":17.0,"TklW":11.0,"Past":12.0,"Press":253.0,"Succ":62.0,"Blocks":16.0,"Int":12.0},{"Player":"Raphael Varane","Pos":"DF","Tkl":22.0,"TklW":14.0,"Past":10.0,"Press":242.0,"Succ":86.0,"Blocks":32.0,"Int":17.0},{"Player":"Franco Vázquez","Pos":"MF","Tkl":34.0,"TklW":23.0,"Past":24.0,"Press":463.0,"Succ":111.0,"Blocks":17.0,"Int":15.0},{"Player":"Lucas Vázquez","Pos":"MF","Tkl":44.0,"TklW":33.0,"Past":27.0,"Press":486.0,"Succ":101.0,"Blocks":27.0,"Int":7.0},{"Player":"Koke","Pos":"GK","Tkl":0.0,"TklW":0.0,"Past":0.0,"Press":0.0,"Succ":0.0,"Blocks":0.0,"Int":0.0},{"Player":"Rúben Vezo","Pos":"DF","Tkl":37.0,"TklW":20.0,"Past":11.0,"Press":211.0,"Succ":54.0,"Blocks":40.0,"Int":13.0},{"Player":"Aleix Vidal","Pos":"MF","Tkl":7.0,"TklW":4.0,"Past":10.0,"Press":156.0,"Succ":45.0,"Blocks":10.0,"Int":6.0},{"Player":"Nacho","Pos":"DF","Tkl":10.0,"TklW":6.0,"Past":11.0,"Press":93.0,"Succ":20.0,"Blocks":13.0,"Int":10.0},{"Player":"Jonathan Viera","Pos":"MF","Tkl":27.0,"TklW":23.0,"Past":25.0,"Press":491.0,"Succ":131.0,"Blocks":20.0,"Int":8.0},{"Player":"Luciano Vietto","Pos":"FW","Tkl":4.0,"TklW":3.0,"Past":3.0,"Press":88.0,"Succ":18.0,"Blocks":5.0,"Int":0.0},{"Player":"Luciano Vietto","Pos":"FW","Tkl":6.0,"TklW":4.0,"Past":4.0,"Press":106.0,"Succ":26.0,"Blocks":2.0,"Int":3.0},{"Player":"Vitolo","Pos":"MF","Tkl":6.0,"TklW":4.0,"Past":11.0,"Press":138.0,"Succ":36.0,"Blocks":14.0,"Int":5.0},{"Player":"Vitolo","Pos":"FW","Tkl":11.0,"TklW":8.0,"Past":13.0,"Press":171.0,"Succ":39.0,"Blocks":14.0,"Int":5.0},{"Player":"Sime Vrsaljko","Pos":"DF","Tkl":44.0,"TklW":21.0,"Past":18.0,"Press":218.0,"Succ":63.0,"Blocks":36.0,"Int":22.0},{"Player":"Daniel Wass","Pos":"MF","Tkl":23.0,"TklW":9.0,"Past":17.0,"Press":424.0,"Succ":112.0,"Blocks":48.0,"Int":22.0},{"Player":"Iñaki Williams","Pos":"FW","Tkl":19.0,"TklW":14.0,"Past":26.0,"Press":650.0,"Succ":194.0,"Blocks":37.0,"Int":18.0},{"Player":"Zaldúa","Pos":"DF","Tkl":68.0,"TklW":35.0,"Past":39.0,"Press":379.0,"Succ":114.0,"Blocks":46.0,"Int":38.0},{"Player":"Simone Zaza","Pos":"FW","Tkl":21.0,"TklW":12.0,"Past":15.0,"Press":415.0,"Succ":110.0,"Blocks":28.0,"Int":7.0},{"Player":"Nabil El Zhar","Pos":"FW","Tkl":13.0,"TklW":10.0,"Past":13.0,"Press":364.0,"Succ":97.0,"Blocks":26.0,"Int":12.0},{"Player":"Igor Zubeldia","Pos":"MF","Tkl":32.0,"TklW":25.0,"Past":17.0,"Press":337.0,"Succ":86.0,"Blocks":19.0,"Int":15.0},{"Player":"David Zurutuza","Pos":"MF","Tkl":"46","TklW":"32","Past":"41","Press":"543","Succ":"141","Blocks":"34","Int":"28"}]