[{"Player":"Lumor Agbenyenu","Pos":"DF","Tkl":35.0,"TklW":23.0,"Past":17.0,"Press":225.0,"Succ":66.0,"Blocks":37.0,"Int":11.0},{"Player":"Martín Aguirregabiria","Pos":"DF","Tkl":50.0,"TklW":22.0,"Past":25.0,"Press":248.0,"Succ":60.0,"Blocks":39.0,"Int":9.0},{"Player":"Joseph Aidoo","Pos":"DF","Tkl":40.0,"TklW":26.0,"Past":20.0,"Press":304.0,"Succ":108.0,"Blocks":42.0,"Int":33.0},{"Player":"Jordi Alba","Pos":"DF","Tkl":25.0,"TklW":14.0,"Past":22.0,"Press":231.0,"Succ":68.0,"Blocks":40.0,"Int":25.0},{"Player":"Raúl Albiol","Pos":"DF","Tkl":50.0,"TklW":33.0,"Past":15.0,"Press":278.0,"Succ":85.0,"Blocks":40.0,"Int":17.0},{"Player":"Rubén Alcaraz","Pos":"MF","Tkl":59.0,"TklW":36.0,"Past":38.0,"Press":444.0,"Succ":130.0,"Blocks":57.0,"Int":16.0},{"Player":"Carles Aleñá","Pos":"MF","Tkl":2.0,"TklW":1.0,"Past":4.0,"Press":38.0,"Succ":6.0,"Blocks":2.0,"Int":0.0},{"Player":"Carles Aleñá","Pos":"MF","Tkl":20.0,"TklW":11.0,"Past":13.0,"Press":137.0,"Succ":26.0,"Blocks":9.0,"Int":1.0},{"Player":"Sergio Álvarez","Pos":"MF","Tkl":37.0,"TklW":20.0,"Past":25.0,"Press":265.0,"Succ":80.0,"Blocks":25.0,"Int":9.0},{"Player":"Sergio Álvarez","Pos":"GK","Tkl":0.0,"TklW":0.0,"Past":0.0,"Press":0.0,"Succ":0.0,"Blocks":0.0,"Int":0.0},{"Player":"Yeray Álvarez","Pos":"DF","Tkl":39.0,"TklW":25.0,"Past":18.0,"Press":222.0,"Succ":79.0,"Blocks":58.0,"Int":34.0},{"Player":"Ángel","Pos":"FW","Tkl":1.0,"TklW":1.0,"Past":6.0,"Press":129.0,"Succ":28.0,"Blocks":5.0,"Int":1.0},{"Player":"Ángel","Pos":"GK","Tkl":0.0,"TklW":0.0,"Past":1.0,"Press":2.0,"Succ":1.0,"Blocks":0.0,"Int":0.0},{"Player":"Ángel","Pos":"DF","Tkl":62.0,"TklW":31.0,"Past":18.0,"Press":251.0,"Succ":83.0,"Blocks":40.0,"Int":27.0},{"Player":"Antoñito","Pos":"DF","Tkl":25.0,"TklW":16.0,"Past":15.0,"Press":150.0,"Succ":49.0,"Blocks":24.0,"Int":19.0},{"Player":"Mauro Arambarri","Pos":"MF","Tkl":74.0,"TklW":49.0,"Past":43.0,"Press":799.0,"Succ":206.0,"Blocks":69.0,"Int":26.0},{"Player":"Néstor Araújo","Pos":"DF","Tkl":47.0,"TklW":27.0,"Past":17.0,"Press":217.0,"Succ":71.0,"Blocks":43.0,"Int":38.0},{"Player":"Anaitz Arbilla","Pos":"DF","Tkl":33.0,"TklW":20.0,"Past":26.0,"Press":162.0,"Succ":57.0,"Blocks":38.0,"Int":15.0},{"Player":"José Arnáiz","Pos":"MF","Tkl":4.0,"TklW":3.0,"Past":3.0,"Press":76.0,"Succ":17.0,"Blocks":7.0,"Int":2.0},{"Player":"José Arnáiz","Pos":"FW","Tkl":5.0,"TklW":3.0,"Past":12.0,"Press":164.0,"Succ":43.0,"Blocks":13.0,"Int":5.0},{"Player":"Sergio Asenjo","Pos":"GK","Tkl":0.0,"TklW":0.0,"Past":1.0,"Press":1.0,"Succ":1.0,"Blocks":0.0,"Int":0.0},{"Player":"Marcelo","Pos":"FW","Tkl":5.0,"TklW":4.0,"Past":5.0,"Press":34.0,"Succ":11.0,"Blocks":2.0,"Int":2.0},{"Player":"Iago Aspas","Pos":"FW","Tkl":29.0,"TklW":21.0,"Past":22.0,"Press":537.0,"Succ":146.0,"Blocks":24.0,"Int":19.0},{"Player":"Roger","Pos":"FW","Tkl":3.0,"TklW":1.0,"Past":4.0,"Press":70.0,"Succ":18.0,"Blocks":6.0,"Int":0.0},{"Player":"Ezequiel Ávila","Pos":"FW","Tkl":19.0,"TklW":16.0,"Past":10.0,"Press":342.0,"Succ":92.0,"Blocks":17.0,"Int":4.0},{"Player":"Chidozie Awaziem","Pos":"DF","Tkl":39.0,"TklW":26.0,"Past":13.0,"Press":204.0,"Succ":71.0,"Blocks":38.0,"Int":12.0},{"Player":"Ramón Azeez","Pos":"MF","Tkl":17.0,"TklW":14.0,"Past":9.0,"Press":330.0,"Succ":82.0,"Blocks":17.0,"Int":15.0},{"Player":"Iddrisu Baba","Pos":"MF","Tkl":68.0,"TklW":45.0,"Past":52.0,"Press":580.0,"Succ":188.0,"Blocks":34.0,"Int":23.0},{"Player":"Carlos Bacca","Pos":"FW","Tkl":3.0,"TklW":1.0,"Past":6.0,"Press":84.0,"Succ":21.0,"Blocks":5.0,"Int":1.0},{"Player":"Gareth Bale","Pos":"FW","Tkl":10.0,"TklW":7.0,"Past":12.0,"Press":105.0,"Succ":30.0,"Blocks":16.0,"Int":4.0},{"Player":"Éver Banega","Pos":"MF","Tkl":51.0,"TklW":30.0,"Past":45.0,"Press":452.0,"Succ":122.0,"Blocks":20.0,"Int":14.0},{"Player":"Fede Vico","Pos":"DF","Tkl":11.0,"TklW":8.0,"Past":1.0,"Press":42.0,"Succ":13.0,"Blocks":13.0,"Int":5.0},{"Player":"Enis Bardhi","Pos":"MF","Tkl":34.0,"TklW":27.0,"Past":26.0,"Press":405.0,"Succ":93.0,"Blocks":25.0,"Int":15.0},{"Player":"Ander Barrenetxea","Pos":"FW","Tkl":11.0,"TklW":6.0,"Past":6.0,"Press":128.0,"Succ":39.0,"Blocks":5.0,"Int":0.0},{"Player":"Marc Bartra","Pos":"DF","Tkl":62.0,"TklW":37.0,"Past":21.0,"Press":339.0,"Succ":112.0,"Blocks":59.0,"Int":25.0},{"Player":"Fran Beltrán","Pos":"MF","Tkl":34.0,"TklW":24.0,"Past":20.0,"Press":358.0,"Succ":110.0,"Blocks":19.0,"Int":11.0},{"Player":"Karim Benzema","Pos":"FW","Tkl":17.0,"TklW":13.0,"Past":18.0,"Press":319.0,"Succ":83.0,"Blocks":16.0,"Int":11.0},{"Player":"Yuri","Pos":"DF","Tkl":50.0,"TklW":31.0,"Past":21.0,"Press":408.0,"Succ":135.0,"Blocks":75.0,"Int":22.0},{"Player":"Pedro Bigas","Pos":"DF","Tkl":18.0,"TklW":14.0,"Past":12.0,"Press":143.0,"Succ":48.0,"Blocks":28.0,"Int":16.0},{"Player":"Rubén Blanco","Pos":"GK","Tkl":0.0,"TklW":0.0,"Past":1.0,"Press":2.0,"Succ":1.0,"Blocks":0.0,"Int":0.0},{"Player":"Pablo De Blasis","Pos":"DF","Tkl":42.0,"TklW":30.0,"Past":36.0,"Press":284.0,"Succ":82.0,"Blocks":33.0,"Int":16.0},{"Player":"Martin Braithwaite","Pos":"FW","Tkl":15.0,"TklW":9.0,"Past":8.0,"Press":303.0,"Succ":70.0,"Blocks":21.0,"Int":3.0},{"Player":"Martin Braithwaite","Pos":"FW","Tkl":3.0,"TklW":1.0,"Past":2.0,"Press":45.0,"Succ":15.0,"Blocks":1.0,"Int":2.0},{"Player":"Darko Brasanac","Pos":"MF","Tkl":40.0,"TklW":27.0,"Past":30.0,"Press":430.0,"Succ":122.0,"Blocks":21.0,"Int":16.0},{"Player":"Ante Budimir","Pos":"FW","Tkl":31.0,"TklW":21.0,"Past":16.0,"Press":477.0,"Succ":112.0,"Blocks":25.0,"Int":3.0},{"Player":"Esteban Burgos","Pos":"DF","Tkl":15.0,"TklW":9.0,"Past":4.0,"Press":75.0,"Succ":27.0,"Blocks":23.0,"Int":12.0},{"Player":"Oliver Burke","Pos":"MF","Tkl":20.0,"TklW":5.0,"Past":14.0,"Press":270.0,"Succ":56.0,"Blocks":25.0,"Int":6.0},{"Player":"Sergio Busquets","Pos":"MF","Tkl":78.0,"TklW":63.0,"Past":31.0,"Press":491.0,"Succ":146.0,"Blocks":52.0,"Int":36.0},{"Player":"Unai Bustinza","Pos":"DF","Tkl":76.0,"TklW":47.0,"Past":27.0,"Press":374.0,"Succ":131.0,"Blocks":45.0,"Int":39.0},{"Player":"Erick Cabaco","Pos":"DF","Tkl":14.0,"TklW":10.0,"Past":3.0,"Press":51.0,"Succ":21.0,"Blocks":15.0,"Int":11.0},{"Player":"Erick Cabaco","Pos":"DF","Tkl":3.0,"TklW":2.0,"Past":5.0,"Press":32.0,"Succ":8.0,"Blocks":2.0,"Int":2.0},{"Player":"Leandro Cabrera","Pos":"DF","Tkl":8.0,"TklW":2.0,"Past":6.0,"Press":128.0,"Succ":49.0,"Blocks":22.0,"Int":11.0},{"Player":"Leandro Cabrera","Pos":"DF","Tkl":31.0,"TklW":17.0,"Past":11.0,"Press":124.0,"Succ":47.0,"Blocks":22.0,"Int":13.0},{"Player":"Fernando","Pos":"DF","Tkl":14.0,"TklW":8.0,"Past":7.0,"Press":102.0,"Succ":29.0,"Blocks":18.0,"Int":4.0},{"Player":"Jonathan Calleri","Pos":"FW","Tkl":16.0,"TklW":9.0,"Past":12.0,"Press":284.0,"Succ":83.0,"Blocks":14.0,"Int":7.0},{"Player":"Víctor Camarasa","Pos":"MF","Tkl":17.0,"TklW":14.0,"Past":13.0,"Press":254.0,"Succ":65.0,"Blocks":16.0,"Int":10.0},{"Player":"José Campaña","Pos":"MF","Tkl":39.0,"TklW":25.0,"Past":47.0,"Press":599.0,"Succ":156.0,"Blocks":51.0,"Int":26.0},{"Player":"Víctor Campuzano","Pos":"FW","Tkl":14.0,"TklW":13.0,"Past":12.0,"Press":215.0,"Succ":53.0,"Blocks":5.0,"Int":1.0},{"Player":"Sergio Canales","Pos":"MF","Tkl":30.0,"TklW":25.0,"Past":29.0,"Press":379.0,"Succ":85.0,"Blocks":44.0,"Int":8.0},{"Player":"Ander Capa","Pos":"DF","Tkl":58.0,"TklW":32.0,"Past":38.0,"Press":438.0,"Succ":113.0,"Blocks":56.0,"Int":20.0},{"Player":"Marc Cardona","Pos":"FW","Tkl":2.0,"TklW":2.0,"Past":7.0,"Press":150.0,"Succ":47.0,"Blocks":7.0,"Int":0.0},{"Player":"Diego Carlos","Pos":"DF","Tkl":45.0,"TklW":34.0,"Past":13.0,"Press":187.0,"Succ":75.0,"Blocks":57.0,"Int":18.0},{"Player":"Yannick Carrasco","Pos":"MF","Tkl":13.0,"TklW":7.0,"Past":11.0,"Press":148.0,"Succ":38.0,"Blocks":11.0,"Int":5.0},{"Player":"Guido Carrillo","Pos":"FW","Tkl":16.0,"TklW":10.0,"Past":10.0,"Press":251.0,"Succ":64.0,"Blocks":14.0,"Int":3.0},{"Player":"Daniel Carvajal","Pos":"DF","Tkl":70.0,"TklW":53.0,"Past":28.0,"Press":442.0,"Succ":132.0,"Blocks":71.0,"Int":39.0},{"Player":"Casemiro","Pos":"MF","Tkl":112.0,"TklW":75.0,"Past":61.0,"Press":605.0,"Succ":219.0,"Blocks":83.0,"Int":37.0},{"Player":"Santiago Cazorla","Pos":"MF","Tkl":44.0,"TklW":28.0,"Past":40.0,"Press":476.0,"Succ":131.0,"Blocks":35.0,"Int":13.0},{"Player":"Charles","Pos":"FW","Tkl":13.0,"TklW":6.0,"Past":11.0,"Press":228.0,"Succ":52.0,"Blocks":12.0,"Int":3.0},{"Player":"Pape Cheikh","Pos":"MF","Tkl":12.0,"TklW":6.0,"Past":11.0,"Press":143.0,"Succ":38.0,"Blocks":3.0,"Int":2.0},{"Player":"Denis Cheryshev","Pos":"MF","Tkl":12.0,"TklW":7.0,"Past":18.0,"Press":173.0,"Succ":37.0,"Blocks":24.0,"Int":8.0},{"Player":"Samuel Chukwueze","Pos":"MF","Tkl":18.0,"TklW":15.0,"Past":14.0,"Press":347.0,"Succ":97.0,"Blocks":29.0,"Int":9.0},{"Player":"Jasper Cillessen","Pos":"GK","Tkl":0.0,"TklW":0.0,"Past":1.0,"Press":1.0,"Succ":1.0,"Blocks":0.0,"Int":0.0},{"Player":"Carlos Clerc","Pos":"DF","Tkl":37.0,"TklW":19.0,"Past":13.0,"Press":256.0,"Succ":75.0,"Blocks":48.0,"Int":17.0},{"Player":"Coke","Pos":"DF","Tkl":25.0,"TklW":15.0,"Past":17.0,"Press":120.0,"Succ":37.0,"Blocks":16.0,"Int":6.0},{"Player":"Francis Coquelin","Pos":"MF","Tkl":34.0,"TklW":24.0,"Past":20.0,"Press":284.0,"Succ":79.0,"Blocks":30.0,"Int":29.0},{"Player":"Iñigo Córdoba","Pos":"FW","Tkl":26.0,"TklW":14.0,"Past":42.0,"Press":396.0,"Succ":104.0,"Blocks":39.0,"Int":10.0},{"Player":"Ángel","Pos":"MF","Tkl":23.0,"TklW":15.0,"Past":34.0,"Press":410.0,"Succ":123.0,"Blocks":39.0,"Int":12.0},{"Player":"Diego Costa","Pos":"FW","Tkl":10.0,"TklW":9.0,"Past":8.0,"Press":200.0,"Succ":59.0,"Blocks":14.0,"Int":3.0},{"Player":"Jaume","Pos":"DF","Tkl":26.0,"TklW":18.0,"Past":16.0,"Press":149.0,"Succ":39.0,"Blocks":37.0,"Int":8.0},{"Player":"Thibaut Courtois","Pos":"GK","Tkl":0.0,"TklW":0.0,"Past":2.0,"Press":1.0,"Succ":0.0,"Blocks":0.0,"Int":0.0},{"Player":"Sebastián Cristóforo","Pos":"MF","Tkl":42.0,"TklW":24.0,"Past":19.0,"Press":257.0,"Succ":80.0,"Blocks":31.0,"Int":7.0},{"Player":"Marc Cucurella","Pos":"MF","Tkl":88.0,"TklW":62.0,"Past":55.0,"Press":938.0,"Succ":303.0,"Blocks":76.0,"Int":29.0},{"Player":"Iván Cuéllar","Pos":"GK","Tkl":0.0,"TklW":0.0,"Past":2.0,"Press":2.0,"Succ":0.0,"Blocks":0.0,"Int":0.0},{"Player":"Sergi Darder","Pos":"MF","Tkl":48.0,"TklW":25.0,"Past":36.0,"Press":630.0,"Succ":153.0,"Blocks":33.0,"Int":20.0},{"Player":"Mouctar Diakhaby","Pos":"DF","Tkl":14.0,"TklW":10.0,"Past":7.0,"Press":124.0,"Succ":39.0,"Blocks":23.0,"Int":4.0},{"Player":"Víctor Díaz","Pos":"DF","Tkl":79.0,"TklW":45.0,"Past":40.0,"Press":405.0,"Succ":120.0,"Blocks":88.0,"Int":27.0},{"Player":"Papakouly Diop","Pos":"MF","Tkl":43.0,"TklW":27.0,"Past":29.0,"Press":414.0,"Succ":113.0,"Blocks":37.0,"Int":20.0},{"Player":"Marko Dmitrovic","Pos":"GK","Tkl":0.0,"TklW":0.0,"Past":3.0,"Press":5.0,"Succ":0.0,"Blocks":1.0,"Int":0.0},{"Player":"Jaume","Pos":"GK","Tkl":0.0,"TklW":0.0,"Past":2.0,"Press":0.0,"Succ":0.0,"Blocks":0.0,"Int":0.0},{"Player":"Domingos Duarte","Pos":"DF","Tkl":35.0,"TklW":21.0,"Past":9.0,"Press":208.0,"Succ":74.0,"Blocks":49.0,"Int":15.0},{"Player":"Rubén Duarte","Pos":"DF","Tkl":69.0,"TklW":38.0,"Past":25.0,"Press":348.0,"Succ":104.0,"Blocks":62.0,"Int":19.0},{"Player":"Aritz Elustondo","Pos":"DF","Tkl":31.0,"TklW":13.0,"Past":13.0,"Press":140.0,"Succ":39.0,"Blocks":28.0,"Int":14.0},{"Player":"Rodrigo","Pos":"DF","Tkl":27.0,"TklW":16.0,"Past":17.0,"Press":160.0,"Succ":49.0,"Blocks":38.0,"Int":12.0},{"Player":"Adrián Embarba","Pos":"MF","Tkl":28.0,"TklW":18.0,"Past":22.0,"Press":322.0,"Succ":95.0,"Blocks":37.0,"Int":11.0},{"Player":"Emerson","Pos":"DF","Tkl":83.0,"TklW":45.0,"Past":48.0,"Press":469.0,"Succ":118.0,"Blocks":57.0,"Int":17.0},{"Player":"Youssef En-Nesyri","Pos":"FW","Tkl":8.0,"TklW":5.0,"Past":15.0,"Press":295.0,"Succ":50.0,"Blocks":17.0,"Int":2.0},{"Player":"Youssef En-Nesyri","Pos":"FW","Tkl":8.0,"TklW":6.0,"Past":8.0,"Press":193.0,"Succ":53.0,"Blocks":8.0,"Int":5.0},{"Player":"Sergi Enrich","Pos":"FW","Tkl":21.0,"TklW":17.0,"Past":13.0,"Press":446.0,"Succ":137.0,"Blocks":30.0,"Int":5.0},{"Player":"Eraso","Pos":"MF","Tkl":9.0,"TklW":8.0,"Past":12.0,"Press":200.0,"Succ":51.0,"Blocks":15.0,"Int":4.0},{"Player":"Gonzalo Escalante","Pos":"MF","Tkl":41.0,"TklW":29.0,"Past":21.0,"Press":323.0,"Succ":101.0,"Blocks":35.0,"Int":15.0},{"Player":"Bernardo","Pos":"DF","Tkl":27.0,"TklW":19.0,"Past":18.0,"Press":172.0,"Succ":70.0,"Blocks":31.0,"Int":12.0},{"Player":"Estupiñán","Pos":"DF","Tkl":87.0,"TklW":57.0,"Past":35.0,"Press":497.0,"Succ":167.0,"Blocks":58.0,"Int":44.0},{"Player":"Etxeita","Pos":"DF","Tkl":22.0,"TklW":11.0,"Past":11.0,"Press":140.0,"Succ":46.0,"Blocks":21.0,"Int":7.0},{"Player":"Edu Expósito","Pos":"MF","Tkl":56.0,"TklW":41.0,"Past":42.0,"Press":480.0,"Succ":148.0,"Blocks":28.0,"Int":20.0},{"Player":"Aleix Febas","Pos":"MF","Tkl":40.0,"TklW":25.0,"Past":19.0,"Press":366.0,"Succ":95.0,"Blocks":16.0,"Int":19.0},{"Player":"Zouhair Feddal","Pos":"DF","Tkl":17.0,"TklW":11.0,"Past":6.0,"Press":124.0,"Succ":41.0,"Blocks":19.0,"Int":9.0},{"Player":"Nabil Fekir","Pos":"MF","Tkl":43.0,"TklW":26.0,"Past":24.0,"Press":598.0,"Succ":146.0,"Blocks":36.0,"Int":12.0},{"Player":"Felipe","Pos":"DF","Tkl":33.0,"TklW":18.0,"Past":11.0,"Press":160.0,"Succ":58.0,"Blocks":29.0,"Int":24.0},{"Player":"João Félix","Pos":"FW","Tkl":9.0,"TklW":4.0,"Past":14.0,"Press":211.0,"Succ":47.0,"Blocks":11.0,"Int":2.0},{"Player":"Fernando","Pos":"MF","Tkl":6.0,"TklW":4.0,"Past":3.0,"Press":34.0,"Succ":12.0,"Blocks":2.0,"Int":0.0},{"Player":"Aitor Fernández","Pos":"GK","Tkl":0.0,"TklW":0.0,"Past":0.0,"Press":7.0,"Succ":3.0,"Blocks":0.0,"Int":0.0},{"Player":"Carlos Fernández","Pos":"FW","Tkl":24.0,"TklW":13.0,"Past":26.0,"Press":539.0,"Succ":121.0,"Blocks":24.0,"Int":12.0},{"Player":"Gabriel","Pos":"FW","Tkl":3.0,"TklW":2.0,"Past":1.0,"Press":76.0,"Succ":20.0,"Blocks":6.0,"Int":2.0},{"Player":"Joaquín","Pos":"MF","Tkl":37.0,"TklW":23.0,"Past":24.0,"Press":272.0,"Succ":74.0,"Blocks":33.0,"Int":21.0},{"Player":"Fernando","Pos":"MF","Tkl":66.0,"TklW":44.0,"Past":36.0,"Press":508.0,"Succ":187.0,"Blocks":58.0,"Int":30.0},{"Player":"Facundo Ferreyra","Pos":"FW","Tkl":6.0,"TklW":5.0,"Past":7.0,"Press":97.0,"Succ":18.0,"Blocks":4.0,"Int":2.0},{"Player":"Júnior Firpo","Pos":"DF","Tkl":24.0,"TklW":14.0,"Past":8.0,"Press":124.0,"Succ":30.0,"Blocks":26.0,"Int":8.0},{"Player":"Hernâni","Pos":"MF","Tkl":4.0,"TklW":3.0,"Past":3.0,"Press":70.0,"Succ":14.0,"Blocks":12.0,"Int":4.0},{"Player":"Dimitri Foulquier","Pos":"DF","Tkl":23.0,"TklW":8.0,"Past":6.0,"Press":198.0,"Succ":58.0,"Blocks":24.0,"Int":5.0},{"Player":"Remiro","Pos":"DF","Tkl":4.0,"TklW":1.0,"Past":2.0,"Press":34.0,"Succ":11.0,"Blocks":8.0,"Int":3.0},{"Player":"Enric Gallego","Pos":"FW","Tkl":4.0,"TklW":2.0,"Past":2.0,"Press":19.0,"Succ":4.0,"Blocks":3.0,"Int":2.0},{"Player":"Enric Gallego","Pos":"FW","Tkl":10.0,"TklW":6.0,"Past":4.0,"Press":173.0,"Succ":48.0,"Blocks":9.0,"Int":3.0},{"Player":"Kevin Gameiro","Pos":"FW","Tkl":15.0,"TklW":12.0,"Past":14.0,"Press":348.0,"Succ":72.0,"Blocks":13.0,"Int":6.0},{"Player":"Fran Gámez","Pos":"DF","Tkl":70.0,"TklW":40.0,"Past":41.0,"Press":307.0,"Succ":70.0,"Blocks":58.0,"Int":20.0},{"Player":"Ezequiel Garay","Pos":"DF","Tkl":12.0,"TklW":7.0,"Past":3.0,"Press":63.0,"Succ":18.0,"Blocks":26.0,"Int":8.0},{"Player":"Dani García","Pos":"MF","Tkl":74.0,"TklW":43.0,"Past":57.0,"Press":501.0,"Succ":155.0,"Blocks":52.0,"Int":28.0},{"Player":"David García","Pos":"DF","Tkl":39.0,"TklW":27.0,"Past":19.0,"Press":263.0,"Succ":93.0,"Blocks":46.0,"Int":17.0},{"Player":"David García","Pos":"MF","Tkl":2.0,"TklW":1.0,"Past":1.0,"Press":33.0,"Succ":6.0,"Blocks":3.0,"Int":1.0},{"Player":"Manu García","Pos":"MF","Tkl":51.0,"TklW":38.0,"Past":56.0,"Press":477.0,"Succ":147.0,"Blocks":33.0,"Int":13.0},{"Player":"Raúl García","Pos":"MF","Tkl":65.0,"TklW":37.0,"Past":60.0,"Press":734.0,"Succ":199.0,"Blocks":56.0,"Int":16.0},{"Player":"Raúl García","Pos":"DF","Tkl":20.0,"TklW":13.0,"Past":18.0,"Press":146.0,"Succ":45.0,"Blocks":24.0,"Int":8.0},{"Player":"Raúl García","Pos":"DF","Tkl":7.0,"TklW":5.0,"Past":4.0,"Press":34.0,"Succ":10.0,"Blocks":10.0,"Int":3.0},{"Player":"Rubén García","Pos":"MF","Tkl":51.0,"TklW":26.0,"Past":27.0,"Press":408.0,"Succ":126.0,"Blocks":46.0,"Int":9.0},{"Player":"Dani García","Pos":"DF","Tkl":8.0,"TklW":5.0,"Past":5.0,"Press":60.0,"Succ":20.0,"Blocks":18.0,"Int":2.0},{"Player":"Mario","Pos":"DF","Tkl":41.0,"TklW":20.0,"Past":20.0,"Press":277.0,"Succ":80.0,"Blocks":49.0,"Int":15.0},{"Player":"José Antonio Martínez","Pos":"DF","Tkl":22.0,"TklW":11.0,"Past":8.0,"Press":95.0,"Succ":38.0,"Blocks":16.0,"Int":8.0},{"Player":"Ibai Gómez","Pos":"FW","Tkl":5.0,"TklW":3.0,"Past":8.0,"Press":75.0,"Succ":23.0,"Blocks":11.0,"Int":3.0},{"Player":"Maxi Gómez","Pos":"FW","Tkl":11.0,"TklW":7.0,"Past":4.0,"Press":275.0,"Succ":64.0,"Blocks":12.0,"Int":4.0},{"Player":"Moi Gómez","Pos":"FW","Tkl":28.0,"TklW":16.0,"Past":18.0,"Press":426.0,"Succ":117.0,"Blocks":51.0,"Int":20.0},{"Player":"Maxime Gonalons","Pos":"MF","Tkl":61.0,"TklW":39.0,"Past":35.0,"Press":421.0,"Succ":131.0,"Blocks":26.0,"Int":12.0},{"Player":"Gonzalo Melero","Pos":"DF","Tkl":0.0,"TklW":0.0,"Past":0.0,"Press":1.0,"Succ":0.0,"Blocks":0.0,"Int":0.0},{"Player":"Antoine Griezmann","Pos":"FW","Tkl":34.0,"TklW":18.0,"Past":22.0,"Press":427.0,"Succ":135.0,"Blocks":29.0,"Int":10.0},{"Player":"Andrés Guardado","Pos":"MF","Tkl":31.0,"TklW":18.0,"Past":30.0,"Press":367.0,"Succ":86.0,"Blocks":31.0,"Int":18.0},{"Player":"Sergi Guardiola","Pos":"FW","Tkl":19.0,"TklW":11.0,"Past":19.0,"Press":553.0,"Succ":99.0,"Blocks":35.0,"Int":4.0},{"Player":"Nemanja Gudelj","Pos":"MF","Tkl":19.0,"TklW":12.0,"Past":9.0,"Press":137.0,"Succ":41.0,"Blocks":28.0,"Int":12.0},{"Player":"Gonçalo Guedes","Pos":"MF","Tkl":25.0,"TklW":21.0,"Past":24.0,"Press":239.0,"Succ":59.0,"Blocks":14.0,"Int":7.0},{"Player":"Adrián","Pos":"DF","Tkl":3.0,"TklW":1.0,"Past":1.0,"Press":15.0,"Succ":2.0,"Blocks":2.0,"Int":1.0},{"Player":"Munir","Pos":"FW","Tkl":27.0,"TklW":19.0,"Past":11.0,"Press":213.0,"Succ":71.0,"Blocks":12.0,"Int":4.0},{"Player":"Eden Hazard","Pos":"FW","Tkl":9.0,"TklW":7.0,"Past":10.0,"Press":120.0,"Succ":34.0,"Blocks":9.0,"Int":10.0},{"Player":"Mario","Pos":"DF","Tkl":13.0,"TklW":9.0,"Past":12.0,"Press":90.0,"Succ":25.0,"Blocks":16.0,"Int":5.0},{"Player":"Aridane Hernández","Pos":"DF","Tkl":42.0,"TklW":24.0,"Past":6.0,"Press":171.0,"Succ":77.0,"Blocks":34.0,"Int":22.0},{"Player":"Héctor Herrera","Pos":"MF","Tkl":32.0,"TklW":26.0,"Past":17.0,"Press":220.0,"Succ":70.0,"Blocks":28.0,"Int":11.0},{"Player":"Sergio Herrera","Pos":"GK","Tkl":0.0,"TklW":0.0,"Past":3.0,"Press":3.0,"Succ":1.0,"Blocks":0.0,"Int":0.0},{"Player":"Yangel Herrera","Pos":"MF","Tkl":81.0,"TklW":56.0,"Past":44.0,"Press":744.0,"Succ":196.0,"Blocks":57.0,"Int":24.0},{"Player":"Pablo Hervías","Pos":"MF","Tkl":27.0,"TklW":18.0,"Past":12.0,"Press":222.0,"Succ":69.0,"Blocks":13.0,"Int":4.0},{"Player":"Vicente Iborra","Pos":"MF","Tkl":60.0,"TklW":41.0,"Past":33.0,"Press":462.0,"Succ":117.0,"Blocks":51.0,"Int":22.0},{"Player":"Borja Iglesias","Pos":"FW","Tkl":5.0,"TklW":5.0,"Past":10.0,"Press":287.0,"Succ":56.0,"Blocks":15.0,"Int":5.0},{"Player":"Takashi Inui","Pos":"MF","Tkl":28.0,"TklW":17.0,"Past":31.0,"Press":413.0,"Succ":101.0,"Blocks":33.0,"Int":12.0},{"Player":"Alexander Isak","Pos":"FW","Tkl":9.0,"TklW":7.0,"Past":8.0,"Press":259.0,"Succ":74.0,"Blocks":10.0,"Int":3.0},{"Player":"Isco","Pos":"FW","Tkl":14.0,"TklW":8.0,"Past":8.0,"Press":195.0,"Succ":45.0,"Blocks":17.0,"Int":7.0},{"Player":"Adnan Januzaj","Pos":"FW","Tkl":9.0,"TklW":4.0,"Past":16.0,"Press":174.0,"Succ":43.0,"Blocks":10.0,"Int":7.0},{"Player":"Jason","Pos":"MF","Tkl":31.0,"TklW":19.0,"Past":27.0,"Press":256.0,"Succ":79.0,"Blocks":23.0,"Int":12.0},{"Player":"Joaquín","Pos":"MF","Tkl":17.0,"TklW":11.0,"Past":9.0,"Press":221.0,"Succ":59.0,"Blocks":36.0,"Int":16.0},{"Player":"Frenkie de Jong","Pos":"MF","Tkl":30.0,"TklW":22.0,"Past":14.0,"Press":313.0,"Succ":97.0,"Blocks":24.0,"Int":15.0},{"Player":"Luuk de Jong","Pos":"FW","Tkl":18.0,"TklW":10.0,"Past":11.0,"Press":359.0,"Succ":107.0,"Blocks":14.0,"Int":5.0},{"Player":"Joan Jordán","Pos":"MF","Tkl":60.0,"TklW":47.0,"Past":53.0,"Press":494.0,"Succ":139.0,"Blocks":39.0,"Int":20.0},{"Player":"Willian José","Pos":"FW","Tkl":3.0,"TklW":3.0,"Past":7.0,"Press":188.0,"Succ":66.0,"Blocks":16.0,"Int":1.0},{"Player":"Joselu","Pos":"FW","Tkl":25.0,"TklW":16.0,"Past":28.0,"Press":543.0,"Succ":143.0,"Blocks":39.0,"Int":10.0},{"Player":"Luka Jovic","Pos":"FW","Tkl":3.0,"TklW":2.0,"Past":0.0,"Press":69.0,"Succ":20.0,"Blocks":2.0,"Int":4.0},{"Player":"Lago Junior","Pos":"MF","Tkl":33.0,"TklW":19.0,"Past":20.0,"Press":399.0,"Succ":94.0,"Blocks":37.0,"Int":13.0},{"Player":"Vinícius Júnior","Pos":"FW","Tkl":27.0,"TklW":17.0,"Past":21.0,"Press":299.0,"Succ":88.0,"Blocks":19.0,"Int":3.0},{"Player":"Lee Kang-In","Pos":"MF","Tkl":3.0,"TklW":2.0,"Past":5.0,"Press":113.0,"Succ":28.0,"Blocks":3.0,"Int":0.0},{"Player":"Kenedy","Pos":"MF","Tkl":11.0,"TklW":8.0,"Past":1.0,"Press":111.0,"Succ":30.0,"Blocks":9.0,"Int":11.0},{"Player":"Koke","Pos":"MF","Tkl":79.0,"TklW":54.0,"Past":59.0,"Press":484.0,"Succ":137.0,"Blocks":51.0,"Int":22.0},{"Player":"Geoffrey Kondogbia","Pos":"MF","Tkl":66.0,"TklW":47.0,"Past":32.0,"Press":460.0,"Succ":131.0,"Blocks":41.0,"Int":24.0},{"Player":"Jules Koundé","Pos":"DF","Tkl":24.0,"TklW":17.0,"Past":8.0,"Press":187.0,"Succ":79.0,"Blocks":28.0,"Int":12.0},{"Player":"Toni Kroos","Pos":"MF","Tkl":57.0,"TklW":41.0,"Past":53.0,"Press":594.0,"Succ":153.0,"Blocks":36.0,"Int":12.0},{"Player":"Takefusa Kubo","Pos":"MF","Tkl":35.0,"TklW":25.0,"Past":34.0,"Press":492.0,"Succ":126.0,"Blocks":32.0,"Int":19.0},{"Player":"Víctor Laguardia","Pos":"DF","Tkl":25.0,"TklW":17.0,"Past":20.0,"Press":214.0,"Succ":55.0,"Blocks":45.0,"Int":17.0},{"Player":"Diego Lainez","Pos":"MF","Tkl":7.0,"TklW":5.0,"Past":7.0,"Press":66.0,"Succ":15.0,"Blocks":9.0,"Int":0.0},{"Player":"Robin Le Normand","Pos":"DF","Tkl":46.0,"TklW":27.0,"Past":14.0,"Press":189.0,"Succ":83.0,"Blocks":22.0,"Int":14.0},{"Player":"Wu Lei","Pos":"FW","Tkl":18.0,"TklW":9.0,"Past":36.0,"Press":296.0,"Succ":69.0,"Blocks":33.0,"Int":10.0},{"Player":"Thomas Lemar","Pos":"MF","Tkl":12.0,"TklW":9.0,"Past":8.0,"Press":196.0,"Succ":48.0,"Blocks":18.0,"Int":5.0},{"Player":"Clement Lenglet","Pos":"DF","Tkl":50.0,"TklW":38.0,"Past":17.0,"Press":282.0,"Succ":122.0,"Blocks":44.0,"Int":15.0},{"Player":"Pedro León","Pos":"MF","Tkl":27.0,"TklW":15.0,"Past":15.0,"Press":382.0,"Succ":102.0,"Blocks":30.0,"Int":13.0},{"Player":"Sergio León","Pos":"FW","Tkl":6.0,"TklW":4.0,"Past":5.0,"Press":108.0,"Succ":25.0,"Blocks":6.0,"Int":2.0},{"Player":"Diego Llorente","Pos":"DF","Tkl":32.0,"TklW":21.0,"Past":13.0,"Press":205.0,"Succ":76.0,"Blocks":30.0,"Int":19.0},{"Player":"Marcos Llorente","Pos":"MF","Tkl":33.0,"TklW":22.0,"Past":18.0,"Press":309.0,"Succ":98.0,"Blocks":30.0,"Int":6.0},{"Player":"Stanislav Lobotka","Pos":"MF","Tkl":23.0,"TklW":17.0,"Past":20.0,"Press":234.0,"Succ":63.0,"Blocks":12.0,"Int":7.0},{"Player":"Renan Lodi","Pos":"DF","Tkl":72.0,"TklW":46.0,"Past":40.0,"Press":363.0,"Succ":101.0,"Blocks":63.0,"Int":22.0},{"Player":"Adrián","Pos":"FW","Tkl":10.0,"TklW":6.0,"Past":16.0,"Press":184.0,"Succ":55.0,"Blocks":10.0,"Int":6.0},{"Player":"David López","Pos":"DF","Tkl":39.0,"TklW":30.0,"Past":30.0,"Press":383.0,"Succ":120.0,"Blocks":50.0,"Int":23.0},{"Player":"Diego López","Pos":"GK","Tkl":2.0,"TklW":2.0,"Past":1.0,"Press":7.0,"Succ":1.0,"Blocks":0.0,"Int":0.0},{"Player":"Javi López","Pos":"DF","Tkl":47.0,"TklW":26.0,"Past":22.0,"Press":197.0,"Succ":61.0,"Blocks":25.0,"Int":11.0},{"Player":"Javi López","Pos":"DF","Tkl":5.0,"TklW":3.0,"Past":1.0,"Press":18.0,"Succ":9.0,"Blocks":1.0,"Int":0.0},{"Player":"Unai López","Pos":"MF","Tkl":38.0,"TklW":27.0,"Past":33.0,"Press":339.0,"Succ":101.0,"Blocks":19.0,"Int":13.0},{"Player":"Darwin Machís","Pos":"FW","Tkl":28.0,"TklW":19.0,"Past":21.0,"Press":358.0,"Succ":94.0,"Blocks":36.0,"Int":12.0},{"Player":"Lisandro Magallán","Pos":"DF","Tkl":25.0,"TklW":13.0,"Past":8.0,"Press":89.0,"Succ":24.0,"Blocks":19.0,"Int":6.0},{"Player":"Nemanja Maksimovic","Pos":"MF","Tkl":53.0,"TklW":34.0,"Past":41.0,"Press":698.0,"Succ":206.0,"Blocks":47.0,"Int":40.0},{"Player":"Hugo Mallo","Pos":"DF","Tkl":63.0,"TklW":28.0,"Past":30.0,"Press":292.0,"Succ":79.0,"Blocks":53.0,"Int":14.0},{"Player":"Aissa Mandi","Pos":"DF","Tkl":33.0,"TklW":16.0,"Past":17.0,"Press":175.0,"Succ":54.0,"Blocks":46.0,"Int":24.0},{"Player":"Marcelo","Pos":"DF","Tkl":20.0,"TklW":12.0,"Past":23.0,"Press":137.0,"Succ":45.0,"Blocks":21.0,"Int":15.0},{"Player":"Mario","Pos":"FW","Tkl":0.0,"TklW":0.0,"Past":1.0,"Press":14.0,"Succ":3.0,"Blocks":1.0,"Int":0.0},{"Player":"Adrián","Pos":"DF","Tkl":19.0,"TklW":6.0,"Past":3.0,"Press":87.0,"Succ":22.0,"Blocks":23.0,"Int":10.0},{"Player":"Roger","Pos":"FW","Tkl":20.0,"TklW":11.0,"Past":18.0,"Press":451.0,"Succ":85.0,"Blocks":20.0,"Int":7.0},{"Player":"Iñigo Martínez","Pos":"DF","Tkl":55.0,"TklW":31.0,"Past":18.0,"Press":249.0,"Succ":90.0,"Blocks":43.0,"Int":26.0},{"Player":"Jordi Masip","Pos":"GK","Tkl":0.0,"TklW":0.0,"Past":2.0,"Press":4.0,"Succ":0.0,"Blocks":0.0,"Int":0.0},{"Player":"Jaime Mata","Pos":"FW","Tkl":26.0,"TklW":12.0,"Past":14.0,"Press":455.0,"Succ":109.0,"Blocks":23.0,"Int":4.0},{"Player":"Borja Mayoral","Pos":"FW","Tkl":9.0,"TklW":4.0,"Past":12.0,"Press":322.0,"Succ":84.0,"Blocks":14.0,"Int":7.0},{"Player":"Óscar Melendo","Pos":"MF","Tkl":9.0,"TklW":6.0,"Past":6.0,"Press":171.0,"Succ":48.0,"Blocks":11.0,"Int":2.0},{"Player":"Gonzalo Melero","Pos":"MF","Tkl":28.0,"TklW":16.0,"Past":16.0,"Press":256.0,"Succ":69.0,"Blocks":18.0,"Int":7.0},{"Player":"Arthur","Pos":"MF","Tkl":17.0,"TklW":13.0,"Past":6.0,"Press":188.0,"Succ":53.0,"Blocks":10.0,"Int":6.0},{"Player":"Brais Méndez","Pos":"MF","Tkl":22.0,"TklW":13.0,"Past":24.0,"Press":314.0,"Succ":68.0,"Blocks":19.0,"Int":5.0},{"Player":"Edgar Méndez","Pos":"MF","Tkl":15.0,"TklW":8.0,"Past":7.0,"Press":143.0,"Succ":32.0,"Blocks":18.0,"Int":3.0},{"Player":"Ferland Mendy","Pos":"DF","Tkl":31.0,"TklW":16.0,"Past":9.0,"Press":169.0,"Succ":54.0,"Blocks":38.0,"Int":17.0},{"Player":"Fran Mérida","Pos":"MF","Tkl":26.0,"TklW":14.0,"Past":19.0,"Press":264.0,"Succ":77.0,"Blocks":20.0,"Int":15.0},{"Player":"Mikel Merino","Pos":"MF","Tkl":82.0,"TklW":63.0,"Past":59.0,"Press":668.0,"Succ":202.0,"Blocks":58.0,"Int":34.0},{"Player":"Roque Mesa","Pos":"MF","Tkl":45.0,"TklW":29.0,"Past":22.0,"Press":478.0,"Succ":134.0,"Blocks":32.0,"Int":7.0},{"Player":"Lionel Messi","Pos":"FW","Tkl":14.0,"TklW":10.0,"Past":18.0,"Press":287.0,"Succ":87.0,"Blocks":7.0,"Int":4.0},{"Player":"Míchel","Pos":"MF","Tkl":47.0,"TklW":32.0,"Past":49.0,"Press":525.0,"Succ":131.0,"Blocks":35.0,"Int":27.0},{"Player":"Eder Militão","Pos":"DF","Tkl":23.0,"TklW":14.0,"Past":5.0,"Press":101.0,"Succ":34.0,"Blocks":14.0,"Int":14.0},{"Player":"Santi Mina","Pos":"FW","Tkl":14.0,"TklW":8.0,"Past":34.0,"Press":405.0,"Succ":101.0,"Blocks":24.0,"Int":11.0},{"Player":"Jorge Miramón","Pos":"DF","Tkl":63.0,"TklW":32.0,"Past":23.0,"Press":303.0,"Succ":90.0,"Blocks":65.0,"Int":40.0},{"Player":"Luka Modric","Pos":"MF","Tkl":34.0,"TklW":17.0,"Past":20.0,"Press":403.0,"Succ":94.0,"Blocks":22.0,"Int":15.0},{"Player":"Jorge Molina","Pos":"FW","Tkl":9.0,"TklW":6.0,"Past":12.0,"Press":213.0,"Succ":56.0,"Blocks":13.0,"Int":4.0},{"Player":"Jon Moncayola","Pos":"MF","Tkl":55.0,"TklW":31.0,"Past":34.0,"Press":365.0,"Succ":101.0,"Blocks":40.0,"Int":7.0},{"Player":"Nacho Monreal","Pos":"DF","Tkl":40.0,"TklW":24.0,"Past":29.0,"Press":304.0,"Succ":81.0,"Blocks":58.0,"Int":23.0},{"Player":"Ángel","Pos":"MF","Tkl":17.0,"TklW":11.0,"Past":11.0,"Press":156.0,"Succ":42.0,"Blocks":20.0,"Int":8.0},{"Player":"Álvaro Morata","Pos":"FW","Tkl":19.0,"TklW":15.0,"Past":9.0,"Press":328.0,"Succ":85.0,"Blocks":17.0,"Int":4.0},{"Player":"Alberto Moreno","Pos":"DF","Tkl":33.0,"TklW":21.0,"Past":22.0,"Press":232.0,"Succ":74.0,"Blocks":34.0,"Int":11.0},{"Player":"Álex Moreno","Pos":"DF","Tkl":40.0,"TklW":24.0,"Past":28.0,"Press":376.0,"Succ":108.0,"Blocks":47.0,"Int":17.0},{"Player":"Gerard Moreno","Pos":"FW","Tkl":17.0,"TklW":14.0,"Past":41.0,"Press":392.0,"Succ":90.0,"Blocks":30.0,"Int":8.0},{"Player":"Loren Morón","Pos":"FW","Tkl":15.0,"TklW":10.0,"Past":13.0,"Press":373.0,"Succ":90.0,"Blocks":31.0,"Int":6.0},{"Player":"Javi Moyano","Pos":"DF","Tkl":29.0,"TklW":15.0,"Past":9.0,"Press":202.0,"Succ":56.0,"Blocks":41.0,"Int":16.0},{"Player":"Muniain","Pos":"FW","Tkl":34.0,"TklW":23.0,"Past":21.0,"Press":333.0,"Succ":88.0,"Blocks":17.0,"Int":10.0},{"Player":"Aihen Muñoz","Pos":"DF","Tkl":24.0,"TklW":9.0,"Past":13.0,"Press":134.0,"Succ":55.0,"Blocks":19.0,"Int":2.0},{"Player":"Jeison Murillo","Pos":"DF","Tkl":37.0,"TklW":17.0,"Past":13.0,"Press":152.0,"Succ":48.0,"Blocks":21.0,"Int":5.0},{"Player":"Nacho","Pos":"DF","Tkl":51.0,"TklW":28.0,"Past":34.0,"Press":298.0,"Succ":96.0,"Blocks":51.0,"Int":19.0},{"Player":"Nacho","Pos":"DF","Tkl":12.0,"TklW":6.0,"Past":8.0,"Press":52.0,"Succ":14.0,"Blocks":14.0,"Int":7.0},{"Player":"Naldo","Pos":"DF","Tkl":24.0,"TklW":14.0,"Past":8.0,"Press":117.0,"Succ":40.0,"Blocks":14.0,"Int":13.0},{"Player":"Ximo Navarro","Pos":"DF","Tkl":47.0,"TklW":27.0,"Past":18.0,"Press":269.0,"Succ":81.0,"Blocks":49.0,"Int":26.0},{"Player":"Jesús Navas","Pos":"DF","Tkl":34.0,"TklW":19.0,"Past":16.0,"Press":230.0,"Succ":63.0,"Blocks":54.0,"Int":22.0},{"Player":"Carlos Neva","Pos":"DF","Tkl":17.0,"TklW":8.0,"Past":9.0,"Press":264.0,"Succ":61.0,"Blocks":52.0,"Int":17.0},{"Player":"Saúl Ñíguez","Pos":"MF","Tkl":98.0,"TklW":65.0,"Past":58.0,"Press":602.0,"Succ":192.0,"Blocks":102.0,"Int":22.0},{"Player":"Fernando","Pos":"FW","Tkl":3.0,"TklW":1.0,"Past":1.0,"Press":14.0,"Succ":4.0,"Blocks":0.0,"Int":0.0},{"Player":"Nolito","Pos":"FW","Tkl":12.0,"TklW":9.0,"Past":18.0,"Press":141.0,"Succ":37.0,"Blocks":10.0,"Int":2.0},{"Player":"Nolito","Pos":"FW","Tkl":6.0,"TklW":4.0,"Past":3.0,"Press":73.0,"Succ":22.0,"Blocks":6.0,"Int":1.0},{"Player":"Unai Núñez","Pos":"DF","Tkl":13.0,"TklW":10.0,"Past":13.0,"Press":112.0,"Succ":38.0,"Blocks":30.0,"Int":12.0},{"Player":"Nyom","Pos":"DF","Tkl":49.0,"TklW":20.0,"Past":19.0,"Press":336.0,"Succ":97.0,"Blocks":38.0,"Int":15.0},{"Player":"Jan Oblak","Pos":"GK","Tkl":0.0,"TklW":0.0,"Past":0.0,"Press":1.0,"Succ":0.0,"Blocks":0.0,"Int":0.0},{"Player":"Lucas Ocampos","Pos":"FW","Tkl":52.0,"TklW":32.0,"Past":52.0,"Press":503.0,"Succ":144.0,"Blocks":55.0,"Int":15.0},{"Player":"Lucas Olaza","Pos":"DF","Tkl":64.0,"TklW":36.0,"Past":24.0,"Press":379.0,"Succ":115.0,"Blocks":65.0,"Int":16.0},{"Player":"Oier","Pos":"GK","Tkl":0.0,"TklW":0.0,"Past":0.0,"Press":1.0,"Succ":0.0,"Blocks":0.0,"Int":0.0},{"Player":"Kiko Olivas","Pos":"DF","Tkl":40.0,"TklW":31.0,"Past":29.0,"Press":253.0,"Succ":87.0,"Blocks":47.0,"Int":31.0},{"Player":"Paulo Oliveira","Pos":"DF","Tkl":34.0,"TklW":15.0,"Past":15.0,"Press":183.0,"Succ":58.0,"Blocks":38.0,"Int":26.0},{"Player":"Mathías Olivera","Pos":"DF","Tkl":68.0,"TklW":38.0,"Past":28.0,"Press":367.0,"Succ":127.0,"Blocks":45.0,"Int":20.0},{"Player":"Kenneth Omeruo","Pos":"DF","Tkl":34.0,"TklW":24.0,"Past":4.0,"Press":141.0,"Succ":55.0,"Blocks":39.0,"Int":19.0},{"Player":"Javi Ontiveros","Pos":"FW","Tkl":34.0,"TklW":22.0,"Past":31.0,"Press":271.0,"Succ":68.0,"Blocks":14.0,"Int":5.0},{"Player":"Fabián Orellana","Pos":"MF","Tkl":34.0,"TklW":21.0,"Past":42.0,"Press":382.0,"Succ":101.0,"Blocks":26.0,"Int":18.0},{"Player":"Mikel Oyarzabal","Pos":"FW","Tkl":35.0,"TklW":21.0,"Past":30.0,"Press":434.0,"Succ":131.0,"Blocks":54.0,"Int":16.0},{"Player":"Fernando","Pos":"GK","Tkl":0.0,"TklW":0.0,"Past":3.0,"Press":2.0,"Succ":1.0,"Blocks":0.0,"Int":0.0},{"Player":"Daniel Parejo","Pos":"MF","Tkl":62.0,"TklW":46.0,"Past":76.0,"Press":650.0,"Succ":165.0,"Blocks":52.0,"Int":22.0},{"Player":"Thomas Partey","Pos":"MF","Tkl":65.0,"TklW":45.0,"Past":39.0,"Press":445.0,"Succ":138.0,"Blocks":56.0,"Int":28.0},{"Player":"Gabriel","Pos":"DF","Tkl":16.0,"TklW":9.0,"Past":14.0,"Press":117.0,"Succ":41.0,"Blocks":49.0,"Int":24.0},{"Player":"Alfonso","Pos":"DF","Tkl":33.0,"TklW":20.0,"Past":19.0,"Press":195.0,"Succ":63.0,"Blocks":38.0,"Int":10.0},{"Player":"Adrià Pedrosa","Pos":"DF","Tkl":23.0,"TklW":15.0,"Past":18.0,"Press":222.0,"Succ":69.0,"Blocks":31.0,"Int":11.0},{"Player":"Rubén Peña","Pos":"DF","Tkl":48.0,"TklW":32.0,"Past":34.0,"Press":400.0,"Succ":111.0,"Blocks":51.0,"Int":20.0},{"Player":"Charles","Pos":"FW","Tkl":5.0,"TklW":3.0,"Past":8.0,"Press":75.0,"Succ":24.0,"Blocks":4.0,"Int":1.0},{"Player":"Iñigo Pérez","Pos":"MF","Tkl":15.0,"TklW":7.0,"Past":15.0,"Press":192.0,"Succ":58.0,"Blocks":16.0,"Int":10.0},{"Player":"Lucas Pérez","Pos":"FW","Tkl":12.0,"TklW":10.0,"Past":17.0,"Press":391.0,"Succ":107.0,"Blocks":13.0,"Int":4.0},{"Player":"Rubén Pérez","Pos":"MF","Tkl":60.0,"TklW":42.0,"Past":40.0,"Press":479.0,"Succ":156.0,"Blocks":46.0,"Int":28.0},{"Player":"Gerard Piqué","Pos":"DF","Tkl":37.0,"TklW":22.0,"Past":15.0,"Press":244.0,"Succ":83.0,"Blocks":66.0,"Int":36.0},{"Player":"Óscar Plano","Pos":"MF","Tkl":51.0,"TklW":32.0,"Past":33.0,"Press":426.0,"Succ":124.0,"Blocks":62.0,"Int":23.0},{"Player":"Pere Pons","Pos":"MF","Tkl":25.0,"TklW":20.0,"Past":7.0,"Press":248.0,"Succ":65.0,"Blocks":18.0,"Int":9.0},{"Player":"Francisco Portillo","Pos":"MF","Tkl":11.0,"TklW":5.0,"Past":7.0,"Press":96.0,"Succ":32.0,"Blocks":5.0,"Int":3.0},{"Player":"Portu","Pos":"FW","Tkl":38.0,"TklW":23.0,"Past":31.0,"Press":435.0,"Succ":112.0,"Blocks":39.0,"Int":12.0},{"Player":"Sergio Postigo","Pos":"DF","Tkl":32.0,"TklW":21.0,"Past":13.0,"Press":213.0,"Succ":67.0,"Blocks":29.0,"Int":26.0},{"Player":"Alejandro Pozo","Pos":"FW","Tkl":2.0,"TklW":1.0,"Past":2.0,"Press":24.0,"Succ":5.0,"Blocks":0.0,"Int":0.0},{"Player":"Alejandro Pozo","Pos":"DF","Tkl":39.0,"TklW":32.0,"Past":25.0,"Press":306.0,"Succ":91.0,"Blocks":31.0,"Int":18.0},{"Player":"Abdón Prats","Pos":"FW","Tkl":2.0,"TklW":0.0,"Past":3.0,"Press":49.0,"Succ":16.0,"Blocks":0.0,"Int":0.0},{"Player":"Antonio Puertas","Pos":"FW","Tkl":39.0,"TklW":24.0,"Past":36.0,"Press":476.0,"Succ":126.0,"Blocks":31.0,"Int":9.0},{"Player":"Xavier Quintillá","Pos":"DF","Tkl":25.0,"TklW":11.0,"Past":6.0,"Press":204.0,"Succ":62.0,"Blocks":32.0,"Int":7.0},{"Player":"Nemanja Radoja","Pos":"MF","Tkl":36.0,"TklW":22.0,"Past":36.0,"Press":323.0,"Succ":85.0,"Blocks":33.0,"Int":14.0},{"Player":"Rafinha","Pos":"FW","Tkl":3.0,"TklW":3.0,"Past":1.0,"Press":14.0,"Succ":5.0,"Blocks":1.0,"Int":1.0},{"Player":"Rafinha","Pos":"MF","Tkl":76.0,"TklW":53.0,"Past":37.0,"Press":508.0,"Succ":161.0,"Blocks":50.0,"Int":15.0},{"Player":"Raíllo","Pos":"DF","Tkl":43.0,"TklW":32.0,"Past":6.0,"Press":256.0,"Succ":100.0,"Blocks":43.0,"Int":11.0},{"Player":"Ivan Rakitic","Pos":"MF","Tkl":25.0,"TklW":19.0,"Past":16.0,"Press":293.0,"Succ":96.0,"Blocks":27.0,"Int":10.0},{"Player":"Sandro Ramírez","Pos":"FW","Tkl":9.0,"TklW":9.0,"Past":16.0,"Press":249.0,"Succ":49.0,"Blocks":12.0,"Int":5.0},{"Player":"Adrián","Pos":"FW","Tkl":3.0,"TklW":1.0,"Past":3.0,"Press":38.0,"Succ":8.0,"Blocks":4.0,"Int":0.0},{"Player":"Sergio Ramos","Pos":"DF","Tkl":60.0,"TklW":46.0,"Past":21.0,"Press":266.0,"Succ":102.0,"Blocks":39.0,"Int":31.0},{"Player":"Recio","Pos":"MF","Tkl":31.0,"TklW":23.0,"Past":32.0,"Press":302.0,"Succ":70.0,"Blocks":21.0,"Int":16.0},{"Player":"Sergio Reguilón","Pos":"DF","Tkl":57.0,"TklW":33.0,"Past":33.0,"Press":354.0,"Succ":101.0,"Blocks":39.0,"Int":20.0},{"Player":"Manolo Reina","Pos":"GK","Tkl":0.0,"TklW":0.0,"Past":2.0,"Press":5.0,"Succ":1.0,"Blocks":1.0,"Int":0.0},{"Player":"Remiro","Pos":"GK","Tkl":0.0,"TklW":0.0,"Past":1.0,"Press":1.0,"Succ":0.0,"Blocks":0.0,"Int":0.0},{"Player":"Luis Rioja","Pos":"MF","Tkl":18.0,"TklW":14.0,"Past":19.0,"Press":291.0,"Succ":60.0,"Blocks":24.0,"Int":9.0},{"Player":"Rodrigo","Pos":"MF","Tkl":0.0,"TklW":0.0,"Past":0.0,"Press":2.0,"Succ":0.0,"Blocks":1.0,"Int":0.0},{"Player":"Roger","Pos":"DF","Tkl":3.0,"TklW":2.0,"Past":1.0,"Press":25.0,"Succ":7.0,"Blocks":0.0,"Int":1.0},{"Player":"Sergi Roberto","Pos":"DF","Tkl":27.0,"TklW":19.0,"Past":15.0,"Press":237.0,"Succ":70.0,"Blocks":33.0,"Int":19.0},{"Player":"Joel Robles","Pos":"GK","Tkl":0.0,"TklW":0.0,"Past":2.0,"Press":4.0,"Succ":0.0,"Blocks":0.0,"Int":0.0},{"Player":"Marc Roca","Pos":"MF","Tkl":85.0,"TklW":61.0,"Past":58.0,"Press":707.0,"Succ":205.0,"Blocks":42.0,"Int":30.0},{"Player":"Rubén Rochina","Pos":"MF","Tkl":44.0,"TklW":25.0,"Past":28.0,"Press":334.0,"Succ":89.0,"Blocks":27.0,"Int":13.0},{"Player":"Rodrigo","Pos":"FW","Tkl":11.0,"TklW":7.0,"Past":17.0,"Press":327.0,"Succ":94.0,"Blocks":14.0,"Int":7.0},{"Player":"Kévin Rodrigues","Pos":"DF","Tkl":1.0,"TklW":0.0,"Past":0.0,"Press":5.0,"Succ":1.0,"Blocks":0.0,"Int":0.0},{"Player":"Kévin Rodrigues","Pos":"DF","Tkl":63.0,"TklW":32.0,"Past":25.0,"Press":386.0,"Succ":113.0,"Blocks":44.0,"Int":17.0},{"Player":"Óscar Rodríguez","Pos":"MF","Tkl":20.0,"TklW":10.0,"Past":34.0,"Press":356.0,"Succ":76.0,"Blocks":35.0,"Int":10.0},{"Player":"Ángel","Pos":"FW","Tkl":15.0,"TklW":12.0,"Past":11.0,"Press":301.0,"Succ":80.0,"Blocks":11.0,"Int":6.0},{"Player":"Dani Rodríguez","Pos":"MF","Tkl":64.0,"TklW":36.0,"Past":40.0,"Press":762.0,"Succ":199.0,"Blocks":51.0,"Int":18.0},{"Player":"Mario","Pos":"FW","Tkl":0.0,"TklW":0.0,"Past":0.0,"Press":1.0,"Succ":1.0,"Blocks":0.0,"Int":0.0},{"Player":"Rodrygo","Pos":"FW","Tkl":5.0,"TklW":4.0,"Past":18.0,"Press":182.0,"Succ":43.0,"Blocks":17.0,"Int":8.0},{"Player":"Facundo Roncaglia","Pos":"DF","Tkl":29.0,"TklW":18.0,"Past":12.0,"Press":149.0,"Succ":53.0,"Blocks":30.0,"Int":19.0},{"Player":"Roberto Rosales","Pos":"DF","Tkl":39.0,"TklW":23.0,"Past":23.0,"Press":236.0,"Succ":72.0,"Blocks":38.0,"Int":10.0},{"Player":"Waldo Rubio","Pos":"MF","Tkl":15.0,"TklW":9.0,"Past":23.0,"Press":171.0,"Succ":40.0,"Blocks":12.0,"Int":9.0},{"Player":"Aitor Ruibal","Pos":"DF","Tkl":30.0,"TklW":18.0,"Past":29.0,"Press":284.0,"Succ":79.0,"Blocks":18.0,"Int":11.0},{"Player":"Borja Sainz","Pos":"MF","Tkl":16.0,"TklW":11.0,"Past":16.0,"Press":203.0,"Succ":40.0,"Blocks":12.0,"Int":2.0},{"Player":"Mohammed Salisu","Pos":"DF","Tkl":52.0,"TklW":33.0,"Past":19.0,"Press":235.0,"Succ":72.0,"Blocks":44.0,"Int":16.0},{"Player":"Fede San Emeterio","Pos":"MF","Tkl":27.0,"TklW":17.0,"Past":38.0,"Press":402.0,"Succ":108.0,"Blocks":32.0,"Int":18.0},{"Player":"Oihan Sancet","Pos":"MF","Tkl":8.0,"TklW":6.0,"Past":9.0,"Press":207.0,"Succ":52.0,"Blocks":7.0,"Int":3.0},{"Player":"Germán Sánchez","Pos":"DF","Tkl":20.0,"TklW":12.0,"Past":12.0,"Press":112.0,"Succ":32.0,"Blocks":45.0,"Int":6.0},{"Player":"Víctor Sánchez","Pos":"MF","Tkl":63.0,"TklW":35.0,"Past":42.0,"Press":482.0,"Succ":130.0,"Blocks":31.0,"Int":20.0},{"Player":"Oier","Pos":"MF","Tkl":69.0,"TklW":41.0,"Past":32.0,"Press":510.0,"Succ":164.0,"Blocks":50.0,"Int":17.0},{"Player":"Stefan Savic","Pos":"DF","Tkl":16.0,"TklW":8.0,"Past":9.0,"Press":95.0,"Succ":41.0,"Blocks":26.0,"Int":9.0},{"Player":"Nélson Semedo","Pos":"DF","Tkl":54.0,"TklW":37.0,"Past":18.0,"Press":295.0,"Succ":84.0,"Blocks":42.0,"Int":21.0},{"Player":"Salva Sevilla","Pos":"MF","Tkl":31.0,"TklW":20.0,"Past":25.0,"Press":346.0,"Succ":92.0,"Blocks":25.0,"Int":13.0},{"Player":"Jonathan Silva","Pos":"DF","Tkl":53.0,"TklW":19.0,"Past":31.0,"Press":405.0,"Succ":105.0,"Blocks":29.0,"Int":26.0},{"Player":"Rui Silva","Pos":"GK","Tkl":0.0,"TklW":0.0,"Past":0.0,"Press":3.0,"Succ":1.0,"Blocks":0.0,"Int":0.0},{"Player":"Unai Simón","Pos":"GK","Tkl":0.0,"TklW":0.0,"Past":1.0,"Press":4.0,"Succ":1.0,"Blocks":1.0,"Int":0.0},{"Player":"Dimitrios Siovas","Pos":"DF","Tkl":40.0,"TklW":25.0,"Past":16.0,"Press":194.0,"Succ":74.0,"Blocks":31.0,"Int":25.0},{"Player":"Pione Sisto","Pos":"FW","Tkl":18.0,"TklW":10.0,"Past":13.0,"Press":161.0,"Succ":51.0,"Blocks":18.0,"Int":3.0},{"Player":"Roberto Soldado","Pos":"FW","Tkl":16.0,"TklW":7.0,"Past":14.0,"Press":364.0,"Succ":98.0,"Blocks":16.0,"Int":7.0},{"Player":"Carlos Soler","Pos":"MF","Tkl":28.0,"TklW":17.0,"Past":30.0,"Press":430.0,"Succ":112.0,"Blocks":30.0,"Int":5.0},{"Player":"David Soria","Pos":"GK","Tkl":0.0,"TklW":0.0,"Past":2.0,"Press":3.0,"Succ":0.0,"Blocks":0.0,"Int":0.0},{"Player":"Damián Suárez","Pos":"DF","Tkl":69.0,"TklW":49.0,"Past":42.0,"Press":493.0,"Succ":154.0,"Blocks":45.0,"Int":14.0},{"Player":"Denis Suárez","Pos":"MF","Tkl":25.0,"TklW":16.0,"Past":26.0,"Press":314.0,"Succ":77.0,"Blocks":19.0,"Int":11.0},{"Player":"Luis Suárez","Pos":"FW","Tkl":3.0,"TklW":2.0,"Past":8.0,"Press":191.0,"Succ":48.0,"Blocks":13.0,"Int":1.0},{"Player":"Suso","Pos":"FW","Tkl":7.0,"TklW":2.0,"Past":10.0,"Press":83.0,"Succ":26.0,"Blocks":4.0,"Int":1.0},{"Player":"Rodrigo","Pos":"DF","Tkl":11.0,"TklW":7.0,"Past":7.0,"Press":72.0,"Succ":25.0,"Blocks":10.0,"Int":1.0},{"Player":"Tejero","Pos":"DF","Tkl":30.0,"TklW":12.0,"Past":12.0,"Press":191.0,"Succ":51.0,"Blocks":33.0,"Int":15.0},{"Player":"Cristian Tello","Pos":"MF","Tkl":10.0,"TklW":7.0,"Past":7.0,"Press":102.0,"Succ":28.0,"Blocks":7.0,"Int":5.0},{"Player":"Marc-André ter Stegen","Pos":"GK","Tkl":1.0,"TklW":0.0,"Past":1.0,"Press":5.0,"Succ":2.0,"Blocks":0.0,"Int":0.0},{"Player":"David Timor","Pos":"MF","Tkl":11.0,"TklW":6.0,"Past":10.0,"Press":138.0,"Succ":38.0,"Blocks":10.0,"Int":7.0},{"Player":"Karl Toko Ekambi","Pos":"FW","Tkl":4.0,"TklW":2.0,"Past":3.0,"Press":177.0,"Succ":56.0,"Blocks":1.0,"Int":3.0},{"Player":"Toño","Pos":"DF","Tkl":28.0,"TklW":13.0,"Past":16.0,"Press":175.0,"Succ":53.0,"Blocks":39.0,"Int":8.0},{"Player":"Ferrán Torres","Pos":"MF","Tkl":20.0,"TklW":15.0,"Past":23.0,"Press":462.0,"Succ":95.0,"Blocks":40.0,"Int":12.0},{"Player":"Óliver Torres","Pos":"MF","Tkl":50.0,"TklW":31.0,"Past":32.0,"Press":426.0,"Succ":117.0,"Blocks":26.0,"Int":8.0},{"Player":"Pau Torres","Pos":"DF","Tkl":37.0,"TklW":23.0,"Past":12.0,"Press":262.0,"Succ":82.0,"Blocks":63.0,"Int":19.0},{"Player":"Roberto Torres","Pos":"MF","Tkl":24.0,"TklW":20.0,"Past":40.0,"Press":383.0,"Succ":96.0,"Blocks":57.0,"Int":22.0},{"Player":"Manu Trigueros","Pos":"MF","Tkl":31.0,"TklW":21.0,"Past":38.0,"Press":414.0,"Succ":102.0,"Blocks":30.0,"Int":6.0},{"Player":"Kieran Trippier","Pos":"DF","Tkl":49.0,"TklW":28.0,"Past":34.0,"Press":240.0,"Succ":73.0,"Blocks":47.0,"Int":12.0},{"Player":"Enes Ünal","Pos":"FW","Tkl":20.0,"TklW":12.0,"Past":17.0,"Press":470.0,"Succ":99.0,"Blocks":24.0,"Int":6.0},{"Player":"Tomás Vaclik","Pos":"GK","Tkl":0.0,"TklW":0.0,"Past":1.0,"Press":0.0,"Succ":0.0,"Blocks":0.0,"Int":0.0},{"Player":"Álvaro Vadillo","Pos":"FW","Tkl":12.0,"TklW":9.0,"Past":9.0,"Press":159.0,"Succ":51.0,"Blocks":17.0,"Int":8.0},{"Player":"Martin Valjent","Pos":"DF","Tkl":34.0,"TklW":21.0,"Past":11.0,"Press":208.0,"Succ":62.0,"Blocks":80.0,"Int":19.0},{"Player":"Federico Valverde","Pos":"MF","Tkl":36.0,"TklW":19.0,"Past":25.0,"Press":375.0,"Succ":93.0,"Blocks":43.0,"Int":17.0},{"Player":"Raphael Varane","Pos":"DF","Tkl":33.0,"TklW":23.0,"Past":16.0,"Press":223.0,"Succ":87.0,"Blocks":57.0,"Int":14.0},{"Player":"Matías Vargas","Pos":"FW","Tkl":13.0,"TklW":10.0,"Past":14.0,"Press":178.0,"Succ":58.0,"Blocks":9.0,"Int":1.0},{"Player":"Franco Vázquez","Pos":"MF","Tkl":31.0,"TklW":19.0,"Past":26.0,"Press":255.0,"Succ":66.0,"Blocks":16.0,"Int":6.0},{"Player":"Kevin","Pos":"DF","Tkl":30.0,"TklW":15.0,"Past":17.0,"Press":233.0,"Succ":66.0,"Blocks":33.0,"Int":23.0},{"Player":"Lucas Vázquez","Pos":"MF","Tkl":21.0,"TklW":15.0,"Past":17.0,"Press":236.0,"Succ":81.0,"Blocks":14.0,"Int":8.0},{"Player":"Koke","Pos":"GK","Tkl":0.0,"TklW":0.0,"Past":1.0,"Press":1.0,"Succ":0.0,"Blocks":0.0,"Int":0.0},{"Player":"Mikel Vesga","Pos":"MF","Tkl":34.0,"TklW":23.0,"Past":37.0,"Press":340.0,"Succ":83.0,"Blocks":28.0,"Int":19.0},{"Player":"Rúben Vezo","Pos":"DF","Tkl":51.0,"TklW":26.0,"Past":21.0,"Press":194.0,"Succ":64.0,"Blocks":51.0,"Int":28.0},{"Player":"Fede Vico","Pos":"MF","Tkl":4.0,"TklW":1.0,"Past":12.0,"Press":172.0,"Succ":42.0,"Blocks":12.0,"Int":4.0},{"Player":"Aleix Vidal","Pos":"MF","Tkl":23.0,"TklW":16.0,"Past":25.0,"Press":434.0,"Succ":98.0,"Blocks":36.0,"Int":14.0},{"Player":"Arturo Vidal","Pos":"MF","Tkl":61.0,"TklW":38.0,"Past":34.0,"Press":495.0,"Succ":152.0,"Blocks":33.0,"Int":10.0},{"Player":"Nacho","Pos":"DF","Tkl":53.0,"TklW":28.0,"Past":18.0,"Press":272.0,"Succ":85.0,"Blocks":59.0,"Int":18.0},{"Player":"Dídac Vilá","Pos":"DF","Tkl":72.0,"TklW":46.0,"Past":39.0,"Press":462.0,"Succ":120.0,"Blocks":52.0,"Int":26.0},{"Player":"Toni Villa","Pos":"MF","Tkl":25.0,"TklW":21.0,"Past":39.0,"Press":313.0,"Succ":82.0,"Blocks":24.0,"Int":9.0},{"Player":"Asier Villalibre","Pos":"FW","Tkl":4.0,"TklW":2.0,"Past":4.0,"Press":86.0,"Succ":25.0,"Blocks":4.0,"Int":0.0},{"Player":"Vitolo","Pos":"MF","Tkl":17.0,"TklW":12.0,"Past":16.0,"Press":265.0,"Succ":82.0,"Blocks":30.0,"Int":5.0},{"Player":"Nikola Vukcevic","Pos":"MF","Tkl":39.0,"TklW":24.0,"Past":27.0,"Press":290.0,"Succ":66.0,"Blocks":25.0,"Int":12.0},{"Player":"Daniel Wass","Pos":"DF","Tkl":50.0,"TklW":32.0,"Past":30.0,"Press":370.0,"Succ":93.0,"Blocks":54.0,"Int":23.0},{"Player":"Iñaki Williams","Pos":"FW","Tkl":17.0,"TklW":13.0,"Past":12.0,"Press":404.0,"Succ":116.0,"Blocks":14.0,"Int":4.0},{"Player":"Okay Yokuslu","Pos":"MF","Tkl":38.0,"TklW":26.0,"Past":19.0,"Press":267.0,"Succ":81.0,"Blocks":22.0,"Int":17.0},{"Player":"Zaldúa","Pos":"DF","Tkl":62.0,"TklW":39.0,"Past":40.0,"Press":309.0,"Succ":81.0,"Blocks":56.0,"Int":17.0},{"Player":"Igor Zubeldia","Pos":"MF","Tkl":57.0,"TklW":37.0,"Past":19.0,"Press":371.0,"Succ":108.0,"Blocks":58.0,"Int":16.0},{"Player":"Martin Ødegaard","Pos":"MF","Tkl":"28","TklW":"18","Past":"30","Press":"517","Succ":"125","Blocks":"20","Int":"15"}]