[{"Player":"Aduriz","Pos":"FW","Tkl":5.0,"TklW":3.0,"Past":5.0,"Press":121.0,"Succ":27.0,"Blocks":4.0,"Int":1.0},{"Player":"Luis Advíncula","Pos":"DF","Tkl":54.0,"TklW":34.0,"Past":22.0,"Press":371.0,"Succ":116.0,"Blocks":41.0,"Int":16.0},{"Player":"Martín Aguirregabiria","Pos":"DF","Tkl":46.0,"TklW":28.0,"Past":24.0,"Press":222.0,"Succ":52.0,"Blocks":40.0,"Int":28.0},{"Player":"Jordi Alba","Pos":"DF","Tkl":45.0,"TklW":33.0,"Past":35.0,"Press":450.0,"Succ":154.0,"Blocks":74.0,"Int":41.0},{"Player":"Pedro Alcalá","Pos":"DF","Tkl":31.0,"TklW":20.0,"Past":10.0,"Press":167.0,"Succ":46.0,"Blocks":25.0,"Int":29.0},{"Player":"Rubén Alcaraz","Pos":"MF","Tkl":98.0,"TklW":66.0,"Past":81.0,"Press":706.0,"Succ":194.0,"Blocks":60.0,"Int":34.0},{"Player":"Carles Aleñá","Pos":"MF","Tkl":6.0,"TklW":3.0,"Past":7.0,"Press":181.0,"Succ":42.0,"Blocks":5.0,"Int":4.0},{"Player":"Alfonso","Pos":"DF","Tkl":11.0,"TklW":6.0,"Past":12.0,"Press":62.0,"Succ":18.0,"Blocks":16.0,"Int":3.0},{"Player":"Sergio Álvarez","Pos":"MF","Tkl":30.0,"TklW":22.0,"Past":12.0,"Press":163.0,"Succ":50.0,"Blocks":16.0,"Int":10.0},{"Player":"Sergio Álvarez","Pos":"GK","Tkl":0.0,"TklW":0.0,"Past":0.0,"Press":0.0,"Succ":0.0,"Blocks":0.0,"Int":0.0},{"Player":"Yeray Álvarez","Pos":"DF","Tkl":54.0,"TklW":35.0,"Past":27.0,"Press":201.0,"Succ":77.0,"Blocks":44.0,"Int":49.0},{"Player":"Ibrahim Amadou","Pos":"MF","Tkl":27.0,"TklW":20.0,"Past":8.0,"Press":135.0,"Succ":43.0,"Blocks":8.0,"Int":7.0},{"Player":"Jordi Amat","Pos":"DF","Tkl":45.0,"TklW":28.0,"Past":26.0,"Press":265.0,"Succ":98.0,"Blocks":56.0,"Int":30.0},{"Player":"Ángel","Pos":"GK","Tkl":0.0,"TklW":0.0,"Past":1.0,"Press":0.0,"Succ":0.0,"Blocks":0.0,"Int":0.0},{"Player":"Ángel","Pos":"DF","Tkl":73.0,"TklW":44.0,"Past":31.0,"Press":396.0,"Succ":140.0,"Blocks":57.0,"Int":40.0},{"Player":"Antoñito","Pos":"DF","Tkl":37.0,"TklW":13.0,"Past":33.0,"Press":299.0,"Succ":58.0,"Blocks":38.0,"Int":11.0},{"Player":"Vitorino Antunes","Pos":"DF","Tkl":43.0,"TklW":26.0,"Past":23.0,"Press":348.0,"Succ":100.0,"Blocks":61.0,"Int":25.0},{"Player":"Mauro Arambarri","Pos":"MF","Tkl":76.0,"TklW":54.0,"Past":55.0,"Press":858.0,"Succ":200.0,"Blocks":55.0,"Int":25.0},{"Player":"Néstor Araújo","Pos":"DF","Tkl":36.0,"TklW":24.0,"Past":15.0,"Press":222.0,"Succ":61.0,"Blocks":48.0,"Int":23.0},{"Player":"Anaitz Arbilla","Pos":"DF","Tkl":31.0,"TklW":18.0,"Past":13.0,"Press":141.0,"Succ":40.0,"Blocks":26.0,"Int":28.0},{"Player":"Santiago Arias","Pos":"DF","Tkl":55.0,"TklW":34.0,"Past":23.0,"Press":206.0,"Succ":82.0,"Blocks":28.0,"Int":25.0},{"Player":"Sergio Asenjo","Pos":"GK","Tkl":0.0,"TklW":0.0,"Past":1.0,"Press":0.0,"Succ":0.0,"Blocks":1.0,"Int":0.0},{"Player":"Marco Asensio","Pos":"FW","Tkl":14.0,"TklW":8.0,"Past":21.0,"Press":257.0,"Succ":62.0,"Blocks":18.0,"Int":15.0},{"Player":"Iago Aspas","Pos":"FW","Tkl":14.0,"TklW":10.0,"Past":15.0,"Press":475.0,"Succ":114.0,"Blocks":14.0,"Int":16.0},{"Player":"Ezequiel Ávila","Pos":"FW","Tkl":21.0,"TklW":15.0,"Past":27.0,"Press":423.0,"Succ":95.0,"Blocks":22.0,"Int":18.0},{"Player":"Abdoulaye Ba","Pos":"DF","Tkl":48.0,"TklW":28.0,"Past":15.0,"Press":191.0,"Succ":52.0,"Blocks":46.0,"Int":26.0},{"Player":"Carlos Bacca","Pos":"FW","Tkl":6.0,"TklW":5.0,"Past":8.0,"Press":176.0,"Succ":28.0,"Blocks":5.0,"Int":6.0},{"Player":"Gareth Bale","Pos":"FW","Tkl":14.0,"TklW":12.0,"Past":17.0,"Press":241.0,"Succ":58.0,"Blocks":27.0,"Int":5.0},{"Player":"Éver Banega","Pos":"MF","Tkl":64.0,"TklW":44.0,"Past":54.0,"Press":574.0,"Succ":141.0,"Blocks":31.0,"Int":31.0},{"Player":"Leo Baptistao","Pos":"FW","Tkl":23.0,"TklW":14.0,"Past":21.0,"Press":336.0,"Succ":72.0,"Blocks":17.0,"Int":11.0},{"Player":"Enis Bardhi","Pos":"MF","Tkl":65.0,"TklW":45.0,"Past":63.0,"Press":732.0,"Succ":175.0,"Blocks":44.0,"Int":26.0},{"Player":"Marc Bartra","Pos":"DF","Tkl":86.0,"TklW":55.0,"Past":43.0,"Press":393.0,"Succ":123.0,"Blocks":60.0,"Int":38.0},{"Player":"Borja Bastón","Pos":"FW","Tkl":15.0,"TklW":9.0,"Past":26.0,"Press":441.0,"Succ":69.0,"Blocks":18.0,"Int":1.0},{"Player":"Michy Batshuayi","Pos":"FW","Tkl":1.0,"TklW":1.0,"Past":5.0,"Press":110.0,"Succ":23.0,"Blocks":7.0,"Int":2.0},{"Player":"Jon Bautista","Pos":"FW","Tkl":8.0,"TklW":5.0,"Past":7.0,"Press":143.0,"Succ":33.0,"Blocks":5.0,"Int":3.0},{"Player":"Bebé","Pos":"FW","Tkl":25.0,"TklW":21.0,"Past":10.0,"Press":228.0,"Succ":70.0,"Blocks":20.0,"Int":7.0},{"Player":"Bebé","Pos":"MF","Tkl":0.0,"TklW":0.0,"Past":0.0,"Press":14.0,"Succ":7.0,"Blocks":1.0,"Int":0.0},{"Player":"Fran Beltrán","Pos":"MF","Tkl":28.0,"TklW":16.0,"Past":33.0,"Press":506.0,"Succ":124.0,"Blocks":19.0,"Int":16.0},{"Player":"Wissam Ben Yedder","Pos":"FW","Tkl":20.0,"TklW":18.0,"Past":13.0,"Press":614.0,"Succ":157.0,"Blocks":25.0,"Int":8.0},{"Player":"Karim Benzema","Pos":"FW","Tkl":18.0,"TklW":13.0,"Past":13.0,"Press":442.0,"Succ":99.0,"Blocks":14.0,"Int":5.0},{"Player":"Yuri","Pos":"DF","Tkl":56.0,"TklW":42.0,"Past":36.0,"Press":477.0,"Succ":125.0,"Blocks":67.0,"Int":29.0},{"Player":"Rubén Blanco","Pos":"GK","Tkl":0.0,"TklW":0.0,"Past":2.0,"Press":3.0,"Succ":1.0,"Blocks":1.0,"Int":0.0},{"Player":"Pablo De Blasis","Pos":"DF","Tkl":29.0,"TklW":17.0,"Past":29.0,"Press":294.0,"Succ":91.0,"Blocks":29.0,"Int":11.0},{"Player":"Emmanuel Boateng","Pos":"FW","Tkl":3.0,"TklW":1.0,"Past":1.0,"Press":143.0,"Succ":33.0,"Blocks":5.0,"Int":1.0},{"Player":"Ryad Boudebouz","Pos":"MF","Tkl":8.0,"TklW":5.0,"Past":6.0,"Press":80.0,"Succ":26.0,"Blocks":7.0,"Int":2.0},{"Player":"Ryad Boudebouz","Pos":"MF","Tkl":10.0,"TklW":5.0,"Past":8.0,"Press":215.0,"Succ":48.0,"Blocks":13.0,"Int":2.0},{"Player":"Sofiane Boufal","Pos":"MF","Tkl":33.0,"TklW":21.0,"Past":39.0,"Press":469.0,"Succ":114.0,"Blocks":34.0,"Int":8.0},{"Player":"Martin Braithwaite","Pos":"FW","Tkl":7.0,"TklW":5.0,"Past":9.0,"Press":274.0,"Succ":69.0,"Blocks":7.0,"Int":1.0},{"Player":"Darko Brasanac","Pos":"MF","Tkl":32.0,"TklW":19.0,"Past":22.0,"Press":320.0,"Succ":76.0,"Blocks":22.0,"Int":13.0},{"Player":"Burgui","Pos":"MF","Tkl":7.0,"TklW":5.0,"Past":3.0,"Press":101.0,"Succ":25.0,"Blocks":5.0,"Int":0.0},{"Player":"Sergio Busquets","Pos":"MF","Tkl":80.0,"TklW":57.0,"Past":62.0,"Press":758.0,"Succ":217.0,"Blocks":71.0,"Int":35.0},{"Player":"Unai Bustinza","Pos":"DF","Tkl":44.0,"TklW":32.0,"Past":26.0,"Press":205.0,"Succ":59.0,"Blocks":37.0,"Int":35.0},{"Player":"Erick Cabaco","Pos":"DF","Tkl":28.0,"TklW":16.0,"Past":20.0,"Press":166.0,"Succ":52.0,"Blocks":37.0,"Int":21.0},{"Player":"Cabral","Pos":"DF","Tkl":37.0,"TklW":19.0,"Past":12.0,"Press":189.0,"Succ":69.0,"Blocks":40.0,"Int":20.0},{"Player":"Leandro Cabrera","Pos":"DF","Tkl":47.0,"TklW":29.0,"Past":33.0,"Press":307.0,"Succ":99.0,"Blocks":42.0,"Int":38.0},{"Player":"Fernando Calero","Pos":"DF","Tkl":45.0,"TklW":28.0,"Past":22.0,"Press":312.0,"Succ":101.0,"Blocks":61.0,"Int":37.0},{"Player":"Jonathan Calleri","Pos":"FW","Tkl":24.0,"TklW":19.0,"Past":25.0,"Press":632.0,"Succ":117.0,"Blocks":38.0,"Int":8.0},{"Player":"José Campaña","Pos":"MF","Tkl":65.0,"TklW":48.0,"Past":65.0,"Press":764.0,"Succ":168.0,"Blocks":61.0,"Int":21.0},{"Player":"Sergio Canales","Pos":"MF","Tkl":48.0,"TklW":42.0,"Past":43.0,"Press":496.0,"Succ":118.0,"Blocks":34.0,"Int":15.0},{"Player":"Ander Capa","Pos":"DF","Tkl":42.0,"TklW":21.0,"Past":22.0,"Press":295.0,"Succ":65.0,"Blocks":30.0,"Int":19.0},{"Player":"Marc Cardona","Pos":"FW","Tkl":11.0,"TklW":7.0,"Past":6.0,"Press":189.0,"Succ":51.0,"Blocks":9.0,"Int":1.0},{"Player":"Daniel Carriço","Pos":"DF","Tkl":35.0,"TklW":23.0,"Past":14.0,"Press":206.0,"Succ":56.0,"Blocks":31.0,"Int":26.0},{"Player":"Guido Carrillo","Pos":"FW","Tkl":21.0,"TklW":12.0,"Past":18.0,"Press":421.0,"Succ":84.0,"Blocks":20.0,"Int":5.0},{"Player":"Daniel Carvajal","Pos":"DF","Tkl":40.0,"TklW":22.0,"Past":30.0,"Press":361.0,"Succ":91.0,"Blocks":51.0,"Int":29.0},{"Player":"William Carvalho","Pos":"MF","Tkl":43.0,"TklW":32.0,"Past":19.0,"Press":253.0,"Succ":64.0,"Blocks":11.0,"Int":16.0},{"Player":"Casemiro","Pos":"MF","Tkl":82.0,"TklW":56.0,"Past":69.0,"Press":489.0,"Succ":164.0,"Blocks":71.0,"Int":36.0},{"Player":"Santiago Cáseres","Pos":"MF","Tkl":72.0,"TklW":50.0,"Past":38.0,"Press":439.0,"Succ":115.0,"Blocks":24.0,"Int":9.0},{"Player":"Santiago Cazorla","Pos":"MF","Tkl":71.0,"TklW":42.0,"Past":61.0,"Press":638.0,"Succ":155.0,"Blocks":40.0,"Int":23.0},{"Player":"Dani Ceballos","Pos":"MF","Tkl":32.0,"TklW":22.0,"Past":30.0,"Press":349.0,"Succ":90.0,"Blocks":27.0,"Int":16.0},{"Player":"Charles","Pos":"FW","Tkl":11.0,"TklW":6.0,"Past":18.0,"Press":296.0,"Succ":93.0,"Blocks":13.0,"Int":7.0},{"Player":"Denis Cheryshev","Pos":"MF","Tkl":47.0,"TklW":35.0,"Past":33.0,"Press":599.0,"Succ":147.0,"Blocks":42.0,"Int":17.0},{"Player":"Samuel Chukwueze","Pos":"FW","Tkl":19.0,"TklW":11.0,"Past":26.0,"Press":404.0,"Succ":92.0,"Blocks":14.0,"Int":10.0},{"Player":"Coke","Pos":"DF","Tkl":37.0,"TklW":17.0,"Past":37.0,"Press":189.0,"Succ":58.0,"Blocks":30.0,"Int":17.0},{"Player":"Santiago Comesaña","Pos":"MF","Tkl":55.0,"TklW":36.0,"Past":47.0,"Press":500.0,"Succ":136.0,"Blocks":38.0,"Int":16.0},{"Player":"Duje Cop","Pos":"FW","Tkl":7.0,"TklW":6.0,"Past":8.0,"Press":138.0,"Succ":34.0,"Blocks":12.0,"Int":2.0},{"Player":"Francis Coquelin","Pos":"MF","Tkl":45.0,"TklW":35.0,"Past":25.0,"Press":303.0,"Succ":89.0,"Blocks":19.0,"Int":50.0},{"Player":"Iñigo Córdoba","Pos":"FW","Tkl":36.0,"TklW":25.0,"Past":43.0,"Press":392.0,"Succ":95.0,"Blocks":35.0,"Int":18.0},{"Player":"Ángel","Pos":"MF","Tkl":38.0,"TklW":30.0,"Past":45.0,"Press":579.0,"Succ":145.0,"Blocks":29.0,"Int":22.0},{"Player":"Diego Costa","Pos":"FW","Tkl":5.0,"TklW":2.0,"Past":5.0,"Press":236.0,"Succ":47.0,"Blocks":6.0,"Int":3.0},{"Player":"Jaume Costa","Pos":"DF","Tkl":33.0,"TklW":17.0,"Past":15.0,"Press":167.0,"Succ":42.0,"Blocks":34.0,"Int":19.0},{"Player":"David Costas","Pos":"DF","Tkl":27.0,"TklW":17.0,"Past":10.0,"Press":118.0,"Succ":40.0,"Blocks":18.0,"Int":8.0},{"Player":"Thibaut Courtois","Pos":"GK","Tkl":0.0,"TklW":0.0,"Past":3.0,"Press":3.0,"Succ":0.0,"Blocks":0.0,"Int":0.0},{"Player":"Philippe Coutinho","Pos":"FW","Tkl":18.0,"TklW":12.0,"Past":18.0,"Press":370.0,"Succ":94.0,"Blocks":37.0,"Int":8.0},{"Player":"Sebastián Cristóforo","Pos":"MF","Tkl":15.0,"TklW":11.0,"Past":12.0,"Press":165.0,"Succ":39.0,"Blocks":16.0,"Int":7.0},{"Player":"Marc Cucurella","Pos":"MF","Tkl":44.0,"TklW":39.0,"Past":16.0,"Press":689.0,"Succ":223.0,"Blocks":45.0,"Int":15.0},{"Player":"Iván Cuéllar","Pos":"GK","Tkl":0.0,"TklW":0.0,"Past":2.0,"Press":3.0,"Succ":1.0,"Blocks":1.0,"Int":0.0},{"Player":"Sergi Darder","Pos":"MF","Tkl":52.0,"TklW":31.0,"Past":56.0,"Press":635.0,"Succ":120.0,"Blocks":42.0,"Int":19.0},{"Player":"Ousmane Dembélé","Pos":"FW","Tkl":19.0,"TklW":10.0,"Past":14.0,"Press":350.0,"Succ":82.0,"Blocks":15.0,"Int":3.0},{"Player":"Mouctar Diakhaby","Pos":"DF","Tkl":11.0,"TklW":9.0,"Past":8.0,"Press":117.0,"Succ":35.0,"Blocks":33.0,"Int":17.0},{"Player":"Stole Dimitrievski","Pos":"GK","Tkl":0.0,"TklW":0.0,"Past":1.0,"Press":3.0,"Succ":0.0,"Blocks":1.0,"Int":0.0},{"Player":"Papakouly Diop","Pos":"MF","Tkl":63.0,"TklW":46.0,"Past":25.0,"Press":485.0,"Succ":175.0,"Blocks":29.0,"Int":27.0},{"Player":"Marko Dmitrovic","Pos":"GK","Tkl":0.0,"TklW":0.0,"Past":2.0,"Press":3.0,"Succ":1.0,"Blocks":0.0,"Int":0.0},{"Player":"Seydou Doumbia","Pos":"FW","Tkl":6.0,"TklW":4.0,"Past":2.0,"Press":109.0,"Succ":29.0,"Blocks":4.0,"Int":3.0},{"Player":"Rubén Duarte","Pos":"DF","Tkl":72.0,"TklW":40.0,"Past":37.0,"Press":357.0,"Succ":117.0,"Blocks":90.0,"Int":34.0},{"Player":"Aritz Elustondo","Pos":"DF","Tkl":47.0,"TklW":31.0,"Past":24.0,"Press":266.0,"Succ":89.0,"Blocks":42.0,"Int":27.0},{"Player":"Rodrigo","Pos":"DF","Tkl":6.0,"TklW":4.0,"Past":5.0,"Press":31.0,"Succ":12.0,"Blocks":16.0,"Int":4.0},{"Player":"Adrián Embarba","Pos":"FW","Tkl":59.0,"TklW":34.0,"Past":48.0,"Press":555.0,"Succ":125.0,"Blocks":48.0,"Int":25.0},{"Player":"Youssef En-Nesyri","Pos":"FW","Tkl":14.0,"TklW":11.0,"Past":25.0,"Press":534.0,"Succ":94.0,"Blocks":22.0,"Int":9.0},{"Player":"Sergi Enrich","Pos":"FW","Tkl":30.0,"TklW":26.0,"Past":23.0,"Press":638.0,"Succ":177.0,"Blocks":25.0,"Int":5.0},{"Player":"Gonzalo Escalante","Pos":"MF","Tkl":49.0,"TklW":39.0,"Past":38.0,"Press":405.0,"Succ":119.0,"Blocks":38.0,"Int":19.0},{"Player":"Sergio Escudero","Pos":"DF","Tkl":41.0,"TklW":20.0,"Past":23.0,"Press":281.0,"Succ":84.0,"Blocks":47.0,"Int":17.0},{"Player":"Bernardo","Pos":"DF","Tkl":18.0,"TklW":12.0,"Past":9.0,"Press":178.0,"Succ":58.0,"Blocks":66.0,"Int":31.0},{"Player":"Beñat","Pos":"MF","Tkl":47.0,"TklW":35.0,"Past":51.0,"Press":417.0,"Succ":103.0,"Blocks":23.0,"Int":20.0},{"Player":"Etxeita","Pos":"DF","Tkl":47.0,"TklW":28.0,"Past":24.0,"Press":230.0,"Succ":68.0,"Blocks":48.0,"Int":25.0},{"Player":"Zouhair Feddal","Pos":"DF","Tkl":38.0,"TklW":18.0,"Past":16.0,"Press":155.0,"Succ":46.0,"Blocks":33.0,"Int":15.0},{"Player":"Aitor Fernández","Pos":"GK","Tkl":0.0,"TklW":0.0,"Past":0.0,"Press":2.0,"Succ":0.0,"Blocks":1.0,"Int":0.0},{"Player":"Borja","Pos":"MF","Tkl":26.0,"TklW":16.0,"Past":11.0,"Press":113.0,"Succ":36.0,"Blocks":14.0,"Int":11.0},{"Player":"Joaquín","Pos":"DF","Tkl":15.0,"TklW":8.0,"Past":8.0,"Press":103.0,"Succ":26.0,"Blocks":8.0,"Int":11.0},{"Player":"David Ferreiro","Pos":"FW","Tkl":37.0,"TklW":21.0,"Past":53.0,"Press":463.0,"Succ":108.0,"Blocks":34.0,"Int":16.0},{"Player":"Júnior Firpo","Pos":"DF","Tkl":37.0,"TklW":27.0,"Past":20.0,"Press":287.0,"Succ":79.0,"Blocks":49.0,"Int":14.0},{"Player":"Pablo Fornals","Pos":"MF","Tkl":47.0,"TklW":30.0,"Past":52.0,"Press":798.0,"Succ":169.0,"Blocks":49.0,"Int":21.0},{"Player":"Dimitri Foulquier","Pos":"MF","Tkl":40.0,"TklW":25.0,"Past":21.0,"Press":539.0,"Succ":140.0,"Blocks":33.0,"Int":20.0},{"Player":"Ramiro Funes Mori","Pos":"DF","Tkl":43.0,"TklW":26.0,"Past":29.0,"Press":312.0,"Succ":92.0,"Blocks":45.0,"Int":32.0},{"Player":"Javi Galán","Pos":"DF","Tkl":67.0,"TklW":38.0,"Past":29.0,"Press":356.0,"Succ":110.0,"Blocks":37.0,"Int":16.0},{"Player":"Álex Gallar","Pos":"MF","Tkl":15.0,"TklW":13.0,"Past":19.0,"Press":197.0,"Succ":62.0,"Blocks":9.0,"Int":7.0},{"Player":"Enric Gallego","Pos":"FW","Tkl":20.0,"TklW":14.0,"Past":10.0,"Press":361.0,"Succ":66.0,"Blocks":21.0,"Int":8.0},{"Player":"Kevin Gameiro","Pos":"FW","Tkl":11.0,"TklW":9.0,"Past":14.0,"Press":400.0,"Succ":76.0,"Blocks":15.0,"Int":6.0},{"Player":"Ezequiel Garay","Pos":"DF","Tkl":22.0,"TklW":13.0,"Past":11.0,"Press":104.0,"Succ":41.0,"Blocks":42.0,"Int":12.0},{"Player":"Borja","Pos":"FW","Tkl":0.0,"TklW":0.0,"Past":0.0,"Press":8.0,"Succ":4.0,"Blocks":0.0,"Int":0.0},{"Player":"Alberto García","Pos":"GK","Tkl":0.0,"TklW":0.0,"Past":2.0,"Press":4.0,"Succ":1.0,"Blocks":1.0,"Int":0.0},{"Player":"Aleix García","Pos":"MF","Tkl":34.0,"TklW":20.0,"Past":26.0,"Press":472.0,"Succ":91.0,"Blocks":28.0,"Int":22.0},{"Player":"Álvaro García","Pos":"FW","Tkl":23.0,"TklW":16.0,"Past":24.0,"Press":332.0,"Succ":69.0,"Blocks":28.0,"Int":11.0},{"Player":"Borja","Pos":"FW","Tkl":41.0,"TklW":27.0,"Past":24.0,"Press":579.0,"Succ":139.0,"Blocks":38.0,"Int":27.0},{"Player":"Dani García","Pos":"MF","Tkl":59.0,"TklW":40.0,"Past":53.0,"Press":439.0,"Succ":119.0,"Blocks":36.0,"Int":42.0},{"Player":"Dani García","Pos":"DF","Tkl":1.0,"TklW":0.0,"Past":2.0,"Press":47.0,"Succ":15.0,"Blocks":11.0,"Int":6.0},{"Player":"Manu García","Pos":"MF","Tkl":86.0,"TklW":45.0,"Past":61.0,"Press":590.0,"Succ":130.0,"Blocks":38.0,"Int":20.0},{"Player":"Raúl García","Pos":"DF","Tkl":9.0,"TklW":7.0,"Past":3.0,"Press":44.0,"Succ":11.0,"Blocks":9.0,"Int":2.0},{"Player":"Raúl García","Pos":"MF","Tkl":69.0,"TklW":44.0,"Past":50.0,"Press":663.0,"Succ":166.0,"Blocks":51.0,"Int":21.0},{"Player":"Raúl García","Pos":"DF","Tkl":23.0,"TklW":14.0,"Past":8.0,"Press":154.0,"Succ":44.0,"Blocks":31.0,"Int":9.0},{"Player":"Sergio García","Pos":"FW","Tkl":13.0,"TklW":8.0,"Past":14.0,"Press":233.0,"Succ":53.0,"Blocks":6.0,"Int":13.0},{"Player":"Mario","Pos":"DF","Tkl":57.0,"TklW":29.0,"Past":33.0,"Press":428.0,"Succ":100.0,"Blocks":59.0,"Int":33.0},{"Player":"Diego Godín","Pos":"DF","Tkl":62.0,"TklW":33.0,"Past":26.0,"Press":211.0,"Succ":63.0,"Blocks":37.0,"Int":41.0},{"Player":"Ibai Gómez","Pos":"MF","Tkl":10.0,"TklW":7.0,"Past":14.0,"Press":198.0,"Succ":45.0,"Blocks":14.0,"Int":14.0},{"Player":"Ibai Gómez","Pos":"FW","Tkl":6.0,"TklW":3.0,"Past":5.0,"Press":96.0,"Succ":20.0,"Blocks":10.0,"Int":3.0},{"Player":"Maxi Gómez","Pos":"FW","Tkl":8.0,"TklW":8.0,"Past":14.0,"Press":434.0,"Succ":103.0,"Blocks":18.0,"Int":5.0},{"Player":"Moi Gómez","Pos":"MF","Tkl":42.0,"TklW":35.0,"Past":39.0,"Press":663.0,"Succ":155.0,"Blocks":41.0,"Int":28.0},{"Player":"Sergi Gómez","Pos":"DF","Tkl":49.0,"TklW":24.0,"Past":13.0,"Press":294.0,"Succ":89.0,"Blocks":49.0,"Int":34.0},{"Player":"Álvaro González","Pos":"DF","Tkl":46.0,"TklW":31.0,"Past":14.0,"Press":247.0,"Succ":65.0,"Blocks":49.0,"Int":26.0},{"Player":"Bruno","Pos":"DF","Tkl":26.0,"TklW":16.0,"Past":10.0,"Press":182.0,"Succ":62.0,"Blocks":16.0,"Int":13.0},{"Player":"Álex Granell","Pos":"MF","Tkl":63.0,"TklW":35.0,"Past":60.0,"Press":631.0,"Succ":148.0,"Blocks":40.0,"Int":26.0},{"Player":"Esteban Granero","Pos":"MF","Tkl":59.0,"TklW":35.0,"Past":45.0,"Press":487.0,"Succ":86.0,"Blocks":39.0,"Int":28.0},{"Player":"Antoine Griezmann","Pos":"FW","Tkl":40.0,"TklW":24.0,"Past":27.0,"Press":753.0,"Succ":154.0,"Blocks":19.0,"Int":9.0},{"Player":"Andrés Guardado","Pos":"MF","Tkl":29.0,"TklW":15.0,"Past":42.0,"Press":418.0,"Succ":105.0,"Blocks":20.0,"Int":22.0},{"Player":"Sergi Guardiola","Pos":"FW","Tkl":1.0,"TklW":1.0,"Past":0.0,"Press":19.0,"Succ":2.0,"Blocks":0.0,"Int":0.0},{"Player":"Sergi Guardiola","Pos":"FW","Tkl":21.0,"TklW":10.0,"Past":14.0,"Press":378.0,"Succ":69.0,"Blocks":12.0,"Int":3.0},{"Player":"Gonçalo Guedes","Pos":"MF","Tkl":30.0,"TklW":18.0,"Past":25.0,"Press":303.0,"Succ":69.0,"Blocks":18.0,"Int":7.0},{"Player":"Francis","Pos":"DF","Tkl":48.0,"TklW":30.0,"Past":25.0,"Press":255.0,"Succ":78.0,"Blocks":35.0,"Int":15.0},{"Player":"John Guidetti","Pos":"FW","Tkl":3.0,"TklW":2.0,"Past":9.0,"Press":140.0,"Succ":33.0,"Blocks":8.0,"Int":1.0},{"Player":"Gerard Gumbau","Pos":"MF","Tkl":20.0,"TklW":15.0,"Past":37.0,"Press":336.0,"Succ":65.0,"Blocks":15.0,"Int":7.0},{"Player":"Munir","Pos":"FW","Tkl":12.0,"TklW":8.0,"Past":7.0,"Press":210.0,"Succ":43.0,"Blocks":20.0,"Int":3.0},{"Player":"Munir","Pos":"FW","Tkl":2.0,"TklW":2.0,"Past":2.0,"Press":34.0,"Succ":13.0,"Blocks":1.0,"Int":0.0},{"Player":"Mario Hermoso","Pos":"DF","Tkl":34.0,"TklW":25.0,"Past":22.0,"Press":168.0,"Succ":58.0,"Blocks":48.0,"Int":25.0},{"Player":"Theo Hernández","Pos":"DF","Tkl":42.0,"TklW":21.0,"Past":23.0,"Press":335.0,"Succ":86.0,"Blocks":30.0,"Int":33.0},{"Player":"Yangel Herrera","Pos":"MF","Tkl":47.0,"TklW":30.0,"Past":22.0,"Press":362.0,"Succ":99.0,"Blocks":18.0,"Int":15.0},{"Player":"Iago Herrerín","Pos":"GK","Tkl":0.0,"TklW":0.0,"Past":3.0,"Press":5.0,"Succ":0.0,"Blocks":0.0,"Int":0.0},{"Player":"Andrew Hjulsager","Pos":"MF","Tkl":12.0,"TklW":8.0,"Past":17.0,"Press":120.0,"Succ":23.0,"Blocks":2.0,"Int":4.0},{"Player":"Rober","Pos":"FW","Tkl":1.0,"TklW":1.0,"Past":2.0,"Press":13.0,"Succ":4.0,"Blocks":2.0,"Int":0.0},{"Player":"Vicente Iborra","Pos":"MF","Tkl":34.0,"TklW":26.0,"Past":22.0,"Press":327.0,"Succ":81.0,"Blocks":25.0,"Int":19.0},{"Player":"Borja Iglesias","Pos":"FW","Tkl":27.0,"TklW":21.0,"Past":23.0,"Press":632.0,"Succ":128.0,"Blocks":19.0,"Int":6.0},{"Player":"Asier Illarramendi","Pos":"MF","Tkl":55.0,"TklW":39.0,"Past":41.0,"Press":372.0,"Succ":114.0,"Blocks":41.0,"Int":24.0},{"Player":"Giannelli Imbula","Pos":"MF","Tkl":15.0,"TklW":12.0,"Past":10.0,"Press":347.0,"Succ":66.0,"Blocks":17.0,"Int":7.0},{"Player":"Takashi Inui","Pos":"MF","Tkl":12.0,"TklW":6.0,"Past":16.0,"Press":197.0,"Succ":44.0,"Blocks":7.0,"Int":8.0},{"Player":"Takashi Inui","Pos":"FW","Tkl":5.0,"TklW":1.0,"Past":8.0,"Press":77.0,"Succ":16.0,"Blocks":4.0,"Int":1.0},{"Player":"Isco","Pos":"MF","Tkl":29.0,"TklW":20.0,"Past":25.0,"Press":227.0,"Succ":53.0,"Blocks":9.0,"Int":8.0},{"Player":"Adnan Januzaj","Pos":"FW","Tkl":13.0,"TklW":11.0,"Past":9.0,"Press":198.0,"Succ":51.0,"Blocks":13.0,"Int":6.0},{"Player":"Jason","Pos":"MF","Tkl":42.0,"TklW":25.0,"Past":53.0,"Press":513.0,"Succ":108.0,"Blocks":41.0,"Int":40.0},{"Player":"Joaquín","Pos":"FW","Tkl":12.0,"TklW":8.0,"Past":6.0,"Press":233.0,"Succ":61.0,"Blocks":19.0,"Int":10.0},{"Player":"Jony","Pos":"MF","Tkl":27.0,"TklW":12.0,"Past":39.0,"Press":491.0,"Succ":98.0,"Blocks":42.0,"Int":24.0},{"Player":"Joan Jordán","Pos":"MF","Tkl":69.0,"TklW":51.0,"Past":59.0,"Press":613.0,"Succ":179.0,"Blocks":60.0,"Int":32.0},{"Player":"Willian José","Pos":"FW","Tkl":5.0,"TklW":3.0,"Past":1.0,"Press":337.0,"Succ":98.0,"Blocks":13.0,"Int":5.0},{"Player":"Jozabed","Pos":"MF","Tkl":20.0,"TklW":17.0,"Past":26.0,"Press":300.0,"Succ":68.0,"Blocks":18.0,"Int":8.0},{"Player":"Juanfran","Pos":"DF","Tkl":21.0,"TklW":14.0,"Past":18.0,"Press":184.0,"Succ":53.0,"Blocks":32.0,"Int":12.0},{"Player":"Juanfran","Pos":"DF","Tkl":38.0,"TklW":28.0,"Past":19.0,"Press":176.0,"Succ":67.0,"Blocks":23.0,"Int":23.0},{"Player":"Juanmi","Pos":"FW","Tkl":17.0,"TklW":8.0,"Past":22.0,"Press":382.0,"Succ":69.0,"Blocks":20.0,"Int":12.0},{"Player":"Juanpe","Pos":"DF","Tkl":41.0,"TklW":26.0,"Past":15.0,"Press":241.0,"Succ":83.0,"Blocks":48.0,"Int":33.0},{"Player":"Juanmi","Pos":"MF","Tkl":16.0,"TklW":11.0,"Past":8.0,"Press":195.0,"Succ":42.0,"Blocks":20.0,"Int":2.0},{"Player":"David Juncà","Pos":"DF","Tkl":50.0,"TklW":26.0,"Past":24.0,"Press":242.0,"Succ":71.0,"Blocks":53.0,"Int":18.0},{"Player":"Vinícius Júnior","Pos":"FW","Tkl":14.0,"TklW":7.0,"Past":11.0,"Press":204.0,"Succ":45.0,"Blocks":7.0,"Int":6.0},{"Player":"Nikola Kalinic","Pos":"FW","Tkl":3.0,"TklW":0.0,"Past":4.0,"Press":127.0,"Succ":28.0,"Blocks":1.0,"Int":2.0},{"Player":"Keko","Pos":"MF","Tkl":35.0,"TklW":19.0,"Past":39.0,"Press":492.0,"Succ":120.0,"Blocks":32.0,"Int":10.0},{"Player":"Simon Kjaer","Pos":"DF","Tkl":35.0,"TklW":20.0,"Past":10.0,"Press":159.0,"Succ":53.0,"Blocks":42.0,"Int":19.0},{"Player":"Koke","Pos":"MF","Tkl":75.0,"TklW":46.0,"Past":67.0,"Press":725.0,"Succ":167.0,"Blocks":47.0,"Int":24.0},{"Player":"Geoffrey Kondogbia","Pos":"MF","Tkl":46.0,"TklW":35.0,"Past":15.0,"Press":336.0,"Succ":75.0,"Blocks":27.0,"Int":24.0},{"Player":"Toni Kroos","Pos":"MF","Tkl":56.0,"TklW":42.0,"Past":44.0,"Press":576.0,"Succ":147.0,"Blocks":32.0,"Int":14.0},{"Player":"Víctor Laguardia","Pos":"DF","Tkl":41.0,"TklW":25.0,"Past":19.0,"Press":221.0,"Succ":74.0,"Blocks":74.0,"Int":51.0},{"Player":"Wu Lei","Pos":"FW","Tkl":10.0,"TklW":8.0,"Past":14.0,"Press":202.0,"Succ":38.0,"Blocks":15.0,"Int":3.0},{"Player":"Thomas Lemar","Pos":"MF","Tkl":30.0,"TklW":15.0,"Past":29.0,"Press":630.0,"Succ":109.0,"Blocks":36.0,"Int":23.0},{"Player":"Clement Lenglet","Pos":"DF","Tkl":59.0,"TklW":43.0,"Past":22.0,"Press":256.0,"Succ":85.0,"Blocks":42.0,"Int":14.0},{"Player":"Sergio León","Pos":"FW","Tkl":2.0,"TklW":1.0,"Past":6.0,"Press":87.0,"Succ":18.0,"Blocks":8.0,"Int":1.0},{"Player":"Diego Llorente","Pos":"DF","Tkl":33.0,"TklW":24.0,"Past":17.0,"Press":164.0,"Succ":62.0,"Blocks":32.0,"Int":15.0},{"Player":"Giovani Lo Celso","Pos":"MF","Tkl":55.0,"TklW":46.0,"Past":32.0,"Press":500.0,"Succ":137.0,"Blocks":36.0,"Int":10.0},{"Player":"Stanislav Lobotka","Pos":"MF","Tkl":42.0,"TklW":34.0,"Past":35.0,"Press":670.0,"Succ":151.0,"Blocks":23.0,"Int":26.0},{"Player":"Samuele Longo","Pos":"FW","Tkl":5.0,"TklW":5.0,"Past":7.0,"Press":183.0,"Succ":39.0,"Blocks":7.0,"Int":0.0},{"Player":"David López","Pos":"DF","Tkl":30.0,"TklW":24.0,"Past":12.0,"Press":152.0,"Succ":44.0,"Blocks":23.0,"Int":15.0},{"Player":"Diego López","Pos":"GK","Tkl":0.0,"TklW":0.0,"Past":1.0,"Press":0.0,"Succ":0.0,"Blocks":0.0,"Int":0.0},{"Player":"Javi López","Pos":"DF","Tkl":71.0,"TklW":43.0,"Past":43.0,"Press":308.0,"Succ":80.0,"Blocks":46.0,"Int":38.0},{"Player":"Pau López","Pos":"GK","Tkl":0.0,"TklW":0.0,"Past":3.0,"Press":3.0,"Succ":1.0,"Blocks":1.0,"Int":0.0},{"Player":"Rober","Pos":"MF","Tkl":0.0,"TklW":0.0,"Past":1.0,"Press":5.0,"Succ":2.0,"Blocks":1.0,"Int":0.0},{"Player":"Anthony Lozano","Pos":"FW","Tkl":9.0,"TklW":4.0,"Past":9.0,"Press":153.0,"Succ":35.0,"Blocks":11.0,"Int":1.0},{"Player":"Filipe Luis","Pos":"DF","Tkl":64.0,"TklW":40.0,"Past":30.0,"Press":322.0,"Succ":101.0,"Blocks":42.0,"Int":24.0},{"Player":"Douglas Luiz","Pos":"MF","Tkl":36.0,"TklW":29.0,"Past":31.0,"Press":340.0,"Succ":88.0,"Blocks":27.0,"Int":16.0},{"Player":"Antonio Luna","Pos":"DF","Tkl":21.0,"TklW":19.0,"Past":12.0,"Press":221.0,"Succ":55.0,"Blocks":34.0,"Int":12.0},{"Player":"Nemanja Maksimovic","Pos":"MF","Tkl":70.0,"TklW":45.0,"Past":46.0,"Press":874.0,"Succ":224.0,"Blocks":95.0,"Int":49.0},{"Player":"Malcom","Pos":"FW","Tkl":4.0,"TklW":3.0,"Past":4.0,"Press":118.0,"Succ":29.0,"Blocks":10.0,"Int":1.0},{"Player":"Hugo Mallo","Pos":"DF","Tkl":68.0,"TklW":43.0,"Past":43.0,"Press":538.0,"Succ":172.0,"Blocks":82.0,"Int":30.0},{"Player":"Aissa Mandi","Pos":"DF","Tkl":53.0,"TklW":42.0,"Past":19.0,"Press":306.0,"Succ":91.0,"Blocks":48.0,"Int":38.0},{"Player":"Marcelo","Pos":"DF","Tkl":37.0,"TklW":17.0,"Past":23.0,"Press":221.0,"Succ":70.0,"Blocks":33.0,"Int":12.0},{"Player":"Mario","Pos":"FW","Tkl":1.0,"TklW":1.0,"Past":5.0,"Press":81.0,"Succ":12.0,"Blocks":1.0,"Int":2.0},{"Player":"Guillermo Maripán","Pos":"DF","Tkl":46.0,"TklW":25.0,"Past":15.0,"Press":193.0,"Succ":66.0,"Blocks":41.0,"Int":23.0},{"Player":"Roger","Pos":"FW","Tkl":10.0,"TklW":8.0,"Past":22.0,"Press":373.0,"Succ":74.0,"Blocks":16.0,"Int":3.0},{"Player":"Iñigo Martínez","Pos":"DF","Tkl":49.0,"TklW":30.0,"Past":18.0,"Press":238.0,"Succ":88.0,"Blocks":40.0,"Int":47.0},{"Player":"Jordi Masip","Pos":"GK","Tkl":0.0,"TklW":0.0,"Past":1.0,"Press":0.0,"Succ":0.0,"Blocks":1.0,"Int":1.0},{"Player":"Jaime Mata","Pos":"FW","Tkl":35.0,"TklW":22.0,"Past":19.0,"Press":438.0,"Succ":119.0,"Blocks":23.0,"Int":10.0},{"Player":"Borja Mayoral","Pos":"FW","Tkl":11.0,"TklW":8.0,"Past":12.0,"Press":270.0,"Succ":47.0,"Blocks":8.0,"Int":5.0},{"Player":"Álvaro Medrán","Pos":"MF","Tkl":13.0,"TklW":9.0,"Past":16.0,"Press":191.0,"Succ":52.0,"Blocks":14.0,"Int":13.0},{"Player":"Óscar Melendo","Pos":"MF","Tkl":20.0,"TklW":12.0,"Past":20.0,"Press":446.0,"Succ":107.0,"Blocks":27.0,"Int":13.0},{"Player":"Gonzalo Melero","Pos":"MF","Tkl":24.0,"TklW":22.0,"Past":39.0,"Press":366.0,"Succ":86.0,"Blocks":18.0,"Int":3.0},{"Player":"Arthur","Pos":"MF","Tkl":17.0,"TklW":15.0,"Past":13.0,"Press":350.0,"Succ":98.0,"Blocks":15.0,"Int":9.0},{"Player":"Brais Méndez","Pos":"MF","Tkl":58.0,"TklW":43.0,"Past":46.0,"Press":686.0,"Succ":181.0,"Blocks":37.0,"Int":15.0},{"Player":"Gabriel Mercado","Pos":"DF","Tkl":40.0,"TklW":27.0,"Past":15.0,"Press":183.0,"Succ":63.0,"Blocks":40.0,"Int":17.0},{"Player":"Mikel Merino","Pos":"MF","Tkl":48.0,"TklW":38.0,"Past":43.0,"Press":656.0,"Succ":138.0,"Blocks":41.0,"Int":27.0},{"Player":"Roque Mesa","Pos":"MF","Tkl":50.0,"TklW":36.0,"Past":23.0,"Press":445.0,"Succ":116.0,"Blocks":20.0,"Int":19.0},{"Player":"Lionel Messi","Pos":"FW","Tkl":15.0,"TklW":12.0,"Past":17.0,"Press":324.0,"Succ":91.0,"Blocks":14.0,"Int":5.0},{"Player":"Míchel","Pos":"MF","Tkl":57.0,"TklW":47.0,"Past":66.0,"Press":596.0,"Succ":136.0,"Blocks":49.0,"Int":34.0},{"Player":"Santi Mina","Pos":"FW","Tkl":19.0,"TklW":14.0,"Past":23.0,"Press":505.0,"Succ":94.0,"Blocks":25.0,"Int":4.0},{"Player":"Jorge Miramón","Pos":"DF","Tkl":70.0,"TklW":44.0,"Past":39.0,"Press":384.0,"Succ":124.0,"Blocks":55.0,"Int":43.0},{"Player":"Luka Modric","Pos":"MF","Tkl":42.0,"TklW":31.0,"Past":49.0,"Press":558.0,"Succ":115.0,"Blocks":22.0,"Int":37.0},{"Player":"Jorge Molina","Pos":"FW","Tkl":16.0,"TklW":11.0,"Past":17.0,"Press":411.0,"Succ":84.0,"Blocks":31.0,"Int":4.0},{"Player":"Francis","Pos":"DF","Tkl":8.0,"TklW":5.0,"Past":2.0,"Press":50.0,"Succ":15.0,"Blocks":10.0,"Int":7.0},{"Player":"Álvaro Morata","Pos":"FW","Tkl":13.0,"TklW":10.0,"Past":12.0,"Press":267.0,"Succ":71.0,"Blocks":9.0,"Int":5.0},{"Player":"Álex Moreno","Pos":"DF","Tkl":59.0,"TklW":36.0,"Past":42.0,"Press":560.0,"Succ":145.0,"Blocks":66.0,"Int":42.0},{"Player":"Gerard Moreno","Pos":"FW","Tkl":20.0,"TklW":16.0,"Past":20.0,"Press":389.0,"Succ":81.0,"Blocks":27.0,"Int":11.0},{"Player":"Héctor Moreno","Pos":"DF","Tkl":17.0,"TklW":10.0,"Past":11.0,"Press":127.0,"Succ":43.0,"Blocks":43.0,"Int":12.0},{"Player":"Loren Morón","Pos":"FW","Tkl":19.0,"TklW":16.0,"Past":26.0,"Press":410.0,"Succ":97.0,"Blocks":27.0,"Int":7.0},{"Player":"Javi Moyano","Pos":"DF","Tkl":32.0,"TklW":24.0,"Past":17.0,"Press":228.0,"Succ":67.0,"Blocks":42.0,"Int":24.0},{"Player":"Muniain","Pos":"FW","Tkl":29.0,"TklW":23.0,"Past":31.0,"Press":483.0,"Succ":129.0,"Blocks":24.0,"Int":6.0},{"Player":"Marc Muniesa","Pos":"DF","Tkl":41.0,"TklW":21.0,"Past":14.0,"Press":259.0,"Succ":72.0,"Blocks":37.0,"Int":31.0},{"Player":"Joaquín","Pos":"MF","Tkl":0.0,"TklW":0.0,"Past":0.0,"Press":2.0,"Succ":0.0,"Blocks":0.0,"Int":0.0},{"Player":"Damián Musto","Pos":"MF","Tkl":50.0,"TklW":40.0,"Past":26.0,"Press":240.0,"Succ":61.0,"Blocks":28.0,"Int":33.0},{"Player":"Nacho","Pos":"DF","Tkl":106.0,"TklW":63.0,"Past":59.0,"Press":537.0,"Succ":138.0,"Blocks":90.0,"Int":37.0},{"Player":"Nacho","Pos":"DF","Tkl":33.0,"TklW":22.0,"Past":20.0,"Press":144.0,"Succ":50.0,"Blocks":35.0,"Int":25.0},{"Player":"Naldo","Pos":"DF","Tkl":12.0,"TklW":8.0,"Past":7.0,"Press":106.0,"Succ":34.0,"Blocks":25.0,"Int":19.0},{"Player":"Ximo Navarro","Pos":"DF","Tkl":53.0,"TklW":23.0,"Past":21.0,"Press":252.0,"Succ":80.0,"Blocks":41.0,"Int":53.0},{"Player":"Jesús Navas","Pos":"DF","Tkl":30.0,"TklW":23.0,"Past":15.0,"Press":256.0,"Succ":69.0,"Blocks":47.0,"Int":24.0},{"Player":"Raúl Navas","Pos":"DF","Tkl":22.0,"TklW":13.0,"Past":11.0,"Press":96.0,"Succ":41.0,"Blocks":26.0,"Int":13.0},{"Player":"Neto","Pos":"GK","Tkl":0.0,"TklW":0.0,"Past":1.0,"Press":1.0,"Succ":0.0,"Blocks":1.0,"Int":0.0},{"Player":"Saúl Ñíguez","Pos":"MF","Tkl":81.0,"TklW":60.0,"Past":58.0,"Press":761.0,"Succ":176.0,"Blocks":95.0,"Int":30.0},{"Player":"Nyom","Pos":"DF","Tkl":39.0,"TklW":25.0,"Past":8.0,"Press":306.0,"Succ":92.0,"Blocks":25.0,"Int":21.0},{"Player":"Jan Oblak","Pos":"GK","Tkl":0.0,"TklW":0.0,"Past":0.0,"Press":3.0,"Succ":0.0,"Blocks":0.0,"Int":0.0},{"Player":"Oier","Pos":"GK","Tkl":1.0,"TklW":0.0,"Past":2.0,"Press":1.0,"Succ":0.0,"Blocks":2.0,"Int":0.0},{"Player":"Kiko Olivas","Pos":"DF","Tkl":52.0,"TklW":40.0,"Past":38.0,"Press":280.0,"Succ":103.0,"Blocks":48.0,"Int":46.0},{"Player":"Paulo Oliveira","Pos":"DF","Tkl":49.0,"TklW":25.0,"Past":21.0,"Press":171.0,"Succ":51.0,"Blocks":37.0,"Int":19.0},{"Player":"Kenneth Omeruo","Pos":"DF","Tkl":48.0,"TklW":32.0,"Past":10.0,"Press":178.0,"Succ":48.0,"Blocks":38.0,"Int":28.0},{"Player":"Fabián Orellana","Pos":"MF","Tkl":32.0,"TklW":23.0,"Past":44.0,"Press":466.0,"Succ":123.0,"Blocks":34.0,"Int":18.0},{"Player":"Mikel Oyarzabal","Pos":"FW","Tkl":31.0,"TklW":22.0,"Past":47.0,"Press":764.0,"Succ":181.0,"Blocks":75.0,"Int":12.0},{"Player":"Fernando Pacheco","Pos":"GK","Tkl":0.0,"TklW":0.0,"Past":2.0,"Press":3.0,"Succ":1.0,"Blocks":0.0,"Int":0.0},{"Player":"Rubén Pardo","Pos":"MF","Tkl":17.0,"TklW":13.0,"Past":13.0,"Press":299.0,"Succ":60.0,"Blocks":25.0,"Int":15.0},{"Player":"Daniel Parejo","Pos":"MF","Tkl":65.0,"TklW":50.0,"Past":78.0,"Press":728.0,"Succ":183.0,"Blocks":51.0,"Int":38.0},{"Player":"Thomas Partey","Pos":"MF","Tkl":62.0,"TklW":41.0,"Past":37.0,"Press":498.0,"Succ":147.0,"Blocks":47.0,"Int":37.0},{"Player":"Gabriel","Pos":"DF","Tkl":29.0,"TklW":17.0,"Past":18.0,"Press":122.0,"Succ":48.0,"Blocks":51.0,"Int":53.0},{"Player":"Alfonso","Pos":"DF","Tkl":65.0,"TklW":41.0,"Past":55.0,"Press":528.0,"Succ":129.0,"Blocks":57.0,"Int":20.0},{"Player":"Rubén Peña","Pos":"DF","Tkl":73.0,"TklW":46.0,"Past":42.0,"Press":484.0,"Succ":174.0,"Blocks":61.0,"Int":32.0},{"Player":"Charles","Pos":"FW","Tkl":0.0,"TklW":0.0,"Past":0.0,"Press":4.0,"Succ":0.0,"Blocks":1.0,"Int":0.0},{"Player":"Hernán Pérez","Pos":"FW","Tkl":20.0,"TklW":17.0,"Past":26.0,"Press":162.0,"Succ":29.0,"Blocks":12.0,"Int":6.0},{"Player":"Rubén Pérez","Pos":"MF","Tkl":76.0,"TklW":50.0,"Past":62.0,"Press":526.0,"Succ":139.0,"Blocks":56.0,"Int":33.0},{"Player":"Pablo Piatti","Pos":"FW","Tkl":23.0,"TklW":22.0,"Past":15.0,"Press":198.0,"Succ":45.0,"Blocks":15.0,"Int":2.0},{"Player":"Cristiano Piccini","Pos":"DF","Tkl":40.0,"TklW":27.0,"Past":13.0,"Press":295.0,"Succ":88.0,"Blocks":37.0,"Int":19.0},{"Player":"Gerard Piqué","Pos":"DF","Tkl":45.0,"TklW":27.0,"Past":17.0,"Press":273.0,"Succ":87.0,"Blocks":63.0,"Int":32.0},{"Player":"Charles","Pos":"DF","Tkl":11.0,"TklW":6.0,"Past":11.0,"Press":84.0,"Succ":20.0,"Blocks":9.0,"Int":4.0},{"Player":"Óscar Plano","Pos":"MF","Tkl":59.0,"TklW":42.0,"Past":47.0,"Press":567.0,"Succ":154.0,"Blocks":38.0,"Int":21.0},{"Player":"Pere Pons","Pos":"MF","Tkl":83.0,"TklW":57.0,"Past":73.0,"Press":726.0,"Succ":196.0,"Blocks":61.0,"Int":31.0},{"Player":"Pedro Porro","Pos":"DF","Tkl":50.0,"TklW":32.0,"Past":53.0,"Press":423.0,"Succ":95.0,"Blocks":58.0,"Int":40.0},{"Player":"Francisco Portillo","Pos":"MF","Tkl":20.0,"TklW":10.0,"Past":25.0,"Press":472.0,"Succ":120.0,"Blocks":29.0,"Int":12.0},{"Player":"Portu","Pos":"FW","Tkl":30.0,"TklW":20.0,"Past":30.0,"Press":574.0,"Succ":132.0,"Blocks":32.0,"Int":6.0},{"Player":"Sergio Postigo","Pos":"DF","Tkl":26.0,"TklW":16.0,"Past":15.0,"Press":70.0,"Succ":28.0,"Blocks":26.0,"Int":17.0},{"Player":"José Pozo","Pos":"MF","Tkl":17.0,"TklW":12.0,"Past":19.0,"Press":306.0,"Succ":74.0,"Blocks":6.0,"Int":6.0},{"Player":"Quincy Promes","Pos":"DF","Tkl":33.0,"TklW":20.0,"Past":12.0,"Press":274.0,"Succ":62.0,"Blocks":25.0,"Int":13.0},{"Player":"Javi Puado","Pos":"FW","Tkl":3.0,"TklW":2.0,"Past":6.0,"Press":81.0,"Succ":21.0,"Blocks":8.0,"Int":6.0},{"Player":"Jorge Pulido","Pos":"DF","Tkl":63.0,"TklW":33.0,"Past":29.0,"Press":318.0,"Succ":106.0,"Blocks":48.0,"Int":36.0},{"Player":"Ivan Rakitic","Pos":"MF","Tkl":37.0,"TklW":28.0,"Past":37.0,"Press":543.0,"Succ":140.0,"Blocks":44.0,"Int":39.0},{"Player":"Jonás Ramalho","Pos":"DF","Tkl":10.0,"TklW":3.0,"Past":9.0,"Press":176.0,"Succ":37.0,"Blocks":39.0,"Int":9.0},{"Player":"Sandro Ramírez","Pos":"FW","Tkl":20.0,"TklW":13.0,"Past":12.0,"Press":257.0,"Succ":63.0,"Blocks":15.0,"Int":7.0},{"Player":"Iván Ramis","Pos":"DF","Tkl":22.0,"TklW":16.0,"Past":10.0,"Press":86.0,"Succ":36.0,"Blocks":19.0,"Int":12.0},{"Player":"Sergio Ramos","Pos":"DF","Tkl":50.0,"TklW":34.0,"Past":23.0,"Press":202.0,"Succ":72.0,"Blocks":47.0,"Int":27.0},{"Player":"Recio","Pos":"MF","Tkl":30.0,"TklW":22.0,"Past":24.0,"Press":304.0,"Succ":67.0,"Blocks":16.0,"Int":13.0},{"Player":"Cristian Rivera","Pos":"MF","Tkl":36.0,"TklW":25.0,"Past":15.0,"Press":341.0,"Succ":94.0,"Blocks":31.0,"Int":30.0},{"Player":"Roger","Pos":"DF","Tkl":47.0,"TklW":35.0,"Past":31.0,"Press":308.0,"Succ":103.0,"Blocks":59.0,"Int":36.0},{"Player":"Sergi Roberto","Pos":"DF","Tkl":30.0,"TklW":20.0,"Past":15.0,"Press":322.0,"Succ":109.0,"Blocks":39.0,"Int":29.0},{"Player":"Patrick Roberts","Pos":"FW","Tkl":7.0,"TklW":5.0,"Past":16.0,"Press":152.0,"Succ":20.0,"Blocks":7.0,"Int":5.0},{"Player":"Marc Roca","Pos":"MF","Tkl":82.0,"TklW":55.0,"Past":52.0,"Press":581.0,"Succ":164.0,"Blocks":57.0,"Int":33.0},{"Player":"Rubén Rochina","Pos":"MF","Tkl":60.0,"TklW":39.0,"Past":63.0,"Press":469.0,"Succ":100.0,"Blocks":40.0,"Int":14.0},{"Player":"Rodri","Pos":"MF","Tkl":108.0,"TklW":89.0,"Past":49.0,"Press":726.0,"Succ":232.0,"Blocks":50.0,"Int":30.0},{"Player":"Rodrigo","Pos":"FW","Tkl":16.0,"TklW":9.0,"Past":18.0,"Press":549.0,"Succ":124.0,"Blocks":19.0,"Int":4.0},{"Player":"Óscar Rodríguez","Pos":"MF","Tkl":45.0,"TklW":24.0,"Past":43.0,"Press":608.0,"Succ":135.0,"Blocks":22.0,"Int":16.0},{"Player":"Ángel","Pos":"FW","Tkl":13.0,"TklW":8.0,"Past":18.0,"Press":390.0,"Succ":84.0,"Blocks":14.0,"Int":5.0},{"Player":"Diego Rolan","Pos":"MF","Tkl":6.0,"TklW":3.0,"Past":7.0,"Press":42.0,"Succ":9.0,"Blocks":4.0,"Int":2.0},{"Player":"Diego Rolan","Pos":"FW","Tkl":4.0,"TklW":2.0,"Past":1.0,"Press":96.0,"Succ":13.0,"Blocks":0.0,"Int":5.0},{"Player":"Facundo Roncaglia","Pos":"DF","Tkl":28.0,"TklW":13.0,"Past":15.0,"Press":123.0,"Succ":40.0,"Blocks":22.0,"Int":12.0},{"Player":"Facundo Roncaglia","Pos":"DF","Tkl":14.0,"TklW":12.0,"Past":3.0,"Press":59.0,"Succ":27.0,"Blocks":10.0,"Int":8.0},{"Player":"Roberto Rosales","Pos":"DF","Tkl":43.0,"TklW":31.0,"Past":29.0,"Press":283.0,"Succ":80.0,"Blocks":40.0,"Int":19.0},{"Player":"Víctor Ruiz","Pos":"DF","Tkl":35.0,"TklW":20.0,"Past":8.0,"Press":182.0,"Succ":50.0,"Blocks":43.0,"Int":27.0},{"Player":"Gerónimo Rulli","Pos":"GK","Tkl":0.0,"TklW":0.0,"Past":3.0,"Press":3.0,"Succ":0.0,"Blocks":2.0,"Int":0.0},{"Player":"Antonio Sanabria","Pos":"FW","Tkl":5.0,"TklW":4.0,"Past":9.0,"Press":143.0,"Succ":32.0,"Blocks":6.0,"Int":4.0},{"Player":"Víctor Sánchez","Pos":"MF","Tkl":48.0,"TklW":32.0,"Past":61.0,"Press":394.0,"Succ":79.0,"Blocks":18.0,"Int":16.0},{"Player":"Luca Sangalli","Pos":"MF","Tkl":22.0,"TklW":18.0,"Past":14.0,"Press":300.0,"Succ":68.0,"Blocks":10.0,"Int":6.0},{"Player":"Roberto Santamaría","Pos":"GK","Tkl":0.0,"TklW":0.0,"Past":2.0,"Press":3.0,"Succ":1.0,"Blocks":0.0,"Int":0.0},{"Player":"Michael Santos","Pos":"FW","Tkl":10.0,"TklW":4.0,"Past":5.0,"Press":155.0,"Succ":32.0,"Blocks":9.0,"Int":0.0},{"Player":"Pablo Sarabia","Pos":"MF","Tkl":32.0,"TklW":26.0,"Past":59.0,"Press":626.0,"Succ":135.0,"Blocks":38.0,"Int":23.0},{"Player":"Stefan Savic","Pos":"DF","Tkl":12.0,"TklW":5.0,"Past":7.0,"Press":70.0,"Succ":29.0,"Blocks":22.0,"Int":12.0},{"Player":"Nélson Semedo","Pos":"DF","Tkl":48.0,"TklW":36.0,"Past":4.0,"Press":278.0,"Succ":94.0,"Blocks":36.0,"Int":12.0},{"Player":"Sidnei","Pos":"DF","Tkl":48.0,"TklW":26.0,"Past":23.0,"Press":217.0,"Succ":73.0,"Blocks":28.0,"Int":23.0},{"Player":"André Silva","Pos":"FW","Tkl":9.0,"TklW":8.0,"Past":13.0,"Press":371.0,"Succ":92.0,"Blocks":21.0,"Int":5.0},{"Player":"Jonathan Silva","Pos":"DF","Tkl":54.0,"TklW":29.0,"Past":41.0,"Press":541.0,"Succ":134.0,"Blocks":49.0,"Int":31.0},{"Player":"Moses Simon","Pos":"DF","Tkl":12.0,"TklW":5.0,"Past":7.0,"Press":175.0,"Succ":38.0,"Blocks":20.0,"Int":7.0},{"Player":"Dimitrios Siovas","Pos":"DF","Tkl":58.0,"TklW":36.0,"Past":28.0,"Press":287.0,"Succ":85.0,"Blocks":39.0,"Int":50.0},{"Player":"Pione Sisto","Pos":"FW","Tkl":3.0,"TklW":1.0,"Past":13.0,"Press":253.0,"Succ":57.0,"Blocks":5.0,"Int":0.0},{"Player":"Rubén Sobrino","Pos":"FW","Tkl":5.0,"TklW":2.0,"Past":1.0,"Press":54.0,"Succ":13.0,"Blocks":3.0,"Int":1.0},{"Player":"Rubén Sobrino","Pos":"FW","Tkl":16.0,"TklW":9.0,"Past":10.0,"Press":291.0,"Succ":65.0,"Blocks":16.0,"Int":3.0},{"Player":"Carlos Soler","Pos":"MF","Tkl":41.0,"TklW":22.0,"Past":54.0,"Press":714.0,"Succ":169.0,"Blocks":58.0,"Int":14.0},{"Player":"David Soria","Pos":"GK","Tkl":0.0,"TklW":0.0,"Past":1.0,"Press":2.0,"Succ":0.0,"Blocks":3.0,"Int":0.0},{"Player":"Cristhian Stuani","Pos":"FW","Tkl":23.0,"TklW":15.0,"Past":17.0,"Press":513.0,"Succ":111.0,"Blocks":18.0,"Int":7.0},{"Player":"Damián Suárez","Pos":"DF","Tkl":105.0,"TklW":67.0,"Past":80.0,"Press":663.0,"Succ":196.0,"Blocks":69.0,"Int":43.0},{"Player":"Luis Suárez","Pos":"FW","Tkl":20.0,"TklW":14.0,"Past":10.0,"Press":423.0,"Succ":120.0,"Blocks":23.0,"Int":6.0},{"Player":"Mario","Pos":"MF","Tkl":31.0,"TklW":22.0,"Past":18.0,"Press":176.0,"Succ":56.0,"Blocks":10.0,"Int":13.0},{"Player":"Markel Susaeta","Pos":"FW","Tkl":15.0,"TklW":9.0,"Past":33.0,"Press":282.0,"Succ":65.0,"Blocks":17.0,"Int":11.0},{"Player":"Rodrigo","Pos":"DF","Tkl":26.0,"TklW":17.0,"Past":5.0,"Press":132.0,"Succ":38.0,"Blocks":28.0,"Int":17.0},{"Player":"Cristian Tello","Pos":"DF","Tkl":29.0,"TklW":18.0,"Past":29.0,"Press":230.0,"Succ":63.0,"Blocks":30.0,"Int":6.0},{"Player":"Marc-André ter Stegen","Pos":"GK","Tkl":0.0,"TklW":0.0,"Past":3.0,"Press":3.0,"Succ":1.0,"Blocks":1.0,"Int":0.0},{"Player":"Tito","Pos":"DF","Tkl":16.0,"TklW":12.0,"Past":17.0,"Press":169.0,"Succ":56.0,"Blocks":32.0,"Int":9.0},{"Player":"Karl Toko Ekambi","Pos":"FW","Tkl":10.0,"TklW":8.0,"Past":13.0,"Press":504.0,"Succ":91.0,"Blocks":9.0,"Int":10.0},{"Player":"Raúl de Tomás","Pos":"FW","Tkl":11.0,"TklW":9.0,"Past":15.0,"Press":445.0,"Succ":88.0,"Blocks":15.0,"Int":9.0},{"Player":"Toño","Pos":"DF","Tkl":19.0,"TklW":12.0,"Past":16.0,"Press":202.0,"Succ":57.0,"Blocks":42.0,"Int":13.0},{"Player":"Ferrán Torres","Pos":"MF","Tkl":17.0,"TklW":9.0,"Past":9.0,"Press":228.0,"Succ":49.0,"Blocks":10.0,"Int":6.0},{"Player":"Óscar Trejo","Pos":"MF","Tkl":54.0,"TklW":42.0,"Past":32.0,"Press":424.0,"Succ":112.0,"Blocks":31.0,"Int":18.0},{"Player":"Manu Trigueros","Pos":"MF","Tkl":41.0,"TklW":29.0,"Past":44.0,"Press":383.0,"Succ":85.0,"Blocks":23.0,"Int":15.0},{"Player":"Enes Ünal","Pos":"FW","Tkl":11.0,"TklW":7.0,"Past":24.0,"Press":373.0,"Succ":69.0,"Blocks":17.0,"Int":4.0},{"Player":"Tomás Vaclik","Pos":"GK","Tkl":0.0,"TklW":0.0,"Past":1.0,"Press":3.0,"Succ":0.0,"Blocks":0.0,"Int":0.0},{"Player":"Federico Valverde","Pos":"MF","Tkl":15.0,"TklW":10.0,"Past":5.0,"Press":143.0,"Succ":38.0,"Blocks":10.0,"Int":17.0},{"Player":"Raphael Varane","Pos":"DF","Tkl":35.0,"TklW":28.0,"Past":6.0,"Press":174.0,"Succ":61.0,"Blocks":35.0,"Int":18.0},{"Player":"Franco Vázquez","Pos":"MF","Tkl":52.0,"TklW":40.0,"Past":56.0,"Press":516.0,"Succ":109.0,"Blocks":34.0,"Int":16.0},{"Player":"Lucas Vázquez","Pos":"FW","Tkl":40.0,"TklW":24.0,"Past":25.0,"Press":409.0,"Succ":105.0,"Blocks":23.0,"Int":13.0},{"Player":"Koke","Pos":"GK","Tkl":0.0,"TklW":0.0,"Past":0.0,"Press":0.0,"Succ":0.0,"Blocks":0.0,"Int":0.0},{"Player":"Emiliano Velázquez","Pos":"DF","Tkl":52.0,"TklW":26.0,"Past":22.0,"Press":200.0,"Succ":70.0,"Blocks":40.0,"Int":28.0},{"Player":"Daniele Verde","Pos":"FW","Tkl":2.0,"TklW":1.0,"Past":11.0,"Press":133.0,"Succ":30.0,"Blocks":7.0,"Int":9.0},{"Player":"Mikel Vesga","Pos":"MF","Tkl":54.0,"TklW":43.0,"Past":71.0,"Press":701.0,"Succ":149.0,"Blocks":45.0,"Int":34.0},{"Player":"Rúben Vezo","Pos":"DF","Tkl":3.0,"TklW":2.0,"Past":3.0,"Press":32.0,"Succ":15.0,"Blocks":4.0,"Int":3.0},{"Player":"Rúben Vezo","Pos":"DF","Tkl":26.0,"TklW":15.0,"Past":16.0,"Press":106.0,"Succ":37.0,"Blocks":35.0,"Int":11.0},{"Player":"Arturo Vidal","Pos":"MF","Tkl":87.0,"TklW":54.0,"Past":48.0,"Press":709.0,"Succ":205.0,"Blocks":43.0,"Int":22.0},{"Player":"Dídac Vilá","Pos":"DF","Tkl":68.0,"TklW":33.0,"Past":44.0,"Press":440.0,"Succ":126.0,"Blocks":55.0,"Int":37.0},{"Player":"Toni Villa","Pos":"MF","Tkl":45.0,"TklW":32.0,"Past":29.0,"Press":396.0,"Succ":94.0,"Blocks":25.0,"Int":10.0},{"Player":"Vitolo","Pos":"MF","Tkl":18.0,"TklW":15.0,"Past":13.0,"Press":219.0,"Succ":44.0,"Blocks":15.0,"Int":6.0},{"Player":"Nikola Vukcevic","Pos":"MF","Tkl":25.0,"TklW":19.0,"Past":15.0,"Press":187.0,"Succ":52.0,"Blocks":22.0,"Int":5.0},{"Player":"Daniel Wass","Pos":"DF","Tkl":26.0,"TklW":18.0,"Past":20.0,"Press":394.0,"Succ":87.0,"Blocks":42.0,"Int":26.0},{"Player":"Iñaki Williams","Pos":"FW","Tkl":22.0,"TklW":11.0,"Past":19.0,"Press":549.0,"Succ":136.0,"Blocks":27.0,"Int":8.0},{"Player":"Okay Yokuslu","Pos":"MF","Tkl":68.0,"TklW":52.0,"Past":22.0,"Press":404.0,"Succ":118.0,"Blocks":42.0,"Int":29.0},{"Player":"Zaldúa","Pos":"DF","Tkl":42.0,"TklW":22.0,"Past":20.0,"Press":261.0,"Succ":76.0,"Blocks":33.0,"Int":28.0},{"Player":"Nabil El Zhar","Pos":"MF","Tkl":7.0,"TklW":5.0,"Past":6.0,"Press":160.0,"Succ":33.0,"Blocks":9.0,"Int":1.0},{"Player":"Igor Zubeldia","Pos":"MF","Tkl":58.0,"TklW":48.0,"Past":40.0,"Press":604.0,"Succ":154.0,"Blocks":42.0,"Int":32.0},{"Player":"David Zurutuza","Pos":"MF,FW","Tkl":"25","TklW":"14","Past":"22","Press":"307","Succ":"64","Blocks":"35","Int":"25"}]