[{"Player":"Mehdi Abeid","Pos":"MF","Tkl":21.0,"TklW":14.0,"Past":19.0,"Press":206.0,"Succ":68.0,"Blocks":23.0,"Int":15.0},{"Player":"Khaled Adenon","Pos":"DF","Tkl":41.0,"TklW":27.0,"Past":23.0,"Press":209.0,"Succ":78.0,"Blocks":50.0,"Int":50.0},{"Player":"Ruben Aguilar","Pos":"DF","Tkl":71.0,"TklW":27.0,"Past":29.0,"Press":465.0,"Succ":131.0,"Blocks":57.0,"Int":33.0},{"Player":"Jean Eudes Aholou","Pos":"MF","Tkl":59.0,"TklW":42.0,"Past":27.0,"Press":381.0,"Succ":107.0,"Blocks":46.0,"Int":71.0},{"Player":"Youssef Ait Bennasser","Pos":"MF","Tkl":43.0,"TklW":28.0,"Past":48.0,"Press":504.0,"Succ":115.0,"Blocks":37.0,"Int":37.0},{"Player":"Junior Alonso","Pos":"DF","Tkl":50.0,"TklW":26.0,"Past":30.0,"Press":195.0,"Succ":61.0,"Blocks":43.0,"Int":42.0},{"Player":"Dani Alves","Pos":"DF","Tkl":73.0,"TklW":52.0,"Past":26.0,"Press":354.0,"Succ":121.0,"Blocks":36.0,"Int":28.0},{"Player":"Ibrahim Amadou","Pos":"MF","Tkl":43.0,"TklW":30.0,"Past":24.0,"Press":249.0,"Succ":80.0,"Blocks":49.0,"Int":31.0},{"Player":"Romain Amalfitano","Pos":"MF","Tkl":3.0,"TklW":1.0,"Past":1.0,"Press":103.0,"Succ":20.0,"Blocks":4.0,"Int":8.0},{"Player":"Romain Amalfitano","Pos":"MF","Tkl":46.0,"TklW":34.0,"Past":50.0,"Press":532.0,"Succ":139.0,"Blocks":43.0,"Int":68.0},{"Player":"Jordan Amavi","Pos":"DF","Tkl":44.0,"TklW":22.0,"Past":28.0,"Press":227.0,"Succ":74.0,"Blocks":47.0,"Int":49.0},{"Player":"Benjamin André","Pos":"MF","Tkl":69.0,"TklW":50.0,"Past":75.0,"Press":620.0,"Succ":179.0,"Blocks":67.0,"Int":66.0},{"Player":"Yoann Andreu","Pos":"DF","Tkl":36.0,"TklW":25.0,"Past":13.0,"Press":201.0,"Succ":56.0,"Blocks":43.0,"Int":42.0},{"Player":"Houssem Aouar","Pos":"MF","Tkl":49.0,"TklW":31.0,"Past":30.0,"Press":607.0,"Succ":160.0,"Blocks":35.0,"Int":45.0},{"Player":"Luiz Araujo","Pos":"FW","Tkl":30.0,"TklW":17.0,"Past":33.0,"Press":364.0,"Succ":98.0,"Blocks":29.0,"Int":6.0},{"Player":"Alphonse Areola","Pos":"GK","Tkl":0.0,"TklW":0.0,"Past":2.0,"Press":0.0,"Succ":0.0,"Blocks":0.0,"Int":0.0},{"Player":"Danilo Avelar","Pos":"DF","Tkl":41.0,"TklW":23.0,"Past":32.0,"Press":215.0,"Succ":63.0,"Blocks":33.0,"Int":37.0},{"Player":"Chidozie Awaziem","Pos":"DF","Tkl":37.0,"TklW":22.0,"Past":16.0,"Press":109.0,"Succ":38.0,"Blocks":37.0,"Int":19.0},{"Player":"Karim Azamoum","Pos":"MF","Tkl":64.0,"TklW":46.0,"Past":37.0,"Press":514.0,"Succ":119.0,"Blocks":41.0,"Int":23.0},{"Player":"Ludovic Baal","Pos":"DF","Tkl":33.0,"TklW":22.0,"Past":20.0,"Press":147.0,"Succ":43.0,"Blocks":26.0,"Int":16.0},{"Player":"Stéphane Bahoken","Pos":"FW","Tkl":12.0,"TklW":9.0,"Past":18.0,"Press":285.0,"Succ":69.0,"Blocks":25.0,"Int":12.0},{"Player":"Keita","Pos":"FW","Tkl":12.0,"TklW":6.0,"Past":7.0,"Press":225.0,"Succ":57.0,"Blocks":15.0,"Int":4.0},{"Player":"Iván Balliu","Pos":"DF","Tkl":28.0,"TklW":13.0,"Past":12.0,"Press":254.0,"Succ":68.0,"Blocks":40.0,"Int":23.0},{"Player":"Florent Balmont","Pos":"MF","Tkl":14.0,"TklW":6.0,"Past":13.0,"Press":190.0,"Succ":56.0,"Blocks":16.0,"Int":7.0},{"Player":"Mario Balotelli","Pos":"FW","Tkl":7.0,"TklW":4.0,"Past":3.0,"Press":217.0,"Succ":49.0,"Blocks":17.0,"Int":5.0},{"Player":"Abdoulaye Bamba","Pos":"DF","Tkl":20.0,"TklW":9.0,"Past":10.0,"Press":140.0,"Succ":51.0,"Blocks":26.0,"Int":10.0},{"Player":"Jonathan Bamba","Pos":"FW","Tkl":28.0,"TklW":20.0,"Past":39.0,"Press":463.0,"Succ":111.0,"Blocks":40.0,"Int":17.0},{"Player":"Yacine Bammou","Pos":"MF","Tkl":13.0,"TklW":5.0,"Past":8.0,"Press":174.0,"Succ":41.0,"Blocks":16.0,"Int":13.0},{"Player":"Herve Bazile","Pos":"FW","Tkl":18.0,"TklW":11.0,"Past":10.0,"Press":133.0,"Succ":36.0,"Blocks":28.0,"Int":18.0},{"Player":"Francois Bellugou","Pos":"MF","Tkl":48.0,"TklW":27.0,"Past":31.0,"Press":354.0,"Succ":102.0,"Blocks":22.0,"Int":38.0},{"Player":"Chaouki Ben Saada","Pos":"FW","Tkl":7.0,"TklW":7.0,"Past":7.0,"Press":110.0,"Succ":24.0,"Blocks":5.0,"Int":1.0},{"Player":"Nicolas Benezet","Pos":"FW","Tkl":30.0,"TklW":16.0,"Past":17.0,"Press":331.0,"Succ":113.0,"Blocks":11.0,"Int":14.0},{"Player":"Walter Benítez","Pos":"GK","Tkl":0.0,"TklW":0.0,"Past":2.0,"Press":1.0,"Succ":1.0,"Blocks":0.0,"Int":0.0},{"Player":"Ramy Bensebaini","Pos":"DF","Tkl":42.0,"TklW":19.0,"Past":24.0,"Press":237.0,"Succ":84.0,"Blocks":62.0,"Int":36.0},{"Player":"Yassine Benzia","Pos":"MF","Tkl":56.0,"TklW":38.0,"Past":32.0,"Press":502.0,"Succ":131.0,"Blocks":36.0,"Int":20.0},{"Player":"Yuri","Pos":"DF","Tkl":34.0,"TklW":20.0,"Past":18.0,"Press":268.0,"Succ":103.0,"Blocks":38.0,"Int":18.0},{"Player":"Robert Beric","Pos":"FW","Tkl":5.0,"TklW":4.0,"Past":12.0,"Press":245.0,"Succ":67.0,"Blocks":12.0,"Int":7.0},{"Player":"Vincent Bessat","Pos":"DF","Tkl":33.0,"TklW":19.0,"Past":28.0,"Press":275.0,"Succ":75.0,"Blocks":22.0,"Int":19.0},{"Player":"Yves Bissouma","Pos":"MF","Tkl":59.0,"TklW":37.0,"Past":21.0,"Press":285.0,"Succ":81.0,"Blocks":20.0,"Int":38.0},{"Player":"Ludovic Blas","Pos":"MF","Tkl":19.0,"TklW":16.0,"Past":23.0,"Press":369.0,"Succ":96.0,"Blocks":24.0,"Int":21.0},{"Player":"Jérémy Blayac","Pos":"FW","Tkl":3.0,"TklW":3.0,"Past":7.0,"Press":104.0,"Succ":38.0,"Blocks":12.0,"Int":2.0},{"Player":"Alexis Blin","Pos":"MF","Tkl":40.0,"TklW":21.0,"Past":43.0,"Press":426.0,"Succ":113.0,"Blocks":35.0,"Int":32.0},{"Player":"Emmanuel Bourgaud","Pos":"MF","Tkl":9.0,"TklW":4.0,"Past":11.0,"Press":159.0,"Succ":39.0,"Blocks":10.0,"Int":9.0},{"Player":"Benjamin Bourigeaud","Pos":"MF","Tkl":39.0,"TklW":24.0,"Past":67.0,"Press":821.0,"Succ":189.0,"Blocks":66.0,"Int":50.0},{"Player":"Jimmy Briand","Pos":"FW","Tkl":27.0,"TklW":14.0,"Past":24.0,"Press":580.0,"Succ":137.0,"Blocks":18.0,"Int":18.0},{"Player":"Ludovic Butelle","Pos":"GK","Tkl":0.0,"TklW":0.0,"Past":0.0,"Press":2.0,"Succ":0.0,"Blocks":0.0,"Int":0.0},{"Player":"Rémy Cabella","Pos":"MF","Tkl":52.0,"TklW":33.0,"Past":41.0,"Press":421.0,"Succ":112.0,"Blocks":38.0,"Int":14.0},{"Player":"Rémy Cabella","Pos":"MF","Tkl":7.0,"TklW":4.0,"Past":1.0,"Press":11.0,"Succ":3.0,"Blocks":0.0,"Int":1.0},{"Player":"Jonathan Cafu","Pos":"FW","Tkl":19.0,"TklW":10.0,"Past":7.0,"Press":95.0,"Succ":28.0,"Blocks":7.0,"Int":5.0},{"Player":"Yannick Cahuzac","Pos":"MF","Tkl":32.0,"TklW":20.0,"Past":17.0,"Press":245.0,"Succ":81.0,"Blocks":40.0,"Int":25.0},{"Player":"Souleymane Camara","Pos":"FW","Tkl":3.0,"TklW":3.0,"Past":1.0,"Press":142.0,"Succ":44.0,"Blocks":7.0,"Int":2.0},{"Player":"Pierrick Capelle","Pos":"MF","Tkl":49.0,"TklW":31.0,"Past":45.0,"Press":402.0,"Succ":101.0,"Blocks":25.0,"Int":34.0},{"Player":"Diego Carlos","Pos":"DF","Tkl":59.0,"TklW":36.0,"Past":13.0,"Press":189.0,"Succ":84.0,"Blocks":62.0,"Int":24.0},{"Player":"Guido Carrillo","Pos":"FW","Tkl":3.0,"TklW":1.0,"Past":4.0,"Press":73.0,"Succ":18.0,"Blocks":4.0,"Int":1.0},{"Player":"Edinson Cavani","Pos":"FW","Tkl":11.0,"TklW":7.0,"Past":13.0,"Press":296.0,"Succ":80.0,"Blocks":17.0,"Int":8.0},{"Player":"Fouad Chafik","Pos":"DF","Tkl":53.0,"TklW":27.0,"Past":17.0,"Press":209.0,"Succ":71.0,"Blocks":27.0,"Int":28.0},{"Player":"Kwon Chang-Hoon","Pos":"FW","Tkl":32.0,"TklW":20.0,"Past":30.0,"Press":416.0,"Succ":108.0,"Blocks":32.0,"Int":27.0},{"Player":"Issa Cissokho","Pos":"DF","Tkl":33.0,"TklW":17.0,"Past":12.0,"Press":182.0,"Succ":41.0,"Blocks":42.0,"Int":25.0},{"Player":"Marcus Coco","Pos":"FW","Tkl":35.0,"TklW":20.0,"Past":25.0,"Press":268.0,"Succ":61.0,"Blocks":26.0,"Int":19.0},{"Player":"Renaud Cohade","Pos":"MF","Tkl":129.0,"TklW":89.0,"Past":77.0,"Press":671.0,"Succ":204.0,"Blocks":78.0,"Int":48.0},{"Player":"Alois Confais","Pos":"MF","Tkl":6.0,"TklW":4.0,"Past":10.0,"Press":185.0,"Succ":38.0,"Blocks":10.0,"Int":4.0},{"Player":"Daniel Congré","Pos":"DF","Tkl":49.0,"TklW":36.0,"Past":22.0,"Press":278.0,"Succ":101.0,"Blocks":43.0,"Int":41.0},{"Player":"Benjamin Corgnet","Pos":"MF","Tkl":28.0,"TklW":20.0,"Past":14.0,"Press":223.0,"Succ":56.0,"Blocks":14.0,"Int":14.0},{"Player":"Maxwel Cornet","Pos":"FW","Tkl":16.0,"TklW":12.0,"Past":19.0,"Press":221.0,"Succ":41.0,"Blocks":17.0,"Int":10.0},{"Player":"Benoit Costil","Pos":"GK","Tkl":0.0,"TklW":0.0,"Past":2.0,"Press":0.0,"Succ":0.0,"Blocks":0.0,"Int":0.0},{"Player":"Lassana Coulibaly","Pos":"MF","Tkl":23.0,"TklW":18.0,"Past":20.0,"Press":208.0,"Succ":48.0,"Blocks":11.0,"Int":8.0},{"Player":"Enzo Crivelli","Pos":"FW","Tkl":12.0,"TklW":7.0,"Past":5.0,"Press":183.0,"Succ":56.0,"Blocks":9.0,"Int":4.0},{"Player":"Enzo Crivelli","Pos":"FW","Tkl":1.0,"TklW":1.0,"Past":3.0,"Press":138.0,"Succ":32.0,"Blocks":5.0,"Int":1.0},{"Player":"Wylan Cyprien","Pos":"MF","Tkl":12.0,"TklW":8.0,"Past":10.0,"Press":140.0,"Succ":40.0,"Blocks":17.0,"Int":14.0},{"Player":"Damien Da Silva","Pos":"DF","Tkl":55.0,"TklW":28.0,"Past":15.0,"Press":223.0,"Succ":72.0,"Blocks":72.0,"Int":61.0},{"Player":"Bryan Dabo","Pos":"MF","Tkl":18.0,"TklW":12.0,"Past":19.0,"Press":201.0,"Succ":53.0,"Blocks":15.0,"Int":14.0},{"Player":"Dante","Pos":"DF","Tkl":38.0,"TklW":21.0,"Past":15.0,"Press":196.0,"Succ":70.0,"Blocks":66.0,"Int":43.0},{"Player":"Stéphane Darbion","Pos":"FW","Tkl":13.0,"TklW":5.0,"Past":31.0,"Press":281.0,"Succ":72.0,"Blocks":27.0,"Int":18.0},{"Player":"Lucas Deaux","Pos":"MF","Tkl":58.0,"TklW":43.0,"Past":40.0,"Press":449.0,"Succ":130.0,"Blocks":39.0,"Int":33.0},{"Player":"Mathieu Debuchy","Pos":"DF","Tkl":27.0,"TklW":11.0,"Past":7.0,"Press":141.0,"Succ":47.0,"Blocks":45.0,"Int":34.0},{"Player":"Andy Delort","Pos":"FW","Tkl":15.0,"TklW":10.0,"Past":15.0,"Press":263.0,"Succ":63.0,"Blocks":16.0,"Int":9.0},{"Player":"Memphis Depay","Pos":"FW","Tkl":11.0,"TklW":9.0,"Past":17.0,"Press":406.0,"Succ":115.0,"Blocks":25.0,"Int":12.0},{"Player":"Mathieu Deplagne","Pos":"DF","Tkl":51.0,"TklW":26.0,"Past":24.0,"Press":244.0,"Succ":90.0,"Blocks":50.0,"Int":53.0},{"Player":"Ángel Di María","Pos":"FW","Tkl":11.0,"TklW":9.0,"Past":20.0,"Press":243.0,"Succ":68.0,"Blocks":17.0,"Int":10.0},{"Player":"Fallou Diagne","Pos":"DF","Tkl":40.0,"TklW":25.0,"Past":14.0,"Press":172.0,"Succ":56.0,"Blocks":45.0,"Int":18.0},{"Player":"Adama Diakhaby","Pos":"FW","Tkl":19.0,"TklW":11.0,"Past":6.0,"Press":177.0,"Succ":43.0,"Blocks":13.0,"Int":16.0},{"Player":"Moustapha Diallo","Pos":"MF","Tkl":46.0,"TklW":29.0,"Past":20.0,"Press":242.0,"Succ":57.0,"Blocks":24.0,"Int":26.0},{"Player":"Bakaye Dibassy","Pos":"DF","Tkl":64.0,"TklW":38.0,"Past":25.0,"Press":275.0,"Succ":97.0,"Blocks":74.0,"Int":54.0},{"Player":"Étienne Didot","Pos":"MF","Tkl":45.0,"TklW":26.0,"Past":25.0,"Press":280.0,"Succ":87.0,"Blocks":37.0,"Int":22.0},{"Player":"Lois Diony","Pos":"FW","Tkl":4.0,"TklW":2.0,"Past":4.0,"Press":132.0,"Succ":28.0,"Blocks":5.0,"Int":1.0},{"Player":"Issa Diop","Pos":"DF","Tkl":51.0,"TklW":29.0,"Past":23.0,"Press":162.0,"Succ":43.0,"Blocks":43.0,"Int":66.0},{"Player":"Assane Diousse","Pos":"MF","Tkl":26.0,"TklW":21.0,"Past":18.0,"Press":269.0,"Succ":68.0,"Blocks":23.0,"Int":19.0},{"Player":"Koffi Djidji","Pos":"DF","Tkl":56.0,"TklW":23.0,"Past":9.0,"Press":246.0,"Succ":66.0,"Blocks":61.0,"Int":32.0},{"Player":"Alexander Djiku","Pos":"DF","Tkl":58.0,"TklW":36.0,"Past":26.0,"Press":250.0,"Succ":89.0,"Blocks":44.0,"Int":67.0},{"Player":"Papy Djilobodji","Pos":"DF","Tkl":41.0,"TklW":25.0,"Past":18.0,"Press":150.0,"Succ":62.0,"Blocks":59.0,"Int":60.0},{"Player":"Keagan Dolly","Pos":"FW","Tkl":13.0,"TklW":8.0,"Past":9.0,"Press":169.0,"Succ":44.0,"Blocks":11.0,"Int":4.0},{"Player":"Mathieu Dossevi","Pos":"FW","Tkl":31.0,"TklW":23.0,"Past":33.0,"Press":362.0,"Succ":89.0,"Blocks":30.0,"Int":33.0},{"Player":"Julian Draxler","Pos":"MF","Tkl":15.0,"TklW":10.0,"Past":23.0,"Press":206.0,"Succ":57.0,"Blocks":21.0,"Int":27.0},{"Player":"Léo Dubois","Pos":"DF","Tkl":50.0,"TklW":24.0,"Past":29.0,"Press":328.0,"Succ":94.0,"Blocks":74.0,"Int":47.0},{"Player":"Jimmy Durmaz","Pos":"MF","Tkl":12.0,"TklW":6.0,"Past":7.0,"Press":142.0,"Succ":34.0,"Blocks":9.0,"Int":13.0},{"Player":"Felix Eboa Eboa","Pos":"DF","Tkl":18.0,"TklW":8.0,"Past":11.0,"Press":132.0,"Succ":46.0,"Blocks":31.0,"Int":34.0},{"Player":"Fabinho","Pos":"MF","Tkl":96.0,"TklW":61.0,"Past":68.0,"Press":545.0,"Succ":159.0,"Blocks":50.0,"Int":39.0},{"Player":"Falcao","Pos":"FW","Tkl":7.0,"TklW":7.0,"Past":12.0,"Press":346.0,"Succ":90.0,"Blocks":18.0,"Int":13.0},{"Player":"Nabil Fekir","Pos":"MF","Tkl":38.0,"TklW":34.0,"Past":23.0,"Press":735.0,"Succ":179.0,"Blocks":23.0,"Int":11.0},{"Player":"Julien Féret","Pos":"MF","Tkl":38.0,"TklW":25.0,"Past":53.0,"Press":599.0,"Succ":148.0,"Blocks":68.0,"Int":54.0},{"Player":"Jordan Ferri","Pos":"MF","Tkl":17.0,"TklW":13.0,"Past":10.0,"Press":203.0,"Succ":51.0,"Blocks":10.0,"Int":9.0},{"Player":"Guessouma Fofana","Pos":"MF","Tkl":17.0,"TklW":13.0,"Past":9.0,"Press":152.0,"Succ":35.0,"Blocks":11.0,"Int":8.0},{"Player":"Dimitri Foulquier","Pos":"DF","Tkl":21.0,"TklW":16.0,"Past":8.0,"Press":177.0,"Succ":55.0,"Blocks":27.0,"Int":19.0},{"Player":"Angelo Fulgini","Pos":"MF","Tkl":18.0,"TklW":14.0,"Past":18.0,"Press":300.0,"Succ":72.0,"Blocks":27.0,"Int":17.0},{"Player":"Serge Gakpe","Pos":"FW","Tkl":11.0,"TklW":7.0,"Past":19.0,"Press":200.0,"Succ":58.0,"Blocks":29.0,"Int":10.0},{"Player":"Romain Genevois","Pos":"DF","Tkl":39.0,"TklW":20.0,"Past":22.0,"Press":246.0,"Succ":78.0,"Blocks":25.0,"Int":28.0},{"Player":"Valère Germain","Pos":"FW","Tkl":14.0,"TklW":9.0,"Past":8.0,"Press":243.0,"Succ":70.0,"Blocks":9.0,"Int":8.0},{"Player":"Yassine El Ghanassy","Pos":"FW","Tkl":6.0,"TklW":3.0,"Past":7.0,"Press":79.0,"Succ":27.0,"Blocks":2.0,"Int":8.0},{"Player":"Anwar El Ghazi","Pos":"FW","Tkl":21.0,"TklW":14.0,"Past":17.0,"Press":190.0,"Succ":50.0,"Blocks":16.0,"Int":8.0},{"Player":"Rachid Ghezzal","Pos":"FW","Tkl":18.0,"TklW":11.0,"Past":28.0,"Press":226.0,"Succ":65.0,"Blocks":19.0,"Int":16.0},{"Player":"Jimmy Giraudon","Pos":"DF","Tkl":17.0,"TklW":11.0,"Past":12.0,"Press":79.0,"Succ":26.0,"Blocks":38.0,"Int":28.0},{"Player":"Andrei Girotto","Pos":"MF","Tkl":49.0,"TklW":29.0,"Past":30.0,"Press":270.0,"Succ":71.0,"Blocks":37.0,"Int":18.0},{"Player":"Kamil Glik","Pos":"DF","Tkl":34.0,"TklW":23.0,"Past":18.0,"Press":179.0,"Succ":62.0,"Blocks":46.0,"Int":35.0},{"Player":"Joris Gnagnon","Pos":"DF","Tkl":37.0,"TklW":26.0,"Past":13.0,"Press":138.0,"Succ":49.0,"Blocks":42.0,"Int":23.0},{"Player":"Anthony Goncalves","Pos":"MF","Tkl":52.0,"TklW":30.0,"Past":36.0,"Press":360.0,"Succ":98.0,"Blocks":30.0,"Int":20.0},{"Player":"Max Gradel","Pos":"FW","Tkl":46.0,"TklW":29.0,"Past":35.0,"Press":414.0,"Succ":106.0,"Blocks":51.0,"Int":17.0},{"Player":"Samuel Grandsir","Pos":"FW","Tkl":57.0,"TklW":30.0,"Past":42.0,"Press":646.0,"Succ":138.0,"Blocks":35.0,"Int":22.0},{"Player":"Clément Grenier","Pos":"FW","Tkl":1.0,"TklW":1.0,"Past":0.0,"Press":1.0,"Succ":0.0,"Blocks":0.0,"Int":0.0},{"Player":"Clément Grenier","Pos":"MF","Tkl":20.0,"TklW":17.0,"Past":18.0,"Press":271.0,"Succ":79.0,"Blocks":18.0,"Int":11.0},{"Player":"Jeremy Grimm","Pos":"MF","Tkl":25.0,"TklW":18.0,"Past":12.0,"Press":114.0,"Succ":32.0,"Blocks":19.0,"Int":19.0},{"Player":"Frederic Guilbert","Pos":"DF","Tkl":126.0,"TklW":69.0,"Past":59.0,"Press":621.0,"Succ":163.0,"Blocks":71.0,"Int":89.0},{"Player":"Baptiste Guillaume","Pos":"FW","Tkl":3.0,"TklW":3.0,"Past":4.0,"Press":76.0,"Succ":15.0,"Blocks":4.0,"Int":2.0},{"Player":"Régis Gurtner","Pos":"GK","Tkl":0.0,"TklW":0.0,"Past":1.0,"Press":0.0,"Succ":0.0,"Blocks":0.0,"Int":0.0},{"Player":"Luiz Gustavo","Pos":"MF","Tkl":75.0,"TklW":52.0,"Past":36.0,"Press":473.0,"Succ":173.0,"Blocks":46.0,"Int":43.0},{"Player":"Oussama Haddadi","Pos":"DF","Tkl":53.0,"TklW":33.0,"Past":32.0,"Press":393.0,"Succ":125.0,"Blocks":48.0,"Int":36.0},{"Player":"Oualid El Hajjam","Pos":"DF","Tkl":61.0,"TklW":31.0,"Past":31.0,"Press":282.0,"Succ":65.0,"Blocks":38.0,"Int":67.0},{"Player":"Romain Hamouma","Pos":"FW","Tkl":15.0,"TklW":12.0,"Past":17.0,"Press":243.0,"Succ":80.0,"Blocks":20.0,"Int":14.0},{"Player":"Christophe Herelle","Pos":"DF","Tkl":33.0,"TklW":11.0,"Past":10.0,"Press":182.0,"Succ":61.0,"Blocks":52.0,"Int":61.0},{"Player":"Hilton","Pos":"DF","Tkl":40.0,"TklW":28.0,"Past":25.0,"Press":171.0,"Succ":72.0,"Blocks":39.0,"Int":51.0},{"Player":"Adrien Hunou","Pos":"FW","Tkl":19.0,"TklW":12.0,"Past":22.0,"Press":288.0,"Succ":71.0,"Blocks":27.0,"Int":7.0},{"Player":"Suk Hyun-Jun","Pos":"FW","Tkl":6.0,"TklW":3.0,"Past":9.0,"Press":251.0,"Succ":58.0,"Blocks":7.0,"Int":3.0},{"Player":"Edgar Ié","Pos":"DF","Tkl":69.0,"TklW":38.0,"Past":35.0,"Press":332.0,"Succ":123.0,"Blocks":66.0,"Int":72.0},{"Player":"Jordan Ikoko","Pos":"DF","Tkl":37.0,"TklW":16.0,"Past":20.0,"Press":301.0,"Succ":94.0,"Blocks":36.0,"Int":50.0},{"Player":"Jonathan Ikone","Pos":"FW","Tkl":11.0,"TklW":9.0,"Past":7.0,"Press":199.0,"Succ":43.0,"Blocks":9.0,"Int":4.0},{"Player":"Jules Iloki","Pos":"MF","Tkl":9.0,"TklW":3.0,"Past":10.0,"Press":202.0,"Succ":41.0,"Blocks":17.0,"Int":14.0},{"Player":"Giannelli Imbula","Pos":"MF","Tkl":21.0,"TklW":16.0,"Past":18.0,"Press":382.0,"Succ":92.0,"Blocks":19.0,"Int":16.0},{"Player":"Christophe Jallet","Pos":"DF","Tkl":26.0,"TklW":16.0,"Past":14.0,"Press":132.0,"Succ":47.0,"Blocks":23.0,"Int":22.0},{"Player":"Saidy Janko","Pos":"DF","Tkl":33.0,"TklW":15.0,"Past":12.0,"Press":168.0,"Succ":56.0,"Blocks":38.0,"Int":12.0},{"Player":"Corentin Jean","Pos":"MF","Tkl":11.0,"TklW":6.0,"Past":15.0,"Press":220.0,"Succ":45.0,"Blocks":26.0,"Int":11.0},{"Player":"Benjamin Jeannot","Pos":"FW","Tkl":12.0,"TklW":5.0,"Past":6.0,"Press":224.0,"Succ":46.0,"Blocks":12.0,"Int":9.0},{"Player":"Jemerson","Pos":"DF","Tkl":42.0,"TklW":28.0,"Past":7.0,"Press":200.0,"Succ":54.0,"Blocks":60.0,"Int":32.0},{"Player":"Karl-Johan Johnsson","Pos":"GK","Tkl":0.0,"TklW":0.0,"Past":1.0,"Press":1.0,"Succ":0.0,"Blocks":0.0,"Int":0.0},{"Player":"Jorge","Pos":"DF","Tkl":58.0,"TklW":33.0,"Past":23.0,"Press":295.0,"Succ":83.0,"Blocks":39.0,"Int":52.0},{"Player":"Vukasin Jovanovic","Pos":"DF","Tkl":21.0,"TklW":12.0,"Past":15.0,"Press":70.0,"Succ":19.0,"Blocks":28.0,"Int":13.0},{"Player":"Stevan Jovetic","Pos":"FW","Tkl":4.0,"TklW":4.0,"Past":4.0,"Press":151.0,"Succ":42.0,"Blocks":6.0,"Int":6.0},{"Player":"Christopher Jullien","Pos":"DF","Tkl":39.0,"TklW":19.0,"Past":20.0,"Press":140.0,"Succ":46.0,"Blocks":39.0,"Int":37.0},{"Player":"Gaël Kakuta","Pos":"MF","Tkl":43.0,"TklW":30.0,"Past":27.0,"Press":614.0,"Succ":167.0,"Blocks":44.0,"Int":26.0},{"Player":"Francois Kamano","Pos":"FW","Tkl":36.0,"TklW":23.0,"Past":20.0,"Press":317.0,"Succ":86.0,"Blocks":27.0,"Int":18.0},{"Player":"Bingourou Kamara","Pos":"GK","Tkl":0.0,"TklW":0.0,"Past":2.0,"Press":0.0,"Succ":0.0,"Blocks":0.0,"Int":0.0},{"Player":"Eiji Kawashima","Pos":"GK","Tkl":0.0,"TklW":0.0,"Past":2.0,"Press":0.0,"Succ":0.0,"Blocks":0.0,"Int":0.0},{"Player":"Christophe Kerbrat","Pos":"DF","Tkl":58.0,"TklW":37.0,"Past":31.0,"Press":213.0,"Succ":59.0,"Blocks":71.0,"Int":68.0},{"Player":"Saif-Eddine Khaoui","Pos":"MF","Tkl":31.0,"TklW":22.0,"Past":29.0,"Press":450.0,"Succ":108.0,"Blocks":16.0,"Int":27.0},{"Player":"Wahbi Khazri","Pos":"FW","Tkl":21.0,"TklW":17.0,"Past":24.0,"Press":418.0,"Succ":111.0,"Blocks":37.0,"Int":12.0},{"Player":"Presnel Kimpembe","Pos":"DF","Tkl":37.0,"TklW":19.0,"Past":3.0,"Press":146.0,"Succ":46.0,"Blocks":32.0,"Int":16.0},{"Player":"Moussa Konate","Pos":"FW","Tkl":7.0,"TklW":6.0,"Past":13.0,"Press":334.0,"Succ":87.0,"Blocks":31.0,"Int":6.0},{"Player":"Bakary Koné","Pos":"DF","Tkl":19.0,"TklW":10.0,"Past":18.0,"Press":144.0,"Succ":41.0,"Blocks":37.0,"Int":29.0},{"Player":"Christian Kouakou","Pos":"MF","Tkl":17.0,"TklW":11.0,"Past":9.0,"Press":163.0,"Succ":38.0,"Blocks":19.0,"Int":7.0},{"Player":"Tomas Koubek","Pos":"GK","Tkl":0.0,"TklW":0.0,"Past":1.0,"Press":0.0,"Succ":0.0,"Blocks":0.0,"Int":0.0},{"Player":"Jules Koundé","Pos":"DF","Tkl":19.0,"TklW":8.0,"Past":4.0,"Press":143.0,"Succ":62.0,"Blocks":25.0,"Int":16.0},{"Player":"Vincent Koziello","Pos":"MF","Tkl":11.0,"TklW":9.0,"Past":16.0,"Press":194.0,"Succ":63.0,"Blocks":12.0,"Int":12.0},{"Player":"Rene Krhin","Pos":"MF","Tkl":16.0,"TklW":10.0,"Past":13.0,"Press":179.0,"Succ":52.0,"Blocks":21.0,"Int":18.0},{"Player":"Layvin Kurzawa","Pos":"DF","Tkl":42.0,"TklW":26.0,"Past":23.0,"Press":241.0,"Succ":68.0,"Blocks":37.0,"Int":23.0},{"Player":"Gaetan Laborde","Pos":"FW","Tkl":7.0,"TklW":3.0,"Past":4.0,"Press":224.0,"Succ":66.0,"Blocks":4.0,"Int":4.0},{"Player":"Alban Lafont","Pos":"GK","Tkl":0.0,"TklW":0.0,"Past":5.0,"Press":0.0,"Succ":0.0,"Blocks":0.0,"Int":0.0},{"Player":"Kenny Lala","Pos":"DF","Tkl":67.0,"TklW":40.0,"Past":26.0,"Press":351.0,"Succ":107.0,"Blocks":43.0,"Int":42.0},{"Player":"Paul Lasne","Pos":"MF","Tkl":66.0,"TklW":43.0,"Past":32.0,"Press":548.0,"Succ":158.0,"Blocks":42.0,"Int":44.0},{"Player":"Maxime Le Marchand","Pos":"DF","Tkl":50.0,"TklW":34.0,"Past":22.0,"Press":253.0,"Succ":86.0,"Blocks":67.0,"Int":42.0},{"Player":"James Edward Lea Siliki","Pos":"MF","Tkl":25.0,"TklW":14.0,"Past":22.0,"Press":386.0,"Succ":97.0,"Blocks":23.0,"Int":23.0},{"Player":"Benjamin Lecomte","Pos":"GK","Tkl":0.0,"TklW":0.0,"Past":1.0,"Press":0.0,"Succ":0.0,"Blocks":0.0,"Int":0.0},{"Player":"Pierre Lees-Melou","Pos":"MF","Tkl":70.0,"TklW":45.0,"Past":47.0,"Press":707.0,"Succ":176.0,"Blocks":69.0,"Int":32.0},{"Player":"Thomas Lemar","Pos":"MF","Tkl":25.0,"TklW":12.0,"Past":30.0,"Press":535.0,"Succ":133.0,"Blocks":26.0,"Int":20.0},{"Player":"Lukas Lerager","Pos":"MF","Tkl":95.0,"TklW":67.0,"Past":79.0,"Press":809.0,"Succ":221.0,"Blocks":65.0,"Int":54.0},{"Player":"Dmitri Lienard","Pos":"MF","Tkl":64.0,"TklW":42.0,"Past":53.0,"Press":458.0,"Succ":123.0,"Blocks":43.0,"Int":49.0},{"Player":"Lucas Lima","Pos":"DF","Tkl":65.0,"TklW":36.0,"Past":50.0,"Press":340.0,"Succ":97.0,"Blocks":61.0,"Int":40.0},{"Player":"Giovani Lo Celso","Pos":"MF","Tkl":68.0,"TklW":59.0,"Past":35.0,"Press":421.0,"Succ":135.0,"Blocks":35.0,"Int":20.0},{"Player":"Anthony Lopes","Pos":"GK","Tkl":0.0,"TklW":0.0,"Past":0.0,"Press":0.0,"Succ":0.0,"Blocks":1.0,"Int":0.0},{"Player":"Rony Lopes","Pos":"FW","Tkl":46.0,"TklW":26.0,"Past":49.0,"Press":562.0,"Succ":153.0,"Blocks":41.0,"Int":18.0},{"Player":"Maxime Lopez","Pos":"MF","Tkl":24.0,"TklW":18.0,"Past":30.0,"Press":245.0,"Succ":84.0,"Blocks":18.0,"Int":7.0},{"Player":"Thiago Maia","Pos":"MF","Tkl":47.0,"TklW":32.0,"Past":43.0,"Press":370.0,"Succ":105.0,"Blocks":60.0,"Int":67.0},{"Player":"Mike Maignan","Pos":"GK","Tkl":0.0,"TklW":0.0,"Past":0.0,"Press":0.0,"Succ":0.0,"Blocks":0.0,"Int":1.0},{"Player":"Malcom","Pos":"FW","Tkl":13.0,"TklW":9.0,"Past":15.0,"Press":298.0,"Succ":81.0,"Blocks":23.0,"Int":20.0},{"Player":"Kevin Malcuit","Pos":"DF","Tkl":45.0,"TklW":23.0,"Past":9.0,"Press":247.0,"Succ":80.0,"Blocks":28.0,"Int":43.0},{"Player":"Vincent Manceau","Pos":"DF","Tkl":71.0,"TklW":36.0,"Past":45.0,"Press":397.0,"Succ":115.0,"Blocks":60.0,"Int":37.0},{"Player":"Steve Mandanda","Pos":"GK","Tkl":0.0,"TklW":0.0,"Past":0.0,"Press":0.0,"Succ":0.0,"Blocks":0.0,"Int":0.0},{"Player":"Kader Mangane","Pos":"DF","Tkl":40.0,"TklW":23.0,"Past":16.0,"Press":98.0,"Succ":44.0,"Blocks":37.0,"Int":23.0},{"Player":"Thomas Mangani","Pos":"MF","Tkl":70.0,"TklW":51.0,"Past":79.0,"Press":718.0,"Succ":172.0,"Blocks":55.0,"Int":41.0},{"Player":"Harrison Manzala","Pos":"FW","Tkl":31.0,"TklW":15.0,"Past":17.0,"Press":288.0,"Succ":78.0,"Blocks":35.0,"Int":19.0},{"Player":"Faitout Maouassa","Pos":"MF","Tkl":5.0,"TklW":4.0,"Past":6.0,"Press":133.0,"Succ":36.0,"Blocks":11.0,"Int":6.0},{"Player":"Fernando Marçal","Pos":"DF","Tkl":30.0,"TklW":16.0,"Past":20.0,"Press":162.0,"Succ":43.0,"Blocks":34.0,"Int":26.0},{"Player":"Marcelo","Pos":"FW","Tkl":0.0,"TklW":0.0,"Past":0.0,"Press":4.0,"Succ":2.0,"Blocks":1.0,"Int":0.0},{"Player":"Marcelo","Pos":"DF","Tkl":30.0,"TklW":17.0,"Past":12.0,"Press":238.0,"Succ":96.0,"Blocks":45.0,"Int":47.0},{"Player":"Mariano","Pos":"FW","Tkl":8.0,"TklW":6.0,"Past":17.0,"Press":455.0,"Succ":106.0,"Blocks":12.0,"Int":4.0},{"Player":"Jordan Marié","Pos":"MF","Tkl":61.0,"TklW":40.0,"Past":49.0,"Press":462.0,"Succ":107.0,"Blocks":39.0,"Int":35.0},{"Player":"Marquinhos","Pos":"DF","Tkl":26.0,"TklW":14.0,"Past":13.0,"Press":162.0,"Succ":52.0,"Blocks":46.0,"Int":11.0},{"Player":"Jonas Martin","Pos":"MF","Tkl":60.0,"TklW":42.0,"Past":30.0,"Press":555.0,"Succ":153.0,"Blocks":40.0,"Int":38.0},{"Player":"Pablo","Pos":"DF","Tkl":44.0,"TklW":27.0,"Past":33.0,"Press":186.0,"Succ":56.0,"Blocks":34.0,"Int":39.0},{"Player":"Adama Mbengue","Pos":"DF","Tkl":58.0,"TklW":31.0,"Past":35.0,"Press":302.0,"Succ":105.0,"Blocks":38.0,"Int":26.0},{"Player":"Isaac Mbenza","Pos":"FW","Tkl":20.0,"TklW":15.0,"Past":10.0,"Press":324.0,"Succ":63.0,"Blocks":8.0,"Int":8.0},{"Player":"Soualiho Meité","Pos":"MF","Tkl":3.0,"TklW":1.0,"Past":4.0,"Press":4.0,"Succ":1.0,"Blocks":0.0,"Int":3.0},{"Player":"Soualiho Meité","Pos":"MF","Tkl":31.0,"TklW":20.0,"Past":19.0,"Press":329.0,"Succ":81.0,"Blocks":29.0,"Int":21.0},{"Player":"Pedro Mendes","Pos":"DF","Tkl":65.0,"TklW":35.0,"Past":14.0,"Press":247.0,"Succ":66.0,"Blocks":63.0,"Int":38.0},{"Player":"Thiago Mendes","Pos":"MF","Tkl":28.0,"TklW":18.0,"Past":15.0,"Press":294.0,"Succ":87.0,"Blocks":26.0,"Int":27.0},{"Player":"Alexandre Mendy","Pos":"FW","Tkl":5.0,"TklW":5.0,"Past":4.0,"Press":127.0,"Succ":22.0,"Blocks":5.0,"Int":2.0},{"Player":"Ferland Mendy","Pos":"DF","Tkl":37.0,"TklW":23.0,"Past":12.0,"Press":335.0,"Succ":112.0,"Blocks":37.0,"Int":24.0},{"Player":"Thomas Meunier","Pos":"DF","Tkl":37.0,"TklW":25.0,"Past":21.0,"Press":196.0,"Succ":68.0,"Blocks":30.0,"Int":14.0},{"Player":"Mexer","Pos":"DF","Tkl":10.0,"TklW":9.0,"Past":0.0,"Press":29.0,"Succ":12.0,"Blocks":23.0,"Int":15.0},{"Player":"Kostas Mitroglou","Pos":"FW","Tkl":3.0,"TklW":2.0,"Past":0.0,"Press":87.0,"Succ":23.0,"Blocks":2.0,"Int":0.0},{"Player":"Florent Mollet","Pos":"MF","Tkl":18.0,"TklW":9.0,"Past":9.0,"Press":238.0,"Succ":63.0,"Blocks":13.0,"Int":10.0},{"Player":"Thomas Monconduit","Pos":"MF","Tkl":76.0,"TklW":47.0,"Past":42.0,"Press":566.0,"Succ":160.0,"Blocks":58.0,"Int":52.0},{"Player":"Kévin Monnet-Paquet","Pos":"FW","Tkl":25.0,"TklW":19.0,"Past":25.0,"Press":406.0,"Succ":97.0,"Blocks":28.0,"Int":13.0},{"Player":"Jérémy Morel","Pos":"DF","Tkl":35.0,"TklW":18.0,"Past":9.0,"Press":193.0,"Succ":57.0,"Blocks":38.0,"Int":36.0},{"Player":"Thiago Motta","Pos":"MF","Tkl":22.0,"TklW":14.0,"Past":17.0,"Press":121.0,"Succ":29.0,"Blocks":14.0,"Int":15.0},{"Player":"François Moubandje","Pos":"DF","Tkl":28.0,"TklW":14.0,"Past":20.0,"Press":211.0,"Succ":62.0,"Blocks":35.0,"Int":29.0},{"Player":"João Moutinho","Pos":"MF","Tkl":60.0,"TklW":44.0,"Past":52.0,"Press":584.0,"Succ":177.0,"Blocks":56.0,"Int":39.0},{"Player":"Nordi Mukiele","Pos":"DF","Tkl":68.0,"TklW":42.0,"Past":26.0,"Press":332.0,"Succ":114.0,"Blocks":43.0,"Int":60.0},{"Player":"Prejuce Nakoulma","Pos":"FW","Tkl":8.0,"TklW":7.0,"Past":2.0,"Press":178.0,"Succ":42.0,"Blocks":6.0,"Int":5.0},{"Player":"Neymar","Pos":"FW","Tkl":15.0,"TklW":9.0,"Past":20.0,"Press":186.0,"Succ":53.0,"Blocks":10.0,"Int":3.0},{"Player":"Opa Nguette","Pos":"FW","Tkl":25.0,"TklW":16.0,"Past":13.0,"Press":139.0,"Succ":41.0,"Blocks":21.0,"Int":17.0},{"Player":"Moussa Niakhate","Pos":"DF","Tkl":61.0,"TklW":33.0,"Past":17.0,"Press":259.0,"Succ":107.0,"Blocks":42.0,"Int":43.0},{"Player":"Adama Niane","Pos":"FW","Tkl":15.0,"TklW":8.0,"Past":17.0,"Press":464.0,"Succ":119.0,"Blocks":19.0,"Int":10.0},{"Player":"Ibrahima Niane","Pos":"MF","Tkl":7.0,"TklW":5.0,"Past":10.0,"Press":131.0,"Succ":38.0,"Blocks":14.0,"Int":1.0},{"Player":"Casimir Ninga","Pos":"FW","Tkl":7.0,"TklW":7.0,"Past":9.0,"Press":260.0,"Succ":64.0,"Blocks":12.0,"Int":5.0},{"Player":"Benjamin Nivet","Pos":"MF","Tkl":27.0,"TklW":16.0,"Past":38.0,"Press":359.0,"Succ":82.0,"Blocks":24.0,"Int":18.0},{"Player":"Christopher Nkunku","Pos":"FW","Tkl":4.0,"TklW":1.0,"Past":9.0,"Press":134.0,"Succ":38.0,"Blocks":14.0,"Int":6.0},{"Player":"Lucas Ocampos","Pos":"FW","Tkl":67.0,"TklW":42.0,"Past":44.0,"Press":410.0,"Succ":119.0,"Blocks":64.0,"Int":22.0},{"Player":"Prince","Pos":"MF","Tkl":15.0,"TklW":7.0,"Past":14.0,"Press":229.0,"Succ":42.0,"Blocks":29.0,"Int":13.0},{"Player":"Otávio","Pos":"MF","Tkl":58.0,"TklW":34.0,"Past":31.0,"Press":292.0,"Succ":81.0,"Blocks":25.0,"Int":26.0},{"Player":"Alexandre Oukidja","Pos":"GK","Tkl":0.0,"TklW":0.0,"Past":1.0,"Press":0.0,"Succ":0.0,"Blocks":1.0,"Int":0.0},{"Player":"Pablo","Pos":"DF","Tkl":19.0,"TklW":11.0,"Past":3.0,"Press":57.0,"Succ":22.0,"Blocks":19.0,"Int":19.0},{"Player":"Vincent Pajot","Pos":"MF","Tkl":17.0,"TklW":12.0,"Past":4.0,"Press":207.0,"Succ":50.0,"Blocks":29.0,"Int":15.0},{"Player":"Nicolas Pallois","Pos":"DF","Tkl":36.0,"TklW":20.0,"Past":22.0,"Press":158.0,"Succ":49.0,"Blocks":52.0,"Int":34.0},{"Player":"Javier Pastore","Pos":"MF","Tkl":32.0,"TklW":19.0,"Past":17.0,"Press":232.0,"Succ":45.0,"Blocks":22.0,"Int":9.0},{"Player":"Mateo Pavlovic","Pos":"DF","Tkl":14.0,"TklW":5.0,"Past":13.0,"Press":80.0,"Succ":27.0,"Blocks":18.0,"Int":17.0},{"Player":"Dimitri Payet","Pos":"MF","Tkl":17.0,"TklW":9.0,"Past":16.0,"Press":319.0,"Succ":91.0,"Blocks":25.0,"Int":18.0},{"Player":"Stef Peeters","Pos":"MF","Tkl":16.0,"TklW":9.0,"Past":22.0,"Press":215.0,"Succ":45.0,"Blocks":15.0,"Int":10.0},{"Player":"Bryan Pelé","Pos":"FW","Tkl":16.0,"TklW":12.0,"Past":19.0,"Press":318.0,"Succ":69.0,"Blocks":20.0,"Int":12.0},{"Player":"Théo Pellenard","Pos":"DF","Tkl":25.0,"TklW":13.0,"Past":15.0,"Press":162.0,"Succ":53.0,"Blocks":20.0,"Int":30.0},{"Player":"Nicolas Pepe","Pos":"FW","Tkl":31.0,"TklW":15.0,"Past":18.0,"Press":399.0,"Succ":102.0,"Blocks":34.0,"Int":16.0},{"Player":"Loic Perrin","Pos":"DF","Tkl":32.0,"TklW":21.0,"Past":13.0,"Press":167.0,"Succ":56.0,"Blocks":44.0,"Int":24.0},{"Player":"Lebogang Phiri","Pos":"MF","Tkl":24.0,"TklW":18.0,"Past":28.0,"Press":203.0,"Succ":50.0,"Blocks":18.0,"Int":15.0},{"Player":"Ronael Pierre Gabriel","Pos":"DF","Tkl":39.0,"TklW":19.0,"Past":10.0,"Press":114.0,"Succ":26.0,"Blocks":16.0,"Int":11.0},{"Player":"Facundo Píriz","Pos":"MF","Tkl":15.0,"TklW":9.0,"Past":28.0,"Press":189.0,"Succ":52.0,"Blocks":16.0,"Int":13.0},{"Player":"Jaroslav Plasil","Pos":"MF","Tkl":18.0,"TklW":14.0,"Past":24.0,"Press":186.0,"Succ":52.0,"Blocks":22.0,"Int":22.0},{"Player":"Alassane Pléa","Pos":"FW","Tkl":13.0,"TklW":9.0,"Past":26.0,"Press":502.0,"Succ":119.0,"Blocks":23.0,"Int":13.0},{"Player":"Gerónimo Poblete","Pos":"MF","Tkl":46.0,"TklW":33.0,"Past":37.0,"Press":301.0,"Succ":104.0,"Blocks":23.0,"Int":21.0},{"Player":"Ezequiel Ponce","Pos":"FW","Tkl":6.0,"TklW":5.0,"Past":2.0,"Press":237.0,"Succ":59.0,"Blocks":7.0,"Int":1.0},{"Player":"Maxime Poundje","Pos":"DF","Tkl":49.0,"TklW":22.0,"Past":21.0,"Press":211.0,"Succ":64.0,"Blocks":28.0,"Int":25.0},{"Player":"Sanjin Prcic","Pos":"MF","Tkl":27.0,"TklW":18.0,"Past":26.0,"Press":354.0,"Succ":87.0,"Blocks":26.0,"Int":28.0},{"Player":"Nicolas de Preville","Pos":"FW","Tkl":33.0,"TklW":25.0,"Past":21.0,"Press":345.0,"Succ":84.0,"Blocks":28.0,"Int":19.0},{"Player":"Nicolas de Preville","Pos":"FW","Tkl":4.0,"TklW":3.0,"Past":4.0,"Press":43.0,"Succ":16.0,"Blocks":2.0,"Int":0.0},{"Player":"Adrien Rabiot","Pos":"MF","Tkl":52.0,"TklW":30.0,"Past":21.0,"Press":372.0,"Succ":110.0,"Blocks":30.0,"Int":30.0},{"Player":"Rafael","Pos":"DF","Tkl":54.0,"TklW":33.0,"Past":31.0,"Press":298.0,"Succ":102.0,"Blocks":36.0,"Int":44.0},{"Player":"Andrea Raggi","Pos":"DF","Tkl":18.0,"TklW":10.0,"Past":14.0,"Press":175.0,"Succ":57.0,"Blocks":35.0,"Int":19.0},{"Player":"Adil Rami","Pos":"DF","Tkl":35.0,"TklW":20.0,"Past":17.0,"Press":176.0,"Succ":67.0,"Blocks":44.0,"Int":33.0},{"Player":"Pedro Rebocho","Pos":"DF","Tkl":28.0,"TklW":16.0,"Past":15.0,"Press":222.0,"Succ":60.0,"Blocks":39.0,"Int":29.0},{"Player":"Jan Repas","Pos":"MF","Tkl":12.0,"TklW":7.0,"Past":13.0,"Press":189.0,"Succ":54.0,"Blocks":16.0,"Int":6.0},{"Player":"Baptiste Reynet","Pos":"GK","Tkl":0.0,"TklW":0.0,"Past":3.0,"Press":3.0,"Succ":1.0,"Blocks":0.0,"Int":1.0},{"Player":"Emmanuel Rivière","Pos":"FW","Tkl":14.0,"TklW":8.0,"Past":9.0,"Press":294.0,"Succ":80.0,"Blocks":6.0,"Int":2.0},{"Player":"Jonathan Rivierez","Pos":"DF","Tkl":64.0,"TklW":33.0,"Past":39.0,"Press":268.0,"Succ":79.0,"Blocks":43.0,"Int":35.0},{"Player":"Ronny Rodelin","Pos":"FW","Tkl":24.0,"TklW":15.0,"Past":31.0,"Press":427.0,"Succ":92.0,"Blocks":39.0,"Int":15.0},{"Player":"Rolando","Pos":"DF","Tkl":44.0,"TklW":21.0,"Past":20.0,"Press":131.0,"Succ":58.0,"Blocks":35.0,"Int":26.0},{"Player":"Valentin Rongier","Pos":"MF","Tkl":63.0,"TklW":49.0,"Past":32.0,"Press":614.0,"Succ":153.0,"Blocks":48.0,"Int":43.0},{"Player":"Valentin Rosier","Pos":"DF","Tkl":72.0,"TklW":43.0,"Past":32.0,"Press":475.0,"Succ":130.0,"Blocks":77.0,"Int":53.0},{"Player":"Jérôme Roussillon","Pos":"DF","Tkl":36.0,"TklW":21.0,"Past":13.0,"Press":297.0,"Succ":91.0,"Blocks":34.0,"Int":14.0},{"Player":"Nolan Roux","Pos":"FW","Tkl":22.0,"TklW":16.0,"Past":24.0,"Press":416.0,"Succ":98.0,"Blocks":41.0,"Int":27.0},{"Player":"Stéphane Ruffier","Pos":"GK","Tkl":0.0,"TklW":0.0,"Past":1.0,"Press":0.0,"Succ":0.0,"Blocks":0.0,"Int":0.0},{"Player":"Idriss Saadi","Pos":"FW","Tkl":4.0,"TklW":4.0,"Past":9.0,"Press":167.0,"Succ":38.0,"Blocks":7.0,"Int":2.0},{"Player":"Youssouf Sabaly","Pos":"DF","Tkl":87.0,"TklW":58.0,"Past":36.0,"Press":455.0,"Succ":161.0,"Blocks":61.0,"Int":54.0},{"Player":"Ihsan Sacko","Pos":"FW","Tkl":1.0,"TklW":1.0,"Past":0.0,"Press":47.0,"Succ":13.0,"Blocks":3.0,"Int":1.0},{"Player":"Ihsan Sacko","Pos":"FW","Tkl":9.0,"TklW":7.0,"Past":6.0,"Press":112.0,"Succ":28.0,"Blocks":9.0,"Int":6.0},{"Player":"Wesley Said","Pos":"FW","Tkl":31.0,"TklW":22.0,"Past":13.0,"Press":369.0,"Succ":94.0,"Blocks":13.0,"Int":15.0},{"Player":"Allan Saint-Maximin","Pos":"MF","Tkl":0.0,"TklW":0.0,"Past":0.0,"Press":2.0,"Succ":0.0,"Blocks":0.0,"Int":0.0},{"Player":"Allan Saint-Maximin","Pos":"FW","Tkl":16.0,"TklW":9.0,"Past":14.0,"Press":234.0,"Succ":64.0,"Blocks":22.0,"Int":21.0},{"Player":"Hiroki Sakai","Pos":"DF","Tkl":58.0,"TklW":33.0,"Past":26.0,"Press":298.0,"Succ":109.0,"Blocks":62.0,"Int":44.0},{"Player":"Emiliano Sala","Pos":"FW","Tkl":16.0,"TklW":8.0,"Past":25.0,"Press":489.0,"Succ":126.0,"Blocks":30.0,"Int":16.0},{"Player":"Yannis Salibur","Pos":"FW","Tkl":11.0,"TklW":9.0,"Past":4.0,"Press":153.0,"Succ":39.0,"Blocks":7.0,"Int":9.0},{"Player":"Mamadou Samassa","Pos":"GK","Tkl":0.0,"TklW":0.0,"Past":2.0,"Press":1.0,"Succ":1.0,"Blocks":0.0,"Int":0.0},{"Player":"Junior Sambia","Pos":"MF","Tkl":17.0,"TklW":12.0,"Past":10.0,"Press":287.0,"Succ":68.0,"Blocks":26.0,"Int":16.0},{"Player":"Frederic Sammaritano","Pos":"FW","Tkl":23.0,"TklW":14.0,"Past":23.0,"Press":227.0,"Succ":58.0,"Blocks":22.0,"Int":7.0},{"Player":"Ibrahim Sangare","Pos":"MF","Tkl":65.0,"TklW":44.0,"Past":34.0,"Press":361.0,"Succ":112.0,"Blocks":39.0,"Int":16.0},{"Player":"Younousse Sankhare","Pos":"MF","Tkl":25.0,"TklW":14.0,"Past":18.0,"Press":300.0,"Succ":79.0,"Blocks":15.0,"Int":26.0},{"Player":"Baissama Sankoh","Pos":"MF","Tkl":19.0,"TklW":17.0,"Past":18.0,"Press":263.0,"Succ":81.0,"Blocks":31.0,"Int":25.0},{"Player":"Yaya Sanogo","Pos":"FW","Tkl":9.0,"TklW":5.0,"Past":6.0,"Press":249.0,"Succ":55.0,"Blocks":13.0,"Int":7.0},{"Player":"Morgan Sanson","Pos":"MF","Tkl":47.0,"TklW":28.0,"Past":32.0,"Press":520.0,"Succ":147.0,"Blocks":35.0,"Int":28.0},{"Player":"Baptiste Santamaria","Pos":"MF","Tkl":56.0,"TklW":36.0,"Past":46.0,"Press":421.0,"Succ":116.0,"Blocks":40.0,"Int":46.0},{"Player":"Ivan Santini","Pos":"FW","Tkl":15.0,"TklW":11.0,"Past":21.0,"Press":505.0,"Succ":123.0,"Blocks":15.0,"Int":7.0},{"Player":"Bouna Sarr","Pos":"DF","Tkl":62.0,"TklW":40.0,"Past":13.0,"Press":263.0,"Succ":95.0,"Blocks":38.0,"Int":27.0},{"Player":"Ismaila Sarr","Pos":"FW","Tkl":18.0,"TklW":15.0,"Past":15.0,"Press":335.0,"Succ":73.0,"Blocks":14.0,"Int":12.0},{"Player":"Malang Sarr","Pos":"DF","Tkl":20.0,"TklW":11.0,"Past":11.0,"Press":106.0,"Succ":33.0,"Blocks":23.0,"Int":25.0},{"Player":"Ernest Seka","Pos":"DF","Tkl":56.0,"TklW":36.0,"Past":27.0,"Press":199.0,"Succ":65.0,"Blocks":42.0,"Int":39.0},{"Player":"Ole Selnaes","Pos":"MF","Tkl":59.0,"TklW":40.0,"Past":43.0,"Press":383.0,"Succ":104.0,"Blocks":43.0,"Int":28.0},{"Player":"Stéphane Sessegnon","Pos":"MF","Tkl":2.0,"TklW":1.0,"Past":6.0,"Press":138.0,"Succ":25.0,"Blocks":4.0,"Int":2.0},{"Player":"Djibril Sidibe","Pos":"DF","Tkl":52.0,"TklW":31.0,"Past":23.0,"Press":241.0,"Succ":88.0,"Blocks":29.0,"Int":48.0},{"Player":"Gabriel Silva","Pos":"DF","Tkl":22.0,"TklW":16.0,"Past":14.0,"Press":238.0,"Succ":69.0,"Blocks":58.0,"Int":34.0},{"Player":"Thiago Silva","Pos":"DF","Tkl":30.0,"TklW":21.0,"Past":8.0,"Press":154.0,"Succ":64.0,"Blocks":40.0,"Int":22.0},{"Player":"Giovanni Sio","Pos":"FW","Tkl":13.0,"TklW":9.0,"Past":9.0,"Press":327.0,"Succ":84.0,"Blocks":21.0,"Int":7.0},{"Player":"Ellyes Skhiri","Pos":"MF","Tkl":72.0,"TklW":53.0,"Past":49.0,"Press":701.0,"Succ":173.0,"Blocks":71.0,"Int":60.0},{"Player":"Naim Sliti","Pos":"FW","Tkl":44.0,"TklW":28.0,"Past":28.0,"Press":445.0,"Succ":114.0,"Blocks":21.0,"Int":16.0},{"Player":"Somália","Pos":"MF","Tkl":60.0,"TklW":38.0,"Past":41.0,"Press":484.0,"Succ":116.0,"Blocks":47.0,"Int":37.0},{"Player":"Jérémy Sorbon","Pos":"DF","Tkl":34.0,"TklW":16.0,"Past":24.0,"Press":184.0,"Succ":65.0,"Blocks":48.0,"Int":45.0},{"Player":"Arnaud Souquet","Pos":"DF","Tkl":91.0,"TklW":46.0,"Past":22.0,"Press":372.0,"Succ":117.0,"Blocks":58.0,"Int":39.0},{"Player":"Bassem Srarfi","Pos":"FW","Tkl":15.0,"TklW":6.0,"Past":11.0,"Press":117.0,"Succ":26.0,"Blocks":20.0,"Int":11.0},{"Player":"Danijel Subasic","Pos":"GK","Tkl":0.0,"TklW":0.0,"Past":2.0,"Press":0.0,"Succ":0.0,"Blocks":0.0,"Int":0.0},{"Player":"Neven Subotic","Pos":"DF","Tkl":18.0,"TklW":11.0,"Past":16.0,"Press":87.0,"Succ":31.0,"Blocks":23.0,"Int":16.0},{"Player":"Gilles Sunu","Pos":"MF","Tkl":7.0,"TklW":0.0,"Past":4.0,"Press":101.0,"Succ":15.0,"Blocks":7.0,"Int":3.0},{"Player":"Issiaga Sylla","Pos":"DF","Tkl":31.0,"TklW":19.0,"Past":31.0,"Press":289.0,"Succ":88.0,"Blocks":38.0,"Int":27.0},{"Player":"Franck Tabanou","Pos":"DF","Tkl":19.0,"TklW":10.0,"Past":18.0,"Press":80.0,"Succ":22.0,"Blocks":19.0,"Int":22.0},{"Player":"Flavien Tait","Pos":"MF","Tkl":44.0,"TklW":26.0,"Past":60.0,"Press":553.0,"Succ":125.0,"Blocks":51.0,"Int":27.0},{"Player":"Adrien Tameze","Pos":"MF","Tkl":47.0,"TklW":32.0,"Past":26.0,"Press":291.0,"Succ":89.0,"Blocks":38.0,"Int":26.0},{"Player":"Ciprian Tatarusanu","Pos":"GK","Tkl":0.0,"TklW":0.0,"Past":1.0,"Press":0.0,"Succ":0.0,"Blocks":0.0,"Int":0.0},{"Player":"Júlio Tavares","Pos":"FW","Tkl":2.0,"TklW":1.0,"Past":6.0,"Press":269.0,"Succ":69.0,"Blocks":14.0,"Int":5.0},{"Player":"Martin Terrier","Pos":"FW","Tkl":36.0,"TklW":26.0,"Past":14.0,"Press":248.0,"Succ":73.0,"Blocks":11.0,"Int":11.0},{"Player":"Kenny Tete","Pos":"DF","Tkl":39.0,"TklW":23.0,"Past":10.0,"Press":244.0,"Succ":76.0,"Blocks":31.0,"Int":30.0},{"Player":"Florian Thauvin","Pos":"FW","Tkl":34.0,"TklW":17.0,"Past":26.0,"Press":339.0,"Succ":94.0,"Blocks":37.0,"Int":18.0},{"Player":"Kévin Théophile-Catherine","Pos":"DF","Tkl":34.0,"TklW":24.0,"Past":12.0,"Press":199.0,"Succ":75.0,"Blocks":32.0,"Int":24.0},{"Player":"Romain Thomas","Pos":"DF","Tkl":31.0,"TklW":21.0,"Past":13.0,"Press":148.0,"Succ":56.0,"Blocks":47.0,"Int":26.0},{"Player":"Adrien Thomasson","Pos":"MF","Tkl":65.0,"TklW":44.0,"Past":60.0,"Press":648.0,"Succ":163.0,"Blocks":60.0,"Int":32.0},{"Player":"Marcus Thuram","Pos":"FW","Tkl":14.0,"TklW":10.0,"Past":14.0,"Press":269.0,"Succ":62.0,"Blocks":14.0,"Int":4.0},{"Player":"Youri Tielemans","Pos":"MF","Tkl":35.0,"TklW":20.0,"Past":35.0,"Press":321.0,"Succ":95.0,"Blocks":29.0,"Int":23.0},{"Player":"Ola Toivonen","Pos":"FW","Tkl":4.0,"TklW":4.0,"Past":6.0,"Press":128.0,"Succ":35.0,"Blocks":7.0,"Int":0.0},{"Player":"Karl Toko Ekambi","Pos":"FW","Tkl":13.0,"TklW":6.0,"Past":14.0,"Press":353.0,"Succ":90.0,"Blocks":22.0,"Int":12.0},{"Player":"Jérémy Toulalan","Pos":"DF","Tkl":42.0,"TklW":35.0,"Past":23.0,"Press":103.0,"Succ":41.0,"Blocks":37.0,"Int":24.0},{"Player":"Abdoulaye Touré","Pos":"MF","Tkl":73.0,"TklW":55.0,"Past":40.0,"Press":532.0,"Succ":150.0,"Blocks":58.0,"Int":71.0},{"Player":"Almamy Touré","Pos":"DF","Tkl":44.0,"TklW":23.0,"Past":14.0,"Press":152.0,"Succ":34.0,"Blocks":24.0,"Int":19.0},{"Player":"Lucas Tousart","Pos":"MF","Tkl":83.0,"TklW":55.0,"Past":55.0,"Press":788.0,"Succ":247.0,"Blocks":56.0,"Int":48.0},{"Player":"Bertrand Traoré","Pos":"FW","Tkl":25.0,"TklW":10.0,"Past":28.0,"Press":437.0,"Succ":109.0,"Blocks":40.0,"Int":42.0},{"Player":"Charles Traore","Pos":"DF","Tkl":54.0,"TklW":31.0,"Past":29.0,"Press":459.0,"Succ":131.0,"Blocks":84.0,"Int":66.0},{"Player":"Hamari Traore","Pos":"DF","Tkl":63.0,"TklW":35.0,"Past":23.0,"Press":233.0,"Succ":61.0,"Blocks":60.0,"Int":52.0},{"Player":"Ismael Traoré","Pos":"DF","Tkl":45.0,"TklW":32.0,"Past":15.0,"Press":214.0,"Succ":74.0,"Blocks":47.0,"Int":39.0},{"Player":"Lacina Traoré","Pos":"FW","Tkl":12.0,"TklW":8.0,"Past":5.0,"Press":126.0,"Succ":26.0,"Blocks":6.0,"Int":3.0},{"Player":"Valentin Vada","Pos":"MF","Tkl":22.0,"TklW":17.0,"Past":14.0,"Press":175.0,"Succ":51.0,"Blocks":10.0,"Int":7.0},{"Player":"Rémy Vercoutre","Pos":"GK","Tkl":0.0,"TklW":0.0,"Past":0.0,"Press":2.0,"Succ":0.0,"Blocks":0.0,"Int":0.0},{"Player":"Marco Verratti","Pos":"MF","Tkl":41.0,"TklW":30.0,"Past":47.0,"Press":327.0,"Succ":102.0,"Blocks":23.0,"Int":30.0},{"Player":"Oswaldo Vizcarrondo","Pos":"DF","Tkl":19.0,"TklW":11.0,"Past":24.0,"Press":93.0,"Succ":27.0,"Blocks":30.0,"Int":10.0},{"Player":"Remi Walter","Pos":"MF","Tkl":14.0,"TklW":7.0,"Past":18.0,"Press":322.0,"Succ":66.0,"Blocks":17.0,"Int":14.0},{"Player":"Remi Walter","Pos":"MF","Tkl":9.0,"TklW":5.0,"Past":6.0,"Press":50.0,"Succ":18.0,"Blocks":4.0,"Int":8.0},{"Player":"Xeka","Pos":"MF","Tkl":25.0,"TklW":19.0,"Past":24.0,"Press":328.0,"Succ":86.0,"Blocks":18.0,"Int":20.0},{"Player":"Xeka","Pos":"MF","Tkl":1.0,"TklW":0.0,"Past":0.0,"Press":2.0,"Succ":0.0,"Blocks":0.0,"Int":1.0},{"Player":"Steeve Yago","Pos":"DF","Tkl":45.0,"TklW":22.0,"Past":14.0,"Press":278.0,"Succ":84.0,"Blocks":39.0,"Int":36.0},{"Player":"Cédric Yambéré","Pos":"DF","Tkl":52.0,"TklW":32.0,"Past":15.0,"Press":212.0,"Succ":93.0,"Blocks":48.0,"Int":28.0},{"Player":"Mehdi Zeffane","Pos":"DF","Tkl":18.0,"TklW":8.0,"Past":12.0,"Press":118.0,"Succ":32.0,"Blocks":15.0,"Int":12.0},{"Player":"Erwin Zelazny","Pos":"GK","Tkl":0.0,"TklW":0.0,"Past":0.0,"Press":0.0,"Succ":0.0,"Blocks":0.0,"Int":0.0},{"Player":"Bongani Zungu","Pos":"MF","Tkl":"44","TklW":"26","Past":"36","Press":"371","Succ":"116","Blocks":"52","Int":"38"}]