[{"Player":"Yunis Abdelhamid","Pos":"DF","Tkl":71.0,"TklW":45.0,"Past":22.0,"Press":379.0,"Succ":146.0,"Blocks":51.0,"Int":56.0},{"Player":"Mehdi Abeid","Pos":"MF","Tkl":37.0,"TklW":24.0,"Past":14.0,"Press":245.0,"Succ":85.0,"Blocks":18.0,"Int":23.0},{"Player":"Laurent Abergel","Pos":"MF","Tkl":160.0,"TklW":108.0,"Past":126.0,"Press":958.0,"Succ":269.0,"Blocks":51.0,"Int":46.0},{"Player":"Yacine Adli","Pos":"MF","Tkl":91.0,"TklW":62.0,"Past":58.0,"Press":695.0,"Succ":186.0,"Blocks":36.0,"Int":41.0},{"Player":"Naif Aguerd","Pos":"DF","Tkl":55.0,"TklW":37.0,"Past":17.0,"Press":270.0,"Succ":105.0,"Blocks":43.0,"Int":39.0},{"Player":"Ruben Aguilar","Pos":"DF","Tkl":84.0,"TklW":48.0,"Past":25.0,"Press":413.0,"Succ":147.0,"Blocks":38.0,"Int":37.0},{"Player":"Matteo Ahlinvi","Pos":"MF","Tkl":30.0,"TklW":19.0,"Past":29.0,"Press":267.0,"Succ":59.0,"Blocks":13.0,"Int":4.0},{"Player":"Jean Eudes Aholou","Pos":"MF","Tkl":55.0,"TklW":35.0,"Past":31.0,"Press":397.0,"Succ":122.0,"Blocks":26.0,"Int":54.0},{"Player":"Jean Eudes Aholou","Pos":"MF","Tkl":1.0,"TklW":0.0,"Past":0.0,"Press":10.0,"Succ":1.0,"Blocks":0.0,"Int":2.0},{"Player":"Ludovic Ajorque","Pos":"FW","Tkl":33.0,"TklW":16.0,"Past":26.0,"Press":396.0,"Succ":96.0,"Blocks":17.0,"Int":12.0},{"Player":"Sofiane Alakouch","Pos":"DF","Tkl":62.0,"TklW":32.0,"Past":16.0,"Press":262.0,"Succ":87.0,"Blocks":35.0,"Int":34.0},{"Player":"Mohamed Ali-Cho","Pos":"FW","Tkl":10.0,"TklW":8.0,"Past":7.0,"Press":104.0,"Succ":39.0,"Blocks":10.0,"Int":3.0},{"Player":"Ibrahim Amadou","Pos":"MF","Tkl":44.0,"TklW":30.0,"Past":22.0,"Press":404.0,"Succ":112.0,"Blocks":18.0,"Int":29.0},{"Player":"Thierry Ambrose","Pos":"FW","Tkl":9.0,"TklW":5.0,"Past":7.0,"Press":158.0,"Succ":39.0,"Blocks":3.0,"Int":3.0},{"Player":"Benjamin André","Pos":"MF","Tkl":111.0,"TklW":87.0,"Past":75.0,"Press":688.0,"Succ":237.0,"Blocks":69.0,"Int":61.0},{"Player":"Victorien Angban","Pos":"MF","Tkl":35.0,"TklW":30.0,"Past":20.0,"Press":243.0,"Succ":88.0,"Blocks":28.0,"Int":13.0},{"Player":"Houssem Aouar","Pos":"MF","Tkl":19.0,"TklW":11.0,"Past":20.0,"Press":269.0,"Succ":80.0,"Blocks":16.0,"Int":16.0},{"Player":"Adil Aouchiche","Pos":"MF","Tkl":38.0,"TklW":21.0,"Past":36.0,"Press":391.0,"Succ":110.0,"Blocks":12.0,"Int":9.0},{"Player":"Dennis Appiah","Pos":"DF","Tkl":58.0,"TklW":30.0,"Past":27.0,"Press":297.0,"Succ":103.0,"Blocks":33.0,"Int":21.0},{"Player":"Luiz Araujo","Pos":"MF","Tkl":40.0,"TklW":22.0,"Past":24.0,"Press":300.0,"Succ":72.0,"Blocks":21.0,"Int":13.0},{"Player":"Roger Assalé","Pos":"FW","Tkl":9.0,"TklW":7.0,"Past":9.0,"Press":123.0,"Succ":32.0,"Blocks":7.0,"Int":7.0},{"Player":"Youcef Atal","Pos":"DF","Tkl":31.0,"TklW":22.0,"Past":16.0,"Press":131.0,"Succ":37.0,"Blocks":14.0,"Int":26.0},{"Player":"Ludovic Blas","Pos":"DF","Tkl":7.0,"TklW":4.0,"Past":1.0,"Press":59.0,"Succ":13.0,"Blocks":8.0,"Int":2.0},{"Player":"Loic Bade","Pos":"DF","Tkl":71.0,"TklW":38.0,"Past":27.0,"Press":314.0,"Succ":117.0,"Blocks":56.0,"Int":52.0},{"Player":"Stéphane Bahoken","Pos":"FW","Tkl":18.0,"TklW":13.0,"Past":6.0,"Press":282.0,"Succ":74.0,"Blocks":12.0,"Int":11.0},{"Player":"Mitchel Bakker","Pos":"DF","Tkl":43.0,"TklW":28.0,"Past":10.0,"Press":192.0,"Succ":67.0,"Blocks":35.0,"Int":17.0},{"Player":"Leonardo Balerdi","Pos":"DF","Tkl":40.0,"TklW":21.0,"Past":23.0,"Press":238.0,"Succ":86.0,"Blocks":32.0,"Int":34.0},{"Player":"Abdoulaye Bamba","Pos":"DF","Tkl":31.0,"TklW":17.0,"Past":10.0,"Press":171.0,"Succ":60.0,"Blocks":24.0,"Int":18.0},{"Player":"Jonathan Bamba","Pos":"MF","Tkl":43.0,"TklW":32.0,"Past":59.0,"Press":467.0,"Succ":139.0,"Blocks":32.0,"Int":28.0},{"Player":"Robson Bambu","Pos":"DF","Tkl":20.0,"TklW":13.0,"Past":6.0,"Press":101.0,"Succ":41.0,"Blocks":12.0,"Int":12.0},{"Player":"Simon Banza","Pos":"FW","Tkl":18.0,"TklW":10.0,"Past":10.0,"Press":178.0,"Succ":52.0,"Blocks":20.0,"Int":5.0},{"Player":"Cristian Battocchio","Pos":"MF","Tkl":5.0,"TklW":3.0,"Past":6.0,"Press":51.0,"Succ":10.0,"Blocks":2.0,"Int":3.0},{"Player":"Paul Baysse","Pos":"DF","Tkl":33.0,"TklW":24.0,"Past":10.0,"Press":222.0,"Succ":91.0,"Blocks":40.0,"Int":37.0},{"Player":"Haris Belkebla","Pos":"MF","Tkl":73.0,"TklW":50.0,"Past":50.0,"Press":593.0,"Succ":159.0,"Blocks":52.0,"Int":37.0},{"Player":"Jean-Ricner Bellegarde","Pos":"MF","Tkl":58.0,"TklW":43.0,"Past":17.0,"Press":394.0,"Succ":126.0,"Blocks":29.0,"Int":18.0},{"Player":"Hatem Ben Arfa","Pos":"MF","Tkl":12.0,"TklW":11.0,"Past":8.0,"Press":174.0,"Succ":65.0,"Blocks":2.0,"Int":5.0},{"Player":"Wissam Ben Yedder","Pos":"FW","Tkl":19.0,"TklW":14.0,"Past":10.0,"Press":346.0,"Succ":97.0,"Blocks":19.0,"Int":10.0},{"Player":"Darío Benedetto","Pos":"FW","Tkl":7.0,"TklW":2.0,"Past":8.0,"Press":188.0,"Succ":41.0,"Blocks":13.0,"Int":3.0},{"Player":"Walter Benítez","Pos":"GK","Tkl":0.0,"TklW":0.0,"Past":1.0,"Press":3.0,"Succ":2.0,"Blocks":1.0,"Int":0.0},{"Player":"Loris Benito","Pos":"DF","Tkl":49.0,"TklW":33.0,"Past":25.0,"Press":297.0,"Succ":92.0,"Blocks":49.0,"Int":40.0},{"Player":"Yassin Benrahou","Pos":"MF","Tkl":17.0,"TklW":8.0,"Past":17.0,"Press":248.0,"Succ":73.0,"Blocks":17.0,"Int":6.0},{"Player":"Valon Berisha","Pos":"MF","Tkl":41.0,"TklW":27.0,"Past":33.0,"Press":410.0,"Succ":105.0,"Blocks":20.0,"Int":17.0},{"Player":"Paul Bernardoni","Pos":"GK","Tkl":1.0,"TklW":1.0,"Past":1.0,"Press":5.0,"Succ":1.0,"Blocks":0.0,"Int":0.0},{"Player":"El Bilal Touré","Pos":"FW","Tkl":26.0,"TklW":14.0,"Past":10.0,"Press":263.0,"Succ":57.0,"Blocks":10.0,"Int":5.0},{"Player":"Ludovic Blas","Pos":"MF","Tkl":58.0,"TklW":33.0,"Past":39.0,"Press":629.0,"Succ":164.0,"Blocks":48.0,"Int":30.0},{"Player":"Antonin Bobichon","Pos":"MF","Tkl":21.0,"TklW":14.0,"Past":12.0,"Press":251.0,"Succ":66.0,"Blocks":15.0,"Int":10.0},{"Player":"Sacha Boey","Pos":"DF","Tkl":80.0,"TklW":44.0,"Past":30.0,"Press":383.0,"Succ":135.0,"Blocks":43.0,"Int":35.0},{"Player":"Sacha Boey","Pos":"DF","Tkl":5.0,"TklW":4.0,"Past":1.0,"Press":21.0,"Succ":11.0,"Blocks":2.0,"Int":1.0},{"Player":"Quentin Boisgard","Pos":"MF","Tkl":25.0,"TklW":18.0,"Past":18.0,"Press":204.0,"Succ":56.0,"Blocks":22.0,"Int":12.0},{"Player":"Sven Botman","Pos":"DF","Tkl":48.0,"TklW":30.0,"Past":15.0,"Press":258.0,"Succ":86.0,"Blocks":46.0,"Int":38.0},{"Player":"Denis Bouanga","Pos":"MF","Tkl":63.0,"TklW":43.0,"Past":51.0,"Press":668.0,"Succ":173.0,"Blocks":49.0,"Int":22.0},{"Player":"Hichem Boudaoui","Pos":"MF","Tkl":54.0,"TklW":40.0,"Past":36.0,"Press":453.0,"Succ":123.0,"Blocks":23.0,"Int":18.0},{"Player":"Farid Boulaya","Pos":"MF","Tkl":30.0,"TklW":18.0,"Past":48.0,"Press":411.0,"Succ":114.0,"Blocks":29.0,"Int":10.0},{"Player":"Ismael Boura","Pos":"DF","Tkl":18.0,"TklW":12.0,"Past":10.0,"Press":127.0,"Succ":41.0,"Blocks":15.0,"Int":19.0},{"Player":"Benjamin Bourigeaud","Pos":"MF","Tkl":40.0,"TklW":26.0,"Past":48.0,"Press":539.0,"Succ":138.0,"Blocks":50.0,"Int":23.0},{"Player":"John Boye","Pos":"DF","Tkl":67.0,"TklW":39.0,"Past":40.0,"Press":367.0,"Succ":131.0,"Blocks":83.0,"Int":57.0},{"Player":"Domagoj Bradaric","Pos":"DF","Tkl":33.0,"TklW":17.0,"Past":15.0,"Press":132.0,"Succ":40.0,"Blocks":32.0,"Int":19.0},{"Player":"Anthony Briancon","Pos":"DF","Tkl":16.0,"TklW":9.0,"Past":11.0,"Press":97.0,"Succ":40.0,"Blocks":23.0,"Int":21.0},{"Player":"Jimmy Briand","Pos":"FW","Tkl":8.0,"TklW":5.0,"Past":3.0,"Press":90.0,"Succ":26.0,"Blocks":3.0,"Int":1.0},{"Player":"Dylan Bronn","Pos":"DF","Tkl":75.0,"TklW":46.0,"Past":28.0,"Press":415.0,"Succ":151.0,"Blocks":45.0,"Int":38.0},{"Player":"Patrick Burner","Pos":"DF","Tkl":0.0,"TklW":0.0,"Past":0.0,"Press":0.0,"Succ":0.0,"Blocks":0.0,"Int":0.0},{"Player":"Patrick Burner","Pos":"DF","Tkl":22.0,"TklW":13.0,"Past":14.0,"Press":138.0,"Succ":38.0,"Blocks":26.0,"Int":21.0},{"Player":"Jimmy Cabot","Pos":"FW","Tkl":26.0,"TklW":16.0,"Past":27.0,"Press":199.0,"Succ":53.0,"Blocks":15.0,"Int":13.0},{"Player":"Anthony Caci","Pos":"DF","Tkl":97.0,"TklW":60.0,"Past":38.0,"Press":461.0,"Succ":162.0,"Blocks":71.0,"Int":57.0},{"Player":"Mathieu Cafaro","Pos":"MF","Tkl":40.0,"TklW":20.0,"Past":39.0,"Press":414.0,"Succ":102.0,"Blocks":16.0,"Int":19.0},{"Player":"Yannick Cahuzac","Pos":"MF","Tkl":36.0,"TklW":20.0,"Past":18.0,"Press":298.0,"Succ":101.0,"Blocks":31.0,"Int":30.0},{"Player":"Duje Caleta-Car","Pos":"DF","Tkl":35.0,"TklW":17.0,"Past":20.0,"Press":234.0,"Succ":81.0,"Blocks":40.0,"Int":35.0},{"Player":"Mahdi Camara","Pos":"MF","Tkl":109.0,"TklW":71.0,"Past":32.0,"Press":690.0,"Succ":201.0,"Blocks":68.0,"Int":57.0},{"Player":"Eduardo Camavinga","Pos":"MF","Tkl":111.0,"TklW":70.0,"Past":44.0,"Press":628.0,"Succ":180.0,"Blocks":38.0,"Int":20.0},{"Player":"Pierrick Capelle","Pos":"MF","Tkl":57.0,"TklW":32.0,"Past":57.0,"Press":486.0,"Succ":134.0,"Blocks":32.0,"Int":39.0},{"Player":"Maxence Caqueret","Pos":"MF","Tkl":83.0,"TklW":59.0,"Past":68.0,"Press":558.0,"Succ":162.0,"Blocks":43.0,"Int":30.0},{"Player":"Irvin Cardona","Pos":"FW","Tkl":9.0,"TklW":4.0,"Past":21.0,"Press":315.0,"Succ":94.0,"Blocks":18.0,"Int":9.0},{"Player":"Lionel Carole","Pos":"DF","Tkl":42.0,"TklW":26.0,"Past":16.0,"Press":179.0,"Succ":61.0,"Blocks":19.0,"Int":32.0},{"Player":"Moreto Cassamã","Pos":"MF","Tkl":50.0,"TklW":37.0,"Past":25.0,"Press":309.0,"Succ":104.0,"Blocks":27.0,"Int":40.0},{"Player":"Jean-Charles Castelletto","Pos":"DF","Tkl":34.0,"TklW":14.0,"Past":15.0,"Press":173.0,"Succ":58.0,"Blocks":36.0,"Int":29.0},{"Player":"Bersant Celina","Pos":"MF","Tkl":27.0,"TklW":11.0,"Past":29.0,"Press":395.0,"Succ":109.0,"Blocks":26.0,"Int":15.0},{"Player":"Fabien Centonze","Pos":"DF","Tkl":108.0,"TklW":55.0,"Past":29.0,"Press":485.0,"Succ":161.0,"Blocks":86.0,"Int":66.0},{"Player":"Fouad Chafik","Pos":"DF","Tkl":39.0,"TklW":28.0,"Past":22.0,"Press":205.0,"Succ":66.0,"Blocks":33.0,"Int":20.0},{"Player":"Mehdi Chahiri","Pos":"FW","Tkl":18.0,"TklW":13.0,"Past":16.0,"Press":145.0,"Succ":51.0,"Blocks":12.0,"Int":12.0},{"Player":"Trevoh Chalobah","Pos":"DF","Tkl":50.0,"TklW":28.0,"Past":18.0,"Press":229.0,"Succ":80.0,"Blocks":28.0,"Int":63.0},{"Player":"Gaëtan Charbonnier","Pos":"MF","Tkl":26.0,"TklW":18.0,"Past":21.0,"Press":307.0,"Succ":77.0,"Blocks":20.0,"Int":10.0},{"Player":"Brendan Chardonnet","Pos":"DF","Tkl":57.0,"TklW":33.0,"Past":14.0,"Press":243.0,"Succ":90.0,"Blocks":67.0,"Int":46.0},{"Player":"Xavier Chavalerin","Pos":"MF","Tkl":111.0,"TklW":63.0,"Past":56.0,"Press":621.0,"Succ":177.0,"Blocks":44.0,"Int":36.0},{"Player":"Pape Cheikh","Pos":"MF","Tkl":18.0,"TklW":17.0,"Past":23.0,"Press":215.0,"Succ":63.0,"Blocks":18.0,"Int":6.0},{"Player":"Pedro Chirivella","Pos":"MF","Tkl":39.0,"TklW":19.0,"Past":47.0,"Press":424.0,"Succ":127.0,"Blocks":34.0,"Int":38.0},{"Player":"Joris Chotard","Pos":"MF","Tkl":22.0,"TklW":17.0,"Past":23.0,"Press":185.0,"Succ":50.0,"Blocks":12.0,"Int":17.0},{"Player":"Mounir Chouiar","Pos":"FW","Tkl":22.0,"TklW":15.0,"Past":14.0,"Press":196.0,"Succ":62.0,"Blocks":22.0,"Int":9.0},{"Player":"Alexis Claude Maurice","Pos":"MF","Tkl":36.0,"TklW":25.0,"Past":31.0,"Press":363.0,"Succ":97.0,"Blocks":16.0,"Int":13.0},{"Player":"Jonathan Clauss","Pos":"DF","Tkl":54.0,"TklW":27.0,"Past":33.0,"Press":342.0,"Succ":103.0,"Blocks":55.0,"Int":43.0},{"Player":"Marcus Coco","Pos":"MF","Tkl":41.0,"TklW":30.0,"Past":18.0,"Press":320.0,"Succ":87.0,"Blocks":19.0,"Int":15.0},{"Player":"Daniel Congré","Pos":"DF","Tkl":58.0,"TklW":36.0,"Past":36.0,"Press":329.0,"Succ":131.0,"Blocks":67.0,"Int":45.0},{"Player":"Sébastien Corchia","Pos":"DF","Tkl":53.0,"TklW":25.0,"Past":28.0,"Press":287.0,"Succ":95.0,"Blocks":47.0,"Int":26.0},{"Player":"Maxwel Cornet","Pos":"DF","Tkl":80.0,"TklW":46.0,"Past":29.0,"Press":301.0,"Succ":97.0,"Blocks":43.0,"Int":44.0},{"Player":"Benoit Costil","Pos":"GK","Tkl":0.0,"TklW":0.0,"Past":2.0,"Press":6.0,"Succ":1.0,"Blocks":1.0,"Int":0.0},{"Player":"Kalifa Coulibaly","Pos":"FW","Tkl":7.0,"TklW":6.0,"Past":3.0,"Press":79.0,"Succ":18.0,"Blocks":5.0,"Int":3.0},{"Player":"Lassana Coulibaly","Pos":"MF","Tkl":81.0,"TklW":56.0,"Past":43.0,"Press":468.0,"Succ":157.0,"Blocks":28.0,"Int":36.0},{"Player":"Senou Coulibaly","Pos":"DF","Tkl":33.0,"TklW":23.0,"Past":17.0,"Press":217.0,"Succ":64.0,"Blocks":35.0,"Int":40.0},{"Player":"Nicolas Cozza","Pos":"DF","Tkl":39.0,"TklW":18.0,"Past":19.0,"Press":182.0,"Succ":50.0,"Blocks":35.0,"Int":21.0},{"Player":"Adrián Cubas","Pos":"MF","Tkl":81.0,"TklW":62.0,"Past":51.0,"Press":667.0,"Succ":232.0,"Blocks":42.0,"Int":57.0},{"Player":"Michaël Cuisance","Pos":"MF","Tkl":26.0,"TklW":17.0,"Past":24.0,"Press":305.0,"Succ":79.0,"Blocks":14.0,"Int":7.0},{"Player":"Damien Da Silva","Pos":"DF","Tkl":29.0,"TklW":18.0,"Past":12.0,"Press":167.0,"Succ":67.0,"Blocks":29.0,"Int":40.0},{"Player":"Colin Dagba","Pos":"DF","Tkl":26.0,"TklW":13.0,"Past":14.0,"Press":209.0,"Succ":66.0,"Blocks":33.0,"Int":12.0},{"Player":"Flavius Daniliuc","Pos":"DF","Tkl":29.0,"TklW":12.0,"Past":11.0,"Press":168.0,"Succ":49.0,"Blocks":20.0,"Int":19.0},{"Player":"Mattia De Sciglio","Pos":"DF","Tkl":34.0,"TklW":23.0,"Past":12.0,"Press":173.0,"Succ":61.0,"Blocks":37.0,"Int":36.0},{"Player":"Lucas Deaux","Pos":"MF","Tkl":59.0,"TklW":38.0,"Past":43.0,"Press":472.0,"Succ":144.0,"Blocks":26.0,"Int":14.0},{"Player":"Mathieu Debuchy","Pos":"DF","Tkl":66.0,"TklW":37.0,"Past":27.0,"Press":296.0,"Succ":88.0,"Blocks":49.0,"Int":47.0},{"Player":"Romain Del Castillo","Pos":"MF","Tkl":33.0,"TklW":23.0,"Past":15.0,"Press":181.0,"Succ":67.0,"Blocks":9.0,"Int":4.0},{"Player":"Thomas Delaine","Pos":"DF","Tkl":37.0,"TklW":18.0,"Past":21.0,"Press":217.0,"Succ":41.0,"Blocks":35.0,"Int":16.0},{"Player":"Jonathan Delaplace","Pos":"DF","Tkl":18.0,"TklW":12.0,"Past":9.0,"Press":136.0,"Succ":42.0,"Blocks":19.0,"Int":20.0},{"Player":"Andy Delort","Pos":"FW","Tkl":18.0,"TklW":15.0,"Past":12.0,"Press":239.0,"Succ":67.0,"Blocks":12.0,"Int":4.0},{"Player":"Moussa Dembele","Pos":"FW","Tkl":3.0,"TklW":3.0,"Past":4.0,"Press":80.0,"Succ":24.0,"Blocks":8.0,"Int":2.0},{"Player":"Jason Denayer","Pos":"DF","Tkl":34.0,"TklW":21.0,"Past":6.0,"Press":179.0,"Succ":74.0,"Blocks":69.0,"Int":22.0},{"Player":"Memphis Depay","Pos":"FW","Tkl":7.0,"TklW":6.0,"Past":19.0,"Press":330.0,"Succ":74.0,"Blocks":14.0,"Int":9.0},{"Player":"Ángel Di María","Pos":"FW","Tkl":33.0,"TklW":22.0,"Past":34.0,"Press":320.0,"Succ":92.0,"Blocks":25.0,"Int":7.0},{"Player":"Boulaye Dia","Pos":"FW","Tkl":28.0,"TklW":17.0,"Past":18.0,"Press":413.0,"Succ":104.0,"Blocks":18.0,"Int":16.0},{"Player":"Abdou Diallo","Pos":"DF","Tkl":23.0,"TklW":15.0,"Past":6.0,"Press":126.0,"Succ":41.0,"Blocks":23.0,"Int":17.0},{"Player":"Habib Diallo","Pos":"FW","Tkl":1.0,"TklW":0.0,"Past":0.0,"Press":19.0,"Succ":6.0,"Blocks":1.0,"Int":0.0},{"Player":"Habib Diallo","Pos":"FW","Tkl":12.0,"TklW":10.0,"Past":11.0,"Press":264.0,"Succ":72.0,"Blocks":16.0,"Int":13.0},{"Player":"Eric Junior Dina Ebimbe","Pos":"FW","Tkl":42.0,"TklW":32.0,"Past":35.0,"Press":421.0,"Succ":95.0,"Blocks":24.0,"Int":17.0},{"Player":"Sinaly Diomande","Pos":"DF","Tkl":12.0,"TklW":8.0,"Past":11.0,"Press":110.0,"Succ":34.0,"Blocks":22.0,"Int":23.0},{"Player":"Lois Diony","Pos":"FW","Tkl":17.0,"TklW":12.0,"Past":11.0,"Press":329.0,"Succ":81.0,"Blocks":8.0,"Int":3.0},{"Player":"Sofiane Diop","Pos":"MF","Tkl":64.0,"TklW":41.0,"Past":36.0,"Press":474.0,"Succ":141.0,"Blocks":40.0,"Int":16.0},{"Player":"Axel Disasi","Pos":"DF","Tkl":29.0,"TklW":23.0,"Past":20.0,"Press":171.0,"Succ":75.0,"Blocks":30.0,"Int":27.0},{"Player":"Tiago Djaló","Pos":"DF","Tkl":27.0,"TklW":17.0,"Past":8.0,"Press":111.0,"Succ":38.0,"Blocks":21.0,"Int":11.0},{"Player":"Alexander Djiku","Pos":"DF","Tkl":65.0,"TklW":44.0,"Past":25.0,"Press":307.0,"Succ":102.0,"Blocks":42.0,"Int":80.0},{"Player":"Jéremy Doku","Pos":"MF","Tkl":51.0,"TklW":38.0,"Past":21.0,"Press":439.0,"Succ":136.0,"Blocks":19.0,"Int":12.0},{"Player":"Kasper Dolberg","Pos":"FW","Tkl":7.0,"TklW":6.0,"Past":13.0,"Press":264.0,"Succ":69.0,"Blocks":21.0,"Int":4.0},{"Player":"Keagan Dolly","Pos":"MF","Tkl":13.0,"TklW":8.0,"Past":4.0,"Press":81.0,"Succ":15.0,"Blocks":6.0,"Int":4.0},{"Player":"Moussa Doumbia","Pos":"MF","Tkl":6.0,"TklW":3.0,"Past":14.0,"Press":126.0,"Succ":28.0,"Blocks":14.0,"Int":16.0},{"Player":"Souleyman Doumbia","Pos":"DF","Tkl":57.0,"TklW":34.0,"Past":21.0,"Press":267.0,"Succ":85.0,"Blocks":46.0,"Int":40.0},{"Player":"Julian Draxler","Pos":"MF","Tkl":13.0,"TklW":7.0,"Past":15.0,"Press":127.0,"Succ":31.0,"Blocks":8.0,"Int":16.0},{"Player":"Matthieu Dreyer","Pos":"GK","Tkl":0.0,"TklW":0.0,"Past":0.0,"Press":1.0,"Succ":0.0,"Blocks":0.0,"Int":0.0},{"Player":"Léo Dubois","Pos":"DF","Tkl":49.0,"TklW":34.0,"Past":28.0,"Press":355.0,"Succ":122.0,"Blocks":67.0,"Int":30.0},{"Player":"Haris Duljevic","Pos":"MF","Tkl":21.0,"TklW":14.0,"Past":15.0,"Press":118.0,"Succ":34.0,"Blocks":4.0,"Int":13.0},{"Player":"Jean-Kevin Duverne","Pos":"DF","Tkl":41.0,"TklW":24.0,"Past":18.0,"Press":220.0,"Succ":78.0,"Blocks":34.0,"Int":18.0},{"Player":"Bruno Ecuele Manga","Pos":"DF","Tkl":62.0,"TklW":45.0,"Past":13.0,"Press":225.0,"Succ":86.0,"Blocks":59.0,"Int":82.0},{"Player":"Niclas Eliasson","Pos":"MF","Tkl":37.0,"TklW":24.0,"Past":20.0,"Press":377.0,"Succ":88.0,"Blocks":40.0,"Int":22.0},{"Player":"Sepe Elye Wahi","Pos":"FW","Tkl":4.0,"TklW":2.0,"Past":3.0,"Press":88.0,"Succ":23.0,"Blocks":4.0,"Int":2.0},{"Player":"Renaud Emond","Pos":"FW","Tkl":3.0,"TklW":2.0,"Past":0.0,"Press":68.0,"Succ":20.0,"Blocks":5.0,"Int":1.0},{"Player":"Fabio","Pos":"DF","Tkl":74.0,"TklW":39.0,"Past":29.0,"Press":322.0,"Succ":102.0,"Blocks":48.0,"Int":21.0},{"Player":"Cesc Fàbregas","Pos":"MF","Tkl":22.0,"TklW":14.0,"Past":23.0,"Press":158.0,"Succ":44.0,"Blocks":12.0,"Int":3.0},{"Player":"Wout Faes","Pos":"DF","Tkl":49.0,"TklW":32.0,"Past":25.0,"Press":227.0,"Succ":86.0,"Blocks":51.0,"Int":55.0},{"Player":"Romain Faivre","Pos":"MF","Tkl":67.0,"TklW":47.0,"Past":34.0,"Press":519.0,"Succ":173.0,"Blocks":43.0,"Int":33.0},{"Player":"Julien Faussurier","Pos":"DF","Tkl":23.0,"TklW":15.0,"Past":13.0,"Press":132.0,"Succ":37.0,"Blocks":20.0,"Int":8.0},{"Player":"Zinedine Ferhat","Pos":"FW","Tkl":37.0,"TklW":19.0,"Past":32.0,"Press":377.0,"Succ":99.0,"Blocks":45.0,"Int":34.0},{"Player":"Jordan Ferri","Pos":"MF","Tkl":82.0,"TklW":61.0,"Past":74.0,"Press":578.0,"Succ":204.0,"Blocks":37.0,"Int":17.0},{"Player":"Alessandro Florenzi","Pos":"DF","Tkl":29.0,"TklW":19.0,"Past":27.0,"Press":169.0,"Succ":54.0,"Blocks":16.0,"Int":16.0},{"Player":"Mamadou Fofana","Pos":"MF","Tkl":31.0,"TklW":14.0,"Past":24.0,"Press":173.0,"Succ":48.0,"Blocks":20.0,"Int":15.0},{"Player":"Seko Fofana","Pos":"MF","Tkl":22.0,"TklW":11.0,"Past":27.0,"Press":347.0,"Succ":112.0,"Blocks":37.0,"Int":32.0},{"Player":"Youssouf Fofana","Pos":"MF","Tkl":96.0,"TklW":80.0,"Past":49.0,"Press":588.0,"Succ":226.0,"Blocks":57.0,"Int":43.0},{"Player":"Thomas Foket","Pos":"DF","Tkl":83.0,"TklW":46.0,"Past":31.0,"Press":438.0,"Succ":133.0,"Blocks":67.0,"Int":57.0},{"Player":"Lamine Fomba","Pos":"MF","Tkl":71.0,"TklW":49.0,"Past":47.0,"Press":652.0,"Succ":187.0,"Blocks":59.0,"Int":42.0},{"Player":"José Fonte","Pos":"DF","Tkl":49.0,"TklW":27.0,"Past":10.0,"Press":194.0,"Succ":70.0,"Blocks":61.0,"Int":34.0},{"Player":"Steven Fortes","Pos":"DF","Tkl":38.0,"TklW":20.0,"Past":7.0,"Press":175.0,"Succ":56.0,"Blocks":20.0,"Int":28.0},{"Player":"Angelo Fulgini","Pos":"MF","Tkl":28.0,"TklW":14.0,"Past":31.0,"Press":351.0,"Succ":94.0,"Blocks":21.0,"Int":15.0},{"Player":"Idrissa Gueye","Pos":"MF","Tkl":69.0,"TklW":45.0,"Past":24.0,"Press":395.0,"Succ":129.0,"Blocks":29.0,"Int":25.0},{"Player":"Ignatius Ganago","Pos":"FW","Tkl":3.0,"TklW":3.0,"Past":9.0,"Press":156.0,"Succ":45.0,"Blocks":9.0,"Int":10.0},{"Player":"Valère Germain","Pos":"FW","Tkl":10.0,"TklW":2.0,"Past":10.0,"Press":150.0,"Succ":36.0,"Blocks":10.0,"Int":9.0},{"Player":"Andrei Girotto","Pos":"DF","Tkl":83.0,"TklW":49.0,"Past":38.0,"Press":352.0,"Succ":135.0,"Blocks":57.0,"Int":30.0},{"Player":"Aleksandr Golovin","Pos":"MF","Tkl":26.0,"TklW":16.0,"Past":37.0,"Press":312.0,"Succ":92.0,"Blocks":22.0,"Int":17.0},{"Player":"Alfred Gomis","Pos":"GK","Tkl":0.0,"TklW":0.0,"Past":0.0,"Press":1.0,"Succ":0.0,"Blocks":0.0,"Int":0.0},{"Player":"Alfred Gomis","Pos":"GK","Tkl":0.0,"TklW":0.0,"Past":1.0,"Press":3.0,"Succ":1.0,"Blocks":0.0,"Int":0.0},{"Player":"Vágner","Pos":"FW","Tkl":14.0,"TklW":11.0,"Past":12.0,"Press":172.0,"Succ":47.0,"Blocks":12.0,"Int":4.0},{"Player":"Álvaro González","Pos":"DF","Tkl":38.0,"TklW":20.0,"Past":14.0,"Press":182.0,"Succ":65.0,"Blocks":48.0,"Int":31.0},{"Player":"Amine Gouiri","Pos":"FW","Tkl":34.0,"TklW":22.0,"Past":29.0,"Press":356.0,"Succ":90.0,"Blocks":43.0,"Int":16.0},{"Player":"Jonathan Gradit","Pos":"DF","Tkl":63.0,"TklW":31.0,"Past":27.0,"Press":314.0,"Succ":112.0,"Blocks":40.0,"Int":48.0},{"Player":"Andrew Gravillon","Pos":"DF","Tkl":37.0,"TklW":16.0,"Past":22.0,"Press":191.0,"Succ":61.0,"Blocks":69.0,"Int":50.0},{"Player":"Adrian Grbic","Pos":"FW","Tkl":9.0,"TklW":7.0,"Past":3.0,"Press":144.0,"Succ":33.0,"Blocks":8.0,"Int":2.0},{"Player":"Clément Grenier","Pos":"MF","Tkl":14.0,"TklW":8.0,"Past":27.0,"Press":201.0,"Succ":44.0,"Blocks":10.0,"Int":11.0},{"Player":"Kelyan Guessoum","Pos":"DF","Tkl":17.0,"TklW":8.0,"Past":9.0,"Press":88.0,"Succ":26.0,"Blocks":14.0,"Int":22.0},{"Player":"Lamine Gueye","Pos":"FW","Tkl":20.0,"TklW":13.0,"Past":18.0,"Press":193.0,"Succ":52.0,"Blocks":17.0,"Int":16.0},{"Player":"Bruno Guimarães","Pos":"MF","Tkl":85.0,"TklW":53.0,"Past":48.0,"Press":437.0,"Succ":141.0,"Blocks":24.0,"Int":19.0},{"Player":"Sehrou Guirassy","Pos":"FW","Tkl":5.0,"TklW":3.0,"Past":3.0,"Press":215.0,"Succ":47.0,"Blocks":14.0,"Int":5.0},{"Player":"Massadio Haidara","Pos":"DF","Tkl":58.0,"TklW":29.0,"Past":23.0,"Press":373.0,"Succ":113.0,"Blocks":59.0,"Int":32.0},{"Player":"Pierre-Yves Hamel","Pos":"FW","Tkl":20.0,"TklW":14.0,"Past":6.0,"Press":165.0,"Succ":50.0,"Blocks":12.0,"Int":7.0},{"Player":"Romain Hamouma","Pos":"FW","Tkl":16.0,"TklW":8.0,"Past":19.0,"Press":344.0,"Succ":96.0,"Blocks":24.0,"Int":6.0},{"Player":"Luis Henrique","Pos":"DF","Tkl":7.0,"TklW":2.0,"Past":6.0,"Press":80.0,"Succ":19.0,"Blocks":10.0,"Int":8.0},{"Player":"Christophe Herelle","Pos":"DF","Tkl":20.0,"TklW":10.0,"Past":6.0,"Press":105.0,"Succ":35.0,"Blocks":23.0,"Int":16.0},{"Player":"Jerome Hergault","Pos":"DF","Tkl":46.0,"TklW":24.0,"Past":19.0,"Press":215.0,"Succ":63.0,"Blocks":29.0,"Int":25.0},{"Player":"Ander Herrera","Pos":"MF","Tkl":55.0,"TklW":36.0,"Past":46.0,"Press":429.0,"Succ":126.0,"Blocks":44.0,"Int":26.0},{"Player":"Hilton","Pos":"DF","Tkl":19.0,"TklW":6.0,"Past":15.0,"Press":147.0,"Succ":44.0,"Blocks":49.0,"Int":41.0},{"Player":"Franck Honorat","Pos":"MF","Tkl":37.0,"TklW":24.0,"Past":20.0,"Press":490.0,"Succ":110.0,"Blocks":30.0,"Int":24.0},{"Player":"Adrien Hunou","Pos":"FW","Tkl":7.0,"TklW":7.0,"Past":6.0,"Press":110.0,"Succ":40.0,"Blocks":7.0,"Int":1.0},{"Player":"Mauro Icardi","Pos":"FW","Tkl":6.0,"TklW":3.0,"Past":8.0,"Press":164.0,"Succ":44.0,"Blocks":5.0,"Int":4.0},{"Player":"Jonathan Ikone","Pos":"MF","Tkl":21.0,"TklW":14.0,"Past":18.0,"Press":354.0,"Succ":91.0,"Blocks":18.0,"Int":11.0},{"Player":"Corentin Jean","Pos":"FW","Tkl":9.0,"TklW":7.0,"Past":4.0,"Press":101.0,"Succ":31.0,"Blocks":4.0,"Int":2.0},{"Player":"Stevan Jovetic","Pos":"FW","Tkl":13.0,"TklW":9.0,"Past":10.0,"Press":132.0,"Succ":44.0,"Blocks":4.0,"Int":7.0},{"Player":"Abdoul Kader Bamba","Pos":"FW","Tkl":19.0,"TklW":13.0,"Past":9.0,"Press":154.0,"Succ":50.0,"Blocks":13.0,"Int":7.0},{"Player":"Tinotenda Kadewere","Pos":"FW","Tkl":39.0,"TklW":25.0,"Past":24.0,"Press":328.0,"Succ":101.0,"Blocks":29.0,"Int":24.0},{"Player":"Gaël Kakuta","Pos":"MF","Tkl":42.0,"TklW":27.0,"Past":27.0,"Press":484.0,"Succ":129.0,"Blocks":29.0,"Int":23.0},{"Player":"Arnaud Kalimuendo Muinga","Pos":"FW","Tkl":0.0,"TklW":0.0,"Past":0.0,"Press":4.0,"Succ":1.0,"Blocks":0.0,"Int":0.0},{"Player":"Arnaud Kalimuendo Muinga","Pos":"FW","Tkl":7.0,"TklW":5.0,"Past":10.0,"Press":211.0,"Succ":56.0,"Blocks":8.0,"Int":1.0},{"Player":"Samuel Kalu","Pos":"FW","Tkl":26.0,"TklW":18.0,"Past":9.0,"Press":160.0,"Succ":58.0,"Blocks":18.0,"Int":9.0},{"Player":"Boubacar Kamara","Pos":"FW","Tkl":3.0,"TklW":3.0,"Past":6.0,"Press":113.0,"Succ":21.0,"Blocks":1.0,"Int":1.0},{"Player":"Boubacar Kamara","Pos":"MF","Tkl":98.0,"TklW":69.0,"Past":49.0,"Press":533.0,"Succ":186.0,"Blocks":57.0,"Int":34.0},{"Player":"Hassane Kamara","Pos":"DF","Tkl":67.0,"TklW":27.0,"Past":32.0,"Press":368.0,"Succ":95.0,"Blocks":62.0,"Int":43.0},{"Player":"Eiji Kawashima","Pos":"GK","Tkl":0.0,"TklW":0.0,"Past":1.0,"Press":4.0,"Succ":1.0,"Blocks":0.0,"Int":0.0},{"Player":"Moise Kean","Pos":"FW","Tkl":10.0,"TklW":9.0,"Past":11.0,"Press":177.0,"Succ":51.0,"Blocks":10.0,"Int":7.0},{"Player":"Thilo Kehrer","Pos":"DF","Tkl":28.0,"TklW":16.0,"Past":14.0,"Press":202.0,"Succ":74.0,"Blocks":25.0,"Int":17.0},{"Player":"Saif-Eddine Khaoui","Pos":"FW","Tkl":16.0,"TklW":10.0,"Past":9.0,"Press":131.0,"Succ":36.0,"Blocks":13.0,"Int":18.0},{"Player":"Wahbi Khazri","Pos":"FW","Tkl":23.0,"TklW":11.0,"Past":15.0,"Press":236.0,"Succ":79.0,"Blocks":11.0,"Int":6.0},{"Player":"Presnel Kimpembe","Pos":"DF","Tkl":53.0,"TklW":33.0,"Past":8.0,"Press":218.0,"Succ":72.0,"Blocks":34.0,"Int":34.0},{"Player":"Randal Kolo Muani","Pos":"FW","Tkl":30.0,"TklW":20.0,"Past":16.0,"Press":521.0,"Succ":158.0,"Blocks":19.0,"Int":19.0},{"Player":"Timothée Kolodziejczak","Pos":"DF","Tkl":34.0,"TklW":21.0,"Past":14.0,"Press":206.0,"Succ":74.0,"Blocks":35.0,"Int":38.0},{"Player":"Ghislain Konan","Pos":"DF","Tkl":69.0,"TklW":40.0,"Past":22.0,"Press":266.0,"Succ":85.0,"Blocks":51.0,"Int":32.0},{"Player":"Moussa Konate","Pos":"FW","Tkl":6.0,"TklW":2.0,"Past":15.0,"Press":153.0,"Succ":40.0,"Blocks":12.0,"Int":6.0},{"Player":"Lamine Koné","Pos":"DF","Tkl":12.0,"TklW":7.0,"Past":2.0,"Press":81.0,"Succ":23.0,"Blocks":15.0,"Int":7.0},{"Player":"Moussa Koné","Pos":"FW","Tkl":16.0,"TklW":10.0,"Past":14.0,"Press":292.0,"Succ":77.0,"Blocks":15.0,"Int":8.0},{"Player":"Laurent Koscielny","Pos":"DF","Tkl":27.0,"TklW":18.0,"Past":9.0,"Press":172.0,"Succ":80.0,"Blocks":53.0,"Int":40.0},{"Player":"Layvin Kurzawa","Pos":"DF","Tkl":32.0,"TklW":16.0,"Past":20.0,"Press":167.0,"Succ":61.0,"Blocks":25.0,"Int":27.0},{"Player":"Dereck Kutesa","Pos":"MF","Tkl":15.0,"TklW":9.0,"Past":13.0,"Press":129.0,"Succ":24.0,"Blocks":16.0,"Int":6.0},{"Player":"Enock Kwateng","Pos":"DF","Tkl":22.0,"TklW":14.0,"Past":15.0,"Press":112.0,"Succ":37.0,"Blocks":23.0,"Int":26.0},{"Player":"Gaetan Laborde","Pos":"FW","Tkl":53.0,"TklW":33.0,"Past":58.0,"Press":518.0,"Succ":122.0,"Blocks":42.0,"Int":16.0},{"Player":"Alban Lafont","Pos":"GK","Tkl":0.0,"TklW":0.0,"Past":0.0,"Press":7.0,"Succ":2.0,"Blocks":1.0,"Int":0.0},{"Player":"Kenny Lala","Pos":"DF","Tkl":24.0,"TklW":15.0,"Past":13.0,"Press":211.0,"Succ":66.0,"Blocks":27.0,"Int":13.0},{"Player":"Loïck Landre","Pos":"DF","Tkl":17.0,"TklW":15.0,"Past":12.0,"Press":118.0,"Succ":42.0,"Blocks":37.0,"Int":24.0},{"Player":"Julien Laporte","Pos":"DF","Tkl":69.0,"TklW":40.0,"Past":38.0,"Press":315.0,"Succ":114.0,"Blocks":44.0,"Int":48.0},{"Player":"Gautier Larsonneur","Pos":"GK","Tkl":0.0,"TklW":0.0,"Past":1.0,"Press":5.0,"Succ":1.0,"Blocks":1.0,"Int":1.0},{"Player":"Paul Lasne","Pos":"MF","Tkl":55.0,"TklW":36.0,"Past":24.0,"Press":426.0,"Succ":112.0,"Blocks":33.0,"Int":34.0},{"Player":"Armand Lauriente","Pos":"FW","Tkl":25.0,"TklW":17.0,"Past":15.0,"Press":266.0,"Succ":77.0,"Blocks":17.0,"Int":14.0},{"Player":"Wesley Lautoa","Pos":"MF","Tkl":40.0,"TklW":28.0,"Past":32.0,"Press":310.0,"Succ":95.0,"Blocks":23.0,"Int":29.0},{"Player":"Jeremy Le Douaron","Pos":"FW","Tkl":15.0,"TklW":6.0,"Past":13.0,"Press":175.0,"Succ":41.0,"Blocks":16.0,"Int":6.0},{"Player":"Enzo Le Fée","Pos":"MF","Tkl":52.0,"TklW":36.0,"Past":51.0,"Press":491.0,"Succ":121.0,"Blocks":40.0,"Int":27.0},{"Player":"Vincent Le Goff","Pos":"DF","Tkl":50.0,"TklW":23.0,"Past":32.0,"Press":338.0,"Succ":115.0,"Blocks":48.0,"Int":39.0},{"Player":"Damien Le Tallec","Pos":"MF","Tkl":17.0,"TklW":7.0,"Past":18.0,"Press":186.0,"Succ":53.0,"Blocks":23.0,"Int":23.0},{"Player":"Jean-Louis Leca","Pos":"GK","Tkl":0.0,"TklW":0.0,"Past":3.0,"Press":9.0,"Succ":4.0,"Blocks":0.0,"Int":0.0},{"Player":"Benjamin Lecomte","Pos":"GK","Tkl":0.0,"TklW":0.0,"Past":2.0,"Press":6.0,"Succ":1.0,"Blocks":0.0,"Int":0.0},{"Player":"Pierre Lees-Melou","Pos":"MF","Tkl":85.0,"TklW":47.0,"Past":61.0,"Press":505.0,"Succ":146.0,"Blocks":53.0,"Int":32.0},{"Player":"Fabien Lemoine","Pos":"MF","Tkl":73.0,"TklW":44.0,"Past":60.0,"Press":547.0,"Succ":160.0,"Blocks":27.0,"Int":30.0},{"Player":"Aaron Leya Iseka","Pos":"FW","Tkl":9.0,"TklW":5.0,"Past":7.0,"Press":121.0,"Succ":26.0,"Blocks":6.0,"Int":2.0},{"Player":"Dmitri Lienard","Pos":"MF","Tkl":50.0,"TklW":31.0,"Past":29.0,"Press":343.0,"Succ":106.0,"Blocks":33.0,"Int":28.0},{"Player":"Isaac Lihadji","Pos":"MF","Tkl":9.0,"TklW":6.0,"Past":2.0,"Press":46.0,"Succ":14.0,"Blocks":6.0,"Int":0.0},{"Player":"Pol Lirola","Pos":"DF","Tkl":31.0,"TklW":15.0,"Past":22.0,"Press":201.0,"Succ":67.0,"Blocks":30.0,"Int":31.0},{"Player":"Anthony Lopes","Pos":"GK","Tkl":0.0,"TklW":0.0,"Past":1.0,"Press":4.0,"Succ":1.0,"Blocks":1.0,"Int":0.0},{"Player":"Rony Lopes","Pos":"FW","Tkl":22.0,"TklW":18.0,"Past":21.0,"Press":296.0,"Succ":81.0,"Blocks":14.0,"Int":15.0},{"Player":"Jordan Lotomba","Pos":"DF","Tkl":38.0,"TklW":19.0,"Past":15.0,"Press":281.0,"Succ":81.0,"Blocks":45.0,"Int":18.0},{"Player":"Imran Louza","Pos":"MF","Tkl":51.0,"TklW":34.0,"Past":51.0,"Press":537.0,"Succ":151.0,"Blocks":40.0,"Int":46.0},{"Player":"Jean Lucas","Pos":"MF","Tkl":25.0,"TklW":14.0,"Past":19.0,"Press":262.0,"Succ":66.0,"Blocks":4.0,"Int":17.0},{"Player":"Jean Lucas","Pos":"MF","Tkl":6.0,"TklW":4.0,"Past":3.0,"Press":38.0,"Succ":12.0,"Blocks":2.0,"Int":3.0},{"Player":"Mike Maignan","Pos":"GK","Tkl":0.0,"TklW":0.0,"Past":0.0,"Press":2.0,"Succ":1.0,"Blocks":0.0,"Int":0.0},{"Player":"Josh Maja","Pos":"FW","Tkl":7.0,"TklW":2.0,"Past":11.0,"Press":155.0,"Succ":45.0,"Blocks":5.0,"Int":5.0},{"Player":"Marcelo","Pos":"MF","Tkl":1.0,"TklW":0.0,"Past":2.0,"Press":13.0,"Succ":2.0,"Blocks":1.0,"Int":1.0},{"Player":"Vincent Manceau","Pos":"DF","Tkl":45.0,"TklW":24.0,"Past":38.0,"Press":335.0,"Succ":99.0,"Blocks":47.0,"Int":36.0},{"Player":"Steve Mandanda","Pos":"GK","Tkl":0.0,"TklW":0.0,"Past":1.0,"Press":4.0,"Succ":2.0,"Blocks":0.0,"Int":0.0},{"Player":"Reinildo","Pos":"DF","Tkl":79.0,"TklW":52.0,"Past":24.0,"Press":351.0,"Succ":119.0,"Blocks":54.0,"Int":55.0},{"Player":"Thomas Mangani","Pos":"MF","Tkl":64.0,"TklW":49.0,"Past":59.0,"Press":640.0,"Succ":172.0,"Blocks":43.0,"Int":33.0},{"Player":"Myziane Maolida","Pos":"FW","Tkl":18.0,"TklW":11.0,"Past":8.0,"Press":174.0,"Succ":41.0,"Blocks":7.0,"Int":5.0},{"Player":"Faitout Maouassa","Pos":"DF","Tkl":27.0,"TklW":18.0,"Past":11.0,"Press":142.0,"Succ":52.0,"Blocks":25.0,"Int":12.0},{"Player":"Marcelo","Pos":"DF","Tkl":49.0,"TklW":26.0,"Past":10.0,"Press":212.0,"Succ":67.0,"Blocks":46.0,"Int":38.0},{"Player":"Jordan Marié","Pos":"MF","Tkl":40.0,"TklW":29.0,"Past":37.0,"Press":369.0,"Succ":107.0,"Blocks":22.0,"Int":21.0},{"Player":"Guillermo Maripán","Pos":"DF","Tkl":31.0,"TklW":17.0,"Past":12.0,"Press":175.0,"Succ":58.0,"Blocks":23.0,"Int":26.0},{"Player":"Marquinhos","Pos":"DF","Tkl":25.0,"TklW":18.0,"Past":18.0,"Press":198.0,"Succ":64.0,"Blocks":31.0,"Int":32.0},{"Player":"Gelson Martins","Pos":"MF","Tkl":39.0,"TklW":22.0,"Past":30.0,"Press":311.0,"Succ":98.0,"Blocks":25.0,"Int":12.0},{"Player":"Tony Mauricio","Pos":"MF","Tkl":18.0,"TklW":12.0,"Past":8.0,"Press":105.0,"Succ":35.0,"Blocks":7.0,"Int":2.0},{"Player":"Stephy Mavididi","Pos":"FW","Tkl":13.0,"TklW":6.0,"Past":21.0,"Press":313.0,"Succ":72.0,"Blocks":22.0,"Int":20.0},{"Player":"Nathanael Mbuku","Pos":"MF","Tkl":33.0,"TklW":22.0,"Past":15.0,"Press":414.0,"Succ":99.0,"Blocks":34.0,"Int":16.0},{"Player":"Facundo Medina","Pos":"DF","Tkl":46.0,"TklW":33.0,"Past":17.0,"Press":240.0,"Succ":78.0,"Blocks":53.0,"Int":37.0},{"Player":"Farid El Melali","Pos":"FW","Tkl":9.0,"TklW":4.0,"Past":9.0,"Press":87.0,"Succ":25.0,"Blocks":13.0,"Int":7.0},{"Player":"Birger Meling","Pos":"DF","Tkl":61.0,"TklW":29.0,"Past":24.0,"Press":368.0,"Succ":110.0,"Blocks":81.0,"Int":39.0},{"Player":"Houboulang Mendes","Pos":"DF","Tkl":37.0,"TklW":14.0,"Past":16.0,"Press":205.0,"Succ":56.0,"Blocks":30.0,"Int":7.0},{"Player":"Pedro Mendes","Pos":"DF","Tkl":35.0,"TklW":24.0,"Past":9.0,"Press":183.0,"Succ":62.0,"Blocks":33.0,"Int":26.0},{"Player":"Thiago Mendes","Pos":"MF","Tkl":57.0,"TklW":38.0,"Past":26.0,"Press":373.0,"Succ":141.0,"Blocks":39.0,"Int":40.0},{"Player":"Clement Michelin","Pos":"DF","Tkl":32.0,"TklW":16.0,"Past":6.0,"Press":127.0,"Succ":28.0,"Blocks":26.0,"Int":14.0},{"Player":"Florian Miguel","Pos":"DF","Tkl":27.0,"TklW":14.0,"Past":10.0,"Press":138.0,"Succ":47.0,"Blocks":29.0,"Int":35.0},{"Player":"Arkadiusz Milik","Pos":"FW","Tkl":15.0,"TklW":9.0,"Past":14.0,"Press":170.0,"Succ":47.0,"Blocks":6.0,"Int":7.0},{"Player":"Stefan Mitrovic","Pos":"DF","Tkl":35.0,"TklW":24.0,"Past":14.0,"Press":235.0,"Succ":91.0,"Blocks":37.0,"Int":30.0},{"Player":"Florent Mollet","Pos":"MF","Tkl":22.0,"TklW":13.0,"Past":42.0,"Press":315.0,"Succ":61.0,"Blocks":27.0,"Int":29.0},{"Player":"Thomas Monconduit","Pos":"MF","Tkl":38.0,"TklW":25.0,"Past":26.0,"Press":253.0,"Succ":74.0,"Blocks":19.0,"Int":12.0},{"Player":"Kévin Monnet-Paquet","Pos":"MF","Tkl":10.0,"TklW":7.0,"Past":8.0,"Press":122.0,"Succ":33.0,"Blocks":10.0,"Int":6.0},{"Player":"Jérémy Morel","Pos":"DF","Tkl":33.0,"TklW":23.0,"Past":24.0,"Press":222.0,"Succ":67.0,"Blocks":47.0,"Int":41.0},{"Player":"Aïmen Moueffek","Pos":"DF","Tkl":26.0,"TklW":19.0,"Past":23.0,"Press":173.0,"Succ":51.0,"Blocks":28.0,"Int":4.0},{"Player":"Harold Moukoudi","Pos":"DF","Tkl":59.0,"TklW":38.0,"Past":16.0,"Press":227.0,"Succ":94.0,"Blocks":35.0,"Int":39.0},{"Player":"Jessy Moulin","Pos":"GK","Tkl":0.0,"TklW":0.0,"Past":1.0,"Press":2.0,"Succ":1.0,"Blocks":0.0,"Int":0.0},{"Player":"Steve Mounie","Pos":"FW","Tkl":22.0,"TklW":16.0,"Past":16.0,"Press":564.0,"Succ":126.0,"Blocks":27.0,"Int":9.0},{"Player":"Marshall Munetsi","Pos":"MF","Tkl":42.0,"TklW":28.0,"Past":24.0,"Press":296.0,"Succ":72.0,"Blocks":50.0,"Int":34.0},{"Player":"Yuto Nagatomo","Pos":"DF","Tkl":25.0,"TklW":15.0,"Past":13.0,"Press":236.0,"Succ":83.0,"Blocks":34.0,"Int":25.0},{"Player":"Paul Nardi","Pos":"GK","Tkl":0.0,"TklW":0.0,"Past":1.0,"Press":2.0,"Succ":0.0,"Blocks":0.0,"Int":1.0},{"Player":"Keylor Navas","Pos":"GK","Tkl":0.0,"TklW":0.0,"Past":0.0,"Press":5.0,"Succ":2.0,"Blocks":0.0,"Int":0.0},{"Player":"Papa Ndiaga Yade","Pos":"FW","Tkl":17.0,"TklW":12.0,"Past":17.0,"Press":161.0,"Succ":42.0,"Blocks":9.0,"Int":8.0},{"Player":"Dan Ndoye","Pos":"FW","Tkl":8.0,"TklW":7.0,"Past":4.0,"Press":121.0,"Succ":32.0,"Blocks":6.0,"Int":3.0},{"Player":"Neymar","Pos":"MF","Tkl":13.0,"TklW":10.0,"Past":29.0,"Press":211.0,"Succ":65.0,"Blocks":10.0,"Int":7.0},{"Player":"Yvan Neyou","Pos":"MF","Tkl":65.0,"TklW":49.0,"Past":40.0,"Press":390.0,"Succ":117.0,"Blocks":39.0,"Int":23.0},{"Player":"Opa Nguette","Pos":"FW","Tkl":18.0,"TklW":13.0,"Past":9.0,"Press":182.0,"Succ":48.0,"Blocks":14.0,"Int":2.0},{"Player":"Arnaud Nordin","Pos":"MF","Tkl":19.0,"TklW":9.0,"Past":17.0,"Press":271.0,"Succ":70.0,"Blocks":12.0,"Int":8.0},{"Player":"Jonas Omlin","Pos":"GK","Tkl":0.0,"TklW":0.0,"Past":2.0,"Press":4.0,"Succ":1.0,"Blocks":0.0,"Int":0.0},{"Player":"Otávio","Pos":"MF","Tkl":60.0,"TklW":48.0,"Past":33.0,"Press":452.0,"Succ":128.0,"Blocks":31.0,"Int":13.0},{"Player":"Remi Oudin","Pos":"FW","Tkl":30.0,"TklW":18.0,"Past":21.0,"Press":236.0,"Succ":64.0,"Blocks":40.0,"Int":43.0},{"Player":"Alexandre Oukidja","Pos":"GK","Tkl":0.0,"TklW":0.0,"Past":2.0,"Press":7.0,"Succ":1.0,"Blocks":1.0,"Int":0.0},{"Player":"Nicolas Pallois","Pos":"DF","Tkl":70.0,"TklW":37.0,"Past":41.0,"Press":302.0,"Succ":112.0,"Blocks":60.0,"Int":47.0},{"Player":"Jonathan Panzo","Pos":"DF","Tkl":32.0,"TklW":17.0,"Past":7.0,"Press":213.0,"Succ":72.0,"Blocks":35.0,"Int":54.0},{"Player":"Lucas Paquetá","Pos":"MF","Tkl":79.0,"TklW":56.0,"Past":40.0,"Press":564.0,"Succ":161.0,"Blocks":32.0,"Int":19.0},{"Player":"Gaetan Paquiez","Pos":"DF","Tkl":26.0,"TklW":13.0,"Past":20.0,"Press":150.0,"Succ":41.0,"Blocks":21.0,"Int":12.0},{"Player":"Leandro Paredes","Pos":"MF","Tkl":34.0,"TklW":25.0,"Past":27.0,"Press":170.0,"Succ":57.0,"Blocks":18.0,"Int":16.0},{"Player":"Dimitri Payet","Pos":"FW","Tkl":32.0,"TklW":20.0,"Past":24.0,"Press":301.0,"Succ":86.0,"Blocks":18.0,"Int":12.0},{"Player":"Pietro Pellegri","Pos":"FW","Tkl":2.0,"TklW":1.0,"Past":1.0,"Press":62.0,"Succ":14.0,"Blocks":2.0,"Int":0.0},{"Player":"Andy Pelmard","Pos":"DF","Tkl":25.0,"TklW":15.0,"Past":9.0,"Press":125.0,"Succ":50.0,"Blocks":21.0,"Int":15.0},{"Player":"Danilo Pereira","Pos":"MF","Tkl":23.0,"TklW":12.0,"Past":12.0,"Press":177.0,"Succ":56.0,"Blocks":18.0,"Int":30.0},{"Player":"Romain Perraud","Pos":"DF","Tkl":74.0,"TklW":45.0,"Past":28.0,"Press":472.0,"Succ":138.0,"Blocks":70.0,"Int":34.0},{"Player":"Romain Philippoteaux","Pos":"MF","Tkl":10.0,"TklW":6.0,"Past":2.0,"Press":99.0,"Succ":21.0,"Blocks":5.0,"Int":6.0},{"Player":"Romain Philippoteaux","Pos":"FW","Tkl":2.0,"TklW":2.0,"Past":2.0,"Press":20.0,"Succ":11.0,"Blocks":3.0,"Int":0.0},{"Player":"Ronael Pierre Gabriel","Pos":"DF","Tkl":63.0,"TklW":38.0,"Past":18.0,"Press":310.0,"Succ":112.0,"Blocks":32.0,"Int":21.0},{"Player":"Nicolas de Preville","Pos":"FW","Tkl":29.0,"TklW":20.0,"Past":24.0,"Press":278.0,"Succ":66.0,"Blocks":16.0,"Int":13.0},{"Player":"Anthony Racioppi","Pos":"GK","Tkl":0.0,"TklW":0.0,"Past":2.0,"Press":1.0,"Succ":0.0,"Blocks":0.0,"Int":0.0},{"Player":"Rafinha","Pos":"MF","Tkl":51.0,"TklW":38.0,"Past":26.0,"Press":357.0,"Succ":111.0,"Blocks":26.0,"Int":15.0},{"Player":"Predrag Rajkovic","Pos":"GK","Tkl":0.0,"TklW":0.0,"Past":5.0,"Press":10.0,"Succ":1.0,"Blocks":1.0,"Int":0.0},{"Player":"Jeff Reine-Adelaide","Pos":"FW","Tkl":0.0,"TklW":0.0,"Past":0.0,"Press":0.0,"Succ":0.0,"Blocks":1.0,"Int":0.0},{"Player":"Jeff Reine-Adelaide","Pos":"MF","Tkl":9.0,"TklW":5.0,"Past":13.0,"Press":123.0,"Succ":29.0,"Blocks":12.0,"Int":8.0},{"Player":"Baptiste Reynet","Pos":"GK","Tkl":0.0,"TklW":0.0,"Past":1.0,"Press":8.0,"Succ":2.0,"Blocks":1.0,"Int":0.0},{"Player":"Renaud Ripart","Pos":"MF","Tkl":49.0,"TklW":30.0,"Past":67.0,"Press":731.0,"Succ":198.0,"Blocks":76.0,"Int":38.0},{"Player":"Mihailo Ristic","Pos":"DF","Tkl":60.0,"TklW":29.0,"Past":24.0,"Press":291.0,"Succ":91.0,"Blocks":51.0,"Int":29.0},{"Player":"Maxence Rivera","Pos":"MF","Tkl":13.0,"TklW":6.0,"Past":6.0,"Press":94.0,"Succ":23.0,"Blocks":6.0,"Int":4.0},{"Player":"Valentin Rongier","Pos":"MF","Tkl":102.0,"TklW":73.0,"Past":51.0,"Press":529.0,"Succ":173.0,"Blocks":27.0,"Int":34.0},{"Player":"Nolan Roux","Pos":"FW","Tkl":7.0,"TklW":6.0,"Past":5.0,"Press":121.0,"Succ":28.0,"Blocks":7.0,"Int":2.0},{"Player":"Youssouf Sabaly","Pos":"DF","Tkl":58.0,"TklW":40.0,"Past":23.0,"Press":324.0,"Succ":97.0,"Blocks":70.0,"Int":50.0},{"Player":"Hiroki Sakai","Pos":"DF","Tkl":99.0,"TklW":61.0,"Past":18.0,"Press":326.0,"Succ":122.0,"Blocks":43.0,"Int":38.0},{"Player":"William Saliba","Pos":"DF","Tkl":12.0,"TklW":8.0,"Past":2.0,"Press":105.0,"Succ":44.0,"Blocks":28.0,"Int":34.0},{"Player":"Romain Salin","Pos":"GK","Tkl":0.0,"TklW":0.0,"Past":1.0,"Press":5.0,"Succ":1.0,"Blocks":0.0,"Int":0.0},{"Player":"Junior Sambia","Pos":"DF","Tkl":53.0,"TklW":35.0,"Past":14.0,"Press":288.0,"Succ":95.0,"Blocks":45.0,"Int":34.0},{"Player":"Frederic Sammaritano","Pos":"FW","Tkl":14.0,"TklW":9.0,"Past":22.0,"Press":196.0,"Succ":51.0,"Blocks":12.0,"Int":8.0},{"Player":"Renato Sanches","Pos":"MF","Tkl":19.0,"TklW":12.0,"Past":23.0,"Press":234.0,"Succ":65.0,"Blocks":18.0,"Int":17.0},{"Player":"Pablo Sarabia","Pos":"FW","Tkl":20.0,"TklW":12.0,"Past":22.0,"Press":223.0,"Succ":63.0,"Blocks":17.0,"Int":4.0},{"Player":"Téji Savanier","Pos":"MF","Tkl":61.0,"TklW":53.0,"Past":53.0,"Press":461.0,"Succ":159.0,"Blocks":32.0,"Int":40.0},{"Player":"Morgan Schneiderlin","Pos":"MF","Tkl":53.0,"TklW":38.0,"Past":34.0,"Press":420.0,"Succ":122.0,"Blocks":39.0,"Int":36.0},{"Player":"Djibril Sidibe","Pos":"DF","Tkl":63.0,"TklW":36.0,"Past":18.0,"Press":237.0,"Succ":92.0,"Blocks":30.0,"Int":46.0},{"Player":"Kaj Sierhuis","Pos":"FW","Tkl":4.0,"TklW":1.0,"Past":6.0,"Press":115.0,"Succ":33.0,"Blocks":2.0,"Int":2.0},{"Player":"Mohamed Simakan","Pos":"DF","Tkl":44.0,"TklW":30.0,"Past":4.0,"Press":182.0,"Succ":71.0,"Blocks":34.0,"Int":24.0},{"Player":"Moses Simon","Pos":"FW","Tkl":32.0,"TklW":17.0,"Past":23.0,"Press":312.0,"Succ":77.0,"Blocks":34.0,"Int":18.0},{"Player":"Ibrahima Sissoko","Pos":"MF","Tkl":68.0,"TklW":49.0,"Past":40.0,"Press":510.0,"Succ":159.0,"Blocks":47.0,"Int":53.0},{"Player":"Petar Skuletic","Pos":"FW","Tkl":6.0,"TklW":5.0,"Past":5.0,"Press":68.0,"Succ":20.0,"Blocks":3.0,"Int":0.0},{"Player":"Islam Slimani","Pos":"FW","Tkl":10.0,"TklW":5.0,"Past":11.0,"Press":123.0,"Succ":22.0,"Blocks":2.0,"Int":1.0},{"Player":"Florian Sotoca","Pos":"FW","Tkl":30.0,"TklW":16.0,"Past":21.0,"Press":357.0,"Succ":88.0,"Blocks":36.0,"Int":8.0},{"Player":"Boubakary Soumare","Pos":"MF","Tkl":47.0,"TklW":30.0,"Past":17.0,"Press":277.0,"Succ":83.0,"Blocks":23.0,"Int":40.0},{"Player":"Arnaud Souquet","Pos":"DF","Tkl":53.0,"TklW":23.0,"Past":22.0,"Press":240.0,"Succ":64.0,"Blocks":34.0,"Int":19.0},{"Player":"Saidou Sow","Pos":"DF","Tkl":30.0,"TklW":14.0,"Past":9.0,"Press":125.0,"Succ":51.0,"Blocks":16.0,"Int":18.0},{"Player":"Issiaga Sylla","Pos":"DF","Tkl":36.0,"TklW":21.0,"Past":9.0,"Press":165.0,"Succ":61.0,"Blocks":25.0,"Int":16.0},{"Player":"Flavien Tait","Pos":"MF","Tkl":45.0,"TklW":30.0,"Past":25.0,"Press":278.0,"Succ":94.0,"Blocks":15.0,"Int":24.0},{"Player":"Warren Tchimbembé","Pos":"MF","Tkl":4.0,"TklW":3.0,"Past":5.0,"Press":78.0,"Succ":22.0,"Blocks":9.0,"Int":3.0},{"Player":"Aurelien Tchouameni","Pos":"MF","Tkl":142.0,"TklW":97.0,"Past":54.0,"Press":656.0,"Succ":240.0,"Blocks":54.0,"Int":64.0},{"Player":"Martin Terrier","Pos":"FW","Tkl":34.0,"TklW":24.0,"Past":21.0,"Press":518.0,"Succ":139.0,"Blocks":35.0,"Int":18.0},{"Player":"Florian Thauvin","Pos":"FW","Tkl":50.0,"TklW":24.0,"Past":42.0,"Press":427.0,"Succ":108.0,"Blocks":32.0,"Int":16.0},{"Player":"Sada Thioub","Pos":"FW","Tkl":22.0,"TklW":18.0,"Past":18.0,"Press":298.0,"Succ":92.0,"Blocks":18.0,"Int":9.0},{"Player":"Romain Thomas","Pos":"DF","Tkl":61.0,"TklW":38.0,"Past":29.0,"Press":339.0,"Succ":116.0,"Blocks":50.0,"Int":46.0},{"Player":"Adrien Thomasson","Pos":"MF","Tkl":48.0,"TklW":35.0,"Past":48.0,"Press":709.0,"Succ":213.0,"Blocks":41.0,"Int":28.0},{"Player":"Jean-Clair Todibo","Pos":"DF","Tkl":36.0,"TklW":26.0,"Past":15.0,"Press":159.0,"Succ":62.0,"Blocks":21.0,"Int":22.0},{"Player":"Karl Toko Ekambi","Pos":"FW","Tkl":16.0,"TklW":9.0,"Past":29.0,"Press":329.0,"Succ":83.0,"Blocks":27.0,"Int":26.0},{"Player":"Abdoulaye Touré","Pos":"MF","Tkl":30.0,"TklW":20.0,"Past":23.0,"Press":283.0,"Succ":76.0,"Blocks":28.0,"Int":16.0},{"Player":"Amadou Traoré","Pos":"MF","Tkl":7.0,"TklW":4.0,"Past":9.0,"Press":74.0,"Succ":17.0,"Blocks":12.0,"Int":1.0},{"Player":"Charles Traore","Pos":"DF","Tkl":62.0,"TklW":37.0,"Past":28.0,"Press":334.0,"Succ":131.0,"Blocks":46.0,"Int":25.0},{"Player":"Hamari Traore","Pos":"DF","Tkl":74.0,"TklW":44.0,"Past":47.0,"Press":391.0,"Succ":137.0,"Blocks":61.0,"Int":61.0},{"Player":"Ismael Traoré","Pos":"DF","Tkl":48.0,"TklW":33.0,"Past":18.0,"Press":314.0,"Succ":112.0,"Blocks":43.0,"Int":42.0},{"Player":"Miguel Trauco","Pos":"DF","Tkl":49.0,"TklW":28.0,"Past":27.0,"Press":286.0,"Succ":102.0,"Blocks":33.0,"Int":40.0},{"Player":"Adrien Truffert","Pos":"DF","Tkl":39.0,"TklW":22.0,"Past":18.0,"Press":309.0,"Succ":89.0,"Blocks":47.0,"Int":18.0},{"Player":"Matthieu Udol","Pos":"DF","Tkl":38.0,"TklW":27.0,"Past":27.0,"Press":267.0,"Succ":96.0,"Blocks":52.0,"Int":36.0},{"Player":"Hwang Ui-Jo","Pos":"FW","Tkl":6.0,"TklW":3.0,"Past":24.0,"Press":352.0,"Succ":97.0,"Blocks":20.0,"Int":11.0},{"Player":"Marco Verratti","Pos":"MF","Tkl":51.0,"TklW":33.0,"Past":45.0,"Press":319.0,"Succ":105.0,"Blocks":29.0,"Int":21.0},{"Player":"Kevin Volland","Pos":"FW","Tkl":41.0,"TklW":28.0,"Past":27.0,"Press":506.0,"Succ":138.0,"Blocks":24.0,"Int":6.0},{"Player":"Timothy Weah","Pos":"FW","Tkl":19.0,"TklW":12.0,"Past":10.0,"Press":172.0,"Succ":44.0,"Blocks":6.0,"Int":4.0},{"Player":"Yoane Wissa","Pos":"FW","Tkl":34.0,"TklW":18.0,"Past":25.0,"Press":298.0,"Succ":82.0,"Blocks":34.0,"Int":22.0},{"Player":"Xeka","Pos":"MF","Tkl":31.0,"TklW":27.0,"Past":26.0,"Press":268.0,"Succ":95.0,"Blocks":16.0,"Int":16.0},{"Player":"Yusuf Yazici","Pos":"FW","Tkl":14.0,"TklW":11.0,"Past":20.0,"Press":207.0,"Succ":64.0,"Blocks":8.0,"Int":2.0},{"Player":"Burak Yilmaz","Pos":"FW","Tkl":6.0,"TklW":2.0,"Past":26.0,"Press":317.0,"Succ":69.0,"Blocks":11.0,"Int":6.0},{"Player":"Zaydou Youssef","Pos":"MF","Tkl":29.0,"TklW":18.0,"Past":32.0,"Press":235.0,"Succ":71.0,"Blocks":24.0,"Int":22.0},{"Player":"Arbër Zeneli","Pos":"MF","Tkl":16.0,"TklW":10.0,"Past":15.0,"Press":215.0,"Succ":50.0,"Blocks":27.0,"Int":9.0},{"Player":"Mehdi Zerkane","Pos":"MF","Tkl":26.0,"TklW":17.0,"Past":16.0,"Press":302.0,"Succ":80.0,"Blocks":22.0,"Int":11.0},{"Player":"Kévin Zohi","Pos":"FW,MF","Tkl":"13","TklW":"8","Past":"8","Press":"97","Succ":"28","Blocks":"7","Int":"6"}]