[{"Player":"Ignazio Abate","Pos":"DF","Tkl":37.0,"TklW":21.0,"Past":17.0,"Press":199.0,"Succ":56.0,"Blocks":34.0,"Int":14.0},{"Player":"Francesco Acerbi","Pos":"DF","Tkl":51.0,"TklW":30.0,"Past":12.0,"Press":259.0,"Succ":96.0,"Blocks":63.0,"Int":43.0},{"Player":"Afriyie Acquah","Pos":"MF","Tkl":26.0,"TklW":13.0,"Past":12.0,"Press":308.0,"Succ":65.0,"Blocks":17.0,"Int":7.0},{"Player":"Ola Aina","Pos":"DF","Tkl":64.0,"TklW":44.0,"Past":32.0,"Press":468.0,"Succ":152.0,"Blocks":67.0,"Int":34.0},{"Player":"Luis Alberto","Pos":"MF","Tkl":46.0,"TklW":28.0,"Past":43.0,"Press":590.0,"Succ":175.0,"Blocks":32.0,"Int":11.0},{"Player":"Raúl Albiol","Pos":"DF","Tkl":23.0,"TklW":17.0,"Past":11.0,"Press":107.0,"Succ":35.0,"Blocks":31.0,"Int":18.0},{"Player":"Allan","Pos":"MF","Tkl":124.0,"TklW":92.0,"Past":87.0,"Press":939.0,"Succ":264.0,"Blocks":66.0,"Int":16.0},{"Player":"Bruno Alves","Pos":"DF","Tkl":16.0,"TklW":8.0,"Past":9.0,"Press":188.0,"Succ":54.0,"Blocks":50.0,"Int":15.0},{"Player":"Joachim Andersen","Pos":"DF","Tkl":32.0,"TklW":20.0,"Past":16.0,"Press":155.0,"Succ":47.0,"Blocks":38.0,"Int":18.0},{"Player":"Cristian Ansaldi","Pos":"DF","Tkl":44.0,"TklW":24.0,"Past":22.0,"Press":340.0,"Succ":102.0,"Blocks":40.0,"Int":15.0},{"Player":"Mirco Antenucci","Pos":"FW","Tkl":11.0,"TklW":7.0,"Past":8.0,"Press":382.0,"Succ":63.0,"Blocks":12.0,"Int":6.0},{"Player":"Lorenzo Ariaudo","Pos":"DF","Tkl":20.0,"TklW":12.0,"Past":6.0,"Press":135.0,"Succ":46.0,"Blocks":42.0,"Int":11.0},{"Player":"Kwadwo Asamoah","Pos":"DF","Tkl":45.0,"TklW":21.0,"Past":30.0,"Press":270.0,"Succ":84.0,"Blocks":43.0,"Int":30.0},{"Player":"Emil Audero","Pos":"GK","Tkl":0.0,"TklW":0.0,"Past":0.0,"Press":0.0,"Succ":0.0,"Blocks":0.0,"Int":0.0},{"Player":"Khouma Babacar","Pos":"FW","Tkl":8.0,"TklW":8.0,"Past":12.0,"Press":293.0,"Succ":58.0,"Blocks":7.0,"Int":6.0},{"Player":"Milan Badelj","Pos":"MF","Tkl":35.0,"TklW":21.0,"Past":22.0,"Press":234.0,"Succ":59.0,"Blocks":36.0,"Int":28.0},{"Player":"Tiemoué Bakayoko","Pos":"MF","Tkl":80.0,"TklW":60.0,"Past":37.0,"Press":572.0,"Succ":170.0,"Blocks":38.0,"Int":44.0},{"Player":"Keita","Pos":"FW","Tkl":10.0,"TklW":7.0,"Past":7.0,"Press":194.0,"Succ":42.0,"Blocks":10.0,"Int":2.0},{"Player":"Mattia Bani","Pos":"DF","Tkl":65.0,"TklW":39.0,"Past":20.0,"Press":389.0,"Succ":114.0,"Blocks":59.0,"Int":36.0},{"Player":"Federico Barba","Pos":"DF","Tkl":36.0,"TklW":28.0,"Past":12.0,"Press":319.0,"Succ":93.0,"Blocks":54.0,"Int":46.0},{"Player":"Francesco Vicari","Pos":"GK","Tkl":0.0,"TklW":0.0,"Past":0.0,"Press":0.0,"Succ":0.0,"Blocks":0.0,"Int":0.0},{"Player":"Nicolò Barella","Pos":"MF","Tkl":101.0,"TklW":61.0,"Past":60.0,"Press":752.0,"Succ":208.0,"Blocks":65.0,"Int":26.0},{"Player":"Antonino Barillà","Pos":"MF","Tkl":62.0,"TklW":48.0,"Past":51.0,"Press":767.0,"Succ":186.0,"Blocks":66.0,"Int":27.0},{"Player":"Musa Barrow","Pos":"FW","Tkl":10.0,"TklW":6.0,"Past":4.0,"Press":135.0,"Succ":38.0,"Blocks":5.0,"Int":2.0},{"Player":"Daniele Baselli","Pos":"MF","Tkl":65.0,"TklW":44.0,"Past":45.0,"Press":514.0,"Succ":138.0,"Blocks":48.0,"Int":33.0},{"Player":"Alessandro Bastoni","Pos":"DF","Tkl":32.0,"TklW":18.0,"Past":9.0,"Press":180.0,"Succ":56.0,"Blocks":44.0,"Int":12.0},{"Player":"Bastos","Pos":"DF","Tkl":27.0,"TklW":20.0,"Past":13.0,"Press":151.0,"Succ":43.0,"Blocks":23.0,"Int":7.0},{"Player":"Andrea Beghetto","Pos":"DF","Tkl":29.0,"TklW":19.0,"Past":14.0,"Press":380.0,"Succ":95.0,"Blocks":42.0,"Int":14.0},{"Player":"Valon Behrami","Pos":"MF","Tkl":68.0,"TklW":41.0,"Past":36.0,"Press":521.0,"Succ":129.0,"Blocks":37.0,"Int":20.0},{"Player":"Andrea Belotti","Pos":"FW","Tkl":28.0,"TklW":18.0,"Past":23.0,"Press":505.0,"Succ":131.0,"Blocks":54.0,"Int":13.0},{"Player":"Marco Benassi","Pos":"MF","Tkl":25.0,"TklW":16.0,"Past":36.0,"Press":344.0,"Succ":89.0,"Blocks":26.0,"Int":15.0},{"Player":"Ismael Bennacer","Pos":"MF","Tkl":96.0,"TklW":68.0,"Past":48.0,"Press":783.0,"Succ":208.0,"Blocks":62.0,"Int":60.0},{"Player":"Rodrigo Bentancur","Pos":"MF","Tkl":50.0,"TklW":28.0,"Past":38.0,"Press":548.0,"Succ":138.0,"Blocks":38.0,"Int":39.0},{"Player":"Domenico Berardi","Pos":"FW","Tkl":41.0,"TklW":23.0,"Past":54.0,"Press":697.0,"Succ":140.0,"Blocks":39.0,"Int":30.0},{"Player":"Alex Berenguer","Pos":"MF","Tkl":37.0,"TklW":27.0,"Past":26.0,"Press":324.0,"Succ":81.0,"Blocks":24.0,"Int":4.0},{"Player":"Bartosz Bereszynski","Pos":"DF","Tkl":56.0,"TklW":25.0,"Past":38.0,"Press":315.0,"Succ":93.0,"Blocks":61.0,"Int":16.0},{"Player":"Etrit Berisha","Pos":"GK","Tkl":0.0,"TklW":0.0,"Past":1.0,"Press":2.0,"Succ":0.0,"Blocks":0.0,"Int":0.0},{"Player":"Federico Bernardeschi","Pos":"FW","Tkl":15.0,"TklW":11.0,"Past":20.0,"Press":332.0,"Succ":69.0,"Blocks":12.0,"Int":10.0},{"Player":"Daniel Bessa","Pos":"MF","Tkl":55.0,"TklW":36.0,"Past":37.0,"Press":711.0,"Succ":173.0,"Blocks":35.0,"Int":23.0},{"Player":"Jonathan Biabiany","Pos":"FW","Tkl":29.0,"TklW":14.0,"Past":13.0,"Press":302.0,"Succ":57.0,"Blocks":11.0,"Int":13.0},{"Player":"Lucas Biglia","Pos":"MF","Tkl":55.0,"TklW":37.0,"Past":39.0,"Press":377.0,"Succ":114.0,"Blocks":26.0,"Int":13.0},{"Player":"Cristiano Biraghi","Pos":"DF","Tkl":54.0,"TklW":26.0,"Past":22.0,"Press":404.0,"Succ":101.0,"Blocks":78.0,"Int":30.0},{"Player":"Davide Biraschi","Pos":"DF","Tkl":68.0,"TklW":42.0,"Past":36.0,"Press":464.0,"Succ":126.0,"Blocks":48.0,"Int":45.0},{"Player":"Valter Birsa","Pos":"MF","Tkl":3.0,"TklW":2.0,"Past":5.0,"Press":85.0,"Succ":24.0,"Blocks":4.0,"Int":5.0},{"Player":"Valter Birsa","Pos":"MF","Tkl":18.0,"TklW":11.0,"Past":16.0,"Press":217.0,"Succ":50.0,"Blocks":11.0,"Int":6.0},{"Player":"Jeremie Boga","Pos":"FW","Tkl":12.0,"TklW":10.0,"Past":8.0,"Press":303.0,"Succ":88.0,"Blocks":16.0,"Int":7.0},{"Player":"Kevin Bonifazi","Pos":"DF","Tkl":48.0,"TklW":29.0,"Past":26.0,"Press":330.0,"Succ":100.0,"Blocks":54.0,"Int":27.0},{"Player":"Leonardo Bonucci","Pos":"DF","Tkl":20.0,"TklW":12.0,"Past":5.0,"Press":148.0,"Succ":52.0,"Blocks":38.0,"Int":19.0},{"Player":"Fabio Borini","Pos":"FW","Tkl":16.0,"TklW":11.0,"Past":12.0,"Press":251.0,"Succ":58.0,"Blocks":29.0,"Int":8.0},{"Player":"Mehdi Bourabia","Pos":"MF","Tkl":57.0,"TklW":37.0,"Past":32.0,"Press":520.0,"Succ":143.0,"Blocks":30.0,"Int":26.0},{"Player":"Filip Bradaric","Pos":"MF","Tkl":33.0,"TklW":24.0,"Past":19.0,"Press":240.0,"Succ":57.0,"Blocks":32.0,"Int":22.0},{"Player":"Marcelo Brozovic","Pos":"MF","Tkl":116.0,"TklW":78.0,"Past":73.0,"Press":675.0,"Succ":207.0,"Blocks":52.0,"Int":35.0},{"Player":"Felipe Caicedo","Pos":"FW","Tkl":19.0,"TklW":13.0,"Past":11.0,"Press":278.0,"Succ":71.0,"Blocks":5.0,"Int":3.0},{"Player":"Arturo Calabresi","Pos":"DF","Tkl":37.0,"TklW":23.0,"Past":21.0,"Press":248.0,"Succ":66.0,"Blocks":26.0,"Int":26.0},{"Player":"Davide Calabria","Pos":"DF","Tkl":79.0,"TklW":43.0,"Past":39.0,"Press":364.0,"Succ":105.0,"Blocks":56.0,"Int":22.0},{"Player":"Hakan Calhanoglu","Pos":"FW","Tkl":54.0,"TklW":44.0,"Past":43.0,"Press":542.0,"Succ":138.0,"Blocks":38.0,"Int":21.0},{"Player":"José Callejón","Pos":"MF","Tkl":35.0,"TklW":21.0,"Past":56.0,"Press":547.0,"Succ":124.0,"Blocks":48.0,"Int":23.0},{"Player":"Joel Campbell","Pos":"FW","Tkl":11.0,"TklW":9.0,"Past":9.0,"Press":165.0,"Succ":26.0,"Blocks":3.0,"Int":6.0},{"Player":"Emre Can","Pos":"MF","Tkl":73.0,"TklW":58.0,"Past":28.0,"Press":496.0,"Succ":138.0,"Blocks":51.0,"Int":21.0},{"Player":"João Cancelo","Pos":"DF","Tkl":50.0,"TklW":32.0,"Past":31.0,"Press":260.0,"Succ":62.0,"Blocks":34.0,"Int":13.0},{"Player":"Antonio Candreva","Pos":"FW","Tkl":1.0,"TklW":0.0,"Past":9.0,"Press":122.0,"Succ":24.0,"Blocks":5.0,"Int":4.0},{"Player":"Gianluca Caprari","Pos":"FW","Tkl":13.0,"TklW":7.0,"Past":8.0,"Press":239.0,"Succ":53.0,"Blocks":10.0,"Int":4.0},{"Player":"Marco Capuano","Pos":"DF","Tkl":60.0,"TklW":37.0,"Past":24.0,"Press":349.0,"Succ":106.0,"Blocks":55.0,"Int":25.0},{"Player":"Francesco Caputo","Pos":"FW","Tkl":15.0,"TklW":11.0,"Past":8.0,"Press":503.0,"Succ":118.0,"Blocks":18.0,"Int":7.0},{"Player":"Francesco Cassata","Pos":"MF","Tkl":18.0,"TklW":12.0,"Past":17.0,"Press":283.0,"Succ":65.0,"Blocks":11.0,"Int":8.0},{"Player":"Timothy Castagne","Pos":"DF","Tkl":56.0,"TklW":34.0,"Past":37.0,"Press":427.0,"Succ":134.0,"Blocks":49.0,"Int":36.0},{"Player":"Samu Castillejo","Pos":"FW","Tkl":17.0,"TklW":10.0,"Past":29.0,"Press":380.0,"Succ":95.0,"Blocks":19.0,"Int":14.0},{"Player":"Danilo","Pos":"MF","Tkl":13.0,"TklW":10.0,"Past":7.0,"Press":126.0,"Succ":37.0,"Blocks":6.0,"Int":8.0},{"Player":"Federico Ceccherini","Pos":"DF","Tkl":15.0,"TklW":9.0,"Past":6.0,"Press":80.0,"Succ":27.0,"Blocks":18.0,"Int":14.0},{"Player":"Luca Ceppitelli","Pos":"DF","Tkl":43.0,"TklW":27.0,"Past":11.0,"Press":164.0,"Succ":56.0,"Blocks":39.0,"Int":14.0},{"Player":"Fabio Ceravolo","Pos":"FW","Tkl":6.0,"TklW":5.0,"Past":13.0,"Press":305.0,"Succ":66.0,"Blocks":5.0,"Int":4.0},{"Player":"Alberto Cerri","Pos":"FW","Tkl":7.0,"TklW":6.0,"Past":8.0,"Press":94.0,"Succ":21.0,"Blocks":10.0,"Int":1.0},{"Player":"Raman Chibsah","Pos":"MF","Tkl":57.0,"TklW":38.0,"Past":44.0,"Press":681.0,"Succ":168.0,"Blocks":49.0,"Int":29.0},{"Player":"Giorgio Chiellini","Pos":"DF","Tkl":22.0,"TklW":9.0,"Past":7.0,"Press":132.0,"Succ":52.0,"Blocks":32.0,"Int":23.0},{"Player":"Federico Chiesa","Pos":"FW","Tkl":41.0,"TklW":27.0,"Past":32.0,"Press":554.0,"Succ":135.0,"Blocks":36.0,"Int":7.0},{"Player":"Camillo Ciano","Pos":"FW","Tkl":33.0,"TklW":17.0,"Past":48.0,"Press":686.0,"Succ":150.0,"Blocks":37.0,"Int":15.0},{"Player":"Luca Cigarini","Pos":"MF","Tkl":56.0,"TklW":42.0,"Past":33.0,"Press":256.0,"Succ":72.0,"Blocks":31.0,"Int":10.0},{"Player":"Daniel Ciofani","Pos":"FW","Tkl":9.0,"TklW":5.0,"Past":5.0,"Press":316.0,"Succ":59.0,"Blocks":5.0,"Int":5.0},{"Player":"Thiago Cionek","Pos":"DF","Tkl":79.0,"TklW":50.0,"Past":27.0,"Press":427.0,"Succ":105.0,"Blocks":60.0,"Int":46.0},{"Player":"Omar Colley","Pos":"DF","Tkl":24.0,"TklW":16.0,"Past":4.0,"Press":93.0,"Succ":28.0,"Blocks":29.0,"Int":13.0},{"Player":"Andrea Consigli","Pos":"GK","Tkl":0.0,"TklW":0.0,"Past":3.0,"Press":1.0,"Succ":1.0,"Blocks":1.0,"Int":0.0},{"Player":"Andrea Consigli","Pos":"DF","Tkl":8.0,"TklW":5.0,"Past":10.0,"Press":103.0,"Succ":27.0,"Blocks":11.0,"Int":8.0},{"Player":"Joaquín Correa","Pos":"FW","Tkl":23.0,"TklW":18.0,"Past":24.0,"Press":379.0,"Succ":94.0,"Blocks":17.0,"Int":5.0},{"Player":"Douglas Costa","Pos":"FW","Tkl":8.0,"TklW":7.0,"Past":6.0,"Press":163.0,"Succ":38.0,"Blocks":6.0,"Int":7.0},{"Player":"Alessio Cragno","Pos":"GK","Tkl":0.0,"TklW":0.0,"Past":1.0,"Press":3.0,"Succ":0.0,"Blocks":1.0,"Int":0.0},{"Player":"Domenico Criscito","Pos":"DF","Tkl":118.0,"TklW":68.0,"Past":43.0,"Press":378.0,"Succ":130.0,"Blocks":59.0,"Int":44.0},{"Player":"Bryan Cristante","Pos":"MF","Tkl":69.0,"TklW":42.0,"Past":51.0,"Press":841.0,"Succ":195.0,"Blocks":56.0,"Int":20.0},{"Player":"Juan Cuadrado","Pos":"MF","Tkl":23.0,"TklW":13.0,"Past":23.0,"Press":170.0,"Succ":40.0,"Blocks":18.0,"Int":11.0},{"Player":"Patrick Cutrone","Pos":"FW","Tkl":13.0,"TklW":10.0,"Past":26.0,"Press":377.0,"Succ":94.0,"Blocks":11.0,"Int":8.0},{"Player":"Marco D&#039;Alessandro","Pos":"DF","Tkl":52.0,"TklW":21.0,"Past":24.0,"Press":336.0,"Succ":67.0,"Blocks":51.0,"Int":11.0},{"Player":"Danilo","Pos":"DF","Tkl":60.0,"TklW":40.0,"Past":37.0,"Press":330.0,"Succ":82.0,"Blocks":42.0,"Int":23.0},{"Player":"Bryan Dabo","Pos":"MF","Tkl":12.0,"TklW":7.0,"Past":3.0,"Press":160.0,"Succ":44.0,"Blocks":20.0,"Int":4.0},{"Player":"Felipe","Pos":"DF","Tkl":37.0,"TklW":17.0,"Past":23.0,"Press":226.0,"Succ":60.0,"Blocks":39.0,"Int":18.0},{"Player":"Sebastien De Maio","Pos":"DF","Tkl":4.0,"TklW":2.0,"Past":2.0,"Press":52.0,"Succ":21.0,"Blocks":11.0,"Int":3.0},{"Player":"Sebastien De Maio","Pos":"DF","Tkl":20.0,"TklW":11.0,"Past":10.0,"Press":140.0,"Succ":37.0,"Blocks":31.0,"Int":5.0},{"Player":"Rodrigo de Paul","Pos":"MF","Tkl":55.0,"TklW":31.0,"Past":47.0,"Press":741.0,"Succ":161.0,"Blocks":53.0,"Int":36.0},{"Player":"Daniele De Rossi","Pos":"MF","Tkl":15.0,"TklW":9.0,"Past":21.0,"Press":129.0,"Succ":33.0,"Blocks":20.0,"Int":20.0},{"Player":"Mattia De Sciglio","Pos":"DF","Tkl":43.0,"TklW":32.0,"Past":16.0,"Press":223.0,"Succ":72.0,"Blocks":34.0,"Int":22.0},{"Player":"Lorenzo De Silvestri","Pos":"DF","Tkl":22.0,"TklW":16.0,"Past":29.0,"Press":412.0,"Succ":109.0,"Blocks":62.0,"Int":20.0},{"Player":"Gregoire Defrel","Pos":"FW","Tkl":36.0,"TklW":26.0,"Past":19.0,"Press":705.0,"Succ":165.0,"Blocks":20.0,"Int":1.0},{"Player":"Alessandro Deiola","Pos":"MF","Tkl":8.0,"TklW":6.0,"Past":9.0,"Press":165.0,"Succ":42.0,"Blocks":20.0,"Int":7.0},{"Player":"Alessandro Deiola","Pos":"MF","Tkl":3.0,"TklW":0.0,"Past":12.0,"Press":184.0,"Succ":35.0,"Blocks":15.0,"Int":6.0},{"Player":"Cristian Dell&#039;Orco","Pos":"DF","Tkl":18.0,"TklW":13.0,"Past":7.0,"Press":148.0,"Succ":42.0,"Blocks":20.0,"Int":13.0},{"Player":"Cristian Dell&#039;Orco","Pos":"DF","Tkl":2.0,"TklW":1.0,"Past":3.0,"Press":27.0,"Succ":6.0,"Blocks":1.0,"Int":1.0},{"Player":"Fabio Depaoli","Pos":"DF","Tkl":75.0,"TklW":41.0,"Past":45.0,"Press":557.0,"Succ":135.0,"Blocks":74.0,"Int":29.0},{"Player":"Daniel Bessa","Pos":"MF","Tkl":5.0,"TklW":4.0,"Past":5.0,"Press":64.0,"Succ":18.0,"Blocks":6.0,"Int":2.0},{"Player":"Mattia Destro","Pos":"FW","Tkl":4.0,"TklW":3.0,"Past":0.0,"Press":83.0,"Succ":19.0,"Blocks":5.0,"Int":2.0},{"Player":"Federico Di Francesco","Pos":"FW","Tkl":13.0,"TklW":7.0,"Past":12.0,"Press":207.0,"Succ":54.0,"Blocks":18.0,"Int":2.0},{"Player":"Giovanni Di Lorenzo","Pos":"DF","Tkl":78.0,"TklW":51.0,"Past":29.0,"Press":681.0,"Succ":152.0,"Blocks":79.0,"Int":28.0},{"Player":"Mitchell Dijks","Pos":"DF","Tkl":41.0,"TklW":25.0,"Past":28.0,"Press":308.0,"Succ":97.0,"Blocks":33.0,"Int":21.0},{"Player":"Koffi Djidji","Pos":"DF","Tkl":42.0,"TklW":27.0,"Past":14.0,"Press":215.0,"Succ":76.0,"Blocks":54.0,"Int":19.0},{"Player":"Berat Gjimshiti","Pos":"DF","Tkl":42.0,"TklW":22.0,"Past":13.0,"Press":253.0,"Succ":88.0,"Blocks":30.0,"Int":26.0},{"Player":"Gianluigi Donnarumma","Pos":"GK","Tkl":0.0,"TklW":0.0,"Past":1.0,"Press":4.0,"Succ":0.0,"Blocks":0.0,"Int":0.0},{"Player":"Bartlomiej Dragowski","Pos":"GK","Tkl":0.0,"TklW":0.0,"Past":0.0,"Press":0.0,"Succ":0.0,"Blocks":0.0,"Int":0.0},{"Player":"Bartlomiej Dragowski","Pos":"GK","Tkl":0.0,"TklW":0.0,"Past":1.0,"Press":0.0,"Succ":0.0,"Blocks":0.0,"Int":0.0},{"Player":"Alfred Duncan","Pos":"MF","Tkl":31.0,"TklW":19.0,"Past":29.0,"Press":358.0,"Succ":81.0,"Blocks":20.0,"Int":14.0},{"Player":"Paulo Dybala","Pos":"FW","Tkl":16.0,"TklW":12.0,"Past":20.0,"Press":433.0,"Succ":89.0,"Blocks":30.0,"Int":15.0},{"Player":"Edin Dzeko","Pos":"FW","Tkl":14.0,"TklW":9.0,"Past":16.0,"Press":346.0,"Succ":75.0,"Blocks":15.0,"Int":3.0},{"Player":"Blerim Dzemaili","Pos":"MF","Tkl":41.0,"TklW":25.0,"Past":45.0,"Press":399.0,"Succ":89.0,"Blocks":25.0,"Int":19.0},{"Player":"Albin Ekdal","Pos":"MF","Tkl":56.0,"TklW":35.0,"Past":44.0,"Press":429.0,"Succ":127.0,"Blocks":47.0,"Int":26.0},{"Player":"Diego Falcinelli","Pos":"FW","Tkl":8.0,"TklW":6.0,"Past":4.0,"Press":170.0,"Succ":31.0,"Blocks":8.0,"Int":0.0},{"Player":"Iago Falque","Pos":"FW","Tkl":11.0,"TklW":7.0,"Past":20.0,"Press":284.0,"Succ":74.0,"Blocks":22.0,"Int":6.0},{"Player":"Paolo Faragò","Pos":"MF","Tkl":53.0,"TklW":32.0,"Past":35.0,"Press":465.0,"Succ":130.0,"Blocks":38.0,"Int":10.0},{"Player":"Mohamed Fares","Pos":"DF","Tkl":66.0,"TklW":41.0,"Past":38.0,"Press":511.0,"Succ":127.0,"Blocks":86.0,"Int":28.0},{"Player":"Diego Farias","Pos":"FW","Tkl":8.0,"TklW":6.0,"Past":8.0,"Press":242.0,"Succ":42.0,"Blocks":9.0,"Int":2.0},{"Player":"Diego Farias","Pos":"FW","Tkl":12.0,"TklW":8.0,"Past":8.0,"Press":150.0,"Succ":36.0,"Blocks":9.0,"Int":4.0},{"Player":"Federico Fazio","Pos":"DF","Tkl":33.0,"TklW":22.0,"Past":16.0,"Press":238.0,"Succ":77.0,"Blocks":60.0,"Int":35.0},{"Player":"Felipe","Pos":"DF","Tkl":26.0,"TklW":16.0,"Past":13.0,"Press":156.0,"Succ":45.0,"Blocks":42.0,"Int":21.0},{"Player":"Edimilson Fernandes","Pos":"MF","Tkl":43.0,"TklW":29.0,"Past":25.0,"Press":395.0,"Succ":111.0,"Blocks":40.0,"Int":30.0},{"Player":"Sergio Floccari","Pos":"FW","Tkl":9.0,"TklW":5.0,"Past":8.0,"Press":234.0,"Succ":54.0,"Blocks":13.0,"Int":4.0},{"Player":"Alessandro Florenzi","Pos":"DF","Tkl":36.0,"TklW":19.0,"Past":30.0,"Press":320.0,"Succ":71.0,"Blocks":38.0,"Int":35.0},{"Player":"Seko Fofana","Pos":"MF","Tkl":30.0,"TklW":18.0,"Past":34.0,"Press":406.0,"Succ":104.0,"Blocks":34.0,"Int":35.0},{"Player":"Remo Freuler","Pos":"MF","Tkl":100.0,"TklW":70.0,"Past":68.0,"Press":809.0,"Succ":250.0,"Blocks":81.0,"Int":28.0},{"Player":"Manolo Gabbiadini","Pos":"FW","Tkl":3.0,"TklW":1.0,"Past":10.0,"Press":244.0,"Succ":59.0,"Blocks":8.0,"Int":4.0},{"Player":"Roberto Gagliardini","Pos":"MF","Tkl":29.0,"TklW":23.0,"Past":23.0,"Press":290.0,"Succ":79.0,"Blocks":24.0,"Int":16.0},{"Player":"Riccardo Gagliolo","Pos":"DF","Tkl":64.0,"TklW":38.0,"Past":50.0,"Press":426.0,"Succ":123.0,"Blocks":79.0,"Int":52.0},{"Player":"Marcello Gazzola","Pos":"DF","Tkl":14.0,"TklW":7.0,"Past":4.0,"Press":124.0,"Succ":29.0,"Blocks":20.0,"Int":4.0},{"Player":"Gerson","Pos":"MF","Tkl":50.0,"TklW":36.0,"Past":32.0,"Press":522.0,"Succ":134.0,"Blocks":47.0,"Int":21.0},{"Player":"Gervinho","Pos":"FW","Tkl":16.0,"TklW":10.0,"Past":12.0,"Press":440.0,"Succ":74.0,"Blocks":11.0,"Int":14.0},{"Player":"Faouzi Ghoulam","Pos":"DF","Tkl":14.0,"TklW":6.0,"Past":2.0,"Press":62.0,"Succ":16.0,"Blocks":14.0,"Int":6.0},{"Player":"Emanuele Giaccherini","Pos":"MF","Tkl":13.0,"TklW":10.0,"Past":40.0,"Press":524.0,"Succ":114.0,"Blocks":26.0,"Int":16.0},{"Player":"Massimo Gobbi","Pos":"DF","Tkl":17.0,"TklW":10.0,"Past":24.0,"Press":197.0,"Succ":49.0,"Blocks":23.0,"Int":7.0},{"Player":"Edoardo Goldaniga","Pos":"DF","Tkl":53.0,"TklW":39.0,"Past":18.0,"Press":324.0,"Succ":98.0,"Blocks":40.0,"Int":40.0},{"Player":"Pierluigi Gollini","Pos":"GK","Tkl":0.0,"TklW":0.0,"Past":1.0,"Press":4.0,"Succ":3.0,"Blocks":1.0,"Int":0.0},{"Player":"Alfred Gomis","Pos":"GK","Tkl":0.0,"TklW":0.0,"Past":1.0,"Press":1.0,"Succ":1.0,"Blocks":0.0,"Int":0.0},{"Player":"Robin Gosens","Pos":"DF","Tkl":67.0,"TklW":39.0,"Past":28.0,"Press":298.0,"Succ":106.0,"Blocks":59.0,"Int":38.0},{"Player":"Samir","Pos":"GK","Tkl":0.0,"TklW":0.0,"Past":1.0,"Press":1.0,"Succ":1.0,"Blocks":0.0,"Int":0.0},{"Player":"Hans Hateboer","Pos":"DF","Tkl":55.0,"TklW":32.0,"Past":26.0,"Press":433.0,"Succ":125.0,"Blocks":42.0,"Int":21.0},{"Player":"Filip Helander","Pos":"DF","Tkl":43.0,"TklW":26.0,"Past":11.0,"Press":254.0,"Succ":83.0,"Blocks":42.0,"Int":9.0},{"Player":"Perparim Hetemaj","Pos":"MF","Tkl":55.0,"TklW":34.0,"Past":64.0,"Press":708.0,"Succ":160.0,"Blocks":39.0,"Int":21.0},{"Player":"Gonzalo Higuaín","Pos":"FW","Tkl":9.0,"TklW":7.0,"Past":12.0,"Press":211.0,"Succ":43.0,"Blocks":8.0,"Int":1.0},{"Player":"Oscar Hiljemark","Pos":"MF","Tkl":18.0,"TklW":15.0,"Past":16.0,"Press":227.0,"Succ":54.0,"Blocks":14.0,"Int":9.0},{"Player":"Vitor Hugo","Pos":"DF","Tkl":63.0,"TklW":39.0,"Past":16.0,"Press":265.0,"Succ":76.0,"Blocks":44.0,"Int":44.0},{"Player":"Elseid Hysaj","Pos":"DF","Tkl":48.0,"TklW":34.0,"Past":32.0,"Press":309.0,"Succ":97.0,"Blocks":34.0,"Int":12.0},{"Player":"Simone Iacoponi","Pos":"DF","Tkl":64.0,"TklW":34.0,"Past":31.0,"Press":558.0,"Succ":124.0,"Blocks":96.0,"Int":21.0},{"Player":"Rogerio","Pos":"FW","Tkl":0.0,"TklW":0.0,"Past":0.0,"Press":0.0,"Succ":0.0,"Blocks":0.0,"Int":0.0},{"Player":"Mauro Icardi","Pos":"FW","Tkl":10.0,"TklW":6.0,"Past":4.0,"Press":368.0,"Succ":118.0,"Blocks":7.0,"Int":3.0},{"Player":"Josip Ilicic","Pos":"FW","Tkl":17.0,"TklW":11.0,"Past":23.0,"Press":282.0,"Succ":67.0,"Blocks":22.0,"Int":6.0},{"Player":"Ciro Immobile","Pos":"FW","Tkl":10.0,"TklW":8.0,"Past":12.0,"Press":436.0,"Succ":115.0,"Blocks":22.0,"Int":4.0},{"Player":"Roberto Inglese","Pos":"FW","Tkl":17.0,"TklW":13.0,"Past":19.0,"Press":423.0,"Succ":90.0,"Blocks":31.0,"Int":4.0},{"Player":"Lorenzo Insigne","Pos":"FW","Tkl":10.0,"TklW":5.0,"Past":18.0,"Press":359.0,"Succ":72.0,"Blocks":5.0,"Int":9.0},{"Player":"Artur Ionita","Pos":"MF","Tkl":64.0,"TklW":50.0,"Past":54.0,"Press":717.0,"Succ":185.0,"Blocks":59.0,"Int":23.0},{"Player":"Armando Izzo","Pos":"DF","Tkl":94.0,"TklW":63.0,"Past":23.0,"Press":403.0,"Succ":125.0,"Blocks":75.0,"Int":71.0},{"Player":"Sandro","Pos":"GK","Tkl":0.0,"TklW":0.0,"Past":1.0,"Press":0.0,"Succ":0.0,"Blocks":0.0,"Int":0.0},{"Player":"Jakub Jankto","Pos":"MF","Tkl":9.0,"TklW":5.0,"Past":15.0,"Press":245.0,"Succ":63.0,"Blocks":24.0,"Int":6.0},{"Player":"Pawel Jaroszynski","Pos":"DF","Tkl":39.0,"TklW":27.0,"Past":19.0,"Press":267.0,"Succ":76.0,"Blocks":31.0,"Int":18.0},{"Player":"Juan Jesus","Pos":"DF","Tkl":37.0,"TklW":24.0,"Past":13.0,"Press":177.0,"Succ":62.0,"Blocks":38.0,"Int":14.0},{"Player":"Hamed Junior Traore","Pos":"MF","Tkl":73.0,"TklW":43.0,"Past":48.0,"Press":647.0,"Succ":158.0,"Blocks":39.0,"Int":30.0},{"Player":"Franck Kessié","Pos":"MF","Tkl":63.0,"TklW":50.0,"Past":32.0,"Press":635.0,"Succ":175.0,"Blocks":44.0,"Int":27.0},{"Player":"Samir","Pos":"MF","Tkl":13.0,"TklW":8.0,"Past":5.0,"Press":138.0,"Succ":42.0,"Blocks":8.0,"Int":5.0},{"Player":"Sofian Kiyine","Pos":"MF","Tkl":28.0,"TklW":22.0,"Past":18.0,"Press":287.0,"Succ":53.0,"Blocks":16.0,"Int":9.0},{"Player":"Ragnar Klavan","Pos":"DF","Tkl":12.0,"TklW":8.0,"Past":10.0,"Press":94.0,"Succ":33.0,"Blocks":22.0,"Int":3.0},{"Player":"Justin Kluivert","Pos":"FW","Tkl":28.0,"TklW":19.0,"Past":16.0,"Press":296.0,"Succ":76.0,"Blocks":24.0,"Int":4.0},{"Player":"Aleksandar Kolarov","Pos":"DF","Tkl":45.0,"TklW":27.0,"Past":24.0,"Press":256.0,"Succ":67.0,"Blocks":45.0,"Int":34.0},{"Player":"Christian Kouamé","Pos":"FW","Tkl":39.0,"TklW":25.0,"Past":18.0,"Press":562.0,"Succ":136.0,"Blocks":37.0,"Int":25.0},{"Player":"Kalidou Koulibaly","Pos":"DF","Tkl":61.0,"TklW":39.0,"Past":23.0,"Press":296.0,"Succ":103.0,"Blocks":80.0,"Int":20.0},{"Player":"Ladislav Krejci","Pos":"MF","Tkl":13.0,"TklW":6.0,"Past":12.0,"Press":209.0,"Succ":59.0,"Blocks":28.0,"Int":5.0},{"Player":"Rade Krunic","Pos":"MF","Tkl":46.0,"TklW":28.0,"Past":49.0,"Press":499.0,"Succ":98.0,"Blocks":44.0,"Int":15.0},{"Player":"Juraj Kucka","Pos":"MF","Tkl":56.0,"TklW":41.0,"Past":38.0,"Press":477.0,"Succ":111.0,"Blocks":35.0,"Int":20.0},{"Player":"Jasmin Kurtic","Pos":"MF","Tkl":37.0,"TklW":16.0,"Past":43.0,"Press":568.0,"Succ":134.0,"Blocks":33.0,"Int":22.0},{"Player":"Antonio La Gumina","Pos":"FW","Tkl":10.0,"TklW":8.0,"Past":4.0,"Press":233.0,"Succ":49.0,"Blocks":13.0,"Int":7.0},{"Player":"Alban Lafont","Pos":"GK","Tkl":0.0,"TklW":0.0,"Past":0.0,"Press":1.0,"Succ":0.0,"Blocks":0.0,"Int":0.0},{"Player":"Danilo","Pos":"DF","Tkl":39.0,"TklW":17.0,"Past":12.0,"Press":251.0,"Succ":79.0,"Blocks":61.0,"Int":20.0},{"Player":"Kevin Lasagna","Pos":"FW","Tkl":11.0,"TklW":7.0,"Past":22.0,"Press":558.0,"Succ":117.0,"Blocks":28.0,"Int":12.0},{"Player":"Vincent Laurini","Pos":"DF","Tkl":26.0,"TklW":19.0,"Past":5.0,"Press":199.0,"Succ":56.0,"Blocks":19.0,"Int":10.0},{"Player":"Diego Laxalt","Pos":"DF","Tkl":24.0,"TklW":19.0,"Past":13.0,"Press":177.0,"Succ":50.0,"Blocks":21.0,"Int":3.0},{"Player":"Darko Lazovic","Pos":"MF","Tkl":31.0,"TklW":15.0,"Past":23.0,"Press":351.0,"Succ":93.0,"Blocks":33.0,"Int":10.0},{"Player":"Manuel Lazzari","Pos":"MF","Tkl":35.0,"TklW":21.0,"Past":30.0,"Press":294.0,"Succ":86.0,"Blocks":46.0,"Int":15.0},{"Player":"Lucas Leiva","Pos":"MF","Tkl":84.0,"TklW":59.0,"Past":62.0,"Press":413.0,"Succ":137.0,"Blocks":35.0,"Int":43.0},{"Player":"Mehdi Leris","Pos":"MF","Tkl":56.0,"TklW":37.0,"Past":32.0,"Press":552.0,"Succ":128.0,"Blocks":46.0,"Int":33.0},{"Player":"Karol Linetty","Pos":"MF","Tkl":77.0,"TklW":49.0,"Past":67.0,"Press":628.0,"Succ":162.0,"Blocks":51.0,"Int":15.0},{"Player":"Pol Lirola","Pos":"DF","Tkl":35.0,"TklW":24.0,"Past":23.0,"Press":283.0,"Succ":77.0,"Blocks":44.0,"Int":23.0},{"Player":"Manuel Locatelli","Pos":"MF","Tkl":43.0,"TklW":32.0,"Past":21.0,"Press":313.0,"Succ":78.0,"Blocks":23.0,"Int":19.0},{"Player":"José Luis Palomino","Pos":"DF","Tkl":59.0,"TklW":39.0,"Past":24.0,"Press":324.0,"Succ":129.0,"Blocks":47.0,"Int":38.0},{"Player":"Senad Lulic","Pos":"DF","Tkl":72.0,"TklW":49.0,"Past":60.0,"Press":502.0,"Succ":154.0,"Blocks":57.0,"Int":46.0},{"Player":"Lyanco","Pos":"DF","Tkl":32.0,"TklW":15.0,"Past":7.0,"Press":121.0,"Succ":38.0,"Blocks":39.0,"Int":20.0},{"Player":"Lyanco","Pos":"DF","Tkl":1.0,"TklW":1.0,"Past":0.0,"Press":18.0,"Succ":7.0,"Blocks":1.0,"Int":2.0},{"Player":"Francesco Magnanelli","Pos":"MF","Tkl":50.0,"TklW":35.0,"Past":30.0,"Press":378.0,"Succ":103.0,"Blocks":29.0,"Int":20.0},{"Player":"Giangiacomo Magnani","Pos":"DF","Tkl":19.0,"TklW":13.0,"Past":6.0,"Press":76.0,"Succ":23.0,"Blocks":22.0,"Int":14.0},{"Player":"Raffaele Maiello","Pos":"MF","Tkl":50.0,"TklW":31.0,"Past":20.0,"Press":364.0,"Succ":110.0,"Blocks":45.0,"Int":25.0},{"Player":"Domenico Maietta","Pos":"DF","Tkl":33.0,"TklW":20.0,"Past":23.0,"Press":187.0,"Succ":69.0,"Blocks":25.0,"Int":12.0},{"Player":"Nikola Maksimovic","Pos":"DF","Tkl":26.0,"TklW":18.0,"Past":12.0,"Press":115.0,"Succ":39.0,"Blocks":22.0,"Int":11.0},{"Player":"Kevin Malcuit","Pos":"DF","Tkl":58.0,"TklW":36.0,"Past":21.0,"Press":281.0,"Succ":79.0,"Blocks":41.0,"Int":34.0},{"Player":"Gianluca Mancini","Pos":"DF","Tkl":53.0,"TklW":40.0,"Past":18.0,"Press":356.0,"Succ":121.0,"Blocks":34.0,"Int":46.0},{"Player":"Rolando Mandragora","Pos":"MF","Tkl":62.0,"TklW":36.0,"Past":56.0,"Press":685.0,"Succ":145.0,"Blocks":54.0,"Int":42.0},{"Player":"Mario Mandzukic","Pos":"FW","Tkl":37.0,"TklW":22.0,"Past":20.0,"Press":497.0,"Succ":140.0,"Blocks":27.0,"Int":12.0},{"Player":"Kostas Manolas","Pos":"DF","Tkl":37.0,"TklW":26.0,"Past":17.0,"Press":197.0,"Succ":69.0,"Blocks":43.0,"Int":30.0},{"Player":"Gianmarco Ferrari","Pos":"DF","Tkl":38.0,"TklW":24.0,"Past":10.0,"Press":187.0,"Succ":58.0,"Blocks":52.0,"Int":23.0},{"Player":"João Mário","Pos":"MF","Tkl":24.0,"TklW":18.0,"Past":19.0,"Press":374.0,"Succ":113.0,"Blocks":18.0,"Int":7.0},{"Player":"Marlon Santos","Pos":"DF","Tkl":32.0,"TklW":19.0,"Past":12.0,"Press":147.0,"Succ":38.0,"Blocks":31.0,"Int":12.0},{"Player":"Lautaro Martínez","Pos":"FW","Tkl":4.0,"TklW":1.0,"Past":12.0,"Press":289.0,"Succ":69.0,"Blocks":19.0,"Int":4.0},{"Player":"Adam Marusic","Pos":"DF","Tkl":37.0,"TklW":24.0,"Past":15.0,"Press":361.0,"Succ":103.0,"Blocks":42.0,"Int":17.0},{"Player":"Andrea Masiello","Pos":"DF","Tkl":30.0,"TklW":17.0,"Past":17.0,"Press":187.0,"Succ":56.0,"Blocks":33.0,"Int":37.0},{"Player":"Alessandro Matri","Pos":"FW","Tkl":2.0,"TklW":1.0,"Past":2.0,"Press":84.0,"Succ":17.0,"Blocks":3.0,"Int":4.0},{"Player":"Federico Mattiello","Pos":"MF","Tkl":31.0,"TklW":19.0,"Past":18.0,"Press":192.0,"Succ":45.0,"Blocks":20.0,"Int":19.0},{"Player":"Blaise Matuidi","Pos":"MF","Tkl":54.0,"TklW":39.0,"Past":32.0,"Press":597.0,"Succ":164.0,"Blocks":45.0,"Int":30.0},{"Player":"Ibrahima Mbaye","Pos":"DF","Tkl":43.0,"TklW":22.0,"Past":16.0,"Press":388.0,"Succ":106.0,"Blocks":54.0,"Int":13.0},{"Player":"Riccardo Meggiorini","Pos":"FW","Tkl":24.0,"TklW":15.0,"Past":18.0,"Press":404.0,"Succ":77.0,"Blocks":23.0,"Int":9.0},{"Player":"Soualiho Meité","Pos":"MF","Tkl":61.0,"TklW":48.0,"Past":34.0,"Press":559.0,"Succ":166.0,"Blocks":59.0,"Int":22.0},{"Player":"Dries Mertens","Pos":"FW","Tkl":25.0,"TklW":20.0,"Past":24.0,"Press":586.0,"Succ":134.0,"Blocks":9.0,"Int":10.0},{"Player":"Nikola Milenkovic","Pos":"DF","Tkl":61.0,"TklW":36.0,"Past":29.0,"Press":346.0,"Succ":97.0,"Blocks":67.0,"Int":35.0},{"Player":"Arkadiusz Milik","Pos":"FW","Tkl":16.0,"TklW":10.0,"Past":19.0,"Press":520.0,"Succ":111.0,"Blocks":11.0,"Int":6.0},{"Player":"Sergej Milinkovic-Savic","Pos":"MF","Tkl":51.0,"TklW":34.0,"Past":41.0,"Press":425.0,"Succ":108.0,"Blocks":44.0,"Int":23.0},{"Player":"Kevin Mirallas","Pos":"FW","Tkl":17.0,"TklW":11.0,"Past":16.0,"Press":253.0,"Succ":73.0,"Blocks":26.0,"Int":3.0},{"Player":"Simone Missiroli","Pos":"MF","Tkl":53.0,"TklW":38.0,"Past":39.0,"Press":525.0,"Succ":129.0,"Blocks":68.0,"Int":40.0},{"Player":"Emiliano Moretti","Pos":"DF","Tkl":24.0,"TklW":20.0,"Past":12.0,"Press":193.0,"Succ":73.0,"Blocks":30.0,"Int":19.0},{"Player":"Alessandro Murgia","Pos":"MF","Tkl":29.0,"TklW":18.0,"Past":24.0,"Press":267.0,"Succ":51.0,"Blocks":22.0,"Int":13.0},{"Player":"Alessandro Murgia","Pos":"MF","Tkl":1.0,"TklW":1.0,"Past":0.0,"Press":5.0,"Succ":0.0,"Blocks":0.0,"Int":0.0},{"Player":"Luis Muriel","Pos":"FW","Tkl":16.0,"TklW":10.0,"Past":18.0,"Press":267.0,"Succ":60.0,"Blocks":13.0,"Int":6.0},{"Player":"Nicola Murru","Pos":"DF","Tkl":102.0,"TklW":61.0,"Past":18.0,"Press":390.0,"Succ":121.0,"Blocks":89.0,"Int":33.0},{"Player":"Mateo Musacchio","Pos":"DF","Tkl":36.0,"TklW":18.0,"Past":17.0,"Press":264.0,"Succ":77.0,"Blocks":40.0,"Int":16.0},{"Player":"Juan Musso","Pos":"GK","Tkl":0.0,"TklW":0.0,"Past":2.0,"Press":0.0,"Succ":0.0,"Blocks":0.0,"Int":0.0},{"Player":"Radja Nainggolan","Pos":"MF","Tkl":37.0,"TklW":29.0,"Past":16.0,"Press":415.0,"Succ":109.0,"Blocks":19.0,"Int":7.0},{"Player":"Bram Nuytinck","Pos":"DF","Tkl":57.0,"TklW":40.0,"Past":20.0,"Press":242.0,"Succ":77.0,"Blocks":58.0,"Int":17.0},{"Player":"Stefano Okaka","Pos":"FW","Tkl":18.0,"TklW":9.0,"Past":8.0,"Press":210.0,"Succ":43.0,"Blocks":7.0,"Int":1.0},{"Player":"Robin Olsen","Pos":"GK","Tkl":0.0,"TklW":0.0,"Past":1.0,"Press":2.0,"Succ":0.0,"Blocks":1.0,"Int":0.0},{"Player":"Riccardo Orsolini","Pos":"FW","Tkl":34.0,"TklW":22.0,"Past":35.0,"Press":445.0,"Succ":99.0,"Blocks":32.0,"Int":14.0},{"Player":"David Ospina","Pos":"GK","Tkl":0.0,"TklW":0.0,"Past":1.0,"Press":5.0,"Succ":1.0,"Blocks":0.0,"Int":0.0},{"Player":"Adam Ounas","Pos":"FW","Tkl":6.0,"TklW":5.0,"Past":5.0,"Press":161.0,"Succ":35.0,"Blocks":7.0,"Int":9.0},{"Player":"Simone Padoin","Pos":"DF","Tkl":38.0,"TklW":19.0,"Past":23.0,"Press":259.0,"Succ":69.0,"Blocks":33.0,"Int":15.0},{"Player":"Marko Pjaca","Pos":"DF","Tkl":10.0,"TklW":6.0,"Past":7.0,"Press":131.0,"Succ":29.0,"Blocks":5.0,"Int":3.0},{"Player":"Marko Pjaca","Pos":"DF","Tkl":1.0,"TklW":0.0,"Past":0.0,"Press":10.0,"Succ":3.0,"Blocks":2.0,"Int":1.0},{"Player":"Rodrigo Palacio","Pos":"FW","Tkl":21.0,"TklW":13.0,"Past":21.0,"Press":574.0,"Succ":108.0,"Blocks":38.0,"Int":5.0},{"Player":"Alberto Paloschi","Pos":"FW","Tkl":13.0,"TklW":6.0,"Past":3.0,"Press":217.0,"Succ":49.0,"Blocks":7.0,"Int":2.0},{"Player":"Goran Pandev","Pos":"FW","Tkl":18.0,"TklW":10.0,"Past":10.0,"Press":195.0,"Succ":48.0,"Blocks":7.0,"Int":2.0},{"Player":"Vittorio Parigini","Pos":"MF","Tkl":13.0,"TklW":10.0,"Past":5.0,"Press":91.0,"Succ":31.0,"Blocks":5.0,"Int":3.0},{"Player":"Marco Parolo","Pos":"MF","Tkl":69.0,"TklW":42.0,"Past":59.0,"Press":638.0,"Succ":144.0,"Blocks":62.0,"Int":19.0},{"Player":"Mario Pasalic","Pos":"MF","Tkl":38.0,"TklW":27.0,"Past":25.0,"Press":389.0,"Succ":98.0,"Blocks":28.0,"Int":11.0},{"Player":"Manuel Pasqual","Pos":"DF","Tkl":26.0,"TklW":15.0,"Past":25.0,"Press":247.0,"Succ":58.0,"Blocks":20.0,"Int":9.0},{"Player":"Patric","Pos":"DF","Tkl":16.0,"TklW":8.0,"Past":12.0,"Press":180.0,"Succ":55.0,"Blocks":26.0,"Int":12.0},{"Player":"Leonardo Pavoletti","Pos":"FW","Tkl":30.0,"TklW":19.0,"Past":11.0,"Press":591.0,"Succ":141.0,"Blocks":17.0,"Int":14.0},{"Player":"João Pedro","Pos":"FW","Tkl":19.0,"TklW":13.0,"Past":15.0,"Press":356.0,"Succ":77.0,"Blocks":30.0,"Int":5.0},{"Player":"Lorenzo Pellegrini","Pos":"MF","Tkl":37.0,"TklW":28.0,"Past":30.0,"Press":511.0,"Succ":125.0,"Blocks":25.0,"Int":14.0},{"Player":"Luca Pellegrini","Pos":"DF","Tkl":21.0,"TklW":16.0,"Past":12.0,"Press":185.0,"Succ":54.0,"Blocks":20.0,"Int":15.0},{"Player":"Luca Pellegrini","Pos":"DF","Tkl":2.0,"TklW":2.0,"Past":1.0,"Press":22.0,"Succ":4.0,"Blocks":3.0,"Int":1.0},{"Player":"Sergio Pellissier","Pos":"FW","Tkl":4.0,"TklW":2.0,"Past":5.0,"Press":155.0,"Succ":37.0,"Blocks":8.0,"Int":1.0},{"Player":"Federico Peluso","Pos":"DF","Tkl":24.0,"TklW":14.0,"Past":4.0,"Press":119.0,"Succ":40.0,"Blocks":17.0,"Int":18.0},{"Player":"Pedro Pereira","Pos":"DF","Tkl":29.0,"TklW":20.0,"Past":10.0,"Press":258.0,"Succ":64.0,"Blocks":25.0,"Int":11.0},{"Player":"Ivan Perisic","Pos":"FW","Tkl":33.0,"TklW":19.0,"Past":45.0,"Press":611.0,"Succ":153.0,"Blocks":53.0,"Int":20.0},{"Player":"Andrea Petagna","Pos":"FW","Tkl":17.0,"TklW":10.0,"Past":9.0,"Press":318.0,"Succ":69.0,"Blocks":28.0,"Int":5.0},{"Player":"Germán Pezzella","Pos":"DF","Tkl":64.0,"TklW":49.0,"Past":28.0,"Press":246.0,"Succ":78.0,"Blocks":56.0,"Int":36.0},{"Player":"Krzysztof Piatek","Pos":"FW","Tkl":11.0,"TklW":5.0,"Past":10.0,"Press":387.0,"Succ":66.0,"Blocks":9.0,"Int":3.0},{"Player":"Krzysztof Piatek","Pos":"FW","Tkl":10.0,"TklW":6.0,"Past":15.0,"Press":326.0,"Succ":76.0,"Blocks":15.0,"Int":3.0},{"Player":"Andrea Pinamonti","Pos":"FW","Tkl":15.0,"TklW":8.0,"Past":19.0,"Press":487.0,"Succ":100.0,"Blocks":13.0,"Int":4.0},{"Player":"Fabio Pisacane","Pos":"DF","Tkl":44.0,"TklW":25.0,"Past":24.0,"Press":196.0,"Succ":56.0,"Blocks":37.0,"Int":17.0},{"Player":"Marko Pjaca","Pos":"FW","Tkl":8.0,"TklW":8.0,"Past":6.0,"Press":90.0,"Succ":25.0,"Blocks":8.0,"Int":4.0},{"Player":"Miralem Pjanic","Pos":"MF","Tkl":40.0,"TklW":18.0,"Past":50.0,"Press":486.0,"Succ":114.0,"Blocks":37.0,"Int":33.0},{"Player":"Andrea Poli","Pos":"MF","Tkl":67.0,"TklW":49.0,"Past":50.0,"Press":662.0,"Succ":181.0,"Blocks":42.0,"Int":32.0},{"Player":"Matteo Politano","Pos":"FW","Tkl":18.0,"TklW":9.0,"Past":27.0,"Press":486.0,"Succ":109.0,"Blocks":23.0,"Int":16.0},{"Player":"Dennis Praet","Pos":"MF","Tkl":76.0,"TklW":55.0,"Past":35.0,"Press":584.0,"Succ":141.0,"Blocks":56.0,"Int":22.0},{"Player":"Ivan Provedel","Pos":"GK","Tkl":0.0,"TklW":0.0,"Past":1.0,"Press":1.0,"Succ":0.0,"Blocks":0.0,"Int":0.0},{"Player":"Erick Pulgar","Pos":"MF","Tkl":79.0,"TklW":53.0,"Past":50.0,"Press":532.0,"Succ":163.0,"Blocks":43.0,"Int":46.0},{"Player":"Ignacio Pussetto","Pos":"FW","Tkl":65.0,"TklW":51.0,"Past":32.0,"Press":554.0,"Succ":119.0,"Blocks":56.0,"Int":24.0},{"Player":"Fabio Quagliarella","Pos":"FW","Tkl":16.0,"TklW":12.0,"Past":19.0,"Press":726.0,"Succ":161.0,"Blocks":39.0,"Int":7.0},{"Player":"Ivan Radovanovic","Pos":"MF","Tkl":25.0,"TklW":18.0,"Past":15.0,"Press":201.0,"Succ":62.0,"Blocks":20.0,"Int":12.0},{"Player":"Ivan Radovanovic","Pos":"MF","Tkl":32.0,"TklW":21.0,"Past":23.0,"Press":266.0,"Succ":76.0,"Blocks":28.0,"Int":20.0},{"Player":"Ionut Radu","Pos":"GK","Tkl":0.0,"TklW":0.0,"Past":0.0,"Press":1.0,"Succ":1.0,"Blocks":0.0,"Int":0.0},{"Player":"Stefan Radu","Pos":"DF","Tkl":40.0,"TklW":24.0,"Past":20.0,"Press":170.0,"Succ":58.0,"Blocks":30.0,"Int":35.0},{"Player":"Gastón Ramírez","Pos":"MF","Tkl":29.0,"TklW":17.0,"Past":21.0,"Press":410.0,"Succ":87.0,"Blocks":35.0,"Int":12.0},{"Player":"Luca Rigoni","Pos":"MF","Tkl":44.0,"TklW":34.0,"Past":27.0,"Press":340.0,"Succ":75.0,"Blocks":32.0,"Int":19.0},{"Player":"Nicola Rigoni","Pos":"MF","Tkl":48.0,"TklW":34.0,"Past":44.0,"Press":428.0,"Succ":102.0,"Blocks":28.0,"Int":22.0},{"Player":"Tomás Rincón","Pos":"MF","Tkl":79.0,"TklW":60.0,"Past":49.0,"Press":653.0,"Succ":197.0,"Blocks":45.0,"Int":46.0},{"Player":"Ricardo Rodríguez","Pos":"DF","Tkl":55.0,"TklW":34.0,"Past":24.0,"Press":407.0,"Succ":110.0,"Blocks":65.0,"Int":20.0},{"Player":"Rogerio","Pos":"DF","Tkl":58.0,"TklW":34.0,"Past":27.0,"Press":454.0,"Succ":138.0,"Blocks":67.0,"Int":24.0},{"Player":"Esteban Rolón","Pos":"MF","Tkl":39.0,"TklW":21.0,"Past":27.0,"Press":344.0,"Succ":93.0,"Blocks":18.0,"Int":20.0},{"Player":"Filippo Romagna","Pos":"DF","Tkl":15.0,"TklW":8.0,"Past":6.0,"Press":148.0,"Succ":41.0,"Blocks":28.0,"Int":11.0},{"Player":"Alessio Romagnoli","Pos":"DF","Tkl":41.0,"TklW":26.0,"Past":6.0,"Press":199.0,"Succ":59.0,"Blocks":64.0,"Int":24.0},{"Player":"Cristian Romero","Pos":"DF","Tkl":71.0,"TklW":40.0,"Past":21.0,"Press":310.0,"Succ":102.0,"Blocks":60.0,"Int":28.0},{"Player":"Rômulo","Pos":"DF","Tkl":10.0,"TklW":6.0,"Past":6.0,"Press":121.0,"Succ":32.0,"Blocks":18.0,"Int":6.0},{"Player":"Rômulo","Pos":"MF","Tkl":22.0,"TklW":14.0,"Past":14.0,"Press":220.0,"Succ":45.0,"Blocks":26.0,"Int":11.0},{"Player":"Cristiano Ronaldo","Pos":"FW","Tkl":10.0,"TklW":8.0,"Past":8.0,"Press":281.0,"Succ":64.0,"Blocks":9.0,"Int":9.0},{"Player":"Marten de Roon","Pos":"MF","Tkl":94.0,"TklW":68.0,"Past":77.0,"Press":776.0,"Succ":221.0,"Blocks":58.0,"Int":36.0},{"Player":"Luca Rossettini","Pos":"DF","Tkl":21.0,"TklW":17.0,"Past":11.0,"Press":137.0,"Succ":40.0,"Blocks":23.0,"Int":18.0},{"Player":"Daniele Rugani","Pos":"DF","Tkl":9.0,"TklW":7.0,"Past":5.0,"Press":98.0,"Succ":29.0,"Blocks":19.0,"Int":9.0},{"Player":"Mário Rui","Pos":"DF","Tkl":23.0,"TklW":12.0,"Past":16.0,"Press":172.0,"Succ":39.0,"Blocks":25.0,"Int":18.0},{"Player":"Fabián","Pos":"MF","Tkl":52.0,"TklW":41.0,"Past":41.0,"Press":483.0,"Succ":138.0,"Blocks":32.0,"Int":15.0},{"Player":"Jacopo Sala","Pos":"DF","Tkl":38.0,"TklW":23.0,"Past":28.0,"Press":218.0,"Succ":59.0,"Blocks":30.0,"Int":12.0},{"Player":"Bartosz Salamon","Pos":"DF","Tkl":17.0,"TklW":11.0,"Past":11.0,"Press":138.0,"Succ":50.0,"Blocks":33.0,"Int":20.0},{"Player":"Antonio Sanabria","Pos":"FW","Tkl":6.0,"TklW":4.0,"Past":0.0,"Press":225.0,"Succ":50.0,"Blocks":11.0,"Int":3.0},{"Player":"Sandro","Pos":"MF","Tkl":29.0,"TklW":19.0,"Past":7.0,"Press":121.0,"Succ":26.0,"Blocks":16.0,"Int":9.0},{"Player":"Sandro","Pos":"MF","Tkl":30.0,"TklW":24.0,"Past":6.0,"Press":122.0,"Succ":37.0,"Blocks":21.0,"Int":11.0},{"Player":"Alex Sandro","Pos":"DF","Tkl":62.0,"TklW":41.0,"Past":29.0,"Press":364.0,"Succ":100.0,"Blocks":53.0,"Int":28.0},{"Player":"Nicola Sansone","Pos":"FW","Tkl":27.0,"TklW":19.0,"Past":20.0,"Press":294.0,"Succ":83.0,"Blocks":16.0,"Int":4.0},{"Player":"Federico Santander","Pos":"FW","Tkl":20.0,"TklW":11.0,"Past":21.0,"Press":512.0,"Succ":112.0,"Blocks":20.0,"Int":5.0},{"Player":"Davide Santon","Pos":"DF","Tkl":12.0,"TklW":7.0,"Past":14.0,"Press":132.0,"Succ":37.0,"Blocks":29.0,"Int":13.0},{"Player":"Samir","Pos":"DF","Tkl":47.0,"TklW":30.0,"Past":12.0,"Press":258.0,"Succ":75.0,"Blocks":38.0,"Int":26.0},{"Player":"Riccardo Saponara","Pos":"MF","Tkl":7.0,"TklW":5.0,"Past":9.0,"Press":188.0,"Succ":33.0,"Blocks":7.0,"Int":5.0},{"Player":"Marco Sau","Pos":"FW","Tkl":8.0,"TklW":7.0,"Past":6.0,"Press":92.0,"Succ":21.0,"Blocks":4.0,"Int":3.0},{"Player":"Marco Sau","Pos":"MF","Tkl":0.0,"TklW":0.0,"Past":0.0,"Press":21.0,"Succ":7.0,"Blocks":1.0,"Int":0.0},{"Player":"Pasquale Schiattarella","Pos":"MF","Tkl":44.0,"TklW":33.0,"Past":33.0,"Press":317.0,"Succ":88.0,"Blocks":21.0,"Int":18.0},{"Player":"Patrik Schick","Pos":"FW","Tkl":9.0,"TklW":5.0,"Past":21.0,"Press":308.0,"Succ":71.0,"Blocks":22.0,"Int":3.0},{"Player":"Matteo Scozzarella","Pos":"MF","Tkl":20.0,"TklW":8.0,"Past":35.0,"Press":249.0,"Succ":55.0,"Blocks":34.0,"Int":22.0},{"Player":"Stefano Sensi","Pos":"MF","Tkl":40.0,"TklW":34.0,"Past":26.0,"Press":371.0,"Succ":117.0,"Blocks":40.0,"Int":25.0},{"Player":"Luigi Sepe","Pos":"GK","Tkl":0.0,"TklW":0.0,"Past":1.0,"Press":1.0,"Succ":1.0,"Blocks":0.0,"Int":0.0},{"Player":"Stephan El Shaarawy","Pos":"FW","Tkl":23.0,"TklW":14.0,"Past":22.0,"Press":374.0,"Succ":92.0,"Blocks":21.0,"Int":20.0},{"Player":"Luca Siligardi","Pos":"FW","Tkl":26.0,"TklW":16.0,"Past":18.0,"Press":465.0,"Succ":98.0,"Blocks":19.0,"Int":18.0},{"Player":"Matías Silvestre","Pos":"DF","Tkl":27.0,"TklW":16.0,"Past":10.0,"Press":211.0,"Succ":72.0,"Blocks":41.0,"Int":13.0},{"Player":"Giovanni Simeone","Pos":"FW","Tkl":32.0,"TklW":24.0,"Past":30.0,"Press":482.0,"Succ":113.0,"Blocks":32.0,"Int":5.0},{"Player":"Salvatore Sirigu","Pos":"GK","Tkl":0.0,"TklW":0.0,"Past":2.0,"Press":2.0,"Succ":0.0,"Blocks":0.0,"Int":0.0},{"Player":"Lukasz Skorupski","Pos":"GK","Tkl":0.0,"TklW":0.0,"Past":0.0,"Press":4.0,"Succ":1.0,"Blocks":0.0,"Int":0.0},{"Player":"Milan Skriniar","Pos":"DF","Tkl":66.0,"TklW":44.0,"Past":28.0,"Press":233.0,"Succ":85.0,"Blocks":55.0,"Int":19.0},{"Player":"Danilo","Pos":"MF","Tkl":11.0,"TklW":9.0,"Past":8.0,"Press":71.0,"Succ":15.0,"Blocks":6.0,"Int":8.0},{"Player":"Roberto Soriano","Pos":"MF","Tkl":27.0,"TklW":18.0,"Past":16.0,"Press":380.0,"Succ":102.0,"Blocks":18.0,"Int":4.0},{"Player":"Roberto Soriano","Pos":"MF","Tkl":9.0,"TklW":8.0,"Past":7.0,"Press":91.0,"Succ":26.0,"Blocks":12.0,"Int":6.0},{"Player":"Stefano Sorrentino","Pos":"GK","Tkl":0.0,"TklW":0.0,"Past":1.0,"Press":1.0,"Succ":0.0,"Blocks":0.0,"Int":0.0},{"Player":"Marco Sportiello","Pos":"GK","Tkl":0.0,"TklW":0.0,"Past":0.0,"Press":1.0,"Succ":0.0,"Blocks":0.0,"Int":0.0},{"Player":"Mattia Sprocati","Pos":"FW","Tkl":8.0,"TklW":3.0,"Past":5.0,"Press":114.0,"Succ":24.0,"Blocks":12.0,"Int":6.0},{"Player":"Darijo Srna","Pos":"DF","Tkl":31.0,"TklW":16.0,"Past":10.0,"Press":183.0,"Succ":48.0,"Blocks":34.0,"Int":23.0},{"Player":"Mariusz Stepinski","Pos":"FW","Tkl":26.0,"TklW":17.0,"Past":17.0,"Press":630.0,"Succ":120.0,"Blocks":20.0,"Int":6.0},{"Player":"Thomas Strakosha","Pos":"GK","Tkl":0.0,"TklW":0.0,"Past":0.0,"Press":0.0,"Succ":0.0,"Blocks":0.0,"Int":0.0},{"Player":"Jens Stryger Larsen","Pos":"DF","Tkl":41.0,"TklW":23.0,"Past":31.0,"Press":373.0,"Succ":87.0,"Blocks":52.0,"Int":19.0},{"Player":"Leo Stulac","Pos":"MF","Tkl":21.0,"TklW":16.0,"Past":16.0,"Press":324.0,"Succ":75.0,"Blocks":36.0,"Int":16.0},{"Player":"Suso","Pos":"FW","Tkl":34.0,"TklW":24.0,"Past":47.0,"Press":495.0,"Succ":140.0,"Blocks":25.0,"Int":20.0},{"Player":"Mattias Svanberg","Pos":"MF","Tkl":24.0,"TklW":12.0,"Past":18.0,"Press":334.0,"Succ":72.0,"Blocks":31.0,"Int":11.0},{"Player":"Wojciech Szczesny","Pos":"GK","Tkl":1.0,"TklW":0.0,"Past":1.0,"Press":2.0,"Succ":0.0,"Blocks":0.0,"Int":0.0},{"Player":"Lukasz Teodorczyk","Pos":"FW","Tkl":5.0,"TklW":3.0,"Past":6.0,"Press":101.0,"Succ":15.0,"Blocks":7.0,"Int":2.0},{"Player":"Rafael Toloi","Pos":"DF","Tkl":34.0,"TklW":26.0,"Past":12.0,"Press":143.0,"Succ":42.0,"Blocks":24.0,"Int":31.0},{"Player":"Lorenzo Tonelli","Pos":"DF","Tkl":32.0,"TklW":17.0,"Past":12.0,"Press":147.0,"Succ":47.0,"Blocks":31.0,"Int":15.0},{"Player":"William Troost-Ekong","Pos":"DF","Tkl":29.0,"TklW":14.0,"Past":18.0,"Press":250.0,"Succ":75.0,"Blocks":78.0,"Int":28.0},{"Player":"Cengiz Ünder","Pos":"FW","Tkl":7.0,"TklW":5.0,"Past":16.0,"Press":230.0,"Succ":46.0,"Blocks":12.0,"Int":15.0},{"Player":"Mirko Valdifiori","Pos":"MF","Tkl":22.0,"TklW":17.0,"Past":9.0,"Press":131.0,"Succ":32.0,"Blocks":8.0,"Int":4.0},{"Player":"Borja Valero","Pos":"MF","Tkl":24.0,"TklW":16.0,"Past":25.0,"Press":314.0,"Succ":88.0,"Blocks":20.0,"Int":18.0},{"Player":"Mattia Valoti","Pos":"MF","Tkl":37.0,"TklW":25.0,"Past":16.0,"Press":310.0,"Succ":77.0,"Blocks":28.0,"Int":17.0},{"Player":"Luca Valzania","Pos":"MF","Tkl":24.0,"TklW":13.0,"Past":20.0,"Press":238.0,"Succ":50.0,"Blocks":14.0,"Int":18.0},{"Player":"Luca Valzania","Pos":"MF","Tkl":4.0,"TklW":3.0,"Past":2.0,"Press":13.0,"Succ":6.0,"Blocks":0.0,"Int":1.0},{"Player":"Matías Vecino","Pos":"MF","Tkl":56.0,"TklW":33.0,"Past":30.0,"Press":466.0,"Succ":121.0,"Blocks":35.0,"Int":20.0},{"Player":"Miguel Veloso","Pos":"MF","Tkl":32.0,"TklW":24.0,"Past":32.0,"Press":364.0,"Succ":82.0,"Blocks":22.0,"Int":14.0},{"Player":"Simone Verdi","Pos":"MF","Tkl":18.0,"TklW":10.0,"Past":10.0,"Press":171.0,"Succ":45.0,"Blocks":9.0,"Int":5.0},{"Player":"Jordan Veretout","Pos":"MF","Tkl":69.0,"TklW":41.0,"Past":45.0,"Press":646.0,"Succ":173.0,"Blocks":44.0,"Int":44.0},{"Player":"Frederic Veseli","Pos":"DF","Tkl":41.0,"TklW":23.0,"Past":10.0,"Press":311.0,"Succ":86.0,"Blocks":46.0,"Int":22.0},{"Player":"Francesco Vicari","Pos":"DF","Tkl":33.0,"TklW":26.0,"Past":12.0,"Press":179.0,"Succ":65.0,"Blocks":41.0,"Int":22.0},{"Player":"Emiliano Viviano","Pos":"GK","Tkl":0.0,"TklW":0.0,"Past":0.0,"Press":0.0,"Succ":0.0,"Blocks":0.0,"Int":0.0},{"Player":"Felipe","Pos":"FW","Tkl":0.0,"TklW":0.0,"Past":0.0,"Press":16.0,"Succ":1.0,"Blocks":0.0,"Int":0.0},{"Player":"Stefan de Vrij","Pos":"DF","Tkl":30.0,"TklW":18.0,"Past":12.0,"Press":168.0,"Succ":52.0,"Blocks":40.0,"Int":16.0},{"Player":"Wallace","Pos":"DF","Tkl":16.0,"TklW":6.0,"Past":9.0,"Press":125.0,"Succ":42.0,"Blocks":30.0,"Int":29.0},{"Player":"Miha Zajc","Pos":"FW","Tkl":3.0,"TklW":1.0,"Past":15.0,"Press":221.0,"Succ":45.0,"Blocks":13.0,"Int":6.0},{"Player":"Francesco Zampano","Pos":"DF","Tkl":41.0,"TklW":30.0,"Past":27.0,"Press":396.0,"Succ":98.0,"Blocks":32.0,"Int":18.0},{"Player":"Nicolo Zaniolo","Pos":"MF","Tkl":35.0,"TklW":26.0,"Past":42.0,"Press":547.0,"Succ":130.0,"Blocks":25.0,"Int":16.0},{"Player":"Duván Zapata","Pos":"FW","Tkl":13.0,"TklW":10.0,"Past":9.0,"Press":425.0,"Succ":127.0,"Blocks":29.0,"Int":9.0},{"Player":"Simone Zaza","Pos":"FW","Tkl":15.0,"TklW":9.0,"Past":12.0,"Press":237.0,"Succ":64.0,"Blocks":14.0,"Int":3.0},{"Player":"Piotr Zielinski","Pos":"MF","Tkl":55.0,"TklW":34.0,"Past":27.0,"Press":561.0,"Succ":147.0,"Blocks":40.0,"Int":19.0},{"Player":"Ervin Zukanovic","Pos":"DF","Tkl":34.0,"TklW":22.0,"Past":15.0,"Press":170.0,"Succ":51.0,"Blocks":30.0,"Int":25.0},{"Player":"Filip Đuričić","Pos":"FW,MF","Tkl":"17","TklW":"12","Past":"14","Press":"298","Succ":"73","Blocks":"23","Int":"9"}]