[{"Player":"David Abraham","Pos":"DF","Tkl":30.0,"TklW":22.0,"Past":18.0,"Press":200.0,"Succ":75.0,"Blocks":32.0,"Int":16.0},{"Player":"Sargis Adamyan","Pos":"FW","Tkl":10.0,"TklW":4.0,"Past":20.0,"Press":209.0,"Succ":45.0,"Blocks":5.0,"Int":3.0},{"Player":"Manuel Akanji","Pos":"DF","Tkl":44.0,"TklW":23.0,"Past":13.0,"Press":223.0,"Succ":86.0,"Blocks":35.0,"Int":18.0},{"Player":"Kevin Akpoguma","Pos":"DF","Tkl":27.0,"TklW":11.0,"Past":17.0,"Press":169.0,"Succ":56.0,"Blocks":31.0,"Int":11.0},{"Player":"David Alaba","Pos":"DF","Tkl":27.0,"TklW":17.0,"Past":14.0,"Press":208.0,"Succ":80.0,"Blocks":40.0,"Int":11.0},{"Player":"Lucas Alario","Pos":"FW","Tkl":7.0,"TklW":2.0,"Past":7.0,"Press":185.0,"Succ":51.0,"Blocks":9.0,"Int":2.0},{"Player":"Thiago Alcántara","Pos":"MF","Tkl":54.0,"TklW":38.0,"Past":26.0,"Press":292.0,"Succ":101.0,"Blocks":21.0,"Int":23.0},{"Player":"Nadiem Amiri","Pos":"MF","Tkl":18.0,"TklW":13.0,"Past":22.0,"Press":287.0,"Succ":99.0,"Blocks":28.0,"Int":14.0},{"Player":"Sebastian Andersson","Pos":"FW","Tkl":18.0,"TklW":11.0,"Past":17.0,"Press":579.0,"Succ":143.0,"Blocks":31.0,"Int":6.0},{"Player":"Robert Andrich","Pos":"MF","Tkl":78.0,"TklW":46.0,"Past":42.0,"Press":639.0,"Succ":158.0,"Blocks":39.0,"Int":37.0},{"Player":"Christopher Antwi-Adjei","Pos":"MF","Tkl":31.0,"TklW":20.0,"Past":29.0,"Press":484.0,"Succ":122.0,"Blocks":46.0,"Int":11.0},{"Player":"Charles Aránguiz","Pos":"MF","Tkl":55.0,"TklW":31.0,"Past":47.0,"Press":531.0,"Succ":197.0,"Blocks":38.0,"Int":23.0},{"Player":"Maximilian Arnold","Pos":"MF","Tkl":57.0,"TklW":35.0,"Past":61.0,"Press":578.0,"Succ":185.0,"Blocks":37.0,"Int":23.0},{"Player":"Kaan Ayhan","Pos":"DF","Tkl":51.0,"TklW":33.0,"Past":20.0,"Press":266.0,"Succ":100.0,"Blocks":34.0,"Int":37.0},{"Player":"Daniel Baier","Pos":"MF","Tkl":35.0,"TklW":23.0,"Past":37.0,"Press":318.0,"Succ":73.0,"Blocks":33.0,"Int":32.0},{"Player":"Leon Bailey","Pos":"FW","Tkl":9.0,"TklW":4.0,"Past":9.0,"Press":171.0,"Succ":46.0,"Blocks":10.0,"Int":6.0},{"Player":"Philipp Bargfrede","Pos":"MF","Tkl":19.0,"TklW":11.0,"Past":13.0,"Press":139.0,"Succ":38.0,"Blocks":7.0,"Int":10.0},{"Player":"Leandro Barreiro Martins","Pos":"MF","Tkl":39.0,"TklW":25.0,"Past":12.0,"Press":243.0,"Succ":69.0,"Blocks":25.0,"Int":8.0},{"Player":"Oliver Baumann","Pos":"GK","Tkl":0.0,"TklW":0.0,"Past":0.0,"Press":3.0,"Succ":0.0,"Blocks":1.0,"Int":0.0},{"Player":"Julian Baumgartlinger","Pos":"MF","Tkl":43.0,"TklW":29.0,"Past":36.0,"Press":434.0,"Succ":152.0,"Blocks":49.0,"Int":13.0},{"Player":"Christoph Baumgartner","Pos":"MF","Tkl":35.0,"TklW":21.0,"Past":33.0,"Press":411.0,"Succ":115.0,"Blocks":31.0,"Int":10.0},{"Player":"Ihlas Bebou","Pos":"FW","Tkl":26.0,"TklW":18.0,"Past":19.0,"Press":366.0,"Succ":94.0,"Blocks":28.0,"Int":9.0},{"Player":"Karim Bellarabi","Pos":"FW","Tkl":19.0,"TklW":11.0,"Past":26.0,"Press":297.0,"Succ":99.0,"Blocks":18.0,"Int":8.0},{"Player":"Lars Bender","Pos":"DF","Tkl":48.0,"TklW":32.0,"Past":21.0,"Press":297.0,"Succ":106.0,"Blocks":43.0,"Int":18.0},{"Player":"Sven Bender","Pos":"DF","Tkl":71.0,"TklW":44.0,"Past":28.0,"Press":336.0,"Succ":137.0,"Blocks":60.0,"Int":49.0},{"Player":"László Bénes","Pos":"MF","Tkl":11.0,"TklW":9.0,"Past":11.0,"Press":189.0,"Succ":57.0,"Blocks":16.0,"Int":13.0},{"Player":"Ramy Bensebaini","Pos":"DF","Tkl":34.0,"TklW":17.0,"Past":18.0,"Press":209.0,"Succ":56.0,"Blocks":51.0,"Int":30.0},{"Player":"Leonardo Bittencourt","Pos":"FW","Tkl":58.0,"TklW":34.0,"Past":41.0,"Press":602.0,"Succ":139.0,"Blocks":32.0,"Int":18.0},{"Player":"Leonardo Bittencourt","Pos":"FW","Tkl":0.0,"TklW":0.0,"Past":0.0,"Press":2.0,"Succ":0.0,"Blocks":0.0,"Int":0.0},{"Player":"Jérôme Boateng","Pos":"DF","Tkl":20.0,"TklW":13.0,"Past":15.0,"Press":132.0,"Succ":53.0,"Blocks":24.0,"Int":17.0},{"Player":"Adam Bodzek","Pos":"MF","Tkl":40.0,"TklW":28.0,"Past":50.0,"Press":401.0,"Succ":131.0,"Blocks":46.0,"Int":21.0},{"Player":"Jean-Paul Boëtius","Pos":"MF","Tkl":66.0,"TklW":45.0,"Past":45.0,"Press":754.0,"Succ":191.0,"Blocks":51.0,"Int":24.0},{"Player":"Sebastiaan Bornauw","Pos":"DF","Tkl":48.0,"TklW":32.0,"Past":22.0,"Press":319.0,"Succ":111.0,"Blocks":44.0,"Int":25.0},{"Player":"Dedryck Boyata","Pos":"DF","Tkl":34.0,"TklW":20.0,"Past":10.0,"Press":212.0,"Succ":69.0,"Blocks":44.0,"Int":47.0},{"Player":"Julian Brandt","Pos":"MF","Tkl":50.0,"TklW":35.0,"Past":40.0,"Press":501.0,"Succ":157.0,"Blocks":43.0,"Int":12.0},{"Player":"Josip Brekalo","Pos":"MF","Tkl":18.0,"TklW":15.0,"Past":23.0,"Press":337.0,"Succ":91.0,"Blocks":32.0,"Int":11.0},{"Player":"John Brooks","Pos":"DF","Tkl":41.0,"TklW":19.0,"Past":35.0,"Press":217.0,"Succ":72.0,"Blocks":43.0,"Int":21.0},{"Player":"Daniel Brosinski","Pos":"DF","Tkl":34.0,"TklW":14.0,"Past":22.0,"Press":239.0,"Succ":71.0,"Blocks":41.0,"Int":8.0},{"Player":"Jeffrey Bruma","Pos":"DF","Tkl":15.0,"TklW":7.0,"Past":6.0,"Press":74.0,"Succ":21.0,"Blocks":18.0,"Int":2.0},{"Player":"Jeffrey Bruma","Pos":"DF","Tkl":7.0,"TklW":3.0,"Past":10.0,"Press":93.0,"Succ":28.0,"Blocks":13.0,"Int":8.0},{"Player":"Jacob Bruun Larsen","Pos":"FW","Tkl":6.0,"TklW":4.0,"Past":7.0,"Press":69.0,"Succ":19.0,"Blocks":5.0,"Int":0.0},{"Player":"Jacob Bruun Larsen","Pos":"FW","Tkl":0.0,"TklW":0.0,"Past":0.0,"Press":25.0,"Succ":5.0,"Blocks":0.0,"Int":0.0},{"Player":"Marius Bülter","Pos":"MF","Tkl":40.0,"TklW":20.0,"Past":34.0,"Press":504.0,"Succ":134.0,"Blocks":57.0,"Int":14.0},{"Player":"Guido Burgstaller","Pos":"FW","Tkl":10.0,"TklW":6.0,"Past":14.0,"Press":320.0,"Succ":78.0,"Blocks":16.0,"Int":5.0},{"Player":"Roman Bürki","Pos":"GK","Tkl":0.0,"TklW":0.0,"Past":1.0,"Press":5.0,"Succ":2.0,"Blocks":1.0,"Int":0.0},{"Player":"Daniel Caligiuri","Pos":"MF","Tkl":59.0,"TklW":31.0,"Past":64.0,"Press":689.0,"Succ":222.0,"Blocks":84.0,"Int":21.0},{"Player":"Koen Casteels","Pos":"GK","Tkl":0.0,"TklW":0.0,"Past":0.0,"Press":3.0,"Succ":1.0,"Blocks":0.0,"Int":0.0},{"Player":"Timothy Chandler","Pos":"DF","Tkl":20.0,"TklW":10.0,"Past":8.0,"Press":195.0,"Succ":51.0,"Blocks":22.0,"Int":6.0},{"Player":"Kwon Chang-Hoon","Pos":"MF","Tkl":9.0,"TklW":6.0,"Past":13.0,"Press":142.0,"Succ":37.0,"Blocks":8.0,"Int":7.0},{"Player":"Jamilu Collins","Pos":"DF","Tkl":78.0,"TklW":41.0,"Past":30.0,"Press":434.0,"Succ":144.0,"Blocks":100.0,"Int":40.0},{"Player":"Kingsley Coman","Pos":"FW","Tkl":23.0,"TklW":15.0,"Past":15.0,"Press":287.0,"Succ":92.0,"Blocks":17.0,"Int":2.0},{"Player":"Jhon Córdoba","Pos":"FW","Tkl":14.0,"TklW":11.0,"Past":8.0,"Press":446.0,"Succ":113.0,"Blocks":18.0,"Int":7.0},{"Player":"Sergio Córdova","Pos":"FW","Tkl":4.0,"TklW":3.0,"Past":10.0,"Press":157.0,"Succ":24.0,"Blocks":3.0,"Int":1.0},{"Player":"Danny da Costa","Pos":"DF","Tkl":32.0,"TklW":21.0,"Past":12.0,"Press":230.0,"Succ":68.0,"Blocks":27.0,"Int":11.0},{"Player":"Philippe Coutinho","Pos":"MF","Tkl":28.0,"TklW":25.0,"Past":12.0,"Press":235.0,"Succ":92.0,"Blocks":14.0,"Int":6.0},{"Player":"Matheus Cunha","Pos":"FW","Tkl":7.0,"TklW":4.0,"Past":3.0,"Press":109.0,"Succ":23.0,"Blocks":5.0,"Int":3.0},{"Player":"Matheus Cunha","Pos":"FW","Tkl":12.0,"TklW":9.0,"Past":7.0,"Press":177.0,"Succ":45.0,"Blocks":17.0,"Int":6.0},{"Player":"Rafael Czichos","Pos":"DF","Tkl":49.0,"TklW":37.0,"Past":26.0,"Press":250.0,"Succ":94.0,"Blocks":52.0,"Int":14.0},{"Player":"Vladimir Darida","Pos":"MF","Tkl":56.0,"TklW":39.0,"Past":40.0,"Press":630.0,"Succ":173.0,"Blocks":49.0,"Int":24.0},{"Player":"Alphonso Davies","Pos":"DF","Tkl":78.0,"TklW":49.0,"Past":23.0,"Press":429.0,"Succ":184.0,"Blocks":56.0,"Int":24.0},{"Player":"Kerem Demirbay","Pos":"MF","Tkl":33.0,"TklW":22.0,"Past":20.0,"Press":324.0,"Succ":117.0,"Blocks":27.0,"Int":19.0},{"Player":"Diego Demme","Pos":"MF","Tkl":45.0,"TklW":28.0,"Past":27.0,"Press":304.0,"Succ":97.0,"Blocks":29.0,"Int":12.0},{"Player":"Moussa Diaby","Pos":"FW","Tkl":9.0,"TklW":4.0,"Past":11.0,"Press":238.0,"Succ":70.0,"Blocks":15.0,"Int":8.0},{"Player":"Javairo Dilrosun","Pos":"MF","Tkl":15.0,"TklW":6.0,"Past":15.0,"Press":205.0,"Succ":48.0,"Blocks":45.0,"Int":19.0},{"Player":"Bas Dost","Pos":"FW","Tkl":8.0,"TklW":4.0,"Past":6.0,"Press":204.0,"Succ":60.0,"Blocks":10.0,"Int":4.0},{"Player":"Mohamed Dräger","Pos":"DF","Tkl":37.0,"TklW":26.0,"Past":29.0,"Press":304.0,"Succ":100.0,"Blocks":39.0,"Int":15.0},{"Player":"Aleksandar Dragovic","Pos":"DF","Tkl":22.0,"TklW":15.0,"Past":11.0,"Press":108.0,"Succ":39.0,"Blocks":24.0,"Int":7.0},{"Player":"Dominick Drexler","Pos":"MF","Tkl":31.0,"TklW":19.0,"Past":20.0,"Press":384.0,"Succ":113.0,"Blocks":26.0,"Int":22.0},{"Player":"Maximilian Eggestein","Pos":"MF","Tkl":51.0,"TklW":32.0,"Past":30.0,"Press":560.0,"Succ":151.0,"Blocks":58.0,"Int":25.0},{"Player":"Kingsley Ehizibue","Pos":"DF","Tkl":93.0,"TklW":51.0,"Past":21.0,"Press":443.0,"Succ":126.0,"Blocks":50.0,"Int":28.0},{"Player":"Nico Elvedi","Pos":"DF","Tkl":56.0,"TklW":37.0,"Past":18.0,"Press":272.0,"Succ":115.0,"Blocks":49.0,"Int":30.0},{"Player":"Breel Embolo","Pos":"FW","Tkl":23.0,"TklW":15.0,"Past":11.0,"Press":395.0,"Succ":95.0,"Blocks":15.0,"Int":5.0},{"Player":"Felix Uduokhai","Pos":"DF","Tkl":50.0,"TklW":24.0,"Past":10.0,"Press":176.0,"Succ":56.0,"Blocks":54.0,"Int":22.0},{"Player":"Edimilson Fernandes","Pos":"MF","Tkl":39.0,"TklW":26.0,"Past":19.0,"Press":264.0,"Succ":75.0,"Blocks":34.0,"Int":31.0},{"Player":"Alfred Finnbogason","Pos":"FW","Tkl":10.0,"TklW":5.0,"Past":4.0,"Press":261.0,"Succ":72.0,"Blocks":12.0,"Int":4.0},{"Player":"Emil Forsberg","Pos":"MF","Tkl":19.0,"TklW":12.0,"Past":19.0,"Press":262.0,"Succ":79.0,"Blocks":19.0,"Int":6.0},{"Player":"Raphael Framberger","Pos":"DF","Tkl":46.0,"TklW":24.0,"Past":15.0,"Press":192.0,"Succ":57.0,"Blocks":35.0,"Int":11.0},{"Player":"Mike Frantz","Pos":"MF","Tkl":5.0,"TklW":4.0,"Past":6.0,"Press":79.0,"Succ":19.0,"Blocks":6.0,"Int":1.0},{"Player":"Marco Friedl","Pos":"DF","Tkl":69.0,"TklW":44.0,"Past":32.0,"Press":370.0,"Succ":107.0,"Blocks":56.0,"Int":31.0},{"Player":"Marvin Friedrich","Pos":"DF","Tkl":52.0,"TklW":35.0,"Past":28.0,"Press":409.0,"Succ":154.0,"Blocks":63.0,"Int":36.0},{"Player":"Mijat Gacinovic","Pos":"MF","Tkl":23.0,"TklW":17.0,"Past":25.0,"Press":282.0,"Succ":80.0,"Blocks":26.0,"Int":12.0},{"Player":"Theodor Gebre Selassie","Pos":"DF","Tkl":44.0,"TklW":30.0,"Past":23.0,"Press":340.0,"Succ":113.0,"Blocks":50.0,"Int":33.0},{"Player":"Dennis Geiger","Pos":"MF","Tkl":15.0,"TklW":10.0,"Past":13.0,"Press":215.0,"Succ":60.0,"Blocks":12.0,"Int":7.0},{"Player":"Christian Gentner","Pos":"MF","Tkl":59.0,"TklW":36.0,"Past":56.0,"Press":612.0,"Succ":166.0,"Blocks":62.0,"Int":26.0},{"Player":"Yannick Gerhardt","Pos":"MF","Tkl":32.0,"TklW":20.0,"Past":17.0,"Press":235.0,"Succ":82.0,"Blocks":16.0,"Int":7.0},{"Player":"Niko Gießelmann","Pos":"DF","Tkl":50.0,"TklW":23.0,"Past":29.0,"Press":322.0,"Succ":83.0,"Blocks":42.0,"Int":17.0},{"Player":"Rafal Gikiewicz","Pos":"GK","Tkl":0.0,"TklW":0.0,"Past":3.0,"Press":2.0,"Succ":1.0,"Blocks":0.0,"Int":0.0},{"Player":"Daniel Ginczek","Pos":"FW","Tkl":5.0,"TklW":3.0,"Past":11.0,"Press":121.0,"Succ":42.0,"Blocks":6.0,"Int":1.0},{"Player":"Matthias Ginter","Pos":"DF","Tkl":37.0,"TklW":20.0,"Past":20.0,"Press":198.0,"Succ":72.0,"Blocks":47.0,"Int":23.0},{"Player":"Klaus Gjasula","Pos":"MF","Tkl":75.0,"TklW":47.0,"Past":49.0,"Press":523.0,"Succ":166.0,"Blocks":47.0,"Int":27.0},{"Player":"Serge Gnabry","Pos":"FW","Tkl":38.0,"TklW":25.0,"Past":24.0,"Press":434.0,"Succ":137.0,"Blocks":28.0,"Int":17.0},{"Player":"Leon Goretzka","Pos":"MF","Tkl":29.0,"TklW":21.0,"Past":33.0,"Press":280.0,"Succ":86.0,"Blocks":21.0,"Int":19.0},{"Player":"Mario Götze","Pos":"FW","Tkl":14.0,"TklW":8.0,"Past":4.0,"Press":209.0,"Succ":48.0,"Blocks":7.0,"Int":2.0},{"Player":"Jeffrey Gouweleeuw","Pos":"DF","Tkl":34.0,"TklW":25.0,"Past":17.0,"Press":153.0,"Succ":61.0,"Blocks":34.0,"Int":20.0},{"Player":"Michael Gregoritsch","Pos":"FW","Tkl":7.0,"TklW":4.0,"Past":7.0,"Press":163.0,"Succ":44.0,"Blocks":15.0,"Int":2.0},{"Player":"Michael Gregoritsch","Pos":"MF","Tkl":4.0,"TklW":3.0,"Past":7.0,"Press":65.0,"Succ":14.0,"Blocks":5.0,"Int":4.0},{"Player":"Vincenzo Grifo","Pos":"MF","Tkl":18.0,"TklW":9.0,"Past":20.0,"Press":232.0,"Succ":62.0,"Blocks":23.0,"Int":12.0},{"Player":"Vincenzo Grifo","Pos":"MF","Tkl":0.0,"TklW":0.0,"Past":0.0,"Press":2.0,"Succ":0.0,"Blocks":0.0,"Int":0.0},{"Player":"Florian Grillitsch","Pos":"MF","Tkl":68.0,"TklW":45.0,"Past":35.0,"Press":407.0,"Succ":131.0,"Blocks":53.0,"Int":36.0},{"Player":"Marko Grujic","Pos":"MF","Tkl":67.0,"TklW":34.0,"Past":45.0,"Press":572.0,"Succ":153.0,"Blocks":50.0,"Int":20.0},{"Player":"Raphael Guerreiro","Pos":"DF","Tkl":43.0,"TklW":29.0,"Past":16.0,"Press":278.0,"Succ":120.0,"Blocks":45.0,"Int":30.0},{"Player":"Josuha Guilavogui","Pos":"MF","Tkl":48.0,"TklW":28.0,"Past":28.0,"Press":353.0,"Succ":116.0,"Blocks":41.0,"Int":40.0},{"Player":"Péter Gulácsi","Pos":"GK","Tkl":0.0,"TklW":0.0,"Past":0.0,"Press":1.0,"Succ":1.0,"Blocks":0.0,"Int":0.0},{"Player":"Manuel Gulde","Pos":"DF","Tkl":30.0,"TklW":20.0,"Past":11.0,"Press":130.0,"Succ":45.0,"Blocks":41.0,"Int":12.0},{"Player":"Christian Günter","Pos":"DF","Tkl":36.0,"TklW":23.0,"Past":33.0,"Press":318.0,"Succ":89.0,"Blocks":50.0,"Int":10.0},{"Player":"Erling Haaland","Pos":"FW","Tkl":5.0,"TklW":5.0,"Past":4.0,"Press":140.0,"Succ":40.0,"Blocks":12.0,"Int":5.0},{"Player":"Janik Haberer","Pos":"MF","Tkl":35.0,"TklW":23.0,"Past":38.0,"Press":372.0,"Succ":111.0,"Blocks":32.0,"Int":17.0},{"Player":"André Hahn","Pos":"FW","Tkl":15.0,"TklW":5.0,"Past":20.0,"Press":252.0,"Succ":64.0,"Blocks":26.0,"Int":7.0},{"Player":"Amadou Haidara","Pos":"MF","Tkl":32.0,"TklW":21.0,"Past":19.0,"Press":168.0,"Succ":52.0,"Blocks":18.0,"Int":5.0},{"Player":"Achraf Hakimi","Pos":"DF","Tkl":57.0,"TklW":37.0,"Past":45.0,"Press":464.0,"Succ":159.0,"Blocks":54.0,"Int":24.0},{"Player":"Marcel Halstenberg","Pos":"DF","Tkl":50.0,"TklW":20.0,"Past":35.0,"Press":321.0,"Succ":112.0,"Blocks":56.0,"Int":28.0},{"Player":"Amine Harit","Pos":"MF","Tkl":16.0,"TklW":11.0,"Past":20.0,"Press":371.0,"Succ":110.0,"Blocks":17.0,"Int":13.0},{"Player":"Makoto Hasebe","Pos":"DF","Tkl":35.0,"TklW":20.0,"Past":25.0,"Press":224.0,"Succ":96.0,"Blocks":56.0,"Int":20.0},{"Player":"Kai Havertz","Pos":"MF","Tkl":26.0,"TklW":20.0,"Past":33.0,"Press":335.0,"Succ":103.0,"Blocks":27.0,"Int":2.0},{"Player":"Thorgan Hazard","Pos":"FW","Tkl":42.0,"TklW":36.0,"Past":33.0,"Press":587.0,"Succ":155.0,"Blocks":37.0,"Int":14.0},{"Player":"Jonas Hector","Pos":"MF","Tkl":74.0,"TklW":45.0,"Past":52.0,"Press":625.0,"Succ":206.0,"Blocks":60.0,"Int":29.0},{"Player":"Dominique Heintz","Pos":"DF","Tkl":54.0,"TklW":31.0,"Past":24.0,"Press":260.0,"Succ":74.0,"Blocks":53.0,"Int":21.0},{"Player":"Rouwen Hennings","Pos":"FW","Tkl":10.0,"TklW":4.0,"Past":10.0,"Press":499.0,"Succ":127.0,"Blocks":17.0,"Int":5.0},{"Player":"Lucas Hernández","Pos":"DF","Tkl":20.0,"TklW":9.0,"Past":8.0,"Press":125.0,"Succ":45.0,"Blocks":20.0,"Int":10.0},{"Player":"Patrick Herrmann","Pos":"FW","Tkl":29.0,"TklW":20.0,"Past":13.0,"Press":283.0,"Succ":82.0,"Blocks":20.0,"Int":7.0},{"Player":"Martin Hinteregger","Pos":"DF","Tkl":67.0,"TklW":47.0,"Past":29.0,"Press":329.0,"Succ":117.0,"Blocks":60.0,"Int":21.0},{"Player":"Andre Hoffmann","Pos":"DF","Tkl":40.0,"TklW":22.0,"Past":29.0,"Press":225.0,"Succ":85.0,"Blocks":29.0,"Int":39.0},{"Player":"Nicolas Höfler","Pos":"MF","Tkl":72.0,"TklW":45.0,"Past":49.0,"Press":567.0,"Succ":142.0,"Blocks":70.0,"Int":59.0},{"Player":"Jonas Hofmann","Pos":"MF","Tkl":0.0,"TklW":0.0,"Past":1.0,"Press":5.0,"Succ":0.0,"Blocks":1.0,"Int":0.0},{"Player":"Jonas Hofmann","Pos":"MF","Tkl":40.0,"TklW":27.0,"Past":52.0,"Press":484.0,"Succ":121.0,"Blocks":36.0,"Int":13.0},{"Player":"Marco Höger","Pos":"MF","Tkl":10.0,"TklW":7.0,"Past":12.0,"Press":167.0,"Succ":48.0,"Blocks":18.0,"Int":4.0},{"Player":"Lucas Höler","Pos":"FW","Tkl":37.0,"TklW":18.0,"Past":43.0,"Press":644.0,"Succ":153.0,"Blocks":39.0,"Int":12.0},{"Player":"Gerrit Holtmann","Pos":"MF","Tkl":18.0,"TklW":12.0,"Past":25.0,"Press":240.0,"Succ":70.0,"Blocks":34.0,"Int":5.0},{"Player":"Timo Horn","Pos":"GK","Tkl":0.0,"TklW":0.0,"Past":5.0,"Press":8.0,"Succ":1.0,"Blocks":0.0,"Int":0.0},{"Player":"Benjamin Hübner","Pos":"DF","Tkl":44.0,"TklW":21.0,"Past":21.0,"Press":217.0,"Succ":72.0,"Blocks":38.0,"Int":22.0},{"Player":"Mats Hummels","Pos":"DF","Tkl":68.0,"TklW":47.0,"Past":25.0,"Press":289.0,"Succ":125.0,"Blocks":56.0,"Int":35.0},{"Player":"Uwe Hünemeier","Pos":"DF","Tkl":24.0,"TklW":20.0,"Past":15.0,"Press":129.0,"Succ":53.0,"Blocks":34.0,"Int":15.0},{"Player":"Vedad Ibisevic","Pos":"FW","Tkl":3.0,"TklW":1.0,"Past":3.0,"Press":222.0,"Succ":62.0,"Blocks":4.0,"Int":1.0},{"Player":"Stefan Ilsanker","Pos":"DF","Tkl":3.0,"TklW":3.0,"Past":4.0,"Press":44.0,"Succ":20.0,"Blocks":9.0,"Int":3.0},{"Player":"Stefan Ilsanker","Pos":"DF","Tkl":26.0,"TklW":16.0,"Past":20.0,"Press":139.0,"Succ":53.0,"Blocks":11.0,"Int":11.0},{"Player":"Marcus Ingvartsen","Pos":"MF","Tkl":20.0,"TklW":11.0,"Past":23.0,"Press":485.0,"Succ":130.0,"Blocks":26.0,"Int":10.0},{"Player":"Ismail Jakobs","Pos":"FW","Tkl":53.0,"TklW":33.0,"Past":9.0,"Press":406.0,"Succ":109.0,"Blocks":34.0,"Int":13.0},{"Player":"Laurent Jans","Pos":"DF","Tkl":42.0,"TklW":24.0,"Past":41.0,"Press":272.0,"Succ":100.0,"Blocks":31.0,"Int":16.0},{"Player":"Tony Jantschke","Pos":"DF","Tkl":39.0,"TklW":16.0,"Past":13.0,"Press":129.0,"Succ":46.0,"Blocks":31.0,"Int":19.0},{"Player":"Rune Jarstein","Pos":"GK","Tkl":0.0,"TklW":0.0,"Past":3.0,"Press":2.0,"Succ":0.0,"Blocks":0.0,"Int":0.0},{"Player":"Tin Jedvaj","Pos":"DF","Tkl":47.0,"TklW":29.0,"Past":34.0,"Press":302.0,"Succ":86.0,"Blocks":67.0,"Int":25.0},{"Player":"Ozan Kabak","Pos":"DF","Tkl":56.0,"TklW":36.0,"Past":14.0,"Press":218.0,"Succ":80.0,"Blocks":46.0,"Int":27.0},{"Player":"Pavel Kaderábek","Pos":"DF","Tkl":31.0,"TklW":21.0,"Past":20.0,"Press":284.0,"Succ":86.0,"Blocks":62.0,"Int":20.0},{"Player":"Florian Kainz","Pos":"FW","Tkl":21.0,"TklW":10.0,"Past":18.0,"Press":291.0,"Succ":67.0,"Blocks":29.0,"Int":6.0},{"Player":"Daichi Kamada","Pos":"MF","Tkl":29.0,"TklW":21.0,"Past":30.0,"Press":457.0,"Succ":133.0,"Blocks":18.0,"Int":9.0},{"Player":"Kenan Karaman","Pos":"FW","Tkl":8.0,"TklW":4.0,"Past":5.0,"Press":215.0,"Succ":60.0,"Blocks":12.0,"Int":2.0},{"Player":"Florian Kastenmeier","Pos":"GK","Tkl":0.0,"TklW":0.0,"Past":0.0,"Press":7.0,"Succ":0.0,"Blocks":1.0,"Int":0.0},{"Player":"Noah Katterbach","Pos":"DF","Tkl":33.0,"TklW":20.0,"Past":21.0,"Press":206.0,"Succ":67.0,"Blocks":23.0,"Int":22.0},{"Player":"Jonjoe Kenny","Pos":"DF","Tkl":59.0,"TklW":39.0,"Past":32.0,"Press":406.0,"Succ":131.0,"Blocks":57.0,"Int":28.0},{"Player":"Rani Khedira","Pos":"MF","Tkl":61.0,"TklW":35.0,"Past":40.0,"Press":582.0,"Succ":140.0,"Blocks":53.0,"Int":36.0},{"Player":"Luca Kilian","Pos":"DF","Tkl":38.0,"TklW":25.0,"Past":21.0,"Press":170.0,"Succ":61.0,"Blocks":35.0,"Int":8.0},{"Player":"Joshua Kimmich","Pos":"MF","Tkl":63.0,"TklW":40.0,"Past":50.0,"Press":511.0,"Succ":174.0,"Blocks":58.0,"Int":21.0},{"Player":"Davy Klaassen","Pos":"MF","Tkl":67.0,"TklW":48.0,"Past":37.0,"Press":590.0,"Succ":161.0,"Blocks":69.0,"Int":27.0},{"Player":"Felix Klaus","Pos":"FW","Tkl":23.0,"TklW":13.0,"Past":13.0,"Press":226.0,"Succ":69.0,"Blocks":11.0,"Int":2.0},{"Player":"Lukas Klostermann","Pos":"DF","Tkl":48.0,"TklW":26.0,"Past":24.0,"Press":343.0,"Succ":130.0,"Blocks":66.0,"Int":21.0},{"Player":"Lukas Klünter","Pos":"DF","Tkl":48.0,"TklW":23.0,"Past":14.0,"Press":282.0,"Succ":89.0,"Blocks":39.0,"Int":17.0},{"Player":"Robin Knoche","Pos":"DF","Tkl":40.0,"TklW":25.0,"Past":20.0,"Press":190.0,"Succ":74.0,"Blocks":40.0,"Int":25.0},{"Player":"Robin Koch","Pos":"DF","Tkl":41.0,"TklW":24.0,"Past":17.0,"Press":270.0,"Succ":77.0,"Blocks":43.0,"Int":18.0},{"Player":"Dominik Kohr","Pos":"MF","Tkl":58.0,"TklW":39.0,"Past":34.0,"Press":357.0,"Succ":125.0,"Blocks":47.0,"Int":18.0},{"Player":"Filip Kostic","Pos":"DF","Tkl":71.0,"TklW":47.0,"Past":48.0,"Press":558.0,"Succ":156.0,"Blocks":63.0,"Int":15.0},{"Player":"Tomas Koubek","Pos":"GK","Tkl":0.0,"TklW":0.0,"Past":9.0,"Press":7.0,"Succ":1.0,"Blocks":1.0,"Int":1.0},{"Player":"Dawid Kownacki","Pos":"FW","Tkl":16.0,"TklW":13.0,"Past":11.0,"Press":226.0,"Succ":73.0,"Blocks":18.0,"Int":11.0},{"Player":"Andrej Kramaric","Pos":"FW","Tkl":3.0,"TklW":2.0,"Past":8.0,"Press":229.0,"Succ":65.0,"Blocks":18.0,"Int":2.0},{"Player":"Christoph Kramer","Pos":"MF","Tkl":43.0,"TklW":28.0,"Past":46.0,"Press":386.0,"Succ":128.0,"Blocks":28.0,"Int":11.0},{"Player":"Felix Kroos","Pos":"MF","Tkl":21.0,"TklW":12.0,"Past":8.0,"Press":106.0,"Succ":28.0,"Blocks":9.0,"Int":2.0},{"Player":"Pierre Kunde","Pos":"MF","Tkl":39.0,"TklW":28.0,"Past":32.0,"Press":339.0,"Succ":89.0,"Blocks":31.0,"Int":22.0},{"Player":"Ahmed Kutucu","Pos":"FW","Tkl":13.0,"TklW":9.0,"Past":8.0,"Press":139.0,"Succ":46.0,"Blocks":8.0,"Int":4.0},{"Player":"Konrad Laimer","Pos":"MF","Tkl":99.0,"TklW":60.0,"Past":57.0,"Press":831.0,"Succ":276.0,"Blocks":60.0,"Int":23.0},{"Player":"Stefan Lainer","Pos":"DF","Tkl":58.0,"TklW":36.0,"Past":36.0,"Press":508.0,"Succ":163.0,"Blocks":62.0,"Int":23.0},{"Player":"Danny Latza","Pos":"MF","Tkl":40.0,"TklW":22.0,"Past":35.0,"Press":371.0,"Succ":99.0,"Blocks":22.0,"Int":14.0},{"Player":"Christopher Lenz","Pos":"DF","Tkl":61.0,"TklW":35.0,"Past":41.0,"Press":503.0,"Succ":158.0,"Blocks":79.0,"Int":39.0},{"Player":"Robert Lewandowski","Pos":"FW","Tkl":19.0,"TklW":12.0,"Past":14.0,"Press":387.0,"Succ":123.0,"Blocks":16.0,"Int":4.0},{"Player":"Stephan Lichtsteiner","Pos":"DF","Tkl":23.0,"TklW":9.0,"Past":15.0,"Press":165.0,"Succ":41.0,"Blocks":29.0,"Int":9.0},{"Player":"Philipp Lienhart","Pos":"DF","Tkl":19.0,"TklW":8.0,"Past":13.0,"Press":103.0,"Succ":32.0,"Blocks":29.0,"Int":19.0},{"Player":"Eduard Löwen","Pos":"MF","Tkl":14.0,"TklW":10.0,"Past":11.0,"Press":173.0,"Succ":42.0,"Blocks":12.0,"Int":2.0},{"Player":"Eduard Löwen","Pos":"MF","Tkl":9.0,"TklW":6.0,"Past":5.0,"Press":70.0,"Succ":19.0,"Blocks":4.0,"Int":7.0},{"Player":"Dodi Lukebakio","Pos":"FW","Tkl":33.0,"TklW":22.0,"Past":21.0,"Press":311.0,"Succ":75.0,"Blocks":27.0,"Int":8.0},{"Player":"Streli Mamba","Pos":"FW","Tkl":15.0,"TklW":11.0,"Past":8.0,"Press":447.0,"Succ":105.0,"Blocks":15.0,"Int":6.0},{"Player":"Aarón Martín","Pos":"DF","Tkl":21.0,"TklW":15.0,"Past":17.0,"Press":218.0,"Succ":61.0,"Blocks":38.0,"Int":14.0},{"Player":"Javi Martínez","Pos":"DF","Tkl":13.0,"TklW":8.0,"Past":7.0,"Press":89.0,"Succ":25.0,"Blocks":13.0,"Int":10.0},{"Player":"Omar Mascarell","Pos":"MF","Tkl":66.0,"TklW":41.0,"Past":45.0,"Press":444.0,"Succ":140.0,"Blocks":54.0,"Int":38.0},{"Player":"Jean-Philippe Mateta","Pos":"FW","Tkl":6.0,"TklW":3.0,"Past":6.0,"Press":173.0,"Succ":45.0,"Blocks":7.0,"Int":2.0},{"Player":"Rabbi Matondo","Pos":"FW","Tkl":10.0,"TklW":4.0,"Past":11.0,"Press":272.0,"Succ":64.0,"Blocks":9.0,"Int":5.0},{"Player":"Philipp Max","Pos":"DF","Tkl":38.0,"TklW":25.0,"Past":30.0,"Press":395.0,"Succ":127.0,"Blocks":41.0,"Int":21.0},{"Player":"Kevin Mbabu","Pos":"DF","Tkl":70.0,"TklW":42.0,"Past":20.0,"Press":330.0,"Succ":120.0,"Blocks":50.0,"Int":14.0},{"Player":"Weston McKennie","Pos":"MF","Tkl":53.0,"TklW":35.0,"Past":36.0,"Press":492.0,"Succ":148.0,"Blocks":47.0,"Int":32.0},{"Player":"Joshua Mees","Pos":"MF","Tkl":6.0,"TklW":4.0,"Past":10.0,"Press":62.0,"Succ":13.0,"Blocks":3.0,"Int":0.0},{"Player":"Admir Mehmedi","Pos":"MF","Tkl":14.0,"TklW":5.0,"Past":15.0,"Press":325.0,"Succ":90.0,"Blocks":16.0,"Int":2.0},{"Player":"Sven Michel","Pos":"FW","Tkl":17.0,"TklW":7.0,"Past":14.0,"Press":349.0,"Succ":88.0,"Blocks":18.0,"Int":2.0},{"Player":"Maximilian Mittelstädt","Pos":"DF","Tkl":66.0,"TklW":35.0,"Past":40.0,"Press":380.0,"Succ":102.0,"Blocks":67.0,"Int":32.0},{"Player":"Anthony Modeste","Pos":"FW","Tkl":10.0,"TklW":6.0,"Past":9.0,"Press":231.0,"Succ":52.0,"Blocks":6.0,"Int":2.0},{"Player":"Niklas Moisander","Pos":"DF","Tkl":37.0,"TklW":24.0,"Past":26.0,"Press":221.0,"Succ":79.0,"Blocks":44.0,"Int":29.0},{"Player":"Alfredo Morales","Pos":"MF","Tkl":35.0,"TklW":26.0,"Past":23.0,"Press":476.0,"Succ":124.0,"Blocks":40.0,"Int":17.0},{"Player":"Nordi Mukiele","Pos":"DF","Tkl":66.0,"TklW":38.0,"Past":21.0,"Press":293.0,"Succ":110.0,"Blocks":37.0,"Int":29.0},{"Player":"Thomas Müller","Pos":"MF","Tkl":50.0,"TklW":40.0,"Past":55.0,"Press":570.0,"Succ":212.0,"Blocks":39.0,"Int":11.0},{"Player":"Matija Nastasic","Pos":"DF","Tkl":37.0,"TklW":24.0,"Past":4.0,"Press":138.0,"Succ":55.0,"Blocks":30.0,"Int":12.0},{"Player":"Manuel Neuer","Pos":"GK","Tkl":1.0,"TklW":1.0,"Past":2.0,"Press":6.0,"Succ":1.0,"Blocks":0.0,"Int":0.0},{"Player":"Florian Neuhaus","Pos":"MF","Tkl":46.0,"TklW":27.0,"Past":42.0,"Press":503.0,"Succ":159.0,"Blocks":42.0,"Int":21.0},{"Player":"Moussa Niakhate","Pos":"DF","Tkl":56.0,"TklW":41.0,"Past":17.0,"Press":373.0,"Succ":122.0,"Blocks":54.0,"Int":31.0},{"Player":"Florian Niederlechner","Pos":"FW","Tkl":26.0,"TklW":18.0,"Past":25.0,"Press":542.0,"Succ":129.0,"Blocks":35.0,"Int":5.0},{"Player":"Christopher Nkunku","Pos":"MF","Tkl":29.0,"TklW":22.0,"Past":24.0,"Press":428.0,"Succ":149.0,"Blocks":37.0,"Int":18.0},{"Player":"Alexander Nübel","Pos":"GK","Tkl":0.0,"TklW":0.0,"Past":0.0,"Press":1.0,"Succ":0.0,"Blocks":0.0,"Int":0.0},{"Player":"Bastian Oczipka","Pos":"DF","Tkl":72.0,"TklW":37.0,"Past":29.0,"Press":368.0,"Succ":138.0,"Blocks":55.0,"Int":25.0},{"Player":"Karim Onisiwo","Pos":"FW","Tkl":22.0,"TklW":12.0,"Past":13.0,"Press":427.0,"Succ":102.0,"Blocks":22.0,"Int":10.0},{"Player":"William","Pos":"DF","Tkl":22.0,"TklW":16.0,"Past":11.0,"Press":98.0,"Succ":40.0,"Blocks":17.0,"Int":9.0},{"Player":"Yuya Osako","Pos":"FW","Tkl":31.0,"TklW":22.0,"Past":22.0,"Press":371.0,"Succ":106.0,"Blocks":19.0,"Int":1.0},{"Player":"Levin Öztunali","Pos":"MF","Tkl":35.0,"TklW":22.0,"Past":21.0,"Press":398.0,"Succ":105.0,"Blocks":41.0,"Int":8.0},{"Player":"Gonçalo Paciência","Pos":"FW","Tkl":10.0,"TklW":10.0,"Past":10.0,"Press":311.0,"Succ":84.0,"Blocks":10.0,"Int":2.0},{"Player":"Benjamin Pavard","Pos":"DF","Tkl":35.0,"TklW":21.0,"Past":14.0,"Press":277.0,"Succ":92.0,"Blocks":45.0,"Int":22.0},{"Player":"Jiri Pavlenka","Pos":"GK","Tkl":0.0,"TklW":0.0,"Past":1.0,"Press":8.0,"Succ":0.0,"Blocks":2.0,"Int":0.0},{"Player":"Ivan Perisic","Pos":"FW","Tkl":22.0,"TklW":16.0,"Past":24.0,"Press":256.0,"Succ":87.0,"Blocks":16.0,"Int":11.0},{"Player":"Nils Petersen","Pos":"FW","Tkl":26.0,"TklW":16.0,"Past":20.0,"Press":551.0,"Succ":139.0,"Blocks":34.0,"Int":12.0},{"Player":"Krzysztof Piatek","Pos":"FW","Tkl":4.0,"TklW":1.0,"Past":10.0,"Press":235.0,"Succ":57.0,"Blocks":8.0,"Int":3.0},{"Player":"Lukasz Piszczek","Pos":"DF","Tkl":49.0,"TklW":30.0,"Past":20.0,"Press":255.0,"Succ":95.0,"Blocks":45.0,"Int":20.0},{"Player":"Claudio Pizarro","Pos":"FW","Tkl":3.0,"TklW":1.0,"Past":2.0,"Press":34.0,"Succ":7.0,"Blocks":2.0,"Int":2.0},{"Player":"Marvin Plattenhardt","Pos":"DF","Tkl":25.0,"TklW":15.0,"Past":12.0,"Press":193.0,"Succ":45.0,"Blocks":39.0,"Int":9.0},{"Player":"Alassane Pléa","Pos":"FW","Tkl":19.0,"TklW":11.0,"Past":23.0,"Press":399.0,"Succ":93.0,"Blocks":26.0,"Int":7.0},{"Player":"Stefan Posch","Pos":"DF","Tkl":84.0,"TklW":42.0,"Past":31.0,"Press":342.0,"Succ":106.0,"Blocks":82.0,"Int":28.0},{"Player":"Yussuf Poulsen","Pos":"FW","Tkl":13.0,"TklW":11.0,"Past":16.0,"Press":414.0,"Succ":94.0,"Blocks":18.0,"Int":7.0},{"Player":"Kai Pröger","Pos":"MF","Tkl":44.0,"TklW":23.0,"Past":49.0,"Press":526.0,"Succ":132.0,"Blocks":47.0,"Int":14.0},{"Player":"Grischa Prömel","Pos":"MF","Tkl":19.0,"TklW":15.0,"Past":14.0,"Press":159.0,"Succ":49.0,"Blocks":15.0,"Int":6.0},{"Player":"Robin Quaison","Pos":"FW","Tkl":27.0,"TklW":13.0,"Past":26.0,"Press":647.0,"Succ":147.0,"Blocks":33.0,"Int":13.0},{"Player":"Benito Raman","Pos":"FW","Tkl":16.0,"TklW":7.0,"Past":21.0,"Press":448.0,"Succ":110.0,"Blocks":12.0,"Int":7.0},{"Player":"Milot Rashica","Pos":"FW","Tkl":24.0,"TklW":16.0,"Past":28.0,"Press":456.0,"Succ":139.0,"Blocks":29.0,"Int":14.0},{"Player":"Marco Reus","Pos":"MF","Tkl":32.0,"TklW":22.0,"Past":16.0,"Press":442.0,"Succ":121.0,"Blocks":25.0,"Int":13.0},{"Player":"Marco Richter","Pos":"MF","Tkl":24.0,"TklW":15.0,"Past":51.0,"Press":464.0,"Succ":110.0,"Blocks":35.0,"Int":15.0},{"Player":"Sebastian Rode","Pos":"MF","Tkl":65.0,"TklW":41.0,"Past":37.0,"Press":573.0,"Succ":163.0,"Blocks":36.0,"Int":29.0},{"Player":"Jérôme Roussillon","Pos":"DF","Tkl":42.0,"TklW":27.0,"Past":20.0,"Press":366.0,"Succ":132.0,"Blocks":66.0,"Int":15.0},{"Player":"Sebastian Rudy","Pos":"MF","Tkl":76.0,"TklW":53.0,"Past":38.0,"Press":459.0,"Succ":134.0,"Blocks":31.0,"Int":19.0},{"Player":"Abdelhamid Sabiri","Pos":"MF","Tkl":22.0,"TklW":17.0,"Past":16.0,"Press":202.0,"Succ":58.0,"Blocks":16.0,"Int":8.0},{"Player":"Marcel Sabitzer","Pos":"MF","Tkl":38.0,"TklW":29.0,"Past":42.0,"Press":485.0,"Succ":179.0,"Blocks":34.0,"Int":14.0},{"Player":"Nuri Sahin","Pos":"MF","Tkl":31.0,"TklW":22.0,"Past":28.0,"Press":272.0,"Succ":95.0,"Blocks":25.0,"Int":20.0},{"Player":"Roland Sallai","Pos":"MF","Tkl":22.0,"TklW":17.0,"Past":16.0,"Press":196.0,"Succ":55.0,"Blocks":15.0,"Int":7.0},{"Player":"Diadie Samassékou","Pos":"MF","Tkl":41.0,"TklW":30.0,"Past":27.0,"Press":259.0,"Succ":83.0,"Blocks":36.0,"Int":22.0},{"Player":"Jadon Sancho","Pos":"FW","Tkl":17.0,"TklW":14.0,"Past":16.0,"Press":412.0,"Succ":131.0,"Blocks":21.0,"Int":14.0},{"Player":"Salif Sané","Pos":"DF","Tkl":20.0,"TklW":14.0,"Past":12.0,"Press":115.0,"Succ":37.0,"Blocks":19.0,"Int":10.0},{"Player":"Joshua Sargent","Pos":"FW","Tkl":15.0,"TklW":13.0,"Past":13.0,"Press":369.0,"Succ":101.0,"Blocks":26.0,"Int":8.0},{"Player":"Patrik Schick","Pos":"FW","Tkl":7.0,"TklW":4.0,"Past":11.0,"Press":243.0,"Succ":60.0,"Blocks":14.0,"Int":5.0},{"Player":"Xaver Schlager","Pos":"MF","Tkl":56.0,"TklW":44.0,"Past":33.0,"Press":462.0,"Succ":155.0,"Blocks":32.0,"Int":12.0},{"Player":"Keven Schlotterbeck","Pos":"DF","Tkl":61.0,"TklW":38.0,"Past":21.0,"Press":253.0,"Succ":92.0,"Blocks":70.0,"Int":23.0},{"Player":"Keven Schlotterbeck","Pos":"DF","Tkl":8.0,"TklW":5.0,"Past":4.0,"Press":37.0,"Succ":10.0,"Blocks":7.0,"Int":4.0},{"Player":"Jonathan Schmid","Pos":"DF","Tkl":47.0,"TklW":31.0,"Past":19.0,"Press":321.0,"Succ":83.0,"Blocks":60.0,"Int":21.0},{"Player":"Benno Schmitz","Pos":"DF","Tkl":31.0,"TklW":14.0,"Past":18.0,"Press":208.0,"Succ":70.0,"Blocks":23.0,"Int":11.0},{"Player":"Sebastian Schonlau","Pos":"DF","Tkl":66.0,"TklW":35.0,"Past":33.0,"Press":229.0,"Succ":74.0,"Blocks":54.0,"Int":30.0},{"Player":"Alessandro Schöpf","Pos":"MF","Tkl":31.0,"TklW":22.0,"Past":21.0,"Press":301.0,"Succ":99.0,"Blocks":24.0,"Int":15.0},{"Player":"Alexander Schwolow","Pos":"GK","Tkl":0.0,"TklW":0.0,"Past":0.0,"Press":0.0,"Succ":0.0,"Blocks":2.0,"Int":0.0},{"Player":"Davie Selke","Pos":"FW","Tkl":4.0,"TklW":3.0,"Past":4.0,"Press":117.0,"Succ":31.0,"Blocks":3.0,"Int":0.0},{"Player":"Davie Selke","Pos":"FW","Tkl":4.0,"TklW":3.0,"Past":5.0,"Press":190.0,"Succ":44.0,"Blocks":7.0,"Int":1.0},{"Player":"Suat Serdar","Pos":"MF","Tkl":64.0,"TklW":46.0,"Past":47.0,"Press":413.0,"Succ":131.0,"Blocks":38.0,"Int":20.0},{"Player":"André Silva","Pos":"FW","Tkl":7.0,"TklW":4.0,"Past":7.0,"Press":270.0,"Succ":98.0,"Blocks":17.0,"Int":1.0},{"Player":"Ellyes Skhiri","Pos":"MF","Tkl":73.0,"TklW":49.0,"Past":54.0,"Press":715.0,"Succ":221.0,"Blocks":73.0,"Int":38.0},{"Player":"Robert Skov","Pos":"DF","Tkl":47.0,"TklW":30.0,"Past":29.0,"Press":292.0,"Succ":93.0,"Blocks":45.0,"Int":18.0},{"Player":"Marcel Sobottka","Pos":"MF","Tkl":17.0,"TklW":12.0,"Past":10.0,"Press":144.0,"Succ":34.0,"Blocks":4.0,"Int":9.0},{"Player":"Yann Sommer","Pos":"GK","Tkl":0.0,"TklW":0.0,"Past":1.0,"Press":2.0,"Succ":0.0,"Blocks":0.0,"Int":1.0},{"Player":"Djibril Sow","Pos":"MF","Tkl":62.0,"TklW":39.0,"Past":37.0,"Press":497.0,"Succ":154.0,"Blocks":26.0,"Int":22.0},{"Player":"Dennis Srbeny","Pos":"FW","Tkl":14.0,"TklW":10.0,"Past":10.0,"Press":305.0,"Succ":81.0,"Blocks":14.0,"Int":2.0},{"Player":"Niklas Stark","Pos":"DF","Tkl":40.0,"TklW":24.0,"Past":17.0,"Press":272.0,"Succ":73.0,"Blocks":34.0,"Int":15.0},{"Player":"Renato Steffen","Pos":"MF","Tkl":27.0,"TklW":17.0,"Past":29.0,"Press":397.0,"Succ":121.0,"Blocks":32.0,"Int":19.0},{"Player":"Zack Steffen","Pos":"GK","Tkl":0.0,"TklW":0.0,"Past":0.0,"Press":4.0,"Succ":0.0,"Blocks":0.0,"Int":1.0},{"Player":"Lars Stindl","Pos":"MF","Tkl":37.0,"TklW":25.0,"Past":24.0,"Press":378.0,"Succ":108.0,"Blocks":25.0,"Int":8.0},{"Player":"Kevin Stöger","Pos":"MF","Tkl":26.0,"TklW":20.0,"Past":25.0,"Press":264.0,"Succ":87.0,"Blocks":31.0,"Int":20.0},{"Player":"Christian Strohdiek","Pos":"DF","Tkl":28.0,"TklW":15.0,"Past":26.0,"Press":136.0,"Succ":36.0,"Blocks":30.0,"Int":13.0},{"Player":"Neven Subotic","Pos":"DF","Tkl":39.0,"TklW":22.0,"Past":29.0,"Press":250.0,"Succ":93.0,"Blocks":35.0,"Int":25.0},{"Player":"Markus Suttner","Pos":"DF","Tkl":28.0,"TklW":17.0,"Past":15.0,"Press":214.0,"Succ":60.0,"Blocks":40.0,"Int":8.0},{"Player":"Ádám Szalai","Pos":"FW","Tkl":7.0,"TklW":4.0,"Past":6.0,"Press":221.0,"Succ":57.0,"Blocks":11.0,"Int":4.0},{"Player":"Jonathan Tah","Pos":"DF","Tkl":39.0,"TklW":18.0,"Past":16.0,"Press":240.0,"Succ":82.0,"Blocks":45.0,"Int":28.0},{"Player":"Simon Terodde","Pos":"FW","Tkl":13.0,"TklW":5.0,"Past":14.0,"Press":218.0,"Succ":54.0,"Blocks":14.0,"Int":4.0},{"Player":"Erik Thommy","Pos":"DF","Tkl":39.0,"TklW":27.0,"Past":25.0,"Press":480.0,"Succ":144.0,"Blocks":41.0,"Int":20.0},{"Player":"Marcus Thuram","Pos":"FW","Tkl":24.0,"TklW":18.0,"Past":18.0,"Press":457.0,"Succ":105.0,"Blocks":28.0,"Int":11.0},{"Player":"Marcel Tisserand","Pos":"DF","Tkl":23.0,"TklW":11.0,"Past":7.0,"Press":132.0,"Succ":46.0,"Blocks":20.0,"Int":24.0},{"Player":"Jordan Torunarigha","Pos":"DF","Tkl":31.0,"TklW":17.0,"Past":16.0,"Press":215.0,"Succ":80.0,"Blocks":39.0,"Int":22.0},{"Player":"Almamy Touré","Pos":"DF","Tkl":35.0,"TklW":24.0,"Past":16.0,"Press":217.0,"Succ":70.0,"Blocks":35.0,"Int":12.0},{"Player":"Kevin Trapp","Pos":"GK","Tkl":0.0,"TklW":0.0,"Past":1.0,"Press":4.0,"Succ":2.0,"Blocks":0.0,"Int":0.0},{"Player":"Christopher Trimmel","Pos":"DF","Tkl":80.0,"TklW":44.0,"Past":42.0,"Press":439.0,"Succ":136.0,"Blocks":56.0,"Int":28.0},{"Player":"Anthony Ujah","Pos":"FW","Tkl":8.0,"TklW":5.0,"Past":7.0,"Press":169.0,"Succ":39.0,"Blocks":5.0,"Int":1.0},{"Player":"Mark Uth","Pos":"FW","Tkl":4.0,"TklW":3.0,"Past":5.0,"Press":113.0,"Succ":31.0,"Blocks":4.0,"Int":3.0},{"Player":"Mark Uth","Pos":"MF","Tkl":23.0,"TklW":18.0,"Past":18.0,"Press":350.0,"Succ":96.0,"Blocks":18.0,"Int":5.0},{"Player":"Ruben Vargas","Pos":"FW","Tkl":35.0,"TklW":24.0,"Past":29.0,"Press":554.0,"Succ":135.0,"Blocks":38.0,"Int":29.0},{"Player":"Sebastian Vasiliadis","Pos":"MF","Tkl":88.0,"TklW":49.0,"Past":53.0,"Press":757.0,"Succ":222.0,"Blocks":52.0,"Int":29.0},{"Player":"Milos Veljkovic","Pos":"DF","Tkl":53.0,"TklW":26.0,"Past":26.0,"Press":291.0,"Succ":96.0,"Blocks":37.0,"Int":18.0},{"Player":"Kevin Vogt","Pos":"DF","Tkl":11.0,"TklW":6.0,"Past":4.0,"Press":96.0,"Succ":34.0,"Blocks":18.0,"Int":13.0},{"Player":"Kevin Vogt","Pos":"DF","Tkl":19.0,"TklW":8.0,"Past":10.0,"Press":129.0,"Succ":49.0,"Blocks":24.0,"Int":11.0},{"Player":"Kevin Volland","Pos":"FW","Tkl":17.0,"TklW":11.0,"Past":14.0,"Press":429.0,"Succ":130.0,"Blocks":22.0,"Int":5.0},{"Player":"Gian-Luca Waldschmidt","Pos":"FW","Tkl":9.0,"TklW":6.0,"Past":16.0,"Press":205.0,"Succ":57.0,"Blocks":16.0,"Int":5.0},{"Player":"Wout Weghorst","Pos":"FW","Tkl":15.0,"TklW":9.0,"Past":26.0,"Press":759.0,"Succ":213.0,"Blocks":27.0,"Int":3.0},{"Player":"Mitchell Weiser","Pos":"DF","Tkl":47.0,"TklW":30.0,"Past":17.0,"Press":234.0,"Succ":81.0,"Blocks":34.0,"Int":9.0},{"Player":"Wendell","Pos":"DF","Tkl":74.0,"TklW":50.0,"Past":28.0,"Press":314.0,"Succ":124.0,"Blocks":47.0,"Int":22.0},{"Player":"Oscar Wendt","Pos":"DF","Tkl":30.0,"TklW":17.0,"Past":22.0,"Press":273.0,"Succ":84.0,"Blocks":61.0,"Int":11.0},{"Player":"Timo Werner","Pos":"FW","Tkl":14.0,"TklW":11.0,"Past":17.0,"Press":422.0,"Succ":104.0,"Blocks":17.0,"Int":7.0},{"Player":"William","Pos":"DF","Tkl":54.0,"TklW":34.0,"Past":43.0,"Press":353.0,"Succ":113.0,"Blocks":38.0,"Int":24.0},{"Player":"Axel Witsel","Pos":"MF","Tkl":42.0,"TklW":31.0,"Past":21.0,"Press":343.0,"Succ":105.0,"Blocks":34.0,"Int":21.0},{"Player":"Marius Wolf","Pos":"FW","Tkl":19.0,"TklW":13.0,"Past":19.0,"Press":320.0,"Succ":76.0,"Blocks":33.0,"Int":10.0},{"Player":"Dan-Axel Zagadou","Pos":"DF","Tkl":17.0,"TklW":12.0,"Past":4.0,"Press":91.0,"Succ":44.0,"Blocks":25.0,"Int":15.0},{"Player":"Denis Zakaria","Pos":"MF","Tkl":71.0,"TklW":54.0,"Past":23.0,"Press":373.0,"Succ":124.0,"Blocks":45.0,"Int":25.0},{"Player":"Robin Zentner","Pos":"GK","Tkl":0.0,"TklW":0.0,"Past":0.0,"Press":1.0,"Succ":1.0,"Blocks":0.0,"Int":0.0},{"Player":"Jean Zimmer","Pos":"DF","Tkl":10.0,"TklW":4.0,"Past":8.0,"Press":105.0,"Succ":20.0,"Blocks":5.0,"Int":2.0},{"Player":"Matthias Zimmermann","Pos":"DF","Tkl":73.0,"TklW":39.0,"Past":38.0,"Press":433.0,"Succ":129.0,"Blocks":80.0,"Int":38.0},{"Player":"Leopold Zingerle","Pos":"GK","Tkl":1.0,"TklW":1.0,"Past":2.0,"Press":8.0,"Succ":2.0,"Blocks":1.0,"Int":0.0},{"Player":"Ben Zolinski","Pos":"FW","Tkl":16.0,"TklW":6.0,"Past":25.0,"Press":377.0,"Succ":76.0,"Blocks":19.0,"Int":5.0},{"Player":"Steven Zuber","Pos":"DF","Tkl":"12","TklW":"6","Past":"10","Press":"75","Succ":"27","Blocks":"11","Int":"4"}]