[{"Player":"Patrick van Aanholt","Pos":"DF","Tkl":51.0,"TklW":32.0,"Past":32.0,"Press":267.0,"Succ":74.0,"Blocks":57.0,"Int":23.0},{"Player":"Max Aarons","Pos":"DF","Tkl":64.0,"TklW":36.0,"Past":24.0,"Press":487.0,"Succ":132.0,"Blocks":100.0,"Int":20.0},{"Player":"Tammy Abraham","Pos":"FW","Tkl":14.0,"TklW":10.0,"Past":12.0,"Press":430.0,"Succ":130.0,"Blocks":23.0,"Int":5.0},{"Player":"Che Adams","Pos":"FW","Tkl":8.0,"TklW":6.0,"Past":5.0,"Press":231.0,"Succ":58.0,"Blocks":10.0,"Int":3.0},{"Player":"Sergio Agüero","Pos":"FW","Tkl":7.0,"TklW":5.0,"Past":5.0,"Press":222.0,"Succ":56.0,"Blocks":15.0,"Int":2.0},{"Player":"Nathan Aké","Pos":"DF","Tkl":25.0,"TklW":11.0,"Past":17.0,"Press":222.0,"Succ":66.0,"Blocks":59.0,"Int":27.0},{"Player":"Marc Albrighton","Pos":"MF","Tkl":23.0,"TklW":11.0,"Past":22.0,"Press":191.0,"Succ":65.0,"Blocks":18.0,"Int":9.0},{"Player":"Toby Alderweireld","Pos":"DF","Tkl":44.0,"TklW":24.0,"Past":22.0,"Press":258.0,"Succ":83.0,"Blocks":69.0,"Int":11.0},{"Player":"Trent Alexander-Arnold","Pos":"DF","Tkl":58.0,"TklW":25.0,"Past":51.0,"Press":409.0,"Succ":131.0,"Blocks":53.0,"Int":34.0},{"Player":"Alisson","Pos":"GK","Tkl":0.0,"TklW":0.0,"Past":3.0,"Press":5.0,"Succ":1.0,"Blocks":0.0,"Int":1.0},{"Player":"Dele Alli","Pos":"MF","Tkl":41.0,"TklW":29.0,"Past":24.0,"Press":479.0,"Succ":135.0,"Blocks":53.0,"Int":7.0},{"Player":"Miguel Almirón","Pos":"MF","Tkl":62.0,"TklW":36.0,"Past":33.0,"Press":732.0,"Succ":175.0,"Blocks":44.0,"Int":20.0},{"Player":"Marcos Alonso","Pos":"DF","Tkl":27.0,"TklW":19.0,"Past":23.0,"Press":215.0,"Succ":88.0,"Blocks":30.0,"Int":14.0},{"Player":"Steven Alzate","Pos":"MF","Tkl":28.0,"TklW":23.0,"Past":12.0,"Press":235.0,"Succ":77.0,"Blocks":26.0,"Int":10.0},{"Player":"Felipe Anderson","Pos":"MF","Tkl":45.0,"TklW":30.0,"Past":37.0,"Press":370.0,"Succ":104.0,"Blocks":21.0,"Int":14.0},{"Player":"Michail Antonio","Pos":"FW","Tkl":14.0,"TklW":10.0,"Past":12.0,"Press":337.0,"Succ":78.0,"Blocks":26.0,"Int":8.0},{"Player":"Stuart Armstrong","Pos":"MF","Tkl":49.0,"TklW":25.0,"Past":33.0,"Press":408.0,"Succ":129.0,"Blocks":24.0,"Int":9.0},{"Player":"Kepa","Pos":"GK","Tkl":0.0,"TklW":0.0,"Past":2.0,"Press":3.0,"Succ":1.0,"Blocks":0.0,"Int":0.0},{"Player":"Christian Atsu","Pos":"FW","Tkl":12.0,"TklW":9.0,"Past":11.0,"Press":243.0,"Succ":47.0,"Blocks":28.0,"Int":7.0},{"Player":"Pierre-Emerick Aubameyang","Pos":"FW","Tkl":39.0,"TklW":24.0,"Past":38.0,"Press":573.0,"Succ":130.0,"Blocks":59.0,"Int":9.0},{"Player":"Serge Aurier","Pos":"DF","Tkl":98.0,"TklW":55.0,"Past":29.0,"Press":521.0,"Succ":153.0,"Blocks":58.0,"Int":29.0},{"Player":"Jordan Ayew","Pos":"FW","Tkl":54.0,"TklW":29.0,"Past":30.0,"Press":1018.0,"Succ":219.0,"Blocks":35.0,"Int":14.0},{"Player":"César Azpilicueta","Pos":"DF","Tkl":102.0,"TklW":61.0,"Past":37.0,"Press":568.0,"Succ":186.0,"Blocks":81.0,"Int":39.0},{"Player":"Fabián Balbuena","Pos":"DF","Tkl":18.0,"TklW":11.0,"Past":20.0,"Press":116.0,"Succ":40.0,"Blocks":27.0,"Int":15.0},{"Player":"George Baldock","Pos":"DF","Tkl":73.0,"TklW":45.0,"Past":24.0,"Press":563.0,"Succ":157.0,"Blocks":63.0,"Int":30.0},{"Player":"Phil Bardsley","Pos":"DF","Tkl":55.0,"TklW":33.0,"Past":15.0,"Press":234.0,"Succ":65.0,"Blocks":43.0,"Int":15.0},{"Player":"Ross Barkley","Pos":"MF","Tkl":16.0,"TklW":11.0,"Past":13.0,"Press":168.0,"Succ":48.0,"Blocks":11.0,"Int":6.0},{"Player":"Ashley Barnes","Pos":"FW","Tkl":6.0,"TklW":4.0,"Past":11.0,"Press":275.0,"Succ":63.0,"Blocks":17.0,"Int":5.0},{"Player":"Harvey Barnes","Pos":"MF","Tkl":22.0,"TklW":12.0,"Past":19.0,"Press":328.0,"Succ":86.0,"Blocks":23.0,"Int":6.0},{"Player":"Chris Basham","Pos":"DF","Tkl":84.0,"TklW":50.0,"Past":47.0,"Press":410.0,"Succ":133.0,"Blocks":57.0,"Int":40.0},{"Player":"Michy Batshuayi","Pos":"FW","Tkl":2.0,"TklW":1.0,"Past":2.0,"Press":72.0,"Succ":17.0,"Blocks":4.0,"Int":0.0},{"Player":"Jan Bednarek","Pos":"DF","Tkl":70.0,"TklW":38.0,"Past":41.0,"Press":321.0,"Succ":102.0,"Blocks":61.0,"Int":44.0},{"Player":"Héctor Bellerín","Pos":"DF","Tkl":23.0,"TklW":16.0,"Past":22.0,"Press":183.0,"Succ":46.0,"Blocks":28.0,"Int":10.0},{"Player":"Ryan Bennett","Pos":"DF","Tkl":4.0,"TklW":3.0,"Past":5.0,"Press":61.0,"Succ":15.0,"Blocks":15.0,"Int":6.0},{"Player":"Ryan Bennett","Pos":"DF","Tkl":5.0,"TklW":2.0,"Past":2.0,"Press":35.0,"Succ":7.0,"Blocks":3.0,"Int":3.0},{"Player":"Christian Benteke","Pos":"FW","Tkl":9.0,"TklW":5.0,"Past":7.0,"Press":178.0,"Succ":49.0,"Blocks":14.0,"Int":6.0},{"Player":"Bernard","Pos":"MF","Tkl":25.0,"TklW":14.0,"Past":34.0,"Press":271.0,"Succ":69.0,"Blocks":30.0,"Int":15.0},{"Player":"Bernard","Pos":"DF","Tkl":28.0,"TklW":16.0,"Past":7.0,"Press":129.0,"Succ":44.0,"Blocks":16.0,"Int":5.0},{"Player":"Ryan Bertrand","Pos":"DF","Tkl":48.0,"TklW":28.0,"Past":36.0,"Press":385.0,"Succ":142.0,"Blocks":52.0,"Int":26.0},{"Player":"Philip Billing","Pos":"MF","Tkl":76.0,"TklW":46.0,"Past":50.0,"Press":692.0,"Succ":164.0,"Blocks":88.0,"Int":39.0},{"Player":"Yves Bissouma","Pos":"MF","Tkl":58.0,"TklW":36.0,"Past":20.0,"Press":308.0,"Succ":90.0,"Blocks":28.0,"Int":16.0},{"Player":"Willy Boly","Pos":"DF","Tkl":61.0,"TklW":40.0,"Past":25.0,"Press":271.0,"Succ":101.0,"Blocks":50.0,"Int":21.0},{"Player":"Sofiane Boufal","Pos":"MF","Tkl":21.0,"TklW":12.0,"Past":10.0,"Press":218.0,"Succ":71.0,"Blocks":17.0,"Int":5.0},{"Player":"Robbie Brady","Pos":"MF","Tkl":10.0,"TklW":5.0,"Past":7.0,"Press":126.0,"Succ":28.0,"Blocks":14.0,"Int":6.0},{"Player":"Emiliano Buendía","Pos":"FW","Tkl":88.0,"TklW":58.0,"Past":87.0,"Press":791.0,"Succ":207.0,"Blocks":69.0,"Int":25.0},{"Player":"Dan Burn","Pos":"DF","Tkl":63.0,"TklW":36.0,"Past":32.0,"Press":465.0,"Succ":164.0,"Blocks":67.0,"Int":26.0},{"Player":"Sam Byram","Pos":"DF","Tkl":46.0,"TklW":23.0,"Past":25.0,"Press":236.0,"Succ":74.0,"Blocks":50.0,"Int":20.0},{"Player":"Gary Cahill","Pos":"DF","Tkl":18.0,"TklW":12.0,"Past":9.0,"Press":106.0,"Succ":35.0,"Blocks":45.0,"Int":13.0},{"Player":"Dominic Calvert-Lewin","Pos":"FW","Tkl":15.0,"TklW":11.0,"Past":15.0,"Press":471.0,"Succ":130.0,"Blocks":22.0,"Int":7.0},{"Player":"João Cancelo","Pos":"DF","Tkl":44.0,"TklW":26.0,"Past":26.0,"Press":174.0,"Succ":59.0,"Blocks":12.0,"Int":16.0},{"Player":"Todd Cantwell","Pos":"FW","Tkl":49.0,"TklW":29.0,"Past":63.0,"Press":577.0,"Succ":150.0,"Blocks":58.0,"Int":12.0},{"Player":"Etienne Capoue","Pos":"MF","Tkl":81.0,"TklW":55.0,"Past":55.0,"Press":664.0,"Succ":172.0,"Blocks":53.0,"Int":43.0},{"Player":"Andy Carroll","Pos":"FW","Tkl":7.0,"TklW":1.0,"Past":6.0,"Press":82.0,"Succ":26.0,"Blocks":7.0,"Int":3.0},{"Player":"Jonny","Pos":"DF","Tkl":98.0,"TklW":61.0,"Past":56.0,"Press":722.0,"Succ":215.0,"Blocks":79.0,"Int":36.0},{"Player":"Craig Cathcart","Pos":"DF","Tkl":37.0,"TklW":26.0,"Past":20.0,"Press":196.0,"Succ":70.0,"Blocks":35.0,"Int":16.0},{"Player":"Dani Ceballos","Pos":"MF","Tkl":49.0,"TklW":28.0,"Past":45.0,"Press":445.0,"Succ":120.0,"Blocks":29.0,"Int":20.0},{"Player":"Nathaniel Chalobah","Pos":"MF","Tkl":32.0,"TklW":19.0,"Past":18.0,"Press":227.0,"Succ":65.0,"Blocks":14.0,"Int":9.0},{"Player":"Ben Chilwell","Pos":"DF","Tkl":51.0,"TklW":26.0,"Past":40.0,"Press":412.0,"Succ":115.0,"Blocks":58.0,"Int":20.0},{"Player":"Hamza Choudhury","Pos":"MF","Tkl":20.0,"TklW":13.0,"Past":23.0,"Press":192.0,"Succ":62.0,"Blocks":20.0,"Int":18.0},{"Player":"Andreas Christensen","Pos":"DF","Tkl":41.0,"TklW":20.0,"Past":13.0,"Press":156.0,"Succ":57.0,"Blocks":22.0,"Int":15.0},{"Player":"Tom Cleverley","Pos":"MF","Tkl":27.0,"TklW":17.0,"Past":33.0,"Press":293.0,"Succ":85.0,"Blocks":20.0,"Int":9.0},{"Player":"Conor Coady","Pos":"DF","Tkl":41.0,"TklW":22.0,"Past":19.0,"Press":205.0,"Succ":69.0,"Blocks":37.0,"Int":24.0},{"Player":"Seamus Coleman","Pos":"DF","Tkl":50.0,"TklW":31.0,"Past":14.0,"Press":216.0,"Succ":78.0,"Blocks":43.0,"Int":12.0},{"Player":"Aaron Connolly","Pos":"FW","Tkl":12.0,"TklW":8.0,"Past":9.0,"Press":234.0,"Succ":69.0,"Blocks":8.0,"Int":5.0},{"Player":"Lewis Cook","Pos":"MF","Tkl":27.0,"TklW":16.0,"Past":32.0,"Press":375.0,"Succ":71.0,"Blocks":20.0,"Int":13.0},{"Player":"Steve Cook","Pos":"DF","Tkl":22.0,"TklW":13.0,"Past":14.0,"Press":164.0,"Succ":55.0,"Blocks":47.0,"Int":19.0},{"Player":"Jack Cork","Pos":"MF","Tkl":39.0,"TklW":27.0,"Past":54.0,"Press":605.0,"Succ":172.0,"Blocks":53.0,"Int":25.0},{"Player":"Aaron Cresswell","Pos":"DF","Tkl":48.0,"TklW":29.0,"Past":35.0,"Press":355.0,"Succ":118.0,"Blocks":64.0,"Int":15.0},{"Player":"Scott Dann","Pos":"DF","Tkl":12.0,"TklW":5.0,"Past":7.0,"Press":41.0,"Succ":16.0,"Blocks":17.0,"Int":11.0},{"Player":"Ben Davies","Pos":"DF","Tkl":30.0,"TklW":13.0,"Past":19.0,"Press":214.0,"Succ":63.0,"Blocks":43.0,"Int":12.0},{"Player":"Tom Davies","Pos":"MF","Tkl":36.0,"TklW":18.0,"Past":43.0,"Press":425.0,"Succ":99.0,"Blocks":34.0,"Int":28.0},{"Player":"Keinan Davis","Pos":"FW","Tkl":2.0,"TklW":2.0,"Past":3.0,"Press":88.0,"Succ":19.0,"Blocks":5.0,"Int":0.0},{"Player":"Craig Dawson","Pos":"DF","Tkl":30.0,"TklW":19.0,"Past":17.0,"Press":187.0,"Succ":74.0,"Blocks":56.0,"Int":20.0},{"Player":"Kevin De Bruyne","Pos":"MF","Tkl":44.0,"TklW":28.0,"Past":47.0,"Press":554.0,"Succ":177.0,"Blocks":31.0,"Int":11.0},{"Player":"Troy Deeney","Pos":"FW","Tkl":24.0,"TklW":17.0,"Past":21.0,"Press":461.0,"Succ":107.0,"Blocks":20.0,"Int":6.0},{"Player":"Fabian Delph","Pos":"MF","Tkl":29.0,"TklW":11.0,"Past":21.0,"Press":189.0,"Succ":55.0,"Blocks":22.0,"Int":13.0},{"Player":"Leander Dendoncker","Pos":"MF","Tkl":68.0,"TklW":40.0,"Past":39.0,"Press":573.0,"Succ":164.0,"Blocks":53.0,"Int":23.0},{"Player":"Gerard Deulofeu","Pos":"FW","Tkl":29.0,"TklW":21.0,"Past":53.0,"Press":511.0,"Succ":133.0,"Blocks":16.0,"Int":26.0},{"Player":"Eric Dier","Pos":"DF","Tkl":25.0,"TklW":14.0,"Past":16.0,"Press":204.0,"Succ":54.0,"Blocks":26.0,"Int":6.0},{"Player":"Lucas Digne","Pos":"DF","Tkl":87.0,"TklW":39.0,"Past":37.0,"Press":498.0,"Succ":134.0,"Blocks":69.0,"Int":24.0},{"Player":"Virgil van Dijk","Pos":"DF","Tkl":30.0,"TklW":20.0,"Past":9.0,"Press":133.0,"Succ":46.0,"Blocks":32.0,"Int":24.0},{"Player":"Issa Diop","Pos":"DF","Tkl":32.0,"TklW":16.0,"Past":17.0,"Press":243.0,"Succ":84.0,"Blocks":47.0,"Int":32.0},{"Player":"Moussa Djenepo","Pos":"MF","Tkl":29.0,"TklW":18.0,"Past":15.0,"Press":265.0,"Succ":79.0,"Blocks":24.0,"Int":7.0},{"Player":"Matt Doherty","Pos":"DF","Tkl":65.0,"TklW":33.0,"Past":24.0,"Press":379.0,"Succ":107.0,"Blocks":64.0,"Int":19.0},{"Player":"Abdoulaye Doucouré","Pos":"MF","Tkl":70.0,"TklW":49.0,"Past":46.0,"Press":953.0,"Succ":237.0,"Blocks":57.0,"Int":24.0},{"Player":"Josip Drmic","Pos":"FW","Tkl":4.0,"TklW":3.0,"Past":10.0,"Press":138.0,"Succ":35.0,"Blocks":8.0,"Int":3.0},{"Player":"Martin Dubravka","Pos":"GK","Tkl":0.0,"TklW":0.0,"Past":1.0,"Press":9.0,"Succ":0.0,"Blocks":2.0,"Int":0.0},{"Player":"Shane Duffy","Pos":"DF","Tkl":16.0,"TklW":9.0,"Past":14.0,"Press":100.0,"Succ":34.0,"Blocks":21.0,"Int":13.0},{"Player":"Paul Dummett","Pos":"DF","Tkl":28.0,"TklW":6.0,"Past":8.0,"Press":163.0,"Succ":40.0,"Blocks":42.0,"Int":15.0},{"Player":"Lewis Dunk","Pos":"DF","Tkl":43.0,"TklW":28.0,"Past":28.0,"Press":248.0,"Succ":107.0,"Blocks":71.0,"Int":36.0},{"Player":"Ederson","Pos":"GK","Tkl":1.0,"TklW":1.0,"Past":1.0,"Press":7.0,"Succ":2.0,"Blocks":0.0,"Int":0.0},{"Player":"John Egan","Pos":"DF","Tkl":45.0,"TklW":27.0,"Past":24.0,"Press":296.0,"Succ":101.0,"Blocks":73.0,"Int":26.0},{"Player":"Ahmed Elmohamady","Pos":"DF","Tkl":25.0,"TklW":17.0,"Past":12.0,"Press":109.0,"Succ":28.0,"Blocks":11.0,"Int":6.0},{"Player":"Björn Engels","Pos":"DF","Tkl":9.0,"TklW":4.0,"Past":6.0,"Press":81.0,"Succ":29.0,"Blocks":26.0,"Int":12.0},{"Player":"Christian Eriksen","Pos":"MF","Tkl":19.0,"TklW":12.0,"Past":18.0,"Press":260.0,"Succ":55.0,"Blocks":19.0,"Int":8.0},{"Player":"Jonny","Pos":"DF","Tkl":48.0,"TklW":31.0,"Past":15.0,"Press":278.0,"Succ":111.0,"Blocks":54.0,"Int":39.0},{"Player":"Lukasz Fabianski","Pos":"GK","Tkl":0.0,"TklW":0.0,"Past":3.0,"Press":10.0,"Succ":2.0,"Blocks":0.0,"Int":0.0},{"Player":"Fabinho","Pos":"MF","Tkl":77.0,"TklW":53.0,"Past":39.0,"Press":428.0,"Succ":139.0,"Blocks":36.0,"Int":25.0},{"Player":"Kiko Femenía","Pos":"DF","Tkl":62.0,"TklW":32.0,"Past":46.0,"Press":390.0,"Succ":100.0,"Blocks":35.0,"Int":27.0},{"Player":"Federico Fernández","Pos":"DF","Tkl":50.0,"TklW":32.0,"Past":24.0,"Press":231.0,"Succ":73.0,"Blocks":61.0,"Int":8.0},{"Player":"Fernandinho","Pos":"DF","Tkl":44.0,"TklW":25.0,"Past":28.0,"Press":217.0,"Succ":89.0,"Blocks":40.0,"Int":16.0},{"Player":"Roberto Firmino","Pos":"FW","Tkl":37.0,"TklW":26.0,"Past":24.0,"Press":694.0,"Succ":216.0,"Blocks":47.0,"Int":11.0},{"Player":"John Fleck","Pos":"MF","Tkl":38.0,"TklW":24.0,"Past":56.0,"Press":551.0,"Succ":146.0,"Blocks":44.0,"Int":20.0},{"Player":"Phil Foden","Pos":"FW","Tkl":16.0,"TklW":9.0,"Past":10.0,"Press":253.0,"Succ":74.0,"Blocks":9.0,"Int":3.0},{"Player":"Pablo Fornals","Pos":"MF","Tkl":42.0,"TklW":29.0,"Past":54.0,"Press":597.0,"Succ":156.0,"Blocks":51.0,"Int":15.0},{"Player":"Ben Foster","Pos":"GK","Tkl":0.0,"TklW":0.0,"Past":3.0,"Press":10.0,"Succ":0.0,"Blocks":1.0,"Int":0.0},{"Player":"Simon Francis","Pos":"DF","Tkl":17.0,"TklW":12.0,"Past":14.0,"Press":107.0,"Succ":29.0,"Blocks":29.0,"Int":7.0},{"Player":"Ryan Fraser","Pos":"MF","Tkl":9.0,"TklW":8.0,"Past":13.0,"Press":298.0,"Succ":65.0,"Blocks":28.0,"Int":10.0},{"Player":"Fred","Pos":"MF","Tkl":79.0,"TklW":51.0,"Past":69.0,"Press":707.0,"Succ":194.0,"Blocks":64.0,"Int":28.0},{"Player":"Ryan Fredericks","Pos":"DF","Tkl":86.0,"TklW":48.0,"Past":32.0,"Press":325.0,"Succ":97.0,"Blocks":42.0,"Int":20.0},{"Player":"Dwight Gayle","Pos":"FW","Tkl":13.0,"TklW":10.0,"Past":3.0,"Press":119.0,"Succ":33.0,"Blocks":10.0,"Int":1.0},{"Player":"Paulo Gazzaniga","Pos":"GK","Tkl":0.0,"TklW":0.0,"Past":0.0,"Press":1.0,"Succ":0.0,"Blocks":0.0,"Int":0.0},{"Player":"David de Gea","Pos":"GK","Tkl":0.0,"TklW":0.0,"Past":0.0,"Press":1.0,"Succ":0.0,"Blocks":0.0,"Int":0.0},{"Player":"Anwar El Ghazi","Pos":"FW","Tkl":17.0,"TklW":10.0,"Past":19.0,"Press":350.0,"Succ":74.0,"Blocks":18.0,"Int":11.0},{"Player":"Olivier Giroud","Pos":"FW","Tkl":4.0,"TklW":3.0,"Past":10.0,"Press":202.0,"Succ":58.0,"Blocks":20.0,"Int":1.0},{"Player":"Ben Godfrey","Pos":"DF","Tkl":34.0,"TklW":22.0,"Past":12.0,"Press":234.0,"Succ":77.0,"Blocks":47.0,"Int":17.0},{"Player":"André Gomes","Pos":"MF","Tkl":32.0,"TklW":24.0,"Past":56.0,"Press":367.0,"Succ":92.0,"Blocks":28.0,"Int":5.0},{"Player":"Joseph Gomez","Pos":"DF","Tkl":26.0,"TklW":15.0,"Past":12.0,"Press":151.0,"Succ":60.0,"Blocks":25.0,"Int":19.0},{"Player":"Dan Gosling","Pos":"MF","Tkl":28.0,"TklW":20.0,"Past":23.0,"Press":356.0,"Succ":92.0,"Blocks":38.0,"Int":12.0},{"Player":"Andre Gray","Pos":"FW","Tkl":5.0,"TklW":5.0,"Past":0.0,"Press":161.0,"Succ":43.0,"Blocks":3.0,"Int":0.0},{"Player":"Demarai Gray","Pos":"MF","Tkl":8.0,"TklW":5.0,"Past":11.0,"Press":129.0,"Succ":39.0,"Blocks":10.0,"Int":5.0},{"Player":"Jack Grealish","Pos":"FW","Tkl":36.0,"TklW":28.0,"Past":23.0,"Press":574.0,"Succ":154.0,"Blocks":55.0,"Int":15.0},{"Player":"Mason Greenwood","Pos":"FW","Tkl":19.0,"TklW":13.0,"Past":14.0,"Press":190.0,"Succ":61.0,"Blocks":15.0,"Int":7.0},{"Player":"Pascal Groß","Pos":"FW","Tkl":33.0,"TklW":21.0,"Past":24.0,"Press":395.0,"Succ":103.0,"Blocks":27.0,"Int":9.0},{"Player":"Vicente Guaita","Pos":"GK","Tkl":0.0,"TklW":0.0,"Past":2.0,"Press":3.0,"Succ":1.0,"Blocks":0.0,"Int":0.0},{"Player":"Matteo Guendouzi","Pos":"MF","Tkl":24.0,"TklW":13.0,"Past":26.0,"Press":384.0,"Succ":109.0,"Blocks":40.0,"Int":22.0},{"Player":"Frederic Guilbert","Pos":"DF","Tkl":82.0,"TklW":38.0,"Past":40.0,"Press":416.0,"Succ":115.0,"Blocks":65.0,"Int":30.0},{"Player":"Ilkay Gündogan","Pos":"MF","Tkl":28.0,"TklW":19.0,"Past":37.0,"Press":255.0,"Succ":73.0,"Blocks":25.0,"Int":27.0},{"Player":"Sébastien Haller","Pos":"FW","Tkl":21.0,"TklW":17.0,"Past":25.0,"Press":571.0,"Succ":126.0,"Blocks":34.0,"Int":6.0},{"Player":"Grant Hanley","Pos":"DF","Tkl":27.0,"TklW":17.0,"Past":8.0,"Press":143.0,"Succ":50.0,"Blocks":34.0,"Int":17.0},{"Player":"Kortney Hause","Pos":"DF","Tkl":27.0,"TklW":22.0,"Past":12.0,"Press":182.0,"Succ":73.0,"Blocks":46.0,"Int":11.0},{"Player":"Isaac Hayden","Pos":"MF","Tkl":63.0,"TklW":37.0,"Past":33.0,"Press":476.0,"Succ":126.0,"Blocks":38.0,"Int":29.0},{"Player":"Tom Heaton","Pos":"GK","Tkl":0.0,"TklW":0.0,"Past":2.0,"Press":3.0,"Succ":0.0,"Blocks":0.0,"Int":0.0},{"Player":"Dean Henderson","Pos":"GK","Tkl":0.0,"TklW":0.0,"Past":0.0,"Press":1.0,"Succ":0.0,"Blocks":1.0,"Int":0.0},{"Player":"Jordan Henderson","Pos":"MF","Tkl":65.0,"TklW":36.0,"Past":40.0,"Press":532.0,"Succ":169.0,"Blocks":37.0,"Int":12.0},{"Player":"Jeff Hendrick","Pos":"MF","Tkl":18.0,"TklW":10.0,"Past":28.0,"Press":356.0,"Succ":69.0,"Blocks":35.0,"Int":14.0},{"Player":"Onel Hernández","Pos":"FW","Tkl":37.0,"TklW":27.0,"Past":19.0,"Press":245.0,"Succ":83.0,"Blocks":21.0,"Int":14.0},{"Player":"Son Heung-Min","Pos":"FW","Tkl":33.0,"TklW":21.0,"Past":55.0,"Press":544.0,"Succ":133.0,"Blocks":28.0,"Int":13.0},{"Player":"Mason Holgate","Pos":"DF","Tkl":50.0,"TklW":28.0,"Past":16.0,"Press":242.0,"Succ":77.0,"Blocks":32.0,"Int":28.0},{"Player":"Conor Hourihane","Pos":"MF","Tkl":21.0,"TklW":14.0,"Past":16.0,"Press":224.0,"Succ":38.0,"Blocks":27.0,"Int":3.0},{"Player":"Callum Hudson-Odoi","Pos":"FW","Tkl":8.0,"TklW":5.0,"Past":10.0,"Press":121.0,"Succ":29.0,"Blocks":18.0,"Int":0.0},{"Player":"Will Hughes","Pos":"MF","Tkl":80.0,"TklW":49.0,"Past":59.0,"Press":681.0,"Succ":183.0,"Blocks":66.0,"Int":33.0},{"Player":"Pierre-Emile Højbjerg","Pos":"MF","Tkl":90.0,"TklW":57.0,"Past":67.0,"Press":633.0,"Succ":212.0,"Blocks":63.0,"Int":42.0},{"Player":"Kelechi Iheanacho","Pos":"FW","Tkl":6.0,"TklW":5.0,"Past":7.0,"Press":193.0,"Succ":56.0,"Blocks":9.0,"Int":1.0},{"Player":"Danny Ings","Pos":"FW","Tkl":51.0,"TklW":32.0,"Past":54.0,"Press":859.0,"Succ":227.0,"Blocks":64.0,"Int":7.0},{"Player":"Alex Iwobi","Pos":"MF","Tkl":27.0,"TklW":14.0,"Past":23.0,"Press":369.0,"Succ":96.0,"Blocks":20.0,"Int":10.0},{"Player":"Daniel James","Pos":"FW","Tkl":25.0,"TklW":15.0,"Past":39.0,"Press":569.0,"Succ":143.0,"Blocks":37.0,"Int":4.0},{"Player":"Reece James","Pos":"DF","Tkl":42.0,"TklW":23.0,"Past":17.0,"Press":271.0,"Succ":73.0,"Blocks":46.0,"Int":14.0},{"Player":"Gabriel Jesus","Pos":"FW","Tkl":25.0,"TklW":19.0,"Past":20.0,"Press":419.0,"Succ":127.0,"Blocks":31.0,"Int":12.0},{"Player":"Raúl Jiménez","Pos":"FW","Tkl":29.0,"TklW":23.0,"Past":24.0,"Press":588.0,"Succ":141.0,"Blocks":32.0,"Int":16.0},{"Player":"Joelinton","Pos":"FW","Tkl":30.0,"TklW":19.0,"Past":24.0,"Press":595.0,"Succ":135.0,"Blocks":33.0,"Int":11.0},{"Player":"Jorginho","Pos":"MF","Tkl":69.0,"TklW":44.0,"Past":58.0,"Press":554.0,"Succ":162.0,"Blocks":41.0,"Int":42.0},{"Player":"Diogo Jota","Pos":"FW","Tkl":34.0,"TklW":21.0,"Past":32.0,"Press":572.0,"Succ":127.0,"Blocks":17.0,"Int":6.0},{"Player":"Christian Kabasele","Pos":"DF","Tkl":40.0,"TklW":24.0,"Past":20.0,"Press":247.0,"Succ":85.0,"Blocks":55.0,"Int":24.0},{"Player":"Harry Kane","Pos":"FW","Tkl":20.0,"TklW":14.0,"Past":13.0,"Press":448.0,"Succ":100.0,"Blocks":31.0,"Int":4.0},{"Player":"Moise Kean","Pos":"FW","Tkl":7.0,"TklW":6.0,"Past":3.0,"Press":119.0,"Succ":36.0,"Blocks":4.0,"Int":6.0},{"Player":"Michael Keane","Pos":"DF","Tkl":41.0,"TklW":26.0,"Past":12.0,"Press":190.0,"Succ":66.0,"Blocks":52.0,"Int":24.0},{"Player":"Naby Keita","Pos":"MF","Tkl":27.0,"TklW":20.0,"Past":16.0,"Press":213.0,"Succ":78.0,"Blocks":19.0,"Int":14.0},{"Player":"Martin Kelly","Pos":"DF","Tkl":24.0,"TklW":18.0,"Past":17.0,"Press":181.0,"Succ":63.0,"Blocks":50.0,"Int":10.0},{"Player":"Joshua King","Pos":"FW","Tkl":19.0,"TklW":15.0,"Past":13.0,"Press":496.0,"Succ":123.0,"Blocks":27.0,"Int":5.0},{"Player":"Sead Kolasinac","Pos":"DF","Tkl":35.0,"TklW":18.0,"Past":13.0,"Press":230.0,"Succ":67.0,"Blocks":23.0,"Int":15.0},{"Player":"Cheikhou Kouyaté","Pos":"MF","Tkl":70.0,"TklW":45.0,"Past":27.0,"Press":418.0,"Succ":123.0,"Blocks":60.0,"Int":18.0},{"Player":"Mateo Kovacic","Pos":"MF","Tkl":80.0,"TklW":55.0,"Past":48.0,"Press":533.0,"Succ":173.0,"Blocks":28.0,"Int":12.0},{"Player":"Emil Krafth","Pos":"DF","Tkl":20.0,"TklW":12.0,"Past":15.0,"Press":134.0,"Succ":40.0,"Blocks":20.0,"Int":6.0},{"Player":"Tim Krul","Pos":"GK","Tkl":0.0,"TklW":0.0,"Past":1.0,"Press":7.0,"Succ":1.0,"Blocks":0.0,"Int":0.0},{"Player":"Alexandre Lacazette","Pos":"FW","Tkl":23.0,"TklW":19.0,"Past":13.0,"Press":464.0,"Succ":114.0,"Blocks":13.0,"Int":10.0},{"Player":"Adam Lallana","Pos":"MF","Tkl":20.0,"TklW":12.0,"Past":18.0,"Press":132.0,"Succ":41.0,"Blocks":13.0,"Int":6.0},{"Player":"Erik Lamela","Pos":"MF","Tkl":27.0,"TklW":21.0,"Past":17.0,"Press":315.0,"Succ":88.0,"Blocks":19.0,"Int":9.0},{"Player":"Manuel Lanzini","Pos":"MF","Tkl":11.0,"TklW":9.0,"Past":32.0,"Press":344.0,"Succ":76.0,"Blocks":12.0,"Int":9.0},{"Player":"Aymeric Laporte","Pos":"DF","Tkl":12.0,"TklW":8.0,"Past":6.0,"Press":62.0,"Succ":26.0,"Blocks":6.0,"Int":14.0},{"Player":"Jamaal Lascelles","Pos":"DF","Tkl":18.0,"TklW":10.0,"Past":9.0,"Press":162.0,"Succ":59.0,"Blocks":37.0,"Int":22.0},{"Player":"Aaron Lennon","Pos":"MF","Tkl":15.0,"TklW":9.0,"Past":5.0,"Press":143.0,"Succ":27.0,"Blocks":8.0,"Int":8.0},{"Player":"Bernd Leno","Pos":"GK","Tkl":0.0,"TklW":0.0,"Past":3.0,"Press":1.0,"Succ":0.0,"Blocks":0.0,"Int":0.0},{"Player":"Jefferson Lerma","Pos":"MF","Tkl":81.0,"TklW":49.0,"Past":33.0,"Press":576.0,"Succ":173.0,"Blocks":50.0,"Int":34.0},{"Player":"Jamal Lewis","Pos":"DF","Tkl":56.0,"TklW":31.0,"Past":26.0,"Press":370.0,"Succ":112.0,"Blocks":55.0,"Int":20.0},{"Player":"Victor Lindelöf","Pos":"DF","Tkl":30.0,"TklW":16.0,"Past":5.0,"Press":221.0,"Succ":64.0,"Blocks":50.0,"Int":25.0},{"Player":"Jesse Lingard","Pos":"MF","Tkl":13.0,"TklW":9.0,"Past":11.0,"Press":336.0,"Succ":80.0,"Blocks":9.0,"Int":6.0},{"Player":"Hugo Lloris","Pos":"GK","Tkl":0.0,"TklW":0.0,"Past":0.0,"Press":1.0,"Succ":0.0,"Blocks":0.0,"Int":0.0},{"Player":"Giovani Lo Celso","Pos":"MF","Tkl":51.0,"TklW":33.0,"Past":44.0,"Press":420.0,"Succ":134.0,"Blocks":30.0,"Int":14.0},{"Player":"Shane Long","Pos":"FW","Tkl":19.0,"TklW":15.0,"Past":17.0,"Press":317.0,"Succ":99.0,"Blocks":18.0,"Int":2.0},{"Player":"Sean Longstaff","Pos":"MF","Tkl":43.0,"TklW":21.0,"Past":34.0,"Press":513.0,"Succ":112.0,"Blocks":31.0,"Int":19.0},{"Player":"Matthew Lowton","Pos":"DF","Tkl":44.0,"TklW":24.0,"Past":19.0,"Press":202.0,"Succ":60.0,"Blocks":42.0,"Int":16.0},{"Player":"David Luiz","Pos":"DF","Tkl":33.0,"TklW":20.0,"Past":16.0,"Press":191.0,"Succ":66.0,"Blocks":63.0,"Int":19.0},{"Player":"Douglas Luiz","Pos":"MF","Tkl":52.0,"TklW":33.0,"Past":47.0,"Press":592.0,"Succ":155.0,"Blocks":64.0,"Int":21.0},{"Player":"John Lundstram","Pos":"MF","Tkl":50.0,"TklW":33.0,"Past":49.0,"Press":603.0,"Succ":172.0,"Blocks":29.0,"Int":18.0},{"Player":"James Maddison","Pos":"MF","Tkl":56.0,"TklW":39.0,"Past":47.0,"Press":629.0,"Succ":198.0,"Blocks":21.0,"Int":12.0},{"Player":"Harry Maguire","Pos":"DF","Tkl":44.0,"TklW":27.0,"Past":22.0,"Press":240.0,"Succ":90.0,"Blocks":45.0,"Int":55.0},{"Player":"Riyad Mahrez","Pos":"FW","Tkl":32.0,"TklW":21.0,"Past":35.0,"Press":394.0,"Succ":111.0,"Blocks":38.0,"Int":15.0},{"Player":"Ainsley Maitland-Niles","Pos":"DF","Tkl":41.0,"TklW":27.0,"Past":28.0,"Press":297.0,"Succ":84.0,"Blocks":29.0,"Int":17.0},{"Player":"Sadio Mané","Pos":"FW","Tkl":50.0,"TklW":35.0,"Past":31.0,"Press":504.0,"Succ":153.0,"Blocks":30.0,"Int":11.0},{"Player":"Javier Manquillo","Pos":"DF","Tkl":47.0,"TklW":32.0,"Past":16.0,"Press":220.0,"Succ":71.0,"Blocks":35.0,"Int":13.0},{"Player":"Solly March","Pos":"DF","Tkl":26.0,"TklW":17.0,"Past":12.0,"Press":158.0,"Succ":44.0,"Blocks":22.0,"Int":12.0},{"Player":"Adrian Mariappa","Pos":"DF","Tkl":25.0,"TklW":12.0,"Past":27.0,"Press":197.0,"Succ":57.0,"Blocks":35.0,"Int":7.0},{"Player":"Anthony Martial","Pos":"FW","Tkl":15.0,"TklW":12.0,"Past":12.0,"Press":379.0,"Succ":108.0,"Blocks":19.0,"Int":5.0},{"Player":"Martin Kelly","Pos":"FW","Tkl":23.0,"TklW":13.0,"Past":11.0,"Press":247.0,"Succ":69.0,"Blocks":20.0,"Int":2.0},{"Player":"Adam Masina","Pos":"DF","Tkl":40.0,"TklW":25.0,"Past":31.0,"Press":267.0,"Succ":79.0,"Blocks":41.0,"Int":22.0},{"Player":"Arthur Masuaku","Pos":"DF","Tkl":43.0,"TklW":27.0,"Past":19.0,"Press":223.0,"Succ":65.0,"Blocks":29.0,"Int":12.0},{"Player":"Juan Mata","Pos":"MF","Tkl":8.0,"TklW":7.0,"Past":11.0,"Press":118.0,"Succ":35.0,"Blocks":7.0,"Int":1.0},{"Player":"Nemanja Matic","Pos":"MF","Tkl":41.0,"TklW":21.0,"Past":24.0,"Press":276.0,"Succ":79.0,"Blocks":33.0,"Int":18.0},{"Player":"Neal Maupay","Pos":"FW","Tkl":28.0,"TklW":17.0,"Past":28.0,"Press":703.0,"Succ":185.0,"Blocks":31.0,"Int":3.0},{"Player":"James McArthur","Pos":"MF","Tkl":110.0,"TklW":70.0,"Past":70.0,"Press":932.0,"Succ":263.0,"Blocks":97.0,"Int":40.0},{"Player":"Oliver McBurnie","Pos":"FW","Tkl":35.0,"TklW":21.0,"Past":32.0,"Press":615.0,"Succ":149.0,"Blocks":33.0,"Int":7.0},{"Player":"Alex McCarthy","Pos":"GK","Tkl":0.0,"TklW":0.0,"Past":0.0,"Press":1.0,"Succ":1.0,"Blocks":0.0,"Int":0.0},{"Player":"James McCarthy","Pos":"MF","Tkl":77.0,"TklW":42.0,"Past":39.0,"Press":419.0,"Succ":125.0,"Blocks":35.0,"Int":14.0},{"Player":"John McGinn","Pos":"MF","Tkl":58.0,"TklW":40.0,"Past":46.0,"Press":508.0,"Succ":144.0,"Blocks":32.0,"Int":20.0},{"Player":"David McGoldrick","Pos":"FW","Tkl":42.0,"TklW":26.0,"Past":12.0,"Press":456.0,"Succ":117.0,"Blocks":20.0,"Int":3.0},{"Player":"Kenny McLean","Pos":"MF","Tkl":48.0,"TklW":31.0,"Past":36.0,"Press":590.0,"Succ":160.0,"Blocks":47.0,"Int":24.0},{"Player":"Dwight McNeil","Pos":"MF","Tkl":55.0,"TklW":28.0,"Past":51.0,"Press":734.0,"Succ":178.0,"Blocks":71.0,"Int":24.0},{"Player":"Scott McTominay","Pos":"MF","Tkl":50.0,"TklW":31.0,"Past":21.0,"Press":262.0,"Succ":84.0,"Blocks":39.0,"Int":23.0},{"Player":"Ben Mee","Pos":"DF","Tkl":35.0,"TklW":16.0,"Past":17.0,"Press":176.0,"Succ":56.0,"Blocks":64.0,"Int":22.0},{"Player":"Benjamin Mendy","Pos":"DF","Tkl":22.0,"TklW":17.0,"Past":19.0,"Press":142.0,"Succ":41.0,"Blocks":21.0,"Int":7.0},{"Player":"Max Meyer","Pos":"MF","Tkl":17.0,"TklW":8.0,"Past":13.0,"Press":144.0,"Succ":39.0,"Blocks":13.0,"Int":4.0},{"Player":"Luka Milivojevic","Pos":"MF","Tkl":60.0,"TklW":37.0,"Past":48.0,"Press":519.0,"Succ":135.0,"Blocks":47.0,"Int":27.0},{"Player":"James Milner","Pos":"MF","Tkl":17.0,"TklW":10.0,"Past":18.0,"Press":169.0,"Succ":41.0,"Blocks":15.0,"Int":7.0},{"Player":"Yerry Mina","Pos":"DF","Tkl":43.0,"TklW":20.0,"Past":12.0,"Press":229.0,"Succ":66.0,"Blocks":37.0,"Int":15.0},{"Player":"Tyrone Mings","Pos":"DF","Tkl":25.0,"TklW":17.0,"Past":8.0,"Press":160.0,"Succ":66.0,"Blocks":72.0,"Int":20.0},{"Player":"Martín Montoya","Pos":"DF","Tkl":49.0,"TklW":28.0,"Past":28.0,"Press":375.0,"Succ":92.0,"Blocks":41.0,"Int":17.0},{"Player":"Aaron Mooy","Pos":"MF","Tkl":43.0,"TklW":31.0,"Past":37.0,"Press":421.0,"Succ":125.0,"Blocks":48.0,"Int":18.0},{"Player":"Wesley","Pos":"FW","Tkl":14.0,"TklW":10.0,"Past":5.0,"Press":313.0,"Succ":78.0,"Blocks":18.0,"Int":5.0},{"Player":"Mason Mount","Pos":"MF","Tkl":48.0,"TklW":31.0,"Past":34.0,"Press":727.0,"Succ":204.0,"Blocks":26.0,"Int":14.0},{"Player":"Lucas Moura","Pos":"FW","Tkl":53.0,"TklW":33.0,"Past":48.0,"Press":532.0,"Succ":144.0,"Blocks":40.0,"Int":14.0},{"Player":"Lys Mousset","Pos":"FW","Tkl":11.0,"TklW":4.0,"Past":5.0,"Press":296.0,"Succ":83.0,"Blocks":10.0,"Int":4.0},{"Player":"João Moutinho","Pos":"MF","Tkl":92.0,"TklW":54.0,"Past":98.0,"Press":882.0,"Succ":213.0,"Blocks":64.0,"Int":28.0},{"Player":"Glenn Murray","Pos":"FW","Tkl":3.0,"TklW":2.0,"Past":6.0,"Press":144.0,"Succ":35.0,"Blocks":6.0,"Int":0.0},{"Player":"Shkodran Mustafi","Pos":"DF","Tkl":14.0,"TklW":9.0,"Past":11.0,"Press":108.0,"Succ":36.0,"Blocks":15.0,"Int":8.0},{"Player":"Marvelous Nakamba","Pos":"MF","Tkl":65.0,"TklW":47.0,"Past":53.0,"Press":491.0,"Succ":168.0,"Blocks":61.0,"Int":28.0},{"Player":"Wilfred Ndidi","Pos":"MF","Tkl":125.0,"TklW":76.0,"Past":68.0,"Press":743.0,"Succ":243.0,"Blocks":71.0,"Int":49.0},{"Player":"Reiss Nelson","Pos":"FW","Tkl":12.0,"TklW":6.0,"Past":6.0,"Press":164.0,"Succ":31.0,"Blocks":13.0,"Int":4.0},{"Player":"Pedro Neto","Pos":"FW","Tkl":11.0,"TklW":5.0,"Past":13.0,"Press":239.0,"Succ":66.0,"Blocks":5.0,"Int":5.0},{"Player":"Rúben Neves","Pos":"MF","Tkl":64.0,"TklW":42.0,"Past":72.0,"Press":688.0,"Succ":170.0,"Blocks":70.0,"Int":31.0},{"Player":"Mark Noble","Pos":"MF","Tkl":50.0,"TklW":36.0,"Past":53.0,"Press":502.0,"Succ":136.0,"Blocks":29.0,"Int":19.0},{"Player":"Oliver Norwood","Pos":"MF","Tkl":75.0,"TklW":44.0,"Past":68.0,"Press":584.0,"Succ":162.0,"Blocks":46.0,"Int":30.0},{"Player":"Michael Obafemi","Pos":"FW","Tkl":6.0,"TklW":2.0,"Past":9.0,"Press":179.0,"Succ":56.0,"Blocks":4.0,"Int":6.0},{"Player":"Angelo Ogbonna","Pos":"DF","Tkl":45.0,"TklW":34.0,"Past":22.0,"Press":313.0,"Succ":117.0,"Blocks":78.0,"Int":23.0},{"Player":"Divock Origi","Pos":"FW","Tkl":15.0,"TklW":10.0,"Past":3.0,"Press":152.0,"Succ":53.0,"Blocks":6.0,"Int":2.0},{"Player":"Nicolás Otamendi","Pos":"DF","Tkl":22.0,"TklW":12.0,"Past":18.0,"Press":109.0,"Succ":36.0,"Blocks":28.0,"Int":9.0},{"Player":"Alex Oxlade-Chamberlain","Pos":"MF","Tkl":23.0,"TklW":14.0,"Past":19.0,"Press":374.0,"Succ":111.0,"Blocks":27.0,"Int":13.0},{"Player":"Mesut Özil","Pos":"MF","Tkl":13.0,"TklW":10.0,"Past":17.0,"Press":305.0,"Succ":63.0,"Blocks":9.0,"Int":3.0},{"Player":"Emerson","Pos":"DF","Tkl":22.0,"TklW":7.0,"Past":7.0,"Press":126.0,"Succ":44.0,"Blocks":31.0,"Int":10.0},{"Player":"Sokratis","Pos":"DF","Tkl":23.0,"TklW":13.0,"Past":14.0,"Press":181.0,"Succ":51.0,"Blocks":41.0,"Int":3.0},{"Player":"Rui Patrício","Pos":"GK","Tkl":0.0,"TklW":0.0,"Past":2.0,"Press":5.0,"Succ":0.0,"Blocks":1.0,"Int":0.0},{"Player":"Nicolas Pepe","Pos":"FW","Tkl":30.0,"TklW":19.0,"Past":12.0,"Press":354.0,"Succ":89.0,"Blocks":20.0,"Int":10.0},{"Player":"Andreas Pereira","Pos":"MF","Tkl":22.0,"TklW":12.0,"Past":32.0,"Press":429.0,"Succ":114.0,"Blocks":24.0,"Int":11.0},{"Player":"Ricardo Pereira","Pos":"DF","Tkl":122.0,"TklW":68.0,"Past":65.0,"Press":563.0,"Succ":176.0,"Blocks":59.0,"Int":41.0},{"Player":"Roberto Pereyra","Pos":"FW","Tkl":16.0,"TklW":10.0,"Past":24.0,"Press":348.0,"Succ":92.0,"Blocks":39.0,"Int":11.0},{"Player":"Ayoze Pérez","Pos":"MF","Tkl":51.0,"TklW":34.0,"Past":44.0,"Press":575.0,"Succ":174.0,"Blocks":32.0,"Int":17.0},{"Player":"Jordan Pickford","Pos":"GK","Tkl":0.0,"TklW":0.0,"Past":5.0,"Press":8.0,"Succ":3.0,"Blocks":0.0,"Int":0.0},{"Player":"Erik Pieters","Pos":"DF","Tkl":58.0,"TklW":41.0,"Past":40.0,"Press":345.0,"Succ":85.0,"Blocks":65.0,"Int":13.0},{"Player":"Paul Pogba","Pos":"MF","Tkl":25.0,"TklW":16.0,"Past":10.0,"Press":165.0,"Succ":58.0,"Blocks":20.0,"Int":4.0},{"Player":"Nick Pope","Pos":"GK","Tkl":0.0,"TklW":0.0,"Past":1.0,"Press":5.0,"Succ":1.0,"Blocks":1.0,"Int":0.0},{"Player":"Dennis Praet","Pos":"MF","Tkl":30.0,"TklW":18.0,"Past":21.0,"Press":304.0,"Succ":76.0,"Blocks":26.0,"Int":13.0},{"Player":"Davy Pröpper","Pos":"MF","Tkl":58.0,"TklW":38.0,"Past":46.0,"Press":484.0,"Succ":144.0,"Blocks":39.0,"Int":32.0},{"Player":"Teemu Pukki","Pos":"FW","Tkl":17.0,"TklW":12.0,"Past":35.0,"Press":602.0,"Succ":160.0,"Blocks":22.0,"Int":8.0},{"Player":"Christian Pulisic","Pos":"FW","Tkl":31.0,"TklW":19.0,"Past":24.0,"Press":379.0,"Succ":111.0,"Blocks":23.0,"Int":2.0},{"Player":"Aaron Ramsdale","Pos":"GK","Tkl":0.0,"TklW":0.0,"Past":2.0,"Press":8.0,"Succ":1.0,"Blocks":1.0,"Int":0.0},{"Player":"Marcus Rashford","Pos":"FW","Tkl":12.0,"TklW":6.0,"Past":21.0,"Press":378.0,"Succ":102.0,"Blocks":26.0,"Int":8.0},{"Player":"Nathan Redmond","Pos":"MF","Tkl":57.0,"TklW":46.0,"Past":46.0,"Press":643.0,"Succ":193.0,"Blocks":39.0,"Int":14.0},{"Player":"Declan Rice","Pos":"MF","Tkl":122.0,"TklW":89.0,"Past":63.0,"Press":819.0,"Succ":237.0,"Blocks":68.0,"Int":50.0},{"Player":"Richarlison","Pos":"FW","Tkl":68.0,"TklW":45.0,"Past":38.0,"Press":710.0,"Succ":188.0,"Blocks":34.0,"Int":9.0},{"Player":"Diego Rico","Pos":"DF","Tkl":65.0,"TklW":42.0,"Past":38.0,"Press":406.0,"Succ":126.0,"Blocks":82.0,"Int":32.0},{"Player":"Jairo Riedewald","Pos":"DF","Tkl":15.0,"TklW":12.0,"Past":5.0,"Press":118.0,"Succ":40.0,"Blocks":13.0,"Int":11.0},{"Player":"Matt Ritchie","Pos":"DF","Tkl":24.0,"TklW":17.0,"Past":13.0,"Press":208.0,"Succ":49.0,"Blocks":27.0,"Int":17.0},{"Player":"Andrew Robertson","Pos":"DF","Tkl":60.0,"TklW":32.0,"Past":38.0,"Press":390.0,"Succ":134.0,"Blocks":59.0,"Int":30.0},{"Player":"Callum Robinson","Pos":"FW","Tkl":4.0,"TklW":4.0,"Past":3.0,"Press":178.0,"Succ":50.0,"Blocks":4.0,"Int":3.0},{"Player":"Rodri","Pos":"MF","Tkl":64.0,"TklW":44.0,"Past":40.0,"Press":462.0,"Succ":137.0,"Blocks":28.0,"Int":15.0},{"Player":"Jay Rodriguez","Pos":"FW","Tkl":33.0,"TklW":17.0,"Past":30.0,"Press":573.0,"Succ":150.0,"Blocks":43.0,"Int":4.0},{"Player":"Oriol Romeu","Pos":"MF","Tkl":56.0,"TklW":39.0,"Past":54.0,"Press":441.0,"Succ":141.0,"Blocks":58.0,"Int":21.0},{"Player":"Danny Rose","Pos":"DF","Tkl":16.0,"TklW":13.0,"Past":10.0,"Press":103.0,"Succ":34.0,"Blocks":23.0,"Int":6.0},{"Player":"Danny Rose","Pos":"DF","Tkl":26.0,"TklW":15.0,"Past":11.0,"Press":92.0,"Succ":29.0,"Blocks":11.0,"Int":8.0},{"Player":"Antonio Rüdiger","Pos":"DF","Tkl":43.0,"TklW":24.0,"Past":8.0,"Press":166.0,"Succ":64.0,"Blocks":27.0,"Int":3.0},{"Player":"Mat Ryan","Pos":"GK","Tkl":0.0,"TklW":0.0,"Past":5.0,"Press":10.0,"Succ":4.0,"Blocks":0.0,"Int":0.0},{"Player":"Allan Saint-Maximin","Pos":"MF","Tkl":17.0,"TklW":11.0,"Past":20.0,"Press":251.0,"Succ":62.0,"Blocks":21.0,"Int":6.0},{"Player":"Romain Saiss","Pos":"DF","Tkl":66.0,"TklW":30.0,"Past":22.0,"Press":343.0,"Succ":116.0,"Blocks":58.0,"Int":27.0},{"Player":"Bukayo Saka","Pos":"DF","Tkl":38.0,"TklW":22.0,"Past":20.0,"Press":288.0,"Succ":84.0,"Blocks":25.0,"Int":9.0},{"Player":"Mohamed Salah","Pos":"FW","Tkl":21.0,"TklW":13.0,"Past":23.0,"Press":552.0,"Succ":180.0,"Blocks":13.0,"Int":5.0},{"Player":"Davinson Sánchez","Pos":"DF","Tkl":49.0,"TklW":36.0,"Past":35.0,"Press":278.0,"Succ":105.0,"Blocks":56.0,"Int":23.0},{"Player":"Ismaila Sarr","Pos":"FW","Tkl":24.0,"TklW":18.0,"Past":17.0,"Press":426.0,"Succ":103.0,"Blocks":19.0,"Int":17.0},{"Player":"Fabian Schär","Pos":"DF","Tkl":49.0,"TklW":27.0,"Past":26.0,"Press":226.0,"Succ":60.0,"Blocks":44.0,"Int":32.0},{"Player":"Jeffrey Schlupp","Pos":"MF","Tkl":20.0,"TklW":6.0,"Past":10.0,"Press":149.0,"Succ":36.0,"Blocks":25.0,"Int":7.0},{"Player":"Kasper Schmeichel","Pos":"GK","Tkl":0.0,"TklW":0.0,"Past":1.0,"Press":5.0,"Succ":2.0,"Blocks":0.0,"Int":1.0},{"Player":"Morgan Schneiderlin","Pos":"MF","Tkl":32.0,"TklW":19.0,"Past":25.0,"Press":230.0,"Succ":58.0,"Blocks":22.0,"Int":12.0},{"Player":"Billy Sharp","Pos":"FW","Tkl":9.0,"TklW":5.0,"Past":3.0,"Press":217.0,"Succ":55.0,"Blocks":4.0,"Int":1.0},{"Player":"Luke Shaw","Pos":"DF","Tkl":34.0,"TklW":24.0,"Past":20.0,"Press":274.0,"Succ":78.0,"Blocks":53.0,"Int":15.0},{"Player":"Jonjo Shelvey","Pos":"MF","Tkl":30.0,"TklW":16.0,"Past":33.0,"Press":392.0,"Succ":88.0,"Blocks":26.0,"Int":10.0},{"Player":"Djibril Sidibe","Pos":"DF","Tkl":84.0,"TklW":40.0,"Past":38.0,"Press":392.0,"Succ":114.0,"Blocks":37.0,"Int":32.0},{"Player":"Gylfi Sigurdsson","Pos":"MF","Tkl":60.0,"TklW":45.0,"Past":64.0,"Press":651.0,"Succ":165.0,"Blocks":49.0,"Int":24.0},{"Player":"Bernardo Silva","Pos":"FW","Tkl":39.0,"TklW":26.0,"Past":34.0,"Press":408.0,"Succ":124.0,"Blocks":36.0,"Int":23.0},{"Player":"David Silva","Pos":"MF","Tkl":26.0,"TklW":16.0,"Past":15.0,"Press":302.0,"Succ":96.0,"Blocks":21.0,"Int":9.0},{"Player":"Moussa Sissoko","Pos":"MF","Tkl":56.0,"TklW":35.0,"Past":30.0,"Press":437.0,"Succ":126.0,"Blocks":38.0,"Int":22.0},{"Player":"Willian","Pos":"MF","Tkl":12.0,"TklW":8.0,"Past":8.0,"Press":72.0,"Succ":27.0,"Blocks":9.0,"Int":1.0},{"Player":"Adam Smith","Pos":"DF","Tkl":52.0,"TklW":30.0,"Past":31.0,"Press":406.0,"Succ":111.0,"Blocks":56.0,"Int":23.0},{"Player":"Robert Snodgrass","Pos":"MF","Tkl":27.0,"TklW":10.0,"Past":30.0,"Press":367.0,"Succ":90.0,"Blocks":21.0,"Int":1.0},{"Player":"Cédric Soares","Pos":"DF","Tkl":46.0,"TklW":24.0,"Past":20.0,"Press":298.0,"Succ":92.0,"Blocks":37.0,"Int":16.0},{"Player":"Cédric Soares","Pos":"DF","Tkl":6.0,"TklW":5.0,"Past":3.0,"Press":55.0,"Succ":15.0,"Blocks":10.0,"Int":3.0},{"Player":"Dominic Solanke","Pos":"FW","Tkl":11.0,"TklW":10.0,"Past":24.0,"Press":641.0,"Succ":151.0,"Blocks":19.0,"Int":7.0},{"Player":"Caglar Söyüncü","Pos":"DF","Tkl":73.0,"TklW":47.0,"Past":26.0,"Press":298.0,"Succ":119.0,"Blocks":49.0,"Int":26.0},{"Player":"Jack Stacey","Pos":"DF","Tkl":21.0,"TklW":13.0,"Past":16.0,"Press":241.0,"Succ":62.0,"Blocks":41.0,"Int":14.0},{"Player":"Junior Stanislas","Pos":"MF","Tkl":10.0,"TklW":6.0,"Past":5.0,"Press":107.0,"Succ":34.0,"Blocks":9.0,"Int":1.0},{"Player":"Dale Stephens","Pos":"MF","Tkl":76.0,"TklW":40.0,"Past":50.0,"Press":465.0,"Succ":150.0,"Blocks":43.0,"Int":39.0},{"Player":"Jack Stephens","Pos":"DF","Tkl":56.0,"TklW":35.0,"Past":28.0,"Press":223.0,"Succ":78.0,"Blocks":60.0,"Int":18.0},{"Player":"Raheem Sterling","Pos":"FW","Tkl":41.0,"TklW":29.0,"Past":23.0,"Press":412.0,"Succ":132.0,"Blocks":25.0,"Int":10.0},{"Player":"Enda Stevens","Pos":"DF","Tkl":76.0,"TklW":43.0,"Past":50.0,"Press":606.0,"Succ":161.0,"Blocks":76.0,"Int":24.0},{"Player":"Marco Stiepermann","Pos":"MF","Tkl":18.0,"TklW":7.0,"Past":16.0,"Press":257.0,"Succ":53.0,"Blocks":15.0,"Int":3.0},{"Player":"John Stones","Pos":"DF","Tkl":19.0,"TklW":12.0,"Past":4.0,"Press":90.0,"Succ":39.0,"Blocks":15.0,"Int":2.0},{"Player":"Matt Targett","Pos":"DF","Tkl":57.0,"TklW":33.0,"Past":36.0,"Press":372.0,"Succ":109.0,"Blocks":68.0,"Int":21.0},{"Player":"James Tarkowski","Pos":"DF","Tkl":76.0,"TklW":51.0,"Past":25.0,"Press":313.0,"Succ":100.0,"Blocks":85.0,"Int":43.0},{"Player":"Charlie Taylor","Pos":"DF","Tkl":43.0,"TklW":16.0,"Past":26.0,"Press":224.0,"Succ":65.0,"Blocks":60.0,"Int":13.0},{"Player":"Alexander Tettey","Pos":"MF","Tkl":31.0,"TklW":20.0,"Past":31.0,"Press":384.0,"Succ":98.0,"Blocks":40.0,"Int":26.0},{"Player":"Youri Tielemans","Pos":"MF","Tkl":57.0,"TklW":40.0,"Past":56.0,"Press":604.0,"Succ":166.0,"Blocks":51.0,"Int":18.0},{"Player":"Kieran Tierney","Pos":"DF","Tkl":21.0,"TklW":11.0,"Past":5.0,"Press":126.0,"Succ":39.0,"Blocks":22.0,"Int":10.0},{"Player":"James Tomkins","Pos":"DF","Tkl":30.0,"TklW":14.0,"Past":6.0,"Press":138.0,"Succ":45.0,"Blocks":33.0,"Int":12.0},{"Player":"Fikayo Tomori","Pos":"DF","Tkl":30.0,"TklW":15.0,"Past":6.0,"Press":149.0,"Succ":48.0,"Blocks":29.0,"Int":15.0},{"Player":"Lucas Torreira","Pos":"MF","Tkl":37.0,"TklW":24.0,"Past":21.0,"Press":403.0,"Succ":102.0,"Blocks":29.0,"Int":24.0},{"Player":"Andros Townsend","Pos":"MF","Tkl":32.0,"TklW":20.0,"Past":22.0,"Press":290.0,"Succ":65.0,"Blocks":28.0,"Int":13.0},{"Player":"Adama Traoré","Pos":"FW","Tkl":41.0,"TklW":23.0,"Past":17.0,"Press":404.0,"Succ":108.0,"Blocks":28.0,"Int":8.0},{"Player":"Trézéguet","Pos":"FW","Tkl":42.0,"TklW":28.0,"Past":35.0,"Press":530.0,"Succ":129.0,"Blocks":41.0,"Int":17.0},{"Player":"Leandro Trossard","Pos":"FW","Tkl":28.0,"TklW":16.0,"Past":30.0,"Press":373.0,"Succ":100.0,"Blocks":29.0,"Int":10.0},{"Player":"Tom Trybull","Pos":"MF","Tkl":49.0,"TklW":30.0,"Past":48.0,"Press":394.0,"Succ":112.0,"Blocks":21.0,"Int":15.0},{"Player":"Jamie Vardy","Pos":"FW","Tkl":17.0,"TklW":11.0,"Past":5.0,"Press":497.0,"Succ":146.0,"Blocks":29.0,"Int":2.0},{"Player":"Jan Vertonghen","Pos":"DF","Tkl":31.0,"TklW":21.0,"Past":10.0,"Press":154.0,"Succ":51.0,"Blocks":30.0,"Int":22.0},{"Player":"Jannik Vestergaard","Pos":"DF","Tkl":25.0,"TklW":12.0,"Past":20.0,"Press":134.0,"Succ":49.0,"Blocks":22.0,"Int":11.0},{"Player":"Rúben Vinagre","Pos":"DF","Tkl":25.0,"TklW":13.0,"Past":5.0,"Press":117.0,"Succ":38.0,"Blocks":20.0,"Int":10.0},{"Player":"Mario Vrancic","Pos":"MF","Tkl":28.0,"TklW":15.0,"Past":14.0,"Press":132.0,"Succ":31.0,"Blocks":14.0,"Int":3.0},{"Player":"Matej Vydra","Pos":"FW","Tkl":4.0,"TklW":2.0,"Past":4.0,"Press":184.0,"Succ":47.0,"Blocks":12.0,"Int":0.0},{"Player":"Theo Walcott","Pos":"MF","Tkl":17.0,"TklW":8.0,"Past":9.0,"Press":189.0,"Succ":45.0,"Blocks":18.0,"Int":11.0},{"Player":"Kyle Walker","Pos":"DF","Tkl":33.0,"TklW":23.0,"Past":14.0,"Press":256.0,"Succ":101.0,"Blocks":31.0,"Int":15.0},{"Player":"Aaron Wan-Bissaka","Pos":"DF","Tkl":138.0,"TklW":65.0,"Past":28.0,"Press":611.0,"Succ":176.0,"Blocks":101.0,"Int":49.0},{"Player":"Joel Ward","Pos":"DF","Tkl":67.0,"TklW":31.0,"Past":26.0,"Press":318.0,"Succ":84.0,"Blocks":46.0,"Int":24.0},{"Player":"James Ward-Prowse","Pos":"MF","Tkl":95.0,"TklW":56.0,"Past":68.0,"Press":826.0,"Succ":244.0,"Blocks":67.0,"Int":36.0},{"Player":"Adam Webster","Pos":"DF","Tkl":37.0,"TklW":25.0,"Past":20.0,"Press":222.0,"Succ":86.0,"Blocks":66.0,"Int":34.0},{"Player":"Danny Welbeck","Pos":"FW","Tkl":10.0,"TklW":9.0,"Past":10.0,"Press":168.0,"Succ":52.0,"Blocks":12.0,"Int":2.0},{"Player":"Ashley Westwood","Pos":"MF","Tkl":48.0,"TklW":30.0,"Past":42.0,"Press":608.0,"Succ":152.0,"Blocks":45.0,"Int":27.0},{"Player":"Georginio Wijnaldum","Pos":"MF","Tkl":37.0,"TklW":29.0,"Past":29.0,"Press":489.0,"Succ":160.0,"Blocks":35.0,"Int":14.0},{"Player":"Jetro Willems","Pos":"DF","Tkl":32.0,"TklW":19.0,"Past":22.0,"Press":230.0,"Succ":65.0,"Blocks":32.0,"Int":18.0},{"Player":"Brandon Williams","Pos":"DF","Tkl":19.0,"TklW":5.0,"Past":20.0,"Press":166.0,"Succ":40.0,"Blocks":36.0,"Int":8.0},{"Player":"Willian","Pos":"FW","Tkl":43.0,"TklW":27.0,"Past":40.0,"Press":525.0,"Succ":150.0,"Blocks":22.0,"Int":16.0},{"Player":"Joe Willock","Pos":"MF","Tkl":22.0,"TklW":15.0,"Past":16.0,"Press":242.0,"Succ":67.0,"Blocks":19.0,"Int":6.0},{"Player":"Callum Wilson","Pos":"FW","Tkl":15.0,"TklW":12.0,"Past":13.0,"Press":770.0,"Succ":206.0,"Blocks":18.0,"Int":3.0},{"Player":"Harry Wilson","Pos":"MF","Tkl":25.0,"TklW":11.0,"Past":23.0,"Press":410.0,"Succ":95.0,"Blocks":38.0,"Int":7.0},{"Player":"Harry Winks","Pos":"MF","Tkl":42.0,"TklW":23.0,"Past":40.0,"Press":435.0,"Succ":130.0,"Blocks":31.0,"Int":27.0},{"Player":"Chris Wood","Pos":"FW","Tkl":10.0,"TklW":6.0,"Past":14.0,"Press":407.0,"Succ":92.0,"Blocks":18.0,"Int":5.0},{"Player":"Granit Xhaka","Pos":"MF","Tkl":46.0,"TklW":27.0,"Past":37.0,"Press":433.0,"Succ":126.0,"Blocks":55.0,"Int":11.0},{"Player":"Andriy Yarmolenko","Pos":"MF","Tkl":15.0,"TklW":10.0,"Past":16.0,"Press":167.0,"Succ":46.0,"Blocks":8.0,"Int":3.0},{"Player":"DeAndre Yedlin","Pos":"DF","Tkl":19.0,"TklW":14.0,"Past":8.0,"Press":181.0,"Succ":38.0,"Blocks":26.0,"Int":8.0},{"Player":"Wilfried Zaha","Pos":"MF","Tkl":45.0,"TklW":31.0,"Past":35.0,"Press":813.0,"Succ":237.0,"Blocks":33.0,"Int":22.0},{"Player":"Christoph Zimmermann","Pos":"DF","Tkl":31.0,"TklW":21.0,"Past":9.0,"Press":123.0,"Succ":38.0,"Blocks":33.0,"Int":9.0},{"Player":"Oleksandr Zinchenko","Pos":"DF","Tkl":28.0,"TklW":16.0,"Past":22.0,"Press":139.0,"Succ":45.0,"Blocks":20.0,"Int":6.0},{"Player":"Kurt Zouma","Pos":"DF","Tkl":"33","TklW":"17","Past":"5","Press":"177","Succ":"55","Blocks":"34","Int":"26"}]