[{"Player":"David Abraham","Pos":"DF","Tkl":28.0,"TklW":19.0,"Past":18.0,"Press":181.0,"Succ":68.0,"Blocks":40.0,"Int":15.0},{"Player":"Manuel Akanji","Pos":"DF","Tkl":34.0,"TklW":25.0,"Past":14.0,"Press":161.0,"Succ":60.0,"Blocks":27.0,"Int":17.0},{"Player":"Chadrac Akolo","Pos":"MF","Tkl":7.0,"TklW":5.0,"Past":4.0,"Press":138.0,"Succ":35.0,"Blocks":6.0,"Int":2.0},{"Player":"David Alaba","Pos":"DF","Tkl":30.0,"TklW":21.0,"Past":17.0,"Press":249.0,"Succ":108.0,"Blocks":48.0,"Int":15.0},{"Player":"Lucas Alario","Pos":"FW","Tkl":13.0,"TklW":9.0,"Past":10.0,"Press":287.0,"Succ":90.0,"Blocks":14.0,"Int":1.0},{"Player":"Miiko Albornoz","Pos":"DF","Tkl":40.0,"TklW":25.0,"Past":30.0,"Press":298.0,"Succ":86.0,"Blocks":36.0,"Int":6.0},{"Player":"Paco Alcácer","Pos":"FW","Tkl":4.0,"TklW":4.0,"Past":8.0,"Press":189.0,"Succ":43.0,"Blocks":6.0,"Int":7.0},{"Player":"Thiago Alcántara","Pos":"MF","Tkl":85.0,"TklW":66.0,"Past":29.0,"Press":388.0,"Succ":127.0,"Blocks":29.0,"Int":35.0},{"Player":"Waldemar Anton","Pos":"DF","Tkl":51.0,"TklW":35.0,"Past":29.0,"Press":296.0,"Succ":99.0,"Blocks":65.0,"Int":46.0},{"Player":"Dennis Aogo","Pos":"MF","Tkl":13.0,"TklW":8.0,"Past":10.0,"Press":138.0,"Succ":45.0,"Blocks":8.0,"Int":12.0},{"Player":"Charles Aránguiz","Pos":"MF","Tkl":47.0,"TklW":33.0,"Past":55.0,"Press":453.0,"Succ":150.0,"Blocks":36.0,"Int":23.0},{"Player":"Maximilian Arnold","Pos":"MF","Tkl":53.0,"TklW":33.0,"Past":43.0,"Press":526.0,"Succ":123.0,"Blocks":46.0,"Int":38.0},{"Player":"Santiago Ascacibar","Pos":"MF","Tkl":78.0,"TklW":41.0,"Past":56.0,"Press":628.0,"Succ":168.0,"Blocks":59.0,"Int":23.0},{"Player":"Jean-Kevin Augustin","Pos":"FW","Tkl":0.0,"TklW":0.0,"Past":2.0,"Press":98.0,"Succ":37.0,"Blocks":8.0,"Int":5.0},{"Player":"Ludwig Augustinsson","Pos":"DF","Tkl":55.0,"TklW":31.0,"Past":27.0,"Press":432.0,"Succ":114.0,"Blocks":57.0,"Int":29.0},{"Player":"Kaan Ayhan","Pos":"DF","Tkl":61.0,"TklW":40.0,"Past":25.0,"Press":218.0,"Succ":94.0,"Blocks":42.0,"Int":40.0},{"Player":"Daniel Baier","Pos":"MF","Tkl":65.0,"TklW":38.0,"Past":48.0,"Press":473.0,"Succ":118.0,"Blocks":43.0,"Int":44.0},{"Player":"Leon Bailey","Pos":"FW","Tkl":19.0,"TklW":12.0,"Past":12.0,"Press":357.0,"Succ":102.0,"Blocks":29.0,"Int":15.0},{"Player":"Marvin Bakalorz","Pos":"MF","Tkl":25.0,"TklW":17.0,"Past":34.0,"Press":252.0,"Succ":70.0,"Blocks":30.0,"Int":23.0},{"Player":"Philipp Bargfrede","Pos":"MF","Tkl":18.0,"TklW":14.0,"Past":21.0,"Press":141.0,"Succ":38.0,"Blocks":35.0,"Int":20.0},{"Player":"Robert Bauer","Pos":"DF","Tkl":46.0,"TklW":20.0,"Past":18.0,"Press":225.0,"Succ":59.0,"Blocks":40.0,"Int":22.0},{"Player":"Oliver Baumann","Pos":"GK","Tkl":0.0,"TklW":0.0,"Past":0.0,"Press":2.0,"Succ":1.0,"Blocks":1.0,"Int":0.0},{"Player":"Timo Baumgartl","Pos":"DF","Tkl":36.0,"TklW":22.0,"Past":13.0,"Press":154.0,"Succ":51.0,"Blocks":40.0,"Int":14.0},{"Player":"Julian Baumgartlinger","Pos":"MF","Tkl":54.0,"TklW":34.0,"Past":28.0,"Press":325.0,"Succ":102.0,"Blocks":29.0,"Int":20.0},{"Player":"Andreas Beck","Pos":"DF","Tkl":39.0,"TklW":23.0,"Past":21.0,"Press":318.0,"Succ":81.0,"Blocks":38.0,"Int":15.0},{"Player":"Hanno Behrens","Pos":"MF","Tkl":43.0,"TklW":25.0,"Past":37.0,"Press":581.0,"Succ":128.0,"Blocks":56.0,"Int":22.0},{"Player":"Ishak Belfodil","Pos":"FW","Tkl":16.0,"TklW":9.0,"Past":11.0,"Press":205.0,"Succ":56.0,"Blocks":18.0,"Int":2.0},{"Player":"Stefan Bell","Pos":"DF","Tkl":36.0,"TklW":19.0,"Past":20.0,"Press":184.0,"Succ":73.0,"Blocks":38.0,"Int":36.0},{"Player":"Karim Bellarabi","Pos":"FW","Tkl":14.0,"TklW":10.0,"Past":9.0,"Press":185.0,"Succ":58.0,"Blocks":14.0,"Int":9.0},{"Player":"Lars Bender","Pos":"DF","Tkl":43.0,"TklW":31.0,"Past":20.0,"Press":266.0,"Succ":98.0,"Blocks":35.0,"Int":13.0},{"Player":"Sven Bender","Pos":"DF","Tkl":38.0,"TklW":23.0,"Past":13.0,"Press":191.0,"Succ":67.0,"Blocks":35.0,"Int":36.0},{"Player":"Nabil Bentaleb","Pos":"MF","Tkl":30.0,"TklW":21.0,"Past":19.0,"Press":285.0,"Succ":79.0,"Blocks":29.0,"Int":20.0},{"Player":"Leonardo Bittencourt","Pos":"MF","Tkl":31.0,"TklW":25.0,"Past":31.0,"Press":350.0,"Succ":87.0,"Blocks":22.0,"Int":13.0},{"Player":"Jérôme Boateng","Pos":"DF","Tkl":20.0,"TklW":9.0,"Past":13.0,"Press":92.0,"Succ":36.0,"Blocks":19.0,"Int":12.0},{"Player":"Adam Bodzek","Pos":"MF","Tkl":43.0,"TklW":26.0,"Past":21.0,"Press":307.0,"Succ":89.0,"Blocks":15.0,"Int":13.0},{"Player":"Jean-Paul Boëtius","Pos":"MF","Tkl":58.0,"TklW":36.0,"Past":41.0,"Press":683.0,"Succ":153.0,"Blocks":57.0,"Int":31.0},{"Player":"Julian Brandt","Pos":"MF","Tkl":21.0,"TklW":15.0,"Past":44.0,"Press":476.0,"Succ":140.0,"Blocks":33.0,"Int":17.0},{"Player":"Josip Brekalo","Pos":"FW","Tkl":14.0,"TklW":12.0,"Past":24.0,"Press":356.0,"Succ":73.0,"Blocks":16.0,"Int":11.0},{"Player":"John Brooks","Pos":"DF","Tkl":37.0,"TklW":25.0,"Past":17.0,"Press":181.0,"Succ":62.0,"Blocks":45.0,"Int":19.0},{"Player":"Daniel Brosinski","Pos":"DF","Tkl":23.0,"TklW":11.0,"Past":25.0,"Press":246.0,"Succ":53.0,"Blocks":49.0,"Int":16.0},{"Player":"Jacob Bruun Larsen","Pos":"FW","Tkl":15.0,"TklW":11.0,"Past":18.0,"Press":242.0,"Succ":56.0,"Blocks":21.0,"Int":10.0},{"Player":"Guido Burgstaller","Pos":"FW","Tkl":13.0,"TklW":8.0,"Past":7.0,"Press":359.0,"Succ":83.0,"Blocks":14.0,"Int":1.0},{"Player":"Roman Bürki","Pos":"GK","Tkl":0.0,"TklW":0.0,"Past":2.0,"Press":4.0,"Succ":2.0,"Blocks":0.0,"Int":0.0},{"Player":"Daniel Caligiuri","Pos":"DF","Tkl":98.0,"TklW":66.0,"Past":79.0,"Press":579.0,"Succ":178.0,"Blocks":79.0,"Int":35.0},{"Player":"Koen Casteels","Pos":"GK","Tkl":0.0,"TklW":0.0,"Past":2.0,"Press":2.0,"Succ":0.0,"Blocks":0.0,"Int":0.0},{"Player":"Gonzalo Castro","Pos":"MF","Tkl":50.0,"TklW":38.0,"Past":30.0,"Press":407.0,"Succ":97.0,"Blocks":29.0,"Int":20.0},{"Player":"Kingsley Coman","Pos":"FW","Tkl":10.0,"TklW":6.0,"Past":14.0,"Press":277.0,"Succ":81.0,"Blocks":24.0,"Int":4.0},{"Player":"Sergio Córdova","Pos":"FW","Tkl":10.0,"TklW":9.0,"Past":5.0,"Press":172.0,"Succ":36.0,"Blocks":6.0,"Int":3.0},{"Player":"Danny da Costa","Pos":"DF","Tkl":57.0,"TklW":37.0,"Past":27.0,"Press":532.0,"Succ":139.0,"Blocks":67.0,"Int":30.0},{"Player":"Matheus Cunha","Pos":"FW","Tkl":7.0,"TklW":5.0,"Past":12.0,"Press":252.0,"Succ":65.0,"Blocks":15.0,"Int":2.0},{"Player":"Kevin Danso","Pos":"DF","Tkl":29.0,"TklW":14.0,"Past":6.0,"Press":140.0,"Succ":40.0,"Blocks":25.0,"Int":14.0},{"Player":"Thomas Delaney","Pos":"MF","Tkl":67.0,"TklW":50.0,"Past":14.0,"Press":371.0,"Succ":136.0,"Blocks":41.0,"Int":35.0},{"Player":"Kerem Demirbay","Pos":"MF","Tkl":49.0,"TklW":36.0,"Past":41.0,"Press":396.0,"Succ":109.0,"Blocks":39.0,"Int":23.0},{"Player":"Diego Demme","Pos":"MF","Tkl":75.0,"TklW":50.0,"Past":42.0,"Press":439.0,"Succ":151.0,"Blocks":30.0,"Int":20.0},{"Player":"Abdou Diallo","Pos":"DF","Tkl":37.0,"TklW":23.0,"Past":11.0,"Press":246.0,"Succ":79.0,"Blocks":48.0,"Int":26.0},{"Player":"Daniel Didavi","Pos":"MF","Tkl":24.0,"TklW":14.0,"Past":14.0,"Press":191.0,"Succ":53.0,"Blocks":11.0,"Int":6.0},{"Player":"Javairo Dilrosun","Pos":"FW","Tkl":11.0,"TklW":9.0,"Past":10.0,"Press":161.0,"Succ":43.0,"Blocks":23.0,"Int":9.0},{"Player":"Anastasios Donis","Pos":"FW","Tkl":19.0,"TklW":15.0,"Past":7.0,"Press":204.0,"Succ":37.0,"Blocks":4.0,"Int":4.0},{"Player":"Aleksandar Dragovic","Pos":"DF","Tkl":20.0,"TklW":11.0,"Past":9.0,"Press":100.0,"Succ":28.0,"Blocks":31.0,"Int":17.0},{"Player":"Marvin Ducksch","Pos":"FW","Tkl":4.0,"TklW":1.0,"Past":3.0,"Press":149.0,"Succ":43.0,"Blocks":8.0,"Int":4.0},{"Player":"Ondrej Duda","Pos":"MF","Tkl":52.0,"TklW":33.0,"Past":42.0,"Press":598.0,"Succ":160.0,"Blocks":31.0,"Int":18.0},{"Player":"Johannes Eggestein","Pos":"FW","Tkl":8.0,"TklW":5.0,"Past":19.0,"Press":400.0,"Succ":96.0,"Blocks":14.0,"Int":6.0},{"Player":"Maximilian Eggestein","Pos":"MF","Tkl":71.0,"TklW":47.0,"Past":29.0,"Press":639.0,"Succ":166.0,"Blocks":55.0,"Int":28.0},{"Player":"Nico Elvedi","Pos":"DF","Tkl":40.0,"TklW":25.0,"Past":16.0,"Press":195.0,"Succ":56.0,"Blocks":44.0,"Int":47.0},{"Player":"Breel Embolo","Pos":"FW","Tkl":20.0,"TklW":16.0,"Past":10.0,"Press":257.0,"Succ":66.0,"Blocks":10.0,"Int":5.0},{"Player":"Patrick Erras","Pos":"MF","Tkl":22.0,"TklW":13.0,"Past":10.0,"Press":174.0,"Succ":51.0,"Blocks":27.0,"Int":13.0},{"Player":"Michael Esser","Pos":"GK","Tkl":2.0,"TklW":1.0,"Past":3.0,"Press":5.0,"Succ":0.0,"Blocks":1.0,"Int":0.0},{"Player":"Alexander Esswein","Pos":"FW","Tkl":23.0,"TklW":12.0,"Past":15.0,"Press":301.0,"Succ":90.0,"Blocks":21.0,"Int":10.0},{"Player":"Ewerton","Pos":"DF","Tkl":26.0,"TklW":18.0,"Past":9.0,"Press":98.0,"Succ":32.0,"Blocks":25.0,"Int":19.0},{"Player":"Ralf Fährmann","Pos":"GK","Tkl":0.0,"TklW":0.0,"Past":0.0,"Press":1.0,"Succ":0.0,"Blocks":0.0,"Int":0.0},{"Player":"Felipe","Pos":"DF","Tkl":28.0,"TklW":20.0,"Past":8.0,"Press":84.0,"Succ":30.0,"Blocks":24.0,"Int":22.0},{"Player":"Gelson Fernandes","Pos":"MF","Tkl":75.0,"TklW":52.0,"Past":50.0,"Press":669.0,"Succ":191.0,"Blocks":51.0,"Int":35.0},{"Player":"Oliver Fink","Pos":"MF","Tkl":45.0,"TklW":33.0,"Past":28.0,"Press":417.0,"Succ":99.0,"Blocks":13.0,"Int":9.0},{"Player":"Alfred Finnbogason","Pos":"FW","Tkl":8.0,"TklW":5.0,"Past":4.0,"Press":267.0,"Succ":62.0,"Blocks":13.0,"Int":2.0},{"Player":"Emil Forsberg","Pos":"MF","Tkl":14.0,"TklW":6.0,"Past":12.0,"Press":239.0,"Succ":77.0,"Blocks":13.0,"Int":3.0},{"Player":"Mike Frantz","Pos":"MF","Tkl":31.0,"TklW":19.0,"Past":18.0,"Press":344.0,"Succ":82.0,"Blocks":36.0,"Int":9.0},{"Player":"Mijat Gacinovic","Pos":"MF","Tkl":34.0,"TklW":17.0,"Past":34.0,"Press":432.0,"Succ":121.0,"Blocks":27.0,"Int":25.0},{"Player":"Jean-Philippe Gbamin","Pos":"MF","Tkl":46.0,"TklW":32.0,"Past":38.0,"Press":588.0,"Succ":143.0,"Blocks":43.0,"Int":31.0},{"Player":"Theodor Gebre Selassie","Pos":"DF","Tkl":60.0,"TklW":41.0,"Past":34.0,"Press":452.0,"Succ":150.0,"Blocks":53.0,"Int":54.0},{"Player":"Christian Gentner","Pos":"MF","Tkl":58.0,"TklW":34.0,"Past":38.0,"Press":519.0,"Succ":132.0,"Blocks":35.0,"Int":22.0},{"Player":"Yannick Gerhardt","Pos":"MF","Tkl":57.0,"TklW":34.0,"Past":32.0,"Press":523.0,"Succ":147.0,"Blocks":40.0,"Int":20.0},{"Player":"Niko Gießelmann","Pos":"DF","Tkl":56.0,"TklW":34.0,"Past":40.0,"Press":415.0,"Succ":93.0,"Blocks":50.0,"Int":19.0},{"Player":"Daniel Ginczek","Pos":"FW","Tkl":11.0,"TklW":9.0,"Past":14.0,"Press":221.0,"Succ":58.0,"Blocks":19.0,"Int":2.0},{"Player":"Matthias Ginter","Pos":"DF","Tkl":23.0,"TklW":16.0,"Past":10.0,"Press":132.0,"Succ":46.0,"Blocks":43.0,"Int":17.0},{"Player":"Serge Gnabry","Pos":"FW","Tkl":42.0,"TklW":32.0,"Past":27.0,"Press":435.0,"Succ":132.0,"Blocks":23.0,"Int":15.0},{"Player":"Mario Gomez","Pos":"FW","Tkl":17.0,"TklW":16.0,"Past":11.0,"Press":346.0,"Succ":84.0,"Blocks":19.0,"Int":6.0},{"Player":"Jérôme Gondorf","Pos":"MF","Tkl":33.0,"TklW":23.0,"Past":18.0,"Press":225.0,"Succ":55.0,"Blocks":35.0,"Int":12.0},{"Player":"Nicolás González","Pos":"FW","Tkl":26.0,"TklW":16.0,"Past":16.0,"Press":385.0,"Succ":93.0,"Blocks":28.0,"Int":8.0},{"Player":"Leon Goretzka","Pos":"MF","Tkl":35.0,"TklW":24.0,"Past":27.0,"Press":349.0,"Succ":98.0,"Blocks":27.0,"Int":14.0},{"Player":"Mario Götze","Pos":"FW","Tkl":23.0,"TklW":17.0,"Past":21.0,"Press":516.0,"Succ":150.0,"Blocks":14.0,"Int":6.0},{"Player":"Jeffrey Gouweleeuw","Pos":"DF","Tkl":44.0,"TklW":32.0,"Past":19.0,"Press":173.0,"Succ":66.0,"Blocks":65.0,"Int":26.0},{"Player":"Michael Gregoritsch","Pos":"MF","Tkl":30.0,"TklW":20.0,"Past":37.0,"Press":533.0,"Succ":119.0,"Blocks":40.0,"Int":9.0},{"Player":"Vincenzo Grifo","Pos":"MF","Tkl":18.0,"TklW":11.0,"Past":19.0,"Press":326.0,"Succ":56.0,"Blocks":10.0,"Int":4.0},{"Player":"Vincenzo Grifo","Pos":"MF","Tkl":5.0,"TklW":3.0,"Past":2.0,"Press":71.0,"Succ":15.0,"Blocks":1.0,"Int":1.0},{"Player":"Florian Grillitsch","Pos":"MF","Tkl":72.0,"TklW":45.0,"Past":41.0,"Press":528.0,"Succ":151.0,"Blocks":51.0,"Int":53.0},{"Player":"Marko Grujic","Pos":"MF","Tkl":47.0,"TklW":31.0,"Past":25.0,"Press":361.0,"Succ":91.0,"Blocks":42.0,"Int":17.0},{"Player":"Raphael Guerreiro","Pos":"FW","Tkl":32.0,"TklW":24.0,"Past":11.0,"Press":264.0,"Succ":75.0,"Blocks":23.0,"Int":17.0},{"Player":"Josuha Guilavogui","Pos":"MF","Tkl":37.0,"TklW":23.0,"Past":17.0,"Press":178.0,"Succ":48.0,"Blocks":21.0,"Int":40.0},{"Player":"Péter Gulácsi","Pos":"GK","Tkl":0.0,"TklW":0.0,"Past":1.0,"Press":0.0,"Succ":0.0,"Blocks":0.0,"Int":0.0},{"Player":"Manuel Gulde","Pos":"DF","Tkl":28.0,"TklW":15.0,"Past":8.0,"Press":117.0,"Succ":30.0,"Blocks":34.0,"Int":11.0},{"Player":"Christian Günter","Pos":"DF","Tkl":42.0,"TklW":25.0,"Past":33.0,"Press":339.0,"Succ":89.0,"Blocks":43.0,"Int":19.0},{"Player":"Jonathan de Guzmán","Pos":"MF","Tkl":27.0,"TklW":22.0,"Past":15.0,"Press":327.0,"Succ":107.0,"Blocks":27.0,"Int":10.0},{"Player":"Janik Haberer","Pos":"MF","Tkl":70.0,"TklW":45.0,"Past":47.0,"Press":566.0,"Succ":124.0,"Blocks":40.0,"Int":26.0},{"Player":"André Hahn","Pos":"FW","Tkl":53.0,"TklW":34.0,"Past":41.0,"Press":612.0,"Succ":152.0,"Blocks":40.0,"Int":19.0},{"Player":"Achraf Hakimi","Pos":"DF","Tkl":36.0,"TklW":20.0,"Past":25.0,"Press":256.0,"Succ":78.0,"Blocks":32.0,"Int":12.0},{"Player":"Sébastien Haller","Pos":"FW","Tkl":25.0,"TklW":17.0,"Past":13.0,"Press":516.0,"Succ":126.0,"Blocks":20.0,"Int":9.0},{"Player":"Marcel Halstenberg","Pos":"DF","Tkl":65.0,"TklW":35.0,"Past":31.0,"Press":298.0,"Succ":110.0,"Blocks":58.0,"Int":26.0},{"Player":"Genki Haraguchi","Pos":"MF","Tkl":47.0,"TklW":27.0,"Past":67.0,"Press":458.0,"Succ":115.0,"Blocks":49.0,"Int":13.0},{"Player":"Amine Harit","Pos":"MF","Tkl":14.0,"TklW":9.0,"Past":21.0,"Press":205.0,"Succ":46.0,"Blocks":13.0,"Int":12.0},{"Player":"Martin Harnik","Pos":"FW","Tkl":13.0,"TklW":6.0,"Past":14.0,"Press":203.0,"Succ":58.0,"Blocks":11.0,"Int":2.0},{"Player":"Makoto Hasebe","Pos":"DF","Tkl":41.0,"TklW":27.0,"Past":27.0,"Press":299.0,"Succ":113.0,"Blocks":53.0,"Int":36.0},{"Player":"Kai Havertz","Pos":"MF","Tkl":31.0,"TklW":24.0,"Past":24.0,"Press":479.0,"Succ":151.0,"Blocks":40.0,"Int":19.0},{"Player":"Thorgan Hazard","Pos":"FW","Tkl":43.0,"TklW":29.0,"Past":32.0,"Press":611.0,"Succ":133.0,"Blocks":36.0,"Int":25.0},{"Player":"Dominique Heintz","Pos":"DF","Tkl":35.0,"TklW":20.0,"Past":17.0,"Press":233.0,"Succ":69.0,"Blocks":52.0,"Int":40.0},{"Player":"Rouwen Hennings","Pos":"FW","Tkl":12.0,"TklW":12.0,"Past":10.0,"Press":473.0,"Succ":105.0,"Blocks":15.0,"Int":3.0},{"Player":"Patrick Herrmann","Pos":"FW","Tkl":19.0,"TklW":10.0,"Past":14.0,"Press":152.0,"Succ":43.0,"Blocks":10.0,"Int":5.0},{"Player":"Martin Hinteregger","Pos":"DF","Tkl":45.0,"TklW":29.0,"Past":14.0,"Press":135.0,"Succ":53.0,"Blocks":30.0,"Int":19.0},{"Player":"Martin Hinteregger","Pos":"DF","Tkl":28.0,"TklW":20.0,"Past":14.0,"Press":149.0,"Succ":60.0,"Blocks":22.0,"Int":20.0},{"Player":"Nicolas Höfler","Pos":"MF","Tkl":36.0,"TklW":22.0,"Past":32.0,"Press":313.0,"Succ":76.0,"Blocks":29.0,"Int":25.0},{"Player":"Jonas Hofmann","Pos":"MF","Tkl":36.0,"TklW":26.0,"Past":40.0,"Press":500.0,"Succ":128.0,"Blocks":33.0,"Int":21.0},{"Player":"Lucas Höler","Pos":"FW","Tkl":20.0,"TklW":13.0,"Past":13.0,"Press":272.0,"Succ":53.0,"Blocks":8.0,"Int":4.0},{"Player":"Mats Hummels","Pos":"DF","Tkl":23.0,"TklW":13.0,"Past":17.0,"Press":115.0,"Succ":43.0,"Blocks":21.0,"Int":27.0},{"Player":"Vedad Ibisevic","Pos":"FW","Tkl":11.0,"TklW":10.0,"Past":12.0,"Press":340.0,"Succ":97.0,"Blocks":16.0,"Int":2.0},{"Player":"Stefan Ilsanker","Pos":"DF","Tkl":23.0,"TklW":17.0,"Past":13.0,"Press":94.0,"Succ":37.0,"Blocks":11.0,"Int":10.0},{"Player":"Emiliano Insúa","Pos":"DF","Tkl":45.0,"TklW":33.0,"Past":26.0,"Press":373.0,"Succ":114.0,"Blocks":59.0,"Int":21.0},{"Player":"Mikael Ishak","Pos":"FW","Tkl":11.0,"TklW":10.0,"Past":17.0,"Press":537.0,"Succ":98.0,"Blocks":13.0,"Int":5.0},{"Player":"Christoph Kramer","Pos":"MF","Tkl":0.0,"TklW":0.0,"Past":0.0,"Press":10.0,"Succ":4.0,"Blocks":1.0,"Int":0.0},{"Player":"Rune Jarstein","Pos":"GK","Tkl":0.0,"TklW":0.0,"Past":1.0,"Press":1.0,"Succ":0.0,"Blocks":0.0,"Int":0.0},{"Player":"Tin Jedvaj","Pos":"DF","Tkl":18.0,"TklW":11.0,"Past":12.0,"Press":148.0,"Succ":51.0,"Blocks":37.0,"Int":14.0},{"Player":"Joelinton","Pos":"FW","Tkl":38.0,"TklW":20.0,"Past":19.0,"Press":469.0,"Succ":109.0,"Blocks":32.0,"Int":15.0},{"Player":"Fabian Johnson","Pos":"DF","Tkl":13.0,"TklW":6.0,"Past":3.0,"Press":128.0,"Succ":32.0,"Blocks":17.0,"Int":7.0},{"Player":"Luka Jovic","Pos":"FW","Tkl":14.0,"TklW":11.0,"Past":8.0,"Press":332.0,"Succ":90.0,"Blocks":12.0,"Int":7.0},{"Player":"Ozan Kabak","Pos":"DF","Tkl":46.0,"TklW":32.0,"Past":12.0,"Press":158.0,"Succ":54.0,"Blocks":27.0,"Int":17.0},{"Player":"Pavel Kaderábek","Pos":"DF","Tkl":31.0,"TklW":15.0,"Past":21.0,"Press":297.0,"Succ":83.0,"Blocks":50.0,"Int":19.0},{"Player":"Salomon Kalou","Pos":"FW","Tkl":19.0,"TklW":13.0,"Past":17.0,"Press":461.0,"Succ":91.0,"Blocks":33.0,"Int":7.0},{"Player":"Marcin Kaminski","Pos":"DF","Tkl":17.0,"TklW":12.0,"Past":10.0,"Press":152.0,"Succ":62.0,"Blocks":34.0,"Int":37.0},{"Player":"Kevin Kampl","Pos":"MF","Tkl":37.0,"TklW":25.0,"Past":28.0,"Press":410.0,"Succ":131.0,"Blocks":44.0,"Int":27.0},{"Player":"Kenan Karaman","Pos":"FW","Tkl":13.0,"TklW":8.0,"Past":5.0,"Press":276.0,"Succ":47.0,"Blocks":6.0,"Int":2.0},{"Player":"Marc-Oliver Kempf","Pos":"DF","Tkl":40.0,"TklW":18.0,"Past":14.0,"Press":174.0,"Succ":59.0,"Blocks":42.0,"Int":41.0},{"Player":"Sebastian Kerk","Pos":"MF","Tkl":18.0,"TklW":7.0,"Past":25.0,"Press":299.0,"Succ":62.0,"Blocks":20.0,"Int":7.0},{"Player":"Rani Khedira","Pos":"DF","Tkl":56.0,"TklW":44.0,"Past":29.0,"Press":388.0,"Succ":116.0,"Blocks":54.0,"Int":33.0},{"Player":"Joshua Kimmich","Pos":"DF","Tkl":48.0,"TklW":34.0,"Past":35.0,"Press":405.0,"Succ":122.0,"Blocks":60.0,"Int":19.0},{"Player":"Davy Klaassen","Pos":"MF","Tkl":70.0,"TklW":52.0,"Past":48.0,"Press":608.0,"Succ":162.0,"Blocks":65.0,"Int":35.0},{"Player":"Felix Klaus","Pos":"FW","Tkl":12.0,"TklW":5.0,"Past":5.0,"Press":134.0,"Succ":33.0,"Blocks":4.0,"Int":3.0},{"Player":"Lukas Klostermann","Pos":"DF","Tkl":50.0,"TklW":25.0,"Past":28.0,"Press":315.0,"Succ":127.0,"Blocks":45.0,"Int":24.0},{"Player":"Robin Knoche","Pos":"DF","Tkl":25.0,"TklW":20.0,"Past":13.0,"Press":173.0,"Succ":61.0,"Blocks":53.0,"Int":26.0},{"Player":"Törles Knöll","Pos":"FW","Tkl":5.0,"TklW":3.0,"Past":4.0,"Press":101.0,"Succ":24.0,"Blocks":5.0,"Int":1.0},{"Player":"Gregor Kobel","Pos":"GK","Tkl":0.0,"TklW":0.0,"Past":0.0,"Press":0.0,"Succ":0.0,"Blocks":0.0,"Int":0.0},{"Player":"Gregor Kobel","Pos":"GK","Tkl":1.0,"TklW":0.0,"Past":0.0,"Press":0.0,"Succ":0.0,"Blocks":1.0,"Int":0.0},{"Player":"Robin Koch","Pos":"MF","Tkl":25.0,"TklW":12.0,"Past":28.0,"Press":198.0,"Succ":46.0,"Blocks":29.0,"Int":21.0},{"Player":"Dominik Kohr","Pos":"MF","Tkl":34.0,"TklW":24.0,"Past":21.0,"Press":210.0,"Succ":58.0,"Blocks":26.0,"Int":10.0},{"Player":"Ibrahima Konaté","Pos":"DF","Tkl":44.0,"TklW":34.0,"Past":12.0,"Press":239.0,"Succ":93.0,"Blocks":43.0,"Int":41.0},{"Player":"Filip Kostic","Pos":"DF","Tkl":68.0,"TklW":41.0,"Past":42.0,"Press":547.0,"Succ":186.0,"Blocks":91.0,"Int":20.0},{"Player":"Andrej Kramaric","Pos":"MF","Tkl":16.0,"TklW":11.0,"Past":23.0,"Press":385.0,"Succ":89.0,"Blocks":21.0,"Int":8.0},{"Player":"Christoph Kramer","Pos":"MF","Tkl":54.0,"TklW":33.0,"Past":35.0,"Press":285.0,"Succ":74.0,"Blocks":21.0,"Int":10.0},{"Player":"Max Kruse","Pos":"FW","Tkl":12.0,"TklW":8.0,"Past":28.0,"Press":610.0,"Succ":142.0,"Blocks":14.0,"Int":7.0},{"Player":"Lukas Kübler","Pos":"DF","Tkl":34.0,"TklW":19.0,"Past":24.0,"Press":192.0,"Succ":58.0,"Blocks":21.0,"Int":23.0},{"Player":"Yuya Kubo","Pos":"FW","Tkl":20.0,"TklW":11.0,"Past":20.0,"Press":376.0,"Succ":77.0,"Blocks":17.0,"Int":12.0},{"Player":"Pierre Kunde","Pos":"MF","Tkl":50.0,"TklW":35.0,"Past":17.0,"Press":268.0,"Succ":84.0,"Blocks":29.0,"Int":24.0},{"Player":"Konrad Laimer","Pos":"MF","Tkl":74.0,"TklW":43.0,"Past":64.0,"Press":648.0,"Succ":195.0,"Blocks":64.0,"Int":30.0},{"Player":"Michael Lang","Pos":"DF","Tkl":11.0,"TklW":2.0,"Past":9.0,"Press":118.0,"Succ":21.0,"Blocks":23.0,"Int":9.0},{"Player":"Sebastian Langkamp","Pos":"DF","Tkl":30.0,"TklW":16.0,"Past":7.0,"Press":140.0,"Succ":38.0,"Blocks":23.0,"Int":13.0},{"Player":"Danny Latza","Pos":"MF","Tkl":39.0,"TklW":17.0,"Past":54.0,"Press":465.0,"Succ":101.0,"Blocks":46.0,"Int":17.0},{"Player":"Valentino Lazaro","Pos":"DF","Tkl":52.0,"TklW":30.0,"Past":43.0,"Press":577.0,"Succ":144.0,"Blocks":73.0,"Int":38.0},{"Player":"Mathew Leckie","Pos":"FW","Tkl":16.0,"TklW":13.0,"Past":10.0,"Press":206.0,"Succ":55.0,"Blocks":16.0,"Int":11.0},{"Player":"Tim Leibold","Pos":"DF","Tkl":69.0,"TklW":48.0,"Past":41.0,"Press":347.0,"Succ":108.0,"Blocks":39.0,"Int":27.0},{"Player":"Robert Lewandowski","Pos":"FW","Tkl":12.0,"TklW":9.0,"Past":8.0,"Press":418.0,"Succ":138.0,"Blocks":16.0,"Int":3.0},{"Player":"Eduard Löwen","Pos":"MF","Tkl":33.0,"TklW":25.0,"Past":25.0,"Press":350.0,"Succ":75.0,"Blocks":20.0,"Int":9.0},{"Player":"Dodi Lukebakio","Pos":"FW","Tkl":25.0,"TklW":15.0,"Past":9.0,"Press":282.0,"Succ":65.0,"Blocks":21.0,"Int":6.0},{"Player":"Fabian Lustenberger","Pos":"DF","Tkl":52.0,"TklW":38.0,"Past":27.0,"Press":255.0,"Succ":84.0,"Blocks":45.0,"Int":28.0},{"Player":"Andreas Luthe","Pos":"GK","Tkl":0.0,"TklW":0.0,"Past":0.0,"Press":1.0,"Succ":0.0,"Blocks":0.0,"Int":0.0},{"Player":"Arne Maier","Pos":"MF","Tkl":30.0,"TklW":19.0,"Past":26.0,"Press":494.0,"Succ":115.0,"Blocks":45.0,"Int":23.0},{"Player":"Linton Maina","Pos":"MF","Tkl":33.0,"TklW":24.0,"Past":18.0,"Press":389.0,"Succ":110.0,"Blocks":21.0,"Int":17.0},{"Player":"Yunus Malli","Pos":"MF","Tkl":9.0,"TklW":7.0,"Past":12.0,"Press":138.0,"Succ":21.0,"Blocks":3.0,"Int":4.0},{"Player":"Georg Margreitter","Pos":"DF","Tkl":34.0,"TklW":24.0,"Past":9.0,"Press":78.0,"Succ":25.0,"Blocks":39.0,"Int":21.0},{"Player":"Aarón Martín","Pos":"DF","Tkl":48.0,"TklW":20.0,"Past":30.0,"Press":371.0,"Succ":107.0,"Blocks":55.0,"Int":28.0},{"Player":"Javi Martínez","Pos":"MF","Tkl":26.0,"TklW":16.0,"Past":18.0,"Press":217.0,"Succ":69.0,"Blocks":24.0,"Int":14.0},{"Player":"Jean-Philippe Mateta","Pos":"FW","Tkl":14.0,"TklW":11.0,"Past":8.0,"Press":428.0,"Succ":90.0,"Blocks":22.0,"Int":4.0},{"Player":"Christian Mathenia","Pos":"GK","Tkl":0.0,"TklW":0.0,"Past":1.0,"Press":0.0,"Succ":0.0,"Blocks":0.0,"Int":0.0},{"Player":"Philipp Max","Pos":"DF","Tkl":34.0,"TklW":20.0,"Past":30.0,"Press":381.0,"Succ":92.0,"Blocks":26.0,"Int":18.0},{"Player":"Alexandru Maxim","Pos":"MF","Tkl":17.0,"TklW":9.0,"Past":11.0,"Press":141.0,"Succ":41.0,"Blocks":10.0,"Int":3.0},{"Player":"Weston McKennie","Pos":"MF","Tkl":24.0,"TklW":16.0,"Past":29.0,"Press":430.0,"Succ":95.0,"Blocks":36.0,"Int":25.0},{"Player":"Admir Mehmedi","Pos":"FW","Tkl":50.0,"TklW":34.0,"Past":27.0,"Press":429.0,"Succ":111.0,"Blocks":30.0,"Int":11.0},{"Player":"Virgil Misidjan","Pos":"FW","Tkl":21.0,"TklW":13.0,"Past":18.0,"Press":317.0,"Succ":68.0,"Blocks":18.0,"Int":6.0},{"Player":"Maximilian Mittelstädt","Pos":"DF","Tkl":60.0,"TklW":24.0,"Past":28.0,"Press":407.0,"Succ":106.0,"Blocks":60.0,"Int":28.0},{"Player":"Kevin Möhwald","Pos":"MF","Tkl":14.0,"TklW":10.0,"Past":17.0,"Press":219.0,"Succ":58.0,"Blocks":15.0,"Int":16.0},{"Player":"Niklas Moisander","Pos":"DF","Tkl":37.0,"TklW":23.0,"Past":31.0,"Press":222.0,"Succ":64.0,"Blocks":51.0,"Int":35.0},{"Player":"Alfredo Morales","Pos":"MF","Tkl":30.0,"TklW":17.0,"Past":23.0,"Press":415.0,"Succ":86.0,"Blocks":27.0,"Int":19.0},{"Player":"Lukas Mühl","Pos":"DF","Tkl":62.0,"TklW":37.0,"Past":30.0,"Press":229.0,"Succ":64.0,"Blocks":65.0,"Int":46.0},{"Player":"Nordi Mukiele","Pos":"DF","Tkl":33.0,"TklW":16.0,"Past":10.0,"Press":199.0,"Succ":66.0,"Blocks":19.0,"Int":14.0},{"Player":"Florian Müller","Pos":"GK","Tkl":0.0,"TklW":0.0,"Past":1.0,"Press":2.0,"Succ":0.0,"Blocks":0.0,"Int":0.0},{"Player":"Nicolai Müller","Pos":"FW","Tkl":2.0,"TklW":2.0,"Past":3.0,"Press":63.0,"Succ":9.0,"Blocks":3.0,"Int":0.0},{"Player":"Nicolai Müller","Pos":"MF","Tkl":17.0,"TklW":13.0,"Past":18.0,"Press":261.0,"Succ":51.0,"Blocks":5.0,"Int":2.0},{"Player":"Thomas Müller","Pos":"MF","Tkl":48.0,"TklW":27.0,"Past":32.0,"Press":561.0,"Succ":174.0,"Blocks":45.0,"Int":7.0},{"Player":"Florent Muslija","Pos":"MF","Tkl":12.0,"TklW":9.0,"Past":6.0,"Press":114.0,"Succ":40.0,"Blocks":6.0,"Int":3.0},{"Player":"Matija Nastasic","Pos":"DF","Tkl":35.0,"TklW":20.0,"Past":14.0,"Press":191.0,"Succ":72.0,"Blocks":49.0,"Int":20.0},{"Player":"Reiss Nelson","Pos":"MF","Tkl":15.0,"TklW":9.0,"Past":10.0,"Press":173.0,"Succ":42.0,"Blocks":15.0,"Int":5.0},{"Player":"Manuel Neuer","Pos":"GK","Tkl":1.0,"TklW":0.0,"Past":1.0,"Press":1.0,"Succ":0.0,"Blocks":0.0,"Int":0.0},{"Player":"Florian Neuhaus","Pos":"MF","Tkl":28.0,"TklW":17.0,"Past":23.0,"Press":408.0,"Succ":88.0,"Blocks":29.0,"Int":13.0},{"Player":"Moussa Niakhate","Pos":"DF","Tkl":51.0,"TklW":29.0,"Past":21.0,"Press":283.0,"Succ":98.0,"Blocks":58.0,"Int":25.0},{"Player":"Florian Niederlechner","Pos":"FW","Tkl":4.0,"TklW":3.0,"Past":5.0,"Press":209.0,"Succ":58.0,"Blocks":11.0,"Int":6.0},{"Player":"Alexander Nübel","Pos":"GK","Tkl":0.0,"TklW":0.0,"Past":1.0,"Press":2.0,"Succ":0.0,"Blocks":1.0,"Int":0.0},{"Player":"Bastian Oczipka","Pos":"DF","Tkl":44.0,"TklW":20.0,"Past":9.0,"Press":256.0,"Succ":75.0,"Blocks":33.0,"Int":17.0},{"Player":"Karim Onisiwo","Pos":"FW","Tkl":23.0,"TklW":12.0,"Past":11.0,"Press":289.0,"Succ":57.0,"Blocks":18.0,"Int":3.0},{"Player":"Willi Orban","Pos":"DF","Tkl":47.0,"TklW":24.0,"Past":17.0,"Press":202.0,"Succ":69.0,"Blocks":41.0,"Int":30.0},{"Player":"Yuya Osako","Pos":"FW","Tkl":20.0,"TklW":10.0,"Past":14.0,"Press":229.0,"Succ":59.0,"Blocks":17.0,"Int":11.0},{"Player":"Matthias Ostrzolek","Pos":"DF","Tkl":25.0,"TklW":17.0,"Past":21.0,"Press":197.0,"Succ":50.0,"Blocks":39.0,"Int":16.0},{"Player":"Levin Öztunali","Pos":"MF","Tkl":21.0,"TklW":12.0,"Past":18.0,"Press":304.0,"Succ":72.0,"Blocks":23.0,"Int":2.0},{"Player":"Paulinho","Pos":"FW","Tkl":7.0,"TklW":5.0,"Past":0.0,"Press":46.0,"Succ":12.0,"Blocks":4.0,"Int":1.0},{"Player":"Benjamin Pavard","Pos":"DF","Tkl":28.0,"TklW":18.0,"Past":8.0,"Press":179.0,"Succ":58.0,"Blocks":40.0,"Int":34.0},{"Player":"Jiri Pavlenka","Pos":"GK","Tkl":0.0,"TklW":0.0,"Past":4.0,"Press":2.0,"Succ":1.0,"Blocks":0.0,"Int":1.0},{"Player":"Matheus Pereira","Pos":"MF","Tkl":14.0,"TklW":10.0,"Past":8.0,"Press":274.0,"Succ":59.0,"Blocks":12.0,"Int":12.0},{"Player":"Nils Petersen","Pos":"FW","Tkl":23.0,"TklW":15.0,"Past":17.0,"Press":677.0,"Succ":129.0,"Blocks":30.0,"Int":6.0},{"Player":"Ondrej Petrák","Pos":"MF","Tkl":35.0,"TklW":25.0,"Past":10.0,"Press":232.0,"Succ":54.0,"Blocks":27.0,"Int":25.0},{"Player":"Maximilian Philipp","Pos":"FW","Tkl":8.0,"TklW":8.0,"Past":6.0,"Press":217.0,"Succ":57.0,"Blocks":7.0,"Int":4.0},{"Player":"Lukasz Piszczek","Pos":"DF","Tkl":54.0,"TklW":30.0,"Past":20.0,"Press":250.0,"Succ":81.0,"Blocks":37.0,"Int":31.0},{"Player":"Claudio Pizarro","Pos":"FW","Tkl":10.0,"TklW":7.0,"Past":3.0,"Press":107.0,"Succ":31.0,"Blocks":10.0,"Int":1.0},{"Player":"Marvin Plattenhardt","Pos":"DF","Tkl":31.0,"TklW":18.0,"Past":14.0,"Press":252.0,"Succ":71.0,"Blocks":36.0,"Int":12.0},{"Player":"Alassane Pléa","Pos":"FW","Tkl":15.0,"TklW":12.0,"Past":19.0,"Press":451.0,"Succ":92.0,"Blocks":24.0,"Int":4.0},{"Player":"Stefan Posch","Pos":"DF","Tkl":44.0,"TklW":26.0,"Past":15.0,"Press":193.0,"Succ":74.0,"Blocks":26.0,"Int":20.0},{"Player":"Yussuf Poulsen","Pos":"FW","Tkl":19.0,"TklW":14.0,"Past":26.0,"Press":711.0,"Succ":189.0,"Blocks":34.0,"Int":8.0},{"Player":"Christian Pulisic","Pos":"FW","Tkl":10.0,"TklW":7.0,"Past":8.0,"Press":158.0,"Succ":43.0,"Blocks":20.0,"Int":6.0},{"Player":"Robin Quaison","Pos":"FW","Tkl":21.0,"TklW":16.0,"Past":16.0,"Press":501.0,"Succ":100.0,"Blocks":12.0,"Int":4.0},{"Player":"Rafinha","Pos":"DF","Tkl":14.0,"TklW":7.0,"Past":11.0,"Press":68.0,"Succ":21.0,"Blocks":15.0,"Int":8.0},{"Player":"Benito Raman","Pos":"MF","Tkl":35.0,"TklW":22.0,"Past":38.0,"Press":455.0,"Succ":89.0,"Blocks":30.0,"Int":16.0},{"Player":"Milot Rashica","Pos":"FW","Tkl":22.0,"TklW":14.0,"Past":17.0,"Press":426.0,"Succ":94.0,"Blocks":21.0,"Int":3.0},{"Player":"Ante Rebic","Pos":"FW","Tkl":26.0,"TklW":19.0,"Past":9.0,"Press":402.0,"Succ":111.0,"Blocks":18.0,"Int":9.0},{"Player":"Karim Rekik","Pos":"DF","Tkl":44.0,"TklW":35.0,"Past":8.0,"Press":173.0,"Succ":57.0,"Blocks":39.0,"Int":29.0},{"Player":"Michael Rensing","Pos":"GK","Tkl":0.0,"TklW":0.0,"Past":4.0,"Press":4.0,"Succ":1.0,"Blocks":0.0,"Int":0.0},{"Player":"Marco Reus","Pos":"MF","Tkl":38.0,"TklW":29.0,"Past":30.0,"Press":618.0,"Succ":155.0,"Blocks":29.0,"Int":12.0},{"Player":"Elvis Rexhbecaj","Pos":"MF","Tkl":29.0,"TklW":21.0,"Past":18.0,"Press":261.0,"Succ":89.0,"Blocks":31.0,"Int":7.0},{"Player":"Franck Ribéry","Pos":"FW","Tkl":16.0,"TklW":12.0,"Past":12.0,"Press":233.0,"Succ":79.0,"Blocks":11.0,"Int":1.0},{"Player":"Marco Richter","Pos":"FW","Tkl":13.0,"TklW":8.0,"Past":14.0,"Press":299.0,"Succ":65.0,"Blocks":18.0,"Int":11.0},{"Player":"Sebastian Rudy","Pos":"MF","Tkl":34.0,"TklW":19.0,"Past":21.0,"Press":339.0,"Succ":116.0,"Blocks":25.0,"Int":12.0},{"Player":"James Rodríguez","Pos":"MF","Tkl":13.0,"TklW":11.0,"Past":25.0,"Press":226.0,"Succ":61.0,"Blocks":12.0,"Int":8.0},{"Player":"Jérôme Roussillon","Pos":"DF","Tkl":49.0,"TklW":40.0,"Past":12.0,"Press":391.0,"Succ":126.0,"Blocks":73.0,"Int":19.0},{"Player":"Sebastian Rudy","Pos":"MF","Tkl":43.0,"TklW":24.0,"Past":33.0,"Press":295.0,"Succ":73.0,"Blocks":24.0,"Int":12.0},{"Player":"Marco Reus","Pos":"DF","Tkl":4.0,"TklW":0.0,"Past":4.0,"Press":38.0,"Succ":19.0,"Blocks":7.0,"Int":2.0},{"Player":"Marcel Sabitzer","Pos":"MF","Tkl":47.0,"TklW":33.0,"Past":40.0,"Press":489.0,"Succ":147.0,"Blocks":40.0,"Int":25.0},{"Player":"Nuri Sahin","Pos":"MF","Tkl":52.0,"TklW":24.0,"Past":43.0,"Press":272.0,"Succ":76.0,"Blocks":33.0,"Int":23.0},{"Player":"Renato Sanches","Pos":"MF","Tkl":9.0,"TklW":6.0,"Past":7.0,"Press":102.0,"Succ":28.0,"Blocks":8.0,"Int":3.0},{"Player":"Jadon Sancho","Pos":"FW","Tkl":16.0,"TklW":15.0,"Past":29.0,"Press":547.0,"Succ":135.0,"Blocks":29.0,"Int":17.0},{"Player":"Salif Sané","Pos":"DF","Tkl":44.0,"TklW":21.0,"Past":24.0,"Press":254.0,"Succ":82.0,"Blocks":59.0,"Int":32.0},{"Player":"Jonathan Schmid","Pos":"DF","Tkl":39.0,"TklW":23.0,"Past":21.0,"Press":393.0,"Succ":101.0,"Blocks":43.0,"Int":37.0},{"Player":"Alessandro Schöpf","Pos":"MF","Tkl":31.0,"TklW":17.0,"Past":20.0,"Press":248.0,"Succ":53.0,"Blocks":21.0,"Int":14.0},{"Player":"Nico Schulz","Pos":"DF","Tkl":40.0,"TklW":25.0,"Past":16.0,"Press":342.0,"Succ":101.0,"Blocks":38.0,"Int":28.0},{"Player":"Pirmin Schwegler","Pos":"MF","Tkl":57.0,"TklW":31.0,"Past":34.0,"Press":328.0,"Succ":84.0,"Blocks":37.0,"Int":21.0},{"Player":"Alexander Schwolow","Pos":"GK","Tkl":0.0,"TklW":0.0,"Past":1.0,"Press":1.0,"Succ":1.0,"Blocks":1.0,"Int":0.0},{"Player":"Davie Selke","Pos":"FW","Tkl":5.0,"TklW":3.0,"Past":10.0,"Press":341.0,"Succ":85.0,"Blocks":11.0,"Int":3.0},{"Player":"Suat Serdar","Pos":"MF","Tkl":57.0,"TklW":35.0,"Past":36.0,"Press":424.0,"Succ":117.0,"Blocks":36.0,"Int":13.0},{"Player":"Yann Sommer","Pos":"GK","Tkl":0.0,"TklW":0.0,"Past":1.0,"Press":1.0,"Succ":0.0,"Blocks":1.0,"Int":0.0},{"Player":"Oliver Sorg","Pos":"DF","Tkl":50.0,"TklW":32.0,"Past":28.0,"Press":202.0,"Succ":63.0,"Blocks":31.0,"Int":27.0},{"Player":"Benjamin Stambouli","Pos":"DF","Tkl":57.0,"TklW":36.0,"Past":24.0,"Press":286.0,"Succ":97.0,"Blocks":45.0,"Int":19.0},{"Player":"Niklas Stark","Pos":"DF","Tkl":33.0,"TklW":12.0,"Past":16.0,"Press":249.0,"Succ":53.0,"Blocks":53.0,"Int":22.0},{"Player":"Renato Steffen","Pos":"FW","Tkl":36.0,"TklW":23.0,"Past":17.0,"Press":335.0,"Succ":90.0,"Blocks":18.0,"Int":7.0},{"Player":"Pascal Stenzel","Pos":"DF","Tkl":41.0,"TklW":24.0,"Past":23.0,"Press":232.0,"Succ":54.0,"Blocks":24.0,"Int":19.0},{"Player":"Lars Stindl","Pos":"FW","Tkl":23.0,"TklW":19.0,"Past":16.0,"Press":436.0,"Succ":95.0,"Blocks":18.0,"Int":13.0},{"Player":"Kevin Stöger","Pos":"MF","Tkl":68.0,"TklW":47.0,"Past":40.0,"Press":640.0,"Succ":157.0,"Blocks":42.0,"Int":29.0},{"Player":"Tobias Strobl","Pos":"MF","Tkl":35.0,"TklW":23.0,"Past":23.0,"Press":412.0,"Succ":103.0,"Blocks":45.0,"Int":19.0},{"Player":"Niklas Süle","Pos":"DF","Tkl":35.0,"TklW":25.0,"Past":7.0,"Press":170.0,"Succ":63.0,"Blocks":33.0,"Int":23.0},{"Player":"Ádám Szalai","Pos":"FW","Tkl":15.0,"TklW":10.0,"Past":8.0,"Press":309.0,"Succ":77.0,"Blocks":13.0,"Int":4.0},{"Player":"Jonathan Tah","Pos":"DF","Tkl":45.0,"TklW":18.0,"Past":15.0,"Press":212.0,"Succ":67.0,"Blocks":50.0,"Int":35.0},{"Player":"Erik Thommy","Pos":"MF","Tkl":5.0,"TklW":2.0,"Past":9.0,"Press":182.0,"Succ":40.0,"Blocks":19.0,"Int":8.0},{"Player":"Ibrahima Traoré","Pos":"FW","Tkl":11.0,"TklW":6.0,"Past":7.0,"Press":86.0,"Succ":24.0,"Blocks":5.0,"Int":3.0},{"Player":"Kevin Trapp","Pos":"GK","Tkl":0.0,"TklW":0.0,"Past":2.0,"Press":3.0,"Succ":1.0,"Blocks":0.0,"Int":0.0},{"Player":"Anthony Ujah","Pos":"FW","Tkl":3.0,"TklW":3.0,"Past":2.0,"Press":171.0,"Succ":35.0,"Blocks":6.0,"Int":2.0},{"Player":"Takashi Usami","Pos":"FW","Tkl":23.0,"TklW":13.0,"Past":15.0,"Press":171.0,"Succ":42.0,"Blocks":13.0,"Int":8.0},{"Player":"Mark Uth","Pos":"FW","Tkl":21.0,"TklW":14.0,"Past":19.0,"Press":424.0,"Succ":99.0,"Blocks":16.0,"Int":11.0},{"Player":"Enrico Valentini","Pos":"DF","Tkl":39.0,"TklW":24.0,"Past":25.0,"Press":216.0,"Succ":69.0,"Blocks":30.0,"Int":7.0},{"Player":"Milos Veljkovic","Pos":"DF","Tkl":25.0,"TklW":13.0,"Past":17.0,"Press":195.0,"Succ":63.0,"Blocks":40.0,"Int":11.0},{"Player":"Kevin Vogt","Pos":"DF","Tkl":26.0,"TklW":19.0,"Past":19.0,"Press":220.0,"Succ":70.0,"Blocks":44.0,"Int":14.0},{"Player":"Kevin Volland","Pos":"FW","Tkl":32.0,"TklW":23.0,"Past":21.0,"Press":536.0,"Succ":168.0,"Blocks":18.0,"Int":7.0},{"Player":"Walace","Pos":"MF","Tkl":45.0,"TklW":31.0,"Past":51.0,"Press":468.0,"Succ":133.0,"Blocks":41.0,"Int":28.0},{"Player":"Gian-Luca Waldschmidt","Pos":"FW","Tkl":17.0,"TklW":11.0,"Past":20.0,"Press":323.0,"Succ":66.0,"Blocks":20.0,"Int":10.0},{"Player":"Wout Weghorst","Pos":"FW","Tkl":24.0,"TklW":18.0,"Past":32.0,"Press":869.0,"Succ":232.0,"Blocks":34.0,"Int":10.0},{"Player":"Julian Weigl","Pos":"DF","Tkl":32.0,"TklW":18.0,"Past":19.0,"Press":159.0,"Succ":49.0,"Blocks":29.0,"Int":13.0},{"Player":"Mitchell Weiser","Pos":"DF","Tkl":59.0,"TklW":42.0,"Past":28.0,"Press":404.0,"Succ":139.0,"Blocks":46.0,"Int":28.0},{"Player":"Wendell","Pos":"DF","Tkl":66.0,"TklW":44.0,"Past":42.0,"Press":288.0,"Succ":88.0,"Blocks":65.0,"Int":26.0},{"Player":"Oscar Wendt","Pos":"DF","Tkl":48.0,"TklW":25.0,"Past":31.0,"Press":385.0,"Succ":116.0,"Blocks":67.0,"Int":24.0},{"Player":"Timo Werner","Pos":"FW","Tkl":17.0,"TklW":8.0,"Past":14.0,"Press":366.0,"Succ":104.0,"Blocks":26.0,"Int":6.0},{"Player":"Hendrik Weydandt","Pos":"FW","Tkl":18.0,"TklW":11.0,"Past":16.0,"Press":369.0,"Succ":73.0,"Blocks":23.0,"Int":4.0},{"Player":"Jetro Willems","Pos":"MF","Tkl":20.0,"TklW":14.0,"Past":3.0,"Press":190.0,"Succ":68.0,"Blocks":13.0,"Int":7.0},{"Player":"William","Pos":"DF","Tkl":91.0,"TklW":60.0,"Past":54.0,"Press":480.0,"Succ":144.0,"Blocks":66.0,"Int":50.0},{"Player":"Kevin Wimmer","Pos":"DF","Tkl":28.0,"TklW":14.0,"Past":11.0,"Press":178.0,"Succ":57.0,"Blocks":43.0,"Int":22.0},{"Player":"Axel Witsel","Pos":"MF","Tkl":54.0,"TklW":30.0,"Past":21.0,"Press":386.0,"Succ":109.0,"Blocks":43.0,"Int":34.0},{"Player":"Marius Wolf","Pos":"DF","Tkl":15.0,"TklW":10.0,"Past":10.0,"Press":167.0,"Succ":49.0,"Blocks":12.0,"Int":10.0},{"Player":"Bobby Wood","Pos":"FW","Tkl":12.0,"TklW":5.0,"Past":8.0,"Press":191.0,"Succ":53.0,"Blocks":8.0,"Int":3.0},{"Player":"Dan-Axel Zagadou","Pos":"DF","Tkl":9.0,"TklW":2.0,"Past":2.0,"Press":79.0,"Succ":31.0,"Blocks":23.0,"Int":16.0},{"Player":"Denis Zakaria","Pos":"MF","Tkl":57.0,"TklW":40.0,"Past":22.0,"Press":422.0,"Succ":106.0,"Blocks":41.0,"Int":20.0},{"Player":"Ron-Robert Zieler","Pos":"GK","Tkl":0.0,"TklW":0.0,"Past":3.0,"Press":3.0,"Succ":0.0,"Blocks":3.0,"Int":0.0},{"Player":"Jean Zimmer","Pos":"DF","Tkl":21.0,"TklW":10.0,"Past":7.0,"Press":169.0,"Succ":42.0,"Blocks":29.0,"Int":10.0},{"Player":"Matthias Zimmermann","Pos":"DF","Tkl":87.0,"TklW":54.0,"Past":60.0,"Press":567.0,"Succ":171.0,"Blocks":80.0,"Int":57.0},{"Player":"Steven Zuber","Pos":"MF","Tkl":10.0,"TklW":7.0,"Past":9.0,"Press":94.0,"Succ":30.0,"Blocks":6.0,"Int":2.0},{"Player":"Steven Zuber","Pos":"FW,MF","Tkl":"10","TklW":"9","Past":"13","Press":"240","Succ":"58","Blocks":"12","Int":"1"}]