[{"Player":"Yunis Abdelhamid","Pos":"DF","Tkl":67.0,"TklW":35.0,"Past":17.0,"Press":359.0,"Succ":128.0,"Blocks":78.0,"Int":46.0},{"Player":"Mehdi Abeid","Pos":"MF","Tkl":58.0,"TklW":40.0,"Past":28.0,"Press":449.0,"Succ":117.0,"Blocks":37.0,"Int":24.0},{"Player":"Khaled Adenon","Pos":"DF","Tkl":31.0,"TklW":24.0,"Past":18.0,"Press":158.0,"Succ":68.0,"Blocks":36.0,"Int":19.0},{"Player":"Ruben Aguilar","Pos":"DF","Tkl":97.0,"TklW":55.0,"Past":39.0,"Press":555.0,"Succ":160.0,"Blocks":45.0,"Int":26.0},{"Player":"Jean Eudes Aholou","Pos":"MF","Tkl":25.0,"TklW":17.0,"Past":13.0,"Press":219.0,"Succ":63.0,"Blocks":10.0,"Int":11.0},{"Player":"Youssef Ait Bennasser","Pos":"MF","Tkl":29.0,"TklW":24.0,"Past":30.0,"Press":255.0,"Succ":69.0,"Blocks":20.0,"Int":11.0},{"Player":"Youssef Ait Bennasser","Pos":"MF","Tkl":21.0,"TklW":16.0,"Past":31.0,"Press":319.0,"Succ":78.0,"Blocks":22.0,"Int":9.0},{"Player":"Ludovic Ajorque","Pos":"FW","Tkl":15.0,"TklW":7.0,"Past":11.0,"Press":277.0,"Succ":57.0,"Blocks":9.0,"Int":6.0},{"Player":"Sofiane Alakouch","Pos":"DF","Tkl":73.0,"TklW":36.0,"Past":42.0,"Press":421.0,"Succ":131.0,"Blocks":43.0,"Int":29.0},{"Player":"Rúnar Alex Rúnarsson","Pos":"GK","Tkl":0.0,"TklW":0.0,"Past":5.0,"Press":4.0,"Succ":0.0,"Blocks":0.0,"Int":0.0},{"Player":"Rachid Alioui","Pos":"FW","Tkl":9.0,"TklW":6.0,"Past":11.0,"Press":271.0,"Succ":68.0,"Blocks":18.0,"Int":3.0},{"Player":"Dani Alves","Pos":"MF","Tkl":43.0,"TklW":29.0,"Past":28.0,"Press":472.0,"Succ":128.0,"Blocks":26.0,"Int":9.0},{"Player":"Romain Amalfitano","Pos":"MF","Tkl":59.0,"TklW":41.0,"Past":62.0,"Press":603.0,"Succ":151.0,"Blocks":50.0,"Int":34.0},{"Player":"Jordan Amavi","Pos":"DF","Tkl":69.0,"TklW":29.0,"Past":20.0,"Press":325.0,"Succ":111.0,"Blocks":56.0,"Int":32.0},{"Player":"Benjamin André","Pos":"MF","Tkl":92.0,"TklW":66.0,"Past":84.0,"Press":715.0,"Succ":205.0,"Blocks":52.0,"Int":37.0},{"Player":"Houssem Aouar","Pos":"MF","Tkl":57.0,"TklW":36.0,"Past":51.0,"Press":595.0,"Succ":163.0,"Blocks":42.0,"Int":31.0},{"Player":"Luiz Araujo","Pos":"FW","Tkl":23.0,"TklW":11.0,"Past":16.0,"Press":233.0,"Succ":58.0,"Blocks":7.0,"Int":1.0},{"Player":"Alphonse Areola","Pos":"GK","Tkl":0.0,"TklW":0.0,"Past":0.0,"Press":1.0,"Succ":0.0,"Blocks":0.0,"Int":0.0},{"Player":"Yoel Armougom","Pos":"DF","Tkl":37.0,"TklW":18.0,"Past":25.0,"Press":324.0,"Succ":91.0,"Blocks":15.0,"Int":8.0},{"Player":"Youcef Atal","Pos":"DF","Tkl":61.0,"TklW":33.0,"Past":41.0,"Press":462.0,"Succ":137.0,"Blocks":58.0,"Int":26.0},{"Player":"Ludovic Blas","Pos":"DF","Tkl":3.0,"TklW":1.0,"Past":1.0,"Press":20.0,"Succ":8.0,"Blocks":1.0,"Int":0.0},{"Player":"Stéphane Bahoken","Pos":"FW","Tkl":16.0,"TklW":12.0,"Past":21.0,"Press":543.0,"Succ":114.0,"Blocks":41.0,"Int":5.0},{"Player":"Florent Balmont","Pos":"MF","Tkl":28.0,"TklW":21.0,"Past":30.0,"Press":234.0,"Succ":75.0,"Blocks":14.0,"Int":4.0},{"Player":"Mario Balotelli","Pos":"FW","Tkl":9.0,"TklW":8.0,"Past":8.0,"Press":111.0,"Succ":28.0,"Blocks":5.0,"Int":3.0},{"Player":"Mario Balotelli","Pos":"FW","Tkl":0.0,"TklW":0.0,"Past":3.0,"Press":78.0,"Succ":19.0,"Blocks":5.0,"Int":4.0},{"Player":"Abdoulaye Bamba","Pos":"DF","Tkl":47.0,"TklW":30.0,"Past":32.0,"Press":430.0,"Succ":133.0,"Blocks":47.0,"Int":31.0},{"Player":"Jonathan Bamba","Pos":"FW","Tkl":28.0,"TklW":20.0,"Past":38.0,"Press":576.0,"Succ":134.0,"Blocks":50.0,"Int":25.0},{"Player":"Yacine Bammou","Pos":"FW","Tkl":12.0,"TklW":6.0,"Past":4.0,"Press":145.0,"Succ":39.0,"Blocks":20.0,"Int":7.0},{"Player":"Danilo","Pos":"MF","Tkl":33.0,"TklW":20.0,"Past":18.0,"Press":364.0,"Succ":97.0,"Blocks":23.0,"Int":12.0},{"Player":"Paul Baysse","Pos":"DF","Tkl":1.0,"TklW":1.0,"Past":1.0,"Press":8.0,"Succ":2.0,"Blocks":0.0,"Int":1.0},{"Player":"Paul Baysse","Pos":"DF","Tkl":24.0,"TklW":15.0,"Past":6.0,"Press":125.0,"Succ":38.0,"Blocks":34.0,"Int":16.0},{"Player":"Claudio Beauvue","Pos":"FW","Tkl":15.0,"TklW":12.0,"Past":20.0,"Press":228.0,"Succ":58.0,"Blocks":17.0,"Int":3.0},{"Player":"Hatem Ben Arfa","Pos":"MF","Tkl":16.0,"TklW":7.0,"Past":15.0,"Press":294.0,"Succ":61.0,"Blocks":10.0,"Int":2.0},{"Player":"Diego Benaglio","Pos":"GK","Tkl":0.0,"TklW":0.0,"Past":0.0,"Press":3.0,"Succ":1.0,"Blocks":0.0,"Int":0.0},{"Player":"Nicolas Benezet","Pos":"MF","Tkl":37.0,"TklW":28.0,"Past":26.0,"Press":374.0,"Succ":104.0,"Blocks":16.0,"Int":13.0},{"Player":"Walter Benítez","Pos":"GK","Tkl":0.0,"TklW":0.0,"Past":2.0,"Press":3.0,"Succ":1.0,"Blocks":0.0,"Int":0.0},{"Player":"Ramy Bensebaini","Pos":"DF","Tkl":63.0,"TklW":30.0,"Past":25.0,"Press":313.0,"Succ":106.0,"Blocks":53.0,"Int":25.0},{"Player":"Robert Beric","Pos":"FW","Tkl":10.0,"TklW":5.0,"Past":12.0,"Press":280.0,"Succ":65.0,"Blocks":12.0,"Int":3.0},{"Player":"Paul Bernardoni","Pos":"GK","Tkl":0.0,"TklW":0.0,"Past":2.0,"Press":3.0,"Succ":1.0,"Blocks":0.0,"Int":0.0},{"Player":"Juan Bernat","Pos":"DF","Tkl":48.0,"TklW":28.0,"Past":41.0,"Press":418.0,"Succ":126.0,"Blocks":41.0,"Int":14.0},{"Player":"Ludovic Blas","Pos":"MF","Tkl":59.0,"TklW":43.0,"Past":32.0,"Press":789.0,"Succ":196.0,"Blocks":50.0,"Int":24.0},{"Player":"Alexis Blin","Pos":"MF","Tkl":74.0,"TklW":58.0,"Past":68.0,"Press":540.0,"Succ":140.0,"Blocks":47.0,"Int":23.0},{"Player":"Antonin Bobichon","Pos":"MF","Tkl":32.0,"TklW":21.0,"Past":49.0,"Press":659.0,"Succ":131.0,"Blocks":36.0,"Int":15.0},{"Player":"Mathieu Bodmer","Pos":"MF","Tkl":16.0,"TklW":12.0,"Past":10.0,"Press":176.0,"Succ":44.0,"Blocks":8.0,"Int":4.0},{"Player":"Boschilia","Pos":"FW","Tkl":29.0,"TklW":18.0,"Past":34.0,"Press":389.0,"Succ":98.0,"Blocks":23.0,"Int":9.0},{"Player":"John Bostock","Pos":"MF","Tkl":25.0,"TklW":13.0,"Past":20.0,"Press":256.0,"Succ":56.0,"Blocks":14.0,"Int":11.0},{"Player":"Denis Bouanga","Pos":"FW","Tkl":65.0,"TklW":44.0,"Past":57.0,"Press":678.0,"Succ":160.0,"Blocks":46.0,"Int":11.0},{"Player":"Benjamin Bourigeaud","Pos":"MF","Tkl":54.0,"TklW":27.0,"Past":51.0,"Press":799.0,"Succ":183.0,"Blocks":60.0,"Int":14.0},{"Player":"Umut Bozok","Pos":"FW","Tkl":11.0,"TklW":7.0,"Past":5.0,"Press":238.0,"Succ":58.0,"Blocks":5.0,"Int":2.0},{"Player":"Anthony Briancon","Pos":"DF","Tkl":53.0,"TklW":26.0,"Past":32.0,"Press":208.0,"Succ":79.0,"Blocks":58.0,"Int":47.0},{"Player":"Jimmy Briand","Pos":"FW","Tkl":15.0,"TklW":11.0,"Past":22.0,"Press":545.0,"Succ":111.0,"Blocks":22.0,"Int":6.0},{"Player":"Gianluigi Buffon","Pos":"GK","Tkl":0.0,"TklW":0.0,"Past":1.0,"Press":0.0,"Succ":0.0,"Blocks":0.0,"Int":0.0},{"Player":"Patrick Burner","Pos":"DF","Tkl":38.0,"TklW":18.0,"Past":17.0,"Press":228.0,"Succ":71.0,"Blocks":26.0,"Int":20.0},{"Player":"Ludovic Butelle","Pos":"GK","Tkl":0.0,"TklW":0.0,"Past":1.0,"Press":6.0,"Succ":2.0,"Blocks":0.0,"Int":0.0},{"Player":"Rémy Cabella","Pos":"MF","Tkl":71.0,"TklW":45.0,"Past":78.0,"Press":802.0,"Succ":209.0,"Blocks":44.0,"Int":12.0},{"Player":"Anthony Caci","Pos":"DF","Tkl":63.0,"TklW":33.0,"Past":27.0,"Press":364.0,"Succ":117.0,"Blocks":48.0,"Int":31.0},{"Player":"Mathieu Cafaro","Pos":"FW","Tkl":52.0,"TklW":29.0,"Past":62.0,"Press":728.0,"Succ":127.0,"Blocks":42.0,"Int":13.0},{"Player":"Yannick Cahuzac","Pos":"MF","Tkl":42.0,"TklW":30.0,"Past":23.0,"Press":295.0,"Succ":102.0,"Blocks":23.0,"Int":22.0},{"Player":"Marc-Aurele Caillard","Pos":"GK","Tkl":0.0,"TklW":0.0,"Past":2.0,"Press":2.0,"Succ":0.0,"Blocks":0.0,"Int":0.0},{"Player":"Duje Caleta-Car","Pos":"DF","Tkl":23.0,"TklW":11.0,"Past":9.0,"Press":143.0,"Succ":42.0,"Blocks":29.0,"Int":9.0},{"Player":"Pierrick Capelle","Pos":"MF","Tkl":48.0,"TklW":28.0,"Past":59.0,"Press":531.0,"Succ":132.0,"Blocks":30.0,"Int":30.0},{"Player":"Diego Carlos","Pos":"DF","Tkl":66.0,"TklW":44.0,"Past":15.0,"Press":301.0,"Succ":103.0,"Blocks":54.0,"Int":22.0},{"Player":"Lionel Carole","Pos":"DF","Tkl":29.0,"TklW":17.0,"Past":10.0,"Press":226.0,"Succ":67.0,"Blocks":30.0,"Int":29.0},{"Player":"Edinson Cavani","Pos":"FW","Tkl":9.0,"TklW":7.0,"Past":14.0,"Press":317.0,"Succ":71.0,"Blocks":20.0,"Int":9.0},{"Player":"Nacer Chadli","Pos":"MF","Tkl":11.0,"TklW":3.0,"Past":13.0,"Press":99.0,"Succ":24.0,"Blocks":8.0,"Int":4.0},{"Player":"Fouad Chafik","Pos":"DF","Tkl":52.0,"TklW":35.0,"Past":21.0,"Press":305.0,"Succ":110.0,"Blocks":27.0,"Int":14.0},{"Player":"Kwon Chang-Hoon","Pos":"FW","Tkl":8.0,"TklW":6.0,"Past":9.0,"Press":210.0,"Succ":51.0,"Blocks":14.0,"Int":4.0},{"Player":"Xavier Chavalerin","Pos":"MF","Tkl":109.0,"TklW":66.0,"Past":60.0,"Press":897.0,"Succ":206.0,"Blocks":60.0,"Int":55.0},{"Player":"Pablo","Pos":"FW","Tkl":29.0,"TklW":19.0,"Past":17.0,"Press":428.0,"Succ":98.0,"Blocks":13.0,"Int":3.0},{"Player":"Marcus Coco","Pos":"FW","Tkl":48.0,"TklW":33.0,"Past":28.0,"Press":533.0,"Succ":111.0,"Blocks":39.0,"Int":12.0},{"Player":"Daniel Congré","Pos":"DF","Tkl":74.0,"TklW":40.0,"Past":45.0,"Press":436.0,"Succ":113.0,"Blocks":58.0,"Int":44.0},{"Player":"Benjamin Corgnet","Pos":"MF","Tkl":20.0,"TklW":8.0,"Past":9.0,"Press":153.0,"Succ":31.0,"Blocks":8.0,"Int":2.0},{"Player":"Andreas Cornelius","Pos":"FW","Tkl":3.0,"TklW":2.0,"Past":5.0,"Press":143.0,"Succ":30.0,"Blocks":5.0,"Int":1.0},{"Player":"Maxwel Cornet","Pos":"FW","Tkl":17.0,"TklW":11.0,"Past":13.0,"Press":221.0,"Succ":55.0,"Blocks":10.0,"Int":6.0},{"Player":"Benoit Costil","Pos":"GK","Tkl":0.0,"TklW":0.0,"Past":0.0,"Press":0.0,"Succ":0.0,"Blocks":0.0,"Int":0.0},{"Player":"Kalifa Coulibaly","Pos":"FW","Tkl":13.0,"TklW":11.0,"Past":11.0,"Press":279.0,"Succ":57.0,"Blocks":15.0,"Int":2.0},{"Player":"Enzo Crivelli","Pos":"FW","Tkl":16.0,"TklW":10.0,"Past":8.0,"Press":399.0,"Succ":93.0,"Blocks":12.0,"Int":2.0},{"Player":"Wylan Cyprien","Pos":"MF","Tkl":41.0,"TklW":24.0,"Past":32.0,"Press":428.0,"Succ":109.0,"Blocks":24.0,"Int":12.0},{"Player":"Damien Da Silva","Pos":"DF","Tkl":32.0,"TklW":24.0,"Past":15.0,"Press":200.0,"Succ":73.0,"Blocks":56.0,"Int":34.0},{"Player":"Abdoulaye Bamba","Pos":"FW","Tkl":2.0,"TklW":0.0,"Past":2.0,"Press":19.0,"Succ":7.0,"Blocks":1.0,"Int":0.0},{"Player":"Colin Dagba","Pos":"DF","Tkl":21.0,"TklW":11.0,"Past":11.0,"Press":208.0,"Succ":47.0,"Blocks":11.0,"Int":4.0},{"Player":"Dante","Pos":"DF","Tkl":66.0,"TklW":39.0,"Past":26.0,"Press":318.0,"Succ":107.0,"Blocks":70.0,"Int":34.0},{"Player":"Lucas Deaux","Pos":"MF","Tkl":43.0,"TklW":35.0,"Past":30.0,"Press":411.0,"Succ":97.0,"Blocks":16.0,"Int":10.0},{"Player":"Mathieu Debuchy","Pos":"DF","Tkl":40.0,"TklW":22.0,"Past":25.0,"Press":224.0,"Succ":60.0,"Blocks":41.0,"Int":24.0},{"Player":"Romain Del Castillo","Pos":"FW","Tkl":37.0,"TklW":23.0,"Past":29.0,"Press":360.0,"Succ":97.0,"Blocks":23.0,"Int":14.0},{"Player":"Andy Delort","Pos":"FW","Tkl":34.0,"TklW":20.0,"Past":42.0,"Press":490.0,"Succ":109.0,"Blocks":39.0,"Int":10.0},{"Player":"Moussa Dembele","Pos":"FW","Tkl":10.0,"TklW":9.0,"Past":15.0,"Press":284.0,"Succ":71.0,"Blocks":16.0,"Int":5.0},{"Player":"Jessy Deminguet","Pos":"MF","Tkl":37.0,"TklW":28.0,"Past":33.0,"Press":394.0,"Succ":94.0,"Blocks":26.0,"Int":13.0},{"Player":"Jason Denayer","Pos":"DF","Tkl":32.0,"TklW":22.0,"Past":7.0,"Press":216.0,"Succ":74.0,"Blocks":43.0,"Int":24.0},{"Player":"Memphis Depay","Pos":"FW","Tkl":16.0,"TklW":15.0,"Past":9.0,"Press":434.0,"Succ":114.0,"Blocks":22.0,"Int":7.0},{"Player":"Clement Depres","Pos":"FW","Tkl":4.0,"TklW":4.0,"Past":3.0,"Press":98.0,"Succ":26.0,"Blocks":8.0,"Int":1.0},{"Player":"Ángel Di María","Pos":"FW","Tkl":24.0,"TklW":19.0,"Past":44.0,"Press":609.0,"Succ":166.0,"Blocks":35.0,"Int":20.0},{"Player":"Boulaye Dia","Pos":"FW","Tkl":8.0,"TklW":7.0,"Past":8.0,"Press":266.0,"Succ":57.0,"Blocks":7.0,"Int":1.0},{"Player":"Moussa Diaby","Pos":"MF","Tkl":15.0,"TklW":12.0,"Past":15.0,"Press":262.0,"Succ":70.0,"Blocks":12.0,"Int":10.0},{"Player":"Bakaye Dibassy","Pos":"DF","Tkl":40.0,"TklW":28.0,"Past":20.0,"Press":318.0,"Succ":108.0,"Blocks":64.0,"Int":25.0},{"Player":"Étienne Didot","Pos":"MF","Tkl":45.0,"TklW":35.0,"Past":42.0,"Press":541.0,"Succ":128.0,"Blocks":44.0,"Int":22.0},{"Player":"Tristan Dingome","Pos":"MF","Tkl":30.0,"TklW":16.0,"Past":18.0,"Press":501.0,"Succ":98.0,"Blocks":22.0,"Int":8.0},{"Player":"Ismael Diomande","Pos":"MF","Tkl":27.0,"TklW":17.0,"Past":17.0,"Press":263.0,"Succ":64.0,"Blocks":24.0,"Int":8.0},{"Player":"Lois Diony","Pos":"FW","Tkl":16.0,"TklW":12.0,"Past":10.0,"Press":277.0,"Succ":63.0,"Blocks":12.0,"Int":2.0},{"Player":"Alexander Djiku","Pos":"DF","Tkl":68.0,"TklW":38.0,"Past":37.0,"Press":269.0,"Succ":86.0,"Blocks":71.0,"Int":52.0},{"Player":"Mathieu Dossevi","Pos":"FW","Tkl":44.0,"TklW":31.0,"Past":31.0,"Press":563.0,"Succ":140.0,"Blocks":51.0,"Int":26.0},{"Player":"Moussa Doumbia","Pos":"FW","Tkl":22.0,"TklW":18.0,"Past":47.0,"Press":375.0,"Succ":93.0,"Blocks":18.0,"Int":5.0},{"Player":"Julian Draxler","Pos":"MF","Tkl":35.0,"TklW":21.0,"Past":35.0,"Press":351.0,"Succ":79.0,"Blocks":21.0,"Int":11.0},{"Player":"Léo Dubois","Pos":"DF","Tkl":51.0,"TklW":34.0,"Past":23.0,"Press":366.0,"Succ":118.0,"Blocks":39.0,"Int":19.0},{"Player":"Jimmy Durmaz","Pos":"MF","Tkl":35.0,"TklW":27.0,"Past":31.0,"Press":353.0,"Succ":87.0,"Blocks":24.0,"Int":12.0},{"Player":"Felix Eboa Eboa","Pos":"DF","Tkl":51.0,"TklW":34.0,"Past":20.0,"Press":283.0,"Succ":93.0,"Blocks":56.0,"Int":26.0},{"Player":"Björn Engels","Pos":"DF","Tkl":16.0,"TklW":9.0,"Past":10.0,"Press":134.0,"Succ":52.0,"Blocks":52.0,"Int":23.0},{"Player":"Fabio","Pos":"DF","Tkl":55.0,"TklW":34.0,"Past":38.0,"Press":250.0,"Succ":83.0,"Blocks":23.0,"Int":19.0},{"Player":"Faycal Fajr","Pos":"MF","Tkl":56.0,"TklW":30.0,"Past":69.0,"Press":723.0,"Succ":177.0,"Blocks":37.0,"Int":22.0},{"Player":"Falcao","Pos":"FW","Tkl":28.0,"TklW":17.0,"Past":24.0,"Press":545.0,"Succ":127.0,"Blocks":12.0,"Int":5.0},{"Player":"Nabil Fekir","Pos":"MF","Tkl":40.0,"TklW":26.0,"Past":32.0,"Press":690.0,"Succ":155.0,"Blocks":36.0,"Int":11.0},{"Player":"Juan Ferney Otero","Pos":"FW","Tkl":25.0,"TklW":17.0,"Past":38.0,"Press":541.0,"Succ":116.0,"Blocks":36.0,"Int":15.0},{"Player":"Jordan Ferri","Pos":"MF","Tkl":4.0,"TklW":4.0,"Past":3.0,"Press":34.0,"Succ":8.0,"Blocks":4.0,"Int":2.0},{"Player":"Jordan Ferri","Pos":"MF","Tkl":47.0,"TklW":35.0,"Past":32.0,"Press":478.0,"Succ":111.0,"Blocks":29.0,"Int":9.0},{"Player":"Youssouf Fofana","Pos":"MF","Tkl":28.0,"TklW":19.0,"Past":21.0,"Press":260.0,"Succ":65.0,"Blocks":12.0,"Int":12.0},{"Player":"Thomas Foket","Pos":"DF","Tkl":91.0,"TklW":49.0,"Past":40.0,"Press":473.0,"Succ":149.0,"Blocks":56.0,"Int":35.0},{"Player":"José Fonte","Pos":"DF","Tkl":28.0,"TklW":19.0,"Past":14.0,"Press":185.0,"Succ":71.0,"Blocks":41.0,"Int":25.0},{"Player":"Rui Fonte","Pos":"FW","Tkl":23.0,"TklW":15.0,"Past":11.0,"Press":170.0,"Succ":42.0,"Blocks":7.0,"Int":1.0},{"Player":"Angelo Fulgini","Pos":"MF","Tkl":32.0,"TklW":20.0,"Past":29.0,"Press":440.0,"Succ":98.0,"Blocks":35.0,"Int":29.0},{"Player":"Ignatius Ganago","Pos":"FW","Tkl":5.0,"TklW":4.0,"Past":6.0,"Press":193.0,"Succ":41.0,"Blocks":6.0,"Int":1.0},{"Player":"Manu García","Pos":"MF","Tkl":36.0,"TklW":22.0,"Past":38.0,"Press":482.0,"Succ":104.0,"Blocks":23.0,"Int":12.0},{"Player":"Valère Germain","Pos":"FW","Tkl":30.0,"TklW":17.0,"Past":29.0,"Press":550.0,"Succ":140.0,"Blocks":25.0,"Int":7.0},{"Player":"Saman Ghoddos","Pos":"FW","Tkl":33.0,"TklW":18.0,"Past":32.0,"Press":388.0,"Succ":87.0,"Blocks":25.0,"Int":3.0},{"Player":"Andrei Girotto","Pos":"MF","Tkl":62.0,"TklW":36.0,"Past":30.0,"Press":346.0,"Succ":106.0,"Blocks":24.0,"Int":15.0},{"Player":"Kamil Glik","Pos":"DF","Tkl":40.0,"TklW":23.0,"Past":29.0,"Press":204.0,"Succ":81.0,"Blocks":40.0,"Int":39.0},{"Player":"Eddy Gnahore","Pos":"MF","Tkl":47.0,"TklW":35.0,"Past":41.0,"Press":492.0,"Succ":129.0,"Blocks":45.0,"Int":15.0},{"Player":"Aleksandr Golovin","Pos":"MF","Tkl":39.0,"TklW":26.0,"Past":46.0,"Press":671.0,"Succ":171.0,"Blocks":34.0,"Int":15.0},{"Player":"Anthony Goncalves","Pos":"MF","Tkl":24.0,"TklW":12.0,"Past":15.0,"Press":237.0,"Succ":53.0,"Blocks":17.0,"Int":7.0},{"Player":"Max Gradel","Pos":"FW","Tkl":68.0,"TklW":35.0,"Past":59.0,"Press":779.0,"Succ":162.0,"Blocks":72.0,"Int":14.0},{"Player":"Jonathan Gradit","Pos":"DF","Tkl":56.0,"TklW":32.0,"Past":37.0,"Press":305.0,"Succ":97.0,"Blocks":44.0,"Int":28.0},{"Player":"Samuel Grandsir","Pos":"FW","Tkl":12.0,"TklW":9.0,"Past":3.0,"Press":68.0,"Succ":18.0,"Blocks":2.0,"Int":0.0},{"Player":"Samuel Grandsir","Pos":"FW","Tkl":11.0,"TklW":8.0,"Past":12.0,"Press":142.0,"Succ":39.0,"Blocks":11.0,"Int":4.0},{"Player":"Clément Grenier","Pos":"MF","Tkl":46.0,"TklW":25.0,"Past":57.0,"Press":589.0,"Succ":147.0,"Blocks":33.0,"Int":21.0},{"Player":"Frederic Guilbert","Pos":"DF","Tkl":100.0,"TklW":53.0,"Past":63.0,"Press":655.0,"Succ":146.0,"Blocks":79.0,"Int":49.0},{"Player":"Baptiste Guillaume","Pos":"FW","Tkl":10.0,"TklW":7.0,"Past":7.0,"Press":204.0,"Succ":43.0,"Blocks":9.0,"Int":5.0},{"Player":"Régis Gurtner","Pos":"GK","Tkl":0.0,"TklW":0.0,"Past":1.0,"Press":2.0,"Succ":1.0,"Blocks":0.0,"Int":0.0},{"Player":"Luiz Gustavo","Pos":"MF","Tkl":67.0,"TklW":38.0,"Past":42.0,"Press":369.0,"Succ":123.0,"Blocks":35.0,"Int":24.0},{"Player":"Oussama Haddadi","Pos":"DF","Tkl":66.0,"TklW":34.0,"Past":25.0,"Press":433.0,"Succ":133.0,"Blocks":63.0,"Int":33.0},{"Player":"Romain Hamouma","Pos":"FW","Tkl":31.0,"TklW":23.0,"Past":25.0,"Press":286.0,"Succ":72.0,"Blocks":18.0,"Int":10.0},{"Player":"Benjamin Henrichs","Pos":"DF","Tkl":67.0,"TklW":34.0,"Past":36.0,"Press":351.0,"Succ":94.0,"Blocks":26.0,"Int":36.0},{"Player":"Christophe Herelle","Pos":"DF","Tkl":61.0,"TklW":36.0,"Past":20.0,"Press":274.0,"Succ":81.0,"Blocks":57.0,"Int":45.0},{"Player":"Hilton","Pos":"DF","Tkl":41.0,"TklW":28.0,"Past":22.0,"Press":248.0,"Succ":101.0,"Blocks":40.0,"Int":44.0},{"Player":"Adrien Hunou","Pos":"FW","Tkl":14.0,"TklW":8.0,"Past":11.0,"Press":307.0,"Succ":72.0,"Blocks":12.0,"Int":4.0},{"Player":"Suk Hyun-Jun","Pos":"FW","Tkl":7.0,"TklW":4.0,"Past":12.0,"Press":195.0,"Succ":43.0,"Blocks":8.0,"Int":3.0},{"Player":"Edgar Ié","Pos":"DF","Tkl":8.0,"TklW":5.0,"Past":2.0,"Press":38.0,"Succ":12.0,"Blocks":6.0,"Int":5.0},{"Player":"Edgar Ié","Pos":"DF","Tkl":18.0,"TklW":12.0,"Past":7.0,"Press":133.0,"Succ":40.0,"Blocks":13.0,"Int":12.0},{"Player":"Jordan Ikoko","Pos":"DF","Tkl":47.0,"TklW":30.0,"Past":17.0,"Press":288.0,"Succ":83.0,"Blocks":33.0,"Int":16.0},{"Player":"Jonathan Ikone","Pos":"MF","Tkl":24.0,"TklW":21.0,"Past":28.0,"Press":655.0,"Succ":161.0,"Blocks":28.0,"Int":2.0},{"Player":"Emmanuel Imorou","Pos":"DF","Tkl":15.0,"TklW":11.0,"Past":16.0,"Press":164.0,"Succ":47.0,"Blocks":35.0,"Int":22.0},{"Player":"Christopher Jullien","Pos":"DF","Tkl":29.0,"TklW":15.0,"Past":18.0,"Press":182.0,"Succ":53.0,"Blocks":31.0,"Int":8.0},{"Player":"Corentin Jean","Pos":"FW","Tkl":11.0,"TklW":6.0,"Past":13.0,"Press":138.0,"Succ":44.0,"Blocks":12.0,"Int":5.0},{"Player":"Benjamin Jeannot","Pos":"FW","Tkl":23.0,"TklW":12.0,"Past":14.0,"Press":308.0,"Succ":53.0,"Blocks":15.0,"Int":7.0},{"Player":"Jemerson","Pos":"DF","Tkl":56.0,"TklW":36.0,"Past":26.0,"Press":292.0,"Succ":101.0,"Blocks":40.0,"Int":20.0},{"Player":"Jakob Johansson","Pos":"MF","Tkl":17.0,"TklW":13.0,"Past":13.0,"Press":83.0,"Succ":31.0,"Blocks":7.0,"Int":5.0},{"Player":"Karl-Johan Johnsson","Pos":"GK","Tkl":0.0,"TklW":0.0,"Past":1.0,"Press":0.0,"Succ":0.0,"Blocks":0.0,"Int":0.0},{"Player":"Vukasin Jovanovic","Pos":"DF","Tkl":25.0,"TklW":13.0,"Past":9.0,"Press":124.0,"Succ":31.0,"Blocks":21.0,"Int":24.0},{"Player":"Christopher Jullien","Pos":"DF","Tkl":39.0,"TklW":26.0,"Past":21.0,"Press":252.0,"Succ":89.0,"Blocks":54.0,"Int":27.0},{"Player":"Samuel Kalu","Pos":"FW","Tkl":24.0,"TklW":14.0,"Past":18.0,"Press":185.0,"Succ":67.0,"Blocks":14.0,"Int":12.0},{"Player":"Francois Kamano","Pos":"FW","Tkl":42.0,"TklW":27.0,"Past":29.0,"Press":539.0,"Succ":115.0,"Blocks":32.0,"Int":18.0},{"Player":"Boubacar Kamara","Pos":"DF","Tkl":62.0,"TklW":33.0,"Past":28.0,"Press":325.0,"Succ":129.0,"Blocks":44.0,"Int":24.0},{"Player":"Hassane Kamara","Pos":"DF","Tkl":27.0,"TklW":13.0,"Past":11.0,"Press":183.0,"Succ":54.0,"Blocks":16.0,"Int":15.0},{"Player":"Wilfried Kanga","Pos":"FW","Tkl":1.0,"TklW":1.0,"Past":2.0,"Press":104.0,"Succ":14.0,"Blocks":4.0,"Int":1.0},{"Player":"Yann Karamoh","Pos":"FW","Tkl":7.0,"TklW":6.0,"Past":18.0,"Press":298.0,"Succ":82.0,"Blocks":11.0,"Int":4.0},{"Player":"Thilo Kehrer","Pos":"DF","Tkl":71.0,"TklW":44.0,"Past":30.0,"Press":332.0,"Succ":101.0,"Blocks":47.0,"Int":18.0},{"Player":"Jules Keita","Pos":"FW","Tkl":9.0,"TklW":4.0,"Past":9.0,"Press":82.0,"Succ":20.0,"Blocks":3.0,"Int":1.0},{"Player":"Christophe Kerbrat","Pos":"DF","Tkl":46.0,"TklW":24.0,"Past":17.0,"Press":165.0,"Succ":53.0,"Blocks":29.0,"Int":44.0},{"Player":"Saif-Eddine Khaoui","Pos":"MF","Tkl":17.0,"TklW":7.0,"Past":16.0,"Press":312.0,"Succ":63.0,"Blocks":16.0,"Int":15.0},{"Player":"Wahbi Khazri","Pos":"FW","Tkl":41.0,"TklW":27.0,"Past":35.0,"Press":578.0,"Succ":136.0,"Blocks":32.0,"Int":17.0},{"Player":"Presnel Kimpembe","Pos":"DF","Tkl":49.0,"TklW":26.0,"Past":20.0,"Press":223.0,"Succ":70.0,"Blocks":28.0,"Int":24.0},{"Player":"Timothée Kolodziejczak","Pos":"DF","Tkl":43.0,"TklW":26.0,"Past":32.0,"Press":354.0,"Succ":91.0,"Blocks":42.0,"Int":30.0},{"Player":"Ghislain Konan","Pos":"DF","Tkl":41.0,"TklW":28.0,"Past":27.0,"Press":294.0,"Succ":90.0,"Blocks":44.0,"Int":25.0},{"Player":"Moussa Konate","Pos":"FW","Tkl":12.0,"TklW":9.0,"Past":16.0,"Press":358.0,"Succ":82.0,"Blocks":23.0,"Int":5.0},{"Player":"Lamine Koné","Pos":"DF","Tkl":25.0,"TklW":19.0,"Past":9.0,"Press":202.0,"Succ":63.0,"Blocks":31.0,"Int":25.0},{"Player":"Youssouf Kone","Pos":"DF","Tkl":70.0,"TklW":45.0,"Past":25.0,"Press":297.0,"Succ":99.0,"Blocks":50.0,"Int":28.0},{"Player":"Cristian","Pos":"FW","Tkl":"","TklW":0.0,"Past":"","Press":"","Succ":"","Blocks":"","Int":0.0},{"Player":"Tomas Koubek","Pos":"GK","Tkl":0.0,"TklW":0.0,"Past":2.0,"Press":2.0,"Succ":0.0,"Blocks":0.0,"Int":0.0},{"Player":"Jules Koundé","Pos":"DF","Tkl":48.0,"TklW":23.0,"Past":17.0,"Press":305.0,"Succ":106.0,"Blocks":65.0,"Int":46.0},{"Player":"Emil Krafth","Pos":"DF","Tkl":62.0,"TklW":38.0,"Past":48.0,"Press":448.0,"Succ":126.0,"Blocks":66.0,"Int":17.0},{"Player":"Rene Krhin","Pos":"MF","Tkl":17.0,"TklW":13.0,"Past":19.0,"Press":159.0,"Succ":59.0,"Blocks":18.0,"Int":20.0},{"Player":"Layvin Kurzawa","Pos":"DF","Tkl":22.0,"TklW":14.0,"Past":12.0,"Press":214.0,"Succ":69.0,"Blocks":15.0,"Int":6.0},{"Player":"Enock Kwateng","Pos":"DF","Tkl":64.0,"TklW":32.0,"Past":43.0,"Press":367.0,"Succ":103.0,"Blocks":50.0,"Int":65.0},{"Player":"Gaetan Laborde","Pos":"FW","Tkl":3.0,"TklW":2.0,"Past":1.0,"Press":22.0,"Succ":5.0,"Blocks":0.0,"Int":0.0},{"Player":"Gaetan Laborde","Pos":"FW","Tkl":34.0,"TklW":20.0,"Past":26.0,"Press":599.0,"Succ":126.0,"Blocks":19.0,"Int":6.0},{"Player":"Kenny Lala","Pos":"DF","Tkl":62.0,"TklW":43.0,"Past":30.0,"Press":529.0,"Succ":147.0,"Blocks":55.0,"Int":29.0},{"Player":"Loïck Landre","Pos":"DF","Tkl":40.0,"TklW":28.0,"Past":7.0,"Press":143.0,"Succ":46.0,"Blocks":32.0,"Int":14.0},{"Player":"Paul Lasne","Pos":"MF","Tkl":52.0,"TklW":33.0,"Past":28.0,"Press":382.0,"Succ":91.0,"Blocks":24.0,"Int":18.0},{"Player":"Wesley Lautoa","Pos":"DF","Tkl":77.0,"TklW":50.0,"Past":57.0,"Press":401.0,"Succ":118.0,"Blocks":66.0,"Int":46.0},{"Player":"Damien Le Tallec","Pos":"MF","Tkl":83.0,"TklW":46.0,"Past":69.0,"Press":719.0,"Succ":191.0,"Blocks":54.0,"Int":30.0},{"Player":"James Edward Lea Siliki","Pos":"MF","Tkl":24.0,"TklW":15.0,"Past":24.0,"Press":305.0,"Succ":69.0,"Blocks":17.0,"Int":10.0},{"Player":"Rafael Leão","Pos":"FW","Tkl":7.0,"TklW":4.0,"Past":12.0,"Press":256.0,"Succ":43.0,"Blocks":16.0,"Int":2.0},{"Player":"Benjamin Lecomte","Pos":"GK","Tkl":0.0,"TklW":0.0,"Past":3.0,"Press":4.0,"Succ":1.0,"Blocks":0.0,"Int":0.0},{"Player":"Pierre Lees-Melou","Pos":"MF","Tkl":73.0,"TklW":49.0,"Past":57.0,"Press":633.0,"Succ":158.0,"Blocks":56.0,"Int":25.0},{"Player":"Jordan Lefort","Pos":"DF","Tkl":29.0,"TklW":17.0,"Past":16.0,"Press":181.0,"Succ":51.0,"Blocks":37.0,"Int":31.0},{"Player":"Lukas Lerager","Pos":"MF","Tkl":33.0,"TklW":25.0,"Past":29.0,"Press":309.0,"Succ":71.0,"Blocks":27.0,"Int":15.0},{"Player":"Aaron Leya Iseka","Pos":"FW","Tkl":3.0,"TklW":2.0,"Past":3.0,"Press":257.0,"Succ":56.0,"Blocks":7.0,"Int":1.0},{"Player":"Dmitri Lienard","Pos":"MF","Tkl":32.0,"TklW":18.0,"Past":31.0,"Press":298.0,"Succ":78.0,"Blocks":21.0,"Int":16.0},{"Player":"Lucas Lima","Pos":"DF","Tkl":57.0,"TklW":34.0,"Past":44.0,"Press":492.0,"Succ":137.0,"Blocks":44.0,"Int":24.0},{"Player":"Anthony Limbombe","Pos":"FW","Tkl":14.0,"TklW":10.0,"Past":17.0,"Press":155.0,"Succ":44.0,"Blocks":14.0,"Int":6.0},{"Player":"Anthony Lopes","Pos":"GK","Tkl":0.0,"TklW":0.0,"Past":3.0,"Press":3.0,"Succ":1.0,"Blocks":1.0,"Int":0.0},{"Player":"Rony Lopes","Pos":"FW","Tkl":38.0,"TklW":26.0,"Past":15.0,"Press":438.0,"Succ":100.0,"Blocks":24.0,"Int":7.0},{"Player":"Cristian","Pos":"FW","Tkl":11.0,"TklW":10.0,"Past":12.0,"Press":108.0,"Succ":28.0,"Blocks":3.0,"Int":2.0},{"Player":"Maxime Lopez","Pos":"MF","Tkl":46.0,"TklW":28.0,"Past":50.0,"Press":529.0,"Succ":142.0,"Blocks":20.0,"Int":13.0},{"Player":"Herve Lybohy","Pos":"DF","Tkl":22.0,"TklW":15.0,"Past":9.0,"Press":110.0,"Succ":40.0,"Blocks":28.0,"Int":8.0},{"Player":"Thiago Maia","Pos":"MF","Tkl":33.0,"TklW":24.0,"Past":30.0,"Press":268.0,"Succ":64.0,"Blocks":24.0,"Int":15.0},{"Player":"Mike Maignan","Pos":"GK","Tkl":0.0,"TklW":0.0,"Past":0.0,"Press":0.0,"Succ":0.0,"Blocks":0.0,"Int":0.0},{"Player":"Jean-Victor Makengo","Pos":"FW","Tkl":11.0,"TklW":8.0,"Past":9.0,"Press":229.0,"Succ":47.0,"Blocks":10.0,"Int":8.0},{"Player":"Vincent Manceau","Pos":"DF","Tkl":82.0,"TklW":49.0,"Past":60.0,"Press":606.0,"Succ":180.0,"Blocks":74.0,"Int":38.0},{"Player":"Steve Mandanda","Pos":"GK","Tkl":0.0,"TklW":0.0,"Past":3.0,"Press":5.0,"Succ":2.0,"Blocks":0.0,"Int":0.0},{"Player":"Thomas Mangani","Pos":"MF","Tkl":43.0,"TklW":30.0,"Past":49.0,"Press":530.0,"Succ":138.0,"Blocks":23.0,"Int":13.0},{"Player":"Faitout Maouassa","Pos":"DF","Tkl":51.0,"TklW":26.0,"Past":21.0,"Press":322.0,"Succ":94.0,"Blocks":50.0,"Int":12.0},{"Player":"Marcelo","Pos":"DF","Tkl":46.0,"TklW":29.0,"Past":9.0,"Press":215.0,"Succ":81.0,"Blocks":47.0,"Int":50.0},{"Player":"Jordan Marié","Pos":"MF","Tkl":48.0,"TklW":34.0,"Past":50.0,"Press":598.0,"Succ":140.0,"Blocks":35.0,"Int":33.0},{"Player":"Marquinhos","Pos":"DF","Tkl":51.0,"TklW":35.0,"Past":37.0,"Press":438.0,"Succ":138.0,"Blocks":58.0,"Int":23.0},{"Player":"Jonas Martin","Pos":"MF","Tkl":48.0,"TklW":31.0,"Past":32.0,"Press":439.0,"Succ":114.0,"Blocks":46.0,"Int":26.0},{"Player":"Pablo Martinez","Pos":"DF","Tkl":51.0,"TklW":28.0,"Past":29.0,"Press":273.0,"Succ":91.0,"Blocks":48.0,"Int":37.0},{"Player":"Gelson Martins","Pos":"FW","Tkl":26.0,"TklW":22.0,"Past":17.0,"Press":327.0,"Succ":94.0,"Blocks":11.0,"Int":5.0},{"Player":"Eric Maxim Choupo-Moting","Pos":"FW","Tkl":8.0,"TklW":4.0,"Past":9.0,"Press":171.0,"Succ":49.0,"Blocks":7.0,"Int":6.0},{"Player":"Farid El Melali","Pos":"MF","Tkl":8.0,"TklW":5.0,"Past":8.0,"Press":110.0,"Succ":18.0,"Blocks":3.0,"Int":5.0},{"Player":"Pedro Mendes","Pos":"DF","Tkl":75.0,"TklW":35.0,"Past":24.0,"Press":373.0,"Succ":124.0,"Blocks":56.0,"Int":26.0},{"Player":"Thiago Mendes","Pos":"MF","Tkl":91.0,"TklW":70.0,"Past":53.0,"Press":605.0,"Succ":170.0,"Blocks":67.0,"Int":51.0},{"Player":"Alexandre Mendy","Pos":"FW","Tkl":4.0,"TklW":3.0,"Past":5.0,"Press":150.0,"Succ":37.0,"Blocks":2.0,"Int":2.0},{"Player":"Edouard Mendy","Pos":"GK","Tkl":0.0,"TklW":0.0,"Past":1.0,"Press":1.0,"Succ":0.0,"Blocks":0.0,"Int":1.0},{"Player":"Ferland Mendy","Pos":"DF","Tkl":48.0,"TklW":30.0,"Past":5.0,"Press":312.0,"Succ":99.0,"Blocks":42.0,"Int":25.0},{"Player":"Thomas Meunier","Pos":"DF","Tkl":45.0,"TklW":26.0,"Past":19.0,"Press":266.0,"Succ":85.0,"Blocks":32.0,"Int":9.0},{"Player":"Mexer","Pos":"DF","Tkl":23.0,"TklW":12.0,"Past":8.0,"Press":160.0,"Succ":55.0,"Blocks":38.0,"Int":16.0},{"Player":"Stefan Mitrovic","Pos":"DF","Tkl":18.0,"TklW":7.0,"Past":17.0,"Press":177.0,"Succ":53.0,"Blocks":48.0,"Int":31.0},{"Player":"Florent Mollet","Pos":"MF","Tkl":33.0,"TklW":17.0,"Past":50.0,"Press":508.0,"Succ":102.0,"Blocks":37.0,"Int":17.0},{"Player":"Thomas Monconduit","Pos":"MF","Tkl":84.0,"TklW":61.0,"Past":58.0,"Press":592.0,"Succ":158.0,"Blocks":49.0,"Int":23.0},{"Player":"Kévin Monnet-Paquet","Pos":"MF","Tkl":45.0,"TklW":32.0,"Past":26.0,"Press":488.0,"Succ":135.0,"Blocks":33.0,"Int":10.0},{"Player":"Lebo Mothiba","Pos":"FW","Tkl":8.0,"TklW":6.0,"Past":6.0,"Press":288.0,"Succ":55.0,"Blocks":6.0,"Int":3.0},{"Player":"Lebo Mothiba","Pos":"FW","Tkl":0.0,"TklW":0.0,"Past":0.0,"Press":34.0,"Succ":8.0,"Blocks":1.0,"Int":0.0},{"Player":"François Moubandje","Pos":"DF","Tkl":39.0,"TklW":23.0,"Past":8.0,"Press":254.0,"Succ":80.0,"Blocks":35.0,"Int":22.0},{"Player":"Samuel Moutoussamy","Pos":"MF","Tkl":38.0,"TklW":27.0,"Past":35.0,"Press":392.0,"Succ":109.0,"Blocks":20.0,"Int":5.0},{"Player":"Cheikh Ndoye","Pos":"MF","Tkl":33.0,"TklW":24.0,"Past":48.0,"Press":752.0,"Succ":155.0,"Blocks":50.0,"Int":22.0},{"Player":"Neymar","Pos":"MF","Tkl":17.0,"TklW":10.0,"Past":22.0,"Press":211.0,"Succ":54.0,"Blocks":14.0,"Int":4.0},{"Player":"Casimir Ninga","Pos":"FW","Tkl":47.0,"TklW":32.0,"Past":48.0,"Press":589.0,"Succ":137.0,"Blocks":26.0,"Int":18.0},{"Player":"Christopher Nkunku","Pos":"MF","Tkl":16.0,"TklW":11.0,"Past":13.0,"Press":305.0,"Succ":85.0,"Blocks":17.0,"Int":11.0},{"Player":"Arnaud Nordin","Pos":"FW","Tkl":11.0,"TklW":6.0,"Past":13.0,"Press":183.0,"Succ":46.0,"Blocks":17.0,"Int":8.0},{"Player":"Lucas Ocampos","Pos":"FW","Tkl":80.0,"TklW":55.0,"Past":70.0,"Press":693.0,"Succ":191.0,"Blocks":50.0,"Int":31.0},{"Player":"Sheyi Ojo","Pos":"FW","Tkl":10.0,"TklW":3.0,"Past":5.0,"Press":105.0,"Succ":22.0,"Blocks":5.0,"Int":2.0},{"Player":"Prince Oniangué","Pos":"MF","Tkl":49.0,"TklW":35.0,"Past":50.0,"Press":471.0,"Succ":114.0,"Blocks":40.0,"Int":16.0},{"Player":"Otávio","Pos":"MF","Tkl":116.0,"TklW":80.0,"Past":95.0,"Press":985.0,"Succ":266.0,"Blocks":63.0,"Int":27.0},{"Player":"Remi Oudin","Pos":"FW","Tkl":45.0,"TklW":31.0,"Past":38.0,"Press":544.0,"Succ":116.0,"Blocks":40.0,"Int":24.0},{"Player":"Ambroise Oyongo","Pos":"DF","Tkl":36.0,"TklW":20.0,"Past":19.0,"Press":485.0,"Succ":129.0,"Blocks":68.0,"Int":21.0},{"Player":"Pablo","Pos":"DF","Tkl":29.0,"TklW":20.0,"Past":16.0,"Press":118.0,"Succ":37.0,"Blocks":44.0,"Int":27.0},{"Player":"Sergi Palencia","Pos":"DF","Tkl":75.0,"TklW":49.0,"Past":33.0,"Press":406.0,"Succ":116.0,"Blocks":36.0,"Int":15.0},{"Player":"Nicolas Pallois","Pos":"DF","Tkl":80.0,"TklW":42.0,"Past":38.0,"Press":326.0,"Succ":104.0,"Blocks":45.0,"Int":31.0},{"Player":"Gaetan Paquiez","Pos":"DF","Tkl":46.0,"TklW":26.0,"Past":32.0,"Press":235.0,"Succ":78.0,"Blocks":46.0,"Int":7.0},{"Player":"Leandro Paredes","Pos":"MF","Tkl":28.0,"TklW":17.0,"Past":21.0,"Press":192.0,"Succ":60.0,"Blocks":24.0,"Int":11.0},{"Player":"Mateo Pavlovic","Pos":"DF","Tkl":30.0,"TklW":20.0,"Past":12.0,"Press":173.0,"Succ":58.0,"Blocks":44.0,"Int":11.0},{"Player":"Dimitri Payet","Pos":"MF","Tkl":14.0,"TklW":7.0,"Past":18.0,"Press":338.0,"Succ":90.0,"Blocks":20.0,"Int":2.0},{"Player":"Nicolas Pepe","Pos":"FW","Tkl":27.0,"TklW":17.0,"Past":34.0,"Press":585.0,"Succ":141.0,"Blocks":37.0,"Int":10.0},{"Player":"Loic Perrin","Pos":"DF","Tkl":56.0,"TklW":31.0,"Past":20.0,"Press":256.0,"Succ":81.0,"Blocks":48.0,"Int":28.0},{"Player":"Lebogang Phiri","Pos":"MF","Tkl":63.0,"TklW":41.0,"Past":31.0,"Press":478.0,"Succ":135.0,"Blocks":38.0,"Int":23.0},{"Player":"Erik Pieters","Pos":"DF","Tkl":54.0,"TklW":35.0,"Past":12.0,"Press":241.0,"Succ":76.0,"Blocks":30.0,"Int":11.0},{"Player":"Jaroslav Plasil","Pos":"MF","Tkl":39.0,"TklW":28.0,"Past":47.0,"Press":342.0,"Succ":91.0,"Blocks":27.0,"Int":16.0},{"Player":"Pierre-Yves Polomat","Pos":"DF","Tkl":20.0,"TklW":14.0,"Past":10.0,"Press":126.0,"Succ":36.0,"Blocks":18.0,"Int":13.0},{"Player":"Maxime Poundje","Pos":"DF","Tkl":49.0,"TklW":23.0,"Past":38.0,"Press":387.0,"Succ":107.0,"Blocks":56.0,"Int":21.0},{"Player":"Nicolas de Preville","Pos":"FW","Tkl":29.0,"TklW":20.0,"Past":26.0,"Press":319.0,"Succ":78.0,"Blocks":25.0,"Int":7.0},{"Player":"Nemanja Radonjic","Pos":"FW","Tkl":6.0,"TklW":5.0,"Past":10.0,"Press":142.0,"Succ":36.0,"Blocks":9.0,"Int":2.0},{"Player":"Rafael","Pos":"DF","Tkl":30.0,"TklW":15.0,"Past":19.0,"Press":149.0,"Succ":46.0,"Blocks":28.0,"Int":11.0},{"Player":"Adil Rami","Pos":"DF","Tkl":17.0,"TklW":11.0,"Past":9.0,"Press":80.0,"Succ":32.0,"Blocks":23.0,"Int":7.0},{"Player":"Pedro Rebocho","Pos":"DF","Tkl":63.0,"TklW":35.0,"Past":30.0,"Press":501.0,"Succ":166.0,"Blocks":87.0,"Int":28.0},{"Player":"Jeff Reine-Adelaide","Pos":"FW","Tkl":42.0,"TklW":24.0,"Past":33.0,"Press":579.0,"Succ":122.0,"Blocks":30.0,"Int":23.0},{"Player":"Loïc Remy","Pos":"FW","Tkl":3.0,"TklW":3.0,"Past":3.0,"Press":174.0,"Succ":32.0,"Blocks":7.0,"Int":0.0},{"Player":"Baptiste Reynet","Pos":"GK","Tkl":0.0,"TklW":0.0,"Past":3.0,"Press":3.0,"Succ":2.0,"Blocks":0.0,"Int":0.0},{"Player":"Renaud Ripart","Pos":"FW","Tkl":73.0,"TklW":43.0,"Past":64.0,"Press":663.0,"Succ":171.0,"Blocks":56.0,"Int":23.0},{"Player":"Ronny Rodelin","Pos":"MF","Tkl":12.0,"TklW":5.0,"Past":6.0,"Press":174.0,"Succ":30.0,"Blocks":13.0,"Int":3.0},{"Player":"Valentin Rongier","Pos":"MF","Tkl":78.0,"TklW":50.0,"Past":50.0,"Press":1056.0,"Succ":293.0,"Blocks":65.0,"Int":28.0},{"Player":"Valentin Rosier","Pos":"DF","Tkl":41.0,"TklW":24.0,"Past":25.0,"Press":258.0,"Succ":64.0,"Blocks":44.0,"Int":23.0},{"Player":"Nolan Roux","Pos":"FW","Tkl":9.0,"TklW":8.0,"Past":13.0,"Press":364.0,"Succ":87.0,"Blocks":25.0,"Int":2.0},{"Player":"Stéphane Ruffier","Pos":"GK","Tkl":0.0,"TklW":0.0,"Past":2.0,"Press":2.0,"Succ":1.0,"Blocks":0.0,"Int":0.0},{"Player":"Youssouf Sabaly","Pos":"DF","Tkl":46.0,"TklW":26.0,"Past":20.0,"Press":351.0,"Succ":96.0,"Blocks":31.0,"Int":22.0},{"Player":"Wesley Said","Pos":"FW","Tkl":29.0,"TklW":17.0,"Past":19.0,"Press":456.0,"Succ":105.0,"Blocks":15.0,"Int":8.0},{"Player":"Allan Saint-Maximin","Pos":"FW","Tkl":11.0,"TklW":7.0,"Past":14.0,"Press":321.0,"Succ":71.0,"Blocks":15.0,"Int":5.0},{"Player":"Hiroki Sakai","Pos":"DF","Tkl":62.0,"TklW":28.0,"Past":36.0,"Press":390.0,"Succ":127.0,"Blocks":52.0,"Int":17.0},{"Player":"Emiliano Sala","Pos":"FW","Tkl":10.0,"TklW":6.0,"Past":12.0,"Press":263.0,"Succ":56.0,"Blocks":11.0,"Int":3.0},{"Player":"William Saliba","Pos":"DF","Tkl":37.0,"TklW":26.0,"Past":9.0,"Press":127.0,"Succ":46.0,"Blocks":16.0,"Int":17.0},{"Player":"Yannis Salibur","Pos":"FW","Tkl":13.0,"TklW":11.0,"Past":6.0,"Press":162.0,"Succ":36.0,"Blocks":10.0,"Int":8.0},{"Player":"Yannis Salibur","Pos":"FW","Tkl":0.0,"TklW":0.0,"Past":0.0,"Press":1.0,"Succ":0.0,"Blocks":0.0,"Int":0.0},{"Player":"Brice Samba","Pos":"GK","Tkl":0.0,"TklW":0.0,"Past":1.0,"Press":0.0,"Succ":0.0,"Blocks":0.0,"Int":0.0},{"Player":"Junior Sambia","Pos":"MF","Tkl":15.0,"TklW":9.0,"Past":21.0,"Press":252.0,"Succ":54.0,"Blocks":17.0,"Int":6.0},{"Player":"Ibrahim Sangare","Pos":"MF","Tkl":104.0,"TklW":77.0,"Past":42.0,"Press":703.0,"Succ":191.0,"Blocks":61.0,"Int":22.0},{"Player":"Younousse Sankhare","Pos":"MF","Tkl":19.0,"TklW":10.0,"Past":18.0,"Press":333.0,"Succ":75.0,"Blocks":16.0,"Int":11.0},{"Player":"Baissama Sankoh","Pos":"MF","Tkl":6.0,"TklW":5.0,"Past":9.0,"Press":146.0,"Succ":41.0,"Blocks":12.0,"Int":3.0},{"Player":"Yaya Sanogo","Pos":"FW","Tkl":1.0,"TklW":1.0,"Past":3.0,"Press":286.0,"Succ":62.0,"Blocks":9.0,"Int":2.0},{"Player":"Morgan Sanson","Pos":"MF","Tkl":62.0,"TklW":46.0,"Past":71.0,"Press":818.0,"Succ":222.0,"Blocks":41.0,"Int":35.0},{"Player":"Baptiste Santamaria","Pos":"MF","Tkl":113.0,"TklW":89.0,"Past":96.0,"Press":920.0,"Succ":245.0,"Blocks":59.0,"Int":58.0},{"Player":"Bouna Sarr","Pos":"DF","Tkl":70.0,"TklW":52.0,"Past":26.0,"Press":416.0,"Succ":126.0,"Blocks":44.0,"Int":30.0},{"Player":"Ismaila Sarr","Pos":"FW","Tkl":31.0,"TklW":20.0,"Past":18.0,"Press":522.0,"Succ":139.0,"Blocks":23.0,"Int":15.0},{"Player":"Malang Sarr","Pos":"DF","Tkl":52.0,"TklW":24.0,"Past":44.0,"Press":360.0,"Succ":117.0,"Blocks":62.0,"Int":51.0},{"Player":"Téji Savanier","Pos":"MF","Tkl":84.0,"TklW":63.0,"Past":82.0,"Press":478.0,"Succ":162.0,"Blocks":49.0,"Int":44.0},{"Player":"Ole Selnaes","Pos":"MF","Tkl":43.0,"TklW":23.0,"Past":31.0,"Press":380.0,"Succ":91.0,"Blocks":26.0,"Int":16.0},{"Player":"Matz Sels","Pos":"GK","Tkl":0.0,"TklW":0.0,"Past":1.0,"Press":0.0,"Succ":0.0,"Blocks":0.0,"Int":0.0},{"Player":"Gen Shoji","Pos":"DF","Tkl":27.0,"TklW":20.0,"Past":18.0,"Press":171.0,"Succ":47.0,"Blocks":27.0,"Int":19.0},{"Player":"Djibril Sidibe","Pos":"DF","Tkl":58.0,"TklW":31.0,"Past":34.0,"Press":360.0,"Succ":113.0,"Blocks":38.0,"Int":24.0},{"Player":"Kalidou Sidibe","Pos":"MF","Tkl":27.0,"TklW":20.0,"Past":14.0,"Press":271.0,"Succ":72.0,"Blocks":22.0,"Int":12.0},{"Player":"Adrien Silva","Pos":"MF","Tkl":41.0,"TklW":28.0,"Past":32.0,"Press":343.0,"Succ":107.0,"Blocks":24.0,"Int":7.0},{"Player":"Gabriel Silva","Pos":"DF","Tkl":16.0,"TklW":11.0,"Past":20.0,"Press":191.0,"Succ":60.0,"Blocks":34.0,"Int":16.0},{"Player":"Thiago Silva","Pos":"DF","Tkl":19.0,"TklW":10.0,"Past":10.0,"Press":126.0,"Succ":43.0,"Blocks":41.0,"Int":14.0},{"Player":"Ibrahima Sissoko","Pos":"MF","Tkl":65.0,"TklW":40.0,"Past":42.0,"Press":741.0,"Succ":157.0,"Blocks":37.0,"Int":28.0},{"Player":"Ellyes Skhiri","Pos":"MF","Tkl":102.0,"TklW":66.0,"Past":63.0,"Press":861.0,"Succ":238.0,"Blocks":93.0,"Int":42.0},{"Player":"Petar Skuletic","Pos":"FW","Tkl":9.0,"TklW":5.0,"Past":14.0,"Press":189.0,"Succ":32.0,"Blocks":8.0,"Int":1.0},{"Player":"Naim Sliti","Pos":"MF","Tkl":38.0,"TklW":28.0,"Past":45.0,"Press":533.0,"Succ":124.0,"Blocks":30.0,"Int":14.0},{"Player":"Jérémy Sorbon","Pos":"DF","Tkl":40.0,"TklW":31.0,"Past":8.0,"Press":239.0,"Succ":93.0,"Blocks":52.0,"Int":26.0},{"Player":"Adama Soumaoro","Pos":"DF","Tkl":16.0,"TklW":16.0,"Past":2.0,"Press":86.0,"Succ":40.0,"Blocks":36.0,"Int":13.0},{"Player":"Boubakary Soumare","Pos":"MF","Tkl":18.0,"TklW":16.0,"Past":4.0,"Press":155.0,"Succ":47.0,"Blocks":9.0,"Int":7.0},{"Player":"Bassem Srarfi","Pos":"FW","Tkl":20.0,"TklW":13.0,"Past":15.0,"Press":169.0,"Succ":45.0,"Blocks":9.0,"Int":2.0},{"Player":"Kevin Strootman","Pos":"MF","Tkl":58.0,"TklW":40.0,"Past":43.0,"Press":477.0,"Succ":140.0,"Blocks":38.0,"Int":18.0},{"Player":"Neven Subotic","Pos":"DF","Tkl":41.0,"TklW":20.0,"Past":28.0,"Press":203.0,"Succ":73.0,"Blocks":20.0,"Int":27.0},{"Player":"Issiaga Sylla","Pos":"DF","Tkl":59.0,"TklW":38.0,"Past":36.0,"Press":407.0,"Succ":119.0,"Blocks":54.0,"Int":31.0},{"Player":"Moussa Sylla","Pos":"FW","Tkl":12.0,"TklW":7.0,"Past":5.0,"Press":182.0,"Succ":49.0,"Blocks":6.0,"Int":2.0},{"Player":"Flavien Tait","Pos":"MF","Tkl":46.0,"TklW":29.0,"Past":55.0,"Press":753.0,"Succ":170.0,"Blocks":47.0,"Int":19.0},{"Player":"Adrien Tameze","Pos":"MF","Tkl":70.0,"TklW":52.0,"Past":66.0,"Press":747.0,"Succ":176.0,"Blocks":70.0,"Int":33.0},{"Player":"Ciprian Tatarusanu","Pos":"GK","Tkl":0.0,"TklW":0.0,"Past":1.0,"Press":1.0,"Succ":0.0,"Blocks":0.0,"Int":0.0},{"Player":"Júlio Tavares","Pos":"FW","Tkl":15.0,"TklW":9.0,"Past":16.0,"Press":537.0,"Succ":128.0,"Blocks":24.0,"Int":8.0},{"Player":"Malik Tchokounte","Pos":"FW","Tkl":16.0,"TklW":8.0,"Past":7.0,"Press":242.0,"Succ":46.0,"Blocks":20.0,"Int":8.0},{"Player":"Martin Terrier","Pos":"FW","Tkl":17.0,"TklW":9.0,"Past":14.0,"Press":288.0,"Succ":63.0,"Blocks":22.0,"Int":8.0},{"Player":"Florian Thauvin","Pos":"FW","Tkl":28.0,"TklW":17.0,"Past":24.0,"Press":472.0,"Succ":108.0,"Blocks":27.0,"Int":10.0},{"Player":"Sada Thioub","Pos":"FW","Tkl":35.0,"TklW":26.0,"Past":26.0,"Press":587.0,"Succ":143.0,"Blocks":41.0,"Int":11.0},{"Player":"Romain Thomas","Pos":"DF","Tkl":43.0,"TklW":30.0,"Past":16.0,"Press":255.0,"Succ":89.0,"Blocks":46.0,"Int":19.0},{"Player":"Adrien Thomasson","Pos":"MF","Tkl":45.0,"TklW":30.0,"Past":50.0,"Press":731.0,"Succ":171.0,"Blocks":32.0,"Int":11.0},{"Player":"Marcus Thuram","Pos":"FW","Tkl":50.0,"TklW":36.0,"Past":24.0,"Press":450.0,"Succ":104.0,"Blocks":30.0,"Int":8.0},{"Player":"Youri Tielemans","Pos":"MF","Tkl":46.0,"TklW":28.0,"Past":35.0,"Press":306.0,"Succ":77.0,"Blocks":29.0,"Int":10.0},{"Player":"Cheick Timite","Pos":"FW","Tkl":24.0,"TklW":17.0,"Past":20.0,"Press":354.0,"Succ":82.0,"Blocks":19.0,"Int":7.0},{"Player":"Abdoulaye Touré","Pos":"MF","Tkl":46.0,"TklW":32.0,"Past":46.0,"Press":682.0,"Succ":183.0,"Blocks":39.0,"Int":40.0},{"Player":"Lucas Tousart","Pos":"MF","Tkl":61.0,"TklW":44.0,"Past":44.0,"Press":535.0,"Succ":169.0,"Blocks":40.0,"Int":18.0},{"Player":"Bertrand Traoré","Pos":"FW","Tkl":26.0,"TklW":14.0,"Past":21.0,"Press":398.0,"Succ":108.0,"Blocks":26.0,"Int":20.0},{"Player":"Cheick Traoré","Pos":"DF","Tkl":42.0,"TklW":28.0,"Past":18.0,"Press":283.0,"Succ":95.0,"Blocks":31.0,"Int":8.0},{"Player":"Hamari Traore","Pos":"DF","Tkl":69.0,"TklW":31.0,"Past":47.0,"Press":415.0,"Succ":111.0,"Blocks":57.0,"Int":38.0},{"Player":"Ismael Traoré","Pos":"DF","Tkl":34.0,"TklW":25.0,"Past":24.0,"Press":253.0,"Succ":82.0,"Blocks":40.0,"Int":43.0},{"Player":"Theo Valls","Pos":"MF","Tkl":36.0,"TklW":20.0,"Past":34.0,"Press":418.0,"Succ":96.0,"Blocks":29.0,"Int":11.0},{"Player":"Marco Verratti","Pos":"MF","Tkl":66.0,"TklW":47.0,"Past":66.0,"Press":521.0,"Succ":171.0,"Blocks":25.0,"Int":13.0},{"Player":"Carlos Vinicius","Pos":"FW","Tkl":5.0,"TklW":2.0,"Past":1.0,"Press":80.0,"Succ":20.0,"Blocks":4.0,"Int":1.0},{"Player":"Remi Walter","Pos":"MF","Tkl":16.0,"TklW":12.0,"Past":17.0,"Press":214.0,"Succ":50.0,"Blocks":9.0,"Int":8.0},{"Player":"Xeka","Pos":"MF","Tkl":53.0,"TklW":37.0,"Past":58.0,"Press":491.0,"Succ":126.0,"Blocks":29.0,"Int":15.0},{"Player":"Cédric Yambéré","Pos":"DF","Tkl":56.0,"TklW":23.0,"Past":27.0,"Press":279.0,"Succ":95.0,"Blocks":64.0,"Int":22.0},{"Player":"Mehdi Zeffane","Pos":"DF","Tkl":17.0,"TklW":10.0,"Past":22.0,"Press":202.0,"Succ":59.0,"Blocks":19.0,"Int":14.0},{"Player":"Arbër Zeneli","Pos":"FW","Tkl":9.0,"TklW":6.0,"Past":10.0,"Press":174.0,"Succ":52.0,"Blocks":8.0,"Int":1.0},{"Player":"Kévin Zohi","Pos":"FW","Tkl":18.0,"TklW":10.0,"Past":6.0,"Press":194.0,"Succ":58.0,"Blocks":14.0,"Int":2.0},{"Player":"Bongani Zungu","Pos":"MF","Tkl":"4","TklW":"4","Past":"7","Press":"66","Succ":"14","Blocks":"1","Int":"2"}]