[{"Player":"Ignazio Abate","Pos":"DF","Tkl":21.0,"TklW":15.0,"Past":7.0,"Press":141.0,"Succ":46.0,"Blocks":29.0,"Int":4.0},{"Player":"Francesco Acerbi","Pos":"DF","Tkl":55.0,"TklW":34.0,"Past":16.0,"Press":328.0,"Succ":111.0,"Blocks":73.0,"Int":47.0},{"Player":"Afriyie Acquah","Pos":"MF","Tkl":11.0,"TklW":7.0,"Past":11.0,"Press":161.0,"Succ":32.0,"Blocks":10.0,"Int":10.0},{"Player":"Claud Adjapong","Pos":"DF","Tkl":29.0,"TklW":19.0,"Past":4.0,"Press":278.0,"Succ":79.0,"Blocks":31.0,"Int":11.0},{"Player":"Arlind Ajeti","Pos":"DF","Tkl":41.0,"TklW":24.0,"Past":14.0,"Press":174.0,"Succ":55.0,"Blocks":34.0,"Int":13.0},{"Player":"Luis Alberto","Pos":"MF","Tkl":31.0,"TklW":28.0,"Past":33.0,"Press":525.0,"Succ":156.0,"Blocks":38.0,"Int":10.0},{"Player":"Raúl Albiol","Pos":"DF","Tkl":43.0,"TklW":25.0,"Past":11.0,"Press":164.0,"Succ":61.0,"Blocks":32.0,"Int":12.0},{"Player":"Alisson","Pos":"GK","Tkl":0.0,"TklW":0.0,"Past":1.0,"Press":3.0,"Succ":0.0,"Blocks":0.0,"Int":0.0},{"Player":"Allan","Pos":"MF","Tkl":111.0,"TklW":80.0,"Past":76.0,"Press":925.0,"Succ":292.0,"Blocks":55.0,"Int":19.0},{"Player":"Felipe Anderson","Pos":"MF","Tkl":28.0,"TklW":19.0,"Past":26.0,"Press":265.0,"Succ":79.0,"Blocks":17.0,"Int":10.0},{"Player":"Nícolas","Pos":"GK","Tkl":0.0,"TklW":0.0,"Past":2.0,"Press":4.0,"Succ":0.0,"Blocks":2.0,"Int":0.0},{"Player":"Marco Andreolli","Pos":"DF","Tkl":28.0,"TklW":19.0,"Past":8.0,"Press":180.0,"Succ":58.0,"Blocks":33.0,"Int":13.0},{"Player":"Cristian Ansaldi","Pos":"DF","Tkl":52.0,"TklW":33.0,"Past":26.0,"Press":325.0,"Succ":110.0,"Blocks":42.0,"Int":14.0},{"Player":"Mirco Antenucci","Pos":"FW","Tkl":17.0,"TklW":12.0,"Past":22.0,"Press":369.0,"Succ":83.0,"Blocks":19.0,"Int":13.0},{"Player":"Mirco Antenucci","Pos":"FW","Tkl":1.0,"TklW":1.0,"Past":0.0,"Press":4.0,"Succ":2.0,"Blocks":0.0,"Int":0.0},{"Player":"Kwadwo Asamoah","Pos":"DF","Tkl":28.0,"TklW":17.0,"Past":14.0,"Press":183.0,"Succ":58.0,"Blocks":32.0,"Int":12.0},{"Player":"Davide Astori","Pos":"DF","Tkl":54.0,"TklW":32.0,"Past":14.0,"Press":234.0,"Succ":86.0,"Blocks":40.0,"Int":33.0},{"Player":"Felipe","Pos":"FW","Tkl":4.0,"TklW":1.0,"Past":1.0,"Press":50.0,"Succ":16.0,"Blocks":5.0,"Int":3.0},{"Player":"Khouma Babacar","Pos":"FW","Tkl":11.0,"TklW":10.0,"Past":3.0,"Press":172.0,"Succ":49.0,"Blocks":10.0,"Int":1.0},{"Player":"Khouma Babacar","Pos":"FW","Tkl":3.0,"TklW":1.0,"Past":6.0,"Press":76.0,"Succ":19.0,"Blocks":3.0,"Int":1.0},{"Player":"Milan Badelj","Pos":"MF","Tkl":77.0,"TklW":51.0,"Past":48.0,"Press":503.0,"Succ":154.0,"Blocks":59.0,"Int":46.0},{"Player":"Andrija Balic","Pos":"MF","Tkl":21.0,"TklW":17.0,"Past":22.0,"Press":233.0,"Succ":52.0,"Blocks":14.0,"Int":17.0},{"Player":"Mattia Bani","Pos":"DF","Tkl":28.0,"TklW":15.0,"Past":12.0,"Press":188.0,"Succ":49.0,"Blocks":30.0,"Int":23.0},{"Player":"Antonin Barak","Pos":"MF","Tkl":57.0,"TklW":31.0,"Past":44.0,"Press":678.0,"Succ":166.0,"Blocks":42.0,"Int":20.0},{"Player":"Andrea Barberis","Pos":"MF","Tkl":81.0,"TklW":56.0,"Past":73.0,"Press":819.0,"Succ":202.0,"Blocks":70.0,"Int":39.0},{"Player":"Nicolò Barella","Pos":"MF","Tkl":92.0,"TklW":60.0,"Past":66.0,"Press":740.0,"Succ":230.0,"Blocks":48.0,"Int":33.0},{"Player":"Edgar Barreto","Pos":"MF","Tkl":61.0,"TklW":33.0,"Past":60.0,"Press":451.0,"Succ":135.0,"Blocks":50.0,"Int":15.0},{"Player":"Andrea Barzagli","Pos":"DF","Tkl":25.0,"TklW":19.0,"Past":7.0,"Press":134.0,"Succ":44.0,"Blocks":22.0,"Int":9.0},{"Player":"Daniele Baselli","Pos":"MF","Tkl":61.0,"TklW":39.0,"Past":35.0,"Press":555.0,"Succ":151.0,"Blocks":37.0,"Int":50.0},{"Player":"Samuel Bastien","Pos":"MF","Tkl":23.0,"TklW":17.0,"Past":15.0,"Press":341.0,"Succ":87.0,"Blocks":28.0,"Int":18.0},{"Player":"Alessandro Matri","Pos":"DF","Tkl":3.0,"TklW":3.0,"Past":2.0,"Press":14.0,"Succ":4.0,"Blocks":1.0,"Int":1.0},{"Player":"Bastos","Pos":"DF","Tkl":39.0,"TklW":24.0,"Past":13.0,"Press":157.0,"Succ":59.0,"Blocks":28.0,"Int":14.0},{"Player":"Valon Behrami","Pos":"MF","Tkl":69.0,"TklW":49.0,"Past":36.0,"Press":513.0,"Succ":146.0,"Blocks":54.0,"Int":12.0},{"Player":"Vid Belec","Pos":"GK","Tkl":0.0,"TklW":0.0,"Past":0.0,"Press":5.0,"Succ":1.0,"Blocks":0.0,"Int":0.0},{"Player":"Vid Belec","Pos":"GK","Tkl":0.0,"TklW":0.0,"Past":0.0,"Press":1.0,"Succ":0.0,"Blocks":0.0,"Int":0.0},{"Player":"Andrea Belotti","Pos":"FW","Tkl":33.0,"TklW":24.0,"Past":31.0,"Press":504.0,"Succ":132.0,"Blocks":18.0,"Int":5.0},{"Player":"Marco Benassi","Pos":"MF","Tkl":58.0,"TklW":39.0,"Past":54.0,"Press":527.0,"Succ":181.0,"Blocks":61.0,"Int":32.0},{"Player":"Medhi Benatia","Pos":"DF","Tkl":31.0,"TklW":24.0,"Past":11.0,"Press":146.0,"Succ":60.0,"Blocks":23.0,"Int":30.0},{"Player":"Rodrigo Bentancur","Pos":"MF","Tkl":28.0,"TklW":19.0,"Past":15.0,"Press":169.0,"Succ":65.0,"Blocks":10.0,"Int":5.0},{"Player":"Domenico Berardi","Pos":"FW","Tkl":30.0,"TklW":21.0,"Past":45.0,"Press":595.0,"Succ":135.0,"Blocks":26.0,"Int":13.0},{"Player":"Alex Berenguer","Pos":"FW","Tkl":22.0,"TklW":12.0,"Past":10.0,"Press":289.0,"Succ":81.0,"Blocks":26.0,"Int":7.0},{"Player":"Bartosz Bereszynski","Pos":"DF","Tkl":70.0,"TklW":45.0,"Past":29.0,"Press":382.0,"Succ":124.0,"Blocks":74.0,"Int":18.0},{"Player":"Etrit Berisha","Pos":"GK","Tkl":0.0,"TklW":0.0,"Past":0.0,"Press":1.0,"Succ":0.0,"Blocks":0.0,"Int":0.0},{"Player":"Federico Bernardeschi","Pos":"FW","Tkl":14.0,"TklW":10.0,"Past":4.0,"Press":134.0,"Succ":30.0,"Blocks":19.0,"Int":9.0},{"Player":"Andrea Bertolacci","Pos":"MF","Tkl":84.0,"TklW":56.0,"Past":49.0,"Press":691.0,"Succ":201.0,"Blocks":54.0,"Int":44.0},{"Player":"Daniel Bessa","Pos":"MF","Tkl":7.0,"TklW":4.0,"Past":2.0,"Press":124.0,"Succ":23.0,"Blocks":7.0,"Int":2.0},{"Player":"Daniel Bessa","Pos":"MF","Tkl":22.0,"TklW":18.0,"Past":18.0,"Press":384.0,"Succ":87.0,"Blocks":20.0,"Int":12.0},{"Player":"Lucas Biglia","Pos":"MF","Tkl":54.0,"TklW":41.0,"Past":51.0,"Press":548.0,"Succ":164.0,"Blocks":50.0,"Int":17.0},{"Player":"Cristiano Biraghi","Pos":"DF","Tkl":75.0,"TklW":40.0,"Past":35.0,"Press":487.0,"Succ":144.0,"Blocks":76.0,"Int":18.0},{"Player":"Davide Biraschi","Pos":"DF","Tkl":37.0,"TklW":28.0,"Past":12.0,"Press":319.0,"Succ":111.0,"Blocks":38.0,"Int":26.0},{"Player":"Valter Birsa","Pos":"MF","Tkl":27.0,"TklW":16.0,"Past":64.0,"Press":572.0,"Succ":132.0,"Blocks":39.0,"Int":19.0},{"Player":"Albano Bizzarri","Pos":"GK","Tkl":0.0,"TklW":0.0,"Past":0.0,"Press":5.0,"Succ":2.0,"Blocks":0.0,"Int":0.0},{"Player":"Giacomo Bonaventura","Pos":"MF","Tkl":27.0,"TklW":21.0,"Past":43.0,"Press":443.0,"Succ":117.0,"Blocks":43.0,"Int":22.0},{"Player":"Leonardo Bonucci","Pos":"DF","Tkl":28.0,"TklW":16.0,"Past":14.0,"Press":152.0,"Succ":51.0,"Blocks":55.0,"Int":28.0},{"Player":"Fabio Borini","Pos":"FW","Tkl":29.0,"TklW":14.0,"Past":25.0,"Press":281.0,"Succ":68.0,"Blocks":38.0,"Int":17.0},{"Player":"Marco Borriello","Pos":"FW","Tkl":4.0,"TklW":2.0,"Past":4.0,"Press":112.0,"Succ":28.0,"Blocks":6.0,"Int":1.0},{"Player":"Enrico Brignola","Pos":"FW","Tkl":29.0,"TklW":18.0,"Past":25.0,"Press":327.0,"Succ":88.0,"Blocks":18.0,"Int":4.0},{"Player":"Marcelo Brozovic","Pos":"MF","Tkl":59.0,"TklW":35.0,"Past":37.0,"Press":547.0,"Succ":132.0,"Blocks":38.0,"Int":14.0},{"Player":"Marcel Büchel","Pos":"MF","Tkl":43.0,"TklW":24.0,"Past":36.0,"Press":346.0,"Succ":91.0,"Blocks":39.0,"Int":24.0},{"Player":"Ante Budimir","Pos":"FW","Tkl":25.0,"TklW":15.0,"Past":21.0,"Press":532.0,"Succ":137.0,"Blocks":17.0,"Int":6.0},{"Player":"Gianluigi Buffon","Pos":"GK","Tkl":0.0,"TklW":0.0,"Past":0.0,"Press":1.0,"Succ":0.0,"Blocks":1.0,"Int":0.0},{"Player":"Nicolas Burdisso","Pos":"DF","Tkl":17.0,"TklW":10.0,"Past":8.0,"Press":105.0,"Succ":39.0,"Blocks":28.0,"Int":17.0},{"Player":"Fabrizio Cacciatore","Pos":"DF","Tkl":50.0,"TklW":30.0,"Past":26.0,"Press":441.0,"Succ":134.0,"Blocks":57.0,"Int":22.0},{"Player":"Martín Cáceres","Pos":"DF","Tkl":8.0,"TklW":7.0,"Past":6.0,"Press":37.0,"Succ":13.0,"Blocks":8.0,"Int":3.0},{"Player":"Martín Cáceres","Pos":"DF","Tkl":23.0,"TklW":13.0,"Past":17.0,"Press":94.0,"Succ":28.0,"Blocks":14.0,"Int":11.0},{"Player":"Felipe Caicedo","Pos":"FW","Tkl":10.0,"TklW":6.0,"Past":6.0,"Press":169.0,"Succ":43.0,"Blocks":4.0,"Int":1.0},{"Player":"Davide Calabria","Pos":"DF","Tkl":66.0,"TklW":38.0,"Past":31.0,"Press":321.0,"Succ":96.0,"Blocks":39.0,"Int":19.0},{"Player":"Mattia Caldara","Pos":"DF","Tkl":47.0,"TklW":24.0,"Past":20.0,"Press":299.0,"Succ":96.0,"Blocks":40.0,"Int":25.0},{"Player":"Hakan Calhanoglu","Pos":"FW","Tkl":35.0,"TklW":24.0,"Past":27.0,"Press":439.0,"Succ":116.0,"Blocks":42.0,"Int":20.0},{"Player":"José Callejón","Pos":"FW","Tkl":35.0,"TklW":27.0,"Past":55.0,"Press":726.0,"Succ":171.0,"Blocks":44.0,"Int":19.0},{"Player":"Simone Calvano","Pos":"MF","Tkl":16.0,"TklW":12.0,"Past":12.0,"Press":137.0,"Succ":29.0,"Blocks":15.0,"Int":9.0},{"Player":"João Cancelo","Pos":"DF","Tkl":43.0,"TklW":31.0,"Past":33.0,"Press":263.0,"Succ":81.0,"Blocks":32.0,"Int":24.0},{"Player":"Antonio Candreva","Pos":"FW","Tkl":20.0,"TklW":13.0,"Past":31.0,"Press":386.0,"Succ":94.0,"Blocks":33.0,"Int":17.0},{"Player":"Paolo Cannavaro","Pos":"DF","Tkl":21.0,"TklW":12.0,"Past":12.0,"Press":108.0,"Succ":32.0,"Blocks":27.0,"Int":10.0},{"Player":"Gianluca Caprari","Pos":"FW","Tkl":21.0,"TklW":13.0,"Past":16.0,"Press":347.0,"Succ":92.0,"Blocks":25.0,"Int":7.0},{"Player":"Marco Capuano","Pos":"DF","Tkl":14.0,"TklW":11.0,"Past":7.0,"Press":118.0,"Succ":36.0,"Blocks":11.0,"Int":5.0},{"Player":"Marco Capuano","Pos":"DF","Tkl":22.0,"TklW":11.0,"Past":10.0,"Press":119.0,"Succ":33.0,"Blocks":25.0,"Int":12.0},{"Player":"Antonio Caracciolo","Pos":"DF","Tkl":52.0,"TklW":32.0,"Past":23.0,"Press":257.0,"Succ":88.0,"Blocks":83.0,"Int":19.0},{"Player":"Timothy Castagne","Pos":"DF","Tkl":53.0,"TklW":32.0,"Past":24.0,"Press":290.0,"Succ":93.0,"Blocks":33.0,"Int":11.0},{"Player":"Lucas Castro","Pos":"MF","Tkl":57.0,"TklW":36.0,"Past":26.0,"Press":428.0,"Succ":113.0,"Blocks":46.0,"Int":22.0},{"Player":"Danilo","Pos":"MF","Tkl":38.0,"TklW":28.0,"Past":34.0,"Press":412.0,"Succ":117.0,"Blocks":24.0,"Int":21.0},{"Player":"Federico Ceccherini","Pos":"DF","Tkl":41.0,"TklW":23.0,"Past":15.0,"Press":267.0,"Succ":87.0,"Blocks":60.0,"Int":49.0},{"Player":"Luca Ceppitelli","Pos":"DF","Tkl":58.0,"TklW":34.0,"Past":19.0,"Press":239.0,"Succ":96.0,"Blocks":44.0,"Int":30.0},{"Player":"Alessio Cerci","Pos":"FW","Tkl":18.0,"TklW":8.0,"Past":12.0,"Press":266.0,"Succ":63.0,"Blocks":10.0,"Int":4.0},{"Player":"Giorgio Chiellini","Pos":"DF","Tkl":35.0,"TklW":15.0,"Past":12.0,"Press":166.0,"Succ":55.0,"Blocks":28.0,"Int":28.0},{"Player":"Federico Chiesa","Pos":"FW","Tkl":59.0,"TklW":37.0,"Past":37.0,"Press":622.0,"Succ":182.0,"Blocks":55.0,"Int":9.0},{"Player":"Luca Cigarini","Pos":"MF","Tkl":58.0,"TklW":37.0,"Past":60.0,"Press":358.0,"Succ":114.0,"Blocks":44.0,"Int":19.0},{"Player":"Thiago Cionek","Pos":"DF","Tkl":31.0,"TklW":16.0,"Past":15.0,"Press":193.0,"Succ":69.0,"Blocks":24.0,"Int":27.0},{"Player":"Massimo Coda","Pos":"FW","Tkl":10.0,"TklW":6.0,"Past":8.0,"Press":255.0,"Succ":46.0,"Blocks":13.0,"Int":1.0},{"Player":"Andrea Consigli","Pos":"GK","Tkl":0.0,"TklW":0.0,"Past":3.0,"Press":1.0,"Succ":0.0,"Blocks":0.0,"Int":0.0},{"Player":"Andrea Costa","Pos":"DF","Tkl":4.0,"TklW":0.0,"Past":2.0,"Press":15.0,"Succ":4.0,"Blocks":3.0,"Int":3.0},{"Player":"Alex Cordaz","Pos":"GK","Tkl":0.0,"TklW":0.0,"Past":0.0,"Press":1.0,"Succ":1.0,"Blocks":0.0,"Int":0.0},{"Player":"Andreas Cornelius","Pos":"FW","Tkl":8.0,"TklW":5.0,"Past":6.0,"Press":155.0,"Succ":44.0,"Blocks":4.0,"Int":1.0},{"Player":"Andrea Costa","Pos":"MF","Tkl":1.0,"TklW":1.0,"Past":2.0,"Press":72.0,"Succ":16.0,"Blocks":2.0,"Int":2.0},{"Player":"Andrea Costa","Pos":"DF","Tkl":29.0,"TklW":20.0,"Past":19.0,"Press":124.0,"Succ":47.0,"Blocks":23.0,"Int":23.0},{"Player":"Douglas Costa","Pos":"FW","Tkl":15.0,"TklW":11.0,"Past":14.0,"Press":319.0,"Succ":78.0,"Blocks":20.0,"Int":11.0},{"Player":"Filippo Costa","Pos":"DF","Tkl":25.0,"TklW":15.0,"Past":14.0,"Press":279.0,"Succ":84.0,"Blocks":46.0,"Int":16.0},{"Player":"Alessio Cragno","Pos":"GK","Tkl":0.0,"TklW":0.0,"Past":0.0,"Press":7.0,"Succ":1.0,"Blocks":0.0,"Int":0.0},{"Player":"Bryan Cristante","Pos":"MF","Tkl":69.0,"TklW":51.0,"Past":43.0,"Press":834.0,"Succ":281.0,"Blocks":53.0,"Int":32.0},{"Player":"Juan Cuadrado","Pos":"FW","Tkl":29.0,"TklW":15.0,"Past":19.0,"Press":236.0,"Succ":58.0,"Blocks":19.0,"Int":7.0},{"Player":"Patrick Cutrone","Pos":"FW","Tkl":16.0,"TklW":12.0,"Past":19.0,"Press":413.0,"Succ":77.0,"Blocks":8.0,"Int":2.0},{"Player":"Marco D&#039;Alessandro","Pos":"MF","Tkl":25.0,"TklW":16.0,"Past":18.0,"Press":218.0,"Succ":72.0,"Blocks":13.0,"Int":13.0},{"Player":"Danilo","Pos":"DF","Tkl":87.0,"TklW":61.0,"Past":37.0,"Press":458.0,"Succ":152.0,"Blocks":52.0,"Int":32.0},{"Player":"Dario Dainelli","Pos":"DF","Tkl":26.0,"TklW":18.0,"Past":13.0,"Press":144.0,"Succ":58.0,"Blocks":30.0,"Int":28.0},{"Player":"Felipe","Pos":"DF","Tkl":54.0,"TklW":37.0,"Past":30.0,"Press":295.0,"Succ":92.0,"Blocks":59.0,"Int":27.0},{"Player":"Sebastien De Maio","Pos":"DF","Tkl":31.0,"TklW":18.0,"Past":15.0,"Press":223.0,"Succ":82.0,"Blocks":38.0,"Int":19.0},{"Player":"Rodrigo de Paul","Pos":"MF","Tkl":31.0,"TklW":22.0,"Past":33.0,"Press":538.0,"Succ":144.0,"Blocks":44.0,"Int":15.0},{"Player":"Daniele De Rossi","Pos":"MF","Tkl":20.0,"TklW":13.0,"Past":23.0,"Press":202.0,"Succ":57.0,"Blocks":38.0,"Int":26.0},{"Player":"Lorenzo De Silvestri","Pos":"DF","Tkl":32.0,"TklW":18.0,"Past":19.0,"Press":376.0,"Succ":111.0,"Blocks":71.0,"Int":14.0},{"Player":"Gregoire Defrel","Pos":"FW","Tkl":8.0,"TklW":4.0,"Past":8.0,"Press":119.0,"Succ":23.0,"Blocks":6.0,"Int":2.0},{"Player":"Lorenzo Del Pinto","Pos":"MF","Tkl":21.0,"TklW":13.0,"Past":20.0,"Press":232.0,"Succ":59.0,"Blocks":17.0,"Int":12.0},{"Player":"Fabio Depaoli","Pos":"MF","Tkl":38.0,"TklW":18.0,"Past":27.0,"Press":308.0,"Succ":68.0,"Blocks":40.0,"Int":14.0},{"Player":"Daniele Dessena","Pos":"MF","Tkl":13.0,"TklW":7.0,"Past":6.0,"Press":103.0,"Succ":39.0,"Blocks":11.0,"Int":6.0},{"Player":"Mattia Destro","Pos":"FW","Tkl":20.0,"TklW":15.0,"Past":9.0,"Press":304.0,"Succ":87.0,"Blocks":20.0,"Int":4.0},{"Player":"Federico Di Francesco","Pos":"FW","Tkl":25.0,"TklW":14.0,"Past":23.0,"Press":313.0,"Succ":66.0,"Blocks":34.0,"Int":14.0},{"Player":"Amadou Diawara","Pos":"MF","Tkl":14.0,"TklW":13.0,"Past":5.0,"Press":95.0,"Succ":34.0,"Blocks":10.0,"Int":8.0},{"Player":"Berat Gjimshiti","Pos":"DF","Tkl":30.0,"TklW":19.0,"Past":19.0,"Press":231.0,"Succ":83.0,"Blocks":56.0,"Int":32.0},{"Player":"Gianluigi Donnarumma","Pos":"GK","Tkl":1.0,"TklW":0.0,"Past":0.0,"Press":1.0,"Succ":0.0,"Blocks":0.0,"Int":0.0},{"Player":"Godfred Donsah","Pos":"MF","Tkl":32.0,"TklW":22.0,"Past":10.0,"Press":356.0,"Succ":94.0,"Blocks":31.0,"Int":14.0},{"Player":"Alfred Duncan","Pos":"MF","Tkl":39.0,"TklW":31.0,"Past":29.0,"Press":503.0,"Succ":152.0,"Blocks":43.0,"Int":18.0},{"Player":"Paulo Dybala","Pos":"MF","Tkl":20.0,"TklW":16.0,"Past":29.0,"Press":408.0,"Succ":102.0,"Blocks":26.0,"Int":13.0},{"Player":"Edin Dzeko","Pos":"FW","Tkl":19.0,"TklW":10.0,"Past":13.0,"Press":419.0,"Succ":111.0,"Blocks":16.0,"Int":2.0},{"Player":"Blerim Dzemaili","Pos":"MF","Tkl":30.0,"TklW":19.0,"Past":22.0,"Press":243.0,"Succ":66.0,"Blocks":19.0,"Int":4.0},{"Player":"Éder","Pos":"FW","Tkl":9.0,"TklW":4.0,"Past":6.0,"Press":182.0,"Succ":36.0,"Blocks":6.0,"Int":5.0},{"Player":"Valentin Eysseric","Pos":"FW","Tkl":19.0,"TklW":13.0,"Past":12.0,"Press":156.0,"Succ":46.0,"Blocks":10.0,"Int":7.0},{"Player":"Diego Falcinelli","Pos":"FW","Tkl":7.0,"TklW":5.0,"Past":13.0,"Press":281.0,"Succ":70.0,"Blocks":17.0,"Int":1.0},{"Player":"Diego Falcinelli","Pos":"FW","Tkl":3.0,"TklW":2.0,"Past":2.0,"Press":94.0,"Succ":31.0,"Blocks":3.0,"Int":1.0},{"Player":"Iago Falque","Pos":"FW","Tkl":45.0,"TklW":25.0,"Past":44.0,"Press":572.0,"Succ":157.0,"Blocks":29.0,"Int":17.0},{"Player":"Paolo Faragò","Pos":"DF","Tkl":103.0,"TklW":69.0,"Past":46.0,"Press":515.0,"Succ":197.0,"Blocks":56.0,"Int":15.0},{"Player":"Mohamed Fares","Pos":"DF","Tkl":58.0,"TklW":33.0,"Past":29.0,"Press":512.0,"Succ":151.0,"Blocks":68.0,"Int":28.0},{"Player":"Diego Farias","Pos":"FW","Tkl":24.0,"TklW":10.0,"Past":22.0,"Press":322.0,"Succ":79.0,"Blocks":16.0,"Int":9.0},{"Player":"Federico Fazio","Pos":"DF","Tkl":48.0,"TklW":28.0,"Past":11.0,"Press":220.0,"Succ":82.0,"Blocks":44.0,"Int":23.0},{"Player":"Felipe","Pos":"DF","Tkl":39.0,"TklW":23.0,"Past":14.0,"Press":146.0,"Succ":43.0,"Blocks":39.0,"Int":18.0},{"Player":"Alex Ferrari","Pos":"DF","Tkl":77.0,"TklW":53.0,"Past":39.0,"Press":353.0,"Succ":113.0,"Blocks":58.0,"Int":30.0},{"Player":"Sergio Floccari","Pos":"FW","Tkl":17.0,"TklW":15.0,"Past":7.0,"Press":150.0,"Succ":46.0,"Blocks":7.0,"Int":2.0},{"Player":"Alessandro Florenzi","Pos":"DF","Tkl":37.0,"TklW":25.0,"Past":36.0,"Press":320.0,"Succ":84.0,"Blocks":46.0,"Int":24.0},{"Player":"Seko Fofana","Pos":"MF","Tkl":19.0,"TklW":16.0,"Past":19.0,"Press":362.0,"Succ":84.0,"Blocks":31.0,"Int":22.0},{"Player":"Marco Fossati","Pos":"MF","Tkl":27.0,"TklW":18.0,"Past":29.0,"Press":215.0,"Succ":42.0,"Blocks":25.0,"Int":14.0},{"Player":"Remo Freuler","Pos":"MF","Tkl":96.0,"TklW":54.0,"Past":75.0,"Press":754.0,"Succ":233.0,"Blocks":65.0,"Int":30.0},{"Player":"Roberto Gagliardini","Pos":"MF","Tkl":66.0,"TklW":45.0,"Past":41.0,"Press":476.0,"Succ":135.0,"Blocks":18.0,"Int":34.0},{"Player":"Andrej Galabinov","Pos":"FW","Tkl":12.0,"TklW":9.0,"Past":1.0,"Press":231.0,"Succ":61.0,"Blocks":13.0,"Int":5.0},{"Player":"Alessandro Gamberini","Pos":"DF","Tkl":19.0,"TklW":7.0,"Past":7.0,"Press":137.0,"Succ":34.0,"Blocks":45.0,"Int":11.0},{"Player":"Bruno Gaspar","Pos":"DF","Tkl":22.0,"TklW":11.0,"Past":5.0,"Press":155.0,"Succ":43.0,"Blocks":18.0,"Int":6.0},{"Player":"Gerson","Pos":"MF","Tkl":20.0,"TklW":16.0,"Past":7.0,"Press":193.0,"Succ":58.0,"Blocks":18.0,"Int":7.0},{"Player":"Emanuele Giaccherini","Pos":"FW","Tkl":1.0,"TklW":1.0,"Past":0.0,"Press":19.0,"Succ":5.0,"Blocks":0.0,"Int":0.0},{"Player":"Emanuele Giaccherini","Pos":"MF","Tkl":6.0,"TklW":5.0,"Past":20.0,"Press":188.0,"Succ":36.0,"Blocks":12.0,"Int":5.0},{"Player":"Massimo Gobbi","Pos":"DF","Tkl":30.0,"TklW":22.0,"Past":20.0,"Press":232.0,"Succ":70.0,"Blocks":50.0,"Int":16.0},{"Player":"Alfred Gomis","Pos":"GK","Tkl":0.0,"TklW":0.0,"Past":3.0,"Press":4.0,"Succ":1.0,"Blocks":0.0,"Int":0.0},{"Player":"Maxime Gonalons","Pos":"MF","Tkl":27.0,"TklW":20.0,"Past":20.0,"Press":216.0,"Succ":76.0,"Blocks":23.0,"Int":14.0},{"Player":"Giancarlo Gonzalez","Pos":"DF","Tkl":29.0,"TklW":14.0,"Past":5.0,"Press":146.0,"Succ":45.0,"Blocks":44.0,"Int":16.0},{"Player":"Robin Gosens","Pos":"DF","Tkl":60.0,"TklW":32.0,"Past":26.0,"Press":265.0,"Succ":95.0,"Blocks":34.0,"Int":19.0},{"Player":"Alberto Grassi","Pos":"MF","Tkl":43.0,"TklW":28.0,"Past":26.0,"Press":328.0,"Succ":108.0,"Blocks":43.0,"Int":34.0},{"Player":"Nícolas","Pos":"MF","Tkl":3.0,"TklW":2.0,"Past":5.0,"Press":44.0,"Succ":13.0,"Blocks":1.0,"Int":0.0},{"Player":"Emil Hallfredsson","Pos":"MF","Tkl":23.0,"TklW":17.0,"Past":21.0,"Press":200.0,"Succ":54.0,"Blocks":18.0,"Int":15.0},{"Player":"Marek Hamsik","Pos":"MF","Tkl":36.0,"TklW":25.0,"Past":37.0,"Press":372.0,"Succ":100.0,"Blocks":40.0,"Int":11.0},{"Player":"Samir","Pos":"GK","Tkl":0.0,"TklW":0.0,"Past":1.0,"Press":3.0,"Succ":1.0,"Blocks":0.0,"Int":0.0},{"Player":"Hans Hateboer","Pos":"DF","Tkl":42.0,"TklW":27.0,"Past":12.0,"Press":361.0,"Succ":105.0,"Blocks":52.0,"Int":15.0},{"Player":"Filip Helander","Pos":"DF","Tkl":46.0,"TklW":27.0,"Past":16.0,"Press":370.0,"Succ":118.0,"Blocks":69.0,"Int":11.0},{"Player":"Perparim Hetemaj","Pos":"MF","Tkl":79.0,"TklW":48.0,"Past":52.0,"Press":760.0,"Succ":198.0,"Blocks":61.0,"Int":27.0},{"Player":"Thomas Heurtaux","Pos":"DF","Tkl":19.0,"TklW":9.0,"Past":4.0,"Press":101.0,"Succ":38.0,"Blocks":33.0,"Int":20.0},{"Player":"Gonzalo Higuaín","Pos":"FW","Tkl":24.0,"TklW":16.0,"Past":23.0,"Press":415.0,"Succ":111.0,"Blocks":19.0,"Int":5.0},{"Player":"Oscar Hiljemark","Pos":"MF","Tkl":12.0,"TklW":9.0,"Past":20.0,"Press":320.0,"Succ":94.0,"Blocks":17.0,"Int":7.0},{"Player":"Vitor Hugo","Pos":"DF","Tkl":31.0,"TklW":21.0,"Past":14.0,"Press":118.0,"Succ":47.0,"Blocks":21.0,"Int":24.0},{"Player":"Elseid Hysaj","Pos":"DF","Tkl":64.0,"TklW":37.0,"Past":36.0,"Press":411.0,"Succ":153.0,"Blocks":60.0,"Int":37.0},{"Player":"Mauro Icardi","Pos":"FW","Tkl":4.0,"TklW":3.0,"Past":12.0,"Press":404.0,"Succ":108.0,"Blocks":18.0,"Int":3.0},{"Player":"Pietro Iemmello","Pos":"FW","Tkl":6.0,"TklW":5.0,"Past":8.0,"Press":136.0,"Succ":39.0,"Blocks":7.0,"Int":2.0},{"Player":"Josip Ilicic","Pos":"FW","Tkl":23.0,"TklW":12.0,"Past":24.0,"Press":306.0,"Succ":97.0,"Blocks":18.0,"Int":19.0},{"Player":"Ciro Immobile","Pos":"FW","Tkl":10.0,"TklW":8.0,"Past":16.0,"Press":382.0,"Succ":103.0,"Blocks":19.0,"Int":2.0},{"Player":"Roberto Inglese","Pos":"FW","Tkl":32.0,"TklW":20.0,"Past":21.0,"Press":454.0,"Succ":102.0,"Blocks":31.0,"Int":5.0},{"Player":"Lorenzo Insigne","Pos":"FW","Tkl":30.0,"TklW":14.0,"Past":31.0,"Press":446.0,"Succ":115.0,"Blocks":20.0,"Int":18.0},{"Player":"Artur Ionita","Pos":"MF","Tkl":65.0,"TklW":44.0,"Past":30.0,"Press":672.0,"Succ":176.0,"Blocks":46.0,"Int":25.0},{"Player":"Armando Izzo","Pos":"DF","Tkl":35.0,"TklW":23.0,"Past":7.0,"Press":171.0,"Succ":64.0,"Blocks":18.0,"Int":26.0},{"Player":"Jakub Jankto","Pos":"MF","Tkl":33.0,"TklW":18.0,"Past":41.0,"Press":525.0,"Succ":121.0,"Blocks":54.0,"Int":14.0},{"Player":"Juan Jesus","Pos":"DF","Tkl":40.0,"TklW":32.0,"Past":20.0,"Press":160.0,"Succ":70.0,"Blocks":32.0,"Int":15.0},{"Player":"Jorginho","Pos":"MF","Tkl":67.0,"TklW":44.0,"Past":55.0,"Press":574.0,"Succ":180.0,"Blocks":37.0,"Int":52.0},{"Player":"Nikola Kalinic","Pos":"FW","Tkl":5.0,"TklW":3.0,"Past":12.0,"Press":276.0,"Succ":72.0,"Blocks":10.0,"Int":4.0},{"Player":"Yann Karamoh","Pos":"FW","Tkl":4.0,"TklW":2.0,"Past":3.0,"Press":114.0,"Succ":39.0,"Blocks":6.0,"Int":2.0},{"Player":"Moise Kean","Pos":"FW","Tkl":9.0,"TklW":7.0,"Past":3.0,"Press":159.0,"Succ":30.0,"Blocks":9.0,"Int":3.0},{"Player":"Franck Kessié","Pos":"MF","Tkl":49.0,"TklW":35.0,"Past":29.0,"Press":657.0,"Succ":173.0,"Blocks":64.0,"Int":21.0},{"Player":"Sami Khedira","Pos":"MF","Tkl":13.0,"TklW":8.0,"Past":20.0,"Press":369.0,"Succ":83.0,"Blocks":33.0,"Int":4.0},{"Player":"Aleksandar Kolarov","Pos":"DF","Tkl":64.0,"TklW":37.0,"Past":26.0,"Press":256.0,"Succ":83.0,"Blocks":59.0,"Int":34.0},{"Player":"Kalidou Koulibaly","Pos":"DF","Tkl":70.0,"TklW":48.0,"Past":28.0,"Press":259.0,"Succ":96.0,"Blocks":40.0,"Int":24.0},{"Player":"Dawid Kownacki","Pos":"FW","Tkl":9.0,"TklW":6.0,"Past":7.0,"Press":200.0,"Succ":45.0,"Blocks":8.0,"Int":1.0},{"Player":"Jasmin Kurtic","Pos":"MF","Tkl":12.0,"TklW":11.0,"Past":8.0,"Press":124.0,"Succ":42.0,"Blocks":9.0,"Int":5.0},{"Player":"Jasmin Kurtic","Pos":"MF","Tkl":29.0,"TklW":18.0,"Past":14.0,"Press":288.0,"Succ":74.0,"Blocks":19.0,"Int":15.0},{"Player":"Gianluca Lapadula","Pos":"FW","Tkl":9.0,"TklW":8.0,"Past":8.0,"Press":238.0,"Succ":53.0,"Blocks":10.0,"Int":2.0},{"Player":"Danilo","Pos":"DF","Tkl":35.0,"TklW":21.0,"Past":14.0,"Press":255.0,"Succ":85.0,"Blocks":65.0,"Int":19.0},{"Player":"Kevin Lasagna","Pos":"FW","Tkl":14.0,"TklW":11.0,"Past":14.0,"Press":332.0,"Succ":83.0,"Blocks":28.0,"Int":8.0},{"Player":"Vincent Laurini","Pos":"DF","Tkl":32.0,"TklW":24.0,"Past":20.0,"Press":251.0,"Succ":82.0,"Blocks":41.0,"Int":8.0},{"Player":"Diego Laxalt","Pos":"DF","Tkl":56.0,"TklW":39.0,"Past":44.0,"Press":489.0,"Succ":133.0,"Blocks":76.0,"Int":21.0},{"Player":"Darko Lazovic","Pos":"MF","Tkl":22.0,"TklW":15.0,"Past":9.0,"Press":176.0,"Succ":44.0,"Blocks":13.0,"Int":11.0},{"Player":"Manuel Lazzari","Pos":"DF","Tkl":56.0,"TklW":40.0,"Past":43.0,"Press":423.0,"Succ":121.0,"Blocks":62.0,"Int":21.0},{"Player":"Lucas Leiva","Pos":"MF","Tkl":107.0,"TklW":74.0,"Past":75.0,"Press":658.0,"Succ":253.0,"Blocks":42.0,"Int":43.0},{"Player":"Gaetano Letizia","Pos":"DF","Tkl":42.0,"TklW":29.0,"Past":37.0,"Press":317.0,"Succ":85.0,"Blocks":41.0,"Int":28.0},{"Player":"Stephan Lichtsteiner","Pos":"DF","Tkl":36.0,"TklW":21.0,"Past":15.0,"Press":225.0,"Succ":65.0,"Blocks":25.0,"Int":11.0},{"Player":"Karol Linetty","Pos":"MF","Tkl":75.0,"TklW":50.0,"Past":72.0,"Press":630.0,"Succ":177.0,"Blocks":45.0,"Int":18.0},{"Player":"Pol Lirola","Pos":"DF","Tkl":32.0,"TklW":24.0,"Past":23.0,"Press":250.0,"Succ":77.0,"Blocks":29.0,"Int":14.0},{"Player":"Adem Ljajic","Pos":"MF","Tkl":14.0,"TklW":11.0,"Past":6.0,"Press":372.0,"Succ":112.0,"Blocks":25.0,"Int":7.0},{"Player":"Manuel Locatelli","Pos":"MF","Tkl":17.0,"TklW":12.0,"Past":16.0,"Press":127.0,"Succ":32.0,"Blocks":9.0,"Int":7.0},{"Player":"Cristiano Lombardi","Pos":"DF","Tkl":31.0,"TklW":25.0,"Past":17.0,"Press":234.0,"Succ":54.0,"Blocks":20.0,"Int":13.0},{"Player":"Maxi López","Pos":"FW","Tkl":13.0,"TklW":8.0,"Past":5.0,"Press":210.0,"Succ":61.0,"Blocks":12.0,"Int":1.0},{"Player":"José Luis Palomino","Pos":"DF","Tkl":67.0,"TklW":41.0,"Past":24.0,"Press":373.0,"Succ":129.0,"Blocks":50.0,"Int":21.0},{"Player":"Jordan Lukaku","Pos":"DF","Tkl":26.0,"TklW":19.0,"Past":9.0,"Press":223.0,"Succ":82.0,"Blocks":19.0,"Int":11.0},{"Player":"Senad Lulic","Pos":"DF","Tkl":54.0,"TklW":36.0,"Past":77.0,"Press":543.0,"Succ":167.0,"Blocks":46.0,"Int":28.0},{"Player":"Christian Puggioni","Pos":"DF","Tkl":21.0,"TklW":13.0,"Past":17.0,"Press":110.0,"Succ":35.0,"Blocks":14.0,"Int":10.0},{"Player":"Francesco Magnanelli","Pos":"MF","Tkl":57.0,"TklW":36.0,"Past":59.0,"Press":570.0,"Succ":167.0,"Blocks":55.0,"Int":32.0},{"Player":"Rolando Mandragora","Pos":"MF","Tkl":88.0,"TklW":52.0,"Past":59.0,"Press":613.0,"Succ":164.0,"Blocks":63.0,"Int":52.0},{"Player":"Mario Mandzukic","Pos":"FW","Tkl":42.0,"TklW":25.0,"Past":27.0,"Press":346.0,"Succ":103.0,"Blocks":28.0,"Int":16.0},{"Player":"Kostas Manolas","Pos":"DF","Tkl":33.0,"TklW":21.0,"Past":13.0,"Press":151.0,"Succ":54.0,"Blocks":39.0,"Int":32.0},{"Player":"Claudio Marchisio","Pos":"MF","Tkl":21.0,"TklW":15.0,"Past":15.0,"Press":132.0,"Succ":37.0,"Blocks":10.0,"Int":6.0},{"Player":"Gianmarco Ferrari","Pos":"DF","Tkl":11.0,"TklW":7.0,"Past":7.0,"Press":97.0,"Succ":29.0,"Blocks":56.0,"Int":18.0},{"Player":"Bruno Martella","Pos":"DF","Tkl":20.0,"TklW":10.0,"Past":23.0,"Press":246.0,"Succ":73.0,"Blocks":64.0,"Int":31.0},{"Player":"Adam Marusic","Pos":"DF","Tkl":29.0,"TklW":20.0,"Past":19.0,"Press":334.0,"Succ":96.0,"Blocks":41.0,"Int":18.0},{"Player":"Andrea Masiello","Pos":"DF","Tkl":69.0,"TklW":36.0,"Past":32.0,"Press":274.0,"Succ":95.0,"Blocks":54.0,"Int":40.0},{"Player":"Adam Masina","Pos":"DF","Tkl":100.0,"TklW":61.0,"Past":57.0,"Press":547.0,"Succ":155.0,"Blocks":67.0,"Int":30.0},{"Player":"Ryder Matos","Pos":"MF","Tkl":2.0,"TklW":0.0,"Past":2.0,"Press":40.0,"Succ":10.0,"Blocks":4.0,"Int":1.0},{"Player":"Ryder Matos","Pos":"FW","Tkl":18.0,"TklW":12.0,"Past":9.0,"Press":147.0,"Succ":44.0,"Blocks":6.0,"Int":3.0},{"Player":"Alessandro Matri","Pos":"FW","Tkl":4.0,"TklW":1.0,"Past":3.0,"Press":95.0,"Succ":18.0,"Blocks":5.0,"Int":2.0},{"Player":"Federico Mattiello","Pos":"DF","Tkl":77.0,"TklW":45.0,"Past":28.0,"Press":386.0,"Succ":102.0,"Blocks":60.0,"Int":49.0},{"Player":"Blaise Matuidi","Pos":"MF","Tkl":55.0,"TklW":36.0,"Past":29.0,"Press":692.0,"Succ":187.0,"Blocks":37.0,"Int":23.0},{"Player":"Luca Mazzitelli","Pos":"MF","Tkl":34.0,"TklW":17.0,"Past":24.0,"Press":298.0,"Succ":66.0,"Blocks":33.0,"Int":14.0},{"Player":"Ibrahima Mbaye","Pos":"DF","Tkl":62.0,"TklW":32.0,"Past":15.0,"Press":294.0,"Succ":98.0,"Blocks":38.0,"Int":20.0},{"Player":"Riccardo Meggiorini","Pos":"FW","Tkl":9.0,"TklW":6.0,"Past":9.0,"Press":156.0,"Succ":33.0,"Blocks":14.0,"Int":3.0},{"Player":"Ledian Memushaj","Pos":"MF","Tkl":36.0,"TklW":24.0,"Past":29.0,"Press":303.0,"Succ":97.0,"Blocks":21.0,"Int":12.0},{"Player":"Dries Mertens","Pos":"FW","Tkl":25.0,"TklW":19.0,"Past":25.0,"Press":856.0,"Succ":242.0,"Blocks":20.0,"Int":5.0},{"Player":"Nikola Milenkovic","Pos":"DF","Tkl":37.0,"TklW":21.0,"Past":12.0,"Press":149.0,"Succ":53.0,"Blocks":25.0,"Int":13.0},{"Player":"Arkadiusz Milik","Pos":"FW","Tkl":3.0,"TklW":2.0,"Past":2.0,"Press":102.0,"Succ":23.0,"Blocks":3.0,"Int":2.0},{"Player":"Sergej Milinkovic-Savic","Pos":"MF","Tkl":53.0,"TklW":37.0,"Past":38.0,"Press":471.0,"Succ":150.0,"Blocks":49.0,"Int":20.0},{"Player":"Miranda","Pos":"DF","Tkl":51.0,"TklW":33.0,"Past":10.0,"Press":225.0,"Succ":81.0,"Blocks":51.0,"Int":21.0},{"Player":"Antonio Mirante","Pos":"GK","Tkl":0.0,"TklW":0.0,"Past":2.0,"Press":4.0,"Succ":2.0,"Blocks":1.0,"Int":0.0},{"Player":"Simone Missiroli","Pos":"MF","Tkl":70.0,"TklW":42.0,"Past":61.0,"Press":588.0,"Succ":167.0,"Blocks":67.0,"Int":44.0},{"Player":"Cristian Molinaro","Pos":"DF","Tkl":42.0,"TklW":24.0,"Past":8.0,"Press":204.0,"Succ":57.0,"Blocks":28.0,"Int":15.0},{"Player":"Riccardo Montolivo","Pos":"MF","Tkl":28.0,"TklW":20.0,"Past":23.0,"Press":216.0,"Succ":62.0,"Blocks":22.0,"Int":9.0},{"Player":"Luca Mora","Pos":"MF","Tkl":22.0,"TklW":13.0,"Past":21.0,"Press":228.0,"Succ":59.0,"Blocks":12.0,"Int":2.0},{"Player":"Emiliano Moretti","Pos":"DF","Tkl":36.0,"TklW":23.0,"Past":6.0,"Press":140.0,"Succ":48.0,"Blocks":39.0,"Int":17.0},{"Player":"Alessandro Murgia","Pos":"MF","Tkl":19.0,"TklW":13.0,"Past":12.0,"Press":196.0,"Succ":65.0,"Blocks":20.0,"Int":9.0},{"Player":"Nicola Murru","Pos":"DF","Tkl":44.0,"TklW":24.0,"Past":12.0,"Press":226.0,"Succ":73.0,"Blocks":44.0,"Int":16.0},{"Player":"Mateo Musacchio","Pos":"DF","Tkl":20.0,"TklW":15.0,"Past":12.0,"Press":130.0,"Succ":40.0,"Blocks":17.0,"Int":17.0},{"Player":"Radja Nainggolan","Pos":"MF","Tkl":55.0,"TklW":41.0,"Past":25.0,"Press":526.0,"Succ":142.0,"Blocks":26.0,"Int":10.0},{"Player":"Andrea Nalini","Pos":"FW","Tkl":42.0,"TklW":28.0,"Past":15.0,"Press":295.0,"Succ":95.0,"Blocks":28.0,"Int":17.0},{"Player":"Nani","Pos":"MF","Tkl":11.0,"TklW":7.0,"Past":4.0,"Press":111.0,"Succ":34.0,"Blocks":7.0,"Int":3.0},{"Player":"Nícolas","Pos":"DF","Tkl":60.0,"TklW":32.0,"Past":11.0,"Press":305.0,"Succ":100.0,"Blocks":57.0,"Int":51.0},{"Player":"Bram Nuytinck","Pos":"DF","Tkl":61.0,"TklW":34.0,"Past":24.0,"Press":297.0,"Succ":100.0,"Blocks":69.0,"Int":12.0},{"Player":"Joel Obi","Pos":"MF","Tkl":40.0,"TklW":23.0,"Past":16.0,"Press":293.0,"Succ":65.0,"Blocks":19.0,"Int":10.0},{"Player":"Stephane Omeonga","Pos":"MF","Tkl":21.0,"TklW":13.0,"Past":14.0,"Press":212.0,"Succ":44.0,"Blocks":24.0,"Int":7.0},{"Player":"Riccardo Orsolini","Pos":"FW","Tkl":7.0,"TklW":5.0,"Past":3.0,"Press":52.0,"Succ":15.0,"Blocks":1.0,"Int":2.0},{"Player":"Riccardo Orsolini","Pos":"FW","Tkl":2.0,"TklW":2.0,"Past":1.0,"Press":21.0,"Succ":6.0,"Blocks":3.0,"Int":0.0},{"Player":"Simone Padoin","Pos":"DF","Tkl":30.0,"TklW":21.0,"Past":23.0,"Press":395.0,"Succ":113.0,"Blocks":54.0,"Int":17.0},{"Player":"Rodrigo Palacio","Pos":"FW","Tkl":26.0,"TklW":22.0,"Past":23.0,"Press":476.0,"Succ":113.0,"Blocks":18.0,"Int":10.0},{"Player":"Simone Padoin","Pos":"FW","Tkl":0.0,"TklW":0.0,"Past":0.0,"Press":12.0,"Succ":5.0,"Blocks":0.0,"Int":0.0},{"Player":"Alberto Paloschi","Pos":"FW","Tkl":11.0,"TklW":7.0,"Past":17.0,"Press":358.0,"Succ":68.0,"Blocks":9.0,"Int":5.0},{"Player":"Goran Pandev","Pos":"FW","Tkl":12.0,"TklW":8.0,"Past":12.0,"Press":356.0,"Succ":93.0,"Blocks":11.0,"Int":1.0},{"Player":"Vittorio Parigini","Pos":"FW","Tkl":23.0,"TklW":17.0,"Past":13.0,"Press":159.0,"Succ":56.0,"Blocks":7.0,"Int":5.0},{"Player":"Marco Parolo","Pos":"MF","Tkl":65.0,"TklW":43.0,"Past":57.0,"Press":600.0,"Succ":178.0,"Blocks":70.0,"Int":27.0},{"Player":"Danilo","Pos":"DF","Tkl":2.0,"TklW":0.0,"Past":0.0,"Press":17.0,"Succ":5.0,"Blocks":1.0,"Int":0.0},{"Player":"Danilo","Pos":"DF","Tkl":14.0,"TklW":5.0,"Past":6.0,"Press":108.0,"Succ":28.0,"Blocks":12.0,"Int":2.0},{"Player":"Leonardo Pavoletti","Pos":"FW","Tkl":29.0,"TklW":15.0,"Past":21.0,"Press":452.0,"Succ":118.0,"Blocks":27.0,"Int":9.0},{"Player":"Giampaolo Pazzini","Pos":"FW","Tkl":2.0,"TklW":2.0,"Past":4.0,"Press":164.0,"Succ":33.0,"Blocks":2.0,"Int":2.0},{"Player":"João Pedro","Pos":"MF","Tkl":16.0,"TklW":11.0,"Past":19.0,"Press":246.0,"Succ":57.0,"Blocks":13.0,"Int":7.0},{"Player":"Lorenzo Pellegrini","Pos":"MF","Tkl":45.0,"TklW":28.0,"Past":25.0,"Press":412.0,"Succ":115.0,"Blocks":34.0,"Int":27.0},{"Player":"Sergio Pellissier","Pos":"FW","Tkl":4.0,"TklW":2.0,"Past":4.0,"Press":70.0,"Succ":17.0,"Blocks":6.0,"Int":0.0},{"Player":"Federico Peluso","Pos":"DF","Tkl":54.0,"TklW":28.0,"Past":19.0,"Press":316.0,"Succ":82.0,"Blocks":63.0,"Int":33.0},{"Player":"Bruno Peres","Pos":"DF","Tkl":25.0,"TklW":19.0,"Past":8.0,"Press":141.0,"Succ":45.0,"Blocks":27.0,"Int":12.0},{"Player":"Stipe Perica","Pos":"FW","Tkl":7.0,"TklW":4.0,"Past":9.0,"Press":175.0,"Succ":39.0,"Blocks":10.0,"Int":1.0},{"Player":"Mattia Perin","Pos":"GK","Tkl":0.0,"TklW":0.0,"Past":0.0,"Press":8.0,"Succ":1.0,"Blocks":0.0,"Int":0.0},{"Player":"Ivan Perisic","Pos":"FW","Tkl":45.0,"TklW":30.0,"Past":56.0,"Press":688.0,"Succ":183.0,"Blocks":52.0,"Int":32.0},{"Player":"Diego Perotti","Pos":"FW","Tkl":26.0,"TklW":17.0,"Past":20.0,"Press":328.0,"Succ":89.0,"Blocks":28.0,"Int":6.0},{"Player":"Andrea Petagna","Pos":"FW","Tkl":10.0,"TklW":8.0,"Past":14.0,"Press":239.0,"Succ":61.0,"Blocks":20.0,"Int":3.0},{"Player":"Bruno Petkovic","Pos":"FW","Tkl":11.0,"TklW":9.0,"Past":7.0,"Press":156.0,"Succ":33.0,"Blocks":7.0,"Int":6.0},{"Player":"Bruno Petkovic","Pos":"FW","Tkl":8.0,"TklW":7.0,"Past":4.0,"Press":59.0,"Succ":17.0,"Blocks":3.0,"Int":3.0},{"Player":"Germán Pezzella","Pos":"DF","Tkl":70.0,"TklW":44.0,"Past":26.0,"Press":311.0,"Succ":120.0,"Blocks":55.0,"Int":46.0},{"Player":"Giuseppe Pezzella","Pos":"DF","Tkl":18.0,"TklW":8.0,"Past":13.0,"Press":159.0,"Succ":47.0,"Blocks":17.0,"Int":2.0},{"Player":"Fabio Pisacane","Pos":"DF","Tkl":58.0,"TklW":26.0,"Past":32.0,"Press":279.0,"Succ":90.0,"Blocks":39.0,"Int":25.0},{"Player":"Miralem Pjanic","Pos":"MF","Tkl":41.0,"TklW":36.0,"Past":40.0,"Press":375.0,"Succ":111.0,"Blocks":38.0,"Int":41.0},{"Player":"Andrea Poli","Pos":"MF","Tkl":72.0,"TklW":54.0,"Past":51.0,"Press":755.0,"Succ":216.0,"Blocks":69.0,"Int":23.0},{"Player":"Matteo Politano","Pos":"FW","Tkl":30.0,"TklW":17.0,"Past":45.0,"Press":578.0,"Succ":134.0,"Blocks":22.0,"Int":13.0},{"Player":"Dennis Praet","Pos":"MF","Tkl":93.0,"TklW":54.0,"Past":50.0,"Press":624.0,"Succ":178.0,"Blocks":63.0,"Int":32.0},{"Player":"Manuel Pucciarelli","Pos":"FW","Tkl":25.0,"TklW":16.0,"Past":12.0,"Press":386.0,"Succ":88.0,"Blocks":22.0,"Int":5.0},{"Player":"Christian Puggioni","Pos":"GK","Tkl":0.0,"TklW":0.0,"Past":0.0,"Press":1.0,"Succ":0.0,"Blocks":0.0,"Int":0.0},{"Player":"Christian Puggioni","Pos":"GK","Tkl":0.0,"TklW":0.0,"Past":0.0,"Press":1.0,"Succ":0.0,"Blocks":0.0,"Int":0.0},{"Player":"Erick Pulgar","Pos":"MF","Tkl":64.0,"TklW":44.0,"Past":55.0,"Press":576.0,"Succ":166.0,"Blocks":66.0,"Int":18.0},{"Player":"Fabio Quagliarella","Pos":"FW","Tkl":13.0,"TklW":9.0,"Past":23.0,"Press":538.0,"Succ":138.0,"Blocks":37.0,"Int":8.0},{"Player":"Ivan Radovanovic","Pos":"MF","Tkl":66.0,"TklW":37.0,"Past":42.0,"Press":475.0,"Succ":141.0,"Blocks":60.0,"Int":26.0},{"Player":"Stefan Radu","Pos":"DF","Tkl":59.0,"TklW":42.0,"Past":13.0,"Press":196.0,"Succ":81.0,"Blocks":36.0,"Int":39.0},{"Player":"Rafinha","Pos":"MF","Tkl":20.0,"TklW":16.0,"Past":13.0,"Press":304.0,"Succ":88.0,"Blocks":22.0,"Int":6.0},{"Player":"Antonino Ragusa","Pos":"FW","Tkl":20.0,"TklW":14.0,"Past":11.0,"Press":258.0,"Succ":67.0,"Blocks":18.0,"Int":8.0},{"Player":"Gastón Ramírez","Pos":"MF","Tkl":40.0,"TklW":23.0,"Past":37.0,"Press":515.0,"Succ":136.0,"Blocks":32.0,"Int":12.0},{"Player":"Federico Ricci","Pos":"FW","Tkl":28.0,"TklW":13.0,"Past":16.0,"Press":180.0,"Succ":44.0,"Blocks":21.0,"Int":6.0},{"Player":"Federico Ricci","Pos":"FW","Tkl":4.0,"TklW":4.0,"Past":2.0,"Press":34.0,"Succ":12.0,"Blocks":1.0,"Int":1.0},{"Player":"Luca Rigoni","Pos":"MF","Tkl":37.0,"TklW":24.0,"Past":25.0,"Press":350.0,"Succ":111.0,"Blocks":25.0,"Int":14.0},{"Player":"Nicola Rigoni","Pos":"MF","Tkl":31.0,"TklW":22.0,"Past":14.0,"Press":179.0,"Succ":50.0,"Blocks":13.0,"Int":9.0},{"Player":"Tomás Rincón","Pos":"MF","Tkl":60.0,"TklW":32.0,"Past":52.0,"Press":611.0,"Succ":174.0,"Blocks":48.0,"Int":38.0},{"Player":"Ricardo Rodríguez","Pos":"DF","Tkl":49.0,"TklW":27.0,"Past":13.0,"Press":379.0,"Succ":124.0,"Blocks":56.0,"Int":31.0},{"Player":"Marko Rog","Pos":"FW","Tkl":12.0,"TklW":10.0,"Past":9.0,"Press":138.0,"Succ":34.0,"Blocks":4.0,"Int":2.0},{"Player":"Marcus Rohden","Pos":"MF","Tkl":33.0,"TklW":14.0,"Past":51.0,"Press":460.0,"Succ":105.0,"Blocks":20.0,"Int":11.0},{"Player":"Filippo Romagna","Pos":"DF","Tkl":39.0,"TklW":25.0,"Past":12.0,"Press":209.0,"Succ":72.0,"Blocks":33.0,"Int":18.0},{"Player":"Alessio Romagnoli","Pos":"DF","Tkl":26.0,"TklW":18.0,"Past":8.0,"Press":151.0,"Succ":42.0,"Blocks":37.0,"Int":21.0},{"Player":"Rômulo","Pos":"MF","Tkl":62.0,"TklW":40.0,"Past":48.0,"Press":491.0,"Succ":117.0,"Blocks":42.0,"Int":22.0},{"Player":"Marten de Roon","Pos":"MF","Tkl":75.0,"TklW":53.0,"Past":76.0,"Press":661.0,"Succ":198.0,"Blocks":48.0,"Int":29.0},{"Player":"Aleandro Rosi","Pos":"DF","Tkl":36.0,"TklW":22.0,"Past":18.0,"Press":298.0,"Succ":86.0,"Blocks":35.0,"Int":14.0},{"Player":"Luca Rossettini","Pos":"DF","Tkl":18.0,"TklW":12.0,"Past":17.0,"Press":206.0,"Succ":68.0,"Blocks":32.0,"Int":21.0},{"Player":"Daniele Rugani","Pos":"DF","Tkl":19.0,"TklW":8.0,"Past":5.0,"Press":121.0,"Succ":32.0,"Blocks":30.0,"Int":15.0},{"Player":"Mário Rui","Pos":"DF","Tkl":64.0,"TklW":34.0,"Past":28.0,"Press":334.0,"Succ":109.0,"Blocks":47.0,"Int":10.0},{"Player":"Bartosz Salamon","Pos":"DF","Tkl":43.0,"TklW":27.0,"Past":13.0,"Press":187.0,"Succ":69.0,"Blocks":36.0,"Int":29.0},{"Player":"Mario Sampirisi","Pos":"DF","Tkl":47.0,"TklW":25.0,"Past":15.0,"Press":233.0,"Succ":78.0,"Blocks":51.0,"Int":36.0},{"Player":"Alex Sandro","Pos":"DF","Tkl":61.0,"TklW":35.0,"Past":28.0,"Press":308.0,"Succ":90.0,"Blocks":30.0,"Int":18.0},{"Player":"Davide Santon","Pos":"DF","Tkl":25.0,"TklW":14.0,"Past":10.0,"Press":117.0,"Succ":43.0,"Blocks":19.0,"Int":7.0},{"Player":"Samir","Pos":"DF","Tkl":67.0,"TklW":41.0,"Past":22.0,"Press":372.0,"Succ":129.0,"Blocks":60.0,"Int":34.0},{"Player":"Riccardo Saponara","Pos":"MF","Tkl":9.0,"TklW":9.0,"Past":11.0,"Press":184.0,"Succ":53.0,"Blocks":6.0,"Int":2.0},{"Player":"Marco Sau","Pos":"FW","Tkl":16.0,"TklW":13.0,"Past":9.0,"Press":238.0,"Succ":66.0,"Blocks":12.0,"Int":4.0},{"Player":"Pasquale Schiattarella","Pos":"MF","Tkl":43.0,"TklW":29.0,"Past":35.0,"Press":364.0,"Succ":83.0,"Blocks":11.0,"Int":14.0},{"Player":"Patrik Schick","Pos":"FW","Tkl":9.0,"TklW":7.0,"Past":11.0,"Press":215.0,"Succ":60.0,"Blocks":20.0,"Int":1.0},{"Player":"Stefano Sensi","Pos":"MF","Tkl":25.0,"TklW":21.0,"Past":21.0,"Press":239.0,"Succ":78.0,"Blocks":19.0,"Int":11.0},{"Player":"Stephan El Shaarawy","Pos":"FW","Tkl":27.0,"TklW":15.0,"Past":16.0,"Press":363.0,"Succ":101.0,"Blocks":23.0,"Int":20.0},{"Player":"André Silva","Pos":"FW","Tkl":8.0,"TklW":5.0,"Past":3.0,"Press":219.0,"Succ":51.0,"Blocks":7.0,"Int":2.0},{"Player":"Matías Silvestre","Pos":"DF","Tkl":17.0,"TklW":9.0,"Past":7.0,"Press":130.0,"Succ":28.0,"Blocks":44.0,"Int":12.0},{"Player":"Giovanni Simeone","Pos":"FW","Tkl":45.0,"TklW":35.0,"Past":31.0,"Press":719.0,"Succ":199.0,"Blocks":33.0,"Int":8.0},{"Player":"Salvatore Sirigu","Pos":"GK","Tkl":0.0,"TklW":0.0,"Past":0.0,"Press":1.0,"Succ":0.0,"Blocks":0.0,"Int":0.0},{"Player":"Milan Skriniar","Pos":"DF","Tkl":107.0,"TklW":67.0,"Past":27.0,"Press":301.0,"Succ":112.0,"Blocks":69.0,"Int":19.0},{"Player":"Stefano Sorrentino","Pos":"GK","Tkl":0.0,"TklW":0.0,"Past":1.0,"Press":2.0,"Succ":0.0,"Blocks":0.0,"Int":0.0},{"Player":"Samuel Souprayen","Pos":"DF","Tkl":32.0,"TklW":19.0,"Past":9.0,"Press":218.0,"Succ":73.0,"Blocks":29.0,"Int":18.0},{"Player":"Leonardo Spinazzola","Pos":"DF","Tkl":17.0,"TklW":8.0,"Past":10.0,"Press":165.0,"Succ":54.0,"Blocks":35.0,"Int":16.0},{"Player":"Nicolás Spolli","Pos":"DF","Tkl":27.0,"TklW":17.0,"Past":13.0,"Press":200.0,"Succ":59.0,"Blocks":31.0,"Int":18.0},{"Player":"Marco Sportiello","Pos":"GK","Tkl":0.0,"TklW":0.0,"Past":1.0,"Press":1.0,"Succ":0.0,"Blocks":0.0,"Int":0.0},{"Player":"Mariusz Stepinski","Pos":"FW","Tkl":14.0,"TklW":6.0,"Past":6.0,"Press":241.0,"Succ":43.0,"Blocks":5.0,"Int":3.0},{"Player":"Adrian Stoian","Pos":"MF","Tkl":27.0,"TklW":21.0,"Past":44.0,"Press":417.0,"Succ":82.0,"Blocks":39.0,"Int":20.0},{"Player":"Thomas Strakosha","Pos":"GK","Tkl":0.0,"TklW":0.0,"Past":0.0,"Press":2.0,"Succ":2.0,"Blocks":0.0,"Int":0.0},{"Player":"Ivan Strinic","Pos":"DF","Tkl":34.0,"TklW":25.0,"Past":28.0,"Press":188.0,"Succ":66.0,"Blocks":22.0,"Int":22.0},{"Player":"Kevin Strootman","Pos":"MF","Tkl":57.0,"TklW":37.0,"Past":28.0,"Press":553.0,"Succ":160.0,"Blocks":42.0,"Int":22.0},{"Player":"Jens Stryger Larsen","Pos":"DF","Tkl":37.0,"TklW":29.0,"Past":25.0,"Press":380.0,"Succ":110.0,"Blocks":57.0,"Int":19.0},{"Player":"Suso","Pos":"FW","Tkl":15.0,"TklW":10.0,"Past":25.0,"Press":437.0,"Succ":100.0,"Blocks":38.0,"Int":9.0},{"Player":"Wojciech Szczesny","Pos":"GK","Tkl":0.0,"TklW":0.0,"Past":0.0,"Press":0.0,"Succ":0.0,"Blocks":0.0,"Int":0.0},{"Player":"Adel Taarabt","Pos":"FW","Tkl":17.0,"TklW":11.0,"Past":15.0,"Press":234.0,"Succ":61.0,"Blocks":15.0,"Int":11.0},{"Player":"Cyril Théréau","Pos":"FW","Tkl":12.0,"TklW":8.0,"Past":17.0,"Press":221.0,"Succ":69.0,"Blocks":17.0,"Int":4.0},{"Player":"Cyril Théréau","Pos":"FW","Tkl":1.0,"TklW":1.0,"Past":0.0,"Press":25.0,"Succ":7.0,"Blocks":1.0,"Int":0.0},{"Player":"Rafael Toloi","Pos":"DF","Tkl":62.0,"TklW":40.0,"Past":53.0,"Press":374.0,"Succ":139.0,"Blocks":55.0,"Int":43.0},{"Player":"Nenad Tomovic","Pos":"DF","Tkl":42.0,"TklW":25.0,"Past":11.0,"Press":237.0,"Succ":74.0,"Blocks":55.0,"Int":32.0},{"Player":"Nenad Tomovic","Pos":"DF","Tkl":3.0,"TklW":3.0,"Past":4.0,"Press":13.0,"Succ":2.0,"Blocks":3.0,"Int":1.0},{"Player":"Vasilis Torosidis","Pos":"DF","Tkl":10.0,"TklW":5.0,"Past":5.0,"Press":79.0,"Succ":21.0,"Blocks":16.0,"Int":6.0},{"Player":"Lucas Torreira","Pos":"MF","Tkl":105.0,"TklW":73.0,"Past":59.0,"Press":660.0,"Succ":194.0,"Blocks":59.0,"Int":55.0},{"Player":"Marcello Trotta","Pos":"FW","Tkl":39.0,"TklW":25.0,"Past":37.0,"Press":451.0,"Succ":113.0,"Blocks":30.0,"Int":10.0},{"Player":"Cengiz Ünder","Pos":"FW","Tkl":10.0,"TklW":8.0,"Past":15.0,"Press":199.0,"Succ":53.0,"Blocks":9.0,"Int":7.0},{"Player":"Borja Valero","Pos":"MF","Tkl":49.0,"TklW":29.0,"Past":41.0,"Press":492.0,"Succ":127.0,"Blocks":22.0,"Int":13.0},{"Player":"Mattia Valoti","Pos":"MF","Tkl":61.0,"TklW":40.0,"Past":45.0,"Press":387.0,"Succ":107.0,"Blocks":30.0,"Int":30.0},{"Player":"Matías Vecino","Pos":"MF","Tkl":52.0,"TklW":26.0,"Past":34.0,"Press":412.0,"Succ":117.0,"Blocks":41.0,"Int":15.0},{"Player":"Miguel Veloso","Pos":"MF","Tkl":42.0,"TklW":30.0,"Past":36.0,"Press":449.0,"Succ":128.0,"Blocks":37.0,"Int":11.0},{"Player":"Lorenzo Venuti","Pos":"DF","Tkl":49.0,"TklW":21.0,"Past":29.0,"Press":340.0,"Succ":98.0,"Blocks":69.0,"Int":31.0},{"Player":"Daniele Verde","Pos":"FW","Tkl":14.0,"TklW":10.0,"Past":23.0,"Press":287.0,"Succ":65.0,"Blocks":16.0,"Int":25.0},{"Player":"Simone Verdi","Pos":"FW","Tkl":35.0,"TklW":22.0,"Past":38.0,"Press":480.0,"Succ":124.0,"Blocks":25.0,"Int":25.0},{"Player":"Jordan Veretout","Pos":"MF","Tkl":71.0,"TklW":48.0,"Past":50.0,"Press":654.0,"Succ":162.0,"Blocks":55.0,"Int":28.0},{"Player":"Valerio Verre","Pos":"MF","Tkl":8.0,"TklW":6.0,"Past":6.0,"Press":91.0,"Succ":27.0,"Blocks":11.0,"Int":2.0},{"Player":"Francesco Vicari","Pos":"DF","Tkl":42.0,"TklW":24.0,"Past":23.0,"Press":206.0,"Succ":70.0,"Blocks":59.0,"Int":12.0},{"Player":"Nicolas Viola","Pos":"MF","Tkl":38.0,"TklW":25.0,"Past":32.0,"Press":288.0,"Succ":77.0,"Blocks":36.0,"Int":14.0},{"Player":"Federico Viviani","Pos":"MF","Tkl":69.0,"TklW":45.0,"Past":50.0,"Press":484.0,"Succ":140.0,"Blocks":51.0,"Int":40.0},{"Player":"Emiliano Viviano","Pos":"GK","Tkl":0.0,"TklW":0.0,"Past":0.0,"Press":3.0,"Succ":1.0,"Blocks":1.0,"Int":0.0},{"Player":"Stefan de Vrij","Pos":"DF","Tkl":34.0,"TklW":20.0,"Past":13.0,"Press":229.0,"Succ":76.0,"Blocks":56.0,"Int":39.0},{"Player":"Jagos Vukovic","Pos":"DF","Tkl":6.0,"TklW":5.0,"Past":8.0,"Press":38.0,"Succ":14.0,"Blocks":30.0,"Int":16.0},{"Player":"Silvan Widmer","Pos":"DF","Tkl":48.0,"TklW":28.0,"Past":24.0,"Press":298.0,"Succ":92.0,"Blocks":31.0,"Int":21.0},{"Player":"Duván Zapata","Pos":"FW","Tkl":11.0,"TklW":7.0,"Past":3.0,"Press":336.0,"Succ":84.0,"Blocks":13.0,"Int":6.0},{"Player":"Piotr Zielinski","Pos":"MF","Tkl":31.0,"TklW":19.0,"Past":18.0,"Press":317.0,"Succ":95.0,"Blocks":40.0,"Int":7.0},{"Player":"Bruno Zuculini","Pos":"MF","Tkl":73.0,"TklW":43.0,"Past":29.0,"Press":346.0,"Succ":112.0,"Blocks":33.0,"Int":13.0},{"Player":"Bruno Zuculini","Pos":"MF","Tkl":16.0,"TklW":10.0,"Past":5.0,"Press":97.0,"Succ":33.0,"Blocks":4.0,"Int":4.0},{"Player":"Ervin Zukanovic","Pos":"DF","Tkl":57.0,"TklW":35.0,"Past":41.0,"Press":281.0,"Succ":96.0,"Blocks":55.0,"Int":39.0},{"Player":"Christian Rutjens","Pos":"","Tkl":"","TklW":"","Past":"","Press":"","Succ":"","Blocks":"","Int":""}]