[{"Player":"Patrick van Aanholt","Pos":"DF","Tkl":55.0,"TklW":35.0,"Past":19.0,"Press":264.0,"Succ":92.0,"Blocks":35.0,"Int":45.0},{"Player":"Tammy Abraham","Pos":"FW","Tkl":14.0,"TklW":6.0,"Past":10.0,"Press":251.0,"Succ":72.0,"Blocks":9.0,"Int":5.0},{"Player":"Adrián","Pos":"GK","Tkl":0.0,"TklW":0.0,"Past":2.0,"Press":5.0,"Succ":0.0,"Blocks":0.0,"Int":0.0},{"Player":"Benik Afobe","Pos":"FW","Tkl":6.0,"TklW":3.0,"Past":5.0,"Press":110.0,"Succ":37.0,"Blocks":6.0,"Int":2.0},{"Player":"Sergio Agüero","Pos":"FW","Tkl":13.0,"TklW":8.0,"Past":11.0,"Press":246.0,"Succ":80.0,"Blocks":14.0,"Int":14.0},{"Player":"Nathan Aké","Pos":"DF","Tkl":59.0,"TklW":31.0,"Past":18.0,"Press":369.0,"Succ":116.0,"Blocks":65.0,"Int":58.0},{"Player":"Marc Albrighton","Pos":"MF","Tkl":62.0,"TklW":42.0,"Past":42.0,"Press":545.0,"Succ":144.0,"Blocks":44.0,"Int":40.0},{"Player":"Trent Alexander-Arnold","Pos":"DF","Tkl":39.0,"TklW":22.0,"Past":23.0,"Press":237.0,"Succ":84.0,"Blocks":30.0,"Int":53.0},{"Player":"Joe Allen","Pos":"MF","Tkl":106.0,"TklW":64.0,"Past":69.0,"Press":904.0,"Succ":258.0,"Blocks":60.0,"Int":63.0},{"Player":"Dele Alli","Pos":"MF","Tkl":53.0,"TklW":40.0,"Past":24.0,"Press":601.0,"Succ":193.0,"Blocks":38.0,"Int":31.0},{"Player":"Marcos Alonso","Pos":"DF","Tkl":59.0,"TklW":32.0,"Past":23.0,"Press":411.0,"Succ":133.0,"Blocks":57.0,"Int":61.0},{"Player":"Danilo","Pos":"DF","Tkl":9.0,"TklW":2.0,"Past":4.0,"Press":76.0,"Succ":22.0,"Blocks":10.0,"Int":8.0},{"Player":"Michail Antonio","Pos":"FW","Tkl":15.0,"TklW":12.0,"Past":10.0,"Press":195.0,"Succ":60.0,"Blocks":14.0,"Int":14.0},{"Player":"Scott Arfield","Pos":"MF","Tkl":36.0,"TklW":23.0,"Past":24.0,"Press":392.0,"Succ":96.0,"Blocks":27.0,"Int":16.0},{"Player":"Marko Arnautovic","Pos":"FW","Tkl":21.0,"TklW":17.0,"Past":16.0,"Press":404.0,"Succ":125.0,"Blocks":28.0,"Int":18.0},{"Player":"Christian Atsu","Pos":"FW","Tkl":18.0,"TklW":6.0,"Past":16.0,"Press":328.0,"Succ":79.0,"Blocks":46.0,"Int":18.0},{"Player":"Serge Aurier","Pos":"DF","Tkl":55.0,"TklW":29.0,"Past":27.0,"Press":255.0,"Succ":91.0,"Blocks":33.0,"Int":31.0},{"Player":"Charlie Austin","Pos":"FW","Tkl":8.0,"TklW":5.0,"Past":5.0,"Press":195.0,"Succ":50.0,"Blocks":13.0,"Int":3.0},{"Player":"André Ayew","Pos":"FW","Tkl":16.0,"TklW":12.0,"Past":9.0,"Press":267.0,"Succ":67.0,"Blocks":12.0,"Int":8.0},{"Player":"André Ayew","Pos":"MF","Tkl":16.0,"TklW":12.0,"Past":13.0,"Press":168.0,"Succ":42.0,"Blocks":11.0,"Int":4.0},{"Player":"Jordan Ayew","Pos":"FW","Tkl":91.0,"TklW":63.0,"Past":29.0,"Press":1019.0,"Succ":270.0,"Blocks":45.0,"Int":35.0},{"Player":"César Azpilicueta","Pos":"DF","Tkl":88.0,"TklW":51.0,"Past":30.0,"Press":465.0,"Succ":181.0,"Blocks":69.0,"Int":71.0},{"Player":"Leighton Baines","Pos":"DF","Tkl":28.0,"TklW":11.0,"Past":11.0,"Press":223.0,"Succ":50.0,"Blocks":32.0,"Int":32.0},{"Player":"Tiemoué Bakayoko","Pos":"MF","Tkl":72.0,"TklW":54.0,"Past":29.0,"Press":477.0,"Succ":158.0,"Blocks":34.0,"Int":47.0},{"Player":"Ashley Barnes","Pos":"FW","Tkl":24.0,"TklW":20.0,"Past":21.0,"Press":525.0,"Succ":132.0,"Blocks":26.0,"Int":10.0},{"Player":"Gareth Barry","Pos":"MF","Tkl":47.0,"TklW":27.0,"Past":28.0,"Press":362.0,"Succ":101.0,"Blocks":32.0,"Int":25.0},{"Player":"Moritz Bauer","Pos":"DF","Tkl":30.0,"TklW":14.0,"Past":17.0,"Press":246.0,"Succ":57.0,"Blocks":23.0,"Int":14.0},{"Player":"Asmir Begovic","Pos":"GK","Tkl":0.0,"TklW":0.0,"Past":2.0,"Press":5.0,"Succ":1.0,"Blocks":0.0,"Int":0.0},{"Player":"Héctor Bellerín","Pos":"DF","Tkl":63.0,"TklW":42.0,"Past":33.0,"Press":382.0,"Succ":118.0,"Blocks":64.0,"Int":34.0},{"Player":"Christian Benteke","Pos":"FW","Tkl":10.0,"TklW":8.0,"Past":17.0,"Press":238.0,"Succ":61.0,"Blocks":18.0,"Int":7.0},{"Player":"Saido Berahino","Pos":"FW","Tkl":3.0,"TklW":2.0,"Past":1.0,"Press":92.0,"Succ":22.0,"Blocks":5.0,"Int":3.0},{"Player":"Johann Berg Gudmundsson","Pos":"MF","Tkl":39.0,"TklW":20.0,"Past":26.0,"Press":501.0,"Succ":137.0,"Blocks":45.0,"Int":43.0},{"Player":"Ryan Bertrand","Pos":"DF","Tkl":52.0,"TklW":25.0,"Past":22.0,"Press":364.0,"Succ":118.0,"Blocks":58.0,"Int":44.0},{"Player":"Philip Billing","Pos":"MF","Tkl":30.0,"TklW":16.0,"Past":20.0,"Press":233.0,"Succ":64.0,"Blocks":25.0,"Int":22.0},{"Player":"Mame Biram Diouf","Pos":"FW","Tkl":60.0,"TklW":37.0,"Past":17.0,"Press":470.0,"Succ":111.0,"Blocks":29.0,"Int":21.0},{"Player":"Yannick Bolasie","Pos":"FW","Tkl":13.0,"TklW":7.0,"Past":3.0,"Press":147.0,"Succ":38.0,"Blocks":8.0,"Int":8.0},{"Player":"Gaëtan Bong","Pos":"DF","Tkl":53.0,"TklW":31.0,"Past":16.0,"Press":301.0,"Succ":95.0,"Blocks":51.0,"Int":41.0},{"Player":"Wilfried Bony","Pos":"FW","Tkl":6.0,"TklW":4.0,"Past":2.0,"Press":79.0,"Succ":20.0,"Blocks":5.0,"Int":5.0},{"Player":"Sofiane Boufal","Pos":"FW","Tkl":43.0,"TklW":32.0,"Past":19.0,"Press":285.0,"Succ":94.0,"Blocks":19.0,"Int":11.0},{"Player":"Robbie Brady","Pos":"MF","Tkl":35.0,"TklW":24.0,"Past":30.0,"Press":265.0,"Succ":68.0,"Blocks":19.0,"Int":21.0},{"Player":"Bruno","Pos":"DF","Tkl":34.0,"TklW":21.0,"Past":13.0,"Press":147.0,"Succ":53.0,"Blocks":41.0,"Int":40.0},{"Player":"Chris Brunt","Pos":"MF","Tkl":38.0,"TklW":21.0,"Past":32.0,"Press":268.0,"Succ":76.0,"Blocks":37.0,"Int":42.0},{"Player":"Oliver Burke","Pos":"FW","Tkl":8.0,"TklW":5.0,"Past":4.0,"Press":97.0,"Succ":22.0,"Blocks":6.0,"Int":7.0},{"Player":"Jack Butland","Pos":"GK","Tkl":0.0,"TklW":0.0,"Past":1.0,"Press":8.0,"Succ":1.0,"Blocks":0.0,"Int":0.0},{"Player":"Yohan Cabaye","Pos":"MF","Tkl":65.0,"TklW":40.0,"Past":70.0,"Press":756.0,"Succ":210.0,"Blocks":53.0,"Int":73.0},{"Player":"Gary Cahill","Pos":"DF","Tkl":33.0,"TklW":10.0,"Past":14.0,"Press":202.0,"Succ":71.0,"Blocks":33.0,"Int":29.0},{"Player":"Dominic Calvert-Lewin","Pos":"FW","Tkl":17.0,"TklW":10.0,"Past":13.0,"Press":404.0,"Succ":99.0,"Blocks":17.0,"Int":14.0},{"Player":"Geoff Cameron","Pos":"DF","Tkl":43.0,"TklW":27.0,"Past":20.0,"Press":268.0,"Succ":84.0,"Blocks":26.0,"Int":38.0},{"Player":"Emre Can","Pos":"MF","Tkl":73.0,"TklW":49.0,"Past":28.0,"Press":443.0,"Succ":145.0,"Blocks":48.0,"Int":36.0},{"Player":"Etienne Capoue","Pos":"MF","Tkl":46.0,"TklW":33.0,"Past":27.0,"Press":310.0,"Succ":105.0,"Blocks":23.0,"Int":39.0},{"Player":"André Carrillo","Pos":"FW","Tkl":37.0,"TklW":24.0,"Past":19.0,"Press":346.0,"Succ":83.0,"Blocks":15.0,"Int":27.0},{"Player":"Andy Carroll","Pos":"FW","Tkl":5.0,"TklW":3.0,"Past":3.0,"Press":63.0,"Succ":17.0,"Blocks":8.0,"Int":2.0},{"Player":"Tom Carroll","Pos":"MF","Tkl":59.0,"TklW":30.0,"Past":43.0,"Press":606.0,"Succ":155.0,"Blocks":38.0,"Int":46.0},{"Player":"Petr Cech","Pos":"GK","Tkl":0.0,"TklW":0.0,"Past":0.0,"Press":3.0,"Succ":1.0,"Blocks":0.0,"Int":0.0},{"Player":"Ben Chilwell","Pos":"DF","Tkl":38.0,"TklW":24.0,"Past":24.0,"Press":299.0,"Succ":89.0,"Blocks":44.0,"Int":37.0},{"Player":"Andreas Christensen","Pos":"DF","Tkl":22.0,"TklW":10.0,"Past":7.0,"Press":167.0,"Succ":72.0,"Blocks":37.0,"Int":40.0},{"Player":"Ciaran Clark","Pos":"DF","Tkl":24.0,"TklW":9.0,"Past":11.0,"Press":176.0,"Succ":55.0,"Blocks":26.0,"Int":29.0},{"Player":"Tom Cleverley","Pos":"MF","Tkl":42.0,"TklW":29.0,"Past":36.0,"Press":475.0,"Succ":134.0,"Blocks":20.0,"Int":32.0},{"Player":"Sam Clucas","Pos":"MF","Tkl":39.0,"TklW":20.0,"Past":32.0,"Press":377.0,"Succ":88.0,"Blocks":37.0,"Int":31.0},{"Player":"Lewis Cook","Pos":"MF","Tkl":72.0,"TklW":47.0,"Past":41.0,"Press":430.0,"Succ":126.0,"Blocks":40.0,"Int":45.0},{"Player":"Steve Cook","Pos":"DF","Tkl":43.0,"TklW":20.0,"Past":18.0,"Press":208.0,"Succ":59.0,"Blocks":82.0,"Int":58.0},{"Player":"Jack Cork","Pos":"MF","Tkl":56.0,"TklW":40.0,"Past":61.0,"Press":762.0,"Succ":227.0,"Blocks":52.0,"Int":51.0},{"Player":"Thibaut Courtois","Pos":"GK","Tkl":0.0,"TklW":0.0,"Past":0.0,"Press":4.0,"Succ":0.0,"Blocks":0.0,"Int":0.0},{"Player":"Aaron Cresswell","Pos":"DF","Tkl":38.0,"TklW":18.0,"Past":15.0,"Press":358.0,"Succ":115.0,"Blocks":57.0,"Int":52.0},{"Player":"Peter Crouch","Pos":"FW","Tkl":5.0,"TklW":2.0,"Past":8.0,"Press":179.0,"Succ":38.0,"Blocks":12.0,"Int":3.0},{"Player":"Charlie Daniels","Pos":"DF","Tkl":55.0,"TklW":25.0,"Past":19.0,"Press":341.0,"Succ":93.0,"Blocks":59.0,"Int":47.0},{"Player":"Danilo","Pos":"DF","Tkl":45.0,"TklW":24.0,"Past":20.0,"Press":155.0,"Succ":52.0,"Blocks":27.0,"Int":26.0},{"Player":"Scott Dann","Pos":"DF","Tkl":14.0,"TklW":6.0,"Past":9.0,"Press":102.0,"Succ":41.0,"Blocks":20.0,"Int":26.0},{"Player":"Ben Davies","Pos":"DF","Tkl":53.0,"TklW":30.0,"Past":30.0,"Press":339.0,"Succ":130.0,"Blocks":39.0,"Int":30.0},{"Player":"Tom Davies","Pos":"MF","Tkl":31.0,"TklW":18.0,"Past":38.0,"Press":477.0,"Succ":112.0,"Blocks":24.0,"Int":26.0},{"Player":"Steven Davis","Pos":"MF","Tkl":34.0,"TklW":20.0,"Past":25.0,"Press":322.0,"Succ":115.0,"Blocks":29.0,"Int":13.0},{"Player":"Craig Dawson","Pos":"DF","Tkl":52.0,"TklW":31.0,"Past":33.0,"Press":302.0,"Succ":115.0,"Blocks":53.0,"Int":61.0},{"Player":"Kevin De Bruyne","Pos":"MF","Tkl":66.0,"TklW":40.0,"Past":57.0,"Press":578.0,"Succ":180.0,"Blocks":40.0,"Int":41.0},{"Player":"Troy Deeney","Pos":"FW","Tkl":19.0,"TklW":15.0,"Past":8.0,"Press":281.0,"Succ":83.0,"Blocks":9.0,"Int":7.0},{"Player":"Jermain Defoe","Pos":"FW","Tkl":11.0,"TklW":10.0,"Past":12.0,"Press":175.0,"Succ":49.0,"Blocks":8.0,"Int":3.0},{"Player":"Steven Defour","Pos":"MF","Tkl":44.0,"TklW":27.0,"Past":44.0,"Press":545.0,"Succ":138.0,"Blocks":46.0,"Int":49.0},{"Player":"Fabian Delph","Pos":"DF","Tkl":50.0,"TklW":28.0,"Past":23.0,"Press":227.0,"Succ":84.0,"Blocks":24.0,"Int":39.0},{"Player":"Mousa Dembélé","Pos":"MF","Tkl":45.0,"TklW":33.0,"Past":28.0,"Press":419.0,"Succ":136.0,"Blocks":28.0,"Int":39.0},{"Player":"Laurent Depoitre","Pos":"FW","Tkl":15.0,"TklW":11.0,"Past":16.0,"Press":400.0,"Succ":101.0,"Blocks":20.0,"Int":14.0},{"Player":"Mike van der Hoorn","Pos":"DF","Tkl":44.0,"TklW":27.0,"Past":12.0,"Press":183.0,"Succ":68.0,"Blocks":40.0,"Int":37.0},{"Player":"Mohamed Diamé","Pos":"MF","Tkl":95.0,"TklW":67.0,"Past":31.0,"Press":678.0,"Succ":218.0,"Blocks":51.0,"Int":48.0},{"Player":"Eric Dier","Pos":"MF","Tkl":66.0,"TklW":42.0,"Past":32.0,"Press":399.0,"Succ":161.0,"Blocks":55.0,"Int":52.0},{"Player":"Virgil van Dijk","Pos":"DF","Tkl":16.0,"TklW":10.0,"Past":3.0,"Press":79.0,"Succ":26.0,"Blocks":11.0,"Int":22.0},{"Player":"Virgil van Dijk","Pos":"DF","Tkl":12.0,"TklW":6.0,"Past":2.0,"Press":66.0,"Succ":26.0,"Blocks":27.0,"Int":21.0},{"Player":"Abdoulaye Doucouré","Pos":"MF","Tkl":90.0,"TklW":55.0,"Past":54.0,"Press":783.0,"Succ":214.0,"Blocks":58.0,"Int":67.0},{"Player":"Shane Duffy","Pos":"DF","Tkl":40.0,"TklW":24.0,"Past":19.0,"Press":185.0,"Succ":59.0,"Blocks":81.0,"Int":55.0},{"Player":"Paul Dummett","Pos":"DF","Tkl":34.0,"TklW":18.0,"Past":11.0,"Press":201.0,"Succ":61.0,"Blocks":43.0,"Int":31.0},{"Player":"Lewis Dunk","Pos":"DF","Tkl":75.0,"TklW":46.0,"Past":30.0,"Press":353.0,"Succ":133.0,"Blocks":94.0,"Int":95.0},{"Player":"Nathan Dyer","Pos":"MF","Tkl":17.0,"TklW":11.0,"Past":21.0,"Press":388.0,"Succ":82.0,"Blocks":18.0,"Int":15.0},{"Player":"Ederson","Pos":"GK","Tkl":0.0,"TklW":0.0,"Past":0.0,"Press":3.0,"Succ":2.0,"Blocks":0.0,"Int":0.0},{"Player":"Robert Elliot","Pos":"GK","Tkl":0.0,"TklW":0.0,"Past":1.0,"Press":0.0,"Succ":0.0,"Blocks":0.0,"Int":1.0},{"Player":"Christian Eriksen","Pos":"MF","Tkl":57.0,"TklW":37.0,"Past":49.0,"Press":572.0,"Succ":169.0,"Blocks":41.0,"Int":36.0},{"Player":"Jonny Evans","Pos":"DF","Tkl":28.0,"TklW":19.0,"Past":23.0,"Press":200.0,"Succ":63.0,"Blocks":29.0,"Int":65.0},{"Player":"Lukasz Fabianski","Pos":"GK","Tkl":0.0,"TklW":0.0,"Past":0.0,"Press":1.0,"Succ":0.0,"Blocks":0.0,"Int":0.0},{"Player":"Cesc Fàbregas","Pos":"MF","Tkl":72.0,"TklW":49.0,"Past":48.0,"Press":509.0,"Succ":170.0,"Blocks":32.0,"Int":27.0},{"Player":"Marouane Fellaini","Pos":"MF","Tkl":15.0,"TklW":9.0,"Past":6.0,"Press":143.0,"Succ":40.0,"Blocks":12.0,"Int":15.0},{"Player":"Kiko Femenía","Pos":"DF","Tkl":32.0,"TklW":18.0,"Past":17.0,"Press":194.0,"Succ":70.0,"Blocks":26.0,"Int":49.0},{"Player":"Leroy Fer","Pos":"MF","Tkl":44.0,"TklW":31.0,"Past":21.0,"Press":325.0,"Succ":98.0,"Blocks":20.0,"Int":17.0},{"Player":"Federico Fernández","Pos":"DF","Tkl":39.0,"TklW":21.0,"Past":18.0,"Press":229.0,"Succ":77.0,"Blocks":49.0,"Int":38.0},{"Player":"Fernandinho","Pos":"MF","Tkl":68.0,"TklW":49.0,"Past":43.0,"Press":460.0,"Succ":184.0,"Blocks":48.0,"Int":59.0},{"Player":"Roberto Firmino","Pos":"FW","Tkl":62.0,"TklW":48.0,"Past":36.0,"Press":730.0,"Succ":230.0,"Blocks":41.0,"Int":25.0},{"Player":"Darren Fletcher","Pos":"MF","Tkl":46.0,"TklW":22.0,"Past":40.0,"Press":528.0,"Succ":152.0,"Blocks":26.0,"Int":28.0},{"Player":"Fraser Forster","Pos":"GK","Tkl":0.0,"TklW":0.0,"Past":0.0,"Press":3.0,"Succ":1.0,"Blocks":0.0,"Int":0.0},{"Player":"Ben Foster","Pos":"GK","Tkl":0.0,"TklW":0.0,"Past":9.0,"Press":12.0,"Succ":2.0,"Blocks":0.0,"Int":0.0},{"Player":"Timothy Fosu-Mensah","Pos":"DF","Tkl":46.0,"TklW":29.0,"Past":19.0,"Press":177.0,"Succ":59.0,"Blocks":35.0,"Int":30.0},{"Player":"Simon Francis","Pos":"DF","Tkl":56.0,"TklW":35.0,"Past":27.0,"Press":341.0,"Succ":90.0,"Blocks":53.0,"Int":56.0},{"Player":"Ryan Fraser","Pos":"MF","Tkl":14.0,"TklW":4.0,"Past":14.0,"Press":226.0,"Succ":60.0,"Blocks":32.0,"Int":14.0},{"Player":"Christian Fuchs","Pos":"DF","Tkl":56.0,"TklW":35.0,"Past":27.0,"Press":323.0,"Succ":97.0,"Blocks":44.0,"Int":58.0},{"Player":"Manolo Gabbiadini","Pos":"FW","Tkl":11.0,"TklW":7.0,"Past":10.0,"Press":187.0,"Succ":61.0,"Blocks":4.0,"Int":6.0},{"Player":"Idrissa Gueye","Pos":"MF","Tkl":134.0,"TklW":89.0,"Past":47.0,"Press":964.0,"Succ":298.0,"Blocks":72.0,"Int":68.0},{"Player":"Dwight Gayle","Pos":"FW","Tkl":14.0,"TklW":8.0,"Past":20.0,"Press":327.0,"Succ":70.0,"Blocks":18.0,"Int":8.0},{"Player":"David de Gea","Pos":"GK","Tkl":0.0,"TklW":0.0,"Past":1.0,"Press":1.0,"Succ":1.0,"Blocks":0.0,"Int":0.0},{"Player":"Kieran Gibbs","Pos":"DF","Tkl":53.0,"TklW":30.0,"Past":13.0,"Press":290.0,"Succ":78.0,"Blocks":63.0,"Int":53.0},{"Player":"Olivier Giroud","Pos":"FW","Tkl":7.0,"TklW":4.0,"Past":5.0,"Press":77.0,"Succ":16.0,"Blocks":1.0,"Int":1.0},{"Player":"Olivier Giroud","Pos":"FW","Tkl":6.0,"TklW":5.0,"Past":3.0,"Press":93.0,"Succ":27.0,"Blocks":2.0,"Int":2.0},{"Player":"Heurelho Gomes","Pos":"GK","Tkl":0.0,"TklW":0.0,"Past":1.0,"Press":6.0,"Succ":2.0,"Blocks":1.0,"Int":1.0},{"Player":"Joseph Gomez","Pos":"DF","Tkl":57.0,"TklW":28.0,"Past":20.0,"Press":297.0,"Succ":97.0,"Blocks":30.0,"Int":48.0},{"Player":"Dan Gosling","Pos":"MF","Tkl":55.0,"TklW":33.0,"Past":45.0,"Press":606.0,"Succ":158.0,"Blocks":49.0,"Int":31.0},{"Player":"Andre Gray","Pos":"FW","Tkl":3.0,"TklW":2.0,"Past":2.0,"Press":180.0,"Succ":46.0,"Blocks":15.0,"Int":5.0},{"Player":"Demarai Gray","Pos":"MF","Tkl":19.0,"TklW":16.0,"Past":32.0,"Press":301.0,"Succ":82.0,"Blocks":29.0,"Int":20.0},{"Player":"Pascal Groß","Pos":"MF","Tkl":55.0,"TklW":37.0,"Past":54.0,"Press":924.0,"Succ":240.0,"Blocks":34.0,"Int":19.0},{"Player":"Ilkay Gündogan","Pos":"MF","Tkl":31.0,"TklW":21.0,"Past":29.0,"Press":245.0,"Succ":86.0,"Blocks":15.0,"Int":21.0},{"Player":"Florent Hadergjonaj","Pos":"DF","Tkl":26.0,"TklW":11.0,"Past":18.0,"Press":250.0,"Succ":69.0,"Blocks":32.0,"Int":22.0},{"Player":"Joe Hart","Pos":"GK","Tkl":0.0,"TklW":0.0,"Past":1.0,"Press":5.0,"Succ":1.0,"Blocks":2.0,"Int":0.0},{"Player":"Isaac Hayden","Pos":"MF","Tkl":46.0,"TklW":25.0,"Past":25.0,"Press":300.0,"Succ":71.0,"Blocks":26.0,"Int":28.0},{"Player":"Eden Hazard","Pos":"FW","Tkl":10.0,"TklW":5.0,"Past":13.0,"Press":188.0,"Succ":41.0,"Blocks":9.0,"Int":10.0},{"Player":"Ahmed Hegazy","Pos":"DF","Tkl":66.0,"TklW":36.0,"Past":21.0,"Press":354.0,"Succ":107.0,"Blocks":82.0,"Int":87.0},{"Player":"Tomer Hemed","Pos":"FW","Tkl":6.0,"TklW":5.0,"Past":13.0,"Press":184.0,"Succ":54.0,"Blocks":9.0,"Int":3.0},{"Player":"Jordan Henderson","Pos":"MF","Tkl":48.0,"TklW":32.0,"Past":37.0,"Press":457.0,"Succ":146.0,"Blocks":44.0,"Int":38.0},{"Player":"Jeff Hendrick","Pos":"MF","Tkl":18.0,"TklW":12.0,"Past":19.0,"Press":476.0,"Succ":103.0,"Blocks":19.0,"Int":13.0},{"Player":"Wayne Hennessey","Pos":"GK","Tkl":0.0,"TklW":0.0,"Past":0.0,"Press":4.0,"Succ":0.0,"Blocks":1.0,"Int":0.0},{"Player":"Ander Herrera","Pos":"MF","Tkl":45.0,"TklW":27.0,"Past":53.0,"Press":413.0,"Succ":103.0,"Blocks":34.0,"Int":47.0},{"Player":"Son Heung-Min","Pos":"FW","Tkl":25.0,"TklW":15.0,"Past":33.0,"Press":396.0,"Succ":116.0,"Blocks":28.0,"Int":12.0},{"Player":"Wesley Hoedt","Pos":"DF","Tkl":70.0,"TklW":44.0,"Past":29.0,"Press":256.0,"Succ":99.0,"Blocks":49.0,"Int":59.0},{"Player":"Jonathan Hogg","Pos":"MF","Tkl":90.0,"TklW":53.0,"Past":59.0,"Press":688.0,"Succ":226.0,"Blocks":59.0,"Int":60.0},{"Player":"José Holebas","Pos":"DF","Tkl":57.0,"TklW":32.0,"Past":35.0,"Press":332.0,"Succ":90.0,"Blocks":42.0,"Int":48.0},{"Player":"Mason Holgate","Pos":"DF","Tkl":28.0,"TklW":14.0,"Past":13.0,"Press":186.0,"Succ":43.0,"Blocks":24.0,"Int":20.0},{"Player":"Will Hughes","Pos":"MF","Tkl":35.0,"TklW":18.0,"Past":11.0,"Press":277.0,"Succ":82.0,"Blocks":18.0,"Int":16.0},{"Player":"Ederson","Pos":"MF","Tkl":0.0,"TklW":0.0,"Past":2.0,"Press":17.0,"Succ":2.0,"Blocks":3.0,"Int":1.0},{"Player":"Pierre-Emile Højbjerg","Pos":"MF","Tkl":58.0,"TklW":42.0,"Past":45.0,"Press":424.0,"Succ":108.0,"Blocks":33.0,"Int":50.0},{"Player":"Jordon Ibe","Pos":"MF","Tkl":15.0,"TklW":10.0,"Past":10.0,"Press":343.0,"Succ":82.0,"Blocks":8.0,"Int":16.0},{"Player":"Vicente Iborra","Pos":"MF","Tkl":24.0,"TklW":17.0,"Past":26.0,"Press":296.0,"Succ":88.0,"Blocks":35.0,"Int":28.0},{"Player":"Kelechi Iheanacho","Pos":"MF","Tkl":11.0,"TklW":5.0,"Past":12.0,"Press":214.0,"Succ":61.0,"Blocks":11.0,"Int":5.0},{"Player":"Tom Ince","Pos":"MF","Tkl":44.0,"TklW":32.0,"Past":32.0,"Press":487.0,"Succ":146.0,"Blocks":29.0,"Int":19.0},{"Player":"Alex Iwobi","Pos":"FW","Tkl":26.0,"TklW":21.0,"Past":16.0,"Press":318.0,"Succ":97.0,"Blocks":18.0,"Int":12.0},{"Player":"José Izquierdo","Pos":"MF","Tkl":27.0,"TklW":17.0,"Past":14.0,"Press":300.0,"Succ":91.0,"Blocks":20.0,"Int":20.0},{"Player":"Phil Jagielka","Pos":"DF","Tkl":38.0,"TklW":26.0,"Past":15.0,"Press":228.0,"Succ":91.0,"Blocks":43.0,"Int":53.0},{"Player":"Daryl Janmaat","Pos":"DF","Tkl":56.0,"TklW":29.0,"Past":35.0,"Press":292.0,"Succ":85.0,"Blocks":31.0,"Int":36.0},{"Player":"Gabriel Jesus","Pos":"FW","Tkl":25.0,"TklW":17.0,"Past":17.0,"Press":320.0,"Succ":92.0,"Blocks":20.0,"Int":13.0},{"Player":"Phil Jones","Pos":"DF","Tkl":25.0,"TklW":12.0,"Past":11.0,"Press":219.0,"Succ":73.0,"Blocks":37.0,"Int":47.0},{"Player":"Joselu","Pos":"FW","Tkl":22.0,"TklW":12.0,"Past":25.0,"Press":336.0,"Succ":76.0,"Blocks":28.0,"Int":12.0},{"Player":"Christian Kabasele","Pos":"DF","Tkl":50.0,"TklW":31.0,"Past":14.0,"Press":299.0,"Succ":107.0,"Blocks":53.0,"Int":49.0},{"Player":"Elias Kachunga","Pos":"FW","Tkl":32.0,"TklW":16.0,"Past":13.0,"Press":260.0,"Succ":77.0,"Blocks":17.0,"Int":11.0},{"Player":"Harry Kane","Pos":"FW","Tkl":16.0,"TklW":11.0,"Past":8.0,"Press":307.0,"Succ":93.0,"Blocks":19.0,"Int":7.0},{"Player":"Loris Karius","Pos":"GK","Tkl":0.0,"TklW":0.0,"Past":0.0,"Press":2.0,"Succ":0.0,"Blocks":0.0,"Int":0.0},{"Player":"Orestis Karnezis","Pos":"GK","Tkl":0.0,"TklW":0.0,"Past":1.0,"Press":3.0,"Succ":0.0,"Blocks":0.0,"Int":0.0},{"Player":"Beram Kayal","Pos":"MF","Tkl":31.0,"TklW":24.0,"Past":20.0,"Press":257.0,"Succ":60.0,"Blocks":16.0,"Int":15.0},{"Player":"Michael Keane","Pos":"DF","Tkl":39.0,"TklW":27.0,"Past":18.0,"Press":224.0,"Succ":73.0,"Blocks":64.0,"Int":53.0},{"Player":"Martin Kelly","Pos":"DF","Tkl":21.0,"TklW":10.0,"Past":11.0,"Press":95.0,"Succ":30.0,"Blocks":26.0,"Int":11.0},{"Player":"Jonjoe Kenny","Pos":"DF","Tkl":49.0,"TklW":19.0,"Past":16.0,"Press":254.0,"Succ":64.0,"Blocks":46.0,"Int":30.0},{"Player":"Andy King","Pos":"MF","Tkl":7.0,"TklW":5.0,"Past":7.0,"Press":120.0,"Succ":33.0,"Blocks":5.0,"Int":5.0},{"Player":"Andy King","Pos":"MF","Tkl":18.0,"TklW":10.0,"Past":17.0,"Press":164.0,"Succ":45.0,"Blocks":5.0,"Int":15.0},{"Player":"Joshua King","Pos":"MF","Tkl":36.0,"TklW":22.0,"Past":24.0,"Press":630.0,"Succ":180.0,"Blocks":30.0,"Int":8.0},{"Player":"Ragnar Klavan","Pos":"DF","Tkl":24.0,"TklW":15.0,"Past":10.0,"Press":134.0,"Succ":64.0,"Blocks":16.0,"Int":20.0},{"Player":"Anthony Knockaert","Pos":"MF","Tkl":47.0,"TklW":33.0,"Past":35.0,"Press":466.0,"Succ":119.0,"Blocks":37.0,"Int":36.0},{"Player":"Sead Kolasinac","Pos":"DF","Tkl":62.0,"TklW":40.0,"Past":28.0,"Press":342.0,"Succ":112.0,"Blocks":22.0,"Int":24.0},{"Player":"Vincent Kompany","Pos":"DF","Tkl":21.0,"TklW":13.0,"Past":7.0,"Press":93.0,"Succ":37.0,"Blocks":16.0,"Int":28.0},{"Player":"Laurent Koscielny","Pos":"DF","Tkl":42.0,"TklW":30.0,"Past":13.0,"Press":233.0,"Succ":94.0,"Blocks":42.0,"Int":56.0},{"Player":"Cheikhou Kouyaté","Pos":"MF","Tkl":76.0,"TklW":44.0,"Past":41.0,"Press":602.0,"Succ":186.0,"Blocks":46.0,"Int":42.0},{"Player":"Grzegorz Krychowiak","Pos":"MF","Tkl":48.0,"TklW":30.0,"Past":35.0,"Press":387.0,"Succ":106.0,"Blocks":21.0,"Int":46.0},{"Player":"Rajiv van La Parra","Pos":"FW","Tkl":47.0,"TklW":25.0,"Past":31.0,"Press":482.0,"Succ":153.0,"Blocks":30.0,"Int":19.0},{"Player":"Alexandre Lacazette","Pos":"FW","Tkl":30.0,"TklW":23.0,"Past":19.0,"Press":491.0,"Succ":141.0,"Blocks":21.0,"Int":10.0},{"Player":"Erik Lamela","Pos":"FW","Tkl":28.0,"TklW":17.0,"Past":13.0,"Press":174.0,"Succ":61.0,"Blocks":10.0,"Int":8.0},{"Player":"Manuel Lanzini","Pos":"MF","Tkl":25.0,"TklW":17.0,"Past":22.0,"Press":416.0,"Succ":123.0,"Blocks":17.0,"Int":38.0},{"Player":"Jamaal Lascelles","Pos":"DF","Tkl":38.0,"TklW":18.0,"Past":6.0,"Press":218.0,"Succ":72.0,"Blocks":48.0,"Int":34.0},{"Player":"Florian Lejeune","Pos":"DF","Tkl":43.0,"TklW":24.0,"Past":13.0,"Press":236.0,"Succ":87.0,"Blocks":41.0,"Int":55.0},{"Player":"Mario Lemina","Pos":"MF","Tkl":67.0,"TklW":52.0,"Past":19.0,"Press":310.0,"Succ":122.0,"Blocks":19.0,"Int":33.0},{"Player":"Aaron Lennon","Pos":"FW","Tkl":18.0,"TklW":10.0,"Past":15.0,"Press":197.0,"Succ":38.0,"Blocks":19.0,"Int":7.0},{"Player":"Aaron Lennon","Pos":"MF","Tkl":19.0,"TklW":10.0,"Past":17.0,"Press":232.0,"Succ":61.0,"Blocks":29.0,"Int":13.0},{"Player":"Victor Lindelöf","Pos":"DF","Tkl":19.0,"TklW":10.0,"Past":5.0,"Press":159.0,"Succ":58.0,"Blocks":19.0,"Int":27.0},{"Player":"Jesse Lingard","Pos":"MF","Tkl":28.0,"TklW":19.0,"Past":20.0,"Press":563.0,"Succ":145.0,"Blocks":26.0,"Int":14.0},{"Player":"Jake Livermore","Pos":"MF","Tkl":74.0,"TklW":43.0,"Past":43.0,"Press":592.0,"Succ":177.0,"Blocks":49.0,"Int":41.0},{"Player":"Fernando Llorente","Pos":"FW","Tkl":6.0,"TklW":4.0,"Past":2.0,"Press":25.0,"Succ":11.0,"Blocks":0.0,"Int":1.0},{"Player":"Hugo Lloris","Pos":"GK","Tkl":0.0,"TklW":0.0,"Past":3.0,"Press":7.0,"Succ":0.0,"Blocks":0.0,"Int":0.0},{"Player":"Ruben Loftus-Cheek","Pos":"MF","Tkl":30.0,"TklW":23.0,"Past":11.0,"Press":361.0,"Succ":112.0,"Blocks":33.0,"Int":26.0},{"Player":"Kevin Long","Pos":"DF","Tkl":31.0,"TklW":19.0,"Past":14.0,"Press":173.0,"Succ":56.0,"Blocks":37.0,"Int":25.0},{"Player":"Shane Long","Pos":"FW","Tkl":26.0,"TklW":16.0,"Past":17.0,"Press":325.0,"Succ":83.0,"Blocks":17.0,"Int":9.0},{"Player":"Jonas Lössl","Pos":"GK","Tkl":0.0,"TklW":0.0,"Past":4.0,"Press":12.0,"Succ":3.0,"Blocks":0.0,"Int":0.0},{"Player":"Dejan Lovren","Pos":"DF","Tkl":32.0,"TklW":17.0,"Past":12.0,"Press":162.0,"Succ":70.0,"Blocks":32.0,"Int":52.0},{"Player":"Chris Löwe","Pos":"DF","Tkl":42.0,"TklW":15.0,"Past":26.0,"Press":219.0,"Succ":54.0,"Blocks":37.0,"Int":35.0},{"Player":"Matthew Lowton","Pos":"DF","Tkl":56.0,"TklW":32.0,"Past":42.0,"Press":293.0,"Succ":93.0,"Blocks":71.0,"Int":46.0},{"Player":"Romelu Lukaku","Pos":"FW","Tkl":9.0,"TklW":5.0,"Past":12.0,"Press":319.0,"Succ":87.0,"Blocks":18.0,"Int":6.0},{"Player":"Harry Maguire","Pos":"DF","Tkl":74.0,"TklW":49.0,"Past":22.0,"Press":281.0,"Succ":110.0,"Blocks":50.0,"Int":73.0},{"Player":"Riyad Mahrez","Pos":"MF","Tkl":41.0,"TklW":26.0,"Past":51.0,"Press":512.0,"Succ":125.0,"Blocks":31.0,"Int":32.0},{"Player":"Ainsley Maitland-Niles","Pos":"DF","Tkl":38.0,"TklW":21.0,"Past":19.0,"Press":214.0,"Succ":68.0,"Blocks":27.0,"Int":21.0},{"Player":"Scott Malone","Pos":"DF","Tkl":43.0,"TklW":26.0,"Past":8.0,"Press":217.0,"Succ":74.0,"Blocks":27.0,"Int":29.0},{"Player":"Sadio Mané","Pos":"FW","Tkl":33.0,"TklW":25.0,"Past":18.0,"Press":334.0,"Succ":111.0,"Blocks":14.0,"Int":19.0},{"Player":"Javier Manquillo","Pos":"DF","Tkl":35.0,"TklW":18.0,"Past":18.0,"Press":320.0,"Succ":79.0,"Blocks":41.0,"Int":20.0},{"Player":"Solly March","Pos":"MF","Tkl":56.0,"TklW":34.0,"Past":36.0,"Press":460.0,"Succ":126.0,"Blocks":55.0,"Int":20.0},{"Player":"Adrian Mariappa","Pos":"DF","Tkl":52.0,"TklW":26.0,"Past":24.0,"Press":267.0,"Succ":83.0,"Blocks":38.0,"Int":46.0},{"Player":"Anthony Martial","Pos":"FW","Tkl":16.0,"TklW":10.0,"Past":11.0,"Press":177.0,"Succ":49.0,"Blocks":10.0,"Int":8.0},{"Player":"Cuco Martina","Pos":"DF","Tkl":69.0,"TklW":45.0,"Past":24.0,"Press":311.0,"Succ":114.0,"Blocks":39.0,"Int":50.0},{"Player":"Bruno Martins Indi","Pos":"DF","Tkl":19.0,"TklW":10.0,"Past":8.0,"Press":124.0,"Succ":49.0,"Blocks":18.0,"Int":23.0},{"Player":"Arthur Masuaku","Pos":"DF","Tkl":59.0,"TklW":41.0,"Past":39.0,"Press":391.0,"Succ":123.0,"Blocks":33.0,"Int":37.0},{"Player":"Juan Mata","Pos":"FW","Tkl":22.0,"TklW":14.0,"Past":25.0,"Press":274.0,"Succ":71.0,"Blocks":17.0,"Int":16.0},{"Player":"Nemanja Matic","Pos":"MF","Tkl":76.0,"TklW":49.0,"Past":60.0,"Press":606.0,"Succ":190.0,"Blocks":67.0,"Int":73.0},{"Player":"Joel Matip","Pos":"DF","Tkl":41.0,"TklW":26.0,"Past":10.0,"Press":206.0,"Succ":82.0,"Blocks":38.0,"Int":37.0},{"Player":"Alfie Mawson","Pos":"DF","Tkl":40.0,"TklW":22.0,"Past":21.0,"Press":216.0,"Succ":72.0,"Blocks":63.0,"Int":58.0},{"Player":"Eric Maxim Choupo-Moting","Pos":"FW","Tkl":57.0,"TklW":29.0,"Past":22.0,"Press":414.0,"Succ":123.0,"Blocks":36.0,"Int":29.0},{"Player":"James McArthur","Pos":"MF","Tkl":79.0,"TklW":51.0,"Past":48.0,"Press":636.0,"Succ":170.0,"Blocks":57.0,"Int":49.0},{"Player":"Oliver Burke","Pos":"FW","Tkl":4.0,"TklW":2.0,"Past":2.0,"Press":65.0,"Succ":20.0,"Blocks":1.0,"Int":0.0},{"Player":"Alex McCarthy","Pos":"GK","Tkl":0.0,"TklW":0.0,"Past":0.0,"Press":0.0,"Succ":0.0,"Blocks":0.0,"Int":0.0},{"Player":"James McClean","Pos":"MF","Tkl":38.0,"TklW":21.0,"Past":37.0,"Press":392.0,"Succ":84.0,"Blocks":27.0,"Int":29.0},{"Player":"Ben Mee","Pos":"DF","Tkl":39.0,"TklW":23.0,"Past":14.0,"Press":210.0,"Succ":77.0,"Blocks":69.0,"Int":38.0},{"Player":"Mikel Merino","Pos":"MF","Tkl":66.0,"TklW":42.0,"Past":45.0,"Press":396.0,"Succ":109.0,"Blocks":40.0,"Int":46.0},{"Player":"Simon Mignolet","Pos":"GK","Tkl":0.0,"TklW":0.0,"Past":2.0,"Press":5.0,"Succ":0.0,"Blocks":0.0,"Int":1.0},{"Player":"Luka Milivojevic","Pos":"MF","Tkl":95.0,"TklW":60.0,"Past":77.0,"Press":650.0,"Succ":199.0,"Blocks":62.0,"Int":83.0},{"Player":"James Milner","Pos":"MF","Tkl":64.0,"TklW":35.0,"Past":40.0,"Press":399.0,"Succ":134.0,"Blocks":28.0,"Int":24.0},{"Player":"Henrikh Mkhitaryan","Pos":"MF","Tkl":19.0,"TklW":13.0,"Past":12.0,"Press":257.0,"Succ":69.0,"Blocks":11.0,"Int":13.0},{"Player":"Henrikh Mkhitaryan","Pos":"FW","Tkl":21.0,"TklW":8.0,"Past":9.0,"Press":167.0,"Succ":47.0,"Blocks":16.0,"Int":6.0},{"Player":"Nacho Monreal","Pos":"DF","Tkl":51.0,"TklW":23.0,"Past":37.0,"Press":341.0,"Succ":117.0,"Blocks":37.0,"Int":65.0},{"Player":"Aaron Mooy","Pos":"MF","Tkl":106.0,"TklW":56.0,"Past":40.0,"Press":655.0,"Succ":193.0,"Blocks":59.0,"Int":46.0},{"Player":"Álvaro Morata","Pos":"FW","Tkl":12.0,"TklW":8.0,"Past":10.0,"Press":312.0,"Succ":70.0,"Blocks":14.0,"Int":7.0},{"Player":"Alberto Moreno","Pos":"DF","Tkl":39.0,"TklW":25.0,"Past":19.0,"Press":214.0,"Succ":76.0,"Blocks":22.0,"Int":25.0},{"Player":"Wes Morgan","Pos":"DF","Tkl":36.0,"TklW":23.0,"Past":8.0,"Press":234.0,"Succ":77.0,"Blocks":65.0,"Int":41.0},{"Player":"Victor Moses","Pos":"DF","Tkl":40.0,"TklW":26.0,"Past":18.0,"Press":274.0,"Succ":85.0,"Blocks":36.0,"Int":22.0},{"Player":"Steve Mounie","Pos":"FW","Tkl":14.0,"TklW":11.0,"Past":13.0,"Press":426.0,"Succ":137.0,"Blocks":23.0,"Int":8.0},{"Player":"Lys Mousset","Pos":"MF","Tkl":9.0,"TklW":4.0,"Past":12.0,"Press":148.0,"Succ":37.0,"Blocks":8.0,"Int":3.0},{"Player":"Jacob Murphy","Pos":"FW","Tkl":18.0,"TklW":12.0,"Past":17.0,"Press":276.0,"Succ":63.0,"Blocks":19.0,"Int":14.0},{"Player":"Glenn Murray","Pos":"FW","Tkl":19.0,"TklW":13.0,"Past":18.0,"Press":485.0,"Succ":117.0,"Blocks":19.0,"Int":9.0},{"Player":"Shkodran Mustafi","Pos":"DF","Tkl":70.0,"TklW":40.0,"Past":25.0,"Press":278.0,"Succ":113.0,"Blocks":37.0,"Int":55.0},{"Player":"Luciano Narsingh","Pos":"FW","Tkl":9.0,"TklW":8.0,"Past":9.0,"Press":105.0,"Succ":36.0,"Blocks":7.0,"Int":12.0},{"Player":"Kyle Naughton","Pos":"DF","Tkl":104.0,"TklW":56.0,"Past":56.0,"Press":563.0,"Succ":185.0,"Blocks":104.0,"Int":77.0},{"Player":"Wilfred Ndidi","Pos":"MF","Tkl":152.0,"TklW":88.0,"Past":83.0,"Press":930.0,"Succ":271.0,"Blocks":63.0,"Int":89.0},{"Player":"Oumar Niasse","Pos":"FW","Tkl":8.0,"TklW":6.0,"Past":5.0,"Press":209.0,"Succ":42.0,"Blocks":7.0,"Int":6.0},{"Player":"Mark Noble","Pos":"MF","Tkl":63.0,"TklW":44.0,"Past":62.0,"Press":594.0,"Succ":156.0,"Blocks":41.0,"Int":50.0},{"Player":"Nyom","Pos":"DF","Tkl":73.0,"TklW":37.0,"Past":24.0,"Press":313.0,"Succ":98.0,"Blocks":35.0,"Int":47.0},{"Player":"Pedro","Pos":"MF","Tkl":55.0,"TklW":35.0,"Past":48.0,"Press":444.0,"Succ":137.0,"Blocks":40.0,"Int":40.0},{"Player":"Angelo Ogbonna","Pos":"DF","Tkl":36.0,"TklW":26.0,"Past":6.0,"Press":261.0,"Succ":96.0,"Blocks":57.0,"Int":51.0},{"Player":"Stefano Okaka","Pos":"FW","Tkl":8.0,"TklW":5.0,"Past":3.0,"Press":116.0,"Succ":46.0,"Blocks":2.0,"Int":0.0},{"Player":"Shinji Okazaki","Pos":"MF","Tkl":24.0,"TklW":16.0,"Past":11.0,"Press":389.0,"Succ":102.0,"Blocks":20.0,"Int":12.0},{"Player":"Martin Olsson","Pos":"DF","Tkl":32.0,"TklW":20.0,"Past":18.0,"Press":288.0,"Succ":73.0,"Blocks":41.0,"Int":45.0},{"Player":"Nicolás Otamendi","Pos":"DF","Tkl":71.0,"TklW":42.0,"Past":29.0,"Press":256.0,"Succ":99.0,"Blocks":30.0,"Int":51.0},{"Player":"Alex Oxlade-Chamberlain","Pos":"MF","Tkl":36.0,"TklW":23.0,"Past":23.0,"Press":336.0,"Succ":96.0,"Blocks":35.0,"Int":20.0},{"Player":"Alex Oxlade-Chamberlain","Pos":"DF","Tkl":4.0,"TklW":2.0,"Past":2.0,"Press":23.0,"Succ":9.0,"Blocks":9.0,"Int":10.0},{"Player":"Mesut Özil","Pos":"MF","Tkl":24.0,"TklW":17.0,"Past":15.0,"Press":283.0,"Succ":89.0,"Blocks":12.0,"Int":14.0},{"Player":"Ederson","Pos":"DF","Tkl":7.0,"TklW":4.0,"Past":0.0,"Press":28.0,"Succ":11.0,"Blocks":3.0,"Int":3.0},{"Player":"Pedro","Pos":"FW","Tkl":20.0,"TklW":13.0,"Past":13.0,"Press":240.0,"Succ":72.0,"Blocks":17.0,"Int":15.0},{"Player":"Roberto Pereyra","Pos":"MF","Tkl":15.0,"TklW":12.0,"Past":6.0,"Press":266.0,"Succ":76.0,"Blocks":22.0,"Int":13.0},{"Player":"Ayoze Pérez","Pos":"MF","Tkl":43.0,"TklW":21.0,"Past":42.0,"Press":677.0,"Succ":157.0,"Blocks":47.0,"Int":32.0},{"Player":"Matt Phillips","Pos":"MF","Tkl":26.0,"TklW":19.0,"Past":23.0,"Press":295.0,"Succ":74.0,"Blocks":52.0,"Int":24.0},{"Player":"Jordan Pickford","Pos":"GK","Tkl":0.0,"TklW":0.0,"Past":2.0,"Press":9.0,"Succ":3.0,"Blocks":0.0,"Int":0.0},{"Player":"Erik Pieters","Pos":"DF","Tkl":85.0,"TklW":47.0,"Past":36.0,"Press":547.0,"Succ":155.0,"Blocks":93.0,"Int":70.0},{"Player":"Paul Pogba","Pos":"MF","Tkl":36.0,"TklW":20.0,"Past":19.0,"Press":407.0,"Succ":107.0,"Blocks":15.0,"Int":33.0},{"Player":"Nick Pope","Pos":"GK","Tkl":0.0,"TklW":0.0,"Past":1.0,"Press":3.0,"Succ":0.0,"Blocks":0.0,"Int":0.0},{"Player":"Sebastian Prödl","Pos":"DF","Tkl":27.0,"TklW":21.0,"Past":11.0,"Press":153.0,"Succ":61.0,"Blocks":30.0,"Int":33.0},{"Player":"Davy Pröpper","Pos":"MF","Tkl":69.0,"TklW":49.0,"Past":65.0,"Press":680.0,"Succ":191.0,"Blocks":63.0,"Int":73.0},{"Player":"Marc Pugh","Pos":"MF","Tkl":9.0,"TklW":6.0,"Past":11.0,"Press":131.0,"Succ":38.0,"Blocks":8.0,"Int":18.0},{"Player":"Collin Quaner","Pos":"FW","Tkl":23.0,"TklW":11.0,"Past":23.0,"Press":239.0,"Succ":68.0,"Blocks":35.0,"Int":17.0},{"Player":"Aaron Ramsey","Pos":"MF","Tkl":34.0,"TklW":25.0,"Past":32.0,"Press":404.0,"Succ":116.0,"Blocks":19.0,"Int":25.0},{"Player":"Marcus Rashford","Pos":"FW","Tkl":16.0,"TklW":8.0,"Past":10.0,"Press":328.0,"Succ":76.0,"Blocks":25.0,"Int":10.0},{"Player":"Nathan Redmond","Pos":"FW","Tkl":34.0,"TklW":16.0,"Past":18.0,"Press":359.0,"Succ":92.0,"Blocks":25.0,"Int":20.0},{"Player":"Winston Reid","Pos":"DF","Tkl":20.0,"TklW":15.0,"Past":10.0,"Press":154.0,"Succ":60.0,"Blocks":36.0,"Int":36.0},{"Player":"Declan Rice","Pos":"DF","Tkl":39.0,"TklW":17.0,"Past":9.0,"Press":210.0,"Succ":61.0,"Blocks":33.0,"Int":28.0},{"Player":"Richarlison","Pos":"FW","Tkl":63.0,"TklW":37.0,"Past":31.0,"Press":631.0,"Succ":180.0,"Blocks":47.0,"Int":35.0},{"Player":"Matt Ritchie","Pos":"MF","Tkl":64.0,"TklW":38.0,"Past":44.0,"Press":692.0,"Succ":164.0,"Blocks":52.0,"Int":45.0},{"Player":"Andrew Robertson","Pos":"DF","Tkl":48.0,"TklW":24.0,"Past":19.0,"Press":313.0,"Succ":107.0,"Blocks":26.0,"Int":24.0},{"Player":"Hal Robson-Kanu","Pos":"FW","Tkl":5.0,"TklW":3.0,"Past":10.0,"Press":195.0,"Succ":58.0,"Blocks":10.0,"Int":7.0},{"Player":"Jay Rodriguez","Pos":"FW","Tkl":30.0,"TklW":22.0,"Past":39.0,"Press":630.0,"Succ":163.0,"Blocks":34.0,"Int":26.0},{"Player":"Oriol Romeu","Pos":"MF","Tkl":102.0,"TklW":73.0,"Past":73.0,"Press":730.0,"Succ":243.0,"Blocks":73.0,"Int":58.0},{"Player":"Salomón Rondón","Pos":"FW","Tkl":21.0,"TklW":13.0,"Past":23.0,"Press":485.0,"Succ":129.0,"Blocks":27.0,"Int":23.0},{"Player":"Wayne Rooney","Pos":"MF","Tkl":38.0,"TklW":29.0,"Past":45.0,"Press":384.0,"Succ":109.0,"Blocks":37.0,"Int":30.0},{"Player":"Wayne Routledge","Pos":"MF","Tkl":9.0,"TklW":4.0,"Past":7.0,"Press":80.0,"Succ":15.0,"Blocks":9.0,"Int":3.0},{"Player":"Antonio Rüdiger","Pos":"DF","Tkl":50.0,"TklW":31.0,"Past":20.0,"Press":263.0,"Succ":104.0,"Blocks":53.0,"Int":29.0},{"Player":"Mat Ryan","Pos":"GK","Tkl":0.0,"TklW":0.0,"Past":5.0,"Press":2.0,"Succ":0.0,"Blocks":1.0,"Int":0.0},{"Player":"Mamadou Sakho","Pos":"DF","Tkl":23.0,"TklW":9.0,"Past":4.0,"Press":79.0,"Succ":18.0,"Blocks":23.0,"Int":39.0},{"Player":"Bakary Sako","Pos":"FW","Tkl":8.0,"TklW":4.0,"Past":4.0,"Press":87.0,"Succ":24.0,"Blocks":4.0,"Int":0.0},{"Player":"Mohamed Salah","Pos":"FW","Tkl":15.0,"TklW":13.0,"Past":13.0,"Press":429.0,"Succ":129.0,"Blocks":17.0,"Int":13.0},{"Player":"Alexis Sánchez","Pos":"FW","Tkl":21.0,"TklW":12.0,"Past":18.0,"Press":270.0,"Succ":86.0,"Blocks":11.0,"Int":7.0},{"Player":"Alexis Sánchez","Pos":"FW","Tkl":27.0,"TklW":24.0,"Past":17.0,"Press":268.0,"Succ":79.0,"Blocks":7.0,"Int":19.0},{"Player":"Davinson Sánchez","Pos":"DF","Tkl":38.0,"TklW":20.0,"Past":19.0,"Press":243.0,"Succ":99.0,"Blocks":37.0,"Int":44.0},{"Player":"Leroy Sané","Pos":"FW","Tkl":35.0,"TklW":25.0,"Past":23.0,"Press":380.0,"Succ":121.0,"Blocks":22.0,"Int":22.0},{"Player":"Ezequiel Schelotto","Pos":"DF","Tkl":25.0,"TklW":12.0,"Past":18.0,"Press":170.0,"Succ":51.0,"Blocks":16.0,"Int":21.0},{"Player":"Christopher Schindler","Pos":"DF","Tkl":101.0,"TklW":58.0,"Past":24.0,"Press":470.0,"Succ":183.0,"Blocks":84.0,"Int":64.0},{"Player":"Jeffrey Schlupp","Pos":"DF","Tkl":66.0,"TklW":32.0,"Past":23.0,"Press":288.0,"Succ":87.0,"Blocks":55.0,"Int":33.0},{"Player":"Kasper Schmeichel","Pos":"GK","Tkl":0.0,"TklW":0.0,"Past":3.0,"Press":2.0,"Succ":0.0,"Blocks":2.0,"Int":1.0},{"Player":"Morgan Schneiderlin","Pos":"MF","Tkl":69.0,"TklW":46.0,"Past":36.0,"Press":488.0,"Succ":139.0,"Blocks":25.0,"Int":60.0},{"Player":"Xherdan Shaqiri","Pos":"FW","Tkl":32.0,"TklW":16.0,"Past":21.0,"Press":399.0,"Succ":95.0,"Blocks":12.0,"Int":30.0},{"Player":"Ryan Shawcross","Pos":"DF","Tkl":46.0,"TklW":23.0,"Past":12.0,"Press":270.0,"Succ":84.0,"Blocks":56.0,"Int":35.0},{"Player":"Jonjo Shelvey","Pos":"MF","Tkl":41.0,"TklW":24.0,"Past":32.0,"Press":329.0,"Succ":94.0,"Blocks":31.0,"Int":44.0},{"Player":"Gylfi Sigurdsson","Pos":"MF","Tkl":38.0,"TklW":24.0,"Past":42.0,"Press":582.0,"Succ":136.0,"Blocks":54.0,"Int":24.0},{"Player":"Adrián","Pos":"MF","Tkl":23.0,"TklW":15.0,"Past":23.0,"Press":223.0,"Succ":66.0,"Blocks":13.0,"Int":18.0},{"Player":"Bernardo Silva","Pos":"FW","Tkl":28.0,"TklW":20.0,"Past":29.0,"Press":303.0,"Succ":95.0,"Blocks":20.0,"Int":13.0},{"Player":"David Silva","Pos":"MF","Tkl":38.0,"TklW":23.0,"Past":33.0,"Press":380.0,"Succ":104.0,"Blocks":31.0,"Int":22.0},{"Player":"Danny Simpson","Pos":"DF","Tkl":44.0,"TklW":22.0,"Past":34.0,"Press":256.0,"Succ":70.0,"Blocks":74.0,"Int":49.0},{"Player":"Moussa Sissoko","Pos":"MF","Tkl":24.0,"TklW":15.0,"Past":7.0,"Press":239.0,"Succ":79.0,"Blocks":21.0,"Int":13.0},{"Player":"Islam Slimani","Pos":"FW","Tkl":2.0,"TklW":2.0,"Past":6.0,"Press":75.0,"Succ":21.0,"Blocks":1.0,"Int":0.0},{"Player":"Islam Slimani","Pos":"FW","Tkl":0.0,"TklW":0.0,"Past":1.0,"Press":20.0,"Succ":5.0,"Blocks":0.0,"Int":1.0},{"Player":"Chris Smalling","Pos":"DF","Tkl":43.0,"TklW":29.0,"Past":13.0,"Press":271.0,"Succ":93.0,"Blocks":51.0,"Int":57.0},{"Player":"Adam Smith","Pos":"DF","Tkl":67.0,"TklW":35.0,"Past":35.0,"Press":430.0,"Succ":129.0,"Blocks":65.0,"Int":46.0},{"Player":"Tommy Smith","Pos":"DF","Tkl":40.0,"TklW":21.0,"Past":23.0,"Press":282.0,"Succ":82.0,"Blocks":33.0,"Int":26.0},{"Player":"Cédric Soares","Pos":"DF","Tkl":59.0,"TklW":25.0,"Past":22.0,"Press":424.0,"Succ":122.0,"Blocks":66.0,"Int":35.0},{"Player":"Ramadan Sobhi","Pos":"FW","Tkl":32.0,"TklW":25.0,"Past":29.0,"Press":278.0,"Succ":83.0,"Blocks":13.0,"Int":13.0},{"Player":"Dominic Solanke","Pos":"FW","Tkl":9.0,"TklW":4.0,"Past":4.0,"Press":167.0,"Succ":55.0,"Blocks":7.0,"Int":1.0},{"Player":"Junior Stanislas","Pos":"MF","Tkl":18.0,"TklW":8.0,"Past":13.0,"Press":174.0,"Succ":46.0,"Blocks":25.0,"Int":12.0},{"Player":"Dale Stephens","Pos":"MF","Tkl":100.0,"TklW":69.0,"Past":106.0,"Press":806.0,"Succ":233.0,"Blocks":58.0,"Int":90.0},{"Player":"Jack Stephens","Pos":"DF","Tkl":36.0,"TklW":22.0,"Past":13.0,"Press":181.0,"Succ":73.0,"Blocks":39.0,"Int":47.0},{"Player":"Raheem Sterling","Pos":"FW","Tkl":27.0,"TklW":20.0,"Past":17.0,"Press":375.0,"Succ":127.0,"Blocks":17.0,"Int":17.0},{"Player":"John Stones","Pos":"DF","Tkl":19.0,"TklW":12.0,"Past":13.0,"Press":91.0,"Succ":32.0,"Blocks":12.0,"Int":24.0},{"Player":"Daniel Sturridge","Pos":"FW","Tkl":1.0,"TklW":1.0,"Past":3.0,"Press":44.0,"Succ":10.0,"Blocks":2.0,"Int":0.0},{"Player":"Daniel Sturridge","Pos":"FW","Tkl":0.0,"TklW":0.0,"Past":0.0,"Press":15.0,"Succ":2.0,"Blocks":0.0,"Int":0.0},{"Player":"Ki Sung-yueng","Pos":"MF","Tkl":23.0,"TklW":15.0,"Past":19.0,"Press":350.0,"Succ":90.0,"Blocks":19.0,"Int":36.0},{"Player":"Andrew Surman","Pos":"MF","Tkl":18.0,"TklW":12.0,"Past":18.0,"Press":273.0,"Succ":80.0,"Blocks":41.0,"Int":26.0},{"Player":"Dusan Tadic","Pos":"MF","Tkl":48.0,"TklW":30.0,"Past":29.0,"Press":591.0,"Succ":163.0,"Blocks":44.0,"Int":22.0},{"Player":"James Tarkowski","Pos":"DF","Tkl":56.0,"TklW":38.0,"Past":22.0,"Press":243.0,"Succ":95.0,"Blocks":62.0,"Int":69.0},{"Player":"James Tomkins","Pos":"DF","Tkl":49.0,"TklW":27.0,"Past":20.0,"Press":223.0,"Succ":60.0,"Blocks":32.0,"Int":61.0},{"Player":"Andros Townsend","Pos":"FW","Tkl":60.0,"TklW":31.0,"Past":46.0,"Press":606.0,"Succ":159.0,"Blocks":52.0,"Int":52.0},{"Player":"Kieran Trippier","Pos":"DF","Tkl":55.0,"TklW":29.0,"Past":24.0,"Press":273.0,"Succ":77.0,"Blocks":47.0,"Int":29.0},{"Player":"Antonio Valencia","Pos":"DF","Tkl":61.0,"TklW":41.0,"Past":24.0,"Press":393.0,"Succ":120.0,"Blocks":78.0,"Int":63.0},{"Player":"Jamie Vardy","Pos":"FW","Tkl":21.0,"TklW":11.0,"Past":10.0,"Press":513.0,"Succ":139.0,"Blocks":19.0,"Int":9.0},{"Player":"Jan Vertonghen","Pos":"DF","Tkl":75.0,"TklW":40.0,"Past":19.0,"Press":282.0,"Succ":109.0,"Blocks":52.0,"Int":78.0},{"Player":"Sam Vokes","Pos":"FW","Tkl":4.0,"TklW":0.0,"Past":5.0,"Press":103.0,"Succ":19.0,"Blocks":9.0,"Int":3.0},{"Player":"Theo Walcott","Pos":"FW","Tkl":1.0,"TklW":0.0,"Past":0.0,"Press":8.0,"Succ":2.0,"Blocks":0.0,"Int":1.0},{"Player":"Theo Walcott","Pos":"FW","Tkl":26.0,"TklW":12.0,"Past":17.0,"Press":236.0,"Succ":57.0,"Blocks":12.0,"Int":14.0},{"Player":"Kyle Walker","Pos":"DF","Tkl":53.0,"TklW":32.0,"Past":15.0,"Press":319.0,"Succ":105.0,"Blocks":30.0,"Int":50.0},{"Player":"Victor Wanyama","Pos":"MF","Tkl":35.0,"TklW":25.0,"Past":17.0,"Press":192.0,"Succ":89.0,"Blocks":9.0,"Int":6.0},{"Player":"Joel Ward","Pos":"DF","Tkl":41.0,"TklW":22.0,"Past":14.0,"Press":218.0,"Succ":65.0,"Blocks":45.0,"Int":36.0},{"Player":"Stephen Ward","Pos":"DF","Tkl":43.0,"TklW":22.0,"Past":28.0,"Press":300.0,"Succ":72.0,"Blocks":63.0,"Int":55.0},{"Player":"James Ward-Prowse","Pos":"FW","Tkl":29.0,"TklW":18.0,"Past":24.0,"Press":345.0,"Succ":92.0,"Blocks":35.0,"Int":14.0},{"Player":"Danny Welbeck","Pos":"FW","Tkl":24.0,"TklW":10.0,"Past":15.0,"Press":224.0,"Succ":59.0,"Blocks":26.0,"Int":12.0},{"Player":"Ashley Westwood","Pos":"MF","Tkl":12.0,"TklW":5.0,"Past":17.0,"Press":248.0,"Succ":66.0,"Blocks":21.0,"Int":24.0},{"Player":"Georginio Wijnaldum","Pos":"MF","Tkl":38.0,"TklW":30.0,"Past":13.0,"Press":385.0,"Succ":129.0,"Blocks":22.0,"Int":42.0},{"Player":"Ashley Williams","Pos":"DF","Tkl":33.0,"TklW":21.0,"Past":13.0,"Press":209.0,"Succ":69.0,"Blocks":44.0,"Int":33.0},{"Player":"Danny Williams","Pos":"MF","Tkl":28.0,"TklW":18.0,"Past":18.0,"Press":251.0,"Succ":78.0,"Blocks":18.0,"Int":27.0},{"Player":"Willian","Pos":"FW","Tkl":34.0,"TklW":24.0,"Past":15.0,"Press":319.0,"Succ":102.0,"Blocks":17.0,"Int":12.0},{"Player":"Jack Wilshere","Pos":"MF","Tkl":18.0,"TklW":16.0,"Past":14.0,"Press":223.0,"Succ":89.0,"Blocks":9.0,"Int":14.0},{"Player":"Callum Wilson","Pos":"FW","Tkl":13.0,"TklW":10.0,"Past":14.0,"Press":422.0,"Succ":111.0,"Blocks":19.0,"Int":5.0},{"Player":"Kevin Wimmer","Pos":"DF","Tkl":28.0,"TklW":23.0,"Past":11.0,"Press":166.0,"Succ":56.0,"Blocks":43.0,"Int":24.0},{"Player":"Harry Winks","Pos":"MF","Tkl":14.0,"TklW":9.0,"Past":15.0,"Press":152.0,"Succ":50.0,"Blocks":13.0,"Int":14.0},{"Player":"Chris Wood","Pos":"FW","Tkl":5.0,"TklW":0.0,"Past":10.0,"Press":298.0,"Succ":70.0,"Blocks":16.0,"Int":4.0},{"Player":"Granit Xhaka","Pos":"MF","Tkl":78.0,"TklW":53.0,"Past":58.0,"Press":555.0,"Succ":178.0,"Blocks":45.0,"Int":33.0},{"Player":"Claudio Yacob","Pos":"MF","Tkl":36.0,"TklW":23.0,"Past":21.0,"Press":217.0,"Succ":69.0,"Blocks":14.0,"Int":21.0},{"Player":"DeAndre Yedlin","Pos":"DF","Tkl":61.0,"TklW":29.0,"Past":38.0,"Press":497.0,"Succ":120.0,"Blocks":69.0,"Int":50.0},{"Player":"Maya Yoshida","Pos":"DF","Tkl":37.0,"TklW":27.0,"Past":9.0,"Press":165.0,"Succ":57.0,"Blocks":34.0,"Int":51.0},{"Player":"Ashley Young","Pos":"DF","Tkl":56.0,"TklW":29.0,"Past":36.0,"Press":335.0,"Succ":91.0,"Blocks":41.0,"Int":69.0},{"Player":"Pablo Zabaleta","Pos":"DF","Tkl":108.0,"TklW":62.0,"Past":65.0,"Press":633.0,"Succ":187.0,"Blocks":96.0,"Int":78.0},{"Player":"Wilfried Zaha","Pos":"FW","Tkl":34.0,"TklW":24.0,"Past":19.0,"Press":467.0,"Succ":138.0,"Blocks":26.0,"Int":19.0},{"Player":"Davide Zappacosta","Pos":"DF","Tkl":29.0,"TklW":13.0,"Past":15.0,"Press":247.0,"Succ":81.0,"Blocks":20.0,"Int":12.0},{"Player":"Kurt Zouma","Pos":"DF","Tkl":"61","TklW":"34","Past":"12","Press":"274","Succ":"77","Blocks":"70","Int":"86"}]