[{"Player":"Yunis Abdelhamid","Pos":"DF","Cmp":1318.0,"Cmp%":83.6,"1\/3":51.0,"PPA":3.0,"CrsPA":0.0,"Prog":59.0},{"Player":"Mehdi Abeid","Pos":"MF","Cmp":919.0,"Cmp%":85.0,"1\/3":87.0,"PPA":11.0,"CrsPA":2.0,"Prog":72.0},{"Player":"Khaled Adenon","Pos":"DF","Cmp":842.0,"Cmp%":87.1,"1\/3":62.0,"PPA":4.0,"CrsPA":0.0,"Prog":63.0},{"Player":"Ruben Aguilar","Pos":"DF","Cmp":1328.0,"Cmp%":80.9,"1\/3":77.0,"PPA":47.0,"CrsPA":24.0,"Prog":145.0},{"Player":"Jean Eudes Aholou","Pos":"MF","Cmp":465.0,"Cmp%":84.2,"1\/3":48.0,"PPA":4.0,"CrsPA":0.0,"Prog":53.0},{"Player":"Youssef Ait Bennasser","Pos":"MF","Cmp":638.0,"Cmp%":86.3,"1\/3":75.0,"PPA":6.0,"CrsPA":0.0,"Prog":67.0},{"Player":"Youssef Ait Bennasser","Pos":"MF","Cmp":580.0,"Cmp%":87.3,"1\/3":45.0,"PPA":7.0,"CrsPA":2.0,"Prog":57.0},{"Player":"Ludovic Ajorque","Pos":"FW","Cmp":355.0,"Cmp%":76.0,"1\/3":18.0,"PPA":7.0,"CrsPA":2.0,"Prog":20.0},{"Player":"Sofiane Alakouch","Pos":"DF","Cmp":837.0,"Cmp%":75.8,"1\/3":54.0,"PPA":15.0,"CrsPA":3.0,"Prog":72.0},{"Player":"Rúnar Alex Rúnarsson","Pos":"GK","Cmp":581.0,"Cmp%":69.9,"1\/3":13.0,"PPA":0.0,"CrsPA":0.0,"Prog":0.0},{"Player":"Rachid Alioui","Pos":"FW","Cmp":273.0,"Cmp%":71.3,"1\/3":16.0,"PPA":16.0,"CrsPA":3.0,"Prog":30.0},{"Player":"Dani Alves","Pos":"MF","Cmp":1327.0,"Cmp%":83.5,"1\/3":143.0,"PPA":50.0,"CrsPA":12.0,"Prog":165.0},{"Player":"Romain Amalfitano","Pos":"MF","Cmp":839.0,"Cmp%":78.3,"1\/3":107.0,"PPA":29.0,"CrsPA":6.0,"Prog":108.0},{"Player":"Jordan Amavi","Pos":"DF","Cmp":967.0,"Cmp%":74.7,"1\/3":58.0,"PPA":20.0,"CrsPA":14.0,"Prog":100.0},{"Player":"Benjamin André","Pos":"MF","Cmp":1182.0,"Cmp%":79.9,"1\/3":111.0,"PPA":23.0,"CrsPA":2.0,"Prog":132.0},{"Player":"Houssem Aouar","Pos":"MF","Cmp":1801.0,"Cmp%":87.0,"1\/3":202.0,"PPA":38.0,"CrsPA":0.0,"Prog":191.0},{"Player":"Luiz Araujo","Pos":"FW","Cmp":232.0,"Cmp%":74.6,"1\/3":19.0,"PPA":10.0,"CrsPA":5.0,"Prog":26.0},{"Player":"Alphonse Areola","Pos":"GK","Cmp":437.0,"Cmp%":86.0,"1\/3":1.0,"PPA":0.0,"CrsPA":0.0,"Prog":0.0},{"Player":"Yoel Armougom","Pos":"DF","Cmp":636.0,"Cmp%":69.9,"1\/3":54.0,"PPA":19.0,"CrsPA":10.0,"Prog":58.0},{"Player":"Youcef Atal","Pos":"DF","Cmp":1027.0,"Cmp%":80.4,"1\/3":51.0,"PPA":24.0,"CrsPA":10.0,"Prog":78.0},{"Player":"Ludovic Blas","Pos":"DF","Cmp":70.0,"Cmp%":77.8,"1\/3":3.0,"PPA":1.0,"CrsPA":1.0,"Prog":5.0},{"Player":"Stéphane Bahoken","Pos":"FW","Cmp":349.0,"Cmp%":68.2,"1\/3":18.0,"PPA":12.0,"CrsPA":6.0,"Prog":22.0},{"Player":"Florent Balmont","Pos":"MF","Cmp":579.0,"Cmp%":81.4,"1\/3":76.0,"PPA":13.0,"CrsPA":4.0,"Prog":62.0},{"Player":"Mario Balotelli","Pos":"FW","Cmp":168.0,"Cmp%":70.9,"1\/3":6.0,"PPA":2.0,"CrsPA":1.0,"Prog":9.0},{"Player":"Mario Balotelli","Pos":"FW","Cmp":158.0,"Cmp%":68.7,"1\/3":15.0,"PPA":1.0,"CrsPA":0.0,"Prog":11.0},{"Player":"Abdoulaye Bamba","Pos":"DF","Cmp":976.0,"Cmp%":76.5,"1\/3":61.0,"PPA":20.0,"CrsPA":10.0,"Prog":83.0},{"Player":"Jonathan Bamba","Pos":"FW","Cmp":962.0,"Cmp%":78.6,"1\/3":78.0,"PPA":37.0,"CrsPA":10.0,"Prog":114.0},{"Player":"Yacine Bammou","Pos":"FW","Cmp":227.0,"Cmp%":71.6,"1\/3":2.0,"PPA":6.0,"CrsPA":4.0,"Prog":19.0},{"Player":"Danilo","Pos":"MF","Cmp":581.0,"Cmp%":86.6,"1\/3":47.0,"PPA":5.0,"CrsPA":0.0,"Prog":49.0},{"Player":"Paul Baysse","Pos":"DF","Cmp":25.0,"Cmp%":73.5,"1\/3":1.0,"PPA":0.0,"CrsPA":0.0,"Prog":3.0},{"Player":"Paul Baysse","Pos":"DF","Cmp":662.0,"Cmp%":81.4,"1\/3":32.0,"PPA":1.0,"CrsPA":0.0,"Prog":30.0},{"Player":"Claudio Beauvue","Pos":"FW","Cmp":248.0,"Cmp%":63.8,"1\/3":15.0,"PPA":10.0,"CrsPA":6.0,"Prog":23.0},{"Player":"Hatem Ben Arfa","Pos":"MF","Cmp":747.0,"Cmp%":80.7,"1\/3":77.0,"PPA":28.0,"CrsPA":2.0,"Prog":89.0},{"Player":"Diego Benaglio","Pos":"GK","Cmp":459.0,"Cmp%":74.3,"1\/3":2.0,"PPA":0.0,"CrsPA":0.0,"Prog":0.0},{"Player":"Nicolas Benezet","Pos":"MF","Cmp":624.0,"Cmp%":68.5,"1\/3":46.0,"PPA":18.0,"CrsPA":3.0,"Prog":67.0},{"Player":"Walter Benítez","Pos":"GK","Cmp":895.0,"Cmp%":78.3,"1\/3":2.0,"PPA":0.0,"CrsPA":0.0,"Prog":0.0},{"Player":"Ramy Bensebaini","Pos":"DF","Cmp":991.0,"Cmp%":78.2,"1\/3":60.0,"PPA":13.0,"CrsPA":8.0,"Prog":99.0},{"Player":"Robert Beric","Pos":"FW","Cmp":137.0,"Cmp%":70.6,"1\/3":8.0,"PPA":4.0,"CrsPA":1.0,"Prog":10.0},{"Player":"Paul Bernardoni","Pos":"GK","Cmp":627.0,"Cmp%":56.3,"1\/3":23.0,"PPA":1.0,"CrsPA":0.0,"Prog":0.0},{"Player":"Juan Bernat","Pos":"DF","Cmp":1063.0,"Cmp%":88.4,"1\/3":54.0,"PPA":18.0,"CrsPA":5.0,"Prog":57.0},{"Player":"Ludovic Blas","Pos":"MF","Cmp":716.0,"Cmp%":76.3,"1\/3":110.0,"PPA":18.0,"CrsPA":3.0,"Prog":96.0},{"Player":"Alexis Blin","Pos":"MF","Cmp":761.0,"Cmp%":82.0,"1\/3":73.0,"PPA":8.0,"CrsPA":1.0,"Prog":78.0},{"Player":"Antonin Bobichon","Pos":"MF","Cmp":729.0,"Cmp%":81.8,"1\/3":77.0,"PPA":7.0,"CrsPA":1.0,"Prog":73.0},{"Player":"Mathieu Bodmer","Pos":"MF","Cmp":446.0,"Cmp%":70.1,"1\/3":47.0,"PPA":12.0,"CrsPA":1.0,"Prog":62.0},{"Player":"Boschilia","Pos":"FW","Cmp":422.0,"Cmp%":76.2,"1\/3":36.0,"PPA":16.0,"CrsPA":3.0,"Prog":44.0},{"Player":"John Bostock","Pos":"MF","Cmp":508.0,"Cmp%":83.8,"1\/3":47.0,"PPA":3.0,"CrsPA":0.0,"Prog":49.0},{"Player":"Denis Bouanga","Pos":"FW","Cmp":456.0,"Cmp%":67.3,"1\/3":34.0,"PPA":23.0,"CrsPA":12.0,"Prog":48.0},{"Player":"Benjamin Bourigeaud","Pos":"MF","Cmp":922.0,"Cmp%":75.1,"1\/3":90.0,"PPA":24.0,"CrsPA":8.0,"Prog":100.0},{"Player":"Umut Bozok","Pos":"FW","Cmp":223.0,"Cmp%":74.1,"1\/3":14.0,"PPA":6.0,"CrsPA":0.0,"Prog":16.0},{"Player":"Anthony Briancon","Pos":"DF","Cmp":1042.0,"Cmp%":82.5,"1\/3":75.0,"PPA":4.0,"CrsPA":1.0,"Prog":67.0},{"Player":"Jimmy Briand","Pos":"FW","Cmp":521.0,"Cmp%":73.1,"1\/3":29.0,"PPA":17.0,"CrsPA":0.0,"Prog":48.0},{"Player":"Gianluigi Buffon","Pos":"GK","Cmp":367.0,"Cmp%":91.3,"1\/3":0.0,"PPA":0.0,"CrsPA":0.0,"Prog":0.0},{"Player":"Patrick Burner","Pos":"DF","Cmp":629.0,"Cmp%":84.8,"1\/3":29.0,"PPA":6.0,"CrsPA":4.0,"Prog":35.0},{"Player":"Ludovic Butelle","Pos":"GK","Cmp":607.0,"Cmp%":62.5,"1\/3":16.0,"PPA":0.0,"CrsPA":0.0,"Prog":0.0},{"Player":"Rémy Cabella","Pos":"MF","Cmp":1757.0,"Cmp%":83.7,"1\/3":179.0,"PPA":57.0,"CrsPA":11.0,"Prog":200.0},{"Player":"Anthony Caci","Pos":"DF","Cmp":1153.0,"Cmp%":81.5,"1\/3":90.0,"PPA":18.0,"CrsPA":8.0,"Prog":104.0},{"Player":"Mathieu Cafaro","Pos":"FW","Cmp":456.0,"Cmp%":61.0,"1\/3":51.0,"PPA":22.0,"CrsPA":10.0,"Prog":65.0},{"Player":"Yannick Cahuzac","Pos":"MF","Cmp":448.0,"Cmp%":81.9,"1\/3":28.0,"PPA":2.0,"CrsPA":0.0,"Prog":35.0},{"Player":"Marc-Aurele Caillard","Pos":"GK","Cmp":292.0,"Cmp%":53.3,"1\/3":14.0,"PPA":0.0,"CrsPA":0.0,"Prog":0.0},{"Player":"Duje Caleta-Car","Pos":"DF","Cmp":696.0,"Cmp%":86.4,"1\/3":41.0,"PPA":2.0,"CrsPA":0.0,"Prog":43.0},{"Player":"Pierrick Capelle","Pos":"MF","Cmp":763.0,"Cmp%":79.6,"1\/3":60.0,"PPA":17.0,"CrsPA":8.0,"Prog":78.0},{"Player":"Diego Carlos","Pos":"DF","Cmp":1389.0,"Cmp%":82.7,"1\/3":113.0,"PPA":12.0,"CrsPA":1.0,"Prog":115.0},{"Player":"Lionel Carole","Pos":"DF","Cmp":815.0,"Cmp%":78.1,"1\/3":64.0,"PPA":23.0,"CrsPA":10.0,"Prog":106.0},{"Player":"Edinson Cavani","Pos":"FW","Cmp":276.0,"Cmp%":75.8,"1\/3":3.0,"PPA":9.0,"CrsPA":3.0,"Prog":8.0},{"Player":"Nacer Chadli","Pos":"MF","Cmp":262.0,"Cmp%":79.4,"1\/3":12.0,"PPA":9.0,"CrsPA":2.0,"Prog":33.0},{"Player":"Fouad Chafik","Pos":"DF","Cmp":706.0,"Cmp%":74.8,"1\/3":48.0,"PPA":17.0,"CrsPA":9.0,"Prog":63.0},{"Player":"Kwon Chang-Hoon","Pos":"FW","Cmp":244.0,"Cmp%":70.1,"1\/3":10.0,"PPA":11.0,"CrsPA":3.0,"Prog":28.0},{"Player":"Xavier Chavalerin","Pos":"MF","Cmp":1178.0,"Cmp%":77.6,"1\/3":107.0,"PPA":25.0,"CrsPA":3.0,"Prog":129.0},{"Player":"Pablo","Pos":"FW","Cmp":256.0,"Cmp%":61.4,"1\/3":17.0,"PPA":15.0,"CrsPA":3.0,"Prog":30.0},{"Player":"Marcus Coco","Pos":"FW","Cmp":368.0,"Cmp%":62.7,"1\/3":17.0,"PPA":17.0,"CrsPA":10.0,"Prog":36.0},{"Player":"Daniel Congré","Pos":"DF","Cmp":1250.0,"Cmp%":81.2,"1\/3":147.0,"PPA":5.0,"CrsPA":1.0,"Prog":135.0},{"Player":"Benjamin Corgnet","Pos":"MF","Cmp":178.0,"Cmp%":62.2,"1\/3":13.0,"PPA":5.0,"CrsPA":3.0,"Prog":17.0},{"Player":"Andreas Cornelius","Pos":"FW","Cmp":160.0,"Cmp%":63.2,"1\/3":12.0,"PPA":2.0,"CrsPA":0.0,"Prog":9.0},{"Player":"Maxwel Cornet","Pos":"FW","Cmp":348.0,"Cmp%":71.8,"1\/3":11.0,"PPA":20.0,"CrsPA":6.0,"Prog":31.0},{"Player":"Benoit Costil","Pos":"GK","Cmp":792.0,"Cmp%":68.9,"1\/3":16.0,"PPA":0.0,"CrsPA":0.0,"Prog":0.0},{"Player":"Kalifa Coulibaly","Pos":"FW","Cmp":252.0,"Cmp%":56.9,"1\/3":28.0,"PPA":8.0,"CrsPA":4.0,"Prog":26.0},{"Player":"Enzo Crivelli","Pos":"FW","Cmp":364.0,"Cmp%":65.4,"1\/3":18.0,"PPA":7.0,"CrsPA":3.0,"Prog":21.0},{"Player":"Wylan Cyprien","Pos":"MF","Cmp":1688.0,"Cmp%":83.6,"1\/3":143.0,"PPA":13.0,"CrsPA":2.0,"Prog":139.0},{"Player":"Damien Da Silva","Pos":"DF","Cmp":1247.0,"Cmp%":87.6,"1\/3":56.0,"PPA":3.0,"CrsPA":0.0,"Prog":58.0},{"Player":"Abdoulaye Bamba","Pos":"FW","Cmp":26.0,"Cmp%":81.3,"1\/3":1.0,"PPA":2.0,"CrsPA":0.0,"Prog":5.0},{"Player":"Colin Dagba","Pos":"DF","Cmp":596.0,"Cmp%":92.1,"1\/3":29.0,"PPA":7.0,"CrsPA":6.0,"Prog":25.0},{"Player":"Dante","Pos":"DF","Cmp":2147.0,"Cmp%":91.3,"1\/3":89.0,"PPA":4.0,"CrsPA":0.0,"Prog":69.0},{"Player":"Lucas Deaux","Pos":"MF","Cmp":371.0,"Cmp%":69.6,"1\/3":44.0,"PPA":7.0,"CrsPA":3.0,"Prog":45.0},{"Player":"Mathieu Debuchy","Pos":"DF","Cmp":861.0,"Cmp%":73.9,"1\/3":57.0,"PPA":21.0,"CrsPA":16.0,"Prog":82.0},{"Player":"Romain Del Castillo","Pos":"FW","Cmp":380.0,"Cmp%":67.9,"1\/3":22.0,"PPA":27.0,"CrsPA":10.0,"Prog":53.0},{"Player":"Andy Delort","Pos":"FW","Cmp":694.0,"Cmp%":58.0,"1\/3":64.0,"PPA":47.0,"CrsPA":21.0,"Prog":92.0},{"Player":"Moussa Dembele","Pos":"FW","Cmp":324.0,"Cmp%":74.5,"1\/3":16.0,"PPA":14.0,"CrsPA":4.0,"Prog":24.0},{"Player":"Jessy Deminguet","Pos":"MF","Cmp":379.0,"Cmp%":81.0,"1\/3":35.0,"PPA":5.0,"CrsPA":1.0,"Prog":31.0},{"Player":"Jason Denayer","Pos":"DF","Cmp":1840.0,"Cmp%":94.5,"1\/3":98.0,"PPA":3.0,"CrsPA":0.0,"Prog":102.0},{"Player":"Memphis Depay","Pos":"FW","Cmp":1093.0,"Cmp%":73.3,"1\/3":110.0,"PPA":63.0,"CrsPA":18.0,"Prog":150.0},{"Player":"Clement Depres","Pos":"FW","Cmp":114.0,"Cmp%":68.7,"1\/3":9.0,"PPA":3.0,"CrsPA":0.0,"Prog":11.0},{"Player":"Ángel Di María","Pos":"FW","Cmp":1068.0,"Cmp%":73.3,"1\/3":88.0,"PPA":65.0,"CrsPA":6.0,"Prog":144.0},{"Player":"Boulaye Dia","Pos":"FW","Cmp":109.0,"Cmp%":69.0,"1\/3":7.0,"PPA":4.0,"CrsPA":0.0,"Prog":11.0},{"Player":"Moussa Diaby","Pos":"MF","Cmp":464.0,"Cmp%":80.1,"1\/3":16.0,"PPA":21.0,"CrsPA":4.0,"Prog":36.0},{"Player":"Bakaye Dibassy","Pos":"DF","Cmp":1097.0,"Cmp%":76.1,"1\/3":72.0,"PPA":13.0,"CrsPA":6.0,"Prog":93.0},{"Player":"Étienne Didot","Pos":"MF","Cmp":927.0,"Cmp%":75.2,"1\/3":122.0,"PPA":19.0,"CrsPA":0.0,"Prog":130.0},{"Player":"Tristan Dingome","Pos":"MF","Cmp":474.0,"Cmp%":78.3,"1\/3":60.0,"PPA":21.0,"CrsPA":3.0,"Prog":61.0},{"Player":"Ismael Diomande","Pos":"MF","Cmp":499.0,"Cmp%":84.0,"1\/3":41.0,"PPA":1.0,"CrsPA":1.0,"Prog":46.0},{"Player":"Lois Diony","Pos":"FW","Cmp":220.0,"Cmp%":64.9,"1\/3":11.0,"PPA":5.0,"CrsPA":3.0,"Prog":15.0},{"Player":"Alexander Djiku","Pos":"DF","Cmp":1158.0,"Cmp%":84.2,"1\/3":49.0,"PPA":6.0,"CrsPA":0.0,"Prog":54.0},{"Player":"Mathieu Dossevi","Pos":"FW","Cmp":618.0,"Cmp%":66.4,"1\/3":42.0,"PPA":29.0,"CrsPA":17.0,"Prog":57.0},{"Player":"Moussa Doumbia","Pos":"FW","Cmp":503.0,"Cmp%":77.0,"1\/3":32.0,"PPA":26.0,"CrsPA":8.0,"Prog":53.0},{"Player":"Julian Draxler","Pos":"MF","Cmp":1421.0,"Cmp%":88.3,"1\/3":117.0,"PPA":42.0,"CrsPA":2.0,"Prog":132.0},{"Player":"Léo Dubois","Pos":"DF","Cmp":1247.0,"Cmp%":83.5,"1\/3":98.0,"PPA":29.0,"CrsPA":22.0,"Prog":117.0},{"Player":"Jimmy Durmaz","Pos":"MF","Cmp":896.0,"Cmp%":73.6,"1\/3":100.0,"PPA":31.0,"CrsPA":5.0,"Prog":129.0},{"Player":"Felix Eboa Eboa","Pos":"DF","Cmp":777.0,"Cmp%":77.3,"1\/3":53.0,"PPA":6.0,"CrsPA":2.0,"Prog":56.0},{"Player":"Björn Engels","Pos":"DF","Cmp":1081.0,"Cmp%":85.3,"1\/3":91.0,"PPA":9.0,"CrsPA":1.0,"Prog":92.0},{"Player":"Fabio","Pos":"DF","Cmp":482.0,"Cmp%":75.9,"1\/3":34.0,"PPA":14.0,"CrsPA":9.0,"Prog":44.0},{"Player":"Faycal Fajr","Pos":"MF","Cmp":1596.0,"Cmp%":76.1,"1\/3":164.0,"PPA":24.0,"CrsPA":7.0,"Prog":149.0},{"Player":"Falcao","Pos":"FW","Cmp":510.0,"Cmp%":77.6,"1\/3":32.0,"PPA":7.0,"CrsPA":1.0,"Prog":31.0},{"Player":"Nabil Fekir","Pos":"MF","Cmp":893.0,"Cmp%":82.1,"1\/3":109.0,"PPA":26.0,"CrsPA":5.0,"Prog":95.0},{"Player":"Juan Ferney Otero","Pos":"FW","Cmp":530.0,"Cmp%":69.9,"1\/3":25.0,"PPA":22.0,"CrsPA":9.0,"Prog":53.0},{"Player":"Jordan Ferri","Pos":"MF","Cmp":78.0,"Cmp%":84.8,"1\/3":10.0,"PPA":1.0,"CrsPA":0.0,"Prog":5.0},{"Player":"Jordan Ferri","Pos":"MF","Cmp":876.0,"Cmp%":82.2,"1\/3":117.0,"PPA":25.0,"CrsPA":3.0,"Prog":129.0},{"Player":"Youssouf Fofana","Pos":"MF","Cmp":277.0,"Cmp%":78.9,"1\/3":24.0,"PPA":7.0,"CrsPA":1.0,"Prog":22.0},{"Player":"Thomas Foket","Pos":"DF","Cmp":1085.0,"Cmp%":75.9,"1\/3":57.0,"PPA":14.0,"CrsPA":6.0,"Prog":114.0},{"Player":"José Fonte","Pos":"DF","Cmp":1921.0,"Cmp%":88.4,"1\/3":131.0,"PPA":5.0,"CrsPA":1.0,"Prog":117.0},{"Player":"Rui Fonte","Pos":"FW","Cmp":151.0,"Cmp%":79.5,"1\/3":13.0,"PPA":5.0,"CrsPA":1.0,"Prog":16.0},{"Player":"Angelo Fulgini","Pos":"MF","Cmp":595.0,"Cmp%":75.8,"1\/3":44.0,"PPA":34.0,"CrsPA":2.0,"Prog":77.0},{"Player":"Ignatius Ganago","Pos":"FW","Cmp":176.0,"Cmp%":78.6,"1\/3":6.0,"PPA":3.0,"CrsPA":0.0,"Prog":15.0},{"Player":"Manu García","Pos":"MF","Cmp":748.0,"Cmp%":78.7,"1\/3":81.0,"PPA":18.0,"CrsPA":3.0,"Prog":103.0},{"Player":"Valère Germain","Pos":"FW","Cmp":468.0,"Cmp%":77.4,"1\/3":23.0,"PPA":8.0,"CrsPA":2.0,"Prog":28.0},{"Player":"Saman Ghoddos","Pos":"FW","Cmp":401.0,"Cmp%":65.7,"1\/3":28.0,"PPA":17.0,"CrsPA":5.0,"Prog":36.0},{"Player":"Andrei Girotto","Pos":"MF","Cmp":636.0,"Cmp%":78.1,"1\/3":63.0,"PPA":6.0,"CrsPA":2.0,"Prog":79.0},{"Player":"Kamil Glik","Pos":"DF","Cmp":1356.0,"Cmp%":84.4,"1\/3":100.0,"PPA":4.0,"CrsPA":0.0,"Prog":97.0},{"Player":"Eddy Gnahore","Pos":"MF","Cmp":1028.0,"Cmp%":88.9,"1\/3":65.0,"PPA":12.0,"CrsPA":1.0,"Prog":77.0},{"Player":"Aleksandr Golovin","Pos":"MF","Cmp":890.0,"Cmp%":78.1,"1\/3":81.0,"PPA":38.0,"CrsPA":7.0,"Prog":91.0},{"Player":"Anthony Goncalves","Pos":"MF","Cmp":341.0,"Cmp%":68.3,"1\/3":35.0,"PPA":14.0,"CrsPA":9.0,"Prog":32.0},{"Player":"Max Gradel","Pos":"FW","Cmp":891.0,"Cmp%":68.7,"1\/3":69.0,"PPA":49.0,"CrsPA":10.0,"Prog":115.0},{"Player":"Jonathan Gradit","Pos":"DF","Cmp":765.0,"Cmp%":82.2,"1\/3":40.0,"PPA":8.0,"CrsPA":2.0,"Prog":64.0},{"Player":"Samuel Grandsir","Pos":"FW","Cmp":60.0,"Cmp%":69.8,"1\/3":6.0,"PPA":2.0,"CrsPA":0.0,"Prog":4.0},{"Player":"Samuel Grandsir","Pos":"FW","Cmp":106.0,"Cmp%":54.9,"1\/3":7.0,"PPA":6.0,"CrsPA":2.0,"Prog":12.0},{"Player":"Clément Grenier","Pos":"MF","Cmp":1410.0,"Cmp%":78.2,"1\/3":166.0,"PPA":26.0,"CrsPA":6.0,"Prog":182.0},{"Player":"Frederic Guilbert","Pos":"DF","Cmp":1012.0,"Cmp%":70.7,"1\/3":58.0,"PPA":19.0,"CrsPA":13.0,"Prog":78.0},{"Player":"Baptiste Guillaume","Pos":"FW","Cmp":185.0,"Cmp%":67.0,"1\/3":16.0,"PPA":6.0,"CrsPA":1.0,"Prog":16.0},{"Player":"Régis Gurtner","Pos":"GK","Cmp":616.0,"Cmp%":53.6,"1\/3":24.0,"PPA":0.0,"CrsPA":0.0,"Prog":0.0},{"Player":"Luiz Gustavo","Pos":"MF","Cmp":1277.0,"Cmp%":88.8,"1\/3":87.0,"PPA":11.0,"CrsPA":3.0,"Prog":88.0},{"Player":"Oussama Haddadi","Pos":"DF","Cmp":1190.0,"Cmp%":73.4,"1\/3":78.0,"PPA":32.0,"CrsPA":22.0,"Prog":115.0},{"Player":"Romain Hamouma","Pos":"FW","Cmp":410.0,"Cmp%":69.5,"1\/3":17.0,"PPA":24.0,"CrsPA":9.0,"Prog":36.0},{"Player":"Benjamin Henrichs","Pos":"DF","Cmp":778.0,"Cmp%":73.3,"1\/3":64.0,"PPA":25.0,"CrsPA":9.0,"Prog":111.0},{"Player":"Christophe Herelle","Pos":"DF","Cmp":1911.0,"Cmp%":89.0,"1\/3":104.0,"PPA":5.0,"CrsPA":3.0,"Prog":112.0},{"Player":"Hilton","Pos":"DF","Cmp":1210.0,"Cmp%":82.8,"1\/3":107.0,"PPA":8.0,"CrsPA":1.0,"Prog":99.0},{"Player":"Adrien Hunou","Pos":"FW","Cmp":234.0,"Cmp%":77.5,"1\/3":9.0,"PPA":4.0,"CrsPA":1.0,"Prog":11.0},{"Player":"Suk Hyun-Jun","Pos":"FW","Cmp":88.0,"Cmp%":49.7,"1\/3":12.0,"PPA":4.0,"CrsPA":2.0,"Prog":9.0},{"Player":"Edgar Ié","Pos":"DF","Cmp":96.0,"Cmp%":78.0,"1\/3":4.0,"PPA":1.0,"CrsPA":0.0,"Prog":3.0},{"Player":"Edgar Ié","Pos":"DF","Cmp":269.0,"Cmp%":78.0,"1\/3":20.0,"PPA":1.0,"CrsPA":1.0,"Prog":27.0},{"Player":"Jordan Ikoko","Pos":"DF","Cmp":596.0,"Cmp%":74.2,"1\/3":43.0,"PPA":18.0,"CrsPA":12.0,"Prog":57.0},{"Player":"Jonathan Ikone","Pos":"MF","Cmp":709.0,"Cmp%":75.2,"1\/3":71.0,"PPA":31.0,"CrsPA":6.0,"Prog":84.0},{"Player":"Emmanuel Imorou","Pos":"DF","Cmp":428.0,"Cmp%":71.8,"1\/3":21.0,"PPA":5.0,"CrsPA":4.0,"Prog":21.0},{"Player":"Christopher Jullien","Pos":"DF","Cmp":514.0,"Cmp%":84.5,"1\/3":44.0,"PPA":7.0,"CrsPA":3.0,"Prog":48.0},{"Player":"Corentin Jean","Pos":"FW","Cmp":145.0,"Cmp%":68.4,"1\/3":4.0,"PPA":5.0,"CrsPA":4.0,"Prog":13.0},{"Player":"Benjamin Jeannot","Pos":"FW","Cmp":306.0,"Cmp%":70.0,"1\/3":21.0,"PPA":8.0,"CrsPA":0.0,"Prog":29.0},{"Player":"Jemerson","Pos":"DF","Cmp":925.0,"Cmp%":87.2,"1\/3":45.0,"PPA":2.0,"CrsPA":0.0,"Prog":47.0},{"Player":"Jakob Johansson","Pos":"MF","Cmp":340.0,"Cmp%":88.1,"1\/3":30.0,"PPA":5.0,"CrsPA":1.0,"Prog":26.0},{"Player":"Karl-Johan Johnsson","Pos":"GK","Cmp":268.0,"Cmp%":55.8,"1\/3":17.0,"PPA":0.0,"CrsPA":0.0,"Prog":0.0},{"Player":"Vukasin Jovanovic","Pos":"DF","Cmp":680.0,"Cmp%":86.3,"1\/3":52.0,"PPA":1.0,"CrsPA":0.0,"Prog":59.0},{"Player":"Christopher Jullien","Pos":"DF","Cmp":1227.0,"Cmp%":84.1,"1\/3":75.0,"PPA":2.0,"CrsPA":0.0,"Prog":93.0},{"Player":"Samuel Kalu","Pos":"FW","Cmp":367.0,"Cmp%":65.2,"1\/3":27.0,"PPA":12.0,"CrsPA":4.0,"Prog":46.0},{"Player":"Francois Kamano","Pos":"FW","Cmp":732.0,"Cmp%":79.0,"1\/3":51.0,"PPA":24.0,"CrsPA":4.0,"Prog":60.0},{"Player":"Boubacar Kamara","Pos":"DF","Cmp":1221.0,"Cmp%":85.6,"1\/3":58.0,"PPA":8.0,"CrsPA":3.0,"Prog":69.0},{"Player":"Hassane Kamara","Pos":"DF","Cmp":363.0,"Cmp%":77.7,"1\/3":21.0,"PPA":3.0,"CrsPA":0.0,"Prog":21.0},{"Player":"Wilfried Kanga","Pos":"FW","Cmp":63.0,"Cmp%":69.2,"1\/3":2.0,"PPA":3.0,"CrsPA":0.0,"Prog":6.0},{"Player":"Yann Karamoh","Pos":"FW","Cmp":395.0,"Cmp%":71.9,"1\/3":33.0,"PPA":18.0,"CrsPA":6.0,"Prog":58.0},{"Player":"Thilo Kehrer","Pos":"DF","Cmp":1278.0,"Cmp%":91.9,"1\/3":80.0,"PPA":8.0,"CrsPA":2.0,"Prog":71.0},{"Player":"Jules Keita","Pos":"FW","Cmp":107.0,"Cmp%":78.1,"1\/3":9.0,"PPA":8.0,"CrsPA":1.0,"Prog":21.0},{"Player":"Christophe Kerbrat","Pos":"DF","Cmp":652.0,"Cmp%":75.8,"1\/3":53.0,"PPA":3.0,"CrsPA":0.0,"Prog":57.0},{"Player":"Saif-Eddine Khaoui","Pos":"MF","Cmp":327.0,"Cmp%":68.8,"1\/3":39.0,"PPA":4.0,"CrsPA":0.0,"Prog":62.0},{"Player":"Wahbi Khazri","Pos":"FW","Cmp":740.0,"Cmp%":66.6,"1\/3":73.0,"PPA":28.0,"CrsPA":8.0,"Prog":72.0},{"Player":"Presnel Kimpembe","Pos":"DF","Cmp":1366.0,"Cmp%":92.7,"1\/3":112.0,"PPA":3.0,"CrsPA":0.0,"Prog":72.0},{"Player":"Timothée Kolodziejczak","Pos":"DF","Cmp":1637.0,"Cmp%":81.6,"1\/3":103.0,"PPA":18.0,"CrsPA":11.0,"Prog":146.0},{"Player":"Ghislain Konan","Pos":"DF","Cmp":760.0,"Cmp%":74.2,"1\/3":57.0,"PPA":19.0,"CrsPA":15.0,"Prog":88.0},{"Player":"Moussa Konate","Pos":"FW","Cmp":268.0,"Cmp%":67.0,"1\/3":28.0,"PPA":8.0,"CrsPA":0.0,"Prog":21.0},{"Player":"Lamine Koné","Pos":"DF","Cmp":914.0,"Cmp%":85.3,"1\/3":69.0,"PPA":8.0,"CrsPA":3.0,"Prog":84.0},{"Player":"Youssouf Kone","Pos":"DF","Cmp":858.0,"Cmp%":80.9,"1\/3":92.0,"PPA":22.0,"CrsPA":14.0,"Prog":95.0},{"Player":"Cristian","Pos":"FW","Cmp":"","Cmp%":"","1\/3":"","PPA":"","CrsPA":"","Prog":""},{"Player":"Tomas Koubek","Pos":"GK","Cmp":597.0,"Cmp%":67.8,"1\/3":9.0,"PPA":0.0,"CrsPA":0.0,"Prog":0.0},{"Player":"Jules Koundé","Pos":"DF","Cmp":1635.0,"Cmp%":82.0,"1\/3":129.0,"PPA":13.0,"CrsPA":2.0,"Prog":124.0},{"Player":"Emil Krafth","Pos":"DF","Cmp":1043.0,"Cmp%":70.2,"1\/3":72.0,"PPA":21.0,"CrsPA":13.0,"Prog":87.0},{"Player":"Rene Krhin","Pos":"MF","Cmp":452.0,"Cmp%":82.8,"1\/3":28.0,"PPA":0.0,"CrsPA":0.0,"Prog":40.0},{"Player":"Layvin Kurzawa","Pos":"DF","Cmp":489.0,"Cmp%":86.2,"1\/3":31.0,"PPA":10.0,"CrsPA":4.0,"Prog":37.0},{"Player":"Enock Kwateng","Pos":"DF","Cmp":928.0,"Cmp%":71.5,"1\/3":75.0,"PPA":30.0,"CrsPA":18.0,"Prog":130.0},{"Player":"Gaetan Laborde","Pos":"FW","Cmp":11.0,"Cmp%":47.8,"1\/3":0.0,"PPA":0.0,"CrsPA":0.0,"Prog":0.0},{"Player":"Gaetan Laborde","Pos":"FW","Cmp":625.0,"Cmp%":66.5,"1\/3":57.0,"PPA":24.0,"CrsPA":3.0,"Prog":73.0},{"Player":"Kenny Lala","Pos":"DF","Cmp":1661.0,"Cmp%":76.1,"1\/3":147.0,"PPA":56.0,"CrsPA":22.0,"Prog":211.0},{"Player":"Loïck Landre","Pos":"DF","Cmp":438.0,"Cmp%":80.4,"1\/3":17.0,"PPA":1.0,"CrsPA":0.0,"Prog":21.0},{"Player":"Paul Lasne","Pos":"MF","Cmp":796.0,"Cmp%":79.6,"1\/3":69.0,"PPA":15.0,"CrsPA":7.0,"Prog":96.0},{"Player":"Wesley Lautoa","Pos":"DF","Cmp":1373.0,"Cmp%":87.2,"1\/3":96.0,"PPA":8.0,"CrsPA":1.0,"Prog":100.0},{"Player":"Damien Le Tallec","Pos":"MF","Cmp":1006.0,"Cmp%":80.9,"1\/3":99.0,"PPA":11.0,"CrsPA":1.0,"Prog":105.0},{"Player":"James Edward Lea Siliki","Pos":"MF","Cmp":308.0,"Cmp%":68.1,"1\/3":42.0,"PPA":12.0,"CrsPA":5.0,"Prog":46.0},{"Player":"Rafael Leão","Pos":"FW","Cmp":174.0,"Cmp%":68.8,"1\/3":10.0,"PPA":6.0,"CrsPA":2.0,"Prog":10.0},{"Player":"Benjamin Lecomte","Pos":"GK","Cmp":835.0,"Cmp%":66.2,"1\/3":17.0,"PPA":0.0,"CrsPA":0.0,"Prog":1.0},{"Player":"Pierre Lees-Melou","Pos":"MF","Cmp":1234.0,"Cmp%":84.2,"1\/3":123.0,"PPA":11.0,"CrsPA":0.0,"Prog":98.0},{"Player":"Jordan Lefort","Pos":"DF","Cmp":632.0,"Cmp%":69.4,"1\/3":53.0,"PPA":7.0,"CrsPA":2.0,"Prog":79.0},{"Player":"Lukas Lerager","Pos":"MF","Cmp":524.0,"Cmp%":79.4,"1\/3":61.0,"PPA":12.0,"CrsPA":2.0,"Prog":66.0},{"Player":"Aaron Leya Iseka","Pos":"FW","Cmp":213.0,"Cmp%":79.8,"1\/3":11.0,"PPA":5.0,"CrsPA":0.0,"Prog":15.0},{"Player":"Dmitri Lienard","Pos":"MF","Cmp":676.0,"Cmp%":77.9,"1\/3":47.0,"PPA":11.0,"CrsPA":3.0,"Prog":46.0},{"Player":"Lucas Lima","Pos":"DF","Cmp":1213.0,"Cmp%":69.1,"1\/3":111.0,"PPA":46.0,"CrsPA":21.0,"Prog":169.0},{"Player":"Anthony Limbombe","Pos":"FW","Cmp":333.0,"Cmp%":71.5,"1\/3":12.0,"PPA":18.0,"CrsPA":9.0,"Prog":27.0},{"Player":"Anthony Lopes","Pos":"GK","Cmp":851.0,"Cmp%":79.9,"1\/3":3.0,"PPA":0.0,"CrsPA":0.0,"Prog":0.0},{"Player":"Rony Lopes","Pos":"FW","Cmp":453.0,"Cmp%":66.0,"1\/3":23.0,"PPA":26.0,"CrsPA":10.0,"Prog":57.0},{"Player":"Cristian","Pos":"FW","Cmp":72.0,"Cmp%":71.3,"1\/3":3.0,"PPA":2.0,"CrsPA":0.0,"Prog":3.0},{"Player":"Maxime Lopez","Pos":"MF","Cmp":2031.0,"Cmp%":89.9,"1\/3":182.0,"PPA":35.0,"CrsPA":8.0,"Prog":222.0},{"Player":"Herve Lybohy","Pos":"DF","Cmp":478.0,"Cmp%":84.2,"1\/3":22.0,"PPA":1.0,"CrsPA":0.0,"Prog":26.0},{"Player":"Thiago Maia","Pos":"MF","Cmp":489.0,"Cmp%":84.5,"1\/3":75.0,"PPA":5.0,"CrsPA":0.0,"Prog":63.0},{"Player":"Mike Maignan","Pos":"GK","Cmp":689.0,"Cmp%":62.9,"1\/3":12.0,"PPA":0.0,"CrsPA":0.0,"Prog":0.0},{"Player":"Jean-Victor Makengo","Pos":"FW","Cmp":358.0,"Cmp%":84.4,"1\/3":28.0,"PPA":6.0,"CrsPA":1.0,"Prog":25.0},{"Player":"Vincent Manceau","Pos":"DF","Cmp":1274.0,"Cmp%":79.1,"1\/3":90.0,"PPA":27.0,"CrsPA":7.0,"Prog":136.0},{"Player":"Steve Mandanda","Pos":"GK","Cmp":688.0,"Cmp%":69.8,"1\/3":12.0,"PPA":1.0,"CrsPA":0.0,"Prog":1.0},{"Player":"Thomas Mangani","Pos":"MF","Cmp":944.0,"Cmp%":79.0,"1\/3":90.0,"PPA":14.0,"CrsPA":4.0,"Prog":116.0},{"Player":"Faitout Maouassa","Pos":"DF","Cmp":722.0,"Cmp%":72.4,"1\/3":64.0,"PPA":19.0,"CrsPA":8.0,"Prog":68.0},{"Player":"Marcelo","Pos":"DF","Cmp":2067.0,"Cmp%":89.4,"1\/3":134.0,"PPA":5.0,"CrsPA":1.0,"Prog":151.0},{"Player":"Jordan Marié","Pos":"MF","Cmp":693.0,"Cmp%":78.8,"1\/3":71.0,"PPA":11.0,"CrsPA":1.0,"Prog":78.0},{"Player":"Marquinhos","Pos":"DF","Cmp":2093.0,"Cmp%":92.4,"1\/3":174.0,"PPA":11.0,"CrsPA":0.0,"Prog":144.0},{"Player":"Jonas Martin","Pos":"MF","Cmp":1334.0,"Cmp%":87.3,"1\/3":120.0,"PPA":18.0,"CrsPA":4.0,"Prog":117.0},{"Player":"Pablo Martinez","Pos":"DF","Cmp":1343.0,"Cmp%":84.0,"1\/3":127.0,"PPA":6.0,"CrsPA":1.0,"Prog":124.0},{"Player":"Gelson Martins","Pos":"FW","Cmp":390.0,"Cmp%":73.3,"1\/3":25.0,"PPA":22.0,"CrsPA":9.0,"Prog":50.0},{"Player":"Eric Maxim Choupo-Moting","Pos":"FW","Cmp":187.0,"Cmp%":81.3,"1\/3":10.0,"PPA":9.0,"CrsPA":1.0,"Prog":22.0},{"Player":"Farid El Melali","Pos":"MF","Cmp":104.0,"Cmp%":75.4,"1\/3":10.0,"PPA":4.0,"CrsPA":1.0,"Prog":13.0},{"Player":"Pedro Mendes","Pos":"DF","Cmp":1090.0,"Cmp%":82.5,"1\/3":100.0,"PPA":8.0,"CrsPA":2.0,"Prog":80.0},{"Player":"Thiago Mendes","Pos":"MF","Cmp":1775.0,"Cmp%":81.9,"1\/3":231.0,"PPA":19.0,"CrsPA":3.0,"Prog":212.0},{"Player":"Alexandre Mendy","Pos":"FW","Cmp":93.0,"Cmp%":75.0,"1\/3":5.0,"PPA":1.0,"CrsPA":0.0,"Prog":6.0},{"Player":"Edouard Mendy","Pos":"GK","Cmp":704.0,"Cmp%":62.3,"1\/3":32.0,"PPA":1.0,"CrsPA":1.0,"Prog":1.0},{"Player":"Ferland Mendy","Pos":"DF","Cmp":1641.0,"Cmp%":83.7,"1\/3":128.0,"PPA":31.0,"CrsPA":11.0,"Prog":150.0},{"Player":"Thomas Meunier","Pos":"DF","Cmp":824.0,"Cmp%":83.7,"1\/3":59.0,"PPA":24.0,"CrsPA":7.0,"Prog":94.0},{"Player":"Mexer","Pos":"DF","Cmp":1118.0,"Cmp%":89.3,"1\/3":23.0,"PPA":0.0,"CrsPA":0.0,"Prog":29.0},{"Player":"Stefan Mitrovic","Pos":"DF","Cmp":1269.0,"Cmp%":92.0,"1\/3":33.0,"PPA":0.0,"CrsPA":0.0,"Prog":42.0},{"Player":"Florent Mollet","Pos":"MF","Cmp":1174.0,"Cmp%":78.5,"1\/3":102.0,"PPA":24.0,"CrsPA":5.0,"Prog":117.0},{"Player":"Thomas Monconduit","Pos":"MF","Cmp":1180.0,"Cmp%":78.0,"1\/3":163.0,"PPA":15.0,"CrsPA":1.0,"Prog":171.0},{"Player":"Kévin Monnet-Paquet","Pos":"MF","Cmp":547.0,"Cmp%":77.8,"1\/3":33.0,"PPA":14.0,"CrsPA":4.0,"Prog":45.0},{"Player":"Lebo Mothiba","Pos":"FW","Cmp":343.0,"Cmp%":79.0,"1\/3":6.0,"PPA":5.0,"CrsPA":0.0,"Prog":14.0},{"Player":"Lebo Mothiba","Pos":"FW","Cmp":40.0,"Cmp%":81.6,"1\/3":3.0,"PPA":0.0,"CrsPA":0.0,"Prog":1.0},{"Player":"François Moubandje","Pos":"DF","Cmp":772.0,"Cmp%":76.1,"1\/3":46.0,"PPA":10.0,"CrsPA":7.0,"Prog":66.0},{"Player":"Samuel Moutoussamy","Pos":"MF","Cmp":530.0,"Cmp%":79.9,"1\/3":51.0,"PPA":12.0,"CrsPA":1.0,"Prog":46.0},{"Player":"Cheikh Ndoye","Pos":"MF","Cmp":547.0,"Cmp%":62.4,"1\/3":60.0,"PPA":10.0,"CrsPA":2.0,"Prog":86.0},{"Player":"Neymar","Pos":"MF","Cmp":829.0,"Cmp%":78.6,"1\/3":137.0,"PPA":67.0,"CrsPA":1.0,"Prog":179.0},{"Player":"Casimir Ninga","Pos":"FW","Cmp":422.0,"Cmp%":73.5,"1\/3":14.0,"PPA":15.0,"CrsPA":8.0,"Prog":30.0},{"Player":"Christopher Nkunku","Pos":"MF","Cmp":581.0,"Cmp%":89.4,"1\/3":36.0,"PPA":19.0,"CrsPA":2.0,"Prog":52.0},{"Player":"Arnaud Nordin","Pos":"FW","Cmp":264.0,"Cmp%":77.4,"1\/3":11.0,"PPA":11.0,"CrsPA":4.0,"Prog":19.0},{"Player":"Lucas Ocampos","Pos":"FW","Cmp":713.0,"Cmp%":75.1,"1\/3":33.0,"PPA":27.0,"CrsPA":11.0,"Prog":56.0},{"Player":"Sheyi Ojo","Pos":"FW","Cmp":66.0,"Cmp%":62.3,"1\/3":4.0,"PPA":4.0,"CrsPA":2.0,"Prog":6.0},{"Player":"Prince Oniangué","Pos":"MF","Cmp":813.0,"Cmp%":81.5,"1\/3":79.0,"PPA":6.0,"CrsPA":1.0,"Prog":83.0},{"Player":"Otávio","Pos":"MF","Cmp":1699.0,"Cmp%":89.4,"1\/3":109.0,"PPA":9.0,"CrsPA":1.0,"Prog":118.0},{"Player":"Remi Oudin","Pos":"FW","Cmp":493.0,"Cmp%":58.3,"1\/3":45.0,"PPA":11.0,"CrsPA":2.0,"Prog":56.0},{"Player":"Ambroise Oyongo","Pos":"DF","Cmp":772.0,"Cmp%":69.7,"1\/3":44.0,"PPA":33.0,"CrsPA":14.0,"Prog":89.0},{"Player":"Pablo","Pos":"DF","Cmp":831.0,"Cmp%":83.4,"1\/3":25.0,"PPA":0.0,"CrsPA":0.0,"Prog":27.0},{"Player":"Sergi Palencia","Pos":"DF","Cmp":938.0,"Cmp%":79.3,"1\/3":57.0,"PPA":21.0,"CrsPA":12.0,"Prog":97.0},{"Player":"Nicolas Pallois","Pos":"DF","Cmp":796.0,"Cmp%":78.5,"1\/3":80.0,"PPA":2.0,"CrsPA":1.0,"Prog":74.0},{"Player":"Gaetan Paquiez","Pos":"DF","Cmp":506.0,"Cmp%":77.7,"1\/3":26.0,"PPA":5.0,"CrsPA":0.0,"Prog":42.0},{"Player":"Leandro Paredes","Pos":"MF","Cmp":1168.0,"Cmp%":89.6,"1\/3":113.0,"PPA":9.0,"CrsPA":0.0,"Prog":114.0},{"Player":"Mateo Pavlovic","Pos":"DF","Cmp":807.0,"Cmp%":87.3,"1\/3":18.0,"PPA":2.0,"CrsPA":0.0,"Prog":28.0},{"Player":"Dimitri Payet","Pos":"MF","Cmp":840.0,"Cmp%":69.2,"1\/3":74.0,"PPA":47.0,"CrsPA":18.0,"Prog":100.0},{"Player":"Nicolas Pepe","Pos":"FW","Cmp":997.0,"Cmp%":76.7,"1\/3":87.0,"PPA":46.0,"CrsPA":4.0,"Prog":115.0},{"Player":"Loic Perrin","Pos":"DF","Cmp":1381.0,"Cmp%":86.4,"1\/3":86.0,"PPA":11.0,"CrsPA":1.0,"Prog":88.0},{"Player":"Lebogang Phiri","Pos":"MF","Cmp":891.0,"Cmp%":87.2,"1\/3":100.0,"PPA":7.0,"CrsPA":0.0,"Prog":90.0},{"Player":"Erik Pieters","Pos":"DF","Cmp":522.0,"Cmp%":72.0,"1\/3":44.0,"PPA":13.0,"CrsPA":6.0,"Prog":53.0},{"Player":"Jaroslav Plasil","Pos":"MF","Cmp":755.0,"Cmp%":83.7,"1\/3":77.0,"PPA":5.0,"CrsPA":0.0,"Prog":82.0},{"Player":"Pierre-Yves Polomat","Pos":"DF","Cmp":450.0,"Cmp%":80.1,"1\/3":31.0,"PPA":8.0,"CrsPA":4.0,"Prog":42.0},{"Player":"Maxime Poundje","Pos":"DF","Cmp":1132.0,"Cmp%":77.5,"1\/3":82.0,"PPA":30.0,"CrsPA":22.0,"Prog":105.0},{"Player":"Nicolas de Preville","Pos":"FW","Cmp":337.0,"Cmp%":66.9,"1\/3":31.0,"PPA":9.0,"CrsPA":1.0,"Prog":34.0},{"Player":"Nemanja Radonjic","Pos":"FW","Cmp":118.0,"Cmp%":66.7,"1\/3":11.0,"PPA":5.0,"CrsPA":3.0,"Prog":10.0},{"Player":"Rafael","Pos":"DF","Cmp":582.0,"Cmp%":79.2,"1\/3":55.0,"PPA":11.0,"CrsPA":7.0,"Prog":58.0},{"Player":"Adil Rami","Pos":"DF","Cmp":707.0,"Cmp%":83.9,"1\/3":39.0,"PPA":5.0,"CrsPA":0.0,"Prog":46.0},{"Player":"Pedro Rebocho","Pos":"DF","Cmp":1520.0,"Cmp%":72.6,"1\/3":122.0,"PPA":38.0,"CrsPA":25.0,"Prog":154.0},{"Player":"Jeff Reine-Adelaide","Pos":"FW","Cmp":943.0,"Cmp%":83.9,"1\/3":69.0,"PPA":34.0,"CrsPA":1.0,"Prog":94.0},{"Player":"Loïc Remy","Pos":"FW","Cmp":172.0,"Cmp%":77.8,"1\/3":10.0,"PPA":4.0,"CrsPA":0.0,"Prog":13.0},{"Player":"Baptiste Reynet","Pos":"GK","Cmp":695.0,"Cmp%":65.5,"1\/3":25.0,"PPA":2.0,"CrsPA":0.0,"Prog":1.0},{"Player":"Renaud Ripart","Pos":"FW","Cmp":854.0,"Cmp%":72.4,"1\/3":51.0,"PPA":21.0,"CrsPA":10.0,"Prog":72.0},{"Player":"Ronny Rodelin","Pos":"MF","Cmp":216.0,"Cmp%":70.6,"1\/3":27.0,"PPA":8.0,"CrsPA":1.0,"Prog":39.0},{"Player":"Valentin Rongier","Pos":"MF","Cmp":1596.0,"Cmp%":80.9,"1\/3":164.0,"PPA":42.0,"CrsPA":7.0,"Prog":192.0},{"Player":"Valentin Rosier","Pos":"DF","Cmp":708.0,"Cmp%":84.1,"1\/3":44.0,"PPA":12.0,"CrsPA":6.0,"Prog":45.0},{"Player":"Nolan Roux","Pos":"FW","Cmp":261.0,"Cmp%":68.5,"1\/3":14.0,"PPA":8.0,"CrsPA":1.0,"Prog":24.0},{"Player":"Stéphane Ruffier","Pos":"GK","Cmp":728.0,"Cmp%":61.9,"1\/3":3.0,"PPA":0.0,"CrsPA":0.0,"Prog":0.0},{"Player":"Youssouf Sabaly","Pos":"DF","Cmp":1026.0,"Cmp%":80.8,"1\/3":59.0,"PPA":24.0,"CrsPA":7.0,"Prog":84.0},{"Player":"Wesley Said","Pos":"FW","Cmp":436.0,"Cmp%":72.7,"1\/3":34.0,"PPA":33.0,"CrsPA":5.0,"Prog":61.0},{"Player":"Allan Saint-Maximin","Pos":"FW","Cmp":718.0,"Cmp%":74.1,"1\/3":46.0,"PPA":26.0,"CrsPA":14.0,"Prog":68.0},{"Player":"Hiroki Sakai","Pos":"DF","Cmp":1192.0,"Cmp%":80.9,"1\/3":84.0,"PPA":15.0,"CrsPA":11.0,"Prog":106.0},{"Player":"Emiliano Sala","Pos":"FW","Cmp":236.0,"Cmp%":65.2,"1\/3":13.0,"PPA":10.0,"CrsPA":1.0,"Prog":24.0},{"Player":"William Saliba","Pos":"DF","Cmp":583.0,"Cmp%":85.7,"1\/3":24.0,"PPA":3.0,"CrsPA":1.0,"Prog":26.0},{"Player":"Yannis Salibur","Pos":"FW","Cmp":235.0,"Cmp%":71.4,"1\/3":22.0,"PPA":15.0,"CrsPA":8.0,"Prog":25.0},{"Player":"Yannis Salibur","Pos":"FW","Cmp":1.0,"Cmp%":100.0,"1\/3":0.0,"PPA":0.0,"CrsPA":0.0,"Prog":0.0},{"Player":"Brice Samba","Pos":"GK","Cmp":747.0,"Cmp%":61.1,"1\/3":18.0,"PPA":1.0,"CrsPA":0.0,"Prog":0.0},{"Player":"Junior Sambia","Pos":"MF","Cmp":307.0,"Cmp%":73.8,"1\/3":30.0,"PPA":12.0,"CrsPA":8.0,"Prog":26.0},{"Player":"Ibrahim Sangare","Pos":"MF","Cmp":1241.0,"Cmp%":79.6,"1\/3":169.0,"PPA":28.0,"CrsPA":2.0,"Prog":191.0},{"Player":"Younousse Sankhare","Pos":"MF","Cmp":511.0,"Cmp%":77.3,"1\/3":57.0,"PPA":8.0,"CrsPA":0.0,"Prog":55.0},{"Player":"Baissama Sankoh","Pos":"MF","Cmp":159.0,"Cmp%":80.7,"1\/3":5.0,"PPA":0.0,"CrsPA":0.0,"Prog":12.0},{"Player":"Yaya Sanogo","Pos":"FW","Cmp":170.0,"Cmp%":66.4,"1\/3":6.0,"PPA":3.0,"CrsPA":0.0,"Prog":9.0},{"Player":"Morgan Sanson","Pos":"MF","Cmp":1121.0,"Cmp%":81.7,"1\/3":128.0,"PPA":32.0,"CrsPA":12.0,"Prog":115.0},{"Player":"Baptiste Santamaria","Pos":"MF","Cmp":1241.0,"Cmp%":81.0,"1\/3":106.0,"PPA":12.0,"CrsPA":3.0,"Prog":106.0},{"Player":"Bouna Sarr","Pos":"DF","Cmp":1184.0,"Cmp%":81.4,"1\/3":66.0,"PPA":30.0,"CrsPA":19.0,"Prog":75.0},{"Player":"Ismaila Sarr","Pos":"FW","Cmp":573.0,"Cmp%":74.3,"1\/3":52.0,"PPA":49.0,"CrsPA":9.0,"Prog":95.0},{"Player":"Malang Sarr","Pos":"DF","Cmp":1920.0,"Cmp%":88.8,"1\/3":92.0,"PPA":5.0,"CrsPA":3.0,"Prog":118.0},{"Player":"Téji Savanier","Pos":"MF","Cmp":1232.0,"Cmp%":65.7,"1\/3":200.0,"PPA":18.0,"CrsPA":5.0,"Prog":192.0},{"Player":"Ole Selnaes","Pos":"MF","Cmp":748.0,"Cmp%":80.8,"1\/3":79.0,"PPA":16.0,"CrsPA":1.0,"Prog":88.0},{"Player":"Matz Sels","Pos":"GK","Cmp":692.0,"Cmp%":61.8,"1\/3":17.0,"PPA":0.0,"CrsPA":0.0,"Prog":0.0},{"Player":"Gen Shoji","Pos":"DF","Cmp":614.0,"Cmp%":85.0,"1\/3":50.0,"PPA":5.0,"CrsPA":0.0,"Prog":64.0},{"Player":"Djibril Sidibe","Pos":"DF","Cmp":1061.0,"Cmp%":74.3,"1\/3":81.0,"PPA":35.0,"CrsPA":18.0,"Prog":133.0},{"Player":"Kalidou Sidibe","Pos":"MF","Cmp":440.0,"Cmp%":74.5,"1\/3":39.0,"PPA":3.0,"CrsPA":1.0,"Prog":47.0},{"Player":"Adrien Silva","Pos":"MF","Cmp":606.0,"Cmp%":83.5,"1\/3":75.0,"PPA":5.0,"CrsPA":0.0,"Prog":76.0},{"Player":"Gabriel Silva","Pos":"DF","Cmp":484.0,"Cmp%":77.2,"1\/3":22.0,"PPA":13.0,"CrsPA":4.0,"Prog":34.0},{"Player":"Thiago Silva","Pos":"DF","Cmp":1763.0,"Cmp%":93.8,"1\/3":171.0,"PPA":10.0,"CrsPA":0.0,"Prog":131.0},{"Player":"Ibrahima Sissoko","Pos":"MF","Cmp":1038.0,"Cmp%":81.5,"1\/3":120.0,"PPA":21.0,"CrsPA":6.0,"Prog":97.0},{"Player":"Ellyes Skhiri","Pos":"MF","Cmp":1461.0,"Cmp%":86.8,"1\/3":110.0,"PPA":23.0,"CrsPA":4.0,"Prog":124.0},{"Player":"Petar Skuletic","Pos":"FW","Cmp":116.0,"Cmp%":69.0,"1\/3":7.0,"PPA":2.0,"CrsPA":0.0,"Prog":9.0},{"Player":"Naim Sliti","Pos":"MF","Cmp":668.0,"Cmp%":69.7,"1\/3":67.0,"PPA":41.0,"CrsPA":5.0,"Prog":102.0},{"Player":"Jérémy Sorbon","Pos":"DF","Cmp":859.0,"Cmp%":85.5,"1\/3":53.0,"PPA":1.0,"CrsPA":0.0,"Prog":58.0},{"Player":"Adama Soumaoro","Pos":"DF","Cmp":862.0,"Cmp%":93.1,"1\/3":12.0,"PPA":1.0,"CrsPA":0.0,"Prog":19.0},{"Player":"Boubakary Soumare","Pos":"MF","Cmp":316.0,"Cmp%":88.0,"1\/3":45.0,"PPA":4.0,"CrsPA":1.0,"Prog":34.0},{"Player":"Bassem Srarfi","Pos":"FW","Cmp":262.0,"Cmp%":78.9,"1\/3":13.0,"PPA":7.0,"CrsPA":2.0,"Prog":20.0},{"Player":"Kevin Strootman","Pos":"MF","Cmp":957.0,"Cmp%":80.4,"1\/3":92.0,"PPA":14.0,"CrsPA":1.0,"Prog":101.0},{"Player":"Neven Subotic","Pos":"DF","Cmp":960.0,"Cmp%":83.7,"1\/3":40.0,"PPA":3.0,"CrsPA":0.0,"Prog":41.0},{"Player":"Issiaga Sylla","Pos":"DF","Cmp":860.0,"Cmp%":75.8,"1\/3":52.0,"PPA":14.0,"CrsPA":8.0,"Prog":87.0},{"Player":"Moussa Sylla","Pos":"FW","Cmp":114.0,"Cmp%":64.8,"1\/3":2.0,"PPA":2.0,"CrsPA":0.0,"Prog":9.0},{"Player":"Flavien Tait","Pos":"MF","Cmp":1139.0,"Cmp%":73.0,"1\/3":102.0,"PPA":46.0,"CrsPA":13.0,"Prog":140.0},{"Player":"Adrien Tameze","Pos":"MF","Cmp":1659.0,"Cmp%":88.8,"1\/3":124.0,"PPA":14.0,"CrsPA":3.0,"Prog":118.0},{"Player":"Ciprian Tatarusanu","Pos":"GK","Cmp":580.0,"Cmp%":70.0,"1\/3":3.0,"PPA":1.0,"CrsPA":1.0,"Prog":0.0},{"Player":"Júlio Tavares","Pos":"FW","Cmp":450.0,"Cmp%":61.6,"1\/3":25.0,"PPA":13.0,"CrsPA":2.0,"Prog":43.0},{"Player":"Malik Tchokounte","Pos":"FW","Cmp":310.0,"Cmp%":67.2,"1\/3":17.0,"PPA":2.0,"CrsPA":0.0,"Prog":19.0},{"Player":"Martin Terrier","Pos":"FW","Cmp":449.0,"Cmp%":82.1,"1\/3":32.0,"PPA":21.0,"CrsPA":3.0,"Prog":62.0},{"Player":"Florian Thauvin","Pos":"FW","Cmp":921.0,"Cmp%":73.7,"1\/3":77.0,"PPA":43.0,"CrsPA":13.0,"Prog":96.0},{"Player":"Sada Thioub","Pos":"FW","Cmp":725.0,"Cmp%":73.4,"1\/3":62.0,"PPA":41.0,"CrsPA":16.0,"Prog":90.0},{"Player":"Romain Thomas","Pos":"DF","Cmp":1041.0,"Cmp%":85.7,"1\/3":52.0,"PPA":1.0,"CrsPA":0.0,"Prog":51.0},{"Player":"Adrien Thomasson","Pos":"MF","Cmp":908.0,"Cmp%":76.2,"1\/3":45.0,"PPA":33.0,"CrsPA":7.0,"Prog":76.0},{"Player":"Marcus Thuram","Pos":"FW","Cmp":609.0,"Cmp%":71.6,"1\/3":38.0,"PPA":22.0,"CrsPA":6.0,"Prog":64.0},{"Player":"Youri Tielemans","Pos":"MF","Cmp":752.0,"Cmp%":76.9,"1\/3":80.0,"PPA":16.0,"CrsPA":3.0,"Prog":125.0},{"Player":"Cheick Timite","Pos":"FW","Cmp":265.0,"Cmp%":75.3,"1\/3":16.0,"PPA":8.0,"CrsPA":2.0,"Prog":17.0},{"Player":"Abdoulaye Touré","Pos":"MF","Cmp":1126.0,"Cmp%":80.2,"1\/3":135.0,"PPA":19.0,"CrsPA":4.0,"Prog":130.0},{"Player":"Lucas Tousart","Pos":"MF","Cmp":870.0,"Cmp%":87.5,"1\/3":97.0,"PPA":9.0,"CrsPA":1.0,"Prog":68.0},{"Player":"Bertrand Traoré","Pos":"FW","Cmp":844.0,"Cmp%":80.5,"1\/3":58.0,"PPA":44.0,"CrsPA":8.0,"Prog":108.0},{"Player":"Cheick Traoré","Pos":"DF","Cmp":412.0,"Cmp%":60.3,"1\/3":28.0,"PPA":14.0,"CrsPA":8.0,"Prog":49.0},{"Player":"Hamari Traore","Pos":"DF","Cmp":1591.0,"Cmp%":82.1,"1\/3":127.0,"PPA":33.0,"CrsPA":17.0,"Prog":158.0},{"Player":"Ismael Traoré","Pos":"DF","Cmp":948.0,"Cmp%":85.0,"1\/3":70.0,"PPA":10.0,"CrsPA":1.0,"Prog":60.0},{"Player":"Theo Valls","Pos":"MF","Cmp":564.0,"Cmp%":77.5,"1\/3":59.0,"PPA":9.0,"CrsPA":2.0,"Prog":77.0},{"Player":"Marco Verratti","Pos":"MF","Cmp":1898.0,"Cmp%":90.9,"1\/3":239.0,"PPA":46.0,"CrsPA":0.0,"Prog":240.0},{"Player":"Carlos Vinicius","Pos":"FW","Cmp":56.0,"Cmp%":51.4,"1\/3":7.0,"PPA":4.0,"CrsPA":0.0,"Prog":8.0},{"Player":"Remi Walter","Pos":"MF","Cmp":462.0,"Cmp%":88.5,"1\/3":37.0,"PPA":1.0,"CrsPA":1.0,"Prog":29.0},{"Player":"Xeka","Pos":"MF","Cmp":996.0,"Cmp%":80.8,"1\/3":106.0,"PPA":12.0,"CrsPA":0.0,"Prog":106.0},{"Player":"Cédric Yambéré","Pos":"DF","Cmp":1012.0,"Cmp%":83.0,"1\/3":59.0,"PPA":6.0,"CrsPA":0.0,"Prog":59.0},{"Player":"Mehdi Zeffane","Pos":"DF","Cmp":649.0,"Cmp%":83.1,"1\/3":38.0,"PPA":12.0,"CrsPA":4.0,"Prog":52.0},{"Player":"Arbër Zeneli","Pos":"FW","Cmp":216.0,"Cmp%":74.0,"1\/3":13.0,"PPA":17.0,"CrsPA":3.0,"Prog":33.0},{"Player":"Kévin Zohi","Pos":"FW","Cmp":141.0,"Cmp%":73.4,"1\/3":9.0,"PPA":6.0,"CrsPA":3.0,"Prog":20.0},{"Player":"Bongani Zungu","Pos":"MF","Cmp":"100","Cmp%":"83.3","1\/3":"11","PPA":"0","CrsPA":"0","Prog":"9"}]