[{"Player":"Ignazio Abate","Pos":"DF","Cmp":766.0,"Cmp%":83.4,"1\/3":73.0,"PPA":13.0,"CrsPA":4.0,"Prog":77.0},{"Player":"Francesco Acerbi","Pos":"DF","Cmp":1554.0,"Cmp%":87.0,"1\/3":112.0,"PPA":6.0,"CrsPA":2.0,"Prog":94.0},{"Player":"Afriyie Acquah","Pos":"MF","Cmp":591.0,"Cmp%":80.4,"1\/3":64.0,"PPA":14.0,"CrsPA":3.0,"Prog":60.0},{"Player":"Ola Aina","Pos":"DF","Cmp":845.0,"Cmp%":72.8,"1\/3":52.0,"PPA":31.0,"CrsPA":14.0,"Prog":89.0},{"Player":"Luis Alberto","Pos":"MF","Cmp":1121.0,"Cmp%":75.8,"1\/3":141.0,"PPA":62.0,"CrsPA":8.0,"Prog":191.0},{"Player":"Raúl Albiol","Pos":"DF","Cmp":1000.0,"Cmp%":88.8,"1\/3":89.0,"PPA":4.0,"CrsPA":1.0,"Prog":59.0},{"Player":"Allan","Pos":"MF","Cmp":1981.0,"Cmp%":88.6,"1\/3":267.0,"PPA":37.0,"CrsPA":1.0,"Prog":198.0},{"Player":"Bruno Alves","Pos":"DF","Cmp":963.0,"Cmp%":80.0,"1\/3":63.0,"PPA":2.0,"CrsPA":2.0,"Prog":60.0},{"Player":"Joachim Andersen","Pos":"DF","Cmp":1816.0,"Cmp%":88.7,"1\/3":150.0,"PPA":6.0,"CrsPA":1.0,"Prog":137.0},{"Player":"Cristian Ansaldi","Pos":"DF","Cmp":579.0,"Cmp%":65.9,"1\/3":49.0,"PPA":48.0,"CrsPA":32.0,"Prog":89.0},{"Player":"Mirco Antenucci","Pos":"FW","Cmp":425.0,"Cmp%":75.5,"1\/3":26.0,"PPA":14.0,"CrsPA":3.0,"Prog":30.0},{"Player":"Lorenzo Ariaudo","Pos":"DF","Cmp":512.0,"Cmp%":84.2,"1\/3":27.0,"PPA":2.0,"CrsPA":0.0,"Prog":19.0},{"Player":"Kwadwo Asamoah","Pos":"DF","Cmp":1933.0,"Cmp%":87.2,"1\/3":174.0,"PPA":44.0,"CrsPA":14.0,"Prog":175.0},{"Player":"Emil Audero","Pos":"GK","Cmp":849.0,"Cmp%":73.3,"1\/3":3.0,"PPA":0.0,"CrsPA":0.0,"Prog":0.0},{"Player":"Khouma Babacar","Pos":"FW","Cmp":248.0,"Cmp%":81.8,"1\/3":4.0,"PPA":9.0,"CrsPA":2.0,"Prog":12.0},{"Player":"Milan Badelj","Pos":"MF","Cmp":736.0,"Cmp%":83.9,"1\/3":76.0,"PPA":12.0,"CrsPA":3.0,"Prog":77.0},{"Player":"Tiemoué Bakayoko","Pos":"MF","Cmp":1177.0,"Cmp%":87.0,"1\/3":119.0,"PPA":14.0,"CrsPA":2.0,"Prog":143.0},{"Player":"Keita","Pos":"FW","Cmp":259.0,"Cmp%":75.3,"1\/3":8.0,"PPA":16.0,"CrsPA":7.0,"Prog":16.0},{"Player":"Mattia Bani","Pos":"DF","Cmp":1008.0,"Cmp%":79.9,"1\/3":47.0,"PPA":4.0,"CrsPA":1.0,"Prog":54.0},{"Player":"Federico Barba","Pos":"DF","Cmp":1021.0,"Cmp%":78.0,"1\/3":74.0,"PPA":18.0,"CrsPA":8.0,"Prog":87.0},{"Player":"Francesco Vicari","Pos":"GK","Cmp":42.0,"Cmp%":56.8,"1\/3":0.0,"PPA":0.0,"CrsPA":0.0,"Prog":0.0},{"Player":"Nicolò Barella","Pos":"MF","Cmp":1532.0,"Cmp%":79.5,"1\/3":151.0,"PPA":52.0,"CrsPA":9.0,"Prog":158.0},{"Player":"Antonino Barillà","Pos":"MF","Cmp":604.0,"Cmp%":71.2,"1\/3":92.0,"PPA":14.0,"CrsPA":2.0,"Prog":88.0},{"Player":"Musa Barrow","Pos":"FW","Cmp":192.0,"Cmp%":77.4,"1\/3":11.0,"PPA":7.0,"CrsPA":0.0,"Prog":19.0},{"Player":"Daniele Baselli","Pos":"MF","Cmp":973.0,"Cmp%":78.2,"1\/3":90.0,"PPA":26.0,"CrsPA":9.0,"Prog":114.0},{"Player":"Alessandro Bastoni","Pos":"DF","Cmp":509.0,"Cmp%":83.4,"1\/3":36.0,"PPA":3.0,"CrsPA":0.0,"Prog":25.0},{"Player":"Bastos","Pos":"DF","Cmp":469.0,"Cmp%":85.3,"1\/3":39.0,"PPA":0.0,"CrsPA":0.0,"Prog":19.0},{"Player":"Andrea Beghetto","Pos":"DF","Cmp":696.0,"Cmp%":63.6,"1\/3":48.0,"PPA":54.0,"CrsPA":46.0,"Prog":72.0},{"Player":"Valon Behrami","Pos":"MF","Cmp":396.0,"Cmp%":80.5,"1\/3":20.0,"PPA":0.0,"CrsPA":0.0,"Prog":25.0},{"Player":"Andrea Belotti","Pos":"FW","Cmp":529.0,"Cmp%":65.4,"1\/3":42.0,"PPA":25.0,"CrsPA":2.0,"Prog":69.0},{"Player":"Marco Benassi","Pos":"MF","Cmp":632.0,"Cmp%":75.5,"1\/3":74.0,"PPA":22.0,"CrsPA":11.0,"Prog":97.0},{"Player":"Ismael Bennacer","Pos":"MF","Cmp":1664.0,"Cmp%":83.3,"1\/3":163.0,"PPA":26.0,"CrsPA":1.0,"Prog":185.0},{"Player":"Rodrigo Bentancur","Pos":"MF","Cmp":1072.0,"Cmp%":86.5,"1\/3":110.0,"PPA":23.0,"CrsPA":7.0,"Prog":86.0},{"Player":"Domenico Berardi","Pos":"FW","Cmp":955.0,"Cmp%":71.6,"1\/3":71.0,"PPA":58.0,"CrsPA":10.0,"Prog":149.0},{"Player":"Alex Berenguer","Pos":"MF","Cmp":529.0,"Cmp%":70.3,"1\/3":18.0,"PPA":26.0,"CrsPA":6.0,"Prog":38.0},{"Player":"Bartosz Bereszynski","Pos":"DF","Cmp":1304.0,"Cmp%":82.2,"1\/3":94.0,"PPA":19.0,"CrsPA":6.0,"Prog":109.0},{"Player":"Etrit Berisha","Pos":"GK","Cmp":343.0,"Cmp%":72.1,"1\/3":1.0,"PPA":0.0,"CrsPA":0.0,"Prog":0.0},{"Player":"Federico Bernardeschi","Pos":"FW","Cmp":548.0,"Cmp%":76.9,"1\/3":37.0,"PPA":22.0,"CrsPA":8.0,"Prog":53.0},{"Player":"Daniel Bessa","Pos":"MF","Cmp":899.0,"Cmp%":81.3,"1\/3":68.0,"PPA":37.0,"CrsPA":7.0,"Prog":106.0},{"Player":"Jonathan Biabiany","Pos":"FW","Cmp":238.0,"Cmp%":73.2,"1\/3":5.0,"PPA":9.0,"CrsPA":3.0,"Prog":28.0},{"Player":"Lucas Biglia","Pos":"MF","Cmp":753.0,"Cmp%":91.3,"1\/3":69.0,"PPA":7.0,"CrsPA":2.0,"Prog":60.0},{"Player":"Cristiano Biraghi","Pos":"DF","Cmp":1379.0,"Cmp%":70.4,"1\/3":88.0,"PPA":59.0,"CrsPA":29.0,"Prog":150.0},{"Player":"Davide Biraschi","Pos":"DF","Cmp":849.0,"Cmp%":65.9,"1\/3":109.0,"PPA":18.0,"CrsPA":5.0,"Prog":90.0},{"Player":"Valter Birsa","Pos":"MF","Cmp":192.0,"Cmp%":78.7,"1\/3":16.0,"PPA":6.0,"CrsPA":2.0,"Prog":14.0},{"Player":"Valter Birsa","Pos":"MF","Cmp":408.0,"Cmp%":72.3,"1\/3":44.0,"PPA":18.0,"CrsPA":3.0,"Prog":58.0},{"Player":"Jeremie Boga","Pos":"FW","Cmp":419.0,"Cmp%":84.8,"1\/3":17.0,"PPA":11.0,"CrsPA":0.0,"Prog":22.0},{"Player":"Kevin Bonifazi","Pos":"DF","Cmp":1076.0,"Cmp%":88.1,"1\/3":89.0,"PPA":10.0,"CrsPA":2.0,"Prog":62.0},{"Player":"Leonardo Bonucci","Pos":"DF","Cmp":1399.0,"Cmp%":86.9,"1\/3":142.0,"PPA":17.0,"CrsPA":1.0,"Prog":88.0},{"Player":"Fabio Borini","Pos":"FW","Cmp":263.0,"Cmp%":69.0,"1\/3":15.0,"PPA":7.0,"CrsPA":2.0,"Prog":23.0},{"Player":"Mehdi Bourabia","Pos":"MF","Cmp":888.0,"Cmp%":81.8,"1\/3":74.0,"PPA":13.0,"CrsPA":3.0,"Prog":67.0},{"Player":"Filip Bradaric","Pos":"MF","Cmp":883.0,"Cmp%":84.7,"1\/3":82.0,"PPA":24.0,"CrsPA":2.0,"Prog":94.0},{"Player":"Marcelo Brozovic","Pos":"MF","Cmp":2301.0,"Cmp%":86.9,"1\/3":296.0,"PPA":46.0,"CrsPA":12.0,"Prog":251.0},{"Player":"Felipe Caicedo","Pos":"FW","Cmp":277.0,"Cmp%":75.5,"1\/3":19.0,"PPA":13.0,"CrsPA":0.0,"Prog":30.0},{"Player":"Arturo Calabresi","Pos":"DF","Cmp":577.0,"Cmp%":79.8,"1\/3":53.0,"PPA":10.0,"CrsPA":6.0,"Prog":51.0},{"Player":"Davide Calabria","Pos":"DF","Cmp":1194.0,"Cmp%":80.9,"1\/3":114.0,"PPA":21.0,"CrsPA":14.0,"Prog":107.0},{"Player":"Hakan Calhanoglu","Pos":"FW","Cmp":1507.0,"Cmp%":79.9,"1\/3":139.0,"PPA":45.0,"CrsPA":3.0,"Prog":173.0},{"Player":"José Callejón","Pos":"MF","Cmp":1369.0,"Cmp%":81.3,"1\/3":76.0,"PPA":55.0,"CrsPA":23.0,"Prog":112.0},{"Player":"Joel Campbell","Pos":"FW","Cmp":193.0,"Cmp%":71.5,"1\/3":15.0,"PPA":6.0,"CrsPA":2.0,"Prog":17.0},{"Player":"Emre Can","Pos":"MF","Cmp":890.0,"Cmp%":86.7,"1\/3":67.0,"PPA":14.0,"CrsPA":2.0,"Prog":66.0},{"Player":"João Cancelo","Pos":"DF","Cmp":1261.0,"Cmp%":82.6,"1\/3":92.0,"PPA":46.0,"CrsPA":22.0,"Prog":127.0},{"Player":"Antonio Candreva","Pos":"FW","Cmp":210.0,"Cmp%":69.5,"1\/3":8.0,"PPA":13.0,"CrsPA":8.0,"Prog":25.0},{"Player":"Gianluca Caprari","Pos":"FW","Cmp":342.0,"Cmp%":77.7,"1\/3":13.0,"PPA":14.0,"CrsPA":3.0,"Prog":27.0},{"Player":"Marco Capuano","Pos":"DF","Cmp":973.0,"Cmp%":83.0,"1\/3":50.0,"PPA":5.0,"CrsPA":1.0,"Prog":66.0},{"Player":"Francesco Caputo","Pos":"FW","Cmp":712.0,"Cmp%":77.3,"1\/3":17.0,"PPA":24.0,"CrsPA":3.0,"Prog":40.0},{"Player":"Francesco Cassata","Pos":"MF","Cmp":270.0,"Cmp%":76.7,"1\/3":26.0,"PPA":9.0,"CrsPA":2.0,"Prog":31.0},{"Player":"Timothy Castagne","Pos":"DF","Cmp":1043.0,"Cmp%":83.4,"1\/3":48.0,"PPA":19.0,"CrsPA":11.0,"Prog":91.0},{"Player":"Samu Castillejo","Pos":"FW","Cmp":409.0,"Cmp%":80.5,"1\/3":37.0,"PPA":13.0,"CrsPA":2.0,"Prog":33.0},{"Player":"Danilo","Pos":"MF","Cmp":307.0,"Cmp%":79.7,"1\/3":19.0,"PPA":12.0,"CrsPA":2.0,"Prog":35.0},{"Player":"Federico Ceccherini","Pos":"DF","Cmp":503.0,"Cmp%":86.6,"1\/3":34.0,"PPA":2.0,"CrsPA":1.0,"Prog":29.0},{"Player":"Luca Ceppitelli","Pos":"DF","Cmp":995.0,"Cmp%":83.9,"1\/3":58.0,"PPA":3.0,"CrsPA":0.0,"Prog":64.0},{"Player":"Fabio Ceravolo","Pos":"FW","Cmp":193.0,"Cmp%":72.3,"1\/3":9.0,"PPA":4.0,"CrsPA":0.0,"Prog":19.0},{"Player":"Alberto Cerri","Pos":"FW","Cmp":135.0,"Cmp%":62.5,"1\/3":6.0,"PPA":5.0,"CrsPA":0.0,"Prog":11.0},{"Player":"Raman Chibsah","Pos":"MF","Cmp":761.0,"Cmp%":80.9,"1\/3":64.0,"PPA":7.0,"CrsPA":2.0,"Prog":99.0},{"Player":"Giorgio Chiellini","Pos":"DF","Cmp":1147.0,"Cmp%":85.7,"1\/3":96.0,"PPA":5.0,"CrsPA":3.0,"Prog":73.0},{"Player":"Federico Chiesa","Pos":"FW","Cmp":673.0,"Cmp%":68.6,"1\/3":55.0,"PPA":50.0,"CrsPA":9.0,"Prog":116.0},{"Player":"Camillo Ciano","Pos":"FW","Cmp":602.0,"Cmp%":61.2,"1\/3":55.0,"PPA":37.0,"CrsPA":18.0,"Prog":72.0},{"Player":"Luca Cigarini","Pos":"MF","Cmp":1064.0,"Cmp%":77.9,"1\/3":119.0,"PPA":23.0,"CrsPA":4.0,"Prog":129.0},{"Player":"Daniel Ciofani","Pos":"FW","Cmp":234.0,"Cmp%":68.6,"1\/3":15.0,"PPA":5.0,"CrsPA":0.0,"Prog":13.0},{"Player":"Thiago Cionek","Pos":"DF","Cmp":1303.0,"Cmp%":79.6,"1\/3":116.0,"PPA":14.0,"CrsPA":7.0,"Prog":92.0},{"Player":"Omar Colley","Pos":"DF","Cmp":982.0,"Cmp%":88.5,"1\/3":42.0,"PPA":0.0,"CrsPA":0.0,"Prog":38.0},{"Player":"Andrea Consigli","Pos":"GK","Cmp":849.0,"Cmp%":72.4,"1\/3":10.0,"PPA":0.0,"CrsPA":0.0,"Prog":0.0},{"Player":"Andrea Consigli","Pos":"DF","Cmp":300.0,"Cmp%":83.1,"1\/3":18.0,"PPA":9.0,"CrsPA":6.0,"Prog":29.0},{"Player":"Joaquín Correa","Pos":"FW","Cmp":748.0,"Cmp%":84.7,"1\/3":52.0,"PPA":36.0,"CrsPA":0.0,"Prog":74.0},{"Player":"Douglas Costa","Pos":"FW","Cmp":271.0,"Cmp%":77.9,"1\/3":20.0,"PPA":17.0,"CrsPA":7.0,"Prog":33.0},{"Player":"Alessio Cragno","Pos":"GK","Cmp":813.0,"Cmp%":64.9,"1\/3":18.0,"PPA":1.0,"CrsPA":0.0,"Prog":0.0},{"Player":"Domenico Criscito","Pos":"DF","Cmp":1267.0,"Cmp%":72.2,"1\/3":158.0,"PPA":55.0,"CrsPA":15.0,"Prog":187.0},{"Player":"Bryan Cristante","Pos":"MF","Cmp":1085.0,"Cmp%":81.2,"1\/3":143.0,"PPA":22.0,"CrsPA":3.0,"Prog":159.0},{"Player":"Juan Cuadrado","Pos":"MF","Cmp":684.0,"Cmp%":84.3,"1\/3":56.0,"PPA":32.0,"CrsPA":12.0,"Prog":83.0},{"Player":"Patrick Cutrone","Pos":"FW","Cmp":241.0,"Cmp%":71.9,"1\/3":13.0,"PPA":3.0,"CrsPA":0.0,"Prog":14.0},{"Player":"Marco D&#039;Alessandro","Pos":"DF","Cmp":466.0,"Cmp%":70.1,"1\/3":28.0,"PPA":11.0,"CrsPA":6.0,"Prog":46.0},{"Player":"Danilo","Pos":"DF","Cmp":1615.0,"Cmp%":84.2,"1\/3":130.0,"PPA":33.0,"CrsPA":15.0,"Prog":135.0},{"Player":"Bryan Dabo","Pos":"MF","Cmp":342.0,"Cmp%":80.9,"1\/3":30.0,"PPA":8.0,"CrsPA":1.0,"Prog":45.0},{"Player":"Felipe","Pos":"DF","Cmp":1090.0,"Cmp%":85.4,"1\/3":65.0,"PPA":4.0,"CrsPA":1.0,"Prog":71.0},{"Player":"Sebastien De Maio","Pos":"DF","Cmp":207.0,"Cmp%":80.9,"1\/3":16.0,"PPA":3.0,"CrsPA":2.0,"Prog":16.0},{"Player":"Sebastien De Maio","Pos":"DF","Cmp":326.0,"Cmp%":79.9,"1\/3":14.0,"PPA":4.0,"CrsPA":2.0,"Prog":17.0},{"Player":"Rodrigo de Paul","Pos":"MF","Cmp":1295.0,"Cmp%":70.5,"1\/3":175.0,"PPA":80.0,"CrsPA":19.0,"Prog":235.0},{"Player":"Daniele De Rossi","Pos":"MF","Cmp":809.0,"Cmp%":87.6,"1\/3":115.0,"PPA":15.0,"CrsPA":0.0,"Prog":112.0},{"Player":"Mattia De Sciglio","Pos":"DF","Cmp":987.0,"Cmp%":83.6,"1\/3":68.0,"PPA":13.0,"CrsPA":8.0,"Prog":74.0},{"Player":"Lorenzo De Silvestri","Pos":"DF","Cmp":791.0,"Cmp%":64.8,"1\/3":54.0,"PPA":40.0,"CrsPA":27.0,"Prog":107.0},{"Player":"Gregoire Defrel","Pos":"FW","Cmp":672.0,"Cmp%":83.5,"1\/3":25.0,"PPA":23.0,"CrsPA":2.0,"Prog":40.0},{"Player":"Alessandro Deiola","Pos":"MF","Cmp":134.0,"Cmp%":74.0,"1\/3":7.0,"PPA":2.0,"CrsPA":0.0,"Prog":12.0},{"Player":"Alessandro Deiola","Pos":"MF","Cmp":123.0,"Cmp%":71.5,"1\/3":11.0,"PPA":1.0,"CrsPA":0.0,"Prog":13.0},{"Player":"Cristian Dell&#039;Orco","Pos":"DF","Cmp":458.0,"Cmp%":88.1,"1\/3":21.0,"PPA":1.0,"CrsPA":0.0,"Prog":25.0},{"Player":"Cristian Dell&#039;Orco","Pos":"DF","Cmp":50.0,"Cmp%":72.5,"1\/3":4.0,"PPA":3.0,"CrsPA":2.0,"Prog":8.0},{"Player":"Fabio Depaoli","Pos":"DF","Cmp":890.0,"Cmp%":72.5,"1\/3":56.0,"PPA":40.0,"CrsPA":23.0,"Prog":106.0},{"Player":"Daniel Bessa","Pos":"MF","Cmp":136.0,"Cmp%":73.9,"1\/3":11.0,"PPA":3.0,"CrsPA":1.0,"Prog":10.0},{"Player":"Mattia Destro","Pos":"FW","Cmp":49.0,"Cmp%":54.4,"1\/3":4.0,"PPA":1.0,"CrsPA":0.0,"Prog":6.0},{"Player":"Federico Di Francesco","Pos":"FW","Cmp":322.0,"Cmp%":81.7,"1\/3":11.0,"PPA":11.0,"CrsPA":1.0,"Prog":35.0},{"Player":"Giovanni Di Lorenzo","Pos":"DF","Cmp":1696.0,"Cmp%":77.2,"1\/3":160.0,"PPA":73.0,"CrsPA":17.0,"Prog":246.0},{"Player":"Mitchell Dijks","Pos":"DF","Cmp":722.0,"Cmp%":71.6,"1\/3":53.0,"PPA":20.0,"CrsPA":9.0,"Prog":99.0},{"Player":"Koffi Djidji","Pos":"DF","Cmp":497.0,"Cmp%":83.5,"1\/3":30.0,"PPA":2.0,"CrsPA":0.0,"Prog":32.0},{"Player":"Berat Gjimshiti","Pos":"DF","Cmp":930.0,"Cmp%":89.9,"1\/3":19.0,"PPA":2.0,"CrsPA":1.0,"Prog":25.0},{"Player":"Gianluigi Donnarumma","Pos":"GK","Cmp":958.0,"Cmp%":82.5,"1\/3":4.0,"PPA":0.0,"CrsPA":0.0,"Prog":0.0},{"Player":"Bartlomiej Dragowski","Pos":"GK","Cmp":72.0,"Cmp%":67.9,"1\/3":1.0,"PPA":0.0,"CrsPA":0.0,"Prog":0.0},{"Player":"Bartlomiej Dragowski","Pos":"GK","Cmp":319.0,"Cmp%":66.3,"1\/3":3.0,"PPA":0.0,"CrsPA":0.0,"Prog":0.0},{"Player":"Alfred Duncan","Pos":"MF","Cmp":690.0,"Cmp%":80.0,"1\/3":68.0,"PPA":29.0,"CrsPA":5.0,"Prog":92.0},{"Player":"Paulo Dybala","Pos":"FW","Cmp":1079.0,"Cmp%":84.2,"1\/3":100.0,"PPA":35.0,"CrsPA":4.0,"Prog":103.0},{"Player":"Edin Dzeko","Pos":"FW","Cmp":513.0,"Cmp%":69.6,"1\/3":66.0,"PPA":30.0,"CrsPA":3.0,"Prog":71.0},{"Player":"Blerim Dzemaili","Pos":"MF","Cmp":549.0,"Cmp%":77.3,"1\/3":54.0,"PPA":17.0,"CrsPA":0.0,"Prog":78.0},{"Player":"Albin Ekdal","Pos":"MF","Cmp":1457.0,"Cmp%":87.1,"1\/3":135.0,"PPA":7.0,"CrsPA":1.0,"Prog":126.0},{"Player":"Diego Falcinelli","Pos":"FW","Cmp":115.0,"Cmp%":76.2,"1\/3":7.0,"PPA":2.0,"CrsPA":1.0,"Prog":8.0},{"Player":"Iago Falque","Pos":"FW","Cmp":709.0,"Cmp%":77.3,"1\/3":49.0,"PPA":41.0,"CrsPA":8.0,"Prog":82.0},{"Player":"Paolo Faragò","Pos":"MF","Cmp":626.0,"Cmp%":72.5,"1\/3":37.0,"PPA":17.0,"CrsPA":7.0,"Prog":72.0},{"Player":"Mohamed Fares","Pos":"DF","Cmp":1132.0,"Cmp%":75.3,"1\/3":47.0,"PPA":37.0,"CrsPA":26.0,"Prog":104.0},{"Player":"Diego Farias","Pos":"FW","Cmp":266.0,"Cmp%":79.4,"1\/3":15.0,"PPA":22.0,"CrsPA":3.0,"Prog":32.0},{"Player":"Diego Farias","Pos":"FW","Cmp":188.0,"Cmp%":77.4,"1\/3":10.0,"PPA":9.0,"CrsPA":2.0,"Prog":18.0},{"Player":"Federico Fazio","Pos":"DF","Cmp":1210.0,"Cmp%":85.6,"1\/3":86.0,"PPA":3.0,"CrsPA":1.0,"Prog":89.0},{"Player":"Felipe","Pos":"DF","Cmp":589.0,"Cmp%":83.8,"1\/3":45.0,"PPA":6.0,"CrsPA":1.0,"Prog":37.0},{"Player":"Edimilson Fernandes","Pos":"MF","Cmp":750.0,"Cmp%":83.9,"1\/3":78.0,"PPA":13.0,"CrsPA":5.0,"Prog":83.0},{"Player":"Sergio Floccari","Pos":"FW","Cmp":187.0,"Cmp%":78.9,"1\/3":13.0,"PPA":3.0,"CrsPA":0.0,"Prog":10.0},{"Player":"Alessandro Florenzi","Pos":"DF","Cmp":1137.0,"Cmp%":77.3,"1\/3":108.0,"PPA":54.0,"CrsPA":25.0,"Prog":144.0},{"Player":"Seko Fofana","Pos":"MF","Cmp":976.0,"Cmp%":84.2,"1\/3":63.0,"PPA":22.0,"CrsPA":12.0,"Prog":59.0},{"Player":"Remo Freuler","Pos":"MF","Cmp":1987.0,"Cmp%":87.8,"1\/3":230.0,"PPA":43.0,"CrsPA":3.0,"Prog":210.0},{"Player":"Manolo Gabbiadini","Pos":"FW","Cmp":225.0,"Cmp%":71.4,"1\/3":12.0,"PPA":12.0,"CrsPA":2.0,"Prog":27.0},{"Player":"Roberto Gagliardini","Pos":"MF","Cmp":699.0,"Cmp%":87.6,"1\/3":85.0,"PPA":9.0,"CrsPA":1.0,"Prog":84.0},{"Player":"Riccardo Gagliolo","Pos":"DF","Cmp":1030.0,"Cmp%":74.9,"1\/3":79.0,"PPA":14.0,"CrsPA":4.0,"Prog":110.0},{"Player":"Marcello Gazzola","Pos":"DF","Cmp":248.0,"Cmp%":63.9,"1\/3":18.0,"PPA":8.0,"CrsPA":5.0,"Prog":34.0},{"Player":"Gerson","Pos":"MF","Cmp":934.0,"Cmp%":82.4,"1\/3":111.0,"PPA":28.0,"CrsPA":2.0,"Prog":101.0},{"Player":"Gervinho","Pos":"FW","Cmp":443.0,"Cmp%":82.5,"1\/3":30.0,"PPA":19.0,"CrsPA":1.0,"Prog":50.0},{"Player":"Faouzi Ghoulam","Pos":"DF","Cmp":811.0,"Cmp%":80.8,"1\/3":41.0,"PPA":20.0,"CrsPA":7.0,"Prog":64.0},{"Player":"Emanuele Giaccherini","Pos":"MF","Cmp":778.0,"Cmp%":71.4,"1\/3":65.0,"PPA":26.0,"CrsPA":9.0,"Prog":82.0},{"Player":"Massimo Gobbi","Pos":"DF","Cmp":469.0,"Cmp%":75.3,"1\/3":57.0,"PPA":12.0,"CrsPA":5.0,"Prog":58.0},{"Player":"Edoardo Goldaniga","Pos":"DF","Cmp":839.0,"Cmp%":72.2,"1\/3":78.0,"PPA":6.0,"CrsPA":4.0,"Prog":77.0},{"Player":"Pierluigi Gollini","Pos":"GK","Cmp":404.0,"Cmp%":68.9,"1\/3":5.0,"PPA":0.0,"CrsPA":0.0,"Prog":0.0},{"Player":"Alfred Gomis","Pos":"GK","Cmp":481.0,"Cmp%":70.5,"1\/3":5.0,"PPA":0.0,"CrsPA":0.0,"Prog":0.0},{"Player":"Robin Gosens","Pos":"DF","Cmp":936.0,"Cmp%":74.5,"1\/3":77.0,"PPA":34.0,"CrsPA":14.0,"Prog":156.0},{"Player":"Samir","Pos":"GK","Cmp":940.0,"Cmp%":81.7,"1\/3":2.0,"PPA":0.0,"CrsPA":0.0,"Prog":0.0},{"Player":"Hans Hateboer","Pos":"DF","Cmp":1547.0,"Cmp%":83.8,"1\/3":95.0,"PPA":40.0,"CrsPA":19.0,"Prog":121.0},{"Player":"Filip Helander","Pos":"DF","Cmp":603.0,"Cmp%":78.1,"1\/3":39.0,"PPA":4.0,"CrsPA":0.0,"Prog":46.0},{"Player":"Perparim Hetemaj","Pos":"MF","Cmp":756.0,"Cmp%":77.5,"1\/3":73.0,"PPA":20.0,"CrsPA":11.0,"Prog":62.0},{"Player":"Gonzalo Higuaín","Pos":"FW","Cmp":285.0,"Cmp%":82.8,"1\/3":21.0,"PPA":12.0,"CrsPA":1.0,"Prog":28.0},{"Player":"Oscar Hiljemark","Pos":"MF","Cmp":388.0,"Cmp%":76.5,"1\/3":28.0,"PPA":12.0,"CrsPA":3.0,"Prog":36.0},{"Player":"Vitor Hugo","Pos":"DF","Cmp":1115.0,"Cmp%":87.6,"1\/3":71.0,"PPA":4.0,"CrsPA":0.0,"Prog":76.0},{"Player":"Elseid Hysaj","Pos":"DF","Cmp":1535.0,"Cmp%":85.9,"1\/3":101.0,"PPA":18.0,"CrsPA":4.0,"Prog":119.0},{"Player":"Simone Iacoponi","Pos":"DF","Cmp":1039.0,"Cmp%":73.4,"1\/3":66.0,"PPA":7.0,"CrsPA":1.0,"Prog":78.0},{"Player":"Rogerio","Pos":"FW","Cmp":2.0,"Cmp%":100.0,"1\/3":0.0,"PPA":0.0,"CrsPA":0.0,"Prog":0.0},{"Player":"Mauro Icardi","Pos":"FW","Cmp":320.0,"Cmp%":71.1,"1\/3":26.0,"PPA":18.0,"CrsPA":4.0,"Prog":35.0},{"Player":"Josip Ilicic","Pos":"FW","Cmp":998.0,"Cmp%":77.1,"1\/3":78.0,"PPA":79.0,"CrsPA":6.0,"Prog":154.0},{"Player":"Ciro Immobile","Pos":"FW","Cmp":734.0,"Cmp%":76.0,"1\/3":40.0,"PPA":31.0,"CrsPA":3.0,"Prog":72.0},{"Player":"Roberto Inglese","Pos":"FW","Cmp":273.0,"Cmp%":66.6,"1\/3":11.0,"PPA":8.0,"CrsPA":3.0,"Prog":16.0},{"Player":"Lorenzo Insigne","Pos":"FW","Cmp":1111.0,"Cmp%":82.5,"1\/3":78.0,"PPA":41.0,"CrsPA":5.0,"Prog":111.0},{"Player":"Artur Ionita","Pos":"MF","Cmp":979.0,"Cmp%":82.8,"1\/3":73.0,"PPA":15.0,"CrsPA":5.0,"Prog":74.0},{"Player":"Armando Izzo","Pos":"DF","Cmp":1458.0,"Cmp%":77.8,"1\/3":142.0,"PPA":9.0,"CrsPA":2.0,"Prog":126.0},{"Player":"Sandro","Pos":"GK","Cmp":21.0,"Cmp%":67.7,"1\/3":1.0,"PPA":0.0,"CrsPA":0.0,"Prog":0.0},{"Player":"Jakub Jankto","Pos":"MF","Cmp":435.0,"Cmp%":77.7,"1\/3":39.0,"PPA":18.0,"CrsPA":6.0,"Prog":50.0},{"Player":"Pawel Jaroszynski","Pos":"DF","Cmp":566.0,"Cmp%":68.3,"1\/3":46.0,"PPA":21.0,"CrsPA":10.0,"Prog":64.0},{"Player":"Juan Jesus","Pos":"DF","Cmp":760.0,"Cmp%":91.3,"1\/3":32.0,"PPA":3.0,"CrsPA":0.0,"Prog":31.0},{"Player":"Hamed Junior Traore","Pos":"MF","Cmp":794.0,"Cmp%":78.5,"1\/3":87.0,"PPA":29.0,"CrsPA":1.0,"Prog":113.0},{"Player":"Franck Kessié","Pos":"MF","Cmp":1498.0,"Cmp%":86.1,"1\/3":136.0,"PPA":38.0,"CrsPA":5.0,"Prog":143.0},{"Player":"Samir","Pos":"MF","Cmp":306.0,"Cmp%":85.2,"1\/3":18.0,"PPA":4.0,"CrsPA":1.0,"Prog":17.0},{"Player":"Sofian Kiyine","Pos":"MF","Cmp":285.0,"Cmp%":77.4,"1\/3":24.0,"PPA":13.0,"CrsPA":6.0,"Prog":34.0},{"Player":"Ragnar Klavan","Pos":"DF","Cmp":512.0,"Cmp%":82.7,"1\/3":43.0,"PPA":6.0,"CrsPA":1.0,"Prog":39.0},{"Player":"Justin Kluivert","Pos":"FW","Cmp":351.0,"Cmp%":74.5,"1\/3":16.0,"PPA":19.0,"CrsPA":10.0,"Prog":33.0},{"Player":"Aleksandar Kolarov","Pos":"DF","Cmp":1624.0,"Cmp%":77.8,"1\/3":133.0,"PPA":55.0,"CrsPA":30.0,"Prog":209.0},{"Player":"Christian Kouamé","Pos":"FW","Cmp":641.0,"Cmp%":67.0,"1\/3":32.0,"PPA":28.0,"CrsPA":10.0,"Prog":58.0},{"Player":"Kalidou Koulibaly","Pos":"DF","Cmp":2242.0,"Cmp%":88.6,"1\/3":220.0,"PPA":6.0,"CrsPA":1.0,"Prog":176.0},{"Player":"Ladislav Krejci","Pos":"MF","Cmp":491.0,"Cmp%":81.4,"1\/3":25.0,"PPA":20.0,"CrsPA":6.0,"Prog":49.0},{"Player":"Rade Krunic","Pos":"MF","Cmp":1060.0,"Cmp%":79.0,"1\/3":119.0,"PPA":48.0,"CrsPA":3.0,"Prog":164.0},{"Player":"Juraj Kucka","Pos":"MF","Cmp":400.0,"Cmp%":68.7,"1\/3":45.0,"PPA":9.0,"CrsPA":5.0,"Prog":59.0},{"Player":"Jasmin Kurtic","Pos":"MF","Cmp":1104.0,"Cmp%":80.2,"1\/3":71.0,"PPA":14.0,"CrsPA":7.0,"Prog":84.0},{"Player":"Antonio La Gumina","Pos":"FW","Cmp":117.0,"Cmp%":80.7,"1\/3":3.0,"PPA":2.0,"CrsPA":0.0,"Prog":6.0},{"Player":"Alban Lafont","Pos":"GK","Cmp":673.0,"Cmp%":66.8,"1\/3":11.0,"PPA":2.0,"CrsPA":0.0,"Prog":0.0},{"Player":"Danilo","Pos":"DF","Cmp":1136.0,"Cmp%":77.4,"1\/3":113.0,"PPA":10.0,"CrsPA":1.0,"Prog":104.0},{"Player":"Kevin Lasagna","Pos":"FW","Cmp":324.0,"Cmp%":67.8,"1\/3":9.0,"PPA":7.0,"CrsPA":2.0,"Prog":22.0},{"Player":"Vincent Laurini","Pos":"DF","Cmp":449.0,"Cmp%":78.0,"1\/3":49.0,"PPA":14.0,"CrsPA":8.0,"Prog":58.0},{"Player":"Diego Laxalt","Pos":"DF","Cmp":294.0,"Cmp%":75.6,"1\/3":24.0,"PPA":9.0,"CrsPA":5.0,"Prog":19.0},{"Player":"Darko Lazovic","Pos":"MF","Cmp":753.0,"Cmp%":69.9,"1\/3":66.0,"PPA":40.0,"CrsPA":14.0,"Prog":124.0},{"Player":"Manuel Lazzari","Pos":"MF","Cmp":1102.0,"Cmp%":74.9,"1\/3":40.0,"PPA":67.0,"CrsPA":49.0,"Prog":70.0},{"Player":"Lucas Leiva","Pos":"MF","Cmp":1262.0,"Cmp%":87.3,"1\/3":158.0,"PPA":19.0,"CrsPA":1.0,"Prog":171.0},{"Player":"Mehdi Leris","Pos":"MF","Cmp":552.0,"Cmp%":74.5,"1\/3":36.0,"PPA":15.0,"CrsPA":6.0,"Prog":67.0},{"Player":"Karol Linetty","Pos":"MF","Cmp":1056.0,"Cmp%":82.9,"1\/3":80.0,"PPA":36.0,"CrsPA":6.0,"Prog":113.0},{"Player":"Pol Lirola","Pos":"DF","Cmp":1366.0,"Cmp%":77.2,"1\/3":82.0,"PPA":32.0,"CrsPA":22.0,"Prog":117.0},{"Player":"Manuel Locatelli","Pos":"MF","Cmp":1056.0,"Cmp%":85.6,"1\/3":94.0,"PPA":23.0,"CrsPA":1.0,"Prog":93.0},{"Player":"José Luis Palomino","Pos":"DF","Cmp":1158.0,"Cmp%":88.8,"1\/3":41.0,"PPA":2.0,"CrsPA":2.0,"Prog":44.0},{"Player":"Senad Lulic","Pos":"DF","Cmp":1250.0,"Cmp%":74.4,"1\/3":81.0,"PPA":63.0,"CrsPA":28.0,"Prog":143.0},{"Player":"Lyanco","Pos":"DF","Cmp":424.0,"Cmp%":83.0,"1\/3":29.0,"PPA":3.0,"CrsPA":0.0,"Prog":38.0},{"Player":"Lyanco","Pos":"DF","Cmp":19.0,"Cmp%":76.0,"1\/3":1.0,"PPA":0.0,"CrsPA":0.0,"Prog":1.0},{"Player":"Francesco Magnanelli","Pos":"MF","Cmp":1181.0,"Cmp%":88.8,"1\/3":118.0,"PPA":9.0,"CrsPA":0.0,"Prog":96.0},{"Player":"Giangiacomo Magnani","Pos":"DF","Cmp":784.0,"Cmp%":86.4,"1\/3":49.0,"PPA":1.0,"CrsPA":0.0,"Prog":34.0},{"Player":"Raffaele Maiello","Pos":"MF","Cmp":988.0,"Cmp%":79.7,"1\/3":75.0,"PPA":17.0,"CrsPA":3.0,"Prog":109.0},{"Player":"Domenico Maietta","Pos":"DF","Cmp":843.0,"Cmp%":85.3,"1\/3":87.0,"PPA":6.0,"CrsPA":1.0,"Prog":68.0},{"Player":"Nikola Maksimovic","Pos":"DF","Cmp":811.0,"Cmp%":91.5,"1\/3":43.0,"PPA":1.0,"CrsPA":0.0,"Prog":45.0},{"Player":"Kevin Malcuit","Pos":"DF","Cmp":1045.0,"Cmp%":82.6,"1\/3":44.0,"PPA":32.0,"CrsPA":16.0,"Prog":85.0},{"Player":"Gianluca Mancini","Pos":"DF","Cmp":1128.0,"Cmp%":83.6,"1\/3":85.0,"PPA":12.0,"CrsPA":1.0,"Prog":88.0},{"Player":"Rolando Mandragora","Pos":"MF","Cmp":991.0,"Cmp%":81.1,"1\/3":63.0,"PPA":18.0,"CrsPA":3.0,"Prog":83.0},{"Player":"Mario Mandzukic","Pos":"FW","Cmp":449.0,"Cmp%":72.9,"1\/3":22.0,"PPA":20.0,"CrsPA":7.0,"Prog":38.0},{"Player":"Kostas Manolas","Pos":"DF","Cmp":918.0,"Cmp%":88.2,"1\/3":43.0,"PPA":4.0,"CrsPA":1.0,"Prog":53.0},{"Player":"Gianmarco Ferrari","Pos":"DF","Cmp":1643.0,"Cmp%":86.7,"1\/3":142.0,"PPA":8.0,"CrsPA":0.0,"Prog":119.0},{"Player":"João Mário","Pos":"MF","Cmp":615.0,"Cmp%":82.8,"1\/3":49.0,"PPA":24.0,"CrsPA":8.0,"Prog":60.0},{"Player":"Marlon Santos","Pos":"DF","Cmp":993.0,"Cmp%":92.8,"1\/3":66.0,"PPA":4.0,"CrsPA":1.0,"Prog":61.0},{"Player":"Lautaro Martínez","Pos":"FW","Cmp":182.0,"Cmp%":69.2,"1\/3":17.0,"PPA":13.0,"CrsPA":3.0,"Prog":25.0},{"Player":"Adam Marusic","Pos":"DF","Cmp":803.0,"Cmp%":81.8,"1\/3":37.0,"PPA":23.0,"CrsPA":11.0,"Prog":70.0},{"Player":"Andrea Masiello","Pos":"DF","Cmp":1123.0,"Cmp%":87.9,"1\/3":86.0,"PPA":8.0,"CrsPA":0.0,"Prog":83.0},{"Player":"Alessandro Matri","Pos":"FW","Cmp":123.0,"Cmp%":77.4,"1\/3":7.0,"PPA":2.0,"CrsPA":0.0,"Prog":5.0},{"Player":"Federico Mattiello","Pos":"MF","Cmp":465.0,"Cmp%":73.0,"1\/3":38.0,"PPA":22.0,"CrsPA":20.0,"Prog":52.0},{"Player":"Blaise Matuidi","Pos":"MF","Cmp":1098.0,"Cmp%":86.7,"1\/3":115.0,"PPA":11.0,"CrsPA":2.0,"Prog":93.0},{"Player":"Ibrahima Mbaye","Pos":"DF","Cmp":768.0,"Cmp%":76.2,"1\/3":62.0,"PPA":7.0,"CrsPA":4.0,"Prog":60.0},{"Player":"Riccardo Meggiorini","Pos":"FW","Cmp":268.0,"Cmp%":62.8,"1\/3":15.0,"PPA":8.0,"CrsPA":4.0,"Prog":20.0},{"Player":"Soualiho Meité","Pos":"MF","Cmp":978.0,"Cmp%":83.7,"1\/3":98.0,"PPA":21.0,"CrsPA":5.0,"Prog":114.0},{"Player":"Dries Mertens","Pos":"FW","Cmp":677.0,"Cmp%":74.9,"1\/3":56.0,"PPA":41.0,"CrsPA":8.0,"Prog":89.0},{"Player":"Nikola Milenkovic","Pos":"DF","Cmp":1462.0,"Cmp%":80.3,"1\/3":106.0,"PPA":9.0,"CrsPA":1.0,"Prog":128.0},{"Player":"Arkadiusz Milik","Pos":"FW","Cmp":502.0,"Cmp%":82.7,"1\/3":22.0,"PPA":23.0,"CrsPA":2.0,"Prog":39.0},{"Player":"Sergej Milinkovic-Savic","Pos":"MF","Cmp":1149.0,"Cmp%":78.0,"1\/3":131.0,"PPA":51.0,"CrsPA":6.0,"Prog":162.0},{"Player":"Kevin Mirallas","Pos":"FW","Cmp":314.0,"Cmp%":71.2,"1\/3":30.0,"PPA":19.0,"CrsPA":6.0,"Prog":48.0},{"Player":"Simone Missiroli","Pos":"MF","Cmp":1279.0,"Cmp%":83.4,"1\/3":131.0,"PPA":23.0,"CrsPA":7.0,"Prog":135.0},{"Player":"Emiliano Moretti","Pos":"DF","Cmp":916.0,"Cmp%":86.2,"1\/3":85.0,"PPA":3.0,"CrsPA":1.0,"Prog":77.0},{"Player":"Alessandro Murgia","Pos":"MF","Cmp":437.0,"Cmp%":84.9,"1\/3":32.0,"PPA":3.0,"CrsPA":1.0,"Prog":29.0},{"Player":"Alessandro Murgia","Pos":"MF","Cmp":7.0,"Cmp%":100.0,"1\/3":0.0,"PPA":0.0,"CrsPA":0.0,"Prog":0.0},{"Player":"Luis Muriel","Pos":"FW","Cmp":259.0,"Cmp%":63.8,"1\/3":27.0,"PPA":14.0,"CrsPA":1.0,"Prog":41.0},{"Player":"Nicola Murru","Pos":"DF","Cmp":1493.0,"Cmp%":73.9,"1\/3":143.0,"PPA":35.0,"CrsPA":23.0,"Prog":201.0},{"Player":"Mateo Musacchio","Pos":"DF","Cmp":1570.0,"Cmp%":89.7,"1\/3":91.0,"PPA":6.0,"CrsPA":1.0,"Prog":75.0},{"Player":"Juan Musso","Pos":"GK","Cmp":509.0,"Cmp%":58.0,"1\/3":6.0,"PPA":0.0,"CrsPA":0.0,"Prog":0.0},{"Player":"Radja Nainggolan","Pos":"MF","Cmp":830.0,"Cmp%":81.9,"1\/3":67.0,"PPA":36.0,"CrsPA":6.0,"Prog":90.0},{"Player":"Bram Nuytinck","Pos":"DF","Cmp":723.0,"Cmp%":81.3,"1\/3":49.0,"PPA":7.0,"CrsPA":0.0,"Prog":45.0},{"Player":"Stefano Okaka","Pos":"FW","Cmp":167.0,"Cmp%":71.4,"1\/3":17.0,"PPA":5.0,"CrsPA":0.0,"Prog":17.0},{"Player":"Robin Olsen","Pos":"GK","Cmp":637.0,"Cmp%":75.3,"1\/3":4.0,"PPA":1.0,"CrsPA":0.0,"Prog":0.0},{"Player":"Riccardo Orsolini","Pos":"FW","Cmp":467.0,"Cmp%":61.1,"1\/3":40.0,"PPA":25.0,"CrsPA":13.0,"Prog":87.0},{"Player":"David Ospina","Pos":"GK","Cmp":348.0,"Cmp%":76.3,"1\/3":2.0,"PPA":0.0,"CrsPA":0.0,"Prog":0.0},{"Player":"Adam Ounas","Pos":"FW","Cmp":232.0,"Cmp%":79.7,"1\/3":12.0,"PPA":17.0,"CrsPA":0.0,"Prog":28.0},{"Player":"Simone Padoin","Pos":"DF","Cmp":811.0,"Cmp%":77.0,"1\/3":57.0,"PPA":21.0,"CrsPA":10.0,"Prog":86.0},{"Player":"Marko Pjaca","Pos":"DF","Cmp":285.0,"Cmp%":77.9,"1\/3":14.0,"PPA":8.0,"CrsPA":4.0,"Prog":26.0},{"Player":"Marko Pjaca","Pos":"DF","Cmp":37.0,"Cmp%":64.9,"1\/3":3.0,"PPA":1.0,"CrsPA":0.0,"Prog":5.0},{"Player":"Rodrigo Palacio","Pos":"FW","Cmp":579.0,"Cmp%":71.0,"1\/3":33.0,"PPA":28.0,"CrsPA":15.0,"Prog":59.0},{"Player":"Alberto Paloschi","Pos":"FW","Cmp":122.0,"Cmp%":75.3,"1\/3":7.0,"PPA":1.0,"CrsPA":0.0,"Prog":8.0},{"Player":"Goran Pandev","Pos":"FW","Cmp":277.0,"Cmp%":75.5,"1\/3":27.0,"PPA":22.0,"CrsPA":4.0,"Prog":41.0},{"Player":"Vittorio Parigini","Pos":"MF","Cmp":93.0,"Cmp%":64.1,"1\/3":7.0,"PPA":4.0,"CrsPA":4.0,"Prog":10.0},{"Player":"Marco Parolo","Pos":"MF","Cmp":829.0,"Cmp%":75.3,"1\/3":71.0,"PPA":29.0,"CrsPA":7.0,"Prog":106.0},{"Player":"Mario Pasalic","Pos":"MF","Cmp":830.0,"Cmp%":83.7,"1\/3":64.0,"PPA":14.0,"CrsPA":1.0,"Prog":63.0},{"Player":"Manuel Pasqual","Pos":"DF","Cmp":705.0,"Cmp%":67.5,"1\/3":89.0,"PPA":29.0,"CrsPA":18.0,"Prog":95.0},{"Player":"Patric","Pos":"DF","Cmp":580.0,"Cmp%":81.6,"1\/3":41.0,"PPA":13.0,"CrsPA":1.0,"Prog":66.0},{"Player":"Leonardo Pavoletti","Pos":"FW","Cmp":623.0,"Cmp%":71.1,"1\/3":35.0,"PPA":10.0,"CrsPA":0.0,"Prog":34.0},{"Player":"João Pedro","Pos":"FW","Cmp":589.0,"Cmp%":72.1,"1\/3":24.0,"PPA":20.0,"CrsPA":5.0,"Prog":43.0},{"Player":"Lorenzo Pellegrini","Pos":"MF","Cmp":735.0,"Cmp%":74.4,"1\/3":63.0,"PPA":29.0,"CrsPA":7.0,"Prog":85.0},{"Player":"Luca Pellegrini","Pos":"DF","Cmp":339.0,"Cmp%":67.0,"1\/3":20.0,"PPA":11.0,"CrsPA":7.0,"Prog":28.0},{"Player":"Luca Pellegrini","Pos":"DF","Cmp":102.0,"Cmp%":80.3,"1\/3":9.0,"PPA":3.0,"CrsPA":1.0,"Prog":10.0},{"Player":"Sergio Pellissier","Pos":"FW","Cmp":143.0,"Cmp%":73.0,"1\/3":6.0,"PPA":4.0,"CrsPA":1.0,"Prog":9.0},{"Player":"Federico Peluso","Pos":"DF","Cmp":716.0,"Cmp%":85.0,"1\/3":41.0,"PPA":3.0,"CrsPA":1.0,"Prog":36.0},{"Player":"Pedro Pereira","Pos":"DF","Cmp":482.0,"Cmp%":70.5,"1\/3":27.0,"PPA":15.0,"CrsPA":8.0,"Prog":57.0},{"Player":"Ivan Perisic","Pos":"FW","Cmp":964.0,"Cmp%":68.2,"1\/3":45.0,"PPA":51.0,"CrsPA":31.0,"Prog":99.0},{"Player":"Andrea Petagna","Pos":"FW","Cmp":590.0,"Cmp%":75.8,"1\/3":33.0,"PPA":18.0,"CrsPA":7.0,"Prog":46.0},{"Player":"Germán Pezzella","Pos":"DF","Cmp":1394.0,"Cmp%":85.2,"1\/3":61.0,"PPA":4.0,"CrsPA":0.0,"Prog":80.0},{"Player":"Krzysztof Piatek","Pos":"FW","Cmp":196.0,"Cmp%":77.8,"1\/3":7.0,"PPA":6.0,"CrsPA":1.0,"Prog":10.0},{"Player":"Krzysztof Piatek","Pos":"FW","Cmp":227.0,"Cmp%":70.7,"1\/3":17.0,"PPA":9.0,"CrsPA":0.0,"Prog":21.0},{"Player":"Andrea Pinamonti","Pos":"FW","Cmp":299.0,"Cmp%":72.9,"1\/3":15.0,"PPA":11.0,"CrsPA":4.0,"Prog":22.0},{"Player":"Fabio Pisacane","Pos":"DF","Cmp":958.0,"Cmp%":82.9,"1\/3":33.0,"PPA":1.0,"CrsPA":0.0,"Prog":42.0},{"Player":"Marko Pjaca","Pos":"FW","Cmp":176.0,"Cmp%":73.9,"1\/3":11.0,"PPA":8.0,"CrsPA":1.0,"Prog":19.0},{"Player":"Miralem Pjanic","Pos":"MF","Cmp":1826.0,"Cmp%":88.0,"1\/3":191.0,"PPA":33.0,"CrsPA":6.0,"Prog":160.0},{"Player":"Andrea Poli","Pos":"MF","Cmp":668.0,"Cmp%":87.3,"1\/3":75.0,"PPA":12.0,"CrsPA":2.0,"Prog":54.0},{"Player":"Matteo Politano","Pos":"FW","Cmp":1070.0,"Cmp%":72.5,"1\/3":66.0,"PPA":65.0,"CrsPA":19.0,"Prog":130.0},{"Player":"Dennis Praet","Pos":"MF","Cmp":1560.0,"Cmp%":83.1,"1\/3":137.0,"PPA":47.0,"CrsPA":14.0,"Prog":147.0},{"Player":"Ivan Provedel","Pos":"GK","Cmp":349.0,"Cmp%":72.6,"1\/3":6.0,"PPA":0.0,"CrsPA":0.0,"Prog":0.0},{"Player":"Erick Pulgar","Pos":"MF","Cmp":1248.0,"Cmp%":78.4,"1\/3":125.0,"PPA":20.0,"CrsPA":3.0,"Prog":143.0},{"Player":"Ignacio Pussetto","Pos":"FW","Cmp":503.0,"Cmp%":69.9,"1\/3":33.0,"PPA":16.0,"CrsPA":5.0,"Prog":53.0},{"Player":"Fabio Quagliarella","Pos":"FW","Cmp":627.0,"Cmp%":67.5,"1\/3":41.0,"PPA":31.0,"CrsPA":5.0,"Prog":63.0},{"Player":"Ivan Radovanovic","Pos":"MF","Cmp":563.0,"Cmp%":83.5,"1\/3":68.0,"PPA":9.0,"CrsPA":2.0,"Prog":55.0},{"Player":"Ivan Radovanovic","Pos":"MF","Cmp":872.0,"Cmp%":84.0,"1\/3":103.0,"PPA":5.0,"CrsPA":0.0,"Prog":97.0},{"Player":"Ionut Radu","Pos":"GK","Cmp":454.0,"Cmp%":47.3,"1\/3":34.0,"PPA":4.0,"CrsPA":0.0,"Prog":1.0},{"Player":"Stefan Radu","Pos":"DF","Cmp":1126.0,"Cmp%":84.3,"1\/3":116.0,"PPA":16.0,"CrsPA":8.0,"Prog":133.0},{"Player":"Gastón Ramírez","Pos":"MF","Cmp":657.0,"Cmp%":75.2,"1\/3":51.0,"PPA":27.0,"CrsPA":5.0,"Prog":62.0},{"Player":"Luca Rigoni","Pos":"MF","Cmp":432.0,"Cmp%":78.7,"1\/3":45.0,"PPA":7.0,"CrsPA":1.0,"Prog":57.0},{"Player":"Nicola Rigoni","Pos":"MF","Cmp":724.0,"Cmp%":80.1,"1\/3":102.0,"PPA":7.0,"CrsPA":1.0,"Prog":105.0},{"Player":"Tomás Rincón","Pos":"MF","Cmp":1074.0,"Cmp%":77.8,"1\/3":113.0,"PPA":24.0,"CrsPA":5.0,"Prog":113.0},{"Player":"Ricardo Rodríguez","Pos":"DF","Cmp":1819.0,"Cmp%":83.9,"1\/3":153.0,"PPA":37.0,"CrsPA":14.0,"Prog":150.0},{"Player":"Rogerio","Pos":"DF","Cmp":1394.0,"Cmp%":79.5,"1\/3":74.0,"PPA":24.0,"CrsPA":15.0,"Prog":94.0},{"Player":"Esteban Rolón","Pos":"MF","Cmp":281.0,"Cmp%":75.7,"1\/3":28.0,"PPA":5.0,"CrsPA":1.0,"Prog":32.0},{"Player":"Filippo Romagna","Pos":"DF","Cmp":589.0,"Cmp%":88.0,"1\/3":22.0,"PPA":1.0,"CrsPA":0.0,"Prog":31.0},{"Player":"Alessio Romagnoli","Pos":"DF","Cmp":1611.0,"Cmp%":91.7,"1\/3":63.0,"PPA":1.0,"CrsPA":1.0,"Prog":69.0},{"Player":"Cristian Romero","Pos":"DF","Cmp":667.0,"Cmp%":81.5,"1\/3":35.0,"PPA":1.0,"CrsPA":0.0,"Prog":41.0},{"Player":"Rômulo","Pos":"DF","Cmp":352.0,"Cmp%":82.4,"1\/3":12.0,"PPA":11.0,"CrsPA":8.0,"Prog":14.0},{"Player":"Rômulo","Pos":"MF","Cmp":494.0,"Cmp%":72.8,"1\/3":33.0,"PPA":16.0,"CrsPA":7.0,"Prog":55.0},{"Player":"Cristiano Ronaldo","Pos":"FW","Cmp":935.0,"Cmp%":82.2,"1\/3":51.0,"PPA":40.0,"CrsPA":13.0,"Prog":68.0},{"Player":"Marten de Roon","Pos":"MF","Cmp":1936.0,"Cmp%":87.5,"1\/3":236.0,"PPA":36.0,"CrsPA":7.0,"Prog":243.0},{"Player":"Luca Rossettini","Pos":"DF","Cmp":694.0,"Cmp%":83.7,"1\/3":26.0,"PPA":2.0,"CrsPA":0.0,"Prog":25.0},{"Player":"Daniele Rugani","Pos":"DF","Cmp":705.0,"Cmp%":90.3,"1\/3":35.0,"PPA":1.0,"CrsPA":0.0,"Prog":31.0},{"Player":"Mário Rui","Pos":"DF","Cmp":1045.0,"Cmp%":80.4,"1\/3":66.0,"PPA":37.0,"CrsPA":10.0,"Prog":130.0},{"Player":"Fabián","Pos":"MF","Cmp":1636.0,"Cmp%":89.0,"1\/3":192.0,"PPA":47.0,"CrsPA":7.0,"Prog":174.0},{"Player":"Jacopo Sala","Pos":"DF","Cmp":980.0,"Cmp%":83.6,"1\/3":89.0,"PPA":26.0,"CrsPA":11.0,"Prog":114.0},{"Player":"Bartosz Salamon","Pos":"DF","Cmp":625.0,"Cmp%":81.4,"1\/3":36.0,"PPA":8.0,"CrsPA":0.0,"Prog":32.0},{"Player":"Antonio Sanabria","Pos":"FW","Cmp":107.0,"Cmp%":73.3,"1\/3":8.0,"PPA":4.0,"CrsPA":0.0,"Prog":14.0},{"Player":"Sandro","Pos":"MF","Cmp":200.0,"Cmp%":82.6,"1\/3":17.0,"PPA":2.0,"CrsPA":0.0,"Prog":17.0},{"Player":"Sandro","Pos":"MF","Cmp":264.0,"Cmp%":81.2,"1\/3":23.0,"PPA":3.0,"CrsPA":0.0,"Prog":25.0},{"Player":"Alex Sandro","Pos":"DF","Cmp":1540.0,"Cmp%":80.6,"1\/3":106.0,"PPA":42.0,"CrsPA":15.0,"Prog":146.0},{"Player":"Nicola Sansone","Pos":"FW","Cmp":280.0,"Cmp%":72.5,"1\/3":19.0,"PPA":15.0,"CrsPA":2.0,"Prog":31.0},{"Player":"Federico Santander","Pos":"FW","Cmp":339.0,"Cmp%":59.5,"1\/3":19.0,"PPA":9.0,"CrsPA":2.0,"Prog":28.0},{"Player":"Davide Santon","Pos":"DF","Cmp":579.0,"Cmp%":83.0,"1\/3":42.0,"PPA":12.0,"CrsPA":5.0,"Prog":53.0},{"Player":"Samir","Pos":"DF","Cmp":645.0,"Cmp%":78.8,"1\/3":32.0,"PPA":4.0,"CrsPA":2.0,"Prog":45.0},{"Player":"Riccardo Saponara","Pos":"MF","Cmp":326.0,"Cmp%":69.4,"1\/3":44.0,"PPA":27.0,"CrsPA":2.0,"Prog":63.0},{"Player":"Marco Sau","Pos":"FW","Cmp":126.0,"Cmp%":84.0,"1\/3":4.0,"PPA":4.0,"CrsPA":0.0,"Prog":6.0},{"Player":"Marco Sau","Pos":"MF","Cmp":22.0,"Cmp%":81.5,"1\/3":3.0,"PPA":0.0,"CrsPA":0.0,"Prog":1.0},{"Player":"Pasquale Schiattarella","Pos":"MF","Cmp":1147.0,"Cmp%":84.2,"1\/3":85.0,"PPA":22.0,"CrsPA":4.0,"Prog":121.0},{"Player":"Patrik Schick","Pos":"FW","Cmp":207.0,"Cmp%":74.5,"1\/3":17.0,"PPA":2.0,"CrsPA":0.0,"Prog":14.0},{"Player":"Matteo Scozzarella","Pos":"MF","Cmp":527.0,"Cmp%":76.2,"1\/3":60.0,"PPA":8.0,"CrsPA":0.0,"Prog":45.0},{"Player":"Stefano Sensi","Pos":"MF","Cmp":1222.0,"Cmp%":84.2,"1\/3":144.0,"PPA":11.0,"CrsPA":2.0,"Prog":98.0},{"Player":"Luigi Sepe","Pos":"GK","Cmp":749.0,"Cmp%":62.3,"1\/3":15.0,"PPA":0.0,"CrsPA":0.0,"Prog":0.0},{"Player":"Stephan El Shaarawy","Pos":"FW","Cmp":699.0,"Cmp%":80.4,"1\/3":35.0,"PPA":39.0,"CrsPA":7.0,"Prog":80.0},{"Player":"Luca Siligardi","Pos":"FW","Cmp":334.0,"Cmp%":64.0,"1\/3":29.0,"PPA":14.0,"CrsPA":6.0,"Prog":45.0},{"Player":"Matías Silvestre","Pos":"DF","Cmp":1267.0,"Cmp%":85.4,"1\/3":76.0,"PPA":1.0,"CrsPA":0.0,"Prog":69.0},{"Player":"Giovanni Simeone","Pos":"FW","Cmp":248.0,"Cmp%":67.8,"1\/3":14.0,"PPA":14.0,"CrsPA":3.0,"Prog":22.0},{"Player":"Salvatore Sirigu","Pos":"GK","Cmp":703.0,"Cmp%":62.8,"1\/3":17.0,"PPA":0.0,"CrsPA":0.0,"Prog":1.0},{"Player":"Lukasz Skorupski","Pos":"GK","Cmp":764.0,"Cmp%":67.9,"1\/3":11.0,"PPA":0.0,"CrsPA":0.0,"Prog":0.0},{"Player":"Milan Skriniar","Pos":"DF","Cmp":2227.0,"Cmp%":92.8,"1\/3":129.0,"PPA":5.0,"CrsPA":1.0,"Prog":130.0},{"Player":"Danilo","Pos":"MF","Cmp":90.0,"Cmp%":71.4,"1\/3":6.0,"PPA":6.0,"CrsPA":3.0,"Prog":11.0},{"Player":"Roberto Soriano","Pos":"MF","Cmp":509.0,"Cmp%":80.4,"1\/3":37.0,"PPA":22.0,"CrsPA":2.0,"Prog":70.0},{"Player":"Roberto Soriano","Pos":"MF","Cmp":191.0,"Cmp%":81.3,"1\/3":13.0,"PPA":8.0,"CrsPA":1.0,"Prog":23.0},{"Player":"Stefano Sorrentino","Pos":"GK","Cmp":589.0,"Cmp%":65.8,"1\/3":4.0,"PPA":0.0,"CrsPA":0.0,"Prog":0.0},{"Player":"Marco Sportiello","Pos":"GK","Cmp":818.0,"Cmp%":66.6,"1\/3":10.0,"PPA":0.0,"CrsPA":0.0,"Prog":0.0},{"Player":"Mattia Sprocati","Pos":"FW","Cmp":148.0,"Cmp%":67.6,"1\/3":12.0,"PPA":11.0,"CrsPA":3.0,"Prog":28.0},{"Player":"Darijo Srna","Pos":"DF","Cmp":1248.0,"Cmp%":76.1,"1\/3":102.0,"PPA":47.0,"CrsPA":22.0,"Prog":161.0},{"Player":"Mariusz Stepinski","Pos":"FW","Cmp":438.0,"Cmp%":74.7,"1\/3":23.0,"PPA":12.0,"CrsPA":3.0,"Prog":24.0},{"Player":"Thomas Strakosha","Pos":"GK","Cmp":754.0,"Cmp%":69.8,"1\/3":20.0,"PPA":1.0,"CrsPA":0.0,"Prog":1.0},{"Player":"Jens Stryger Larsen","Pos":"DF","Cmp":1262.0,"Cmp%":76.5,"1\/3":132.0,"PPA":35.0,"CrsPA":14.0,"Prog":172.0},{"Player":"Leo Stulac","Pos":"MF","Cmp":564.0,"Cmp%":80.3,"1\/3":41.0,"PPA":5.0,"CrsPA":1.0,"Prog":47.0},{"Player":"Suso","Pos":"FW","Cmp":1327.0,"Cmp%":75.1,"1\/3":138.0,"PPA":112.0,"CrsPA":38.0,"Prog":234.0},{"Player":"Mattias Svanberg","Pos":"MF","Cmp":260.0,"Cmp%":75.1,"1\/3":15.0,"PPA":8.0,"CrsPA":1.0,"Prog":23.0},{"Player":"Wojciech Szczesny","Pos":"GK","Cmp":585.0,"Cmp%":80.0,"1\/3":4.0,"PPA":1.0,"CrsPA":0.0,"Prog":0.0},{"Player":"Lukasz Teodorczyk","Pos":"FW","Cmp":54.0,"Cmp%":62.1,"1\/3":3.0,"PPA":1.0,"CrsPA":0.0,"Prog":3.0},{"Player":"Rafael Toloi","Pos":"DF","Cmp":1061.0,"Cmp%":84.7,"1\/3":73.0,"PPA":11.0,"CrsPA":0.0,"Prog":97.0},{"Player":"Lorenzo Tonelli","Pos":"DF","Cmp":1072.0,"Cmp%":88.4,"1\/3":63.0,"PPA":4.0,"CrsPA":0.0,"Prog":91.0},{"Player":"William Troost-Ekong","Pos":"DF","Cmp":921.0,"Cmp%":82.4,"1\/3":45.0,"PPA":3.0,"CrsPA":1.0,"Prog":33.0},{"Player":"Cengiz Ünder","Pos":"FW","Cmp":417.0,"Cmp%":72.6,"1\/3":27.0,"PPA":29.0,"CrsPA":10.0,"Prog":59.0},{"Player":"Mirko Valdifiori","Pos":"MF","Cmp":447.0,"Cmp%":81.1,"1\/3":44.0,"PPA":7.0,"CrsPA":0.0,"Prog":46.0},{"Player":"Borja Valero","Pos":"MF","Cmp":1113.0,"Cmp%":92.3,"1\/3":113.0,"PPA":21.0,"CrsPA":3.0,"Prog":73.0},{"Player":"Mattia Valoti","Pos":"MF","Cmp":438.0,"Cmp%":80.7,"1\/3":40.0,"PPA":7.0,"CrsPA":2.0,"Prog":43.0},{"Player":"Luca Valzania","Pos":"MF","Cmp":208.0,"Cmp%":78.8,"1\/3":19.0,"PPA":5.0,"CrsPA":2.0,"Prog":19.0},{"Player":"Luca Valzania","Pos":"MF","Cmp":23.0,"Cmp%":82.1,"1\/3":1.0,"PPA":0.0,"CrsPA":0.0,"Prog":1.0},{"Player":"Matías Vecino","Pos":"MF","Cmp":951.0,"Cmp%":80.4,"1\/3":98.0,"PPA":16.0,"CrsPA":3.0,"Prog":99.0},{"Player":"Miguel Veloso","Pos":"MF","Cmp":464.0,"Cmp%":74.4,"1\/3":40.0,"PPA":16.0,"CrsPA":7.0,"Prog":63.0},{"Player":"Simone Verdi","Pos":"MF","Cmp":290.0,"Cmp%":79.5,"1\/3":22.0,"PPA":9.0,"CrsPA":1.0,"Prog":33.0},{"Player":"Jordan Veretout","Pos":"MF","Cmp":1518.0,"Cmp%":77.5,"1\/3":208.0,"PPA":28.0,"CrsPA":8.0,"Prog":232.0},{"Player":"Frederic Veseli","Pos":"DF","Cmp":1118.0,"Cmp%":84.3,"1\/3":67.0,"PPA":10.0,"CrsPA":3.0,"Prog":71.0},{"Player":"Francesco Vicari","Pos":"DF","Cmp":872.0,"Cmp%":88.3,"1\/3":35.0,"PPA":2.0,"CrsPA":0.0,"Prog":53.0},{"Player":"Emiliano Viviano","Pos":"GK","Cmp":408.0,"Cmp%":68.7,"1\/3":7.0,"PPA":0.0,"CrsPA":0.0,"Prog":0.0},{"Player":"Felipe","Pos":"FW","Cmp":7.0,"Cmp%":87.5,"1\/3":0.0,"PPA":0.0,"CrsPA":0.0,"Prog":0.0},{"Player":"Stefan de Vrij","Pos":"DF","Cmp":1520.0,"Cmp%":91.5,"1\/3":73.0,"PPA":3.0,"CrsPA":1.0,"Prog":61.0},{"Player":"Wallace","Pos":"DF","Cmp":633.0,"Cmp%":84.3,"1\/3":57.0,"PPA":3.0,"CrsPA":0.0,"Prog":53.0},{"Player":"Miha Zajc","Pos":"FW","Cmp":466.0,"Cmp%":78.2,"1\/3":52.0,"PPA":23.0,"CrsPA":3.0,"Prog":42.0},{"Player":"Francesco Zampano","Pos":"DF","Cmp":674.0,"Cmp%":71.4,"1\/3":34.0,"PPA":15.0,"CrsPA":8.0,"Prog":62.0},{"Player":"Nicolo Zaniolo","Pos":"MF","Cmp":451.0,"Cmp%":77.2,"1\/3":31.0,"PPA":11.0,"CrsPA":2.0,"Prog":34.0},{"Player":"Duván Zapata","Pos":"FW","Cmp":568.0,"Cmp%":77.1,"1\/3":20.0,"PPA":32.0,"CrsPA":6.0,"Prog":47.0},{"Player":"Simone Zaza","Pos":"FW","Cmp":186.0,"Cmp%":64.8,"1\/3":11.0,"PPA":4.0,"CrsPA":1.0,"Prog":10.0},{"Player":"Piotr Zielinski","Pos":"MF","Cmp":1802.0,"Cmp%":88.6,"1\/3":213.0,"PPA":38.0,"CrsPA":5.0,"Prog":187.0},{"Player":"Ervin Zukanovic","Pos":"DF","Cmp":848.0,"Cmp%":85.0,"1\/3":72.0,"PPA":9.0,"CrsPA":5.0,"Prog":58.0},{"Player":"Filip Đuričić","Pos":"FW,MF","Cmp":"474","Cmp%":"83.9","1\/3":"23","PPA":"16","CrsPA":"2","Prog":"39"}]