[{"Player":"David Abraham","Pos":"DF","Cmp":520.0,"Cmp%":77.5,"1\/3":58.0,"PPA":7.0,"CrsPA":3.0,"Prog":66.0},{"Player":"Manuel Akanji","Pos":"DF","Cmp":1698.0,"Cmp%":92.9,"1\/3":110.0,"PPA":4.0,"CrsPA":3.0,"Prog":93.0},{"Player":"Chadrac Akolo","Pos":"MF","Cmp":122.0,"Cmp%":76.3,"1\/3":4.0,"PPA":6.0,"CrsPA":2.0,"Prog":15.0},{"Player":"David Alaba","Pos":"DF","Cmp":1768.0,"Cmp%":82.7,"1\/3":162.0,"PPA":46.0,"CrsPA":24.0,"Prog":148.0},{"Player":"Lucas Alario","Pos":"FW","Cmp":304.0,"Cmp%":77.7,"1\/3":8.0,"PPA":8.0,"CrsPA":1.0,"Prog":20.0},{"Player":"Miiko Albornoz","Pos":"DF","Cmp":725.0,"Cmp%":74.6,"1\/3":55.0,"PPA":22.0,"CrsPA":8.0,"Prog":78.0},{"Player":"Paco Alcácer","Pos":"FW","Cmp":210.0,"Cmp%":76.6,"1\/3":10.0,"PPA":8.0,"CrsPA":0.0,"Prog":18.0},{"Player":"Thiago Alcántara","Pos":"MF","Cmp":2327.0,"Cmp%":90.4,"1\/3":276.0,"PPA":26.0,"CrsPA":0.0,"Prog":257.0},{"Player":"Waldemar Anton","Pos":"DF","Cmp":1434.0,"Cmp%":84.2,"1\/3":84.0,"PPA":1.0,"CrsPA":1.0,"Prog":81.0},{"Player":"Dennis Aogo","Pos":"MF","Cmp":465.0,"Cmp%":82.3,"1\/3":32.0,"PPA":5.0,"CrsPA":3.0,"Prog":30.0},{"Player":"Charles Aránguiz","Pos":"MF","Cmp":1449.0,"Cmp%":88.0,"1\/3":154.0,"PPA":28.0,"CrsPA":6.0,"Prog":181.0},{"Player":"Maximilian Arnold","Pos":"MF","Cmp":1105.0,"Cmp%":75.2,"1\/3":116.0,"PPA":31.0,"CrsPA":8.0,"Prog":134.0},{"Player":"Santiago Ascacibar","Pos":"MF","Cmp":923.0,"Cmp%":81.0,"1\/3":79.0,"PPA":10.0,"CrsPA":2.0,"Prog":89.0},{"Player":"Jean-Kevin Augustin","Pos":"FW","Cmp":65.0,"Cmp%":81.3,"1\/3":5.0,"PPA":2.0,"CrsPA":2.0,"Prog":4.0},{"Player":"Ludwig Augustinsson","Pos":"DF","Cmp":1559.0,"Cmp%":78.8,"1\/3":97.0,"PPA":43.0,"CrsPA":24.0,"Prog":155.0},{"Player":"Kaan Ayhan","Pos":"DF","Cmp":1265.0,"Cmp%":88.5,"1\/3":90.0,"PPA":6.0,"CrsPA":1.0,"Prog":78.0},{"Player":"Daniel Baier","Pos":"MF","Cmp":1226.0,"Cmp%":76.4,"1\/3":122.0,"PPA":16.0,"CrsPA":1.0,"Prog":164.0},{"Player":"Leon Bailey","Pos":"FW","Cmp":637.0,"Cmp%":66.3,"1\/3":38.0,"PPA":33.0,"CrsPA":17.0,"Prog":62.0},{"Player":"Marvin Bakalorz","Pos":"MF","Cmp":305.0,"Cmp%":75.1,"1\/3":21.0,"PPA":6.0,"CrsPA":1.0,"Prog":28.0},{"Player":"Philipp Bargfrede","Pos":"MF","Cmp":476.0,"Cmp%":82.1,"1\/3":75.0,"PPA":9.0,"CrsPA":1.0,"Prog":62.0},{"Player":"Robert Bauer","Pos":"DF","Cmp":594.0,"Cmp%":71.8,"1\/3":63.0,"PPA":8.0,"CrsPA":5.0,"Prog":63.0},{"Player":"Oliver Baumann","Pos":"GK","Cmp":1015.0,"Cmp%":78.7,"1\/3":23.0,"PPA":0.0,"CrsPA":0.0,"Prog":0.0},{"Player":"Timo Baumgartl","Pos":"DF","Cmp":717.0,"Cmp%":82.9,"1\/3":40.0,"PPA":5.0,"CrsPA":2.0,"Prog":40.0},{"Player":"Julian Baumgartlinger","Pos":"MF","Cmp":1249.0,"Cmp%":89.6,"1\/3":98.0,"PPA":11.0,"CrsPA":0.0,"Prog":94.0},{"Player":"Andreas Beck","Pos":"DF","Cmp":615.0,"Cmp%":70.9,"1\/3":48.0,"PPA":15.0,"CrsPA":9.0,"Prog":57.0},{"Player":"Hanno Behrens","Pos":"MF","Cmp":620.0,"Cmp%":68.2,"1\/3":45.0,"PPA":14.0,"CrsPA":1.0,"Prog":68.0},{"Player":"Ishak Belfodil","Pos":"FW","Cmp":326.0,"Cmp%":71.6,"1\/3":18.0,"PPA":9.0,"CrsPA":1.0,"Prog":31.0},{"Player":"Stefan Bell","Pos":"DF","Cmp":970.0,"Cmp%":80.0,"1\/3":125.0,"PPA":19.0,"CrsPA":3.0,"Prog":133.0},{"Player":"Karim Bellarabi","Pos":"FW","Cmp":342.0,"Cmp%":69.4,"1\/3":13.0,"PPA":32.0,"CrsPA":14.0,"Prog":48.0},{"Player":"Lars Bender","Pos":"DF","Cmp":785.0,"Cmp%":83.2,"1\/3":67.0,"PPA":11.0,"CrsPA":2.0,"Prog":84.0},{"Player":"Sven Bender","Pos":"DF","Cmp":1499.0,"Cmp%":91.0,"1\/3":60.0,"PPA":3.0,"CrsPA":0.0,"Prog":75.0},{"Player":"Nabil Bentaleb","Pos":"MF","Cmp":740.0,"Cmp%":77.2,"1\/3":72.0,"PPA":10.0,"CrsPA":1.0,"Prog":72.0},{"Player":"Leonardo Bittencourt","Pos":"MF","Cmp":363.0,"Cmp%":73.8,"1\/3":26.0,"PPA":16.0,"CrsPA":4.0,"Prog":41.0},{"Player":"Jérôme Boateng","Pos":"DF","Cmp":1431.0,"Cmp%":88.1,"1\/3":197.0,"PPA":16.0,"CrsPA":1.0,"Prog":157.0},{"Player":"Adam Bodzek","Pos":"MF","Cmp":586.0,"Cmp%":85.9,"1\/3":48.0,"PPA":4.0,"CrsPA":0.0,"Prog":45.0},{"Player":"Jean-Paul Boëtius","Pos":"MF","Cmp":680.0,"Cmp%":77.2,"1\/3":65.0,"PPA":29.0,"CrsPA":3.0,"Prog":102.0},{"Player":"Julian Brandt","Pos":"MF","Cmp":1453.0,"Cmp%":77.5,"1\/3":117.0,"PPA":63.0,"CrsPA":8.0,"Prog":191.0},{"Player":"Josip Brekalo","Pos":"FW","Cmp":421.0,"Cmp%":69.7,"1\/3":50.0,"PPA":25.0,"CrsPA":3.0,"Prog":83.0},{"Player":"John Brooks","Pos":"DF","Cmp":1491.0,"Cmp%":86.3,"1\/3":117.0,"PPA":4.0,"CrsPA":0.0,"Prog":132.0},{"Player":"Daniel Brosinski","Pos":"DF","Cmp":945.0,"Cmp%":70.4,"1\/3":73.0,"PPA":36.0,"CrsPA":21.0,"Prog":117.0},{"Player":"Jacob Bruun Larsen","Pos":"FW","Cmp":417.0,"Cmp%":77.9,"1\/3":9.0,"PPA":14.0,"CrsPA":0.0,"Prog":41.0},{"Player":"Guido Burgstaller","Pos":"FW","Cmp":195.0,"Cmp%":64.6,"1\/3":13.0,"PPA":9.0,"CrsPA":3.0,"Prog":17.0},{"Player":"Roman Bürki","Pos":"GK","Cmp":747.0,"Cmp%":70.1,"1\/3":11.0,"PPA":0.0,"CrsPA":0.0,"Prog":1.0},{"Player":"Daniel Caligiuri","Pos":"DF","Cmp":1144.0,"Cmp%":68.8,"1\/3":106.0,"PPA":52.0,"CrsPA":13.0,"Prog":182.0},{"Player":"Koen Casteels","Pos":"GK","Cmp":919.0,"Cmp%":77.2,"1\/3":12.0,"PPA":0.0,"CrsPA":0.0,"Prog":2.0},{"Player":"Gonzalo Castro","Pos":"MF","Cmp":688.0,"Cmp%":74.2,"1\/3":69.0,"PPA":15.0,"CrsPA":0.0,"Prog":78.0},{"Player":"Kingsley Coman","Pos":"FW","Cmp":545.0,"Cmp%":79.6,"1\/3":16.0,"PPA":36.0,"CrsPA":12.0,"Prog":43.0},{"Player":"Sergio Córdova","Pos":"FW","Cmp":101.0,"Cmp%":76.5,"1\/3":7.0,"PPA":3.0,"CrsPA":0.0,"Prog":10.0},{"Player":"Danny da Costa","Pos":"DF","Cmp":868.0,"Cmp%":63.5,"1\/3":67.0,"PPA":39.0,"CrsPA":20.0,"Prog":119.0},{"Player":"Matheus Cunha","Pos":"FW","Cmp":161.0,"Cmp%":68.5,"1\/3":15.0,"PPA":9.0,"CrsPA":1.0,"Prog":29.0},{"Player":"Kevin Danso","Pos":"DF","Cmp":453.0,"Cmp%":74.1,"1\/3":31.0,"PPA":2.0,"CrsPA":0.0,"Prog":42.0},{"Player":"Thomas Delaney","Pos":"MF","Cmp":1405.0,"Cmp%":85.4,"1\/3":149.0,"PPA":14.0,"CrsPA":1.0,"Prog":90.0},{"Player":"Kerem Demirbay","Pos":"MF","Cmp":1096.0,"Cmp%":77.2,"1\/3":138.0,"PPA":40.0,"CrsPA":5.0,"Prog":161.0},{"Player":"Diego Demme","Pos":"MF","Cmp":1188.0,"Cmp%":79.5,"1\/3":158.0,"PPA":30.0,"CrsPA":5.0,"Prog":153.0},{"Player":"Abdou Diallo","Pos":"DF","Cmp":1727.0,"Cmp%":88.4,"1\/3":126.0,"PPA":12.0,"CrsPA":6.0,"Prog":116.0},{"Player":"Daniel Didavi","Pos":"MF","Cmp":328.0,"Cmp%":72.2,"1\/3":32.0,"PPA":15.0,"CrsPA":3.0,"Prog":40.0},{"Player":"Javairo Dilrosun","Pos":"FW","Cmp":188.0,"Cmp%":72.9,"1\/3":9.0,"PPA":12.0,"CrsPA":3.0,"Prog":23.0},{"Player":"Anastasios Donis","Pos":"FW","Cmp":143.0,"Cmp%":71.5,"1\/3":1.0,"PPA":6.0,"CrsPA":4.0,"Prog":6.0},{"Player":"Aleksandar Dragovic","Pos":"DF","Cmp":987.0,"Cmp%":89.9,"1\/3":60.0,"PPA":2.0,"CrsPA":0.0,"Prog":66.0},{"Player":"Marvin Ducksch","Pos":"FW","Cmp":182.0,"Cmp%":65.9,"1\/3":18.0,"PPA":6.0,"CrsPA":2.0,"Prog":31.0},{"Player":"Ondrej Duda","Pos":"MF","Cmp":958.0,"Cmp%":75.1,"1\/3":101.0,"PPA":23.0,"CrsPA":2.0,"Prog":124.0},{"Player":"Johannes Eggestein","Pos":"FW","Cmp":242.0,"Cmp%":69.7,"1\/3":19.0,"PPA":11.0,"CrsPA":0.0,"Prog":29.0},{"Player":"Maximilian Eggestein","Pos":"MF","Cmp":1314.0,"Cmp%":79.5,"1\/3":118.0,"PPA":28.0,"CrsPA":7.0,"Prog":159.0},{"Player":"Nico Elvedi","Pos":"DF","Cmp":1945.0,"Cmp%":92.5,"1\/3":90.0,"PPA":4.0,"CrsPA":1.0,"Prog":108.0},{"Player":"Breel Embolo","Pos":"FW","Cmp":188.0,"Cmp%":67.1,"1\/3":15.0,"PPA":10.0,"CrsPA":2.0,"Prog":23.0},{"Player":"Patrick Erras","Pos":"MF","Cmp":365.0,"Cmp%":80.6,"1\/3":31.0,"PPA":2.0,"CrsPA":0.0,"Prog":36.0},{"Player":"Michael Esser","Pos":"GK","Cmp":867.0,"Cmp%":70.4,"1\/3":31.0,"PPA":0.0,"CrsPA":0.0,"Prog":0.0},{"Player":"Alexander Esswein","Pos":"FW","Cmp":308.0,"Cmp%":68.4,"1\/3":21.0,"PPA":16.0,"CrsPA":10.0,"Prog":28.0},{"Player":"Ewerton","Pos":"DF","Cmp":493.0,"Cmp%":85.6,"1\/3":14.0,"PPA":1.0,"CrsPA":0.0,"Prog":20.0},{"Player":"Ralf Fährmann","Pos":"GK","Cmp":366.0,"Cmp%":71.2,"1\/3":13.0,"PPA":0.0,"CrsPA":0.0,"Prog":1.0},{"Player":"Felipe","Pos":"DF","Cmp":377.0,"Cmp%":75.9,"1\/3":26.0,"PPA":2.0,"CrsPA":0.0,"Prog":26.0},{"Player":"Gelson Fernandes","Pos":"MF","Cmp":719.0,"Cmp%":84.7,"1\/3":55.0,"PPA":3.0,"CrsPA":0.0,"Prog":55.0},{"Player":"Oliver Fink","Pos":"MF","Cmp":242.0,"Cmp%":61.6,"1\/3":31.0,"PPA":5.0,"CrsPA":1.0,"Prog":44.0},{"Player":"Alfred Finnbogason","Pos":"FW","Cmp":220.0,"Cmp%":66.3,"1\/3":21.0,"PPA":10.0,"CrsPA":1.0,"Prog":20.0},{"Player":"Emil Forsberg","Pos":"MF","Cmp":405.0,"Cmp%":76.3,"1\/3":51.0,"PPA":30.0,"CrsPA":2.0,"Prog":75.0},{"Player":"Mike Frantz","Pos":"MF","Cmp":509.0,"Cmp%":75.9,"1\/3":28.0,"PPA":15.0,"CrsPA":10.0,"Prog":35.0},{"Player":"Mijat Gacinovic","Pos":"MF","Cmp":427.0,"Cmp%":70.2,"1\/3":38.0,"PPA":23.0,"CrsPA":2.0,"Prog":62.0},{"Player":"Jean-Philippe Gbamin","Pos":"MF","Cmp":1066.0,"Cmp%":79.1,"1\/3":106.0,"PPA":22.0,"CrsPA":3.0,"Prog":104.0},{"Player":"Theodor Gebre Selassie","Pos":"DF","Cmp":1383.0,"Cmp%":82.1,"1\/3":81.0,"PPA":28.0,"CrsPA":7.0,"Prog":147.0},{"Player":"Christian Gentner","Pos":"MF","Cmp":723.0,"Cmp%":71.0,"1\/3":91.0,"PPA":23.0,"CrsPA":9.0,"Prog":110.0},{"Player":"Yannick Gerhardt","Pos":"MF","Cmp":789.0,"Cmp%":76.9,"1\/3":56.0,"PPA":20.0,"CrsPA":6.0,"Prog":84.0},{"Player":"Niko Gießelmann","Pos":"DF","Cmp":1014.0,"Cmp%":73.4,"1\/3":77.0,"PPA":28.0,"CrsPA":8.0,"Prog":130.0},{"Player":"Daniel Ginczek","Pos":"FW","Cmp":199.0,"Cmp%":59.1,"1\/3":18.0,"PPA":10.0,"CrsPA":2.0,"Prog":31.0},{"Player":"Matthias Ginter","Pos":"DF","Cmp":1545.0,"Cmp%":86.7,"1\/3":148.0,"PPA":12.0,"CrsPA":2.0,"Prog":131.0},{"Player":"Serge Gnabry","Pos":"FW","Cmp":689.0,"Cmp%":82.0,"1\/3":36.0,"PPA":36.0,"CrsPA":3.0,"Prog":71.0},{"Player":"Mario Gomez","Pos":"FW","Cmp":319.0,"Cmp%":66.0,"1\/3":25.0,"PPA":9.0,"CrsPA":0.0,"Prog":34.0},{"Player":"Jérôme Gondorf","Pos":"MF","Cmp":367.0,"Cmp%":69.4,"1\/3":32.0,"PPA":16.0,"CrsPA":2.0,"Prog":49.0},{"Player":"Nicolás González","Pos":"FW","Cmp":404.0,"Cmp%":63.7,"1\/3":35.0,"PPA":17.0,"CrsPA":4.0,"Prog":50.0},{"Player":"Leon Goretzka","Pos":"MF","Cmp":1037.0,"Cmp%":87.4,"1\/3":91.0,"PPA":20.0,"CrsPA":3.0,"Prog":78.0},{"Player":"Mario Götze","Pos":"FW","Cmp":731.0,"Cmp%":82.2,"1\/3":52.0,"PPA":33.0,"CrsPA":6.0,"Prog":63.0},{"Player":"Jeffrey Gouweleeuw","Pos":"DF","Cmp":940.0,"Cmp%":77.3,"1\/3":106.0,"PPA":15.0,"CrsPA":2.0,"Prog":130.0},{"Player":"Michael Gregoritsch","Pos":"MF","Cmp":653.0,"Cmp%":69.4,"1\/3":67.0,"PPA":26.0,"CrsPA":4.0,"Prog":88.0},{"Player":"Vincenzo Grifo","Pos":"MF","Cmp":569.0,"Cmp%":75.7,"1\/3":53.0,"PPA":17.0,"CrsPA":5.0,"Prog":65.0},{"Player":"Vincenzo Grifo","Pos":"MF","Cmp":134.0,"Cmp%":70.2,"1\/3":11.0,"PPA":9.0,"CrsPA":0.0,"Prog":20.0},{"Player":"Florian Grillitsch","Pos":"MF","Cmp":1293.0,"Cmp%":83.9,"1\/3":138.0,"PPA":24.0,"CrsPA":3.0,"Prog":132.0},{"Player":"Marko Grujic","Pos":"MF","Cmp":780.0,"Cmp%":81.8,"1\/3":85.0,"PPA":11.0,"CrsPA":2.0,"Prog":98.0},{"Player":"Raphael Guerreiro","Pos":"FW","Cmp":966.0,"Cmp%":83.2,"1\/3":78.0,"PPA":27.0,"CrsPA":1.0,"Prog":100.0},{"Player":"Josuha Guilavogui","Pos":"MF","Cmp":645.0,"Cmp%":81.2,"1\/3":49.0,"PPA":3.0,"CrsPA":1.0,"Prog":62.0},{"Player":"Péter Gulácsi","Pos":"GK","Cmp":637.0,"Cmp%":63.1,"1\/3":19.0,"PPA":1.0,"CrsPA":0.0,"Prog":0.0},{"Player":"Manuel Gulde","Pos":"DF","Cmp":729.0,"Cmp%":81.7,"1\/3":54.0,"PPA":5.0,"CrsPA":0.0,"Prog":62.0},{"Player":"Christian Günter","Pos":"DF","Cmp":1075.0,"Cmp%":71.8,"1\/3":44.0,"PPA":39.0,"CrsPA":21.0,"Prog":79.0},{"Player":"Jonathan de Guzmán","Pos":"MF","Cmp":687.0,"Cmp%":72.5,"1\/3":64.0,"PPA":17.0,"CrsPA":4.0,"Prog":87.0},{"Player":"Janik Haberer","Pos":"MF","Cmp":851.0,"Cmp%":79.1,"1\/3":80.0,"PPA":19.0,"CrsPA":5.0,"Prog":87.0},{"Player":"André Hahn","Pos":"FW","Cmp":304.0,"Cmp%":55.2,"1\/3":16.0,"PPA":22.0,"CrsPA":18.0,"Prog":36.0},{"Player":"Achraf Hakimi","Pos":"DF","Cmp":1361.0,"Cmp%":86.1,"1\/3":90.0,"PPA":25.0,"CrsPA":10.0,"Prog":118.0},{"Player":"Sébastien Haller","Pos":"FW","Cmp":512.0,"Cmp%":64.3,"1\/3":53.0,"PPA":22.0,"CrsPA":2.0,"Prog":67.0},{"Player":"Marcel Halstenberg","Pos":"DF","Cmp":1171.0,"Cmp%":74.0,"1\/3":80.0,"PPA":37.0,"CrsPA":13.0,"Prog":153.0},{"Player":"Genki Haraguchi","Pos":"MF","Cmp":655.0,"Cmp%":76.9,"1\/3":46.0,"PPA":23.0,"CrsPA":8.0,"Prog":83.0},{"Player":"Amine Harit","Pos":"MF","Cmp":355.0,"Cmp%":79.8,"1\/3":36.0,"PPA":17.0,"CrsPA":2.0,"Prog":50.0},{"Player":"Martin Harnik","Pos":"FW","Cmp":159.0,"Cmp%":61.6,"1\/3":12.0,"PPA":5.0,"CrsPA":2.0,"Prog":11.0},{"Player":"Makoto Hasebe","Pos":"DF","Cmp":1230.0,"Cmp%":84.2,"1\/3":100.0,"PPA":12.0,"CrsPA":0.0,"Prog":119.0},{"Player":"Kai Havertz","Pos":"MF","Cmp":1577.0,"Cmp%":86.9,"1\/3":113.0,"PPA":50.0,"CrsPA":6.0,"Prog":142.0},{"Player":"Thorgan Hazard","Pos":"FW","Cmp":980.0,"Cmp%":70.3,"1\/3":76.0,"PPA":61.0,"CrsPA":13.0,"Prog":155.0},{"Player":"Dominique Heintz","Pos":"DF","Cmp":1380.0,"Cmp%":81.4,"1\/3":128.0,"PPA":10.0,"CrsPA":3.0,"Prog":119.0},{"Player":"Rouwen Hennings","Pos":"FW","Cmp":292.0,"Cmp%":66.1,"1\/3":32.0,"PPA":15.0,"CrsPA":1.0,"Prog":48.0},{"Player":"Patrick Herrmann","Pos":"FW","Cmp":394.0,"Cmp%":75.2,"1\/3":21.0,"PPA":20.0,"CrsPA":10.0,"Prog":47.0},{"Player":"Martin Hinteregger","Pos":"DF","Cmp":639.0,"Cmp%":74.8,"1\/3":46.0,"PPA":8.0,"CrsPA":0.0,"Prog":70.0},{"Player":"Martin Hinteregger","Pos":"DF","Cmp":384.0,"Cmp%":71.8,"1\/3":46.0,"PPA":2.0,"CrsPA":0.0,"Prog":47.0},{"Player":"Nicolas Höfler","Pos":"MF","Cmp":757.0,"Cmp%":85.0,"1\/3":73.0,"PPA":3.0,"CrsPA":0.0,"Prog":77.0},{"Player":"Jonas Hofmann","Pos":"MF","Cmp":914.0,"Cmp%":80.7,"1\/3":102.0,"PPA":27.0,"CrsPA":1.0,"Prog":119.0},{"Player":"Lucas Höler","Pos":"FW","Cmp":180.0,"Cmp%":68.2,"1\/3":10.0,"PPA":9.0,"CrsPA":2.0,"Prog":17.0},{"Player":"Mats Hummels","Pos":"DF","Cmp":1552.0,"Cmp%":89.6,"1\/3":138.0,"PPA":11.0,"CrsPA":0.0,"Prog":133.0},{"Player":"Vedad Ibisevic","Pos":"FW","Cmp":316.0,"Cmp%":72.3,"1\/3":23.0,"PPA":11.0,"CrsPA":2.0,"Prog":23.0},{"Player":"Stefan Ilsanker","Pos":"DF","Cmp":362.0,"Cmp%":79.0,"1\/3":31.0,"PPA":0.0,"CrsPA":0.0,"Prog":32.0},{"Player":"Emiliano Insúa","Pos":"DF","Cmp":987.0,"Cmp%":73.6,"1\/3":74.0,"PPA":36.0,"CrsPA":18.0,"Prog":96.0},{"Player":"Mikael Ishak","Pos":"FW","Cmp":283.0,"Cmp%":69.5,"1\/3":11.0,"PPA":9.0,"CrsPA":2.0,"Prog":25.0},{"Player":"Christoph Kramer","Pos":"MF","Cmp":24.0,"Cmp%":82.8,"1\/3":0.0,"PPA":0.0,"CrsPA":0.0,"Prog":0.0},{"Player":"Rune Jarstein","Pos":"GK","Cmp":696.0,"Cmp%":59.9,"1\/3":25.0,"PPA":0.0,"CrsPA":0.0,"Prog":0.0},{"Player":"Tin Jedvaj","Pos":"DF","Cmp":576.0,"Cmp%":80.2,"1\/3":59.0,"PPA":5.0,"CrsPA":0.0,"Prog":57.0},{"Player":"Joelinton","Pos":"FW","Cmp":570.0,"Cmp%":80.6,"1\/3":38.0,"PPA":28.0,"CrsPA":5.0,"Prog":70.0},{"Player":"Fabian Johnson","Pos":"DF","Cmp":457.0,"Cmp%":81.3,"1\/3":29.0,"PPA":10.0,"CrsPA":2.0,"Prog":33.0},{"Player":"Luka Jovic","Pos":"FW","Cmp":434.0,"Cmp%":72.2,"1\/3":50.0,"PPA":22.0,"CrsPA":5.0,"Prog":63.0},{"Player":"Ozan Kabak","Pos":"DF","Cmp":439.0,"Cmp%":80.0,"1\/3":43.0,"PPA":2.0,"CrsPA":0.0,"Prog":37.0},{"Player":"Pavel Kaderábek","Pos":"DF","Cmp":1076.0,"Cmp%":75.9,"1\/3":66.0,"PPA":49.0,"CrsPA":26.0,"Prog":124.0},{"Player":"Salomon Kalou","Pos":"FW","Cmp":509.0,"Cmp%":71.4,"1\/3":47.0,"PPA":28.0,"CrsPA":2.0,"Prog":81.0},{"Player":"Marcin Kaminski","Pos":"DF","Cmp":984.0,"Cmp%":84.6,"1\/3":62.0,"PPA":3.0,"CrsPA":1.0,"Prog":72.0},{"Player":"Kevin Kampl","Pos":"MF","Cmp":1237.0,"Cmp%":82.6,"1\/3":127.0,"PPA":37.0,"CrsPA":8.0,"Prog":144.0},{"Player":"Kenan Karaman","Pos":"FW","Cmp":190.0,"Cmp%":68.1,"1\/3":10.0,"PPA":5.0,"CrsPA":2.0,"Prog":13.0},{"Player":"Marc-Oliver Kempf","Pos":"DF","Cmp":844.0,"Cmp%":83.2,"1\/3":74.0,"PPA":8.0,"CrsPA":2.0,"Prog":84.0},{"Player":"Sebastian Kerk","Pos":"MF","Cmp":319.0,"Cmp%":65.2,"1\/3":21.0,"PPA":13.0,"CrsPA":6.0,"Prog":29.0},{"Player":"Rani Khedira","Pos":"DF","Cmp":1063.0,"Cmp%":81.7,"1\/3":49.0,"PPA":12.0,"CrsPA":2.0,"Prog":76.0},{"Player":"Joshua Kimmich","Pos":"DF","Cmp":2584.0,"Cmp%":85.4,"1\/3":180.0,"PPA":72.0,"CrsPA":21.0,"Prog":211.0},{"Player":"Davy Klaassen","Pos":"MF","Cmp":936.0,"Cmp%":74.6,"1\/3":74.0,"PPA":31.0,"CrsPA":8.0,"Prog":106.0},{"Player":"Felix Klaus","Pos":"FW","Cmp":108.0,"Cmp%":77.7,"1\/3":6.0,"PPA":6.0,"CrsPA":1.0,"Prog":9.0},{"Player":"Lukas Klostermann","Pos":"DF","Cmp":763.0,"Cmp%":74.7,"1\/3":43.0,"PPA":20.0,"CrsPA":8.0,"Prog":78.0},{"Player":"Robin Knoche","Pos":"DF","Cmp":1740.0,"Cmp%":86.4,"1\/3":115.0,"PPA":4.0,"CrsPA":1.0,"Prog":128.0},{"Player":"Törles Knöll","Pos":"FW","Cmp":56.0,"Cmp%":67.5,"1\/3":6.0,"PPA":1.0,"CrsPA":0.0,"Prog":6.0},{"Player":"Gregor Kobel","Pos":"GK","Cmp":27.0,"Cmp%":64.3,"1\/3":2.0,"PPA":0.0,"CrsPA":0.0,"Prog":0.0},{"Player":"Gregor Kobel","Pos":"GK","Cmp":368.0,"Cmp%":70.2,"1\/3":4.0,"PPA":0.0,"CrsPA":0.0,"Prog":0.0},{"Player":"Robin Koch","Pos":"MF","Cmp":741.0,"Cmp%":81.1,"1\/3":41.0,"PPA":3.0,"CrsPA":0.0,"Prog":44.0},{"Player":"Dominik Kohr","Pos":"MF","Cmp":423.0,"Cmp%":80.3,"1\/3":28.0,"PPA":11.0,"CrsPA":1.0,"Prog":45.0},{"Player":"Ibrahima Konaté","Pos":"DF","Cmp":822.0,"Cmp%":79.7,"1\/3":90.0,"PPA":5.0,"CrsPA":2.0,"Prog":97.0},{"Player":"Filip Kostic","Pos":"DF","Cmp":973.0,"Cmp%":60.9,"1\/3":88.0,"PPA":59.0,"CrsPA":34.0,"Prog":148.0},{"Player":"Andrej Kramaric","Pos":"MF","Cmp":829.0,"Cmp%":76.9,"1\/3":72.0,"PPA":52.0,"CrsPA":9.0,"Prog":97.0},{"Player":"Christoph Kramer","Pos":"MF","Cmp":656.0,"Cmp%":87.2,"1\/3":65.0,"PPA":9.0,"CrsPA":0.0,"Prog":58.0},{"Player":"Max Kruse","Pos":"FW","Cmp":1317.0,"Cmp%":75.6,"1\/3":128.0,"PPA":64.0,"CrsPA":20.0,"Prog":171.0},{"Player":"Lukas Kübler","Pos":"DF","Cmp":383.0,"Cmp%":67.7,"1\/3":25.0,"PPA":10.0,"CrsPA":7.0,"Prog":30.0},{"Player":"Yuya Kubo","Pos":"FW","Cmp":296.0,"Cmp%":72.7,"1\/3":22.0,"PPA":13.0,"CrsPA":2.0,"Prog":31.0},{"Player":"Pierre Kunde","Pos":"MF","Cmp":952.0,"Cmp%":80.6,"1\/3":132.0,"PPA":14.0,"CrsPA":4.0,"Prog":99.0},{"Player":"Konrad Laimer","Pos":"MF","Cmp":594.0,"Cmp%":72.4,"1\/3":55.0,"PPA":28.0,"CrsPA":8.0,"Prog":92.0},{"Player":"Michael Lang","Pos":"DF","Cmp":651.0,"Cmp%":80.9,"1\/3":42.0,"PPA":8.0,"CrsPA":3.0,"Prog":52.0},{"Player":"Sebastian Langkamp","Pos":"DF","Cmp":860.0,"Cmp%":90.0,"1\/3":65.0,"PPA":3.0,"CrsPA":0.0,"Prog":72.0},{"Player":"Danny Latza","Pos":"MF","Cmp":821.0,"Cmp%":81.1,"1\/3":97.0,"PPA":20.0,"CrsPA":1.0,"Prog":110.0},{"Player":"Valentino Lazaro","Pos":"DF","Cmp":1204.0,"Cmp%":73.2,"1\/3":80.0,"PPA":30.0,"CrsPA":11.0,"Prog":141.0},{"Player":"Mathew Leckie","Pos":"FW","Cmp":240.0,"Cmp%":67.2,"1\/3":21.0,"PPA":13.0,"CrsPA":3.0,"Prog":25.0},{"Player":"Tim Leibold","Pos":"DF","Cmp":1215.0,"Cmp%":76.8,"1\/3":66.0,"PPA":26.0,"CrsPA":6.0,"Prog":120.0},{"Player":"Robert Lewandowski","Pos":"FW","Cmp":599.0,"Cmp%":78.4,"1\/3":43.0,"PPA":33.0,"CrsPA":1.0,"Prog":56.0},{"Player":"Eduard Löwen","Pos":"MF","Cmp":562.0,"Cmp%":75.9,"1\/3":78.0,"PPA":17.0,"CrsPA":4.0,"Prog":86.0},{"Player":"Dodi Lukebakio","Pos":"FW","Cmp":444.0,"Cmp%":74.6,"1\/3":20.0,"PPA":21.0,"CrsPA":9.0,"Prog":36.0},{"Player":"Fabian Lustenberger","Pos":"DF","Cmp":1148.0,"Cmp%":87.8,"1\/3":58.0,"PPA":1.0,"CrsPA":0.0,"Prog":65.0},{"Player":"Andreas Luthe","Pos":"GK","Cmp":335.0,"Cmp%":69.9,"1\/3":2.0,"PPA":0.0,"CrsPA":0.0,"Prog":0.0},{"Player":"Arne Maier","Pos":"MF","Cmp":1048.0,"Cmp%":85.6,"1\/3":80.0,"PPA":17.0,"CrsPA":2.0,"Prog":82.0},{"Player":"Linton Maina","Pos":"MF","Cmp":381.0,"Cmp%":73.8,"1\/3":24.0,"PPA":25.0,"CrsPA":8.0,"Prog":51.0},{"Player":"Yunus Malli","Pos":"MF","Cmp":267.0,"Cmp%":78.5,"1\/3":22.0,"PPA":15.0,"CrsPA":2.0,"Prog":36.0},{"Player":"Georg Margreitter","Pos":"DF","Cmp":997.0,"Cmp%":82.4,"1\/3":77.0,"PPA":7.0,"CrsPA":2.0,"Prog":91.0},{"Player":"Aarón Martín","Pos":"DF","Cmp":1298.0,"Cmp%":74.5,"1\/3":69.0,"PPA":40.0,"CrsPA":21.0,"Prog":104.0},{"Player":"Javi Martínez","Pos":"MF","Cmp":803.0,"Cmp%":88.1,"1\/3":69.0,"PPA":5.0,"CrsPA":0.0,"Prog":63.0},{"Player":"Jean-Philippe Mateta","Pos":"FW","Cmp":328.0,"Cmp%":69.2,"1\/3":24.0,"PPA":12.0,"CrsPA":2.0,"Prog":34.0},{"Player":"Christian Mathenia","Pos":"GK","Cmp":567.0,"Cmp%":63.3,"1\/3":25.0,"PPA":0.0,"CrsPA":0.0,"Prog":0.0},{"Player":"Philipp Max","Pos":"DF","Cmp":867.0,"Cmp%":67.8,"1\/3":56.0,"PPA":49.0,"CrsPA":25.0,"Prog":104.0},{"Player":"Alexandru Maxim","Pos":"MF","Cmp":297.0,"Cmp%":78.6,"1\/3":22.0,"PPA":12.0,"CrsPA":2.0,"Prog":34.0},{"Player":"Weston McKennie","Pos":"MF","Cmp":481.0,"Cmp%":68.3,"1\/3":30.0,"PPA":13.0,"CrsPA":1.0,"Prog":50.0},{"Player":"Admir Mehmedi","Pos":"FW","Cmp":563.0,"Cmp%":71.5,"1\/3":29.0,"PPA":28.0,"CrsPA":7.0,"Prog":61.0},{"Player":"Virgil Misidjan","Pos":"FW","Cmp":282.0,"Cmp%":69.3,"1\/3":12.0,"PPA":14.0,"CrsPA":8.0,"Prog":19.0},{"Player":"Maximilian Mittelstädt","Pos":"DF","Cmp":663.0,"Cmp%":73.8,"1\/3":52.0,"PPA":28.0,"CrsPA":17.0,"Prog":72.0},{"Player":"Kevin Möhwald","Pos":"MF","Cmp":393.0,"Cmp%":80.4,"1\/3":33.0,"PPA":9.0,"CrsPA":1.0,"Prog":47.0},{"Player":"Niklas Moisander","Pos":"DF","Cmp":1662.0,"Cmp%":86.5,"1\/3":160.0,"PPA":17.0,"CrsPA":3.0,"Prog":175.0},{"Player":"Alfredo Morales","Pos":"MF","Cmp":495.0,"Cmp%":75.3,"1\/3":52.0,"PPA":7.0,"CrsPA":0.0,"Prog":52.0},{"Player":"Lukas Mühl","Pos":"DF","Cmp":1223.0,"Cmp%":84.4,"1\/3":66.0,"PPA":1.0,"CrsPA":0.0,"Prog":67.0},{"Player":"Nordi Mukiele","Pos":"DF","Cmp":513.0,"Cmp%":71.2,"1\/3":49.0,"PPA":22.0,"CrsPA":8.0,"Prog":74.0},{"Player":"Florian Müller","Pos":"GK","Cmp":538.0,"Cmp%":64.9,"1\/3":10.0,"PPA":1.0,"CrsPA":0.0,"Prog":0.0},{"Player":"Nicolai Müller","Pos":"FW","Cmp":35.0,"Cmp%":72.9,"1\/3":6.0,"PPA":1.0,"CrsPA":0.0,"Prog":9.0},{"Player":"Nicolai Müller","Pos":"MF","Cmp":184.0,"Cmp%":68.9,"1\/3":10.0,"PPA":5.0,"CrsPA":0.0,"Prog":26.0},{"Player":"Thomas Müller","Pos":"MF","Cmp":934.0,"Cmp%":73.9,"1\/3":68.0,"PPA":49.0,"CrsPA":12.0,"Prog":102.0},{"Player":"Florent Muslija","Pos":"MF","Cmp":231.0,"Cmp%":72.0,"1\/3":16.0,"PPA":13.0,"CrsPA":3.0,"Prog":26.0},{"Player":"Matija Nastasic","Pos":"DF","Cmp":1014.0,"Cmp%":83.2,"1\/3":69.0,"PPA":8.0,"CrsPA":0.0,"Prog":70.0},{"Player":"Reiss Nelson","Pos":"MF","Cmp":200.0,"Cmp%":80.3,"1\/3":14.0,"PPA":12.0,"CrsPA":4.0,"Prog":26.0},{"Player":"Manuel Neuer","Pos":"GK","Cmp":761.0,"Cmp%":83.1,"1\/3":3.0,"PPA":0.0,"CrsPA":0.0,"Prog":1.0},{"Player":"Florian Neuhaus","Pos":"MF","Cmp":745.0,"Cmp%":82.1,"1\/3":66.0,"PPA":26.0,"CrsPA":3.0,"Prog":84.0},{"Player":"Moussa Niakhate","Pos":"DF","Cmp":1260.0,"Cmp%":82.6,"1\/3":65.0,"PPA":5.0,"CrsPA":0.0,"Prog":75.0},{"Player":"Florian Niederlechner","Pos":"FW","Cmp":131.0,"Cmp%":71.2,"1\/3":7.0,"PPA":4.0,"CrsPA":1.0,"Prog":11.0},{"Player":"Alexander Nübel","Pos":"GK","Cmp":352.0,"Cmp%":66.8,"1\/3":6.0,"PPA":0.0,"CrsPA":0.0,"Prog":1.0},{"Player":"Bastian Oczipka","Pos":"DF","Cmp":801.0,"Cmp%":75.1,"1\/3":47.0,"PPA":17.0,"CrsPA":8.0,"Prog":67.0},{"Player":"Karim Onisiwo","Pos":"FW","Cmp":159.0,"Cmp%":63.3,"1\/3":9.0,"PPA":11.0,"CrsPA":6.0,"Prog":13.0},{"Player":"Willi Orban","Pos":"DF","Cmp":778.0,"Cmp%":81.3,"1\/3":79.0,"PPA":2.0,"CrsPA":0.0,"Prog":75.0},{"Player":"Yuya Osako","Pos":"FW","Cmp":374.0,"Cmp%":73.9,"1\/3":46.0,"PPA":15.0,"CrsPA":4.0,"Prog":43.0},{"Player":"Matthias Ostrzolek","Pos":"DF","Cmp":562.0,"Cmp%":74.4,"1\/3":42.0,"PPA":13.0,"CrsPA":3.0,"Prog":59.0},{"Player":"Levin Öztunali","Pos":"MF","Cmp":195.0,"Cmp%":67.7,"1\/3":13.0,"PPA":12.0,"CrsPA":5.0,"Prog":23.0},{"Player":"Paulinho","Pos":"FW","Cmp":78.0,"Cmp%":84.8,"1\/3":3.0,"PPA":2.0,"CrsPA":0.0,"Prog":7.0},{"Player":"Benjamin Pavard","Pos":"DF","Cmp":1279.0,"Cmp%":83.8,"1\/3":82.0,"PPA":14.0,"CrsPA":5.0,"Prog":80.0},{"Player":"Jiri Pavlenka","Pos":"GK","Cmp":895.0,"Cmp%":73.2,"1\/3":10.0,"PPA":0.0,"CrsPA":0.0,"Prog":1.0},{"Player":"Matheus Pereira","Pos":"MF","Cmp":343.0,"Cmp%":71.8,"1\/3":24.0,"PPA":18.0,"CrsPA":2.0,"Prog":45.0},{"Player":"Nils Petersen","Pos":"FW","Cmp":359.0,"Cmp%":70.1,"1\/3":16.0,"PPA":8.0,"CrsPA":0.0,"Prog":30.0},{"Player":"Ondrej Petrák","Pos":"MF","Cmp":620.0,"Cmp%":85.5,"1\/3":56.0,"PPA":1.0,"CrsPA":0.0,"Prog":39.0},{"Player":"Maximilian Philipp","Pos":"FW","Cmp":182.0,"Cmp%":79.1,"1\/3":6.0,"PPA":4.0,"CrsPA":0.0,"Prog":9.0},{"Player":"Lukasz Piszczek","Pos":"DF","Cmp":1082.0,"Cmp%":80.1,"1\/3":66.0,"PPA":20.0,"CrsPA":10.0,"Prog":81.0},{"Player":"Claudio Pizarro","Pos":"FW","Cmp":192.0,"Cmp%":74.1,"1\/3":20.0,"PPA":6.0,"CrsPA":0.0,"Prog":28.0},{"Player":"Marvin Plattenhardt","Pos":"DF","Cmp":837.0,"Cmp%":73.1,"1\/3":68.0,"PPA":18.0,"CrsPA":11.0,"Prog":79.0},{"Player":"Alassane Pléa","Pos":"FW","Cmp":452.0,"Cmp%":72.7,"1\/3":43.0,"PPA":20.0,"CrsPA":1.0,"Prog":56.0},{"Player":"Stefan Posch","Pos":"DF","Cmp":881.0,"Cmp%":88.2,"1\/3":79.0,"PPA":7.0,"CrsPA":2.0,"Prog":61.0},{"Player":"Yussuf Poulsen","Pos":"FW","Cmp":502.0,"Cmp%":62.0,"1\/3":36.0,"PPA":25.0,"CrsPA":4.0,"Prog":50.0},{"Player":"Christian Pulisic","Pos":"FW","Cmp":403.0,"Cmp%":76.2,"1\/3":10.0,"PPA":12.0,"CrsPA":3.0,"Prog":23.0},{"Player":"Robin Quaison","Pos":"FW","Cmp":340.0,"Cmp%":74.1,"1\/3":28.0,"PPA":16.0,"CrsPA":2.0,"Prog":42.0},{"Player":"Rafinha","Pos":"DF","Cmp":813.0,"Cmp%":92.6,"1\/3":72.0,"PPA":12.0,"CrsPA":5.0,"Prog":68.0},{"Player":"Benito Raman","Pos":"MF","Cmp":320.0,"Cmp%":66.5,"1\/3":36.0,"PPA":26.0,"CrsPA":10.0,"Prog":68.0},{"Player":"Milot Rashica","Pos":"FW","Cmp":315.0,"Cmp%":61.5,"1\/3":12.0,"PPA":26.0,"CrsPA":13.0,"Prog":28.0},{"Player":"Ante Rebic","Pos":"FW","Cmp":311.0,"Cmp%":56.2,"1\/3":22.0,"PPA":22.0,"CrsPA":6.0,"Prog":43.0},{"Player":"Karim Rekik","Pos":"DF","Cmp":1023.0,"Cmp%":88.0,"1\/3":47.0,"PPA":3.0,"CrsPA":1.0,"Prog":59.0},{"Player":"Michael Rensing","Pos":"GK","Cmp":645.0,"Cmp%":64.0,"1\/3":11.0,"PPA":0.0,"CrsPA":0.0,"Prog":0.0},{"Player":"Marco Reus","Pos":"MF","Cmp":849.0,"Cmp%":80.1,"1\/3":69.0,"PPA":40.0,"CrsPA":5.0,"Prog":92.0},{"Player":"Elvis Rexhbecaj","Pos":"MF","Cmp":293.0,"Cmp%":70.8,"1\/3":32.0,"PPA":14.0,"CrsPA":1.0,"Prog":46.0},{"Player":"Franck Ribéry","Pos":"FW","Cmp":609.0,"Cmp%":80.9,"1\/3":41.0,"PPA":43.0,"CrsPA":7.0,"Prog":83.0},{"Player":"Marco Richter","Pos":"FW","Cmp":328.0,"Cmp%":67.6,"1\/3":34.0,"PPA":19.0,"CrsPA":2.0,"Prog":47.0},{"Player":"Sebastian Rudy","Pos":"MF","Cmp":441.0,"Cmp%":81.8,"1\/3":38.0,"PPA":10.0,"CrsPA":2.0,"Prog":46.0},{"Player":"James Rodríguez","Pos":"MF","Cmp":805.0,"Cmp%":83.2,"1\/3":65.0,"PPA":34.0,"CrsPA":5.0,"Prog":103.0},{"Player":"Jérôme Roussillon","Pos":"DF","Cmp":1020.0,"Cmp%":75.5,"1\/3":88.0,"PPA":41.0,"CrsPA":20.0,"Prog":121.0},{"Player":"Sebastian Rudy","Pos":"MF","Cmp":540.0,"Cmp%":80.5,"1\/3":39.0,"PPA":13.0,"CrsPA":2.0,"Prog":61.0},{"Player":"Marco Reus","Pos":"DF","Cmp":90.0,"Cmp%":75.0,"1\/3":7.0,"PPA":1.0,"CrsPA":0.0,"Prog":7.0},{"Player":"Marcel Sabitzer","Pos":"MF","Cmp":865.0,"Cmp%":70.0,"1\/3":95.0,"PPA":50.0,"CrsPA":12.0,"Prog":142.0},{"Player":"Nuri Sahin","Pos":"MF","Cmp":930.0,"Cmp%":84.9,"1\/3":115.0,"PPA":10.0,"CrsPA":1.0,"Prog":95.0},{"Player":"Renato Sanches","Pos":"MF","Cmp":317.0,"Cmp%":88.3,"1\/3":33.0,"PPA":6.0,"CrsPA":0.0,"Prog":30.0},{"Player":"Jadon Sancho","Pos":"FW","Cmp":1161.0,"Cmp%":80.7,"1\/3":54.0,"PPA":65.0,"CrsPA":7.0,"Prog":122.0},{"Player":"Salif Sané","Pos":"DF","Cmp":1259.0,"Cmp%":83.2,"1\/3":74.0,"PPA":12.0,"CrsPA":4.0,"Prog":94.0},{"Player":"Jonathan Schmid","Pos":"DF","Cmp":1118.0,"Cmp%":79.2,"1\/3":75.0,"PPA":33.0,"CrsPA":16.0,"Prog":111.0},{"Player":"Alessandro Schöpf","Pos":"MF","Cmp":384.0,"Cmp%":80.8,"1\/3":24.0,"PPA":8.0,"CrsPA":3.0,"Prog":37.0},{"Player":"Nico Schulz","Pos":"DF","Cmp":1178.0,"Cmp%":76.1,"1\/3":64.0,"PPA":53.0,"CrsPA":29.0,"Prog":127.0},{"Player":"Pirmin Schwegler","Pos":"MF","Cmp":902.0,"Cmp%":75.5,"1\/3":75.0,"PPA":11.0,"CrsPA":0.0,"Prog":94.0},{"Player":"Alexander Schwolow","Pos":"GK","Cmp":825.0,"Cmp%":65.1,"1\/3":15.0,"PPA":1.0,"CrsPA":0.0,"Prog":0.0},{"Player":"Davie Selke","Pos":"FW","Cmp":288.0,"Cmp%":61.1,"1\/3":18.0,"PPA":10.0,"CrsPA":4.0,"Prog":24.0},{"Player":"Suat Serdar","Pos":"MF","Cmp":333.0,"Cmp%":72.1,"1\/3":34.0,"PPA":11.0,"CrsPA":1.0,"Prog":52.0},{"Player":"Yann Sommer","Pos":"GK","Cmp":1265.0,"Cmp%":79.3,"1\/3":11.0,"PPA":2.0,"CrsPA":0.0,"Prog":1.0},{"Player":"Oliver Sorg","Pos":"DF","Cmp":655.0,"Cmp%":75.5,"1\/3":60.0,"PPA":9.0,"CrsPA":4.0,"Prog":69.0},{"Player":"Benjamin Stambouli","Pos":"DF","Cmp":759.0,"Cmp%":77.1,"1\/3":83.0,"PPA":11.0,"CrsPA":1.0,"Prog":92.0},{"Player":"Niklas Stark","Pos":"DF","Cmp":880.0,"Cmp%":83.9,"1\/3":73.0,"PPA":5.0,"CrsPA":0.0,"Prog":79.0},{"Player":"Renato Steffen","Pos":"FW","Cmp":437.0,"Cmp%":75.2,"1\/3":35.0,"PPA":24.0,"CrsPA":8.0,"Prog":48.0},{"Player":"Pascal Stenzel","Pos":"DF","Cmp":718.0,"Cmp%":81.2,"1\/3":48.0,"PPA":21.0,"CrsPA":12.0,"Prog":69.0},{"Player":"Lars Stindl","Pos":"FW","Cmp":602.0,"Cmp%":82.2,"1\/3":56.0,"PPA":18.0,"CrsPA":1.0,"Prog":58.0},{"Player":"Kevin Stöger","Pos":"MF","Cmp":1181.0,"Cmp%":83.2,"1\/3":148.0,"PPA":36.0,"CrsPA":7.0,"Prog":161.0},{"Player":"Tobias Strobl","Pos":"MF","Cmp":1346.0,"Cmp%":90.2,"1\/3":126.0,"PPA":13.0,"CrsPA":0.0,"Prog":125.0},{"Player":"Niklas Süle","Pos":"DF","Cmp":2371.0,"Cmp%":93.1,"1\/3":222.0,"PPA":11.0,"CrsPA":0.0,"Prog":148.0},{"Player":"Ádám Szalai","Pos":"FW","Cmp":298.0,"Cmp%":72.5,"1\/3":18.0,"PPA":9.0,"CrsPA":0.0,"Prog":29.0},{"Player":"Jonathan Tah","Pos":"DF","Cmp":2217.0,"Cmp%":89.7,"1\/3":195.0,"PPA":9.0,"CrsPA":1.0,"Prog":138.0},{"Player":"Erik Thommy","Pos":"MF","Cmp":233.0,"Cmp%":72.6,"1\/3":16.0,"PPA":7.0,"CrsPA":3.0,"Prog":20.0},{"Player":"Ibrahima Traoré","Pos":"FW","Cmp":206.0,"Cmp%":71.3,"1\/3":15.0,"PPA":17.0,"CrsPA":9.0,"Prog":22.0},{"Player":"Kevin Trapp","Pos":"GK","Cmp":778.0,"Cmp%":64.4,"1\/3":50.0,"PPA":0.0,"CrsPA":0.0,"Prog":1.0},{"Player":"Anthony Ujah","Pos":"FW","Cmp":123.0,"Cmp%":68.3,"1\/3":11.0,"PPA":7.0,"CrsPA":0.0,"Prog":20.0},{"Player":"Takashi Usami","Pos":"FW","Cmp":192.0,"Cmp%":70.1,"1\/3":18.0,"PPA":11.0,"CrsPA":4.0,"Prog":26.0},{"Player":"Mark Uth","Pos":"FW","Cmp":270.0,"Cmp%":69.4,"1\/3":20.0,"PPA":11.0,"CrsPA":1.0,"Prog":27.0},{"Player":"Enrico Valentini","Pos":"DF","Cmp":512.0,"Cmp%":66.5,"1\/3":54.0,"PPA":13.0,"CrsPA":5.0,"Prog":69.0},{"Player":"Milos Veljkovic","Pos":"DF","Cmp":1056.0,"Cmp%":84.7,"1\/3":95.0,"PPA":9.0,"CrsPA":1.0,"Prog":110.0},{"Player":"Kevin Vogt","Pos":"DF","Cmp":1633.0,"Cmp%":90.0,"1\/3":130.0,"PPA":6.0,"CrsPA":0.0,"Prog":97.0},{"Player":"Kevin Volland","Pos":"FW","Cmp":675.0,"Cmp%":72.8,"1\/3":50.0,"PPA":39.0,"CrsPA":16.0,"Prog":74.0},{"Player":"Walace","Pos":"MF","Cmp":920.0,"Cmp%":84.1,"1\/3":63.0,"PPA":10.0,"CrsPA":0.0,"Prog":86.0},{"Player":"Gian-Luca Waldschmidt","Pos":"FW","Cmp":482.0,"Cmp%":79.3,"1\/3":58.0,"PPA":15.0,"CrsPA":2.0,"Prog":56.0},{"Player":"Wout Weghorst","Pos":"FW","Cmp":562.0,"Cmp%":70.3,"1\/3":38.0,"PPA":14.0,"CrsPA":3.0,"Prog":45.0},{"Player":"Julian Weigl","Pos":"DF","Cmp":1127.0,"Cmp%":93.9,"1\/3":53.0,"PPA":3.0,"CrsPA":0.0,"Prog":64.0},{"Player":"Mitchell Weiser","Pos":"DF","Cmp":1293.0,"Cmp%":80.4,"1\/3":89.0,"PPA":39.0,"CrsPA":14.0,"Prog":130.0},{"Player":"Wendell","Pos":"DF","Cmp":1634.0,"Cmp%":85.2,"1\/3":93.0,"PPA":18.0,"CrsPA":6.0,"Prog":116.0},{"Player":"Oscar Wendt","Pos":"DF","Cmp":1481.0,"Cmp%":80.2,"1\/3":119.0,"PPA":31.0,"CrsPA":20.0,"Prog":136.0},{"Player":"Timo Werner","Pos":"FW","Cmp":610.0,"Cmp%":72.3,"1\/3":20.0,"PPA":28.0,"CrsPA":6.0,"Prog":54.0},{"Player":"Hendrik Weydandt","Pos":"FW","Cmp":254.0,"Cmp%":59.5,"1\/3":21.0,"PPA":6.0,"CrsPA":4.0,"Prog":25.0},{"Player":"Jetro Willems","Pos":"MF","Cmp":240.0,"Cmp%":66.7,"1\/3":23.0,"PPA":8.0,"CrsPA":3.0,"Prog":42.0},{"Player":"William","Pos":"DF","Cmp":1352.0,"Cmp%":74.4,"1\/3":91.0,"PPA":46.0,"CrsPA":17.0,"Prog":150.0},{"Player":"Kevin Wimmer","Pos":"DF","Cmp":839.0,"Cmp%":81.3,"1\/3":64.0,"PPA":12.0,"CrsPA":1.0,"Prog":59.0},{"Player":"Axel Witsel","Pos":"MF","Cmp":2259.0,"Cmp%":93.4,"1\/3":235.0,"PPA":14.0,"CrsPA":0.0,"Prog":126.0},{"Player":"Marius Wolf","Pos":"DF","Cmp":543.0,"Cmp%":83.8,"1\/3":55.0,"PPA":5.0,"CrsPA":1.0,"Prog":55.0},{"Player":"Bobby Wood","Pos":"FW","Cmp":247.0,"Cmp%":77.7,"1\/3":13.0,"PPA":9.0,"CrsPA":2.0,"Prog":23.0},{"Player":"Dan-Axel Zagadou","Pos":"DF","Cmp":919.0,"Cmp%":87.9,"1\/3":83.0,"PPA":1.0,"CrsPA":0.0,"Prog":57.0},{"Player":"Denis Zakaria","Pos":"MF","Cmp":642.0,"Cmp%":82.6,"1\/3":63.0,"PPA":15.0,"CrsPA":2.0,"Prog":66.0},{"Player":"Ron-Robert Zieler","Pos":"GK","Cmp":694.0,"Cmp%":57.5,"1\/3":12.0,"PPA":1.0,"CrsPA":0.0,"Prog":0.0},{"Player":"Jean Zimmer","Pos":"DF","Cmp":431.0,"Cmp%":69.4,"1\/3":47.0,"PPA":22.0,"CrsPA":10.0,"Prog":54.0},{"Player":"Matthias Zimmermann","Pos":"DF","Cmp":1254.0,"Cmp%":75.3,"1\/3":121.0,"PPA":27.0,"CrsPA":15.0,"Prog":158.0},{"Player":"Steven Zuber","Pos":"MF","Cmp":229.0,"Cmp%":74.4,"1\/3":18.0,"PPA":10.0,"CrsPA":2.0,"Prog":25.0},{"Player":"Steven Zuber","Pos":"FW,MF","Cmp":"289","Cmp%":"73.7","1\/3":"14","PPA":"17","CrsPA":"5","Prog":"36"}]