[{"Player":"Tyler Adams","Pos":"DF","Cmp":1184.0,"Cmp%":86.1,"1\/3":85.0,"PPA":19.0,"CrsPA":2.0,"Prog":90.0},{"Player":"Sargis Adamyan","Pos":"FW","Cmp":120.0,"Cmp%":71.9,"1\/3":6.0,"PPA":8.0,"CrsPA":1.0,"Prog":14.0},{"Player":"Felix Agu","Pos":"DF","Cmp":210.0,"Cmp%":72.7,"1\/3":9.0,"PPA":4.0,"CrsPA":3.0,"Prog":10.0},{"Player":"Manuel Akanji","Pos":"DF","Cmp":1949.0,"Cmp%":92.9,"1\/3":150.0,"PPA":4.0,"CrsPA":0.0,"Prog":128.0},{"Player":"Kevin Akpoguma","Pos":"DF","Cmp":606.0,"Cmp%":82.2,"1\/3":33.0,"PPA":2.0,"CrsPA":0.0,"Prog":46.0},{"Player":"David Alaba","Pos":"DF","Cmp":1916.0,"Cmp%":85.1,"1\/3":232.0,"PPA":37.0,"CrsPA":4.0,"Prog":189.0},{"Player":"Lucas Alario","Pos":"FW","Cmp":239.0,"Cmp%":75.9,"1\/3":12.0,"PPA":4.0,"CrsPA":0.0,"Prog":10.0},{"Player":"Omar Alderete","Pos":"DF","Cmp":717.0,"Cmp%":81.7,"1\/3":44.0,"PPA":4.0,"CrsPA":1.0,"Prog":62.0},{"Player":"Nadiem Amiri","Pos":"MF","Cmp":946.0,"Cmp%":82.8,"1\/3":90.0,"PPA":27.0,"CrsPA":4.0,"Prog":98.0},{"Player":"Sebastian Andersson","Pos":"FW","Cmp":175.0,"Cmp%":71.1,"1\/3":11.0,"PPA":3.0,"CrsPA":1.0,"Prog":9.0},{"Player":"Robert Andrich","Pos":"MF","Cmp":1156.0,"Cmp%":79.1,"1\/3":111.0,"PPA":15.0,"CrsPA":1.0,"Prog":125.0},{"Player":"Angelino","Pos":"DF","Cmp":1059.0,"Cmp%":71.1,"1\/3":68.0,"PPA":60.0,"CrsPA":27.0,"Prog":111.0},{"Player":"Waldemar Anton","Pos":"DF","Cmp":1827.0,"Cmp%":88.1,"1\/3":68.0,"PPA":9.0,"CrsPA":2.0,"Prog":94.0},{"Player":"Charles Aránguiz","Pos":"MF","Cmp":1003.0,"Cmp%":86.5,"1\/3":110.0,"PPA":15.0,"CrsPA":0.0,"Prog":103.0},{"Player":"Maximilian Arnold","Pos":"MF","Cmp":1323.0,"Cmp%":80.1,"1\/3":132.0,"PPA":26.0,"CrsPA":3.0,"Prog":157.0},{"Player":"Ludwig Augustinsson","Pos":"DF","Cmp":779.0,"Cmp%":66.8,"1\/3":45.0,"PPA":29.0,"CrsPA":23.0,"Prog":73.0},{"Player":"Taiwo Awoniyi","Pos":"FW","Cmp":208.0,"Cmp%":69.1,"1\/3":12.0,"PPA":1.0,"CrsPA":0.0,"Prog":11.0},{"Player":"Leon Bailey","Pos":"FW","Cmp":676.0,"Cmp%":70.3,"1\/3":25.0,"PPA":34.0,"CrsPA":14.0,"Prog":57.0},{"Player":"Aymen Barkok","Pos":"MF","Cmp":361.0,"Cmp%":72.5,"1\/3":25.0,"PPA":19.0,"CrsPA":4.0,"Prog":41.0},{"Player":"Leandro Barreiro Martins","Pos":"MF","Cmp":474.0,"Cmp%":66.5,"1\/3":38.0,"PPA":8.0,"CrsPA":1.0,"Prog":56.0},{"Player":"Oliver Baumann","Pos":"GK","Cmp":1065.0,"Cmp%":78.8,"1\/3":13.0,"PPA":0.0,"CrsPA":0.0,"Prog":2.0},{"Player":"Julian Baumgartlinger","Pos":"MF","Cmp":579.0,"Cmp%":86.7,"1\/3":54.0,"PPA":6.0,"CrsPA":1.0,"Prog":56.0},{"Player":"Christoph Baumgartner","Pos":"MF","Cmp":725.0,"Cmp%":76.0,"1\/3":60.0,"PPA":32.0,"CrsPA":4.0,"Prog":98.0},{"Player":"Ihlas Bebou","Pos":"FW","Cmp":480.0,"Cmp%":75.8,"1\/3":26.0,"PPA":32.0,"CrsPA":14.0,"Prog":48.0},{"Player":"Sheraldo Becker","Pos":"FW","Cmp":212.0,"Cmp%":63.1,"1\/3":10.0,"PPA":18.0,"CrsPA":14.0,"Prog":23.0},{"Player":"Timo Becker","Pos":"DF","Cmp":606.0,"Cmp%":77.2,"1\/3":25.0,"PPA":9.0,"CrsPA":3.0,"Prog":35.0},{"Player":"Stefan Bell","Pos":"DF","Cmp":418.0,"Cmp%":78.7,"1\/3":15.0,"PPA":2.0,"CrsPA":0.0,"Prog":28.0},{"Player":"Karim Bellarabi","Pos":"FW","Cmp":292.0,"Cmp%":70.9,"1\/3":14.0,"PPA":15.0,"CrsPA":6.0,"Prog":27.0},{"Player":"Jude Bellingham","Pos":"MF","Cmp":889.0,"Cmp%":83.2,"1\/3":63.0,"PPA":27.0,"CrsPA":2.0,"Prog":76.0},{"Player":"Sven Bender","Pos":"DF","Cmp":917.0,"Cmp%":91.5,"1\/3":39.0,"PPA":3.0,"CrsPA":2.0,"Prog":48.0},{"Player":"László Bénes","Pos":"MF","Cmp":174.0,"Cmp%":65.9,"1\/3":12.0,"PPA":5.0,"CrsPA":0.0,"Prog":19.0},{"Player":"László Bénes","Pos":"MF","Cmp":80.0,"Cmp%":72.7,"1\/3":3.0,"PPA":0.0,"CrsPA":0.0,"Prog":5.0},{"Player":"Ramy Bensebaini","Pos":"DF","Cmp":1005.0,"Cmp%":83.1,"1\/3":58.0,"PPA":15.0,"CrsPA":5.0,"Prog":72.0},{"Player":"Bartosz Bialek","Pos":"FW","Cmp":56.0,"Cmp%":70.0,"1\/3":7.0,"PPA":4.0,"CrsPA":0.0,"Prog":10.0},{"Player":"Leonardo Bittencourt","Pos":"MF","Cmp":465.0,"Cmp%":71.9,"1\/3":33.0,"PPA":18.0,"CrsPA":9.0,"Prog":38.0},{"Player":"Jérôme Boateng","Pos":"DF","Cmp":1756.0,"Cmp%":89.4,"1\/3":204.0,"PPA":16.0,"CrsPA":1.0,"Prog":151.0},{"Player":"Jean-Paul Boëtius","Pos":"MF","Cmp":560.0,"Cmp%":69.5,"1\/3":63.0,"PPA":23.0,"CrsPA":5.0,"Prog":85.0},{"Player":"Sebastiaan Bornauw","Pos":"DF","Cmp":748.0,"Cmp%":83.8,"1\/3":27.0,"PPA":2.0,"CrsPA":1.0,"Prog":33.0},{"Player":"Dedryck Boyata","Pos":"DF","Cmp":911.0,"Cmp%":88.9,"1\/3":33.0,"PPA":2.0,"CrsPA":0.0,"Prog":32.0},{"Player":"Julian Brandt","Pos":"FW","Cmp":768.0,"Cmp%":84.2,"1\/3":60.0,"PPA":31.0,"CrsPA":3.0,"Prog":87.0},{"Player":"Josip Brekalo","Pos":"FW","Cmp":639.0,"Cmp%":75.3,"1\/3":51.0,"PPA":27.0,"CrsPA":7.0,"Prog":84.0},{"Player":"Joshua Sargent","Pos":"DF","Cmp":0.0,"Cmp%":0.0,"1\/3":0.0,"PPA":0.0,"CrsPA":0.0,"Prog":0.0},{"Player":"John Brooks","Pos":"DF","Cmp":1584.0,"Cmp%":84.8,"1\/3":114.0,"PPA":6.0,"CrsPA":0.0,"Prog":123.0},{"Player":"Daniel Brosinski","Pos":"DF","Cmp":532.0,"Cmp%":63.4,"1\/3":44.0,"PPA":21.0,"CrsPA":9.0,"Prog":71.0},{"Player":"Cédric Brunner","Pos":"DF","Cmp":1029.0,"Cmp%":71.4,"1\/3":79.0,"PPA":29.0,"CrsPA":15.0,"Prog":93.0},{"Player":"Marius Bülter","Pos":"FW","Cmp":199.0,"Cmp%":62.0,"1\/3":12.0,"PPA":13.0,"CrsPA":8.0,"Prog":15.0},{"Player":"Jonathan Burkardt","Pos":"FW","Cmp":283.0,"Cmp%":70.8,"1\/3":22.0,"PPA":7.0,"CrsPA":1.0,"Prog":33.0},{"Player":"Roman Bürki","Pos":"GK","Cmp":515.0,"Cmp%":81.9,"1\/3":3.0,"PPA":1.0,"CrsPA":0.0,"Prog":1.0},{"Player":"Daniel Caligiuri","Pos":"MF","Cmp":822.0,"Cmp%":69.0,"1\/3":61.0,"PPA":33.0,"CrsPA":9.0,"Prog":94.0},{"Player":"Emre Can","Pos":"DF","Cmp":1585.0,"Cmp%":87.3,"1\/3":130.0,"PPA":19.0,"CrsPA":2.0,"Prog":120.0},{"Player":"Koen Casteels","Pos":"GK","Cmp":939.0,"Cmp%":75.2,"1\/3":10.0,"PPA":0.0,"CrsPA":0.0,"Prog":0.0},{"Player":"Gonzalo Castro","Pos":"MF","Cmp":675.0,"Cmp%":74.6,"1\/3":61.0,"PPA":31.0,"CrsPA":1.0,"Prog":90.0},{"Player":"Timothy Chandler","Pos":"DF","Cmp":153.0,"Cmp%":71.5,"1\/3":14.0,"PPA":5.0,"CrsPA":1.0,"Prog":26.0},{"Player":"Kingsley Coman","Pos":"FW","Cmp":680.0,"Cmp%":79.4,"1\/3":20.0,"PPA":39.0,"CrsPA":16.0,"Prog":63.0},{"Player":"Jhon Córdoba","Pos":"FW","Cmp":244.0,"Cmp%":76.3,"1\/3":11.0,"PPA":5.0,"CrsPA":3.0,"Prog":14.0},{"Player":"Sergio Córdova","Pos":"FW","Cmp":180.0,"Cmp%":67.4,"1\/3":18.0,"PPA":2.0,"CrsPA":0.0,"Prog":19.0},{"Player":"Danny da Costa","Pos":"DF","Cmp":311.0,"Cmp%":60.7,"1\/3":29.0,"PPA":21.0,"CrsPA":7.0,"Prog":57.0},{"Player":"Danny da Costa","Pos":"DF","Cmp":34.0,"Cmp%":69.4,"1\/3":2.0,"PPA":3.0,"CrsPA":1.0,"Prog":6.0},{"Player":"Tanguy Coulibaly","Pos":"DF","Cmp":347.0,"Cmp%":74.0,"1\/3":10.0,"PPA":13.0,"CrsPA":7.0,"Prog":34.0},{"Player":"Matheus Cunha","Pos":"FW","Cmp":513.0,"Cmp%":65.9,"1\/3":65.0,"PPA":25.0,"CrsPA":1.0,"Prog":74.0},{"Player":"Rafael Czichos","Pos":"DF","Cmp":1122.0,"Cmp%":85.1,"1\/3":86.0,"PPA":7.0,"CrsPA":2.0,"Prog":97.0},{"Player":"Mahmoud Dahoud","Pos":"MF","Cmp":786.0,"Cmp%":86.1,"1\/3":66.0,"PPA":15.0,"CrsPA":2.0,"Prog":64.0},{"Player":"Vladimir Darida","Pos":"MF","Cmp":720.0,"Cmp%":72.5,"1\/3":57.0,"PPA":28.0,"CrsPA":5.0,"Prog":81.0},{"Player":"Alphonso Davies","Pos":"DF","Cmp":1338.0,"Cmp%":89.0,"1\/3":95.0,"PPA":16.0,"CrsPA":5.0,"Prog":107.0},{"Player":"Thomas Delaney","Pos":"MF","Cmp":697.0,"Cmp%":83.8,"1\/3":53.0,"PPA":6.0,"CrsPA":1.0,"Prog":46.0},{"Player":"Kerem Demirbay","Pos":"MF","Cmp":954.0,"Cmp%":78.8,"1\/3":114.0,"PPA":25.0,"CrsPA":8.0,"Prog":122.0},{"Player":"Ermedin Demirovic","Pos":"FW","Cmp":154.0,"Cmp%":58.1,"1\/3":17.0,"PPA":16.0,"CrsPA":3.0,"Prog":34.0},{"Player":"Mike van der Hoorn","Pos":"DF","Cmp":720.0,"Cmp%":87.1,"1\/3":25.0,"PPA":3.0,"CrsPA":0.0,"Prog":30.0},{"Player":"Moussa Diaby","Pos":"FW","Cmp":722.0,"Cmp%":76.1,"1\/3":26.0,"PPA":42.0,"CrsPA":21.0,"Prog":55.0},{"Player":"Daniel Didavi","Pos":"FW","Cmp":318.0,"Cmp%":74.1,"1\/3":41.0,"PPA":22.0,"CrsPA":5.0,"Prog":58.0},{"Player":"Ritsu Doan","Pos":"MF","Cmp":546.0,"Cmp%":63.4,"1\/3":43.0,"PPA":33.0,"CrsPA":10.0,"Prog":80.0},{"Player":"Aleksandar Dragovic","Pos":"DF","Cmp":942.0,"Cmp%":89.0,"1\/3":82.0,"PPA":4.0,"CrsPA":0.0,"Prog":72.0},{"Player":"Dominick Drexler","Pos":"MF","Cmp":411.0,"Cmp%":76.7,"1\/3":20.0,"PPA":16.0,"CrsPA":4.0,"Prog":40.0},{"Player":"Ondrej Duda","Pos":"FW","Cmp":897.0,"Cmp%":71.8,"1\/3":95.0,"PPA":23.0,"CrsPA":9.0,"Prog":102.0},{"Player":"Erik Durm","Pos":"DF","Cmp":517.0,"Cmp%":70.2,"1\/3":26.0,"PPA":15.0,"CrsPA":8.0,"Prog":48.0},{"Player":"Maximilian Eggestein","Pos":"MF","Cmp":1075.0,"Cmp%":78.6,"1\/3":122.0,"PPA":27.0,"CrsPA":3.0,"Prog":160.0},{"Player":"Kingsley Ehizibue","Pos":"DF","Cmp":433.0,"Cmp%":74.1,"1\/3":22.0,"PPA":11.0,"CrsPA":8.0,"Prog":36.0},{"Player":"Nico Elvedi","Pos":"DF","Cmp":1738.0,"Cmp%":92.8,"1\/3":36.0,"PPA":3.0,"CrsPA":1.0,"Prog":63.0},{"Player":"Breel Embolo","Pos":"FW","Cmp":335.0,"Cmp%":73.0,"1\/3":11.0,"PPA":14.0,"CrsPA":1.0,"Prog":23.0},{"Player":"Keita Endo","Pos":"MF","Cmp":76.0,"Cmp%":70.4,"1\/3":7.0,"PPA":3.0,"CrsPA":3.0,"Prog":7.0},{"Player":"Wataru Endo","Pos":"MF","Cmp":1517.0,"Cmp%":84.0,"1\/3":141.0,"PPA":23.0,"CrsPA":2.0,"Prog":174.0},{"Player":"Ralf Fährmann","Pos":"GK","Cmp":541.0,"Cmp%":65.6,"1\/3":8.0,"PPA":0.0,"CrsPA":0.0,"Prog":0.0},{"Player":"Felix Uduokhai","Pos":"DF","Cmp":1215.0,"Cmp%":84.2,"1\/3":67.0,"PPA":4.0,"CrsPA":1.0,"Prog":85.0},{"Player":"Alfred Finnbogason","Pos":"FW","Cmp":111.0,"Cmp%":63.1,"1\/3":13.0,"PPA":5.0,"CrsPA":2.0,"Prog":16.0},{"Player":"Emil Forsberg","Pos":"FW","Cmp":467.0,"Cmp%":77.4,"1\/3":37.0,"PPA":25.0,"CrsPA":1.0,"Prog":50.0},{"Player":"Philipp Förster","Pos":"FW","Cmp":564.0,"Cmp%":79.1,"1\/3":47.0,"PPA":31.0,"CrsPA":2.0,"Prog":92.0},{"Player":"Raphael Framberger","Pos":"DF","Cmp":488.0,"Cmp%":66.1,"1\/3":27.0,"PPA":13.0,"CrsPA":8.0,"Prog":53.0},{"Player":"Marco Friedl","Pos":"DF","Cmp":1360.0,"Cmp%":81.1,"1\/3":126.0,"PPA":9.0,"CrsPA":2.0,"Prog":106.0},{"Player":"Marvin Friedrich","Pos":"DF","Cmp":1461.0,"Cmp%":80.9,"1\/3":118.0,"PPA":12.0,"CrsPA":3.0,"Prog":123.0},{"Player":"Niclas Füllkrug","Pos":"FW","Cmp":151.0,"Cmp%":58.3,"1\/3":17.0,"PPA":1.0,"CrsPA":0.0,"Prog":15.0},{"Player":"Mijat Gacinovic","Pos":"DF","Cmp":338.0,"Cmp%":76.5,"1\/3":22.0,"PPA":7.0,"CrsPA":1.0,"Prog":38.0},{"Player":"Christian Gebauer","Pos":"MF","Cmp":126.0,"Cmp%":65.6,"1\/3":7.0,"PPA":5.0,"CrsPA":1.0,"Prog":21.0},{"Player":"Theodor Gebre Selassie","Pos":"DF","Cmp":1177.0,"Cmp%":76.3,"1\/3":67.0,"PPA":24.0,"CrsPA":10.0,"Prog":109.0},{"Player":"Christian Gentner","Pos":"MF","Cmp":373.0,"Cmp%":78.9,"1\/3":38.0,"PPA":9.0,"CrsPA":2.0,"Prog":47.0},{"Player":"Yannick Gerhardt","Pos":"MF","Cmp":567.0,"Cmp%":74.2,"1\/3":57.0,"PPA":15.0,"CrsPA":5.0,"Prog":59.0},{"Player":"Rafal Gikiewicz","Pos":"GK","Cmp":974.0,"Cmp%":69.6,"1\/3":17.0,"PPA":1.0,"CrsPA":0.0,"Prog":1.0},{"Player":"Matthias Ginter","Pos":"DF","Cmp":2009.0,"Cmp%":85.8,"1\/3":167.0,"PPA":19.0,"CrsPA":4.0,"Prog":183.0},{"Player":"Serge Gnabry","Pos":"FW","Cmp":670.0,"Cmp%":78.1,"1\/3":41.0,"PPA":42.0,"CrsPA":9.0,"Prog":67.0},{"Player":"Nicolás González","Pos":"FW","Cmp":148.0,"Cmp%":61.4,"1\/3":20.0,"PPA":11.0,"CrsPA":1.0,"Prog":27.0},{"Player":"Leon Goretzka","Pos":"MF","Cmp":932.0,"Cmp%":88.0,"1\/3":99.0,"PPA":27.0,"CrsPA":1.0,"Prog":107.0},{"Player":"Jeffrey Gouweleeuw","Pos":"DF","Cmp":1254.0,"Cmp%":80.4,"1\/3":121.0,"PPA":12.0,"CrsPA":1.0,"Prog":116.0},{"Player":"Michael Gregoritsch","Pos":"FW","Cmp":171.0,"Cmp%":64.5,"1\/3":22.0,"PPA":6.0,"CrsPA":1.0,"Prog":19.0},{"Player":"Sebastian Griesbeck","Pos":"MF","Cmp":172.0,"Cmp%":74.1,"1\/3":12.0,"PPA":3.0,"CrsPA":1.0,"Prog":18.0},{"Player":"Vincenzo Grifo","Pos":"MF","Cmp":849.0,"Cmp%":74.5,"1\/3":62.0,"PPA":36.0,"CrsPA":6.0,"Prog":118.0},{"Player":"Florian Grillitsch","Pos":"MF","Cmp":1213.0,"Cmp%":85.8,"1\/3":123.0,"PPA":31.0,"CrsPA":4.0,"Prog":135.0},{"Player":"Christian Groß","Pos":"MF","Cmp":742.0,"Cmp%":86.2,"1\/3":40.0,"PPA":4.0,"CrsPA":1.0,"Prog":46.0},{"Player":"Carlos Gruezo","Pos":"MF","Cmp":646.0,"Cmp%":80.4,"1\/3":53.0,"PPA":6.0,"CrsPA":0.0,"Prog":58.0},{"Player":"Matteo Guendouzi","Pos":"MF","Cmp":866.0,"Cmp%":84.7,"1\/3":93.0,"PPA":18.0,"CrsPA":0.0,"Prog":106.0},{"Player":"Raphael Guerreiro","Pos":"DF","Cmp":1858.0,"Cmp%":86.6,"1\/3":179.0,"PPA":61.0,"CrsPA":13.0,"Prog":228.0},{"Player":"Josuha Guilavogui","Pos":"MF","Cmp":361.0,"Cmp%":84.0,"1\/3":43.0,"PPA":4.0,"CrsPA":0.0,"Prog":35.0},{"Player":"Péter Gulácsi","Pos":"GK","Cmp":1014.0,"Cmp%":86.7,"1\/3":13.0,"PPA":0.0,"CrsPA":0.0,"Prog":1.0},{"Player":"Manuel Gulde","Pos":"DF","Cmp":898.0,"Cmp%":88.5,"1\/3":37.0,"PPA":0.0,"CrsPA":0.0,"Prog":48.0},{"Player":"Robert Gumny","Pos":"DF","Cmp":444.0,"Cmp%":74.6,"1\/3":13.0,"PPA":9.0,"CrsPA":5.0,"Prog":33.0},{"Player":"Christian Günter","Pos":"DF","Cmp":1203.0,"Cmp%":72.6,"1\/3":84.0,"PPA":55.0,"CrsPA":34.0,"Prog":122.0},{"Player":"Erling Haaland","Pos":"FW","Cmp":360.0,"Cmp%":73.5,"1\/3":17.0,"PPA":17.0,"CrsPA":0.0,"Prog":32.0},{"Player":"Alexander Hack","Pos":"DF","Cmp":530.0,"Cmp%":77.3,"1\/3":37.0,"PPA":2.0,"CrsPA":0.0,"Prog":49.0},{"Player":"André Hahn","Pos":"FW","Cmp":262.0,"Cmp%":56.1,"1\/3":15.0,"PPA":12.0,"CrsPA":4.0,"Prog":24.0},{"Player":"Amadou Haidara","Pos":"MF","Cmp":891.0,"Cmp%":80.3,"1\/3":67.0,"PPA":31.0,"CrsPA":6.0,"Prog":114.0},{"Player":"Marcel Halstenberg","Pos":"DF","Cmp":1438.0,"Cmp%":87.8,"1\/3":142.0,"PPA":20.0,"CrsPA":10.0,"Prog":151.0},{"Player":"Amine Harit","Pos":"MF","Cmp":641.0,"Cmp%":75.1,"1\/3":47.0,"PPA":36.0,"CrsPA":3.0,"Prog":94.0},{"Player":"Marcel Hartel","Pos":"MF","Cmp":589.0,"Cmp%":74.7,"1\/3":45.0,"PPA":17.0,"CrsPA":7.0,"Prog":56.0},{"Player":"Makoto Hasebe","Pos":"DF","Cmp":1481.0,"Cmp%":89.0,"1\/3":138.0,"PPA":14.0,"CrsPA":3.0,"Prog":136.0},{"Player":"Thorgan Hazard","Pos":"FW","Cmp":303.0,"Cmp%":82.3,"1\/3":14.0,"PPA":16.0,"CrsPA":1.0,"Prog":34.0},{"Player":"Jonas Hector","Pos":"MF","Cmp":439.0,"Cmp%":77.2,"1\/3":34.0,"PPA":14.0,"CrsPA":1.0,"Prog":45.0},{"Player":"Dominique Heintz","Pos":"DF","Cmp":837.0,"Cmp%":85.8,"1\/3":67.0,"PPA":4.0,"CrsPA":0.0,"Prog":66.0},{"Player":"Lucas Hernández","Pos":"DF","Cmp":1107.0,"Cmp%":84.7,"1\/3":78.0,"PPA":20.0,"CrsPA":12.0,"Prog":88.0},{"Player":"Patrick Herrmann","Pos":"FW","Cmp":234.0,"Cmp%":66.9,"1\/3":13.0,"PPA":8.0,"CrsPA":4.0,"Prog":25.0},{"Player":"Martin Hinteregger","Pos":"DF","Cmp":1560.0,"Cmp%":82.7,"1\/3":129.0,"PPA":8.0,"CrsPA":0.0,"Prog":153.0},{"Player":"Marwin Hitz","Pos":"GK","Cmp":457.0,"Cmp%":83.1,"1\/3":2.0,"PPA":0.0,"CrsPA":0.0,"Prog":0.0},{"Player":"Nicolas Höfler","Pos":"MF","Cmp":1173.0,"Cmp%":84.4,"1\/3":97.0,"PPA":17.0,"CrsPA":3.0,"Prog":107.0},{"Player":"Jonas Hofmann","Pos":"FW","Cmp":763.0,"Cmp%":74.4,"1\/3":53.0,"PPA":25.0,"CrsPA":4.0,"Prog":65.0},{"Player":"Lucas Höler","Pos":"FW","Cmp":446.0,"Cmp%":67.7,"1\/3":28.0,"PPA":14.0,"CrsPA":1.0,"Prog":40.0},{"Player":"Matthew Hoppe","Pos":"FW","Cmp":186.0,"Cmp%":72.7,"1\/3":7.0,"PPA":7.0,"CrsPA":1.0,"Prog":14.0},{"Player":"Jannes Horn","Pos":"DF","Cmp":722.0,"Cmp%":79.6,"1\/3":52.0,"PPA":19.0,"CrsPA":14.0,"Prog":68.0},{"Player":"Timo Horn","Pos":"GK","Cmp":974.0,"Cmp%":73.5,"1\/3":26.0,"PPA":1.0,"CrsPA":0.0,"Prog":0.0},{"Player":"Mats Hummels","Pos":"DF","Cmp":2293.0,"Cmp%":88.8,"1\/3":140.0,"PPA":9.0,"CrsPA":0.0,"Prog":136.0},{"Player":"Iago","Pos":"DF","Cmp":605.0,"Cmp%":73.8,"1\/3":19.0,"PPA":18.0,"CrsPA":10.0,"Prog":41.0},{"Player":"Stefan Ilsanker","Pos":"MF","Cmp":708.0,"Cmp%":80.2,"1\/3":58.0,"PPA":5.0,"CrsPA":1.0,"Prog":66.0},{"Player":"Marcus Ingvartsen","Pos":"MF","Cmp":463.0,"Cmp%":71.0,"1\/3":33.0,"PPA":11.0,"CrsPA":3.0,"Prog":43.0},{"Player":"Ismail Jakobs","Pos":"DF","Cmp":465.0,"Cmp%":66.8,"1\/3":19.0,"PPA":20.0,"CrsPA":13.0,"Prog":37.0},{"Player":"Luka Jovic","Pos":"FW","Cmp":228.0,"Cmp%":78.1,"1\/3":24.0,"PPA":10.0,"CrsPA":1.0,"Prog":34.0},{"Player":"Pavel Kaderábek","Pos":"DF","Cmp":706.0,"Cmp%":73.7,"1\/3":55.0,"PPA":31.0,"CrsPA":15.0,"Prog":89.0},{"Player":"Sasa Kalajdzic","Pos":"FW","Cmp":470.0,"Cmp%":70.4,"1\/3":26.0,"PPA":13.0,"CrsPA":1.0,"Prog":37.0},{"Player":"Daichi Kamada","Pos":"MF","Cmp":751.0,"Cmp%":74.9,"1\/3":76.0,"PPA":28.0,"CrsPA":5.0,"Prog":89.0},{"Player":"Kevin Kampl","Pos":"MF","Cmp":1284.0,"Cmp%":89.9,"1\/3":116.0,"PPA":17.0,"CrsPA":1.0,"Prog":102.0},{"Player":"Atakan Karazor","Pos":"DF","Cmp":615.0,"Cmp%":87.2,"1\/3":24.0,"PPA":1.0,"CrsPA":0.0,"Prog":29.0},{"Player":"Noah Katterbach","Pos":"DF","Cmp":515.0,"Cmp%":77.0,"1\/3":38.0,"PPA":11.0,"CrsPA":7.0,"Prog":54.0},{"Player":"Marc-Oliver Kempf","Pos":"DF","Cmp":1543.0,"Cmp%":82.6,"1\/3":167.0,"PPA":21.0,"CrsPA":2.0,"Prog":162.0},{"Player":"Rani Khedira","Pos":"MF","Cmp":494.0,"Cmp%":73.6,"1\/3":28.0,"PPA":12.0,"CrsPA":3.0,"Prog":43.0},{"Player":"Rani Khedira","Pos":"MF","Cmp":184.0,"Cmp%":82.9,"1\/3":6.0,"PPA":2.0,"CrsPA":0.0,"Prog":15.0},{"Player":"Joshua Kimmich","Pos":"MF","Cmp":1790.0,"Cmp%":84.0,"1\/3":214.0,"PPA":58.0,"CrsPA":8.0,"Prog":230.0},{"Player":"Philipp Klement","Pos":"MF","Cmp":285.0,"Cmp%":82.4,"1\/3":27.0,"PPA":9.0,"CrsPA":1.0,"Prog":22.0},{"Player":"Mateo Klimowicz","Pos":"FW","Cmp":253.0,"Cmp%":75.3,"1\/3":21.0,"PPA":11.0,"CrsPA":1.0,"Prog":28.0},{"Player":"Fabian Klos","Pos":"FW","Cmp":450.0,"Cmp%":56.4,"1\/3":49.0,"PPA":17.0,"CrsPA":2.0,"Prog":79.0},{"Player":"Lukas Klostermann","Pos":"DF","Cmp":1019.0,"Cmp%":88.4,"1\/3":97.0,"PPA":10.0,"CrsPA":1.0,"Prog":79.0},{"Player":"Justin Kluivert","Pos":"FW","Cmp":173.0,"Cmp%":69.2,"1\/3":9.0,"PPA":9.0,"CrsPA":4.0,"Prog":14.0},{"Player":"Robin Knoche","Pos":"DF","Cmp":1747.0,"Cmp%":86.6,"1\/3":75.0,"PPA":2.0,"CrsPA":0.0,"Prog":82.0},{"Player":"Gregor Kobel","Pos":"GK","Cmp":998.0,"Cmp%":82.1,"1\/3":12.0,"PPA":1.0,"CrsPA":0.0,"Prog":1.0},{"Player":"Dominik Kohr","Pos":"MF","Cmp":133.0,"Cmp%":76.9,"1\/3":20.0,"PPA":1.0,"CrsPA":0.0,"Prog":23.0},{"Player":"Dominik Kohr","Pos":"MF","Cmp":394.0,"Cmp%":76.2,"1\/3":53.0,"PPA":6.0,"CrsPA":0.0,"Prog":51.0},{"Player":"Sead Kolasinac","Pos":"DF","Cmp":587.0,"Cmp%":79.4,"1\/3":32.0,"PPA":9.0,"CrsPA":1.0,"Prog":44.0},{"Player":"Filip Kostic","Pos":"DF","Cmp":999.0,"Cmp%":62.7,"1\/3":59.0,"PPA":69.0,"CrsPA":51.0,"Prog":137.0},{"Player":"Andrej Kramaric","Pos":"FW","Cmp":780.0,"Cmp%":76.9,"1\/3":47.0,"PPA":43.0,"CrsPA":13.0,"Prog":68.0},{"Player":"Christoph Kramer","Pos":"MF","Cmp":1130.0,"Cmp%":86.7,"1\/3":84.0,"PPA":13.0,"CrsPA":2.0,"Prog":91.0},{"Player":"Max Kruse","Pos":"FW","Cmp":565.0,"Cmp%":75.4,"1\/3":45.0,"PPA":24.0,"CrsPA":5.0,"Prog":70.0},{"Player":"Lukas Kübler","Pos":"DF","Cmp":281.0,"Cmp%":67.1,"1\/3":20.0,"PPA":9.0,"CrsPA":2.0,"Prog":34.0},{"Player":"Fabian Kunze","Pos":"MF","Cmp":444.0,"Cmp%":78.4,"1\/3":41.0,"PPA":3.0,"CrsPA":0.0,"Prog":48.0},{"Player":"Maxence Lacroix","Pos":"DF","Cmp":1460.0,"Cmp%":84.1,"1\/3":102.0,"PPA":5.0,"CrsPA":0.0,"Prog":110.0},{"Player":"Stefan Lainer","Pos":"DF","Cmp":1289.0,"Cmp%":75.6,"1\/3":97.0,"PPA":33.0,"CrsPA":16.0,"Prog":148.0},{"Player":"Danny Latza","Pos":"MF","Cmp":531.0,"Cmp%":70.6,"1\/3":39.0,"PPA":7.0,"CrsPA":2.0,"Prog":67.0},{"Player":"Valentino Lazaro","Pos":"DF","Cmp":441.0,"Cmp%":76.2,"1\/3":27.0,"PPA":9.0,"CrsPA":4.0,"Prog":32.0},{"Player":"Mathew Leckie","Pos":"FW","Cmp":160.0,"Cmp%":76.2,"1\/3":6.0,"PPA":6.0,"CrsPA":3.0,"Prog":13.0},{"Player":"Christopher Lenz","Pos":"DF","Cmp":976.0,"Cmp%":72.8,"1\/3":72.0,"PPA":30.0,"CrsPA":12.0,"Prog":108.0},{"Player":"Robert Lewandowski","Pos":"FW","Cmp":543.0,"Cmp%":76.5,"1\/3":34.0,"PPA":26.0,"CrsPA":4.0,"Prog":52.0},{"Player":"Philipp Lienhart","Pos":"DF","Cmp":1634.0,"Cmp%":85.7,"1\/3":76.0,"PPA":1.0,"CrsPA":0.0,"Prog":75.0},{"Player":"Anderson-Lenda Lucoqui","Pos":"DF","Cmp":501.0,"Cmp%":68.1,"1\/3":36.0,"PPA":6.0,"CrsPA":0.0,"Prog":49.0},{"Player":"Dodi Lukebakio","Pos":"FW","Cmp":400.0,"Cmp%":75.0,"1\/3":23.0,"PPA":13.0,"CrsPA":6.0,"Prog":34.0},{"Player":"Andreas Luthe","Pos":"GK","Cmp":815.0,"Cmp%":71.6,"1\/3":10.0,"PPA":0.0,"CrsPA":0.0,"Prog":0.0},{"Player":"Arne Maier","Pos":"MF","Cmp":20.0,"Cmp%":95.2,"1\/3":2.0,"PPA":1.0,"CrsPA":0.0,"Prog":3.0},{"Player":"Arne Maier","Pos":"MF","Cmp":306.0,"Cmp%":73.0,"1\/3":21.0,"PPA":10.0,"CrsPA":1.0,"Prog":29.0},{"Player":"Orel Mangala","Pos":"MF","Cmp":881.0,"Cmp%":84.7,"1\/3":69.0,"PPA":12.0,"CrsPA":1.0,"Prog":81.0},{"Player":"Javi Martínez","Pos":"DF","Cmp":352.0,"Cmp%":90.3,"1\/3":34.0,"PPA":2.0,"CrsPA":0.0,"Prog":25.0},{"Player":"Omar Mascarell","Pos":"MF","Cmp":726.0,"Cmp%":82.2,"1\/3":49.0,"PPA":7.0,"CrsPA":0.0,"Prog":66.0},{"Player":"Roberto Massimo","Pos":"DF","Cmp":226.0,"Cmp%":75.6,"1\/3":7.0,"PPA":9.0,"CrsPA":2.0,"Prog":18.0},{"Player":"Jean-Philippe Mateta","Pos":"FW","Cmp":182.0,"Cmp%":72.2,"1\/3":5.0,"PPA":4.0,"CrsPA":0.0,"Prog":6.0},{"Player":"Konstantinos Mavropanos","Pos":"DF","Cmp":844.0,"Cmp%":79.7,"1\/3":72.0,"PPA":6.0,"CrsPA":2.0,"Prog":75.0},{"Player":"Eric Maxim Choupo-Moting","Pos":"FW","Cmp":178.0,"Cmp%":80.9,"1\/3":9.0,"PPA":6.0,"CrsPA":0.0,"Prog":17.0},{"Player":"Kevin Mbabu","Pos":"DF","Cmp":719.0,"Cmp%":69.9,"1\/3":68.0,"PPA":30.0,"CrsPA":11.0,"Prog":141.0},{"Player":"Jean-Manuel Mbom","Pos":"MF","Cmp":257.0,"Cmp%":70.6,"1\/3":20.0,"PPA":6.0,"CrsPA":2.0,"Prog":22.0},{"Player":"Nathan de Medina","Pos":"DF","Cmp":210.0,"Cmp%":66.5,"1\/3":13.0,"PPA":4.0,"CrsPA":2.0,"Prog":13.0},{"Player":"Admir Mehmedi","Pos":"MF","Cmp":347.0,"Cmp%":78.5,"1\/3":35.0,"PPA":17.0,"CrsPA":3.0,"Prog":44.0},{"Player":"Jorge Meré","Pos":"DF","Cmp":603.0,"Cmp%":88.7,"1\/3":32.0,"PPA":5.0,"CrsPA":0.0,"Prog":23.0},{"Player":"Thomas Meunier","Pos":"DF","Cmp":1024.0,"Cmp%":81.7,"1\/3":73.0,"PPA":22.0,"CrsPA":11.0,"Prog":88.0},{"Player":"Maximilian Mittelstädt","Pos":"DF","Cmp":842.0,"Cmp%":74.8,"1\/3":63.0,"PPA":28.0,"CrsPA":14.0,"Prog":81.0},{"Player":"Kevin Möhwald","Pos":"MF","Cmp":832.0,"Cmp%":84.4,"1\/3":65.0,"PPA":11.0,"CrsPA":2.0,"Prog":60.0},{"Player":"Niklas Moisander","Pos":"DF","Cmp":797.0,"Cmp%":90.0,"1\/3":41.0,"PPA":3.0,"CrsPA":0.0,"Prog":46.0},{"Player":"Nordi Mukiele","Pos":"DF","Cmp":891.0,"Cmp%":77.9,"1\/3":60.0,"PPA":17.0,"CrsPA":6.0,"Prog":96.0},{"Player":"Florian Müller","Pos":"GK","Cmp":914.0,"Cmp%":68.3,"1\/3":22.0,"PPA":3.0,"CrsPA":0.0,"Prog":0.0},{"Player":"Thomas Müller","Pos":"MF","Cmp":1132.0,"Cmp%":74.1,"1\/3":95.0,"PPA":62.0,"CrsPA":21.0,"Prog":133.0},{"Player":"Jamal Musiala","Pos":"FW","Cmp":369.0,"Cmp%":84.8,"1\/3":24.0,"PPA":13.0,"CrsPA":1.0,"Prog":38.0},{"Player":"Philipp Mwene","Pos":"DF","Cmp":375.0,"Cmp%":63.6,"1\/3":24.0,"PPA":26.0,"CrsPA":9.0,"Prog":48.0},{"Player":"Matija Nastasic","Pos":"DF","Cmp":594.0,"Cmp%":87.5,"1\/3":22.0,"PPA":0.0,"CrsPA":0.0,"Prog":20.0},{"Player":"Manuel Neuer","Pos":"GK","Cmp":1137.0,"Cmp%":86.3,"1\/3":7.0,"PPA":0.0,"CrsPA":0.0,"Prog":4.0},{"Player":"Florian Neuhaus","Pos":"MF","Cmp":1478.0,"Cmp%":83.6,"1\/3":141.0,"PPA":32.0,"CrsPA":1.0,"Prog":178.0},{"Player":"Jessic Ngankam","Pos":"FW","Cmp":40.0,"Cmp%":75.5,"1\/3":2.0,"PPA":0.0,"CrsPA":0.0,"Prog":2.0},{"Player":"Moussa Niakhate","Pos":"DF","Cmp":1131.0,"Cmp%":74.0,"1\/3":97.0,"PPA":13.0,"CrsPA":4.0,"Prog":112.0},{"Player":"Florian Niederlechner","Pos":"FW","Cmp":229.0,"Cmp%":70.5,"1\/3":16.0,"PPA":9.0,"CrsPA":1.0,"Prog":24.0},{"Player":"Joakim Nilsson","Pos":"DF","Cmp":892.0,"Cmp%":84.3,"1\/3":33.0,"PPA":1.0,"CrsPA":1.0,"Prog":43.0},{"Player":"Christopher Nkunku","Pos":"FW","Cmp":787.0,"Cmp%":77.8,"1\/3":41.0,"PPA":41.0,"CrsPA":5.0,"Prog":77.0},{"Player":"Bastian Oczipka","Pos":"DF","Cmp":885.0,"Cmp%":78.5,"1\/3":49.0,"PPA":19.0,"CrsPA":7.0,"Prog":75.0},{"Player":"Dani Olmo","Pos":"MF","Cmp":982.0,"Cmp%":77.9,"1\/3":104.0,"PPA":54.0,"CrsPA":4.0,"Prog":143.0},{"Player":"Karim Onisiwo","Pos":"FW","Cmp":265.0,"Cmp%":62.6,"1\/3":12.0,"PPA":12.0,"CrsPA":5.0,"Prog":27.0},{"Player":"Willi Orban","Pos":"DF","Cmp":1817.0,"Cmp%":88.3,"1\/3":197.0,"PPA":10.0,"CrsPA":2.0,"Prog":143.0},{"Player":"Yuya Osako","Pos":"MF","Cmp":170.0,"Cmp%":68.3,"1\/3":18.0,"PPA":6.0,"CrsPA":0.0,"Prog":25.0},{"Player":"Paulo Otávio","Pos":"DF","Cmp":742.0,"Cmp%":75.0,"1\/3":41.0,"PPA":28.0,"CrsPA":17.0,"Prog":76.0},{"Player":"Reece Oxford","Pos":"DF","Cmp":559.0,"Cmp%":84.4,"1\/3":33.0,"PPA":2.0,"CrsPA":1.0,"Prog":58.0},{"Player":"Salih Özcan","Pos":"MF","Cmp":560.0,"Cmp%":80.5,"1\/3":41.0,"PPA":3.0,"CrsPA":1.0,"Prog":39.0},{"Player":"Levin Öztunali","Pos":"DF","Cmp":167.0,"Cmp%":61.9,"1\/3":17.0,"PPA":11.0,"CrsPA":4.0,"Prog":25.0},{"Player":"Gonçalo Paciência","Pos":"FW","Cmp":111.0,"Cmp%":61.0,"1\/3":7.0,"PPA":2.0,"CrsPA":1.0,"Prog":9.0},{"Player":"Benjamin Pavard","Pos":"DF","Cmp":1434.0,"Cmp%":85.4,"1\/3":140.0,"PPA":29.0,"CrsPA":11.0,"Prog":164.0},{"Player":"Jiri Pavlenka","Pos":"GK","Cmp":845.0,"Cmp%":73.6,"1\/3":8.0,"PPA":0.0,"CrsPA":0.0,"Prog":0.0},{"Player":"Mads Pedersen","Pos":"DF","Cmp":297.0,"Cmp%":70.4,"1\/3":12.0,"PPA":6.0,"CrsPA":1.0,"Prog":18.0},{"Player":"Peter Pekarík","Pos":"DF","Cmp":780.0,"Cmp%":82.4,"1\/3":44.0,"PPA":15.0,"CrsPA":9.0,"Prog":64.0},{"Player":"Philipp Mwene","Pos":"GK","Cmp":93.0,"Cmp%":84.5,"1\/3":1.0,"PPA":0.0,"CrsPA":0.0,"Prog":0.0},{"Player":"Nils Petersen","Pos":"FW","Cmp":171.0,"Cmp%":67.3,"1\/3":12.0,"PPA":4.0,"CrsPA":0.0,"Prog":15.0},{"Player":"Maximilian Philipp","Pos":"MF","Cmp":279.0,"Cmp%":72.8,"1\/3":17.0,"PPA":8.0,"CrsPA":1.0,"Prog":19.0},{"Player":"Krzysztof Piatek","Pos":"FW","Cmp":288.0,"Cmp%":70.8,"1\/3":9.0,"PPA":5.0,"CrsPA":2.0,"Prog":16.0},{"Player":"Amos Pieper","Pos":"DF","Cmp":1251.0,"Cmp%":83.7,"1\/3":62.0,"PPA":17.0,"CrsPA":0.0,"Prog":78.0},{"Player":"Marvin Plattenhardt","Pos":"DF","Cmp":528.0,"Cmp%":75.6,"1\/3":35.0,"PPA":11.0,"CrsPA":7.0,"Prog":50.0},{"Player":"Alassane Pléa","Pos":"FW","Cmp":498.0,"Cmp%":73.3,"1\/3":47.0,"PPA":37.0,"CrsPA":7.0,"Prog":69.0},{"Player":"Joel Pohjanpalo","Pos":"FW","Cmp":133.0,"Cmp%":70.4,"1\/3":16.0,"PPA":3.0,"CrsPA":2.0,"Prog":19.0},{"Player":"Joel Pohjanpalo","Pos":"MF","Cmp":2.0,"Cmp%":100.0,"1\/3":0.0,"PPA":0.0,"CrsPA":0.0,"Prog":0.0},{"Player":"Stefan Posch","Pos":"DF","Cmp":1174.0,"Cmp%":80.2,"1\/3":110.0,"PPA":14.0,"CrsPA":6.0,"Prog":121.0},{"Player":"Yussuf Poulsen","Pos":"FW","Cmp":323.0,"Cmp%":71.3,"1\/3":17.0,"PPA":13.0,"CrsPA":1.0,"Prog":31.0},{"Player":"Manuel Prietl","Pos":"MF","Cmp":796.0,"Cmp%":80.0,"1\/3":62.0,"PPA":7.0,"CrsPA":1.0,"Prog":55.0},{"Player":"Grischa Prömel","Pos":"MF","Cmp":578.0,"Cmp%":77.7,"1\/3":38.0,"PPA":3.0,"CrsPA":1.0,"Prog":48.0},{"Player":"Robin Quaison","Pos":"FW","Cmp":226.0,"Cmp%":66.5,"1\/3":22.0,"PPA":6.0,"CrsPA":0.0,"Prog":23.0},{"Player":"Benito Raman","Pos":"FW","Cmp":227.0,"Cmp%":68.0,"1\/3":16.0,"PPA":14.0,"CrsPA":4.0,"Prog":36.0},{"Player":"Milot Rashica","Pos":"FW","Cmp":289.0,"Cmp%":67.4,"1\/3":14.0,"PPA":20.0,"CrsPA":12.0,"Prog":24.0},{"Player":"Marco Reus","Pos":"MF","Cmp":914.0,"Cmp%":79.8,"1\/3":60.0,"PPA":43.0,"CrsPA":6.0,"Prog":101.0},{"Player":"Elvis Rexhbecaj","Pos":"MF","Cmp":419.0,"Cmp%":64.9,"1\/3":44.0,"PPA":14.0,"CrsPA":4.0,"Prog":50.0},{"Player":"Marco Richter","Pos":"FW","Cmp":285.0,"Cmp%":59.7,"1\/3":31.0,"PPA":12.0,"CrsPA":5.0,"Prog":39.0},{"Player":"Sebastian Rode","Pos":"MF","Cmp":883.0,"Cmp%":83.9,"1\/3":79.0,"PPA":19.0,"CrsPA":3.0,"Prog":87.0},{"Player":"Jérôme Roussillon","Pos":"DF","Cmp":505.0,"Cmp%":75.0,"1\/3":28.0,"PPA":11.0,"CrsPA":5.0,"Prog":45.0},{"Player":"Sebastian Rudy","Pos":"DF","Cmp":91.0,"Cmp%":66.9,"1\/3":3.0,"PPA":5.0,"CrsPA":1.0,"Prog":10.0},{"Player":"Sebastian Rudy","Pos":"MF","Cmp":713.0,"Cmp%":73.4,"1\/3":69.0,"PPA":24.0,"CrsPA":8.0,"Prog":89.0},{"Player":"Julian Ryerson","Pos":"DF","Cmp":419.0,"Cmp%":73.5,"1\/3":15.0,"PPA":6.0,"CrsPA":3.0,"Prog":28.0},{"Player":"Marcel Sabitzer","Pos":"MF","Cmp":1068.0,"Cmp%":79.5,"1\/3":121.0,"PPA":48.0,"CrsPA":6.0,"Prog":159.0},{"Player":"Roland Sallai","Pos":"MF","Cmp":354.0,"Cmp%":71.8,"1\/3":40.0,"PPA":18.0,"CrsPA":8.0,"Prog":57.0},{"Player":"Diadie Samassékou","Pos":"MF","Cmp":1151.0,"Cmp%":83.9,"1\/3":98.0,"PPA":8.0,"CrsPA":3.0,"Prog":87.0},{"Player":"Jadon Sancho","Pos":"FW","Cmp":1160.0,"Cmp%":78.7,"1\/3":56.0,"PPA":82.0,"CrsPA":5.0,"Prog":148.0},{"Player":"Leroy Sané","Pos":"FW","Cmp":616.0,"Cmp%":74.7,"1\/3":37.0,"PPA":37.0,"CrsPA":8.0,"Prog":67.0},{"Player":"Baptiste Santamaria","Pos":"MF","Cmp":811.0,"Cmp%":76.4,"1\/3":76.0,"PPA":11.0,"CrsPA":6.0,"Prog":93.0},{"Player":"Joshua Sargent","Pos":"FW","Cmp":434.0,"Cmp%":71.0,"1\/3":31.0,"PPA":11.0,"CrsPA":3.0,"Prog":43.0},{"Player":"Patrik Schick","Pos":"FW","Cmp":311.0,"Cmp%":72.5,"1\/3":10.0,"PPA":2.0,"CrsPA":0.0,"Prog":16.0},{"Player":"Sven Schipplock","Pos":"FW","Cmp":100.0,"Cmp%":54.9,"1\/3":11.0,"PPA":0.0,"CrsPA":0.0,"Prog":10.0},{"Player":"Xaver Schlager","Pos":"MF","Cmp":987.0,"Cmp%":77.2,"1\/3":112.0,"PPA":24.0,"CrsPA":1.0,"Prog":111.0},{"Player":"Keven Schlotterbeck","Pos":"DF","Cmp":668.0,"Cmp%":82.5,"1\/3":36.0,"PPA":3.0,"CrsPA":0.0,"Prog":43.0},{"Player":"Nico Schlotterbeck","Pos":"DF","Cmp":654.0,"Cmp%":81.5,"1\/3":61.0,"PPA":2.0,"CrsPA":0.0,"Prog":62.0},{"Player":"Jonathan Schmid","Pos":"DF","Cmp":1012.0,"Cmp%":76.7,"1\/3":83.0,"PPA":37.0,"CrsPA":22.0,"Prog":127.0},{"Player":"Romano Schmid","Pos":"FW","Cmp":340.0,"Cmp%":71.9,"1\/3":38.0,"PPA":14.0,"CrsPA":4.0,"Prog":60.0},{"Player":"Alessandro Schöpf","Pos":"FW","Cmp":289.0,"Cmp%":79.8,"1\/3":17.0,"PPA":3.0,"CrsPA":0.0,"Prog":21.0},{"Player":"Alexander Schwolow","Pos":"GK","Cmp":726.0,"Cmp%":79.1,"1\/3":7.0,"PPA":0.0,"CrsPA":0.0,"Prog":1.0},{"Player":"Christoph Kramer","Pos":"FW","Cmp":6.0,"Cmp%":75.0,"1\/3":1.0,"PPA":0.0,"CrsPA":0.0,"Prog":1.0},{"Player":"Davie Selke","Pos":"FW","Cmp":131.0,"Cmp%":58.7,"1\/3":6.0,"PPA":4.0,"CrsPA":0.0,"Prog":13.0},{"Player":"Suat Serdar","Pos":"MF","Cmp":468.0,"Cmp%":76.5,"1\/3":48.0,"PPA":10.0,"CrsPA":0.0,"Prog":58.0},{"Player":"Ryan Sessegnon","Pos":"DF","Cmp":727.0,"Cmp%":77.8,"1\/3":51.0,"PPA":25.0,"CrsPA":12.0,"Prog":72.0},{"Player":"André Silva","Pos":"FW","Cmp":584.0,"Cmp%":74.1,"1\/3":33.0,"PPA":17.0,"CrsPA":3.0,"Prog":46.0},{"Player":"Daley Sinkgraven","Pos":"DF","Cmp":1059.0,"Cmp%":82.0,"1\/3":79.0,"PPA":16.0,"CrsPA":1.0,"Prog":74.0},{"Player":"Ellyes Skhiri","Pos":"MF","Cmp":1318.0,"Cmp%":87.1,"1\/3":82.0,"PPA":19.0,"CrsPA":3.0,"Prog":103.0},{"Player":"Robert Skov","Pos":"FW","Cmp":360.0,"Cmp%":69.5,"1\/3":18.0,"PPA":17.0,"CrsPA":5.0,"Prog":41.0},{"Player":"Yann Sommer","Pos":"GK","Cmp":1010.0,"Cmp%":81.5,"1\/3":1.0,"PPA":0.0,"CrsPA":0.0,"Prog":2.0},{"Player":"Borna Sosa","Pos":"DF","Cmp":908.0,"Cmp%":70.4,"1\/3":53.0,"PPA":44.0,"CrsPA":28.0,"Prog":99.0},{"Player":"Djibril Sow","Pos":"MF","Cmp":1075.0,"Cmp%":88.5,"1\/3":70.0,"PPA":12.0,"CrsPA":0.0,"Prog":114.0},{"Player":"Benjamin Stambouli","Pos":"MF","Cmp":775.0,"Cmp%":74.9,"1\/3":66.0,"PPA":9.0,"CrsPA":0.0,"Prog":81.0},{"Player":"Niklas Stark","Pos":"DF","Cmp":1290.0,"Cmp%":84.9,"1\/3":86.0,"PPA":11.0,"CrsPA":0.0,"Prog":106.0},{"Player":"Renato Steffen","Pos":"FW","Cmp":481.0,"Cmp%":72.8,"1\/3":47.0,"PPA":22.0,"CrsPA":7.0,"Prog":58.0},{"Player":"Pascal Stenzel","Pos":"DF","Cmp":958.0,"Cmp%":85.9,"1\/3":58.0,"PPA":3.0,"CrsPA":1.0,"Prog":61.0},{"Player":"Lars Stindl","Pos":"MF","Cmp":860.0,"Cmp%":82.0,"1\/3":69.0,"PPA":21.0,"CrsPA":4.0,"Prog":87.0},{"Player":"Kevin Stöger","Pos":"MF","Cmp":273.0,"Cmp%":69.5,"1\/3":25.0,"PPA":9.0,"CrsPA":4.0,"Prog":32.0},{"Player":"Tobias Strobl","Pos":"MF","Cmp":677.0,"Cmp%":81.2,"1\/3":59.0,"PPA":9.0,"CrsPA":1.0,"Prog":72.0},{"Player":"Niklas Süle","Pos":"DF","Cmp":1194.0,"Cmp%":91.0,"1\/3":98.0,"PPA":14.0,"CrsPA":4.0,"Prog":94.0},{"Player":"Ádám Szalai","Pos":"FW","Cmp":113.0,"Cmp%":53.8,"1\/3":12.0,"PPA":3.0,"CrsPA":0.0,"Prog":16.0},{"Player":"Alexander Sørloth","Pos":"FW","Cmp":361.0,"Cmp%":75.2,"1\/3":16.0,"PPA":23.0,"CrsPA":2.0,"Prog":35.0},{"Player":"Jonathan Tah","Pos":"DF","Cmp":1773.0,"Cmp%":90.9,"1\/3":101.0,"PPA":5.0,"CrsPA":1.0,"Prog":105.0},{"Player":"Edmond Tapsoba","Pos":"DF","Cmp":2498.0,"Cmp%":91.0,"1\/3":145.0,"PPA":10.0,"CrsPA":0.0,"Prog":145.0},{"Player":"Cedric Teuchert","Pos":"FW","Cmp":149.0,"Cmp%":72.7,"1\/3":15.0,"PPA":5.0,"CrsPA":0.0,"Prog":19.0},{"Player":"Malick Thiaw","Pos":"DF","Cmp":622.0,"Cmp%":81.7,"1\/3":22.0,"PPA":2.0,"CrsPA":0.0,"Prog":27.0},{"Player":"Jan Thielmann","Pos":"FW","Cmp":229.0,"Cmp%":63.8,"1\/3":21.0,"PPA":3.0,"CrsPA":2.0,"Prog":24.0},{"Player":"Marcus Thuram","Pos":"FW","Cmp":420.0,"Cmp%":71.2,"1\/3":24.0,"PPA":10.0,"CrsPA":2.0,"Prog":37.0},{"Player":"Corentin Tolisso","Pos":"MF","Cmp":469.0,"Cmp%":85.9,"1\/3":68.0,"PPA":5.0,"CrsPA":1.0,"Prog":51.0},{"Player":"Ömer Toprak","Pos":"DF","Cmp":875.0,"Cmp%":83.3,"1\/3":43.0,"PPA":0.0,"CrsPA":0.0,"Prog":56.0},{"Player":"Almamy Touré","Pos":"DF","Cmp":225.0,"Cmp%":65.8,"1\/3":15.0,"PPA":21.0,"CrsPA":14.0,"Prog":33.0},{"Player":"Lucas Tousart","Pos":"MF","Cmp":669.0,"Cmp%":78.9,"1\/3":70.0,"PPA":3.0,"CrsPA":1.0,"Prog":59.0},{"Player":"Kevin Trapp","Pos":"GK","Cmp":944.0,"Cmp%":69.8,"1\/3":14.0,"PPA":0.0,"CrsPA":0.0,"Prog":0.0},{"Player":"Christopher Trimmel","Pos":"DF","Cmp":1107.0,"Cmp%":71.5,"1\/3":57.0,"PPA":35.0,"CrsPA":26.0,"Prog":90.0},{"Player":"Tuta","Pos":"DF","Cmp":850.0,"Cmp%":85.5,"1\/3":53.0,"PPA":2.0,"CrsPA":0.0,"Prog":74.0},{"Player":"Mark Uth","Pos":"FW","Cmp":407.0,"Cmp%":73.9,"1\/3":37.0,"PPA":10.0,"CrsPA":0.0,"Prog":43.0},{"Player":"Ruben Vargas","Pos":"MF","Cmp":414.0,"Cmp%":76.4,"1\/3":29.0,"PPA":18.0,"CrsPA":1.0,"Prog":47.0},{"Player":"Milos Veljkovic","Pos":"DF","Cmp":625.0,"Cmp%":74.9,"1\/3":45.0,"PPA":4.0,"CrsPA":0.0,"Prog":48.0},{"Player":"Andreas Voglsammer","Pos":"FW","Cmp":157.0,"Cmp%":58.4,"1\/3":8.0,"PPA":11.0,"CrsPA":2.0,"Prog":24.0},{"Player":"Kevin Vogt","Pos":"DF","Cmp":1320.0,"Cmp%":89.2,"1\/3":107.0,"PPA":12.0,"CrsPA":0.0,"Prog":114.0},{"Player":"Wout Weghorst","Pos":"FW","Cmp":564.0,"Cmp%":67.8,"1\/3":31.0,"PPA":17.0,"CrsPA":1.0,"Prog":54.0},{"Player":"Wendell","Pos":"DF","Cmp":1032.0,"Cmp%":86.1,"1\/3":69.0,"PPA":12.0,"CrsPA":3.0,"Prog":80.0},{"Player":"Oscar Wendt","Pos":"DF","Cmp":558.0,"Cmp%":77.8,"1\/3":31.0,"PPA":9.0,"CrsPA":3.0,"Prog":51.0},{"Player":"Florian Wirtz","Pos":"MF","Cmp":819.0,"Cmp%":78.2,"1\/3":92.0,"PPA":28.0,"CrsPA":4.0,"Prog":103.0},{"Player":"Axel Witsel","Pos":"MF","Cmp":752.0,"Cmp%":94.0,"1\/3":71.0,"PPA":3.0,"CrsPA":0.0,"Prog":51.0},{"Player":"Hannes Wolf","Pos":"MF","Cmp":429.0,"Cmp%":76.3,"1\/3":31.0,"PPA":13.0,"CrsPA":1.0,"Prog":46.0},{"Player":"Marius Wolf","Pos":"DF","Cmp":868.0,"Cmp%":68.7,"1\/3":99.0,"PPA":25.0,"CrsPA":8.0,"Prog":115.0},{"Player":"Amin Younes","Pos":"MF","Cmp":514.0,"Cmp%":74.5,"1\/3":61.0,"PPA":27.0,"CrsPA":4.0,"Prog":99.0},{"Player":"Denis Zakaria","Pos":"MF","Cmp":587.0,"Cmp%":88.5,"1\/3":50.0,"PPA":7.0,"CrsPA":1.0,"Prog":55.0},{"Player":"Deyovaisio Zeefuik","Pos":"DF","Cmp":370.0,"Cmp%":75.7,"1\/3":24.0,"PPA":16.0,"CrsPA":10.0,"Prog":31.0},{"Player":"Robin Zentner","Pos":"GK","Cmp":723.0,"Cmp%":66.9,"1\/3":12.0,"PPA":1.0,"CrsPA":0.0,"Prog":0.0},{"Player":"Steven Zuber","Pos":"DF,MF","Cmp":"256","Cmp%":"76.0","1\/3":"21","PPA":"11","CrsPA":"6","Prog":"30"}]