[{"Player":"Patrick van Aanholt","Pos":"DF","Cmp":889.0,"Cmp%":78.9,"1\/3":68.0,"PPA":26.0,"CrsPA":4.0,"Prog":112.0},{"Player":"Tammy Abraham","Pos":"FW","Cmp":149.0,"Cmp%":68.3,"1\/3":12.0,"PPA":2.0,"CrsPA":0.0,"Prog":11.0},{"Player":"Che Adams","Pos":"FW","Cmp":443.0,"Cmp%":70.0,"1\/3":27.0,"PPA":25.0,"CrsPA":2.0,"Prog":61.0},{"Player":"Tosin Adarabioyo","Pos":"DF","Cmp":1594.0,"Cmp%":87.4,"1\/3":68.0,"PPA":5.0,"CrsPA":1.0,"Prog":73.0},{"Player":"Ola Aina","Pos":"DF","Cmp":1329.0,"Cmp%":77.7,"1\/3":98.0,"PPA":15.0,"CrsPA":9.0,"Prog":98.0},{"Player":"Rayan Ait Nouri","Pos":"DF","Cmp":657.0,"Cmp%":83.7,"1\/3":30.0,"PPA":14.0,"CrsPA":5.0,"Prog":46.0},{"Player":"Semi Ajayi","Pos":"DF","Cmp":704.0,"Cmp%":74.3,"1\/3":67.0,"PPA":4.0,"CrsPA":0.0,"Prog":64.0},{"Player":"Marc Albrighton","Pos":"DF","Cmp":635.0,"Cmp%":68.8,"1\/3":51.0,"PPA":42.0,"CrsPA":16.0,"Prog":87.0},{"Player":"Thiago Alcántara","Pos":"MF","Cmp":1498.0,"Cmp%":89.5,"1\/3":207.0,"PPA":27.0,"CrsPA":1.0,"Prog":184.0},{"Player":"Toby Alderweireld","Pos":"DF","Cmp":1143.0,"Cmp%":83.7,"1\/3":76.0,"PPA":6.0,"CrsPA":1.0,"Prog":52.0},{"Player":"Trent Alexander-Arnold","Pos":"DF","Cmp":2216.0,"Cmp%":75.3,"1\/3":208.0,"PPA":101.0,"CrsPA":32.0,"Prog":278.0},{"Player":"Ezgjan Alioski","Pos":"DF","Cmp":1305.0,"Cmp%":80.1,"1\/3":82.0,"PPA":32.0,"CrsPA":13.0,"Prog":114.0},{"Player":"Alisson","Pos":"GK","Cmp":968.0,"Cmp%":85.1,"1\/3":7.0,"PPA":0.0,"CrsPA":0.0,"Prog":1.0},{"Player":"Allan","Pos":"MF","Cmp":899.0,"Cmp%":85.8,"1\/3":91.0,"PPA":15.0,"CrsPA":1.0,"Prog":82.0},{"Player":"Dele Alli","Pos":"MF","Cmp":270.0,"Cmp%":80.1,"1\/3":17.0,"PPA":9.0,"CrsPA":1.0,"Prog":27.0},{"Player":"Miguel Almirón","Pos":"MF","Cmp":711.0,"Cmp%":81.1,"1\/3":56.0,"PPA":26.0,"CrsPA":7.0,"Prog":65.0},{"Player":"Steven Alzate","Pos":"MF","Cmp":399.0,"Cmp%":89.5,"1\/3":33.0,"PPA":6.0,"CrsPA":0.0,"Prog":35.0},{"Player":"Ethan Ampadu","Pos":"DF","Cmp":857.0,"Cmp%":80.5,"1\/3":69.0,"PPA":16.0,"CrsPA":2.0,"Prog":84.0},{"Player":"Joachim Andersen","Pos":"DF","Cmp":1529.0,"Cmp%":83.4,"1\/3":121.0,"PPA":9.0,"CrsPA":1.0,"Prog":99.0},{"Player":"Michail Antonio","Pos":"FW","Cmp":326.0,"Cmp%":66.5,"1\/3":22.0,"PPA":12.0,"CrsPA":2.0,"Prog":25.0},{"Player":"Alphonse Areola","Pos":"GK","Cmp":737.0,"Cmp%":73.6,"1\/3":6.0,"PPA":0.0,"CrsPA":0.0,"Prog":0.0},{"Player":"Stuart Armstrong","Pos":"MF","Cmp":1002.0,"Cmp%":79.7,"1\/3":90.0,"PPA":40.0,"CrsPA":5.0,"Prog":116.0},{"Player":"Pierre-Emerick Aubameyang","Pos":"FW","Cmp":518.0,"Cmp%":75.0,"1\/3":18.0,"PPA":27.0,"CrsPA":9.0,"Prog":50.0},{"Player":"Serge Aurier","Pos":"DF","Cmp":769.0,"Cmp%":80.6,"1\/3":29.0,"PPA":20.0,"CrsPA":6.0,"Prog":61.0},{"Player":"Jordan Ayew","Pos":"FW","Cmp":514.0,"Cmp%":78.6,"1\/3":12.0,"PPA":14.0,"CrsPA":2.0,"Prog":36.0},{"Player":"Luke Ayling","Pos":"DF","Cmp":2109.0,"Cmp%":79.3,"1\/3":177.0,"PPA":35.0,"CrsPA":12.0,"Prog":203.0},{"Player":"César Azpilicueta","Pos":"DF","Cmp":1763.0,"Cmp%":87.5,"1\/3":130.0,"PPA":25.0,"CrsPA":5.0,"Prog":116.0},{"Player":"George Baldock","Pos":"DF","Cmp":911.0,"Cmp%":78.5,"1\/3":39.0,"PPA":29.0,"CrsPA":8.0,"Prog":61.0},{"Player":"Gareth Bale","Pos":"FW","Cmp":284.0,"Cmp%":69.6,"1\/3":23.0,"PPA":16.0,"CrsPA":6.0,"Prog":32.0},{"Player":"Patrick Bamford","Pos":"FW","Cmp":386.0,"Cmp%":76.3,"1\/3":21.0,"PPA":13.0,"CrsPA":2.0,"Prog":31.0},{"Player":"Ross Barkley","Pos":"MF","Cmp":619.0,"Cmp%":81.0,"1\/3":45.0,"PPA":27.0,"CrsPA":0.0,"Prog":76.0},{"Player":"Ross Barkley","Pos":"MF","Cmp":22.0,"Cmp%":84.6,"1\/3":2.0,"PPA":1.0,"CrsPA":0.0,"Prog":2.0},{"Player":"Ashley Barnes","Pos":"FW","Cmp":195.0,"Cmp%":63.5,"1\/3":13.0,"PPA":7.0,"CrsPA":1.0,"Prog":20.0},{"Player":"Harvey Barnes","Pos":"FW","Cmp":468.0,"Cmp%":74.8,"1\/3":37.0,"PPA":19.0,"CrsPA":2.0,"Prog":62.0},{"Player":"Kyle Bartley","Pos":"DF","Cmp":630.0,"Cmp%":77.9,"1\/3":52.0,"PPA":3.0,"CrsPA":1.0,"Prog":30.0},{"Player":"Chris Basham","Pos":"DF","Cmp":900.0,"Cmp%":81.4,"1\/3":54.0,"PPA":15.0,"CrsPA":7.0,"Prog":62.0},{"Player":"Michy Batshuayi","Pos":"FW","Cmp":118.0,"Cmp%":70.2,"1\/3":7.0,"PPA":4.0,"CrsPA":1.0,"Prog":11.0},{"Player":"Jan Bednarek","Pos":"DF","Cmp":1697.0,"Cmp%":84.6,"1\/3":80.0,"PPA":4.0,"CrsPA":0.0,"Prog":80.0},{"Player":"Donny van de Beek","Pos":"MF","Cmp":235.0,"Cmp%":84.2,"1\/3":11.0,"PPA":2.0,"CrsPA":1.0,"Prog":10.0},{"Player":"Héctor Bellerín","Pos":"DF","Cmp":1079.0,"Cmp%":82.9,"1\/3":61.0,"PPA":29.0,"CrsPA":9.0,"Prog":88.0},{"Player":"Said Benrahma","Pos":"FW","Cmp":411.0,"Cmp%":78.0,"1\/3":41.0,"PPA":22.0,"CrsPA":6.0,"Prog":47.0},{"Player":"Christian Benteke","Pos":"FW","Cmp":366.0,"Cmp%":63.9,"1\/3":25.0,"PPA":14.0,"CrsPA":2.0,"Prog":33.0},{"Player":"Johann Berg Gudmundsson","Pos":"MF","Cmp":356.0,"Cmp%":75.4,"1\/3":19.0,"PPA":15.0,"CrsPA":5.0,"Prog":34.0},{"Player":"Sander Berge","Pos":"MF","Cmp":380.0,"Cmp%":81.9,"1\/3":33.0,"PPA":4.0,"CrsPA":2.0,"Prog":30.0},{"Player":"Steven Bergwijn","Pos":"FW","Cmp":347.0,"Cmp%":81.1,"1\/3":21.0,"PPA":9.0,"CrsPA":0.0,"Prog":18.0},{"Player":"Ryan Bertrand","Pos":"DF","Cmp":1181.0,"Cmp%":76.8,"1\/3":65.0,"PPA":24.0,"CrsPA":5.0,"Prog":97.0},{"Player":"Yves Bissouma","Pos":"MF","Cmp":1461.0,"Cmp%":87.2,"1\/3":123.0,"PPA":21.0,"CrsPA":2.0,"Prog":114.0},{"Player":"Jayden Bogle","Pos":"DF","Cmp":300.0,"Cmp%":78.3,"1\/3":17.0,"PPA":7.0,"CrsPA":1.0,"Prog":23.0},{"Player":"Willy Boly","Pos":"DF","Cmp":830.0,"Cmp%":82.8,"1\/3":47.0,"PPA":1.0,"CrsPA":0.0,"Prog":40.0},{"Player":"Jarrod Bowen","Pos":"FW","Cmp":499.0,"Cmp%":68.0,"1\/3":22.0,"PPA":22.0,"CrsPA":9.0,"Prog":37.0},{"Player":"Robbie Brady","Pos":"MF","Cmp":266.0,"Cmp%":67.7,"1\/3":23.0,"PPA":6.0,"CrsPA":4.0,"Prog":32.0},{"Player":"Rhian Brewster","Pos":"FW","Cmp":156.0,"Cmp%":69.3,"1\/3":13.0,"PPA":4.0,"CrsPA":2.0,"Prog":14.0},{"Player":"Josh Brownhill","Pos":"MF","Cmp":938.0,"Cmp%":79.0,"1\/3":66.0,"PPA":17.0,"CrsPA":2.0,"Prog":66.0},{"Player":"Joe Bryan","Pos":"DF","Cmp":295.0,"Cmp%":70.2,"1\/3":23.0,"PPA":5.0,"CrsPA":2.0,"Prog":27.0},{"Player":"Oliver Burke","Pos":"FW","Cmp":185.0,"Cmp%":70.6,"1\/3":5.0,"PPA":8.0,"CrsPA":1.0,"Prog":11.0},{"Player":"Dan Burn","Pos":"DF","Cmp":952.0,"Cmp%":76.7,"1\/3":73.0,"PPA":15.0,"CrsPA":5.0,"Prog":77.0},{"Player":"Gary Cahill","Pos":"DF","Cmp":590.0,"Cmp%":84.6,"1\/3":34.0,"PPA":1.0,"CrsPA":0.0,"Prog":34.0},{"Player":"Dominic Calvert-Lewin","Pos":"FW","Cmp":479.0,"Cmp%":71.6,"1\/3":27.0,"PPA":11.0,"CrsPA":1.0,"Prog":36.0},{"Player":"João Cancelo","Pos":"DF","Cmp":1795.0,"Cmp%":85.7,"1\/3":135.0,"PPA":69.0,"CrsPA":9.0,"Prog":166.0},{"Player":"Andy Carroll","Pos":"FW","Cmp":89.0,"Cmp%":63.1,"1\/3":10.0,"PPA":3.0,"CrsPA":0.0,"Prog":12.0},{"Player":"Fabinho","Pos":"MF","Cmp":67.0,"Cmp%":77.9,"1\/3":3.0,"PPA":2.0,"CrsPA":0.0,"Prog":5.0},{"Player":"Matthew Cash","Pos":"DF","Cmp":959.0,"Cmp%":73.9,"1\/3":78.0,"PPA":24.0,"CrsPA":16.0,"Prog":64.0},{"Player":"Timothy Castagne","Pos":"DF","Cmp":1267.0,"Cmp%":83.8,"1\/3":87.0,"PPA":21.0,"CrsPA":7.0,"Prog":99.0},{"Player":"Ivan Cavaleiro","Pos":"FW","Cmp":600.0,"Cmp%":72.0,"1\/3":19.0,"PPA":30.0,"CrsPA":11.0,"Prog":50.0},{"Player":"Edinson Cavani","Pos":"FW","Cmp":270.0,"Cmp%":78.7,"1\/3":16.0,"PPA":13.0,"CrsPA":1.0,"Prog":18.0},{"Player":"Dani Ceballos","Pos":"MF","Cmp":1112.0,"Cmp%":86.5,"1\/3":131.0,"PPA":22.0,"CrsPA":3.0,"Prog":107.0},{"Player":"Ben Chilwell","Pos":"DF","Cmp":1419.0,"Cmp%":78.6,"1\/3":87.0,"PPA":26.0,"CrsPA":11.0,"Prog":127.0},{"Player":"Andreas Christensen","Pos":"DF","Cmp":1011.0,"Cmp%":92.8,"1\/3":44.0,"PPA":3.0,"CrsPA":0.0,"Prog":46.0},{"Player":"Ciaran Clark","Pos":"DF","Cmp":620.0,"Cmp%":83.0,"1\/3":35.0,"PPA":2.0,"CrsPA":0.0,"Prog":35.0},{"Player":"Conor Coady","Pos":"DF","Cmp":1576.0,"Cmp%":88.1,"1\/3":78.0,"PPA":1.0,"CrsPA":0.0,"Prog":59.0},{"Player":"Seamus Coleman","Pos":"DF","Cmp":625.0,"Cmp%":81.5,"1\/3":32.0,"PPA":14.0,"CrsPA":5.0,"Prog":43.0},{"Player":"Aaron Connolly","Pos":"FW","Cmp":79.0,"Cmp%":78.2,"1\/3":2.0,"PPA":1.0,"CrsPA":0.0,"Prog":3.0},{"Player":"Liam Cooper","Pos":"DF","Cmp":1363.0,"Cmp%":87.7,"1\/3":78.0,"PPA":3.0,"CrsPA":0.0,"Prog":67.0},{"Player":"Jack Cork","Pos":"MF","Cmp":413.0,"Cmp%":82.8,"1\/3":39.0,"PPA":3.0,"CrsPA":0.0,"Prog":26.0},{"Player":"Hélder Costa","Pos":"MF","Cmp":242.0,"Cmp%":73.8,"1\/3":7.0,"PPA":13.0,"CrsPA":4.0,"Prog":16.0},{"Player":"Vladimir Coufal","Pos":"DF","Cmp":1200.0,"Cmp%":70.9,"1\/3":82.0,"PPA":40.0,"CrsPA":23.0,"Prog":119.0},{"Player":"Aaron Cresswell","Pos":"DF","Cmp":1541.0,"Cmp%":74.8,"1\/3":149.0,"PPA":24.0,"CrsPA":17.0,"Prog":120.0},{"Player":"Stuart Dallas","Pos":"DF","Cmp":1813.0,"Cmp%":82.0,"1\/3":141.0,"PPA":38.0,"CrsPA":9.0,"Prog":182.0},{"Player":"Scott Dann","Pos":"DF","Cmp":508.0,"Cmp%":84.1,"1\/3":24.0,"PPA":0.0,"CrsPA":0.0,"Prog":28.0},{"Player":"Karl Darlow","Pos":"GK","Cmp":364.0,"Cmp%":50.1,"1\/3":8.0,"PPA":0.0,"CrsPA":0.0,"Prog":0.0},{"Player":"Ben Davies","Pos":"DF","Cmp":610.0,"Cmp%":77.9,"1\/3":42.0,"PPA":9.0,"CrsPA":4.0,"Prog":43.0},{"Player":"Tom Davies","Pos":"MF","Cmp":573.0,"Cmp%":83.8,"1\/3":43.0,"PPA":7.0,"CrsPA":2.0,"Prog":47.0},{"Player":"Keinan Davis","Pos":"FW","Cmp":58.0,"Cmp%":73.4,"1\/3":1.0,"PPA":3.0,"CrsPA":0.0,"Prog":3.0},{"Player":"Craig Dawson","Pos":"DF","Cmp":592.0,"Cmp%":82.5,"1\/3":41.0,"PPA":1.0,"CrsPA":0.0,"Prog":25.0},{"Player":"Kevin De Bruyne","Pos":"MF","Cmp":1068.0,"Cmp%":76.0,"1\/3":128.0,"PPA":79.0,"CrsPA":9.0,"Prog":173.0},{"Player":"Leander Dendoncker","Pos":"MF","Cmp":1021.0,"Cmp%":87.9,"1\/3":64.0,"PPA":8.0,"CrsPA":2.0,"Prog":62.0},{"Player":"Mbaye Diagne","Pos":"FW","Cmp":162.0,"Cmp%":70.4,"1\/3":13.0,"PPA":5.0,"CrsPA":2.0,"Prog":16.0},{"Player":"Ibrahima Diallo","Pos":"MF","Cmp":500.0,"Cmp%":85.2,"1\/3":36.0,"PPA":6.0,"CrsPA":1.0,"Prog":33.0},{"Player":"Grady Diangana","Pos":"MF","Cmp":256.0,"Cmp%":72.9,"1\/3":15.0,"PPA":7.0,"CrsPA":0.0,"Prog":26.0},{"Player":"Rúben Dias","Pos":"DF","Cmp":2499.0,"Cmp%":93.5,"1\/3":166.0,"PPA":9.0,"CrsPA":1.0,"Prog":116.0},{"Player":"Eric Dier","Pos":"DF","Cmp":1400.0,"Cmp%":84.6,"1\/3":72.0,"PPA":5.0,"CrsPA":0.0,"Prog":62.0},{"Player":"Lucas Digne","Pos":"DF","Cmp":1225.0,"Cmp%":72.5,"1\/3":63.0,"PPA":37.0,"CrsPA":26.0,"Prog":108.0},{"Player":"Issa Diop","Pos":"DF","Cmp":475.0,"Cmp%":84.4,"1\/3":28.0,"PPA":0.0,"CrsPA":0.0,"Prog":22.0},{"Player":"Moussa Djenepo","Pos":"MF","Cmp":295.0,"Cmp%":73.8,"1\/3":17.0,"PPA":13.0,"CrsPA":2.0,"Prog":24.0},{"Player":"Matt Doherty","Pos":"DF","Cmp":666.0,"Cmp%":80.6,"1\/3":23.0,"PPA":14.0,"CrsPA":7.0,"Prog":43.0},{"Player":"Gabriel","Pos":"DF","Cmp":1283.0,"Cmp%":86.0,"1\/3":82.0,"PPA":3.0,"CrsPA":2.0,"Prog":53.0},{"Player":"Abdoulaye Doucouré","Pos":"MF","Cmp":1146.0,"Cmp%":86.0,"1\/3":69.0,"PPA":21.0,"CrsPA":1.0,"Prog":65.0},{"Player":"Paul Dummett","Pos":"DF","Cmp":411.0,"Cmp%":76.8,"1\/3":31.0,"PPA":5.0,"CrsPA":2.0,"Prog":23.0},{"Player":"Lewis Dunk","Pos":"DF","Cmp":1935.0,"Cmp%":90.0,"1\/3":116.0,"PPA":2.0,"CrsPA":0.0,"Prog":70.0},{"Player":"Ederson","Pos":"GK","Cmp":906.0,"Cmp%":83.1,"1\/3":7.0,"PPA":2.0,"CrsPA":0.0,"Prog":1.0},{"Player":"John Egan","Pos":"DF","Cmp":925.0,"Cmp%":84.6,"1\/3":81.0,"PPA":7.0,"CrsPA":1.0,"Prog":58.0},{"Player":"Mohamed Elneny","Pos":"MF","Cmp":937.0,"Cmp%":93.4,"1\/3":77.0,"PPA":9.0,"CrsPA":0.0,"Prog":60.0},{"Player":"Jonny Evans","Pos":"DF","Cmp":1544.0,"Cmp%":87.5,"1\/3":92.0,"PPA":3.0,"CrsPA":0.0,"Prog":63.0},{"Player":"Eberechi Eze","Pos":"MF","Cmp":918.0,"Cmp%":79.3,"1\/3":77.0,"PPA":32.0,"CrsPA":3.0,"Prog":111.0},{"Player":"Lukasz Fabianski","Pos":"GK","Cmp":606.0,"Cmp%":60.5,"1\/3":19.0,"PPA":0.0,"CrsPA":0.0,"Prog":0.0},{"Player":"Fabinho","Pos":"DF","Cmp":1867.0,"Cmp%":91.1,"1\/3":110.0,"PPA":16.0,"CrsPA":1.0,"Prog":102.0},{"Player":"Bruno Fernandes","Pos":"MF","Cmp":1702.0,"Cmp%":74.6,"1\/3":177.0,"PPA":96.0,"CrsPA":8.0,"Prog":227.0},{"Player":"Federico Fernández","Pos":"DF","Cmp":671.0,"Cmp%":80.2,"1\/3":19.0,"PPA":3.0,"CrsPA":2.0,"Prog":19.0},{"Player":"Fernandinho","Pos":"MF","Cmp":878.0,"Cmp%":87.7,"1\/3":135.0,"PPA":17.0,"CrsPA":2.0,"Prog":96.0},{"Player":"Roberto Firmino","Pos":"FW","Cmp":1043.0,"Cmp%":79.7,"1\/3":85.0,"PPA":43.0,"CrsPA":0.0,"Prog":134.0},{"Player":"John Fleck","Pos":"MF","Cmp":946.0,"Cmp%":78.0,"1\/3":113.0,"PPA":25.0,"CrsPA":4.0,"Prog":103.0},{"Player":"Phil Foden","Pos":"FW","Cmp":687.0,"Cmp%":82.0,"1\/3":40.0,"PPA":24.0,"CrsPA":2.0,"Prog":60.0},{"Player":"Wesley Fofana","Pos":"DF","Cmp":1474.0,"Cmp%":88.2,"1\/3":112.0,"PPA":1.0,"CrsPA":0.0,"Prog":78.0},{"Player":"Pablo Fornals","Pos":"FW","Cmp":852.0,"Cmp%":77.3,"1\/3":72.0,"PPA":32.0,"CrsPA":5.0,"Prog":108.0},{"Player":"Ryan Fraser","Pos":"FW","Cmp":243.0,"Cmp%":65.9,"1\/3":7.0,"PPA":10.0,"CrsPA":9.0,"Prog":17.0},{"Player":"Fred","Pos":"MF","Cmp":1555.0,"Cmp%":88.2,"1\/3":174.0,"PPA":18.0,"CrsPA":0.0,"Prog":149.0},{"Player":"Darnell Furlong","Pos":"DF","Cmp":700.0,"Cmp%":59.5,"1\/3":59.0,"PPA":18.0,"CrsPA":14.0,"Prog":78.0},{"Player":"Conor Gallagher","Pos":"MF","Cmp":742.0,"Cmp%":77.9,"1\/3":76.0,"PPA":15.0,"CrsPA":2.0,"Prog":54.0},{"Player":"Dwight Gayle","Pos":"FW","Cmp":91.0,"Cmp%":79.8,"1\/3":0.0,"PPA":2.0,"CrsPA":0.0,"Prog":3.0},{"Player":"David de Gea","Pos":"GK","Cmp":458.0,"Cmp%":77.1,"1\/3":4.0,"PPA":0.0,"CrsPA":0.0,"Prog":0.0},{"Player":"Anwar El Ghazi","Pos":"FW","Cmp":432.0,"Cmp%":70.5,"1\/3":27.0,"PPA":18.0,"CrsPA":10.0,"Prog":39.0},{"Player":"Olivier Giroud","Pos":"FW","Cmp":161.0,"Cmp%":74.2,"1\/3":7.0,"PPA":1.0,"CrsPA":0.0,"Prog":7.0},{"Player":"Ben Godfrey","Pos":"DF","Cmp":1102.0,"Cmp%":84.6,"1\/3":58.0,"PPA":5.0,"CrsPA":2.0,"Prog":51.0},{"Player":"André Gomes","Pos":"MF","Cmp":750.0,"Cmp%":83.2,"1\/3":82.0,"PPA":13.0,"CrsPA":2.0,"Prog":80.0},{"Player":"Karlan Grant","Pos":"FW","Cmp":167.0,"Cmp%":73.2,"1\/3":5.0,"PPA":6.0,"CrsPA":0.0,"Prog":9.0},{"Player":"Jack Grealish","Pos":"FW","Cmp":864.0,"Cmp%":78.5,"1\/3":84.0,"PPA":72.0,"CrsPA":4.0,"Prog":168.0},{"Player":"Mason Greenwood","Pos":"FW","Cmp":608.0,"Cmp%":83.1,"1\/3":26.0,"PPA":17.0,"CrsPA":3.0,"Prog":42.0},{"Player":"Pascal Groß","Pos":"MF","Cmp":1260.0,"Cmp%":75.5,"1\/3":81.0,"PPA":50.0,"CrsPA":17.0,"Prog":129.0},{"Player":"Vicente Guaita","Pos":"GK","Cmp":598.0,"Cmp%":55.4,"1\/3":7.0,"PPA":0.0,"CrsPA":0.0,"Prog":0.0},{"Player":"Ilkay Gündogan","Pos":"MF","Cmp":1553.0,"Cmp%":91.0,"1\/3":140.0,"PPA":35.0,"CrsPA":2.0,"Prog":118.0},{"Player":"Sébastien Haller","Pos":"FW","Cmp":171.0,"Cmp%":67.9,"1\/3":13.0,"PPA":5.0,"CrsPA":1.0,"Prog":19.0},{"Player":"Jack Harrison","Pos":"MF","Cmp":788.0,"Cmp%":67.8,"1\/3":37.0,"PPA":65.0,"CrsPA":20.0,"Prog":111.0},{"Player":"Kai Havertz","Pos":"MF","Cmp":659.0,"Cmp%":86.1,"1\/3":34.0,"PPA":19.0,"CrsPA":2.0,"Prog":42.0},{"Player":"Isaac Hayden","Pos":"MF","Cmp":629.0,"Cmp%":79.6,"1\/3":48.0,"PPA":3.0,"CrsPA":1.0,"Prog":41.0},{"Player":"Jordan Henderson","Pos":"MF","Cmp":1572.0,"Cmp%":86.8,"1\/3":206.0,"PPA":30.0,"CrsPA":1.0,"Prog":145.0},{"Player":"Jeff Hendrick","Pos":"MF","Cmp":429.0,"Cmp%":80.5,"1\/3":27.0,"PPA":5.0,"CrsPA":1.0,"Prog":35.0},{"Player":"Pablo Hernández","Pos":"MF","Cmp":290.0,"Cmp%":74.2,"1\/3":48.0,"PPA":13.0,"CrsPA":1.0,"Prog":63.0},{"Player":"Son Heung-Min","Pos":"FW","Cmp":920.0,"Cmp%":76.7,"1\/3":32.0,"PPA":29.0,"CrsPA":2.0,"Prog":64.0},{"Player":"Rob Holding","Pos":"DF","Cmp":1578.0,"Cmp%":89.3,"1\/3":120.0,"PPA":6.0,"CrsPA":0.0,"Prog":101.0},{"Player":"Mason Holgate","Pos":"DF","Cmp":945.0,"Cmp%":78.8,"1\/3":59.0,"PPA":12.0,"CrsPA":4.0,"Prog":67.0},{"Player":"Callum Hudson-Odoi","Pos":"FW","Cmp":542.0,"Cmp%":82.2,"1\/3":24.0,"PPA":38.0,"CrsPA":11.0,"Prog":55.0},{"Player":"Pierre-Emile Højbjerg","Pos":"MF","Cmp":2389.0,"Cmp%":88.9,"1\/3":235.0,"PPA":20.0,"CrsPA":4.0,"Prog":193.0},{"Player":"Kelechi Iheanacho","Pos":"FW","Cmp":400.0,"Cmp%":79.8,"1\/3":21.0,"PPA":22.0,"CrsPA":5.0,"Prog":29.0},{"Player":"Danny Ings","Pos":"FW","Cmp":344.0,"Cmp%":66.3,"1\/3":29.0,"PPA":19.0,"CrsPA":6.0,"Prog":49.0},{"Player":"Alex Iwobi","Pos":"FW","Cmp":530.0,"Cmp%":77.0,"1\/3":35.0,"PPA":26.0,"CrsPA":9.0,"Prog":73.0},{"Player":"Alireza Jahanbakhsh","Pos":"FW","Cmp":196.0,"Cmp%":74.0,"1\/3":4.0,"PPA":19.0,"CrsPA":5.0,"Prog":21.0},{"Player":"Daniel James","Pos":"FW","Cmp":237.0,"Cmp%":78.0,"1\/3":6.0,"PPA":12.0,"CrsPA":3.0,"Prog":25.0},{"Player":"Reece James","Pos":"DF","Cmp":1688.0,"Cmp%":85.0,"1\/3":81.0,"PPA":45.0,"CrsPA":24.0,"Prog":111.0},{"Player":"Gabriel Jesus","Pos":"FW","Cmp":638.0,"Cmp%":84.6,"1\/3":23.0,"PPA":14.0,"CrsPA":1.0,"Prog":31.0},{"Player":"Joelinton","Pos":"FW","Cmp":436.0,"Cmp%":73.9,"1\/3":17.0,"PPA":9.0,"CrsPA":2.0,"Prog":26.0},{"Player":"Sam Johnstone","Pos":"GK","Cmp":640.0,"Cmp%":49.9,"1\/3":26.0,"PPA":0.0,"CrsPA":0.0,"Prog":0.0},{"Player":"Curtis Jones","Pos":"MF","Cmp":890.0,"Cmp%":91.2,"1\/3":97.0,"PPA":22.0,"CrsPA":2.0,"Prog":66.0},{"Player":"Jorginho","Pos":"MF","Cmp":1558.0,"Cmp%":89.5,"1\/3":140.0,"PPA":20.0,"CrsPA":1.0,"Prog":115.0},{"Player":"Willian","Pos":"FW","Cmp":249.0,"Cmp%":81.4,"1\/3":14.0,"PPA":3.0,"CrsPA":0.0,"Prog":12.0},{"Player":"Diogo Jota","Pos":"FW","Cmp":327.0,"Cmp%":72.5,"1\/3":33.0,"PPA":14.0,"CrsPA":0.0,"Prog":46.0},{"Player":"James Justin","Pos":"DF","Cmp":989.0,"Cmp%":79.2,"1\/3":56.0,"PPA":33.0,"CrsPA":7.0,"Prog":92.0},{"Player":"Harry Kane","Pos":"FW","Cmp":657.0,"Cmp%":70.1,"1\/3":98.0,"PPA":41.0,"CrsPA":7.0,"Prog":125.0},{"Player":"Michael Keane","Pos":"DF","Cmp":1631.0,"Cmp%":88.9,"1\/3":104.0,"PPA":6.0,"CrsPA":0.0,"Prog":87.0},{"Player":"Max Kilman","Pos":"DF","Cmp":648.0,"Cmp%":88.6,"1\/3":52.0,"PPA":2.0,"CrsPA":0.0,"Prog":40.0},{"Player":"Mateusz Klich","Pos":"MF","Cmp":1185.0,"Cmp%":79.3,"1\/3":105.0,"PPA":41.0,"CrsPA":6.0,"Prog":140.0},{"Player":"Robin Koch","Pos":"DF","Cmp":648.0,"Cmp%":85.6,"1\/3":36.0,"PPA":3.0,"CrsPA":0.0,"Prog":44.0},{"Player":"Cheikhou Kouyaté","Pos":"DF","Cmp":959.0,"Cmp%":78.8,"1\/3":39.0,"PPA":3.0,"CrsPA":1.0,"Prog":33.0},{"Player":"Mateo Kovacic","Pos":"MF","Cmp":1580.0,"Cmp%":91.0,"1\/3":164.0,"PPA":24.0,"CrsPA":0.0,"Prog":165.0},{"Player":"Emil Krafth","Pos":"DF","Cmp":404.0,"Cmp%":72.5,"1\/3":23.0,"PPA":3.0,"CrsPA":3.0,"Prog":19.0},{"Player":"Alexandre Lacazette","Pos":"FW","Cmp":410.0,"Cmp%":78.2,"1\/3":24.0,"PPA":21.0,"CrsPA":0.0,"Prog":46.0},{"Player":"Adam Lallana","Pos":"MF","Cmp":793.0,"Cmp%":84.7,"1\/3":58.0,"PPA":28.0,"CrsPA":3.0,"Prog":83.0},{"Player":"Erik Lamela","Pos":"FW","Cmp":289.0,"Cmp%":78.5,"1\/3":22.0,"PPA":10.0,"CrsPA":0.0,"Prog":29.0},{"Player":"Manuel Lanzini","Pos":"MF","Cmp":327.0,"Cmp%":88.9,"1\/3":25.0,"PPA":4.0,"CrsPA":0.0,"Prog":20.0},{"Player":"Aymeric Laporte","Pos":"DF","Cmp":1160.0,"Cmp%":92.0,"1\/3":108.0,"PPA":5.0,"CrsPA":0.0,"Prog":72.0},{"Player":"Jamaal Lascelles","Pos":"DF","Cmp":487.0,"Cmp%":81.3,"1\/3":30.0,"PPA":5.0,"CrsPA":0.0,"Prog":32.0},{"Player":"Mario Lemina","Pos":"MF","Cmp":734.0,"Cmp%":85.3,"1\/3":60.0,"PPA":15.0,"CrsPA":1.0,"Prog":56.0},{"Player":"Bernd Leno","Pos":"GK","Cmp":922.0,"Cmp%":79.8,"1\/3":5.0,"PPA":0.0,"CrsPA":0.0,"Prog":2.0},{"Player":"Jamal Lewis","Pos":"DF","Cmp":635.0,"Cmp%":76.2,"1\/3":34.0,"PPA":16.0,"CrsPA":10.0,"Prog":31.0},{"Player":"Victor Lindelöf","Pos":"DF","Cmp":1640.0,"Cmp%":91.1,"1\/3":99.0,"PPA":6.0,"CrsPA":0.0,"Prog":92.0},{"Player":"Jesse Lingard","Pos":"MF","Cmp":544.0,"Cmp%":81.3,"1\/3":58.0,"PPA":26.0,"CrsPA":4.0,"Prog":65.0},{"Player":"Jake Livermore","Pos":"MF","Cmp":283.0,"Cmp%":74.3,"1\/3":29.0,"PPA":2.0,"CrsPA":1.0,"Prog":25.0},{"Player":"Diego Llorente","Pos":"DF","Cmp":568.0,"Cmp%":85.4,"1\/3":28.0,"PPA":1.0,"CrsPA":0.0,"Prog":23.0},{"Player":"Hugo Lloris","Pos":"GK","Cmp":763.0,"Cmp%":71.5,"1\/3":6.0,"PPA":0.0,"CrsPA":0.0,"Prog":0.0},{"Player":"Giovani Lo Celso","Pos":"MF","Cmp":465.0,"Cmp%":78.9,"1\/3":44.0,"PPA":11.0,"CrsPA":0.0,"Prog":58.0},{"Player":"Ruben Loftus-Cheek","Pos":"MF","Cmp":595.0,"Cmp%":83.1,"1\/3":62.0,"PPA":12.0,"CrsPA":2.0,"Prog":71.0},{"Player":"Ruben Loftus-Cheek","Pos":"FW","Cmp":11.0,"Cmp%":68.8,"1\/3":1.0,"PPA":0.0,"CrsPA":0.0,"Prog":1.0},{"Player":"Sean Longstaff","Pos":"MF","Cmp":452.0,"Cmp%":79.0,"1\/3":41.0,"PPA":2.0,"CrsPA":1.0,"Prog":40.0},{"Player":"Ademola Lookman","Pos":"FW","Cmp":880.0,"Cmp%":75.3,"1\/3":46.0,"PPA":42.0,"CrsPA":5.0,"Prog":105.0},{"Player":"Matthew Lowton","Pos":"DF","Cmp":1031.0,"Cmp%":68.8,"1\/3":120.0,"PPA":43.0,"CrsPA":10.0,"Prog":131.0},{"Player":"David Luiz","Pos":"DF","Cmp":807.0,"Cmp%":83.6,"1\/3":66.0,"PPA":8.0,"CrsPA":0.0,"Prog":61.0},{"Player":"Douglas Luiz","Pos":"MF","Cmp":1213.0,"Cmp%":84.8,"1\/3":127.0,"PPA":15.0,"CrsPA":3.0,"Prog":106.0},{"Player":"John Lundstram","Pos":"MF","Cmp":843.0,"Cmp%":81.0,"1\/3":59.0,"PPA":12.0,"CrsPA":2.0,"Prog":59.0},{"Player":"Alexis Mac Allister","Pos":"MF","Cmp":323.0,"Cmp%":79.4,"1\/3":24.0,"PPA":17.0,"CrsPA":0.0,"Prog":36.0},{"Player":"James Maddison","Pos":"MF","Cmp":863.0,"Cmp%":77.3,"1\/3":86.0,"PPA":35.0,"CrsPA":5.0,"Prog":101.0},{"Player":"Harry Maguire","Pos":"DF","Cmp":1904.0,"Cmp%":89.0,"1\/3":194.0,"PPA":8.0,"CrsPA":1.0,"Prog":104.0},{"Player":"Riyad Mahrez","Pos":"FW","Cmp":914.0,"Cmp%":84.2,"1\/3":35.0,"PPA":52.0,"CrsPA":6.0,"Prog":88.0},{"Player":"Ainsley Maitland-Niles","Pos":"MF","Cmp":307.0,"Cmp%":76.6,"1\/3":18.0,"PPA":8.0,"CrsPA":1.0,"Prog":34.0},{"Player":"Ainsley Maitland-Niles","Pos":"DF","Cmp":226.0,"Cmp%":78.5,"1\/3":15.0,"PPA":3.0,"CrsPA":1.0,"Prog":14.0},{"Player":"Josh Maja","Pos":"FW","Cmp":157.0,"Cmp%":87.7,"1\/3":4.0,"PPA":4.0,"CrsPA":0.0,"Prog":7.0},{"Player":"Sadio Mané","Pos":"FW","Cmp":802.0,"Cmp%":75.4,"1\/3":37.0,"PPA":67.0,"CrsPA":10.0,"Prog":105.0},{"Player":"Fernandinho","Pos":"DF","Cmp":306.0,"Cmp%":82.7,"1\/3":15.0,"PPA":2.0,"CrsPA":1.0,"Prog":24.0},{"Player":"Solly March","Pos":"DF","Cmp":681.0,"Cmp%":69.8,"1\/3":39.0,"PPA":34.0,"CrsPA":13.0,"Prog":77.0},{"Player":"Anthony Martial","Pos":"FW","Cmp":404.0,"Cmp%":82.8,"1\/3":26.0,"PPA":15.0,"CrsPA":0.0,"Prog":43.0},{"Player":"Emiliano Martinez","Pos":"GK","Cmp":849.0,"Cmp%":65.6,"1\/3":27.0,"PPA":1.0,"CrsPA":0.0,"Prog":0.0},{"Player":"Nemanja Matic","Pos":"MF","Cmp":882.0,"Cmp%":90.5,"1\/3":83.0,"PPA":10.0,"CrsPA":3.0,"Prog":79.0},{"Player":"Neal Maupay","Pos":"FW","Cmp":508.0,"Cmp%":77.4,"1\/3":32.0,"PPA":28.0,"CrsPA":4.0,"Prog":41.0},{"Player":"James McArthur","Pos":"MF","Cmp":627.0,"Cmp%":81.5,"1\/3":63.0,"PPA":6.0,"CrsPA":0.0,"Prog":60.0},{"Player":"Oliver McBurnie","Pos":"FW","Cmp":268.0,"Cmp%":62.9,"1\/3":21.0,"PPA":16.0,"CrsPA":0.0,"Prog":43.0},{"Player":"Alex McCarthy","Pos":"GK","Cmp":687.0,"Cmp%":64.3,"1\/3":7.0,"PPA":2.0,"CrsPA":0.0,"Prog":0.0},{"Player":"James McCarthy","Pos":"MF","Cmp":254.0,"Cmp%":77.2,"1\/3":26.0,"PPA":4.0,"CrsPA":3.0,"Prog":24.0},{"Player":"John McGinn","Pos":"MF","Cmp":1080.0,"Cmp%":77.3,"1\/3":179.0,"PPA":44.0,"CrsPA":6.0,"Prog":179.0},{"Player":"David McGoldrick","Pos":"FW","Cmp":699.0,"Cmp%":74.4,"1\/3":48.0,"PPA":24.0,"CrsPA":3.0,"Prog":68.0},{"Player":"Dwight McNeil","Pos":"MF","Cmp":920.0,"Cmp%":68.9,"1\/3":74.0,"PPA":41.0,"CrsPA":24.0,"Prog":77.0},{"Player":"Scott McTominay","Pos":"MF","Cmp":1109.0,"Cmp%":87.3,"1\/3":109.0,"PPA":9.0,"CrsPA":1.0,"Prog":104.0},{"Player":"Ben Mee","Pos":"DF","Cmp":784.0,"Cmp%":75.1,"1\/3":51.0,"PPA":1.0,"CrsPA":0.0,"Prog":64.0},{"Player":"Edouard Mendy","Pos":"GK","Cmp":852.0,"Cmp%":84.6,"1\/3":4.0,"PPA":0.0,"CrsPA":0.0,"Prog":0.0},{"Player":"Nampalys Mendy","Pos":"MF","Cmp":882.0,"Cmp%":91.4,"1\/3":78.0,"PPA":0.0,"CrsPA":0.0,"Prog":49.0},{"Player":"Illan Meslier","Pos":"GK","Cmp":1090.0,"Cmp%":80.9,"1\/3":2.0,"PPA":0.0,"CrsPA":0.0,"Prog":0.0},{"Player":"Luka Milivojevic","Pos":"MF","Cmp":1029.0,"Cmp%":81.1,"1\/3":104.0,"PPA":13.0,"CrsPA":2.0,"Prog":108.0},{"Player":"James Milner","Pos":"MF","Cmp":776.0,"Cmp%":84.9,"1\/3":76.0,"PPA":26.0,"CrsPA":5.0,"Prog":89.0},{"Player":"Yerry Mina","Pos":"DF","Cmp":1115.0,"Cmp%":90.9,"1\/3":49.0,"PPA":0.0,"CrsPA":0.0,"Prog":45.0},{"Player":"Takumi Minamino","Pos":"MF","Cmp":111.0,"Cmp%":79.9,"1\/3":11.0,"PPA":2.0,"CrsPA":0.0,"Prog":4.0},{"Player":"Takumi Minamino","Pos":"MF","Cmp":186.0,"Cmp%":72.4,"1\/3":11.0,"PPA":5.0,"CrsPA":0.0,"Prog":17.0},{"Player":"Tyrone Mings","Pos":"DF","Cmp":1262.0,"Cmp%":79.6,"1\/3":120.0,"PPA":6.0,"CrsPA":2.0,"Prog":108.0},{"Player":"Tyrick Mitchell","Pos":"DF","Cmp":547.0,"Cmp%":70.2,"1\/3":50.0,"PPA":10.0,"CrsPA":6.0,"Prog":55.0},{"Player":"Aleksandar Mitrovic","Pos":"FW","Cmp":292.0,"Cmp%":76.0,"1\/3":12.0,"PPA":13.0,"CrsPA":1.0,"Prog":20.0},{"Player":"Mason Mount","Pos":"MF","Cmp":1548.0,"Cmp%":82.3,"1\/3":144.0,"PPA":58.0,"CrsPA":7.0,"Prog":182.0},{"Player":"Lucas Moura","Pos":"FW","Cmp":448.0,"Cmp%":74.7,"1\/3":30.0,"PPA":14.0,"CrsPA":3.0,"Prog":47.0},{"Player":"João Moutinho","Pos":"MF","Cmp":1540.0,"Cmp%":84.8,"1\/3":117.0,"PPA":19.0,"CrsPA":6.0,"Prog":123.0},{"Player":"Jacob Murphy","Pos":"DF","Cmp":416.0,"Cmp%":68.4,"1\/3":26.0,"PPA":28.0,"CrsPA":10.0,"Prog":44.0},{"Player":"Wilfred Ndidi","Pos":"MF","Cmp":1201.0,"Cmp%":88.1,"1\/3":80.0,"PPA":4.0,"CrsPA":0.0,"Prog":57.0},{"Player":"Pedro Neto","Pos":"FW","Cmp":955.0,"Cmp%":78.8,"1\/3":34.0,"PPA":39.0,"CrsPA":24.0,"Prog":53.0},{"Player":"Rúben Neves","Pos":"MF","Cmp":1633.0,"Cmp%":84.3,"1\/3":203.0,"PPA":21.0,"CrsPA":2.0,"Prog":140.0},{"Player":"Eddie Nketiah","Pos":"FW","Cmp":73.0,"Cmp%":82.0,"1\/3":3.0,"PPA":2.0,"CrsPA":0.0,"Prog":3.0},{"Player":"Mark Noble","Pos":"MF","Cmp":374.0,"Cmp%":87.2,"1\/3":41.0,"PPA":6.0,"CrsPA":3.0,"Prog":25.0},{"Player":"Oliver Norwood","Pos":"MF","Cmp":1180.0,"Cmp%":79.6,"1\/3":131.0,"PPA":29.0,"CrsPA":10.0,"Prog":106.0},{"Player":"Angelo Ogbonna","Pos":"DF","Cmp":810.0,"Cmp%":84.4,"1\/3":27.0,"PPA":0.0,"CrsPA":0.0,"Prog":26.0},{"Player":"Ben Osborn","Pos":"MF","Cmp":663.0,"Cmp%":78.9,"1\/3":54.0,"PPA":28.0,"CrsPA":11.0,"Prog":70.0},{"Player":"Ederson","Pos":"DF","Cmp":51.0,"Cmp%":81.0,"1\/3":1.0,"PPA":1.0,"CrsPA":1.0,"Prog":0.0},{"Player":"Thomas Partey","Pos":"MF","Cmp":966.0,"Cmp%":86.9,"1\/3":124.0,"PPA":10.0,"CrsPA":0.0,"Prog":108.0},{"Player":"Rui Patrício","Pos":"GK","Cmp":535.0,"Cmp%":66.8,"1\/3":5.0,"PPA":0.0,"CrsPA":0.0,"Prog":0.0},{"Player":"Nicolas Pepe","Pos":"FW","Cmp":510.0,"Cmp%":75.7,"1\/3":17.0,"PPA":17.0,"CrsPA":1.0,"Prog":40.0},{"Player":"Matheus Pereira","Pos":"MF","Cmp":765.0,"Cmp%":71.8,"1\/3":64.0,"PPA":43.0,"CrsPA":9.0,"Prog":95.0},{"Player":"Ricardo Pereira","Pos":"DF","Cmp":411.0,"Cmp%":78.3,"1\/3":19.0,"PPA":11.0,"CrsPA":1.0,"Prog":44.0},{"Player":"Ayoze Pérez","Pos":"MF","Cmp":382.0,"Cmp%":76.6,"1\/3":26.0,"PPA":27.0,"CrsPA":5.0,"Prog":54.0},{"Player":"Kalvin Phillips","Pos":"MF","Cmp":1210.0,"Cmp%":82.8,"1\/3":139.0,"PPA":16.0,"CrsPA":3.0,"Prog":104.0},{"Player":"Matt Phillips","Pos":"MF","Cmp":393.0,"Cmp%":69.3,"1\/3":21.0,"PPA":21.0,"CrsPA":14.0,"Prog":42.0},{"Player":"Nathaniel Phillips","Pos":"DF","Cmp":923.0,"Cmp%":87.2,"1\/3":79.0,"PPA":2.0,"CrsPA":0.0,"Prog":60.0},{"Player":"Jordan Pickford","Pos":"GK","Cmp":761.0,"Cmp%":66.1,"1\/3":30.0,"PPA":1.0,"CrsPA":0.0,"Prog":0.0},{"Player":"Erik Pieters","Pos":"DF","Cmp":434.0,"Cmp%":74.8,"1\/3":33.0,"PPA":4.0,"CrsPA":1.0,"Prog":31.0},{"Player":"Daniel Podence","Pos":"MF","Cmp":478.0,"Cmp%":75.2,"1\/3":45.0,"PPA":21.0,"CrsPA":3.0,"Prog":66.0},{"Player":"Paul Pogba","Pos":"MF","Cmp":1112.0,"Cmp%":82.8,"1\/3":113.0,"PPA":34.0,"CrsPA":3.0,"Prog":111.0},{"Player":"Nick Pope","Pos":"GK","Cmp":496.0,"Cmp%":50.7,"1\/3":34.0,"PPA":1.0,"CrsPA":0.0,"Prog":1.0},{"Player":"Dennis Praet","Pos":"MF","Cmp":248.0,"Cmp%":79.2,"1\/3":10.0,"PPA":7.0,"CrsPA":2.0,"Prog":20.0},{"Player":"Christian Pulisic","Pos":"FW","Cmp":552.0,"Cmp%":80.0,"1\/3":31.0,"PPA":40.0,"CrsPA":2.0,"Prog":66.0},{"Player":"Aaron Ramsdale","Pos":"GK","Cmp":560.0,"Cmp%":49.1,"1\/3":52.0,"PPA":0.0,"CrsPA":0.0,"Prog":0.0},{"Player":"Jacob Ramsey","Pos":"MF","Cmp":188.0,"Cmp%":85.5,"1\/3":16.0,"PPA":1.0,"CrsPA":1.0,"Prog":15.0},{"Player":"Marcus Rashford","Pos":"FW","Cmp":995.0,"Cmp%":80.6,"1\/3":34.0,"PPA":56.0,"CrsPA":6.0,"Prog":96.0},{"Player":"Nathan Redmond","Pos":"MF","Cmp":564.0,"Cmp%":75.9,"1\/3":35.0,"PPA":31.0,"CrsPA":5.0,"Prog":74.0},{"Player":"Harrison Reed","Pos":"MF","Cmp":1262.0,"Cmp%":86.4,"1\/3":86.0,"PPA":18.0,"CrsPA":4.0,"Prog":97.0},{"Player":"Sergio Reguilón","Pos":"DF","Cmp":1076.0,"Cmp%":77.2,"1\/3":60.0,"PPA":27.0,"CrsPA":16.0,"Prog":82.0},{"Player":"Bobby Reid","Pos":"MF","Cmp":612.0,"Cmp%":74.1,"1\/3":38.0,"PPA":28.0,"CrsPA":6.0,"Prog":60.0},{"Player":"Declan Rice","Pos":"MF","Cmp":1298.0,"Cmp%":86.2,"1\/3":113.0,"PPA":21.0,"CrsPA":9.0,"Prog":94.0},{"Player":"Richarlison","Pos":"FW","Cmp":0.0,"Cmp%":0.0,"1\/3":0.0,"PPA":0.0,"CrsPA":0.0,"Prog":0.0},{"Player":"Richarlison","Pos":"FW","Cmp":534.0,"Cmp%":69.2,"1\/3":24.0,"PPA":14.0,"CrsPA":1.0,"Prog":42.0},{"Player":"Jairo Riedewald","Pos":"MF","Cmp":533.0,"Cmp%":84.9,"1\/3":46.0,"PPA":8.0,"CrsPA":0.0,"Prog":42.0},{"Player":"Matt Ritchie","Pos":"DF","Cmp":411.0,"Cmp%":67.7,"1\/3":27.0,"PPA":18.0,"CrsPA":13.0,"Prog":37.0},{"Player":"Tyler Roberts","Pos":"MF","Cmp":337.0,"Cmp%":72.2,"1\/3":25.0,"PPA":22.0,"CrsPA":1.0,"Prog":43.0},{"Player":"Andrew Robertson","Pos":"DF","Cmp":2567.0,"Cmp%":79.9,"1\/3":177.0,"PPA":66.0,"CrsPA":26.0,"Prog":265.0},{"Player":"Antonee Robinson","Pos":"DF","Cmp":982.0,"Cmp%":72.6,"1\/3":40.0,"PPA":43.0,"CrsPA":25.0,"Prog":87.0},{"Player":"Callum Robinson","Pos":"FW","Cmp":318.0,"Cmp%":70.8,"1\/3":21.0,"PPA":12.0,"CrsPA":7.0,"Prog":21.0},{"Player":"Hal Robson-Kanu","Pos":"FW","Cmp":64.0,"Cmp%":74.4,"1\/3":7.0,"PPA":2.0,"CrsPA":1.0,"Prog":9.0},{"Player":"Rodri","Pos":"MF","Cmp":2495.0,"Cmp%":91.5,"1\/3":239.0,"PPA":17.0,"CrsPA":1.0,"Prog":156.0},{"Player":"Rodrigo","Pos":"MF","Cmp":432.0,"Cmp%":75.4,"1\/3":39.0,"PPA":20.0,"CrsPA":4.0,"Prog":57.0},{"Player":"James Rodríguez","Pos":"FW","Cmp":879.0,"Cmp%":79.1,"1\/3":104.0,"PPA":41.0,"CrsPA":7.0,"Prog":132.0},{"Player":"Jay Rodriguez","Pos":"FW","Cmp":208.0,"Cmp%":73.5,"1\/3":11.0,"PPA":7.0,"CrsPA":1.0,"Prog":22.0},{"Player":"Oriol Romeu","Pos":"MF","Cmp":1042.0,"Cmp%":82.8,"1\/3":62.0,"PPA":15.0,"CrsPA":1.0,"Prog":87.0},{"Player":"Antonio Rüdiger","Pos":"DF","Cmp":1339.0,"Cmp%":90.8,"1\/3":111.0,"PPA":4.0,"CrsPA":1.0,"Prog":52.0},{"Player":"Allan Saint-Maximin","Pos":"FW","Cmp":348.0,"Cmp%":79.8,"1\/3":27.0,"PPA":10.0,"CrsPA":2.0,"Prog":46.0},{"Player":"Romain Saiss","Pos":"DF","Cmp":1157.0,"Cmp%":82.0,"1\/3":106.0,"PPA":8.0,"CrsPA":3.0,"Prog":106.0},{"Player":"Bukayo Saka","Pos":"FW","Cmp":865.0,"Cmp%":74.9,"1\/3":55.0,"PPA":29.0,"CrsPA":8.0,"Prog":64.0},{"Player":"Mohamed Salah","Pos":"FW","Cmp":1071.0,"Cmp%":83.2,"1\/3":61.0,"PPA":74.0,"CrsPA":12.0,"Prog":137.0},{"Player":"Davinson Sánchez","Pos":"DF","Cmp":849.0,"Cmp%":86.9,"1\/3":20.0,"PPA":1.0,"CrsPA":0.0,"Prog":29.0},{"Player":"Robert Sánchez","Pos":"GK","Cmp":784.0,"Cmp%":71.6,"1\/3":25.0,"PPA":0.0,"CrsPA":0.0,"Prog":1.0},{"Player":"Romaine Sawyers","Pos":"MF","Cmp":605.0,"Cmp%":85.0,"1\/3":57.0,"PPA":5.0,"CrsPA":2.0,"Prog":53.0},{"Player":"Fabian Schär","Pos":"DF","Cmp":453.0,"Cmp%":77.7,"1\/3":40.0,"PPA":12.0,"CrsPA":0.0,"Prog":39.0},{"Player":"Jeffrey Schlupp","Pos":"MF","Cmp":304.0,"Cmp%":70.9,"1\/3":31.0,"PPA":10.0,"CrsPA":2.0,"Prog":36.0},{"Player":"Kasper Schmeichel","Pos":"GK","Cmp":885.0,"Cmp%":72.7,"1\/3":7.0,"PPA":0.0,"CrsPA":0.0,"Prog":0.0},{"Player":"Nélson Semedo","Pos":"DF","Cmp":1541.0,"Cmp%":81.4,"1\/3":93.0,"PPA":24.0,"CrsPA":14.0,"Prog":100.0},{"Player":"Billy Sharp","Pos":"FW","Cmp":86.0,"Cmp%":69.9,"1\/3":2.0,"PPA":3.0,"CrsPA":0.0,"Prog":6.0},{"Player":"Luke Shaw","Pos":"DF","Cmp":1645.0,"Cmp%":81.6,"1\/3":87.0,"PPA":46.0,"CrsPA":16.0,"Prog":154.0},{"Player":"Jonjo Shelvey","Pos":"MF","Cmp":1047.0,"Cmp%":73.8,"1\/3":132.0,"PPA":23.0,"CrsPA":5.0,"Prog":110.0},{"Player":"Gylfi Sigurdsson","Pos":"MF","Cmp":749.0,"Cmp%":79.1,"1\/3":52.0,"PPA":22.0,"CrsPA":5.0,"Prog":62.0},{"Player":"Bernardo Silva","Pos":"MF","Cmp":1280.0,"Cmp%":89.7,"1\/3":81.0,"PPA":32.0,"CrsPA":0.0,"Prog":72.0},{"Player":"Fabio Silva","Pos":"FW","Cmp":227.0,"Cmp%":74.2,"1\/3":8.0,"PPA":6.0,"CrsPA":0.0,"Prog":17.0},{"Player":"Thiago Silva","Pos":"DF","Cmp":1749.0,"Cmp%":93.5,"1\/3":113.0,"PPA":7.0,"CrsPA":0.0,"Prog":78.0},{"Player":"Moussa Sissoko","Pos":"MF","Cmp":666.0,"Cmp%":84.1,"1\/3":50.0,"PPA":6.0,"CrsPA":2.0,"Prog":36.0},{"Player":"Willian","Pos":"MF","Cmp":64.0,"Cmp%":82.1,"1\/3":4.0,"PPA":1.0,"CrsPA":0.0,"Prog":5.0},{"Player":"Emile Smith-Rowe","Pos":"MF","Cmp":635.0,"Cmp%":87.7,"1\/3":37.0,"PPA":14.0,"CrsPA":2.0,"Prog":42.0},{"Player":"Caglar Söyüncü","Pos":"DF","Cmp":1202.0,"Cmp%":89.0,"1\/3":74.0,"PPA":5.0,"CrsPA":3.0,"Prog":72.0},{"Player":"Jack Stephens","Pos":"DF","Cmp":845.0,"Cmp%":83.2,"1\/3":67.0,"PPA":11.0,"CrsPA":0.0,"Prog":60.0},{"Player":"Raheem Sterling","Pos":"FW","Cmp":962.0,"Cmp%":85.4,"1\/3":38.0,"PPA":29.0,"CrsPA":5.0,"Prog":62.0},{"Player":"Enda Stevens","Pos":"DF","Cmp":1106.0,"Cmp%":77.5,"1\/3":88.0,"PPA":30.0,"CrsPA":8.0,"Prog":116.0},{"Player":"John Stones","Pos":"DF","Cmp":1615.0,"Cmp%":94.3,"1\/3":113.0,"PPA":4.0,"CrsPA":0.0,"Prog":75.0},{"Player":"Pascal Struijk","Pos":"DF","Cmp":1097.0,"Cmp%":87.1,"1\/3":48.0,"PPA":2.0,"CrsPA":0.0,"Prog":47.0},{"Player":"Matt Targett","Pos":"DF","Cmp":1653.0,"Cmp%":77.0,"1\/3":159.0,"PPA":53.0,"CrsPA":15.0,"Prog":222.0},{"Player":"James Tarkowski","Pos":"DF","Cmp":840.0,"Cmp%":72.0,"1\/3":69.0,"PPA":13.0,"CrsPA":2.0,"Prog":76.0},{"Player":"Charlie Taylor","Pos":"DF","Cmp":907.0,"Cmp%":69.9,"1\/3":73.0,"PPA":25.0,"CrsPA":19.0,"Prog":66.0},{"Player":"Allan","Pos":"DF","Cmp":0.0,"Cmp%":0.0,"1\/3":0.0,"PPA":0.0,"CrsPA":0.0,"Prog":0.0},{"Player":"Nathan Tella","Pos":"FW","Cmp":107.0,"Cmp%":73.3,"1\/3":4.0,"PPA":8.0,"CrsPA":4.0,"Prog":6.0},{"Player":"Kenny Tete","Pos":"DF","Cmp":642.0,"Cmp%":74.4,"1\/3":35.0,"PPA":25.0,"CrsPA":19.0,"Prog":54.0},{"Player":"Willian","Pos":"DF","Cmp":0.0,"Cmp%":0.0,"1\/3":0.0,"PPA":0.0,"CrsPA":0.0,"Prog":0.0},{"Player":"Youri Tielemans","Pos":"MF","Cmp":2011.0,"Cmp%":78.6,"1\/3":212.0,"PPA":43.0,"CrsPA":4.0,"Prog":206.0},{"Player":"Kieran Tierney","Pos":"DF","Cmp":1136.0,"Cmp%":76.2,"1\/3":56.0,"PPA":34.0,"CrsPA":14.0,"Prog":98.0},{"Player":"Ferrán Torres","Pos":"FW","Cmp":360.0,"Cmp%":81.4,"1\/3":16.0,"PPA":15.0,"CrsPA":2.0,"Prog":34.0},{"Player":"Andros Townsend","Pos":"MF","Cmp":587.0,"Cmp%":67.9,"1\/3":42.0,"PPA":40.0,"CrsPA":20.0,"Prog":75.0},{"Player":"Conor Townsend","Pos":"DF","Cmp":881.0,"Cmp%":74.9,"1\/3":78.0,"PPA":25.0,"CrsPA":15.0,"Prog":118.0},{"Player":"Adama Traoré","Pos":"FW","Cmp":579.0,"Cmp%":65.9,"1\/3":43.0,"PPA":26.0,"CrsPA":16.0,"Prog":63.0},{"Player":"Bertrand Traoré","Pos":"FW","Cmp":566.0,"Cmp%":71.1,"1\/3":28.0,"PPA":26.0,"CrsPA":7.0,"Prog":62.0},{"Player":"Trézéguet","Pos":"FW","Cmp":228.0,"Cmp%":69.5,"1\/3":22.0,"PPA":6.0,"CrsPA":3.0,"Prog":28.0},{"Player":"Leandro Trossard","Pos":"FW","Cmp":813.0,"Cmp%":74.9,"1\/3":79.0,"PPA":64.0,"CrsPA":15.0,"Prog":124.0},{"Player":"Jamie Vardy","Pos":"FW","Cmp":300.0,"Cmp%":66.4,"1\/3":13.0,"PPA":11.0,"CrsPA":0.0,"Prog":25.0},{"Player":"Joël Veltman","Pos":"DF","Cmp":1152.0,"Cmp%":77.3,"1\/3":96.0,"PPA":35.0,"CrsPA":13.0,"Prog":121.0},{"Player":"Jannik Vestergaard","Pos":"DF","Cmp":1444.0,"Cmp%":84.3,"1\/3":98.0,"PPA":9.0,"CrsPA":0.0,"Prog":73.0},{"Player":"Vitinha","Pos":"MF","Cmp":290.0,"Cmp%":88.1,"1\/3":21.0,"PPA":3.0,"CrsPA":0.0,"Prog":12.0},{"Player":"Matej Vydra","Pos":"FW","Cmp":193.0,"Cmp%":72.6,"1\/3":7.0,"PPA":9.0,"CrsPA":2.0,"Prog":13.0},{"Player":"Theo Walcott","Pos":"MF","Cmp":307.0,"Cmp%":72.4,"1\/3":19.0,"PPA":14.0,"CrsPA":4.0,"Prog":27.0},{"Player":"Theo Walcott","Pos":"FW","Cmp":1.0,"Cmp%":100.0,"1\/3":0.0,"PPA":0.0,"CrsPA":0.0,"Prog":0.0},{"Player":"Kyle Walker","Pos":"DF","Cmp":1695.0,"Cmp%":89.4,"1\/3":193.0,"PPA":12.0,"CrsPA":2.0,"Prog":107.0},{"Player":"Kyle Walker-Peters","Pos":"DF","Cmp":1295.0,"Cmp%":80.3,"1\/3":59.0,"PPA":16.0,"CrsPA":2.0,"Prog":92.0},{"Player":"Aaron Wan-Bissaka","Pos":"DF","Cmp":1775.0,"Cmp%":86.0,"1\/3":88.0,"PPA":33.0,"CrsPA":14.0,"Prog":125.0},{"Player":"Joel Ward","Pos":"DF","Cmp":783.0,"Cmp%":72.6,"1\/3":61.0,"PPA":10.0,"CrsPA":2.0,"Prog":69.0},{"Player":"James Ward-Prowse","Pos":"MF","Cmp":2117.0,"Cmp%":80.8,"1\/3":155.0,"PPA":24.0,"CrsPA":1.0,"Prog":155.0},{"Player":"Ollie Watkins","Pos":"FW","Cmp":606.0,"Cmp%":72.8,"1\/3":40.0,"PPA":25.0,"CrsPA":3.0,"Prog":45.0},{"Player":"Adam Webster","Pos":"DF","Cmp":1484.0,"Cmp%":82.7,"1\/3":132.0,"PPA":7.0,"CrsPA":1.0,"Prog":110.0},{"Player":"Danny Welbeck","Pos":"FW","Cmp":219.0,"Cmp%":81.7,"1\/3":13.0,"PPA":6.0,"CrsPA":1.0,"Prog":21.0},{"Player":"Timo Werner","Pos":"FW","Cmp":638.0,"Cmp%":77.2,"1\/3":31.0,"PPA":23.0,"CrsPA":6.0,"Prog":56.0},{"Player":"Ashley Westwood","Pos":"MF","Cmp":1567.0,"Cmp%":73.7,"1\/3":181.0,"PPA":73.0,"CrsPA":12.0,"Prog":202.0},{"Player":"Ben White","Pos":"DF","Cmp":1470.0,"Cmp%":83.2,"1\/3":111.0,"PPA":20.0,"CrsPA":2.0,"Prog":116.0},{"Player":"Georginio Wijnaldum","Pos":"MF","Cmp":1630.0,"Cmp%":93.3,"1\/3":140.0,"PPA":21.0,"CrsPA":1.0,"Prog":93.0},{"Player":"Willian","Pos":"FW","Cmp":624.0,"Cmp%":79.3,"1\/3":34.0,"PPA":30.0,"CrsPA":10.0,"Prog":49.0},{"Player":"Joe Willock","Pos":"MF","Cmp":69.0,"Cmp%":75.8,"1\/3":9.0,"PPA":4.0,"CrsPA":1.0,"Prog":6.0},{"Player":"Joe Willock","Pos":"MF","Cmp":180.0,"Cmp%":76.9,"1\/3":19.0,"PPA":7.0,"CrsPA":2.0,"Prog":28.0},{"Player":"Callum Wilson","Pos":"FW","Cmp":255.0,"Cmp%":69.7,"1\/3":10.0,"PPA":13.0,"CrsPA":0.0,"Prog":20.0},{"Player":"Harry Winks","Pos":"MF","Cmp":554.0,"Cmp%":84.2,"1\/3":73.0,"PPA":6.0,"CrsPA":0.0,"Prog":54.0},{"Player":"Chris Wood","Pos":"FW","Cmp":440.0,"Cmp%":66.9,"1\/3":24.0,"PPA":5.0,"CrsPA":0.0,"Prog":34.0},{"Player":"Granit Xhaka","Pos":"MF","Cmp":1945.0,"Cmp%":89.9,"1\/3":268.0,"PPA":29.0,"CrsPA":1.0,"Prog":213.0},{"Player":"Andriy Yarmolenko","Pos":"FW","Cmp":124.0,"Cmp%":79.0,"1\/3":10.0,"PPA":6.0,"CrsPA":2.0,"Prog":11.0},{"Player":"Okay Yokuslu","Pos":"MF","Cmp":441.0,"Cmp%":83.2,"1\/3":27.0,"PPA":3.0,"CrsPA":0.0,"Prog":42.0},{"Player":"Wilfried Zaha","Pos":"FW","Cmp":590.0,"Cmp%":75.8,"1\/3":29.0,"PPA":36.0,"CrsPA":5.0,"Prog":72.0},{"Player":"Oleksandr Zinchenko","Pos":"DF","Cmp":1331.0,"Cmp%":90.2,"1\/3":108.0,"PPA":14.0,"CrsPA":0.0,"Prog":93.0},{"Player":"Hakim Ziyech","Pos":"FW","Cmp":548.0,"Cmp%":74.7,"1\/3":47.0,"PPA":32.0,"CrsPA":6.0,"Prog":70.0},{"Player":"Kurt Zouma","Pos":"DF","Cmp":1580.0,"Cmp%":91.9,"1\/3":96.0,"PPA":3.0,"CrsPA":0.0,"Prog":66.0},{"Player":"Martin Ødegaard","Pos":"MF","Cmp":"450","Cmp%":"86.4","1\/3":"34","PPA":"18","CrsPA":"1","Prog":"48"}]