[{"Player":"Mehdi Abeid","Pos":"MF","Cmp":519.0,"Cmp%":84.9,"1\/3":48.0,"PPA":2.0,"CrsPA":0.0,"Prog":47.0},{"Player":"Khaled Adenon","Pos":"DF","Cmp":958.0,"Cmp%":82.0,"1\/3":39.0,"PPA":1.0,"CrsPA":0.0,"Prog":44.0},{"Player":"Ruben Aguilar","Pos":"DF","Cmp":1114.0,"Cmp%":75.4,"1\/3":90.0,"PPA":30.0,"CrsPA":20.0,"Prog":125.0},{"Player":"Jean Eudes Aholou","Pos":"MF","Cmp":1147.0,"Cmp%":85.2,"1\/3":97.0,"PPA":9.0,"CrsPA":0.0,"Prog":91.0},{"Player":"Youssef Ait Bennasser","Pos":"MF","Cmp":938.0,"Cmp%":81.9,"1\/3":135.0,"PPA":6.0,"CrsPA":1.0,"Prog":129.0},{"Player":"Junior Alonso","Pos":"DF","Cmp":1495.0,"Cmp%":79.7,"1\/3":101.0,"PPA":6.0,"CrsPA":2.0,"Prog":100.0},{"Player":"Dani Alves","Pos":"DF","Cmp":1686.0,"Cmp%":84.9,"1\/3":139.0,"PPA":63.0,"CrsPA":20.0,"Prog":176.0},{"Player":"Ibrahim Amadou","Pos":"MF","Cmp":1339.0,"Cmp%":87.0,"1\/3":118.0,"PPA":3.0,"CrsPA":1.0,"Prog":104.0},{"Player":"Romain Amalfitano","Pos":"MF","Cmp":207.0,"Cmp%":79.6,"1\/3":16.0,"PPA":5.0,"CrsPA":0.0,"Prog":22.0},{"Player":"Romain Amalfitano","Pos":"MF","Cmp":1129.0,"Cmp%":80.6,"1\/3":138.0,"PPA":25.0,"CrsPA":5.0,"Prog":121.0},{"Player":"Jordan Amavi","Pos":"DF","Cmp":1050.0,"Cmp%":79.3,"1\/3":65.0,"PPA":21.0,"CrsPA":13.0,"Prog":72.0},{"Player":"Benjamin André","Pos":"MF","Cmp":1453.0,"Cmp%":77.9,"1\/3":150.0,"PPA":23.0,"CrsPA":5.0,"Prog":148.0},{"Player":"Yoann Andreu","Pos":"DF","Cmp":910.0,"Cmp%":77.4,"1\/3":67.0,"PPA":19.0,"CrsPA":15.0,"Prog":94.0},{"Player":"Houssem Aouar","Pos":"MF","Cmp":1312.0,"Cmp%":85.3,"1\/3":138.0,"PPA":20.0,"CrsPA":1.0,"Prog":138.0},{"Player":"Luiz Araujo","Pos":"FW","Cmp":533.0,"Cmp%":70.4,"1\/3":43.0,"PPA":30.0,"CrsPA":12.0,"Prog":60.0},{"Player":"Alphonse Areola","Pos":"GK","Cmp":524.0,"Cmp%":89.7,"1\/3":1.0,"PPA":0.0,"CrsPA":0.0,"Prog":0.0},{"Player":"Danilo Avelar","Pos":"DF","Cmp":535.0,"Cmp%":63.7,"1\/3":56.0,"PPA":18.0,"CrsPA":9.0,"Prog":88.0},{"Player":"Chidozie Awaziem","Pos":"DF","Cmp":461.0,"Cmp%":72.6,"1\/3":38.0,"PPA":3.0,"CrsPA":1.0,"Prog":45.0},{"Player":"Karim Azamoum","Pos":"MF","Cmp":664.0,"Cmp%":69.7,"1\/3":60.0,"PPA":10.0,"CrsPA":4.0,"Prog":69.0},{"Player":"Ludovic Baal","Pos":"DF","Cmp":625.0,"Cmp%":76.2,"1\/3":77.0,"PPA":8.0,"CrsPA":2.0,"Prog":91.0},{"Player":"Stéphane Bahoken","Pos":"FW","Cmp":222.0,"Cmp%":67.7,"1\/3":7.0,"PPA":18.0,"CrsPA":7.0,"Prog":22.0},{"Player":"Keita","Pos":"FW","Cmp":269.0,"Cmp%":68.6,"1\/3":9.0,"PPA":11.0,"CrsPA":5.0,"Prog":24.0},{"Player":"Iván Balliu","Pos":"DF","Cmp":878.0,"Cmp%":74.7,"1\/3":85.0,"PPA":27.0,"CrsPA":5.0,"Prog":115.0},{"Player":"Florent Balmont","Pos":"MF","Cmp":416.0,"Cmp%":82.2,"1\/3":38.0,"PPA":8.0,"CrsPA":2.0,"Prog":50.0},{"Player":"Mario Balotelli","Pos":"FW","Cmp":568.0,"Cmp%":74.7,"1\/3":70.0,"PPA":15.0,"CrsPA":1.0,"Prog":57.0},{"Player":"Abdoulaye Bamba","Pos":"DF","Cmp":621.0,"Cmp%":76.7,"1\/3":43.0,"PPA":5.0,"CrsPA":2.0,"Prog":51.0},{"Player":"Jonathan Bamba","Pos":"FW","Cmp":874.0,"Cmp%":73.8,"1\/3":63.0,"PPA":31.0,"CrsPA":7.0,"Prog":81.0},{"Player":"Yacine Bammou","Pos":"MF","Cmp":189.0,"Cmp%":73.5,"1\/3":9.0,"PPA":9.0,"CrsPA":2.0,"Prog":14.0},{"Player":"Herve Bazile","Pos":"FW","Cmp":178.0,"Cmp%":55.1,"1\/3":11.0,"PPA":10.0,"CrsPA":6.0,"Prog":16.0},{"Player":"Francois Bellugou","Pos":"MF","Cmp":772.0,"Cmp%":79.2,"1\/3":59.0,"PPA":5.0,"CrsPA":1.0,"Prog":66.0},{"Player":"Chaouki Ben Saada","Pos":"FW","Cmp":150.0,"Cmp%":76.5,"1\/3":15.0,"PPA":9.0,"CrsPA":2.0,"Prog":24.0},{"Player":"Nicolas Benezet","Pos":"FW","Cmp":705.0,"Cmp%":72.2,"1\/3":53.0,"PPA":21.0,"CrsPA":3.0,"Prog":75.0},{"Player":"Walter Benítez","Pos":"GK","Cmp":365.0,"Cmp%":70.1,"1\/3":1.0,"PPA":0.0,"CrsPA":0.0,"Prog":0.0},{"Player":"Ramy Bensebaini","Pos":"DF","Cmp":1039.0,"Cmp%":73.0,"1\/3":73.0,"PPA":13.0,"CrsPA":8.0,"Prog":99.0},{"Player":"Yassine Benzia","Pos":"MF","Cmp":1093.0,"Cmp%":77.1,"1\/3":134.0,"PPA":42.0,"CrsPA":3.0,"Prog":173.0},{"Player":"Yuri","Pos":"DF","Cmp":969.0,"Cmp%":85.8,"1\/3":61.0,"PPA":19.0,"CrsPA":8.0,"Prog":83.0},{"Player":"Robert Beric","Pos":"FW","Cmp":123.0,"Cmp%":68.0,"1\/3":4.0,"PPA":1.0,"CrsPA":0.0,"Prog":4.0},{"Player":"Vincent Bessat","Pos":"DF","Cmp":681.0,"Cmp%":74.0,"1\/3":62.0,"PPA":28.0,"CrsPA":20.0,"Prog":89.0},{"Player":"Yves Bissouma","Pos":"MF","Cmp":859.0,"Cmp%":83.3,"1\/3":84.0,"PPA":7.0,"CrsPA":0.0,"Prog":104.0},{"Player":"Ludovic Blas","Pos":"MF","Cmp":795.0,"Cmp%":84.4,"1\/3":77.0,"PPA":11.0,"CrsPA":5.0,"Prog":81.0},{"Player":"Jérémy Blayac","Pos":"FW","Cmp":228.0,"Cmp%":63.3,"1\/3":17.0,"PPA":7.0,"CrsPA":1.0,"Prog":25.0},{"Player":"Alexis Blin","Pos":"MF","Cmp":579.0,"Cmp%":76.9,"1\/3":76.0,"PPA":4.0,"CrsPA":4.0,"Prog":58.0},{"Player":"Emmanuel Bourgaud","Pos":"MF","Cmp":194.0,"Cmp%":66.0,"1\/3":27.0,"PPA":6.0,"CrsPA":2.0,"Prog":32.0},{"Player":"Benjamin Bourigeaud","Pos":"MF","Cmp":1276.0,"Cmp%":71.8,"1\/3":130.0,"PPA":34.0,"CrsPA":12.0,"Prog":178.0},{"Player":"Jimmy Briand","Pos":"FW","Cmp":732.0,"Cmp%":74.5,"1\/3":53.0,"PPA":22.0,"CrsPA":1.0,"Prog":68.0},{"Player":"Ludovic Butelle","Pos":"GK","Cmp":218.0,"Cmp%":55.6,"1\/3":5.0,"PPA":0.0,"CrsPA":0.0,"Prog":0.0},{"Player":"Rémy Cabella","Pos":"MF","Cmp":1212.0,"Cmp%":79.7,"1\/3":130.0,"PPA":39.0,"CrsPA":8.0,"Prog":150.0},{"Player":"Rémy Cabella","Pos":"MF","Cmp":30.0,"Cmp%":83.3,"1\/3":5.0,"PPA":1.0,"CrsPA":0.0,"Prog":3.0},{"Player":"Jonathan Cafu","Pos":"FW","Cmp":242.0,"Cmp%":78.8,"1\/3":6.0,"PPA":7.0,"CrsPA":0.0,"Prog":15.0},{"Player":"Yannick Cahuzac","Pos":"MF","Cmp":460.0,"Cmp%":79.4,"1\/3":49.0,"PPA":2.0,"CrsPA":1.0,"Prog":39.0},{"Player":"Souleymane Camara","Pos":"FW","Cmp":169.0,"Cmp%":65.8,"1\/3":8.0,"PPA":7.0,"CrsPA":1.0,"Prog":15.0},{"Player":"Pierrick Capelle","Pos":"MF","Cmp":631.0,"Cmp%":77.4,"1\/3":63.0,"PPA":19.0,"CrsPA":4.0,"Prog":83.0},{"Player":"Diego Carlos","Pos":"DF","Cmp":680.0,"Cmp%":74.8,"1\/3":72.0,"PPA":2.0,"CrsPA":1.0,"Prog":58.0},{"Player":"Guido Carrillo","Pos":"FW","Cmp":60.0,"Cmp%":63.8,"1\/3":3.0,"PPA":1.0,"CrsPA":0.0,"Prog":3.0},{"Player":"Edinson Cavani","Pos":"FW","Cmp":395.0,"Cmp%":78.1,"1\/3":14.0,"PPA":21.0,"CrsPA":0.0,"Prog":38.0},{"Player":"Fouad Chafik","Pos":"DF","Cmp":635.0,"Cmp%":73.3,"1\/3":37.0,"PPA":22.0,"CrsPA":12.0,"Prog":67.0},{"Player":"Kwon Chang-Hoon","Pos":"FW","Cmp":446.0,"Cmp%":65.1,"1\/3":23.0,"PPA":20.0,"CrsPA":9.0,"Prog":44.0},{"Player":"Issa Cissokho","Pos":"DF","Cmp":592.0,"Cmp%":73.9,"1\/3":49.0,"PPA":10.0,"CrsPA":9.0,"Prog":38.0},{"Player":"Marcus Coco","Pos":"FW","Cmp":457.0,"Cmp%":72.8,"1\/3":32.0,"PPA":20.0,"CrsPA":10.0,"Prog":46.0},{"Player":"Renaud Cohade","Pos":"MF","Cmp":1511.0,"Cmp%":75.9,"1\/3":204.0,"PPA":37.0,"CrsPA":13.0,"Prog":211.0},{"Player":"Alois Confais","Pos":"MF","Cmp":217.0,"Cmp%":79.2,"1\/3":22.0,"PPA":3.0,"CrsPA":3.0,"Prog":23.0},{"Player":"Daniel Congré","Pos":"DF","Cmp":1023.0,"Cmp%":81.2,"1\/3":100.0,"PPA":3.0,"CrsPA":1.0,"Prog":112.0},{"Player":"Benjamin Corgnet","Pos":"MF","Cmp":369.0,"Cmp%":65.2,"1\/3":36.0,"PPA":15.0,"CrsPA":4.0,"Prog":38.0},{"Player":"Maxwel Cornet","Pos":"FW","Cmp":399.0,"Cmp%":76.6,"1\/3":16.0,"PPA":17.0,"CrsPA":6.0,"Prog":44.0},{"Player":"Benoit Costil","Pos":"GK","Cmp":566.0,"Cmp%":60.5,"1\/3":10.0,"PPA":0.0,"CrsPA":0.0,"Prog":0.0},{"Player":"Lassana Coulibaly","Pos":"MF","Cmp":247.0,"Cmp%":78.4,"1\/3":16.0,"PPA":10.0,"CrsPA":1.0,"Prog":31.0},{"Player":"Enzo Crivelli","Pos":"FW","Cmp":173.0,"Cmp%":65.8,"1\/3":8.0,"PPA":6.0,"CrsPA":1.0,"Prog":21.0},{"Player":"Enzo Crivelli","Pos":"FW","Cmp":85.0,"Cmp%":59.0,"1\/3":6.0,"PPA":1.0,"CrsPA":0.0,"Prog":5.0},{"Player":"Wylan Cyprien","Pos":"MF","Cmp":709.0,"Cmp%":86.0,"1\/3":53.0,"PPA":5.0,"CrsPA":0.0,"Prog":48.0},{"Player":"Damien Da Silva","Pos":"DF","Cmp":1082.0,"Cmp%":80.3,"1\/3":115.0,"PPA":3.0,"CrsPA":0.0,"Prog":76.0},{"Player":"Bryan Dabo","Pos":"MF","Cmp":477.0,"Cmp%":78.6,"1\/3":33.0,"PPA":8.0,"CrsPA":3.0,"Prog":41.0},{"Player":"Dante","Pos":"DF","Cmp":2053.0,"Cmp%":90.9,"1\/3":98.0,"PPA":4.0,"CrsPA":0.0,"Prog":83.0},{"Player":"Stéphane Darbion","Pos":"FW","Cmp":515.0,"Cmp%":74.4,"1\/3":41.0,"PPA":32.0,"CrsPA":14.0,"Prog":67.0},{"Player":"Lucas Deaux","Pos":"MF","Cmp":936.0,"Cmp%":80.6,"1\/3":116.0,"PPA":15.0,"CrsPA":3.0,"Prog":107.0},{"Player":"Mathieu Debuchy","Pos":"DF","Cmp":575.0,"Cmp%":73.6,"1\/3":32.0,"PPA":18.0,"CrsPA":10.0,"Prog":52.0},{"Player":"Andy Delort","Pos":"FW","Cmp":449.0,"Cmp%":57.0,"1\/3":40.0,"PPA":28.0,"CrsPA":15.0,"Prog":50.0},{"Player":"Memphis Depay","Pos":"FW","Cmp":945.0,"Cmp%":73.7,"1\/3":71.0,"PPA":46.0,"CrsPA":9.0,"Prog":109.0},{"Player":"Mathieu Deplagne","Pos":"DF","Cmp":1005.0,"Cmp%":78.0,"1\/3":78.0,"PPA":14.0,"CrsPA":8.0,"Prog":114.0},{"Player":"Ángel Di María","Pos":"FW","Cmp":906.0,"Cmp%":71.7,"1\/3":67.0,"PPA":49.0,"CrsPA":11.0,"Prog":114.0},{"Player":"Fallou Diagne","Pos":"DF","Cmp":792.0,"Cmp%":76.1,"1\/3":71.0,"PPA":2.0,"CrsPA":0.0,"Prog":62.0},{"Player":"Adama Diakhaby","Pos":"FW","Cmp":140.0,"Cmp%":65.4,"1\/3":9.0,"PPA":4.0,"CrsPA":2.0,"Prog":9.0},{"Player":"Moustapha Diallo","Pos":"MF","Cmp":472.0,"Cmp%":81.0,"1\/3":50.0,"PPA":2.0,"CrsPA":1.0,"Prog":39.0},{"Player":"Bakaye Dibassy","Pos":"DF","Cmp":986.0,"Cmp%":75.7,"1\/3":60.0,"PPA":4.0,"CrsPA":1.0,"Prog":71.0},{"Player":"Étienne Didot","Pos":"MF","Cmp":798.0,"Cmp%":78.4,"1\/3":85.0,"PPA":11.0,"CrsPA":4.0,"Prog":78.0},{"Player":"Lois Diony","Pos":"FW","Cmp":110.0,"Cmp%":68.3,"1\/3":2.0,"PPA":5.0,"CrsPA":2.0,"Prog":5.0},{"Player":"Issa Diop","Pos":"DF","Cmp":932.0,"Cmp%":78.4,"1\/3":97.0,"PPA":5.0,"CrsPA":3.0,"Prog":98.0},{"Player":"Assane Diousse","Pos":"MF","Cmp":715.0,"Cmp%":84.5,"1\/3":74.0,"PPA":4.0,"CrsPA":0.0,"Prog":63.0},{"Player":"Koffi Djidji","Pos":"DF","Cmp":753.0,"Cmp%":74.2,"1\/3":52.0,"PPA":8.0,"CrsPA":5.0,"Prog":53.0},{"Player":"Alexander Djiku","Pos":"DF","Cmp":1024.0,"Cmp%":80.1,"1\/3":91.0,"PPA":4.0,"CrsPA":2.0,"Prog":94.0},{"Player":"Papy Djilobodji","Pos":"DF","Cmp":1227.0,"Cmp%":76.3,"1\/3":129.0,"PPA":8.0,"CrsPA":1.0,"Prog":121.0},{"Player":"Keagan Dolly","Pos":"FW","Cmp":322.0,"Cmp%":75.6,"1\/3":22.0,"PPA":14.0,"CrsPA":4.0,"Prog":32.0},{"Player":"Mathieu Dossevi","Pos":"FW","Cmp":740.0,"Cmp%":66.6,"1\/3":56.0,"PPA":57.0,"CrsPA":39.0,"Prog":77.0},{"Player":"Julian Draxler","Pos":"MF","Cmp":1239.0,"Cmp%":91.0,"1\/3":93.0,"PPA":25.0,"CrsPA":1.0,"Prog":94.0},{"Player":"Léo Dubois","Pos":"DF","Cmp":1336.0,"Cmp%":68.9,"1\/3":128.0,"PPA":42.0,"CrsPA":21.0,"Prog":166.0},{"Player":"Jimmy Durmaz","Pos":"MF","Cmp":367.0,"Cmp%":68.0,"1\/3":39.0,"PPA":20.0,"CrsPA":8.0,"Prog":58.0},{"Player":"Felix Eboa Eboa","Pos":"DF","Cmp":540.0,"Cmp%":74.6,"1\/3":38.0,"PPA":3.0,"CrsPA":1.0,"Prog":35.0},{"Player":"Fabinho","Pos":"MF","Cmp":1680.0,"Cmp%":85.0,"1\/3":210.0,"PPA":28.0,"CrsPA":1.0,"Prog":181.0},{"Player":"Falcao","Pos":"FW","Cmp":414.0,"Cmp%":78.3,"1\/3":24.0,"PPA":7.0,"CrsPA":1.0,"Prog":20.0},{"Player":"Nabil Fekir","Pos":"MF","Cmp":981.0,"Cmp%":80.4,"1\/3":97.0,"PPA":38.0,"CrsPA":6.0,"Prog":111.0},{"Player":"Julien Féret","Pos":"MF","Cmp":1313.0,"Cmp%":76.6,"1\/3":153.0,"PPA":27.0,"CrsPA":7.0,"Prog":190.0},{"Player":"Jordan Ferri","Pos":"MF","Cmp":472.0,"Cmp%":88.6,"1\/3":60.0,"PPA":7.0,"CrsPA":1.0,"Prog":59.0},{"Player":"Guessouma Fofana","Pos":"MF","Cmp":178.0,"Cmp%":72.1,"1\/3":17.0,"PPA":0.0,"CrsPA":0.0,"Prog":25.0},{"Player":"Dimitri Foulquier","Pos":"DF","Cmp":505.0,"Cmp%":77.2,"1\/3":36.0,"PPA":9.0,"CrsPA":5.0,"Prog":39.0},{"Player":"Angelo Fulgini","Pos":"MF","Cmp":523.0,"Cmp%":74.3,"1\/3":38.0,"PPA":14.0,"CrsPA":3.0,"Prog":62.0},{"Player":"Serge Gakpe","Pos":"FW","Cmp":347.0,"Cmp%":68.6,"1\/3":34.0,"PPA":7.0,"CrsPA":0.0,"Prog":53.0},{"Player":"Romain Genevois","Pos":"DF","Cmp":561.0,"Cmp%":71.3,"1\/3":46.0,"PPA":12.0,"CrsPA":8.0,"Prog":48.0},{"Player":"Valère Germain","Pos":"FW","Cmp":376.0,"Cmp%":73.0,"1\/3":19.0,"PPA":14.0,"CrsPA":3.0,"Prog":19.0},{"Player":"Yassine El Ghanassy","Pos":"FW","Cmp":233.0,"Cmp%":79.3,"1\/3":16.0,"PPA":15.0,"CrsPA":2.0,"Prog":38.0},{"Player":"Anwar El Ghazi","Pos":"FW","Cmp":434.0,"Cmp%":68.5,"1\/3":27.0,"PPA":17.0,"CrsPA":10.0,"Prog":43.0},{"Player":"Rachid Ghezzal","Pos":"FW","Cmp":401.0,"Cmp%":72.9,"1\/3":31.0,"PPA":16.0,"CrsPA":3.0,"Prog":51.0},{"Player":"Jimmy Giraudon","Pos":"DF","Cmp":762.0,"Cmp%":78.5,"1\/3":93.0,"PPA":5.0,"CrsPA":1.0,"Prog":69.0},{"Player":"Andrei Girotto","Pos":"MF","Cmp":501.0,"Cmp%":75.2,"1\/3":56.0,"PPA":8.0,"CrsPA":2.0,"Prog":55.0},{"Player":"Kamil Glik","Pos":"DF","Cmp":1357.0,"Cmp%":78.1,"1\/3":90.0,"PPA":3.0,"CrsPA":0.0,"Prog":87.0},{"Player":"Joris Gnagnon","Pos":"DF","Cmp":1153.0,"Cmp%":89.1,"1\/3":55.0,"PPA":2.0,"CrsPA":0.0,"Prog":56.0},{"Player":"Anthony Goncalves","Pos":"MF","Cmp":537.0,"Cmp%":66.2,"1\/3":40.0,"PPA":29.0,"CrsPA":13.0,"Prog":76.0},{"Player":"Max Gradel","Pos":"FW","Cmp":548.0,"Cmp%":55.6,"1\/3":53.0,"PPA":34.0,"CrsPA":16.0,"Prog":78.0},{"Player":"Samuel Grandsir","Pos":"FW","Cmp":661.0,"Cmp%":69.7,"1\/3":51.0,"PPA":32.0,"CrsPA":12.0,"Prog":90.0},{"Player":"Clément Grenier","Pos":"FW","Cmp":3.0,"Cmp%":42.9,"1\/3":0.0,"PPA":0.0,"CrsPA":0.0,"Prog":1.0},{"Player":"Clément Grenier","Pos":"MF","Cmp":502.0,"Cmp%":67.8,"1\/3":71.0,"PPA":16.0,"CrsPA":3.0,"Prog":80.0},{"Player":"Jeremy Grimm","Pos":"MF","Cmp":284.0,"Cmp%":77.4,"1\/3":32.0,"PPA":4.0,"CrsPA":0.0,"Prog":37.0},{"Player":"Frederic Guilbert","Pos":"DF","Cmp":1021.0,"Cmp%":67.6,"1\/3":71.0,"PPA":32.0,"CrsPA":25.0,"Prog":92.0},{"Player":"Baptiste Guillaume","Pos":"FW","Cmp":50.0,"Cmp%":58.1,"1\/3":3.0,"PPA":3.0,"CrsPA":0.0,"Prog":6.0},{"Player":"Régis Gurtner","Pos":"GK","Cmp":507.0,"Cmp%":50.3,"1\/3":27.0,"PPA":0.0,"CrsPA":0.0,"Prog":0.0},{"Player":"Luiz Gustavo","Pos":"MF","Cmp":1714.0,"Cmp%":88.9,"1\/3":172.0,"PPA":23.0,"CrsPA":5.0,"Prog":162.0},{"Player":"Oussama Haddadi","Pos":"DF","Cmp":1027.0,"Cmp%":74.2,"1\/3":68.0,"PPA":32.0,"CrsPA":16.0,"Prog":105.0},{"Player":"Oualid El Hajjam","Pos":"DF","Cmp":725.0,"Cmp%":69.3,"1\/3":50.0,"PPA":9.0,"CrsPA":6.0,"Prog":58.0},{"Player":"Romain Hamouma","Pos":"FW","Cmp":456.0,"Cmp%":70.7,"1\/3":24.0,"PPA":10.0,"CrsPA":5.0,"Prog":32.0},{"Player":"Christophe Herelle","Pos":"DF","Cmp":1035.0,"Cmp%":80.9,"1\/3":105.0,"PPA":3.0,"CrsPA":0.0,"Prog":90.0},{"Player":"Hilton","Pos":"DF","Cmp":821.0,"Cmp%":75.7,"1\/3":84.0,"PPA":7.0,"CrsPA":1.0,"Prog":60.0},{"Player":"Adrien Hunou","Pos":"FW","Cmp":384.0,"Cmp%":78.4,"1\/3":23.0,"PPA":5.0,"CrsPA":1.0,"Prog":24.0},{"Player":"Suk Hyun-Jun","Pos":"FW","Cmp":161.0,"Cmp%":54.2,"1\/3":9.0,"PPA":4.0,"CrsPA":1.0,"Prog":16.0},{"Player":"Edgar Ié","Pos":"DF","Cmp":1523.0,"Cmp%":82.5,"1\/3":128.0,"PPA":10.0,"CrsPA":3.0,"Prog":129.0},{"Player":"Jordan Ikoko","Pos":"DF","Cmp":1011.0,"Cmp%":78.9,"1\/3":64.0,"PPA":20.0,"CrsPA":12.0,"Prog":91.0},{"Player":"Jonathan Ikone","Pos":"FW","Cmp":273.0,"Cmp%":70.5,"1\/3":23.0,"PPA":11.0,"CrsPA":0.0,"Prog":26.0},{"Player":"Jules Iloki","Pos":"MF","Cmp":345.0,"Cmp%":66.7,"1\/3":18.0,"PPA":33.0,"CrsPA":23.0,"Prog":44.0},{"Player":"Giannelli Imbula","Pos":"MF","Cmp":1034.0,"Cmp%":85.2,"1\/3":117.0,"PPA":12.0,"CrsPA":2.0,"Prog":109.0},{"Player":"Christophe Jallet","Pos":"DF","Cmp":684.0,"Cmp%":83.3,"1\/3":53.0,"PPA":7.0,"CrsPA":4.0,"Prog":79.0},{"Player":"Saidy Janko","Pos":"DF","Cmp":583.0,"Cmp%":76.0,"1\/3":46.0,"PPA":9.0,"CrsPA":5.0,"Prog":43.0},{"Player":"Corentin Jean","Pos":"MF","Cmp":348.0,"Cmp%":67.6,"1\/3":23.0,"PPA":20.0,"CrsPA":13.0,"Prog":40.0},{"Player":"Benjamin Jeannot","Pos":"FW","Cmp":228.0,"Cmp%":70.6,"1\/3":11.0,"PPA":7.0,"CrsPA":1.0,"Prog":19.0},{"Player":"Jemerson","Pos":"DF","Cmp":1174.0,"Cmp%":85.6,"1\/3":49.0,"PPA":1.0,"CrsPA":0.0,"Prog":54.0},{"Player":"Karl-Johan Johnsson","Pos":"GK","Cmp":551.0,"Cmp%":59.4,"1\/3":12.0,"PPA":1.0,"CrsPA":0.0,"Prog":0.0},{"Player":"Jorge","Pos":"DF","Cmp":715.0,"Cmp%":71.7,"1\/3":60.0,"PPA":23.0,"CrsPA":13.0,"Prog":82.0},{"Player":"Vukasin Jovanovic","Pos":"DF","Cmp":632.0,"Cmp%":87.7,"1\/3":39.0,"PPA":4.0,"CrsPA":0.0,"Prog":32.0},{"Player":"Stevan Jovetic","Pos":"FW","Cmp":170.0,"Cmp%":67.2,"1\/3":16.0,"PPA":11.0,"CrsPA":0.0,"Prog":26.0},{"Player":"Christopher Jullien","Pos":"DF","Cmp":962.0,"Cmp%":77.1,"1\/3":102.0,"PPA":3.0,"CrsPA":1.0,"Prog":84.0},{"Player":"Gaël Kakuta","Pos":"MF","Cmp":889.0,"Cmp%":64.5,"1\/3":105.0,"PPA":37.0,"CrsPA":9.0,"Prog":148.0},{"Player":"Francois Kamano","Pos":"FW","Cmp":542.0,"Cmp%":79.2,"1\/3":15.0,"PPA":22.0,"CrsPA":7.0,"Prog":47.0},{"Player":"Bingourou Kamara","Pos":"GK","Cmp":297.0,"Cmp%":64.1,"1\/3":3.0,"PPA":0.0,"CrsPA":0.0,"Prog":0.0},{"Player":"Eiji Kawashima","Pos":"GK","Cmp":369.0,"Cmp%":54.3,"1\/3":11.0,"PPA":1.0,"CrsPA":0.0,"Prog":1.0},{"Player":"Christophe Kerbrat","Pos":"DF","Cmp":1327.0,"Cmp%":80.6,"1\/3":123.0,"PPA":3.0,"CrsPA":0.0,"Prog":116.0},{"Player":"Saif-Eddine Khaoui","Pos":"MF","Cmp":465.0,"Cmp%":65.2,"1\/3":45.0,"PPA":18.0,"CrsPA":2.0,"Prog":62.0},{"Player":"Wahbi Khazri","Pos":"FW","Cmp":504.0,"Cmp%":72.5,"1\/3":48.0,"PPA":15.0,"CrsPA":5.0,"Prog":47.0},{"Player":"Presnel Kimpembe","Pos":"DF","Cmp":1672.0,"Cmp%":94.1,"1\/3":95.0,"PPA":4.0,"CrsPA":1.0,"Prog":80.0},{"Player":"Moussa Konate","Pos":"FW","Cmp":345.0,"Cmp%":67.3,"1\/3":15.0,"PPA":19.0,"CrsPA":3.0,"Prog":27.0},{"Player":"Bakary Koné","Pos":"DF","Cmp":873.0,"Cmp%":84.3,"1\/3":43.0,"PPA":4.0,"CrsPA":1.0,"Prog":48.0},{"Player":"Christian Kouakou","Pos":"MF","Cmp":99.0,"Cmp%":67.3,"1\/3":6.0,"PPA":7.0,"CrsPA":4.0,"Prog":11.0},{"Player":"Tomas Koubek","Pos":"GK","Cmp":413.0,"Cmp%":55.8,"1\/3":22.0,"PPA":0.0,"CrsPA":0.0,"Prog":0.0},{"Player":"Jules Koundé","Pos":"DF","Cmp":703.0,"Cmp%":82.8,"1\/3":67.0,"PPA":5.0,"CrsPA":1.0,"Prog":82.0},{"Player":"Vincent Koziello","Pos":"MF","Cmp":546.0,"Cmp%":94.0,"1\/3":45.0,"PPA":2.0,"CrsPA":0.0,"Prog":38.0},{"Player":"Rene Krhin","Pos":"MF","Cmp":427.0,"Cmp%":83.6,"1\/3":39.0,"PPA":5.0,"CrsPA":0.0,"Prog":40.0},{"Player":"Layvin Kurzawa","Pos":"DF","Cmp":897.0,"Cmp%":83.7,"1\/3":50.0,"PPA":7.0,"CrsPA":2.0,"Prog":58.0},{"Player":"Gaetan Laborde","Pos":"FW","Cmp":161.0,"Cmp%":65.4,"1\/3":7.0,"PPA":5.0,"CrsPA":2.0,"Prog":7.0},{"Player":"Alban Lafont","Pos":"GK","Cmp":602.0,"Cmp%":60.3,"1\/3":42.0,"PPA":3.0,"CrsPA":0.0,"Prog":1.0},{"Player":"Kenny Lala","Pos":"DF","Cmp":1276.0,"Cmp%":74.9,"1\/3":117.0,"PPA":39.0,"CrsPA":17.0,"Prog":164.0},{"Player":"Paul Lasne","Pos":"MF","Cmp":1412.0,"Cmp%":79.8,"1\/3":183.0,"PPA":31.0,"CrsPA":9.0,"Prog":179.0},{"Player":"Maxime Le Marchand","Pos":"DF","Cmp":1666.0,"Cmp%":87.1,"1\/3":109.0,"PPA":14.0,"CrsPA":6.0,"Prog":133.0},{"Player":"James Edward Lea Siliki","Pos":"MF","Cmp":530.0,"Cmp%":72.6,"1\/3":62.0,"PPA":12.0,"CrsPA":7.0,"Prog":55.0},{"Player":"Benjamin Lecomte","Pos":"GK","Cmp":609.0,"Cmp%":66.1,"1\/3":14.0,"PPA":0.0,"CrsPA":0.0,"Prog":1.0},{"Player":"Pierre Lees-Melou","Pos":"MF","Cmp":1306.0,"Cmp%":80.2,"1\/3":111.0,"PPA":25.0,"CrsPA":3.0,"Prog":112.0},{"Player":"Thomas Lemar","Pos":"MF","Cmp":983.0,"Cmp%":75.8,"1\/3":111.0,"PPA":31.0,"CrsPA":8.0,"Prog":133.0},{"Player":"Lukas Lerager","Pos":"MF","Cmp":1247.0,"Cmp%":76.7,"1\/3":127.0,"PPA":26.0,"CrsPA":4.0,"Prog":156.0},{"Player":"Dmitri Lienard","Pos":"MF","Cmp":1210.0,"Cmp%":72.1,"1\/3":114.0,"PPA":30.0,"CrsPA":16.0,"Prog":120.0},{"Player":"Lucas Lima","Pos":"DF","Cmp":957.0,"Cmp%":63.1,"1\/3":104.0,"PPA":48.0,"CrsPA":27.0,"Prog":120.0},{"Player":"Giovani Lo Celso","Pos":"MF","Cmp":1387.0,"Cmp%":89.5,"1\/3":104.0,"PPA":32.0,"CrsPA":3.0,"Prog":119.0},{"Player":"Anthony Lopes","Pos":"GK","Cmp":632.0,"Cmp%":77.9,"1\/3":4.0,"PPA":1.0,"CrsPA":0.0,"Prog":1.0},{"Player":"Rony Lopes","Pos":"FW","Cmp":579.0,"Cmp%":68.8,"1\/3":40.0,"PPA":43.0,"CrsPA":11.0,"Prog":67.0},{"Player":"Maxime Lopez","Pos":"MF","Cmp":1238.0,"Cmp%":88.7,"1\/3":134.0,"PPA":22.0,"CrsPA":10.0,"Prog":141.0},{"Player":"Thiago Maia","Pos":"MF","Cmp":1449.0,"Cmp%":84.3,"1\/3":153.0,"PPA":12.0,"CrsPA":2.0,"Prog":159.0},{"Player":"Mike Maignan","Pos":"GK","Cmp":670.0,"Cmp%":77.5,"1\/3":6.0,"PPA":0.0,"CrsPA":0.0,"Prog":0.0},{"Player":"Malcom","Pos":"FW","Cmp":1146.0,"Cmp%":74.9,"1\/3":84.0,"PPA":71.0,"CrsPA":12.0,"Prog":144.0},{"Player":"Kevin Malcuit","Pos":"DF","Cmp":900.0,"Cmp%":78.3,"1\/3":61.0,"PPA":21.0,"CrsPA":13.0,"Prog":103.0},{"Player":"Vincent Manceau","Pos":"DF","Cmp":1285.0,"Cmp%":74.8,"1\/3":89.0,"PPA":27.0,"CrsPA":8.0,"Prog":129.0},{"Player":"Steve Mandanda","Pos":"GK","Cmp":487.0,"Cmp%":68.7,"1\/3":12.0,"PPA":0.0,"CrsPA":0.0,"Prog":0.0},{"Player":"Kader Mangane","Pos":"DF","Cmp":504.0,"Cmp%":71.6,"1\/3":49.0,"PPA":8.0,"CrsPA":3.0,"Prog":35.0},{"Player":"Thomas Mangani","Pos":"MF","Cmp":1496.0,"Cmp%":71.6,"1\/3":206.0,"PPA":29.0,"CrsPA":6.0,"Prog":219.0},{"Player":"Harrison Manzala","Pos":"FW","Cmp":477.0,"Cmp%":71.7,"1\/3":19.0,"PPA":9.0,"CrsPA":4.0,"Prog":25.0},{"Player":"Faitout Maouassa","Pos":"MF","Cmp":186.0,"Cmp%":70.5,"1\/3":13.0,"PPA":6.0,"CrsPA":3.0,"Prog":20.0},{"Player":"Fernando Marçal","Pos":"DF","Cmp":808.0,"Cmp%":81.9,"1\/3":53.0,"PPA":9.0,"CrsPA":4.0,"Prog":59.0},{"Player":"Marcelo","Pos":"FW","Cmp":15.0,"Cmp%":83.3,"1\/3":1.0,"PPA":1.0,"CrsPA":0.0,"Prog":3.0},{"Player":"Marcelo","Pos":"DF","Cmp":1906.0,"Cmp%":85.8,"1\/3":151.0,"PPA":6.0,"CrsPA":0.0,"Prog":115.0},{"Player":"Mariano","Pos":"FW","Cmp":339.0,"Cmp%":72.4,"1\/3":19.0,"PPA":9.0,"CrsPA":0.0,"Prog":24.0},{"Player":"Jordan Marié","Pos":"MF","Cmp":753.0,"Cmp%":81.8,"1\/3":69.0,"PPA":9.0,"CrsPA":2.0,"Prog":58.0},{"Player":"Marquinhos","Pos":"DF","Cmp":1481.0,"Cmp%":93.4,"1\/3":64.0,"PPA":8.0,"CrsPA":0.0,"Prog":55.0},{"Player":"Jonas Martin","Pos":"MF","Cmp":1434.0,"Cmp%":83.7,"1\/3":121.0,"PPA":20.0,"CrsPA":3.0,"Prog":134.0},{"Player":"Pablo","Pos":"DF","Cmp":774.0,"Cmp%":77.9,"1\/3":56.0,"PPA":7.0,"CrsPA":3.0,"Prog":54.0},{"Player":"Adama Mbengue","Pos":"DF","Cmp":508.0,"Cmp%":61.9,"1\/3":52.0,"PPA":16.0,"CrsPA":8.0,"Prog":67.0},{"Player":"Isaac Mbenza","Pos":"FW","Cmp":428.0,"Cmp%":66.3,"1\/3":26.0,"PPA":8.0,"CrsPA":4.0,"Prog":32.0},{"Player":"Soualiho Meité","Pos":"MF","Cmp":34.0,"Cmp%":81.0,"1\/3":1.0,"PPA":0.0,"CrsPA":0.0,"Prog":0.0},{"Player":"Soualiho Meité","Pos":"MF","Cmp":576.0,"Cmp%":83.7,"1\/3":41.0,"PPA":9.0,"CrsPA":4.0,"Prog":43.0},{"Player":"Pedro Mendes","Pos":"DF","Cmp":1118.0,"Cmp%":79.5,"1\/3":82.0,"PPA":8.0,"CrsPA":1.0,"Prog":71.0},{"Player":"Thiago Mendes","Pos":"MF","Cmp":1162.0,"Cmp%":84.9,"1\/3":138.0,"PPA":27.0,"CrsPA":1.0,"Prog":137.0},{"Player":"Alexandre Mendy","Pos":"FW","Cmp":117.0,"Cmp%":72.7,"1\/3":5.0,"PPA":5.0,"CrsPA":0.0,"Prog":10.0},{"Player":"Ferland Mendy","Pos":"DF","Cmp":1275.0,"Cmp%":85.0,"1\/3":90.0,"PPA":27.0,"CrsPA":11.0,"Prog":117.0},{"Player":"Thomas Meunier","Pos":"DF","Cmp":906.0,"Cmp%":81.2,"1\/3":59.0,"PPA":27.0,"CrsPA":15.0,"Prog":92.0},{"Player":"Mexer","Pos":"DF","Cmp":412.0,"Cmp%":81.3,"1\/3":22.0,"PPA":1.0,"CrsPA":1.0,"Prog":20.0},{"Player":"Kostas Mitroglou","Pos":"FW","Cmp":96.0,"Cmp%":72.7,"1\/3":4.0,"PPA":4.0,"CrsPA":0.0,"Prog":8.0},{"Player":"Florent Mollet","Pos":"MF","Cmp":558.0,"Cmp%":79.8,"1\/3":47.0,"PPA":5.0,"CrsPA":3.0,"Prog":44.0},{"Player":"Thomas Monconduit","Pos":"MF","Cmp":1128.0,"Cmp%":78.3,"1\/3":120.0,"PPA":18.0,"CrsPA":5.0,"Prog":148.0},{"Player":"Kévin Monnet-Paquet","Pos":"FW","Cmp":504.0,"Cmp%":75.6,"1\/3":30.0,"PPA":23.0,"CrsPA":11.0,"Prog":47.0},{"Player":"Jérémy Morel","Pos":"DF","Cmp":1719.0,"Cmp%":89.3,"1\/3":127.0,"PPA":0.0,"CrsPA":0.0,"Prog":100.0},{"Player":"Thiago Motta","Pos":"MF","Cmp":1215.0,"Cmp%":93.3,"1\/3":145.0,"PPA":5.0,"CrsPA":0.0,"Prog":115.0},{"Player":"François Moubandje","Pos":"DF","Cmp":607.0,"Cmp%":69.9,"1\/3":51.0,"PPA":8.0,"CrsPA":4.0,"Prog":60.0},{"Player":"João Moutinho","Pos":"MF","Cmp":1629.0,"Cmp%":81.9,"1\/3":219.0,"PPA":37.0,"CrsPA":6.0,"Prog":213.0},{"Player":"Nordi Mukiele","Pos":"DF","Cmp":1272.0,"Cmp%":74.2,"1\/3":169.0,"PPA":36.0,"CrsPA":18.0,"Prog":195.0},{"Player":"Prejuce Nakoulma","Pos":"FW","Cmp":258.0,"Cmp%":77.0,"1\/3":7.0,"PPA":5.0,"CrsPA":1.0,"Prog":10.0},{"Player":"Neymar","Pos":"FW","Cmp":1072.0,"Cmp%":76.0,"1\/3":130.0,"PPA":83.0,"CrsPA":4.0,"Prog":198.0},{"Player":"Opa Nguette","Pos":"FW","Cmp":192.0,"Cmp%":75.0,"1\/3":22.0,"PPA":7.0,"CrsPA":0.0,"Prog":25.0},{"Player":"Moussa Niakhate","Pos":"DF","Cmp":1104.0,"Cmp%":77.9,"1\/3":107.0,"PPA":6.0,"CrsPA":1.0,"Prog":94.0},{"Player":"Adama Niane","Pos":"FW","Cmp":352.0,"Cmp%":65.3,"1\/3":13.0,"PPA":7.0,"CrsPA":2.0,"Prog":19.0},{"Player":"Ibrahima Niane","Pos":"MF","Cmp":193.0,"Cmp%":72.3,"1\/3":6.0,"PPA":4.0,"CrsPA":3.0,"Prog":15.0},{"Player":"Casimir Ninga","Pos":"FW","Cmp":196.0,"Cmp%":69.0,"1\/3":11.0,"PPA":5.0,"CrsPA":1.0,"Prog":16.0},{"Player":"Benjamin Nivet","Pos":"MF","Cmp":543.0,"Cmp%":77.1,"1\/3":62.0,"PPA":22.0,"CrsPA":2.0,"Prog":70.0},{"Player":"Christopher Nkunku","Pos":"FW","Cmp":323.0,"Cmp%":90.0,"1\/3":26.0,"PPA":6.0,"CrsPA":0.0,"Prog":24.0},{"Player":"Lucas Ocampos","Pos":"FW","Cmp":496.0,"Cmp%":75.6,"1\/3":38.0,"PPA":17.0,"CrsPA":6.0,"Prog":47.0},{"Player":"Prince","Pos":"MF","Cmp":270.0,"Cmp%":77.1,"1\/3":19.0,"PPA":5.0,"CrsPA":2.0,"Prog":32.0},{"Player":"Otávio","Pos":"MF","Cmp":771.0,"Cmp%":88.5,"1\/3":55.0,"PPA":7.0,"CrsPA":1.0,"Prog":61.0},{"Player":"Alexandre Oukidja","Pos":"GK","Cmp":209.0,"Cmp%":52.1,"1\/3":7.0,"PPA":0.0,"CrsPA":0.0,"Prog":1.0},{"Player":"Pablo","Pos":"DF","Cmp":542.0,"Cmp%":83.8,"1\/3":21.0,"PPA":1.0,"CrsPA":0.0,"Prog":19.0},{"Player":"Vincent Pajot","Pos":"MF","Cmp":424.0,"Cmp%":76.3,"1\/3":21.0,"PPA":7.0,"CrsPA":0.0,"Prog":35.0},{"Player":"Nicolas Pallois","Pos":"DF","Cmp":595.0,"Cmp%":71.8,"1\/3":60.0,"PPA":2.0,"CrsPA":0.0,"Prog":52.0},{"Player":"Javier Pastore","Pos":"MF","Cmp":810.0,"Cmp%":81.9,"1\/3":98.0,"PPA":35.0,"CrsPA":4.0,"Prog":96.0},{"Player":"Mateo Pavlovic","Pos":"DF","Cmp":726.0,"Cmp%":83.0,"1\/3":37.0,"PPA":2.0,"CrsPA":0.0,"Prog":50.0},{"Player":"Dimitri Payet","Pos":"MF","Cmp":1198.0,"Cmp%":74.1,"1\/3":128.0,"PPA":74.0,"CrsPA":25.0,"Prog":194.0},{"Player":"Stef Peeters","Pos":"MF","Cmp":346.0,"Cmp%":63.4,"1\/3":55.0,"PPA":8.0,"CrsPA":0.0,"Prog":57.0},{"Player":"Bryan Pelé","Pos":"FW","Cmp":407.0,"Cmp%":68.3,"1\/3":33.0,"PPA":17.0,"CrsPA":8.0,"Prog":51.0},{"Player":"Théo Pellenard","Pos":"DF","Cmp":625.0,"Cmp%":73.2,"1\/3":50.0,"PPA":19.0,"CrsPA":8.0,"Prog":82.0},{"Player":"Nicolas Pepe","Pos":"FW","Cmp":804.0,"Cmp%":78.7,"1\/3":51.0,"PPA":34.0,"CrsPA":7.0,"Prog":85.0},{"Player":"Loic Perrin","Pos":"DF","Cmp":1286.0,"Cmp%":87.0,"1\/3":94.0,"PPA":5.0,"CrsPA":0.0,"Prog":82.0},{"Player":"Lebogang Phiri","Pos":"MF","Cmp":560.0,"Cmp%":88.3,"1\/3":60.0,"PPA":3.0,"CrsPA":1.0,"Prog":54.0},{"Player":"Ronael Pierre Gabriel","Pos":"DF","Cmp":481.0,"Cmp%":79.9,"1\/3":40.0,"PPA":5.0,"CrsPA":3.0,"Prog":47.0},{"Player":"Facundo Píriz","Pos":"MF","Cmp":374.0,"Cmp%":86.2,"1\/3":23.0,"PPA":0.0,"CrsPA":0.0,"Prog":15.0},{"Player":"Jaroslav Plasil","Pos":"MF","Cmp":551.0,"Cmp%":87.2,"1\/3":50.0,"PPA":12.0,"CrsPA":2.0,"Prog":71.0},{"Player":"Alassane Pléa","Pos":"FW","Cmp":793.0,"Cmp%":77.1,"1\/3":57.0,"PPA":26.0,"CrsPA":2.0,"Prog":82.0},{"Player":"Gerónimo Poblete","Pos":"MF","Cmp":747.0,"Cmp%":87.1,"1\/3":73.0,"PPA":6.0,"CrsPA":0.0,"Prog":72.0},{"Player":"Ezequiel Ponce","Pos":"FW","Cmp":195.0,"Cmp%":74.4,"1\/3":6.0,"PPA":4.0,"CrsPA":0.0,"Prog":13.0},{"Player":"Maxime Poundje","Pos":"DF","Cmp":698.0,"Cmp%":73.6,"1\/3":74.0,"PPA":15.0,"CrsPA":10.0,"Prog":71.0},{"Player":"Sanjin Prcic","Pos":"MF","Cmp":788.0,"Cmp%":86.0,"1\/3":94.0,"PPA":11.0,"CrsPA":1.0,"Prog":96.0},{"Player":"Nicolas de Preville","Pos":"FW","Cmp":490.0,"Cmp%":69.8,"1\/3":27.0,"PPA":19.0,"CrsPA":5.0,"Prog":43.0},{"Player":"Nicolas de Preville","Pos":"FW","Cmp":44.0,"Cmp%":65.7,"1\/3":2.0,"PPA":2.0,"CrsPA":0.0,"Prog":4.0},{"Player":"Adrien Rabiot","Pos":"MF","Cmp":1978.0,"Cmp%":91.2,"1\/3":170.0,"PPA":24.0,"CrsPA":3.0,"Prog":150.0},{"Player":"Rafael","Pos":"DF","Cmp":962.0,"Cmp%":79.6,"1\/3":72.0,"PPA":22.0,"CrsPA":17.0,"Prog":83.0},{"Player":"Andrea Raggi","Pos":"DF","Cmp":542.0,"Cmp%":73.0,"1\/3":45.0,"PPA":5.0,"CrsPA":3.0,"Prog":54.0},{"Player":"Adil Rami","Pos":"DF","Cmp":1583.0,"Cmp%":84.7,"1\/3":85.0,"PPA":2.0,"CrsPA":0.0,"Prog":75.0},{"Player":"Pedro Rebocho","Pos":"DF","Cmp":747.0,"Cmp%":75.8,"1\/3":54.0,"PPA":20.0,"CrsPA":10.0,"Prog":78.0},{"Player":"Jan Repas","Pos":"MF","Cmp":160.0,"Cmp%":67.5,"1\/3":14.0,"PPA":4.0,"CrsPA":1.0,"Prog":18.0},{"Player":"Baptiste Reynet","Pos":"GK","Cmp":953.0,"Cmp%":71.4,"1\/3":30.0,"PPA":0.0,"CrsPA":0.0,"Prog":0.0},{"Player":"Emmanuel Rivière","Pos":"FW","Cmp":423.0,"Cmp%":71.0,"1\/3":13.0,"PPA":6.0,"CrsPA":0.0,"Prog":14.0},{"Player":"Jonathan Rivierez","Pos":"DF","Cmp":708.0,"Cmp%":74.8,"1\/3":52.0,"PPA":15.0,"CrsPA":9.0,"Prog":71.0},{"Player":"Ronny Rodelin","Pos":"FW","Cmp":914.0,"Cmp%":68.4,"1\/3":120.0,"PPA":35.0,"CrsPA":12.0,"Prog":167.0},{"Player":"Rolando","Pos":"DF","Cmp":1156.0,"Cmp%":87.1,"1\/3":45.0,"PPA":2.0,"CrsPA":0.0,"Prog":54.0},{"Player":"Valentin Rongier","Pos":"MF","Cmp":1114.0,"Cmp%":85.4,"1\/3":111.0,"PPA":24.0,"CrsPA":2.0,"Prog":115.0},{"Player":"Valentin Rosier","Pos":"DF","Cmp":1092.0,"Cmp%":76.8,"1\/3":84.0,"PPA":24.0,"CrsPA":11.0,"Prog":94.0},{"Player":"Jérôme Roussillon","Pos":"DF","Cmp":723.0,"Cmp%":74.1,"1\/3":53.0,"PPA":26.0,"CrsPA":15.0,"Prog":86.0},{"Player":"Nolan Roux","Pos":"FW","Cmp":527.0,"Cmp%":68.3,"1\/3":31.0,"PPA":16.0,"CrsPA":2.0,"Prog":63.0},{"Player":"Stéphane Ruffier","Pos":"GK","Cmp":567.0,"Cmp%":63.9,"1\/3":6.0,"PPA":0.0,"CrsPA":0.0,"Prog":0.0},{"Player":"Idriss Saadi","Pos":"FW","Cmp":120.0,"Cmp%":61.2,"1\/3":6.0,"PPA":8.0,"CrsPA":4.0,"Prog":9.0},{"Player":"Youssouf Sabaly","Pos":"DF","Cmp":1578.0,"Cmp%":78.4,"1\/3":143.0,"PPA":54.0,"CrsPA":29.0,"Prog":142.0},{"Player":"Ihsan Sacko","Pos":"FW","Cmp":67.0,"Cmp%":77.9,"1\/3":3.0,"PPA":2.0,"CrsPA":1.0,"Prog":3.0},{"Player":"Ihsan Sacko","Pos":"FW","Cmp":140.0,"Cmp%":69.7,"1\/3":6.0,"PPA":2.0,"CrsPA":0.0,"Prog":8.0},{"Player":"Wesley Said","Pos":"FW","Cmp":365.0,"Cmp%":73.6,"1\/3":29.0,"PPA":11.0,"CrsPA":0.0,"Prog":39.0},{"Player":"Allan Saint-Maximin","Pos":"MF","Cmp":3.0,"Cmp%":60.0,"1\/3":0.0,"PPA":1.0,"CrsPA":1.0,"Prog":0.0},{"Player":"Allan Saint-Maximin","Pos":"FW","Cmp":668.0,"Cmp%":73.9,"1\/3":24.0,"PPA":38.0,"CrsPA":15.0,"Prog":71.0},{"Player":"Hiroki Sakai","Pos":"DF","Cmp":1197.0,"Cmp%":79.7,"1\/3":87.0,"PPA":12.0,"CrsPA":5.0,"Prog":126.0},{"Player":"Emiliano Sala","Pos":"FW","Cmp":513.0,"Cmp%":62.7,"1\/3":34.0,"PPA":17.0,"CrsPA":2.0,"Prog":48.0},{"Player":"Yannis Salibur","Pos":"FW","Cmp":469.0,"Cmp%":76.0,"1\/3":32.0,"PPA":18.0,"CrsPA":6.0,"Prog":43.0},{"Player":"Mamadou Samassa","Pos":"GK","Cmp":265.0,"Cmp%":53.1,"1\/3":10.0,"PPA":0.0,"CrsPA":0.0,"Prog":1.0},{"Player":"Junior Sambia","Pos":"MF","Cmp":607.0,"Cmp%":77.1,"1\/3":46.0,"PPA":15.0,"CrsPA":4.0,"Prog":68.0},{"Player":"Frederic Sammaritano","Pos":"FW","Cmp":457.0,"Cmp%":76.3,"1\/3":39.0,"PPA":23.0,"CrsPA":8.0,"Prog":52.0},{"Player":"Ibrahim Sangare","Pos":"MF","Cmp":621.0,"Cmp%":74.4,"1\/3":103.0,"PPA":8.0,"CrsPA":2.0,"Prog":93.0},{"Player":"Younousse Sankhare","Pos":"MF","Cmp":751.0,"Cmp%":85.4,"1\/3":88.0,"PPA":7.0,"CrsPA":2.0,"Prog":88.0},{"Player":"Baissama Sankoh","Pos":"MF","Cmp":432.0,"Cmp%":79.1,"1\/3":32.0,"PPA":4.0,"CrsPA":1.0,"Prog":40.0},{"Player":"Yaya Sanogo","Pos":"FW","Cmp":170.0,"Cmp%":56.3,"1\/3":16.0,"PPA":8.0,"CrsPA":1.0,"Prog":23.0},{"Player":"Morgan Sanson","Pos":"MF","Cmp":817.0,"Cmp%":77.7,"1\/3":76.0,"PPA":26.0,"CrsPA":11.0,"Prog":79.0},{"Player":"Baptiste Santamaria","Pos":"MF","Cmp":936.0,"Cmp%":80.1,"1\/3":116.0,"PPA":6.0,"CrsPA":3.0,"Prog":105.0},{"Player":"Ivan Santini","Pos":"FW","Cmp":447.0,"Cmp%":64.9,"1\/3":31.0,"PPA":5.0,"CrsPA":0.0,"Prog":31.0},{"Player":"Bouna Sarr","Pos":"DF","Cmp":1083.0,"Cmp%":84.0,"1\/3":59.0,"PPA":29.0,"CrsPA":21.0,"Prog":76.0},{"Player":"Ismaila Sarr","Pos":"FW","Cmp":324.0,"Cmp%":75.2,"1\/3":18.0,"PPA":14.0,"CrsPA":3.0,"Prog":32.0},{"Player":"Malang Sarr","Pos":"DF","Cmp":933.0,"Cmp%":88.4,"1\/3":66.0,"PPA":2.0,"CrsPA":1.0,"Prog":52.0},{"Player":"Ernest Seka","Pos":"DF","Cmp":989.0,"Cmp%":76.2,"1\/3":85.0,"PPA":15.0,"CrsPA":5.0,"Prog":112.0},{"Player":"Ole Selnaes","Pos":"MF","Cmp":996.0,"Cmp%":81.4,"1\/3":96.0,"PPA":7.0,"CrsPA":0.0,"Prog":93.0},{"Player":"Stéphane Sessegnon","Pos":"MF","Cmp":378.0,"Cmp%":77.1,"1\/3":39.0,"PPA":14.0,"CrsPA":1.0,"Prog":48.0},{"Player":"Djibril Sidibe","Pos":"DF","Cmp":1372.0,"Cmp%":83.3,"1\/3":103.0,"PPA":39.0,"CrsPA":8.0,"Prog":175.0},{"Player":"Gabriel Silva","Pos":"DF","Cmp":819.0,"Cmp%":77.3,"1\/3":62.0,"PPA":22.0,"CrsPA":6.0,"Prog":93.0},{"Player":"Thiago Silva","Pos":"DF","Cmp":1583.0,"Cmp%":94.5,"1\/3":93.0,"PPA":8.0,"CrsPA":0.0,"Prog":86.0},{"Player":"Giovanni Sio","Pos":"FW","Cmp":410.0,"Cmp%":66.9,"1\/3":28.0,"PPA":22.0,"CrsPA":6.0,"Prog":43.0},{"Player":"Ellyes Skhiri","Pos":"MF","Cmp":1341.0,"Cmp%":84.6,"1\/3":133.0,"PPA":19.0,"CrsPA":3.0,"Prog":121.0},{"Player":"Naim Sliti","Pos":"FW","Cmp":616.0,"Cmp%":68.2,"1\/3":60.0,"PPA":48.0,"CrsPA":10.0,"Prog":98.0},{"Player":"Somália","Pos":"MF","Cmp":467.0,"Cmp%":74.0,"1\/3":42.0,"PPA":11.0,"CrsPA":4.0,"Prog":54.0},{"Player":"Jérémy Sorbon","Pos":"DF","Cmp":923.0,"Cmp%":84.8,"1\/3":46.0,"PPA":1.0,"CrsPA":0.0,"Prog":46.0},{"Player":"Arnaud Souquet","Pos":"DF","Cmp":1346.0,"Cmp%":85.1,"1\/3":76.0,"PPA":23.0,"CrsPA":13.0,"Prog":81.0},{"Player":"Bassem Srarfi","Pos":"FW","Cmp":303.0,"Cmp%":81.5,"1\/3":12.0,"PPA":6.0,"CrsPA":2.0,"Prog":20.0},{"Player":"Danijel Subasic","Pos":"GK","Cmp":400.0,"Cmp%":62.2,"1\/3":11.0,"PPA":0.0,"CrsPA":0.0,"Prog":1.0},{"Player":"Neven Subotic","Pos":"DF","Cmp":704.0,"Cmp%":84.7,"1\/3":42.0,"PPA":1.0,"CrsPA":0.0,"Prog":27.0},{"Player":"Gilles Sunu","Pos":"MF","Cmp":203.0,"Cmp%":77.5,"1\/3":14.0,"PPA":9.0,"CrsPA":4.0,"Prog":21.0},{"Player":"Issiaga Sylla","Pos":"DF","Cmp":593.0,"Cmp%":69.9,"1\/3":77.0,"PPA":26.0,"CrsPA":17.0,"Prog":76.0},{"Player":"Franck Tabanou","Pos":"DF","Cmp":430.0,"Cmp%":72.4,"1\/3":31.0,"PPA":8.0,"CrsPA":5.0,"Prog":43.0},{"Player":"Flavien Tait","Pos":"MF","Cmp":702.0,"Cmp%":71.6,"1\/3":73.0,"PPA":30.0,"CrsPA":7.0,"Prog":81.0},{"Player":"Adrien Tameze","Pos":"MF","Cmp":1172.0,"Cmp%":90.6,"1\/3":98.0,"PPA":3.0,"CrsPA":0.0,"Prog":71.0},{"Player":"Ciprian Tatarusanu","Pos":"GK","Cmp":507.0,"Cmp%":58.7,"1\/3":8.0,"PPA":0.0,"CrsPA":0.0,"Prog":0.0},{"Player":"Júlio Tavares","Pos":"FW","Cmp":320.0,"Cmp%":61.4,"1\/3":17.0,"PPA":17.0,"CrsPA":5.0,"Prog":30.0},{"Player":"Martin Terrier","Pos":"FW","Cmp":363.0,"Cmp%":74.2,"1\/3":23.0,"PPA":13.0,"CrsPA":2.0,"Prog":38.0},{"Player":"Kenny Tete","Pos":"DF","Cmp":814.0,"Cmp%":78.6,"1\/3":50.0,"PPA":23.0,"CrsPA":14.0,"Prog":73.0},{"Player":"Florian Thauvin","Pos":"FW","Cmp":1311.0,"Cmp%":72.2,"1\/3":122.0,"PPA":59.0,"CrsPA":22.0,"Prog":174.0},{"Player":"Kévin Théophile-Catherine","Pos":"DF","Cmp":898.0,"Cmp%":81.1,"1\/3":76.0,"PPA":6.0,"CrsPA":1.0,"Prog":70.0},{"Player":"Romain Thomas","Pos":"DF","Cmp":957.0,"Cmp%":79.4,"1\/3":62.0,"PPA":1.0,"CrsPA":0.0,"Prog":61.0},{"Player":"Adrien Thomasson","Pos":"MF","Cmp":1007.0,"Cmp%":76.5,"1\/3":73.0,"PPA":22.0,"CrsPA":8.0,"Prog":112.0},{"Player":"Marcus Thuram","Pos":"FW","Cmp":335.0,"Cmp%":65.8,"1\/3":17.0,"PPA":14.0,"CrsPA":1.0,"Prog":39.0},{"Player":"Youri Tielemans","Pos":"MF","Cmp":660.0,"Cmp%":78.1,"1\/3":85.0,"PPA":6.0,"CrsPA":0.0,"Prog":78.0},{"Player":"Ola Toivonen","Pos":"FW","Cmp":229.0,"Cmp%":71.8,"1\/3":25.0,"PPA":5.0,"CrsPA":1.0,"Prog":26.0},{"Player":"Karl Toko Ekambi","Pos":"FW","Cmp":690.0,"Cmp%":76.1,"1\/3":33.0,"PPA":28.0,"CrsPA":5.0,"Prog":60.0},{"Player":"Jérémy Toulalan","Pos":"DF","Cmp":848.0,"Cmp%":82.3,"1\/3":97.0,"PPA":4.0,"CrsPA":0.0,"Prog":80.0},{"Player":"Abdoulaye Touré","Pos":"MF","Cmp":1070.0,"Cmp%":78.3,"1\/3":150.0,"PPA":15.0,"CrsPA":4.0,"Prog":140.0},{"Player":"Almamy Touré","Pos":"DF","Cmp":446.0,"Cmp%":70.5,"1\/3":38.0,"PPA":12.0,"CrsPA":7.0,"Prog":68.0},{"Player":"Lucas Tousart","Pos":"MF","Cmp":1315.0,"Cmp%":85.5,"1\/3":88.0,"PPA":5.0,"CrsPA":0.0,"Prog":79.0},{"Player":"Bertrand Traoré","Pos":"FW","Cmp":831.0,"Cmp%":80.0,"1\/3":53.0,"PPA":29.0,"CrsPA":5.0,"Prog":83.0},{"Player":"Charles Traore","Pos":"DF","Cmp":1235.0,"Cmp%":72.4,"1\/3":92.0,"PPA":26.0,"CrsPA":12.0,"Prog":118.0},{"Player":"Hamari Traore","Pos":"DF","Cmp":1279.0,"Cmp%":75.3,"1\/3":125.0,"PPA":20.0,"CrsPA":7.0,"Prog":141.0},{"Player":"Ismael Traoré","Pos":"DF","Cmp":911.0,"Cmp%":81.6,"1\/3":39.0,"PPA":4.0,"CrsPA":0.0,"Prog":40.0},{"Player":"Lacina Traoré","Pos":"FW","Cmp":114.0,"Cmp%":53.8,"1\/3":10.0,"PPA":5.0,"CrsPA":1.0,"Prog":13.0},{"Player":"Valentin Vada","Pos":"MF","Cmp":469.0,"Cmp%":81.3,"1\/3":44.0,"PPA":10.0,"CrsPA":3.0,"Prog":46.0},{"Player":"Rémy Vercoutre","Pos":"GK","Cmp":510.0,"Cmp%":57.4,"1\/3":45.0,"PPA":1.0,"CrsPA":0.0,"Prog":0.0},{"Player":"Marco Verratti","Pos":"MF","Cmp":1796.0,"Cmp%":90.2,"1\/3":193.0,"PPA":41.0,"CrsPA":1.0,"Prog":186.0},{"Player":"Oswaldo Vizcarrondo","Pos":"DF","Cmp":632.0,"Cmp%":79.2,"1\/3":40.0,"PPA":0.0,"CrsPA":0.0,"Prog":41.0},{"Player":"Remi Walter","Pos":"MF","Cmp":355.0,"Cmp%":81.6,"1\/3":29.0,"PPA":2.0,"CrsPA":1.0,"Prog":25.0},{"Player":"Remi Walter","Pos":"MF","Cmp":200.0,"Cmp%":87.7,"1\/3":18.0,"PPA":3.0,"CrsPA":1.0,"Prog":11.0},{"Player":"Xeka","Pos":"MF","Cmp":545.0,"Cmp%":78.9,"1\/3":41.0,"PPA":8.0,"CrsPA":0.0,"Prog":52.0},{"Player":"Xeka","Pos":"MF","Cmp":6.0,"Cmp%":60.0,"1\/3":1.0,"PPA":1.0,"CrsPA":0.0,"Prog":3.0},{"Player":"Steeve Yago","Pos":"DF","Cmp":535.0,"Cmp%":76.8,"1\/3":41.0,"PPA":8.0,"CrsPA":3.0,"Prog":53.0},{"Player":"Cédric Yambéré","Pos":"DF","Cmp":1077.0,"Cmp%":80.7,"1\/3":93.0,"PPA":9.0,"CrsPA":1.0,"Prog":79.0},{"Player":"Mehdi Zeffane","Pos":"DF","Cmp":430.0,"Cmp%":76.6,"1\/3":35.0,"PPA":4.0,"CrsPA":3.0,"Prog":33.0},{"Player":"Erwin Zelazny","Pos":"GK","Cmp":293.0,"Cmp%":56.1,"1\/3":14.0,"PPA":0.0,"CrsPA":0.0,"Prog":0.0},{"Player":"Bongani Zungu","Pos":"MF","Cmp":"896","Cmp%":"82.7","1\/3":"78","PPA":"5","CrsPA":"1","Prog":"83"}]