[{"Player":"Patrick van Aanholt","Pos":"DF","Cmp":1227.0,"Cmp%":78.8,"1\/3":86.0,"PPA":25.0,"CrsPA":5.0,"Prog":129.0},{"Player":"Max Aarons","Pos":"DF","Cmp":1316.0,"Cmp%":78.1,"1\/3":43.0,"PPA":32.0,"CrsPA":13.0,"Prog":77.0},{"Player":"Tammy Abraham","Pos":"FW","Cmp":288.0,"Cmp%":69.9,"1\/3":16.0,"PPA":5.0,"CrsPA":0.0,"Prog":31.0},{"Player":"Che Adams","Pos":"FW","Cmp":184.0,"Cmp%":69.4,"1\/3":12.0,"PPA":3.0,"CrsPA":0.0,"Prog":19.0},{"Player":"Sergio Agüero","Pos":"FW","Cmp":284.0,"Cmp%":77.4,"1\/3":12.0,"PPA":20.0,"CrsPA":0.0,"Prog":32.0},{"Player":"Nathan Aké","Pos":"DF","Cmp":1042.0,"Cmp%":88.1,"1\/3":66.0,"PPA":10.0,"CrsPA":0.0,"Prog":57.0},{"Player":"Marc Albrighton","Pos":"MF","Cmp":344.0,"Cmp%":67.9,"1\/3":31.0,"PPA":20.0,"CrsPA":9.0,"Prog":50.0},{"Player":"Toby Alderweireld","Pos":"DF","Cmp":1567.0,"Cmp%":82.7,"1\/3":130.0,"PPA":16.0,"CrsPA":1.0,"Prog":87.0},{"Player":"Trent Alexander-Arnold","Pos":"DF","Cmp":2254.0,"Cmp%":71.6,"1\/3":200.0,"PPA":90.0,"CrsPA":30.0,"Prog":274.0},{"Player":"Alisson","Pos":"GK","Cmp":794.0,"Cmp%":85.8,"1\/3":7.0,"PPA":1.0,"CrsPA":0.0,"Prog":1.0},{"Player":"Dele Alli","Pos":"MF","Cmp":621.0,"Cmp%":77.1,"1\/3":41.0,"PPA":24.0,"CrsPA":0.0,"Prog":65.0},{"Player":"Miguel Almirón","Pos":"MF","Cmp":682.0,"Cmp%":76.3,"1\/3":40.0,"PPA":24.0,"CrsPA":4.0,"Prog":66.0},{"Player":"Marcos Alonso","Pos":"DF","Cmp":916.0,"Cmp%":82.7,"1\/3":35.0,"PPA":29.0,"CrsPA":14.0,"Prog":70.0},{"Player":"Steven Alzate","Pos":"MF","Cmp":564.0,"Cmp%":84.9,"1\/3":32.0,"PPA":16.0,"CrsPA":2.0,"Prog":56.0},{"Player":"Felipe Anderson","Pos":"MF","Cmp":725.0,"Cmp%":77.6,"1\/3":49.0,"PPA":33.0,"CrsPA":6.0,"Prog":85.0},{"Player":"Michail Antonio","Pos":"FW","Cmp":325.0,"Cmp%":64.1,"1\/3":21.0,"PPA":14.0,"CrsPA":8.0,"Prog":32.0},{"Player":"Stuart Armstrong","Pos":"MF","Cmp":466.0,"Cmp%":76.1,"1\/3":33.0,"PPA":24.0,"CrsPA":4.0,"Prog":60.0},{"Player":"Kepa","Pos":"GK","Cmp":877.0,"Cmp%":80.8,"1\/3":1.0,"PPA":0.0,"CrsPA":0.0,"Prog":0.0},{"Player":"Christian Atsu","Pos":"FW","Cmp":163.0,"Cmp%":78.4,"1\/3":2.0,"PPA":10.0,"CrsPA":4.0,"Prog":13.0},{"Player":"Pierre-Emerick Aubameyang","Pos":"FW","Cmp":612.0,"Cmp%":68.9,"1\/3":27.0,"PPA":47.0,"CrsPA":14.0,"Prog":78.0},{"Player":"Serge Aurier","Pos":"DF","Cmp":1262.0,"Cmp%":76.3,"1\/3":63.0,"PPA":40.0,"CrsPA":16.0,"Prog":111.0},{"Player":"Jordan Ayew","Pos":"FW","Cmp":686.0,"Cmp%":81.9,"1\/3":42.0,"PPA":22.0,"CrsPA":0.0,"Prog":49.0},{"Player":"César Azpilicueta","Pos":"DF","Cmp":2267.0,"Cmp%":79.9,"1\/3":148.0,"PPA":60.0,"CrsPA":28.0,"Prog":182.0},{"Player":"Fabián Balbuena","Pos":"DF","Cmp":361.0,"Cmp%":74.1,"1\/3":24.0,"PPA":2.0,"CrsPA":0.0,"Prog":30.0},{"Player":"George Baldock","Pos":"DF","Cmp":1173.0,"Cmp%":75.6,"1\/3":60.0,"PPA":45.0,"CrsPA":28.0,"Prog":88.0},{"Player":"Phil Bardsley","Pos":"DF","Cmp":599.0,"Cmp%":66.8,"1\/3":67.0,"PPA":15.0,"CrsPA":2.0,"Prog":63.0},{"Player":"Ross Barkley","Pos":"MF","Cmp":540.0,"Cmp%":87.7,"1\/3":53.0,"PPA":19.0,"CrsPA":1.0,"Prog":48.0},{"Player":"Ashley Barnes","Pos":"FW","Cmp":155.0,"Cmp%":61.3,"1\/3":6.0,"PPA":10.0,"CrsPA":0.0,"Prog":22.0},{"Player":"Harvey Barnes","Pos":"MF","Cmp":559.0,"Cmp%":76.7,"1\/3":34.0,"PPA":39.0,"CrsPA":3.0,"Prog":87.0},{"Player":"Chris Basham","Pos":"DF","Cmp":1084.0,"Cmp%":74.2,"1\/3":64.0,"PPA":12.0,"CrsPA":8.0,"Prog":60.0},{"Player":"Michy Batshuayi","Pos":"FW","Cmp":61.0,"Cmp%":80.3,"1\/3":1.0,"PPA":0.0,"CrsPA":0.0,"Prog":1.0},{"Player":"Jan Bednarek","Pos":"DF","Cmp":1143.0,"Cmp%":79.7,"1\/3":66.0,"PPA":2.0,"CrsPA":0.0,"Prog":62.0},{"Player":"Héctor Bellerín","Pos":"DF","Cmp":558.0,"Cmp%":81.3,"1\/3":32.0,"PPA":8.0,"CrsPA":2.0,"Prog":38.0},{"Player":"Ryan Bennett","Pos":"DF","Cmp":185.0,"Cmp%":77.4,"1\/3":23.0,"PPA":1.0,"CrsPA":0.0,"Prog":15.0},{"Player":"Ryan Bennett","Pos":"DF","Cmp":174.0,"Cmp%":78.7,"1\/3":24.0,"PPA":1.0,"CrsPA":1.0,"Prog":8.0},{"Player":"Christian Benteke","Pos":"FW","Cmp":190.0,"Cmp%":58.3,"1\/3":14.0,"PPA":11.0,"CrsPA":2.0,"Prog":31.0},{"Player":"Bernard","Pos":"MF","Cmp":426.0,"Cmp%":74.3,"1\/3":38.0,"PPA":26.0,"CrsPA":6.0,"Prog":59.0},{"Player":"Bernard","Pos":"DF","Cmp":286.0,"Cmp%":74.7,"1\/3":26.0,"PPA":8.0,"CrsPA":3.0,"Prog":39.0},{"Player":"Ryan Bertrand","Pos":"DF","Cmp":1244.0,"Cmp%":75.1,"1\/3":106.0,"PPA":34.0,"CrsPA":16.0,"Prog":127.0},{"Player":"Philip Billing","Pos":"MF","Cmp":878.0,"Cmp%":74.5,"1\/3":77.0,"PPA":16.0,"CrsPA":2.0,"Prog":76.0},{"Player":"Yves Bissouma","Pos":"MF","Cmp":525.0,"Cmp%":84.4,"1\/3":48.0,"PPA":6.0,"CrsPA":0.0,"Prog":40.0},{"Player":"Willy Boly","Pos":"DF","Cmp":793.0,"Cmp%":82.7,"1\/3":34.0,"PPA":2.0,"CrsPA":0.0,"Prog":37.0},{"Player":"Sofiane Boufal","Pos":"MF","Cmp":247.0,"Cmp%":76.0,"1\/3":18.0,"PPA":14.0,"CrsPA":3.0,"Prog":25.0},{"Player":"Robbie Brady","Pos":"MF","Cmp":108.0,"Cmp%":64.7,"1\/3":6.0,"PPA":7.0,"CrsPA":1.0,"Prog":19.0},{"Player":"Emiliano Buendía","Pos":"FW","Cmp":1144.0,"Cmp%":74.6,"1\/3":145.0,"PPA":58.0,"CrsPA":4.0,"Prog":173.0},{"Player":"Dan Burn","Pos":"DF","Cmp":1389.0,"Cmp%":75.4,"1\/3":111.0,"PPA":21.0,"CrsPA":8.0,"Prog":106.0},{"Player":"Sam Byram","Pos":"DF","Cmp":625.0,"Cmp%":81.9,"1\/3":22.0,"PPA":5.0,"CrsPA":0.0,"Prog":43.0},{"Player":"Gary Cahill","Pos":"DF","Cmp":826.0,"Cmp%":86.7,"1\/3":34.0,"PPA":2.0,"CrsPA":0.0,"Prog":34.0},{"Player":"Dominic Calvert-Lewin","Pos":"FW","Cmp":393.0,"Cmp%":66.2,"1\/3":34.0,"PPA":13.0,"CrsPA":3.0,"Prog":39.0},{"Player":"João Cancelo","Pos":"DF","Cmp":1008.0,"Cmp%":87.9,"1\/3":98.0,"PPA":23.0,"CrsPA":3.0,"Prog":88.0},{"Player":"Todd Cantwell","Pos":"FW","Cmp":884.0,"Cmp%":79.9,"1\/3":71.0,"PPA":21.0,"CrsPA":1.0,"Prog":77.0},{"Player":"Etienne Capoue","Pos":"MF","Cmp":1159.0,"Cmp%":81.0,"1\/3":130.0,"PPA":8.0,"CrsPA":1.0,"Prog":118.0},{"Player":"Andy Carroll","Pos":"FW","Cmp":134.0,"Cmp%":64.7,"1\/3":12.0,"PPA":9.0,"CrsPA":2.0,"Prog":15.0},{"Player":"Jonny","Pos":"DF","Cmp":1177.0,"Cmp%":81.5,"1\/3":53.0,"PPA":20.0,"CrsPA":5.0,"Prog":87.0},{"Player":"Craig Cathcart","Pos":"DF","Cmp":716.0,"Cmp%":83.3,"1\/3":37.0,"PPA":3.0,"CrsPA":1.0,"Prog":38.0},{"Player":"Dani Ceballos","Pos":"MF","Cmp":1096.0,"Cmp%":84.2,"1\/3":120.0,"PPA":30.0,"CrsPA":2.0,"Prog":105.0},{"Player":"Nathaniel Chalobah","Pos":"MF","Cmp":263.0,"Cmp%":73.5,"1\/3":24.0,"PPA":4.0,"CrsPA":0.0,"Prog":34.0},{"Player":"Ben Chilwell","Pos":"DF","Cmp":1527.0,"Cmp%":78.1,"1\/3":92.0,"PPA":23.0,"CrsPA":12.0,"Prog":113.0},{"Player":"Hamza Choudhury","Pos":"MF","Cmp":428.0,"Cmp%":86.6,"1\/3":30.0,"PPA":2.0,"CrsPA":0.0,"Prog":19.0},{"Player":"Andreas Christensen","Pos":"DF","Cmp":1166.0,"Cmp%":92.7,"1\/3":82.0,"PPA":2.0,"CrsPA":0.0,"Prog":47.0},{"Player":"Tom Cleverley","Pos":"MF","Cmp":366.0,"Cmp%":78.0,"1\/3":35.0,"PPA":13.0,"CrsPA":4.0,"Prog":45.0},{"Player":"Conor Coady","Pos":"DF","Cmp":1531.0,"Cmp%":85.9,"1\/3":115.0,"PPA":7.0,"CrsPA":0.0,"Prog":53.0},{"Player":"Seamus Coleman","Pos":"DF","Cmp":813.0,"Cmp%":76.8,"1\/3":66.0,"PPA":13.0,"CrsPA":4.0,"Prog":80.0},{"Player":"Aaron Connolly","Pos":"FW","Cmp":126.0,"Cmp%":77.3,"1\/3":6.0,"PPA":2.0,"CrsPA":0.0,"Prog":10.0},{"Player":"Lewis Cook","Pos":"MF","Cmp":560.0,"Cmp%":77.9,"1\/3":61.0,"PPA":11.0,"CrsPA":1.0,"Prog":65.0},{"Player":"Steve Cook","Pos":"DF","Cmp":993.0,"Cmp%":81.3,"1\/3":49.0,"PPA":3.0,"CrsPA":0.0,"Prog":56.0},{"Player":"Jack Cork","Pos":"MF","Cmp":743.0,"Cmp%":79.6,"1\/3":55.0,"PPA":9.0,"CrsPA":1.0,"Prog":61.0},{"Player":"Aaron Cresswell","Pos":"DF","Cmp":1241.0,"Cmp%":73.8,"1\/3":114.0,"PPA":22.0,"CrsPA":15.0,"Prog":123.0},{"Player":"Scott Dann","Pos":"DF","Cmp":461.0,"Cmp%":83.1,"1\/3":24.0,"PPA":0.0,"CrsPA":0.0,"Prog":28.0},{"Player":"Ben Davies","Pos":"DF","Cmp":730.0,"Cmp%":76.4,"1\/3":62.0,"PPA":9.0,"CrsPA":6.0,"Prog":69.0},{"Player":"Tom Davies","Pos":"MF","Cmp":681.0,"Cmp%":78.3,"1\/3":83.0,"PPA":16.0,"CrsPA":0.0,"Prog":111.0},{"Player":"Keinan Davis","Pos":"FW","Cmp":107.0,"Cmp%":75.4,"1\/3":7.0,"PPA":2.0,"CrsPA":0.0,"Prog":8.0},{"Player":"Craig Dawson","Pos":"DF","Cmp":731.0,"Cmp%":80.4,"1\/3":55.0,"PPA":2.0,"CrsPA":0.0,"Prog":45.0},{"Player":"Kevin De Bruyne","Pos":"MF","Cmp":1674.0,"Cmp%":74.6,"1\/3":175.0,"PPA":121.0,"CrsPA":18.0,"Prog":261.0},{"Player":"Troy Deeney","Pos":"FW","Cmp":404.0,"Cmp%":57.3,"1\/3":50.0,"PPA":25.0,"CrsPA":1.0,"Prog":70.0},{"Player":"Fabian Delph","Pos":"MF","Cmp":676.0,"Cmp%":86.9,"1\/3":61.0,"PPA":15.0,"CrsPA":4.0,"Prog":62.0},{"Player":"Leander Dendoncker","Pos":"MF","Cmp":1087.0,"Cmp%":84.7,"1\/3":55.0,"PPA":4.0,"CrsPA":1.0,"Prog":58.0},{"Player":"Gerard Deulofeu","Pos":"FW","Cmp":603.0,"Cmp%":73.3,"1\/3":30.0,"PPA":30.0,"CrsPA":2.0,"Prog":59.0},{"Player":"Eric Dier","Pos":"DF","Cmp":713.0,"Cmp%":81.4,"1\/3":56.0,"PPA":3.0,"CrsPA":0.0,"Prog":43.0},{"Player":"Lucas Digne","Pos":"DF","Cmp":1353.0,"Cmp%":69.5,"1\/3":98.0,"PPA":41.0,"CrsPA":24.0,"Prog":151.0},{"Player":"Virgil van Dijk","Pos":"DF","Cmp":2791.0,"Cmp%":90.5,"1\/3":227.0,"PPA":9.0,"CrsPA":0.0,"Prog":154.0},{"Player":"Issa Diop","Pos":"DF","Cmp":755.0,"Cmp%":79.6,"1\/3":51.0,"PPA":2.0,"CrsPA":0.0,"Prog":37.0},{"Player":"Moussa Djenepo","Pos":"MF","Cmp":191.0,"Cmp%":72.3,"1\/3":11.0,"PPA":15.0,"CrsPA":2.0,"Prog":29.0},{"Player":"Matt Doherty","Pos":"DF","Cmp":1369.0,"Cmp%":76.4,"1\/3":86.0,"PPA":18.0,"CrsPA":9.0,"Prog":152.0},{"Player":"Abdoulaye Doucouré","Pos":"MF","Cmp":1302.0,"Cmp%":78.5,"1\/3":120.0,"PPA":33.0,"CrsPA":4.0,"Prog":110.0},{"Player":"Josip Drmic","Pos":"FW","Cmp":125.0,"Cmp%":76.2,"1\/3":5.0,"PPA":0.0,"CrsPA":0.0,"Prog":5.0},{"Player":"Martin Dubravka","Pos":"GK","Cmp":595.0,"Cmp%":54.4,"1\/3":19.0,"PPA":0.0,"CrsPA":0.0,"Prog":0.0},{"Player":"Shane Duffy","Pos":"DF","Cmp":515.0,"Cmp%":84.0,"1\/3":26.0,"PPA":4.0,"CrsPA":0.0,"Prog":23.0},{"Player":"Paul Dummett","Pos":"DF","Cmp":358.0,"Cmp%":71.3,"1\/3":44.0,"PPA":4.0,"CrsPA":3.0,"Prog":27.0},{"Player":"Lewis Dunk","Pos":"DF","Cmp":1913.0,"Cmp%":87.3,"1\/3":131.0,"PPA":5.0,"CrsPA":0.0,"Prog":82.0},{"Player":"Ederson","Pos":"GK","Cmp":927.0,"Cmp%":87.2,"1\/3":11.0,"PPA":0.0,"CrsPA":0.0,"Prog":0.0},{"Player":"John Egan","Pos":"DF","Cmp":1017.0,"Cmp%":83.8,"1\/3":67.0,"PPA":2.0,"CrsPA":0.0,"Prog":65.0},{"Player":"Ahmed Elmohamady","Pos":"DF","Cmp":484.0,"Cmp%":76.5,"1\/3":44.0,"PPA":22.0,"CrsPA":16.0,"Prog":43.0},{"Player":"Björn Engels","Pos":"DF","Cmp":503.0,"Cmp%":83.1,"1\/3":46.0,"PPA":1.0,"CrsPA":1.0,"Prog":35.0},{"Player":"Christian Eriksen","Pos":"MF","Cmp":549.0,"Cmp%":73.9,"1\/3":57.0,"PPA":22.0,"CrsPA":1.0,"Prog":57.0},{"Player":"Jonny","Pos":"DF","Cmp":2088.0,"Cmp%":88.0,"1\/3":144.0,"PPA":5.0,"CrsPA":1.0,"Prog":117.0},{"Player":"Lukasz Fabianski","Pos":"GK","Cmp":378.0,"Cmp%":56.3,"1\/3":7.0,"PPA":0.0,"CrsPA":0.0,"Prog":0.0},{"Player":"Fabinho","Pos":"MF","Cmp":1334.0,"Cmp%":87.3,"1\/3":128.0,"PPA":21.0,"CrsPA":2.0,"Prog":98.0},{"Player":"Kiko Femenía","Pos":"DF","Cmp":998.0,"Cmp%":77.2,"1\/3":55.0,"PPA":28.0,"CrsPA":16.0,"Prog":77.0},{"Player":"Federico Fernández","Pos":"DF","Cmp":907.0,"Cmp%":76.6,"1\/3":42.0,"PPA":7.0,"CrsPA":4.0,"Prog":32.0},{"Player":"Fernandinho","Pos":"DF","Cmp":1985.0,"Cmp%":90.6,"1\/3":226.0,"PPA":11.0,"CrsPA":1.0,"Prog":165.0},{"Player":"Roberto Firmino","Pos":"FW","Cmp":931.0,"Cmp%":79.5,"1\/3":69.0,"PPA":35.0,"CrsPA":0.0,"Prog":103.0},{"Player":"John Fleck","Pos":"MF","Cmp":854.0,"Cmp%":73.4,"1\/3":91.0,"PPA":32.0,"CrsPA":7.0,"Prog":96.0},{"Player":"Phil Foden","Pos":"FW","Cmp":431.0,"Cmp%":84.8,"1\/3":28.0,"PPA":13.0,"CrsPA":2.0,"Prog":32.0},{"Player":"Pablo Fornals","Pos":"MF","Cmp":680.0,"Cmp%":75.8,"1\/3":49.0,"PPA":27.0,"CrsPA":6.0,"Prog":65.0},{"Player":"Ben Foster","Pos":"GK","Cmp":533.0,"Cmp%":44.4,"1\/3":30.0,"PPA":2.0,"CrsPA":0.0,"Prog":0.0},{"Player":"Simon Francis","Pos":"DF","Cmp":425.0,"Cmp%":78.1,"1\/3":26.0,"PPA":5.0,"CrsPA":4.0,"Prog":27.0},{"Player":"Ryan Fraser","Pos":"MF","Cmp":648.0,"Cmp%":68.2,"1\/3":55.0,"PPA":41.0,"CrsPA":7.0,"Prog":107.0},{"Player":"Fred","Pos":"MF","Cmp":1463.0,"Cmp%":85.4,"1\/3":155.0,"PPA":15.0,"CrsPA":3.0,"Prog":131.0},{"Player":"Ryan Fredericks","Pos":"DF","Cmp":795.0,"Cmp%":72.5,"1\/3":44.0,"PPA":25.0,"CrsPA":15.0,"Prog":57.0},{"Player":"Dwight Gayle","Pos":"FW","Cmp":110.0,"Cmp%":73.3,"1\/3":6.0,"PPA":1.0,"CrsPA":1.0,"Prog":7.0},{"Player":"Paulo Gazzaniga","Pos":"GK","Cmp":319.0,"Cmp%":61.8,"1\/3":6.0,"PPA":0.0,"CrsPA":0.0,"Prog":0.0},{"Player":"David de Gea","Pos":"GK","Cmp":726.0,"Cmp%":77.7,"1\/3":6.0,"PPA":0.0,"CrsPA":0.0,"Prog":0.0},{"Player":"Anwar El Ghazi","Pos":"FW","Cmp":402.0,"Cmp%":65.4,"1\/3":15.0,"PPA":22.0,"CrsPA":15.0,"Prog":43.0},{"Player":"Olivier Giroud","Pos":"FW","Cmp":207.0,"Cmp%":67.6,"1\/3":8.0,"PPA":4.0,"CrsPA":0.0,"Prog":6.0},{"Player":"Ben Godfrey","Pos":"DF","Cmp":1413.0,"Cmp%":88.0,"1\/3":76.0,"PPA":2.0,"CrsPA":0.0,"Prog":61.0},{"Player":"André Gomes","Pos":"MF","Cmp":719.0,"Cmp%":83.7,"1\/3":90.0,"PPA":11.0,"CrsPA":3.0,"Prog":76.0},{"Player":"Joseph Gomez","Pos":"DF","Cmp":1743.0,"Cmp%":88.9,"1\/3":130.0,"PPA":11.0,"CrsPA":2.0,"Prog":92.0},{"Player":"Dan Gosling","Pos":"MF","Cmp":405.0,"Cmp%":79.4,"1\/3":33.0,"PPA":7.0,"CrsPA":2.0,"Prog":40.0},{"Player":"Andre Gray","Pos":"FW","Cmp":102.0,"Cmp%":65.8,"1\/3":7.0,"PPA":6.0,"CrsPA":1.0,"Prog":9.0},{"Player":"Demarai Gray","Pos":"MF","Cmp":271.0,"Cmp%":82.9,"1\/3":12.0,"PPA":13.0,"CrsPA":4.0,"Prog":22.0},{"Player":"Jack Grealish","Pos":"FW","Cmp":1217.0,"Cmp%":79.1,"1\/3":94.0,"PPA":79.0,"CrsPA":6.0,"Prog":176.0},{"Player":"Mason Greenwood","Pos":"FW","Cmp":416.0,"Cmp%":85.2,"1\/3":21.0,"PPA":9.0,"CrsPA":1.0,"Prog":27.0},{"Player":"Pascal Groß","Pos":"FW","Cmp":762.0,"Cmp%":74.1,"1\/3":56.0,"PPA":38.0,"CrsPA":11.0,"Prog":94.0},{"Player":"Vicente Guaita","Pos":"GK","Cmp":591.0,"Cmp%":56.1,"1\/3":14.0,"PPA":0.0,"CrsPA":0.0,"Prog":0.0},{"Player":"Matteo Guendouzi","Pos":"MF","Cmp":1018.0,"Cmp%":89.0,"1\/3":132.0,"PPA":19.0,"CrsPA":1.0,"Prog":125.0},{"Player":"Frederic Guilbert","Pos":"DF","Cmp":687.0,"Cmp%":67.0,"1\/3":67.0,"PPA":24.0,"CrsPA":15.0,"Prog":76.0},{"Player":"Ilkay Gündogan","Pos":"MF","Cmp":1779.0,"Cmp%":91.0,"1\/3":169.0,"PPA":33.0,"CrsPA":1.0,"Prog":150.0},{"Player":"Sébastien Haller","Pos":"FW","Cmp":522.0,"Cmp%":68.1,"1\/3":48.0,"PPA":14.0,"CrsPA":2.0,"Prog":45.0},{"Player":"Grant Hanley","Pos":"DF","Cmp":538.0,"Cmp%":84.2,"1\/3":19.0,"PPA":0.0,"CrsPA":0.0,"Prog":13.0},{"Player":"Kortney Hause","Pos":"DF","Cmp":591.0,"Cmp%":74.9,"1\/3":42.0,"PPA":1.0,"CrsPA":0.0,"Prog":40.0},{"Player":"Isaac Hayden","Pos":"MF","Cmp":630.0,"Cmp%":75.6,"1\/3":40.0,"PPA":13.0,"CrsPA":7.0,"Prog":48.0},{"Player":"Tom Heaton","Pos":"GK","Cmp":350.0,"Cmp%":57.0,"1\/3":8.0,"PPA":0.0,"CrsPA":0.0,"Prog":0.0},{"Player":"Dean Henderson","Pos":"GK","Cmp":424.0,"Cmp%":41.0,"1\/3":49.0,"PPA":1.0,"CrsPA":0.0,"Prog":0.0},{"Player":"Jordan Henderson","Pos":"MF","Cmp":1582.0,"Cmp%":84.2,"1\/3":181.0,"PPA":32.0,"CrsPA":6.0,"Prog":173.0},{"Player":"Jeff Hendrick","Pos":"MF","Cmp":420.0,"Cmp%":73.0,"1\/3":25.0,"PPA":10.0,"CrsPA":2.0,"Prog":39.0},{"Player":"Onel Hernández","Pos":"FW","Cmp":248.0,"Cmp%":74.0,"1\/3":7.0,"PPA":10.0,"CrsPA":3.0,"Prog":16.0},{"Player":"Son Heung-Min","Pos":"FW","Cmp":705.0,"Cmp%":79.9,"1\/3":47.0,"PPA":27.0,"CrsPA":3.0,"Prog":69.0},{"Player":"Mason Holgate","Pos":"DF","Cmp":855.0,"Cmp%":86.3,"1\/3":47.0,"PPA":4.0,"CrsPA":0.0,"Prog":53.0},{"Player":"Conor Hourihane","Pos":"MF","Cmp":542.0,"Cmp%":75.2,"1\/3":50.0,"PPA":14.0,"CrsPA":5.0,"Prog":44.0},{"Player":"Callum Hudson-Odoi","Pos":"FW","Cmp":384.0,"Cmp%":80.7,"1\/3":18.0,"PPA":30.0,"CrsPA":10.0,"Prog":37.0},{"Player":"Will Hughes","Pos":"MF","Cmp":676.0,"Cmp%":73.5,"1\/3":62.0,"PPA":23.0,"CrsPA":4.0,"Prog":73.0},{"Player":"Pierre-Emile Højbjerg","Pos":"MF","Cmp":1413.0,"Cmp%":78.1,"1\/3":146.0,"PPA":33.0,"CrsPA":5.0,"Prog":135.0},{"Player":"Kelechi Iheanacho","Pos":"FW","Cmp":217.0,"Cmp%":81.0,"1\/3":11.0,"PPA":8.0,"CrsPA":0.0,"Prog":26.0},{"Player":"Danny Ings","Pos":"FW","Cmp":437.0,"Cmp%":64.5,"1\/3":39.0,"PPA":27.0,"CrsPA":7.0,"Prog":65.0},{"Player":"Alex Iwobi","Pos":"MF","Cmp":462.0,"Cmp%":75.2,"1\/3":57.0,"PPA":32.0,"CrsPA":9.0,"Prog":89.0},{"Player":"Daniel James","Pos":"FW","Cmp":586.0,"Cmp%":73.0,"1\/3":34.0,"PPA":29.0,"CrsPA":9.0,"Prog":60.0},{"Player":"Reece James","Pos":"DF","Cmp":1055.0,"Cmp%":83.2,"1\/3":58.0,"PPA":31.0,"CrsPA":13.0,"Prog":82.0},{"Player":"Gabriel Jesus","Pos":"FW","Cmp":532.0,"Cmp%":87.5,"1\/3":21.0,"PPA":14.0,"CrsPA":1.0,"Prog":25.0},{"Player":"Raúl Jiménez","Pos":"FW","Cmp":732.0,"Cmp%":72.5,"1\/3":63.0,"PPA":24.0,"CrsPA":4.0,"Prog":79.0},{"Player":"Joelinton","Pos":"FW","Cmp":640.0,"Cmp%":79.9,"1\/3":43.0,"PPA":12.0,"CrsPA":2.0,"Prog":47.0},{"Player":"Jorginho","Pos":"MF","Cmp":1955.0,"Cmp%":88.0,"1\/3":238.0,"PPA":30.0,"CrsPA":1.0,"Prog":186.0},{"Player":"Diogo Jota","Pos":"FW","Cmp":681.0,"Cmp%":79.1,"1\/3":39.0,"PPA":21.0,"CrsPA":6.0,"Prog":56.0},{"Player":"Christian Kabasele","Pos":"DF","Cmp":484.0,"Cmp%":76.1,"1\/3":38.0,"PPA":0.0,"CrsPA":0.0,"Prog":34.0},{"Player":"Harry Kane","Pos":"FW","Cmp":394.0,"Cmp%":66.6,"1\/3":48.0,"PPA":17.0,"CrsPA":3.0,"Prog":62.0},{"Player":"Moise Kean","Pos":"FW","Cmp":104.0,"Cmp%":73.2,"1\/3":5.0,"PPA":7.0,"CrsPA":2.0,"Prog":11.0},{"Player":"Michael Keane","Pos":"DF","Cmp":1167.0,"Cmp%":84.6,"1\/3":69.0,"PPA":3.0,"CrsPA":0.0,"Prog":71.0},{"Player":"Naby Keita","Pos":"MF","Cmp":608.0,"Cmp%":88.9,"1\/3":74.0,"PPA":16.0,"CrsPA":2.0,"Prog":63.0},{"Player":"Martin Kelly","Pos":"DF","Cmp":493.0,"Cmp%":73.7,"1\/3":26.0,"PPA":7.0,"CrsPA":6.0,"Prog":27.0},{"Player":"Joshua King","Pos":"FW","Cmp":362.0,"Cmp%":72.7,"1\/3":20.0,"PPA":19.0,"CrsPA":5.0,"Prog":39.0},{"Player":"Sead Kolasinac","Pos":"DF","Cmp":869.0,"Cmp%":84.3,"1\/3":52.0,"PPA":15.0,"CrsPA":5.0,"Prog":64.0},{"Player":"Cheikhou Kouyaté","Pos":"MF","Cmp":653.0,"Cmp%":75.9,"1\/3":39.0,"PPA":8.0,"CrsPA":1.0,"Prog":54.0},{"Player":"Mateo Kovacic","Pos":"MF","Cmp":1666.0,"Cmp%":90.2,"1\/3":176.0,"PPA":26.0,"CrsPA":2.0,"Prog":166.0},{"Player":"Emil Krafth","Pos":"DF","Cmp":316.0,"Cmp%":73.0,"1\/3":22.0,"PPA":3.0,"CrsPA":2.0,"Prog":27.0},{"Player":"Tim Krul","Pos":"GK","Cmp":1047.0,"Cmp%":67.5,"1\/3":11.0,"PPA":0.0,"CrsPA":0.0,"Prog":2.0},{"Player":"Alexandre Lacazette","Pos":"FW","Cmp":387.0,"Cmp%":77.6,"1\/3":28.0,"PPA":23.0,"CrsPA":6.0,"Prog":30.0},{"Player":"Adam Lallana","Pos":"MF","Cmp":229.0,"Cmp%":84.8,"1\/3":23.0,"PPA":4.0,"CrsPA":0.0,"Prog":18.0},{"Player":"Erik Lamela","Pos":"MF","Cmp":469.0,"Cmp%":78.7,"1\/3":27.0,"PPA":19.0,"CrsPA":1.0,"Prog":42.0},{"Player":"Manuel Lanzini","Pos":"MF","Cmp":674.0,"Cmp%":84.5,"1\/3":65.0,"PPA":15.0,"CrsPA":3.0,"Prog":72.0},{"Player":"Aymeric Laporte","Pos":"DF","Cmp":1041.0,"Cmp%":93.4,"1\/3":108.0,"PPA":1.0,"CrsPA":0.0,"Prog":78.0},{"Player":"Jamaal Lascelles","Pos":"DF","Cmp":668.0,"Cmp%":82.5,"1\/3":25.0,"PPA":2.0,"CrsPA":0.0,"Prog":17.0},{"Player":"Aaron Lennon","Pos":"MF","Cmp":92.0,"Cmp%":70.2,"1\/3":6.0,"PPA":2.0,"CrsPA":1.0,"Prog":8.0},{"Player":"Bernd Leno","Pos":"GK","Cmp":742.0,"Cmp%":74.9,"1\/3":3.0,"PPA":0.0,"CrsPA":0.0,"Prog":0.0},{"Player":"Jefferson Lerma","Pos":"MF","Cmp":1092.0,"Cmp%":79.3,"1\/3":119.0,"PPA":16.0,"CrsPA":0.0,"Prog":119.0},{"Player":"Jamal Lewis","Pos":"DF","Cmp":1036.0,"Cmp%":79.3,"1\/3":42.0,"PPA":20.0,"CrsPA":8.0,"Prog":83.0},{"Player":"Victor Lindelöf","Pos":"DF","Cmp":1764.0,"Cmp%":87.6,"1\/3":82.0,"PPA":1.0,"CrsPA":0.0,"Prog":93.0},{"Player":"Jesse Lingard","Pos":"MF","Cmp":351.0,"Cmp%":85.8,"1\/3":31.0,"PPA":10.0,"CrsPA":0.0,"Prog":30.0},{"Player":"Hugo Lloris","Pos":"GK","Cmp":395.0,"Cmp%":69.5,"1\/3":10.0,"PPA":0.0,"CrsPA":0.0,"Prog":0.0},{"Player":"Giovani Lo Celso","Pos":"MF","Cmp":832.0,"Cmp%":82.8,"1\/3":90.0,"PPA":27.0,"CrsPA":2.0,"Prog":88.0},{"Player":"Shane Long","Pos":"FW","Cmp":226.0,"Cmp%":55.8,"1\/3":17.0,"PPA":9.0,"CrsPA":4.0,"Prog":28.0},{"Player":"Sean Longstaff","Pos":"MF","Cmp":515.0,"Cmp%":78.4,"1\/3":42.0,"PPA":4.0,"CrsPA":1.0,"Prog":38.0},{"Player":"Matthew Lowton","Pos":"DF","Cmp":497.0,"Cmp%":68.5,"1\/3":46.0,"PPA":16.0,"CrsPA":4.0,"Prog":64.0},{"Player":"David Luiz","Pos":"DF","Cmp":1481.0,"Cmp%":86.5,"1\/3":99.0,"PPA":9.0,"CrsPA":1.0,"Prog":77.0},{"Player":"Douglas Luiz","Pos":"MF","Cmp":984.0,"Cmp%":80.9,"1\/3":114.0,"PPA":20.0,"CrsPA":4.0,"Prog":99.0},{"Player":"John Lundstram","Pos":"MF","Cmp":966.0,"Cmp%":80.4,"1\/3":77.0,"PPA":31.0,"CrsPA":6.0,"Prog":84.0},{"Player":"James Maddison","Pos":"MF","Cmp":1282.0,"Cmp%":76.6,"1\/3":154.0,"PPA":45.0,"CrsPA":6.0,"Prog":172.0},{"Player":"Harry Maguire","Pos":"DF","Cmp":2127.0,"Cmp%":88.5,"1\/3":167.0,"PPA":2.0,"CrsPA":0.0,"Prog":98.0},{"Player":"Riyad Mahrez","Pos":"FW","Cmp":1009.0,"Cmp%":84.9,"1\/3":53.0,"PPA":72.0,"CrsPA":8.0,"Prog":120.0},{"Player":"Ainsley Maitland-Niles","Pos":"DF","Cmp":825.0,"Cmp%":82.6,"1\/3":49.0,"PPA":13.0,"CrsPA":5.0,"Prog":51.0},{"Player":"Sadio Mané","Pos":"FW","Cmp":933.0,"Cmp%":80.3,"1\/3":65.0,"PPA":67.0,"CrsPA":11.0,"Prog":120.0},{"Player":"Javier Manquillo","Pos":"DF","Cmp":452.0,"Cmp%":71.5,"1\/3":27.0,"PPA":5.0,"CrsPA":4.0,"Prog":27.0},{"Player":"Solly March","Pos":"DF","Cmp":435.0,"Cmp%":72.4,"1\/3":18.0,"PPA":20.0,"CrsPA":7.0,"Prog":43.0},{"Player":"Adrian Mariappa","Pos":"DF","Cmp":426.0,"Cmp%":72.8,"1\/3":32.0,"PPA":3.0,"CrsPA":3.0,"Prog":37.0},{"Player":"Anthony Martial","Pos":"FW","Cmp":575.0,"Cmp%":79.8,"1\/3":36.0,"PPA":33.0,"CrsPA":1.0,"Prog":64.0},{"Player":"Martin Kelly","Pos":"FW","Cmp":86.0,"Cmp%":62.3,"1\/3":2.0,"PPA":6.0,"CrsPA":1.0,"Prog":10.0},{"Player":"Adam Masina","Pos":"DF","Cmp":582.0,"Cmp%":62.3,"1\/3":57.0,"PPA":15.0,"CrsPA":12.0,"Prog":60.0},{"Player":"Arthur Masuaku","Pos":"DF","Cmp":472.0,"Cmp%":80.3,"1\/3":27.0,"PPA":5.0,"CrsPA":3.0,"Prog":38.0},{"Player":"Juan Mata","Pos":"MF","Cmp":442.0,"Cmp%":84.5,"1\/3":41.0,"PPA":18.0,"CrsPA":2.0,"Prog":40.0},{"Player":"Nemanja Matic","Pos":"MF","Cmp":1095.0,"Cmp%":88.3,"1\/3":117.0,"PPA":12.0,"CrsPA":1.0,"Prog":98.0},{"Player":"Neal Maupay","Pos":"FW","Cmp":540.0,"Cmp%":78.5,"1\/3":28.0,"PPA":27.0,"CrsPA":3.0,"Prog":54.0},{"Player":"James McArthur","Pos":"MF","Cmp":1153.0,"Cmp%":78.2,"1\/3":126.0,"PPA":24.0,"CrsPA":3.0,"Prog":132.0},{"Player":"Oliver McBurnie","Pos":"FW","Cmp":406.0,"Cmp%":64.5,"1\/3":27.0,"PPA":13.0,"CrsPA":0.0,"Prog":51.0},{"Player":"Alex McCarthy","Pos":"GK","Cmp":442.0,"Cmp%":54.2,"1\/3":27.0,"PPA":1.0,"CrsPA":0.0,"Prog":0.0},{"Player":"James McCarthy","Pos":"MF","Cmp":630.0,"Cmp%":77.0,"1\/3":62.0,"PPA":8.0,"CrsPA":0.0,"Prog":54.0},{"Player":"John McGinn","Pos":"MF","Cmp":584.0,"Cmp%":75.6,"1\/3":71.0,"PPA":30.0,"CrsPA":9.0,"Prog":90.0},{"Player":"David McGoldrick","Pos":"FW","Cmp":475.0,"Cmp%":76.2,"1\/3":27.0,"PPA":9.0,"CrsPA":3.0,"Prog":34.0},{"Player":"Kenny McLean","Pos":"MF","Cmp":1324.0,"Cmp%":78.4,"1\/3":131.0,"PPA":19.0,"CrsPA":5.0,"Prog":141.0},{"Player":"Dwight McNeil","Pos":"MF","Cmp":874.0,"Cmp%":68.4,"1\/3":91.0,"PPA":41.0,"CrsPA":29.0,"Prog":72.0},{"Player":"Scott McTominay","Pos":"MF","Cmp":816.0,"Cmp%":82.0,"1\/3":88.0,"PPA":11.0,"CrsPA":2.0,"Prog":82.0},{"Player":"Ben Mee","Pos":"DF","Cmp":875.0,"Cmp%":74.7,"1\/3":59.0,"PPA":1.0,"CrsPA":0.0,"Prog":53.0},{"Player":"Benjamin Mendy","Pos":"DF","Cmp":1108.0,"Cmp%":86.2,"1\/3":55.0,"PPA":38.0,"CrsPA":20.0,"Prog":115.0},{"Player":"Max Meyer","Pos":"MF","Cmp":160.0,"Cmp%":75.1,"1\/3":12.0,"PPA":8.0,"CrsPA":2.0,"Prog":16.0},{"Player":"Luka Milivojevic","Pos":"MF","Cmp":1161.0,"Cmp%":77.1,"1\/3":104.0,"PPA":9.0,"CrsPA":0.0,"Prog":104.0},{"Player":"James Milner","Pos":"MF","Cmp":664.0,"Cmp%":85.9,"1\/3":68.0,"PPA":11.0,"CrsPA":1.0,"Prog":64.0},{"Player":"Yerry Mina","Pos":"DF","Cmp":1070.0,"Cmp%":85.5,"1\/3":50.0,"PPA":1.0,"CrsPA":0.0,"Prog":61.0},{"Player":"Tyrone Mings","Pos":"DF","Cmp":1055.0,"Cmp%":79.1,"1\/3":65.0,"PPA":4.0,"CrsPA":1.0,"Prog":50.0},{"Player":"Martín Montoya","Pos":"DF","Cmp":1006.0,"Cmp%":80.2,"1\/3":41.0,"PPA":34.0,"CrsPA":18.0,"Prog":90.0},{"Player":"Aaron Mooy","Pos":"MF","Cmp":825.0,"Cmp%":76.7,"1\/3":80.0,"PPA":31.0,"CrsPA":7.0,"Prog":96.0},{"Player":"Wesley","Pos":"FW","Cmp":277.0,"Cmp%":73.5,"1\/3":21.0,"PPA":2.0,"CrsPA":0.0,"Prog":12.0},{"Player":"Mason Mount","Pos":"MF","Cmp":1116.0,"Cmp%":80.9,"1\/3":105.0,"PPA":34.0,"CrsPA":6.0,"Prog":104.0},{"Player":"Lucas Moura","Pos":"FW","Cmp":581.0,"Cmp%":72.7,"1\/3":43.0,"PPA":32.0,"CrsPA":3.0,"Prog":77.0},{"Player":"Lys Mousset","Pos":"FW","Cmp":176.0,"Cmp%":73.6,"1\/3":9.0,"PPA":5.0,"CrsPA":1.0,"Prog":12.0},{"Player":"João Moutinho","Pos":"MF","Cmp":1614.0,"Cmp%":79.8,"1\/3":157.0,"PPA":33.0,"CrsPA":12.0,"Prog":160.0},{"Player":"Glenn Murray","Pos":"FW","Cmp":116.0,"Cmp%":65.5,"1\/3":7.0,"PPA":4.0,"CrsPA":0.0,"Prog":11.0},{"Player":"Shkodran Mustafi","Pos":"DF","Cmp":663.0,"Cmp%":83.9,"1\/3":48.0,"PPA":1.0,"CrsPA":0.0,"Prog":42.0},{"Player":"Marvelous Nakamba","Pos":"MF","Cmp":669.0,"Cmp%":84.5,"1\/3":37.0,"PPA":4.0,"CrsPA":0.0,"Prog":38.0},{"Player":"Wilfred Ndidi","Pos":"MF","Cmp":1416.0,"Cmp%":85.9,"1\/3":137.0,"PPA":4.0,"CrsPA":0.0,"Prog":72.0},{"Player":"Reiss Nelson","Pos":"FW","Cmp":186.0,"Cmp%":79.5,"1\/3":9.0,"PPA":9.0,"CrsPA":4.0,"Prog":16.0},{"Player":"Pedro Neto","Pos":"FW","Cmp":303.0,"Cmp%":76.3,"1\/3":15.0,"PPA":8.0,"CrsPA":4.0,"Prog":22.0},{"Player":"Rúben Neves","Pos":"MF","Cmp":1587.0,"Cmp%":80.4,"1\/3":176.0,"PPA":24.0,"CrsPA":2.0,"Prog":145.0},{"Player":"Mark Noble","Pos":"MF","Cmp":1217.0,"Cmp%":81.2,"1\/3":135.0,"PPA":29.0,"CrsPA":3.0,"Prog":136.0},{"Player":"Oliver Norwood","Pos":"MF","Cmp":1664.0,"Cmp%":77.5,"1\/3":232.0,"PPA":35.0,"CrsPA":12.0,"Prog":186.0},{"Player":"Michael Obafemi","Pos":"FW","Cmp":112.0,"Cmp%":77.8,"1\/3":2.0,"PPA":2.0,"CrsPA":0.0,"Prog":5.0},{"Player":"Angelo Ogbonna","Pos":"DF","Cmp":744.0,"Cmp%":78.7,"1\/3":44.0,"PPA":2.0,"CrsPA":0.0,"Prog":37.0},{"Player":"Divock Origi","Pos":"FW","Cmp":158.0,"Cmp%":72.1,"1\/3":5.0,"PPA":9.0,"CrsPA":2.0,"Prog":10.0},{"Player":"Nicolás Otamendi","Pos":"DF","Cmp":1380.0,"Cmp%":92.7,"1\/3":62.0,"PPA":0.0,"CrsPA":0.0,"Prog":42.0},{"Player":"Alex Oxlade-Chamberlain","Pos":"MF","Cmp":592.0,"Cmp%":79.1,"1\/3":84.0,"PPA":31.0,"CrsPA":7.0,"Prog":71.0},{"Player":"Mesut Özil","Pos":"MF","Cmp":754.0,"Cmp%":84.6,"1\/3":60.0,"PPA":25.0,"CrsPA":1.0,"Prog":88.0},{"Player":"Emerson","Pos":"DF","Cmp":706.0,"Cmp%":82.8,"1\/3":28.0,"PPA":8.0,"CrsPA":5.0,"Prog":33.0},{"Player":"Sokratis","Pos":"DF","Cmp":873.0,"Cmp%":89.7,"1\/3":26.0,"PPA":1.0,"CrsPA":0.0,"Prog":22.0},{"Player":"Rui Patrício","Pos":"GK","Cmp":550.0,"Cmp%":63.8,"1\/3":4.0,"PPA":0.0,"CrsPA":0.0,"Prog":0.0},{"Player":"Nicolas Pepe","Pos":"FW","Cmp":616.0,"Cmp%":76.7,"1\/3":24.0,"PPA":34.0,"CrsPA":9.0,"Prog":47.0},{"Player":"Andreas Pereira","Pos":"MF","Cmp":566.0,"Cmp%":73.5,"1\/3":54.0,"PPA":17.0,"CrsPA":4.0,"Prog":66.0},{"Player":"Ricardo Pereira","Pos":"DF","Cmp":1513.0,"Cmp%":80.7,"1\/3":97.0,"PPA":37.0,"CrsPA":9.0,"Prog":163.0},{"Player":"Roberto Pereyra","Pos":"FW","Cmp":538.0,"Cmp%":82.3,"1\/3":34.0,"PPA":14.0,"CrsPA":4.0,"Prog":44.0},{"Player":"Ayoze Pérez","Pos":"MF","Cmp":616.0,"Cmp%":79.7,"1\/3":34.0,"PPA":30.0,"CrsPA":8.0,"Prog":62.0},{"Player":"Jordan Pickford","Pos":"GK","Cmp":895.0,"Cmp%":65.2,"1\/3":49.0,"PPA":4.0,"CrsPA":0.0,"Prog":1.0},{"Player":"Erik Pieters","Pos":"DF","Cmp":687.0,"Cmp%":74.4,"1\/3":38.0,"PPA":16.0,"CrsPA":7.0,"Prog":53.0},{"Player":"Paul Pogba","Pos":"MF","Cmp":880.0,"Cmp%":85.8,"1\/3":118.0,"PPA":27.0,"CrsPA":1.0,"Prog":109.0},{"Player":"Nick Pope","Pos":"GK","Cmp":536.0,"Cmp%":45.4,"1\/3":39.0,"PPA":1.0,"CrsPA":0.0,"Prog":0.0},{"Player":"Dennis Praet","Pos":"MF","Cmp":446.0,"Cmp%":82.7,"1\/3":33.0,"PPA":10.0,"CrsPA":3.0,"Prog":33.0},{"Player":"Davy Pröpper","Pos":"MF","Cmp":1483.0,"Cmp%":83.1,"1\/3":166.0,"PPA":26.0,"CrsPA":6.0,"Prog":184.0},{"Player":"Teemu Pukki","Pos":"FW","Cmp":421.0,"Cmp%":80.7,"1\/3":14.0,"PPA":6.0,"CrsPA":2.0,"Prog":16.0},{"Player":"Christian Pulisic","Pos":"FW","Cmp":546.0,"Cmp%":78.0,"1\/3":28.0,"PPA":28.0,"CrsPA":1.0,"Prog":61.0},{"Player":"Aaron Ramsdale","Pos":"GK","Cmp":648.0,"Cmp%":57.7,"1\/3":20.0,"PPA":0.0,"CrsPA":0.0,"Prog":0.0},{"Player":"Marcus Rashford","Pos":"FW","Cmp":758.0,"Cmp%":76.7,"1\/3":61.0,"PPA":67.0,"CrsPA":4.0,"Prog":131.0},{"Player":"Nathan Redmond","Pos":"MF","Cmp":781.0,"Cmp%":73.6,"1\/3":45.0,"PPA":37.0,"CrsPA":5.0,"Prog":96.0},{"Player":"Declan Rice","Pos":"MF","Cmp":1476.0,"Cmp%":86.0,"1\/3":158.0,"PPA":18.0,"CrsPA":9.0,"Prog":112.0},{"Player":"Richarlison","Pos":"FW","Cmp":543.0,"Cmp%":66.0,"1\/3":30.0,"PPA":27.0,"CrsPA":2.0,"Prog":66.0},{"Player":"Diego Rico","Pos":"DF","Cmp":1012.0,"Cmp%":68.2,"1\/3":105.0,"PPA":32.0,"CrsPA":13.0,"Prog":129.0},{"Player":"Jairo Riedewald","Pos":"DF","Cmp":301.0,"Cmp%":75.3,"1\/3":32.0,"PPA":6.0,"CrsPA":1.0,"Prog":31.0},{"Player":"Matt Ritchie","Pos":"DF","Cmp":474.0,"Cmp%":68.6,"1\/3":35.0,"PPA":15.0,"CrsPA":7.0,"Prog":47.0},{"Player":"Andrew Robertson","Pos":"DF","Cmp":2370.0,"Cmp%":80.9,"1\/3":176.0,"PPA":62.0,"CrsPA":27.0,"Prog":255.0},{"Player":"Callum Robinson","Pos":"FW","Cmp":117.0,"Cmp%":75.5,"1\/3":5.0,"PPA":3.0,"CrsPA":1.0,"Prog":6.0},{"Player":"Rodri","Pos":"MF","Cmp":2363.0,"Cmp%":93.1,"1\/3":230.0,"PPA":21.0,"CrsPA":1.0,"Prog":165.0},{"Player":"Jay Rodriguez","Pos":"FW","Cmp":345.0,"Cmp%":69.7,"1\/3":20.0,"PPA":6.0,"CrsPA":0.0,"Prog":27.0},{"Player":"Oriol Romeu","Pos":"MF","Cmp":866.0,"Cmp%":83.4,"1\/3":83.0,"PPA":16.0,"CrsPA":3.0,"Prog":88.0},{"Player":"Danny Rose","Pos":"DF","Cmp":435.0,"Cmp%":76.0,"1\/3":34.0,"PPA":12.0,"CrsPA":4.0,"Prog":52.0},{"Player":"Danny Rose","Pos":"DF","Cmp":325.0,"Cmp%":77.6,"1\/3":22.0,"PPA":4.0,"CrsPA":1.0,"Prog":24.0},{"Player":"Antonio Rüdiger","Pos":"DF","Cmp":1272.0,"Cmp%":87.8,"1\/3":119.0,"PPA":6.0,"CrsPA":2.0,"Prog":69.0},{"Player":"Mat Ryan","Pos":"GK","Cmp":1173.0,"Cmp%":80.2,"1\/3":9.0,"PPA":0.0,"CrsPA":0.0,"Prog":0.0},{"Player":"Allan Saint-Maximin","Pos":"MF","Cmp":356.0,"Cmp%":72.7,"1\/3":25.0,"PPA":15.0,"CrsPA":5.0,"Prog":41.0},{"Player":"Romain Saiss","Pos":"DF","Cmp":1252.0,"Cmp%":81.3,"1\/3":119.0,"PPA":9.0,"CrsPA":0.0,"Prog":115.0},{"Player":"Bukayo Saka","Pos":"DF","Cmp":659.0,"Cmp%":78.1,"1\/3":38.0,"PPA":21.0,"CrsPA":6.0,"Prog":61.0},{"Player":"Mohamed Salah","Pos":"FW","Cmp":746.0,"Cmp%":74.3,"1\/3":41.0,"PPA":60.0,"CrsPA":6.0,"Prog":106.0},{"Player":"Davinson Sánchez","Pos":"DF","Cmp":1298.0,"Cmp%":86.8,"1\/3":49.0,"PPA":0.0,"CrsPA":0.0,"Prog":56.0},{"Player":"Ismaila Sarr","Pos":"FW","Cmp":439.0,"Cmp%":72.9,"1\/3":14.0,"PPA":32.0,"CrsPA":15.0,"Prog":37.0},{"Player":"Fabian Schär","Pos":"DF","Cmp":576.0,"Cmp%":75.1,"1\/3":72.0,"PPA":4.0,"CrsPA":1.0,"Prog":46.0},{"Player":"Jeffrey Schlupp","Pos":"MF","Cmp":256.0,"Cmp%":74.9,"1\/3":30.0,"PPA":4.0,"CrsPA":1.0,"Prog":28.0},{"Player":"Kasper Schmeichel","Pos":"GK","Cmp":904.0,"Cmp%":76.7,"1\/3":4.0,"PPA":0.0,"CrsPA":0.0,"Prog":2.0},{"Player":"Morgan Schneiderlin","Pos":"MF","Cmp":494.0,"Cmp%":87.1,"1\/3":58.0,"PPA":7.0,"CrsPA":1.0,"Prog":60.0},{"Player":"Billy Sharp","Pos":"FW","Cmp":162.0,"Cmp%":73.0,"1\/3":6.0,"PPA":8.0,"CrsPA":2.0,"Prog":15.0},{"Player":"Luke Shaw","Pos":"DF","Cmp":1121.0,"Cmp%":86.5,"1\/3":60.0,"PPA":25.0,"CrsPA":6.0,"Prog":110.0},{"Player":"Jonjo Shelvey","Pos":"MF","Cmp":790.0,"Cmp%":72.4,"1\/3":127.0,"PPA":20.0,"CrsPA":4.0,"Prog":115.0},{"Player":"Djibril Sidibe","Pos":"DF","Cmp":909.0,"Cmp%":78.0,"1\/3":56.0,"PPA":20.0,"CrsPA":11.0,"Prog":109.0},{"Player":"Gylfi Sigurdsson","Pos":"MF","Cmp":867.0,"Cmp%":78.2,"1\/3":95.0,"PPA":27.0,"CrsPA":5.0,"Prog":94.0},{"Player":"Bernardo Silva","Pos":"FW","Cmp":1262.0,"Cmp%":87.0,"1\/3":67.0,"PPA":41.0,"CrsPA":9.0,"Prog":99.0},{"Player":"David Silva","Pos":"MF","Cmp":1319.0,"Cmp%":87.2,"1\/3":89.0,"PPA":63.0,"CrsPA":1.0,"Prog":140.0},{"Player":"Moussa Sissoko","Pos":"MF","Cmp":1106.0,"Cmp%":86.5,"1\/3":74.0,"PPA":12.0,"CrsPA":2.0,"Prog":88.0},{"Player":"Willian","Pos":"MF","Cmp":175.0,"Cmp%":83.3,"1\/3":12.0,"PPA":3.0,"CrsPA":1.0,"Prog":13.0},{"Player":"Adam Smith","Pos":"DF","Cmp":845.0,"Cmp%":79.6,"1\/3":61.0,"PPA":10.0,"CrsPA":2.0,"Prog":68.0},{"Player":"Robert Snodgrass","Pos":"MF","Cmp":435.0,"Cmp%":68.5,"1\/3":30.0,"PPA":14.0,"CrsPA":2.0,"Prog":47.0},{"Player":"Cédric Soares","Pos":"DF","Cmp":522.0,"Cmp%":72.1,"1\/3":35.0,"PPA":19.0,"CrsPA":12.0,"Prog":39.0},{"Player":"Cédric Soares","Pos":"DF","Cmp":94.0,"Cmp%":70.7,"1\/3":5.0,"PPA":2.0,"CrsPA":1.0,"Prog":11.0},{"Player":"Dominic Solanke","Pos":"FW","Cmp":317.0,"Cmp%":73.9,"1\/3":27.0,"PPA":10.0,"CrsPA":2.0,"Prog":26.0},{"Player":"Caglar Söyüncü","Pos":"DF","Cmp":2034.0,"Cmp%":90.9,"1\/3":113.0,"PPA":3.0,"CrsPA":0.0,"Prog":80.0},{"Player":"Jack Stacey","Pos":"DF","Cmp":560.0,"Cmp%":71.8,"1\/3":42.0,"PPA":6.0,"CrsPA":2.0,"Prog":48.0},{"Player":"Junior Stanislas","Pos":"MF","Cmp":222.0,"Cmp%":71.6,"1\/3":14.0,"PPA":12.0,"CrsPA":1.0,"Prog":31.0},{"Player":"Dale Stephens","Pos":"MF","Cmp":1421.0,"Cmp%":86.6,"1\/3":143.0,"PPA":19.0,"CrsPA":2.0,"Prog":138.0},{"Player":"Jack Stephens","Pos":"DF","Cmp":906.0,"Cmp%":75.6,"1\/3":84.0,"PPA":10.0,"CrsPA":0.0,"Prog":83.0},{"Player":"Raheem Sterling","Pos":"FW","Cmp":983.0,"Cmp%":80.8,"1\/3":31.0,"PPA":54.0,"CrsPA":6.0,"Prog":87.0},{"Player":"Enda Stevens","Pos":"DF","Cmp":1405.0,"Cmp%":74.1,"1\/3":105.0,"PPA":51.0,"CrsPA":10.0,"Prog":171.0},{"Player":"Marco Stiepermann","Pos":"MF","Cmp":291.0,"Cmp%":71.9,"1\/3":32.0,"PPA":8.0,"CrsPA":1.0,"Prog":38.0},{"Player":"John Stones","Pos":"DF","Cmp":966.0,"Cmp%":95.1,"1\/3":81.0,"PPA":1.0,"CrsPA":0.0,"Prog":54.0},{"Player":"Matt Targett","Pos":"DF","Cmp":894.0,"Cmp%":73.3,"1\/3":76.0,"PPA":30.0,"CrsPA":12.0,"Prog":118.0},{"Player":"James Tarkowski","Pos":"DF","Cmp":913.0,"Cmp%":73.0,"1\/3":68.0,"PPA":9.0,"CrsPA":0.0,"Prog":69.0},{"Player":"Charlie Taylor","Pos":"DF","Cmp":726.0,"Cmp%":70.1,"1\/3":48.0,"PPA":22.0,"CrsPA":17.0,"Prog":62.0},{"Player":"Alexander Tettey","Pos":"MF","Cmp":1100.0,"Cmp%":88.6,"1\/3":54.0,"PPA":4.0,"CrsPA":0.0,"Prog":44.0},{"Player":"Youri Tielemans","Pos":"MF","Cmp":1455.0,"Cmp%":80.7,"1\/3":157.0,"PPA":37.0,"CrsPA":7.0,"Prog":166.0},{"Player":"Kieran Tierney","Pos":"DF","Cmp":414.0,"Cmp%":76.1,"1\/3":22.0,"PPA":8.0,"CrsPA":5.0,"Prog":40.0},{"Player":"James Tomkins","Pos":"DF","Cmp":505.0,"Cmp%":80.7,"1\/3":21.0,"PPA":1.0,"CrsPA":0.0,"Prog":15.0},{"Player":"Fikayo Tomori","Pos":"DF","Cmp":981.0,"Cmp%":89.3,"1\/3":57.0,"PPA":4.0,"CrsPA":0.0,"Prog":37.0},{"Player":"Lucas Torreira","Pos":"MF","Cmp":793.0,"Cmp%":87.5,"1\/3":44.0,"PPA":5.0,"CrsPA":0.0,"Prog":57.0},{"Player":"Andros Townsend","Pos":"MF","Cmp":325.0,"Cmp%":70.7,"1\/3":23.0,"PPA":24.0,"CrsPA":12.0,"Prog":37.0},{"Player":"Adama Traoré","Pos":"FW","Cmp":621.0,"Cmp%":65.9,"1\/3":45.0,"PPA":45.0,"CrsPA":32.0,"Prog":64.0},{"Player":"Trézéguet","Pos":"FW","Cmp":295.0,"Cmp%":66.3,"1\/3":15.0,"PPA":12.0,"CrsPA":7.0,"Prog":33.0},{"Player":"Leandro Trossard","Pos":"FW","Cmp":567.0,"Cmp%":71.3,"1\/3":45.0,"PPA":30.0,"CrsPA":8.0,"Prog":102.0},{"Player":"Tom Trybull","Pos":"MF","Cmp":551.0,"Cmp%":92.3,"1\/3":40.0,"PPA":0.0,"CrsPA":0.0,"Prog":25.0},{"Player":"Jamie Vardy","Pos":"FW","Cmp":314.0,"Cmp%":68.0,"1\/3":14.0,"PPA":17.0,"CrsPA":5.0,"Prog":24.0},{"Player":"Jan Vertonghen","Pos":"DF","Cmp":930.0,"Cmp%":83.6,"1\/3":55.0,"PPA":0.0,"CrsPA":0.0,"Prog":50.0},{"Player":"Jannik Vestergaard","Pos":"DF","Cmp":641.0,"Cmp%":80.2,"1\/3":57.0,"PPA":4.0,"CrsPA":0.0,"Prog":41.0},{"Player":"Rúben Vinagre","Pos":"DF","Cmp":257.0,"Cmp%":74.7,"1\/3":10.0,"PPA":6.0,"CrsPA":6.0,"Prog":6.0},{"Player":"Mario Vrancic","Pos":"MF","Cmp":337.0,"Cmp%":78.0,"1\/3":32.0,"PPA":6.0,"CrsPA":0.0,"Prog":49.0},{"Player":"Matej Vydra","Pos":"FW","Cmp":102.0,"Cmp%":73.9,"1\/3":6.0,"PPA":0.0,"CrsPA":0.0,"Prog":2.0},{"Player":"Theo Walcott","Pos":"MF","Cmp":266.0,"Cmp%":65.7,"1\/3":19.0,"PPA":18.0,"CrsPA":6.0,"Prog":34.0},{"Player":"Kyle Walker","Pos":"DF","Cmp":1884.0,"Cmp%":87.9,"1\/3":223.0,"PPA":27.0,"CrsPA":6.0,"Prog":153.0},{"Player":"Aaron Wan-Bissaka","Pos":"DF","Cmp":1676.0,"Cmp%":81.2,"1\/3":106.0,"PPA":20.0,"CrsPA":10.0,"Prog":143.0},{"Player":"Joel Ward","Pos":"DF","Cmp":932.0,"Cmp%":74.0,"1\/3":71.0,"PPA":15.0,"CrsPA":7.0,"Prog":80.0},{"Player":"James Ward-Prowse","Pos":"MF","Cmp":1458.0,"Cmp%":74.0,"1\/3":134.0,"PPA":34.0,"CrsPA":5.0,"Prog":150.0},{"Player":"Adam Webster","Pos":"DF","Cmp":1547.0,"Cmp%":84.8,"1\/3":91.0,"PPA":5.0,"CrsPA":1.0,"Prog":94.0},{"Player":"Danny Welbeck","Pos":"FW","Cmp":131.0,"Cmp%":78.0,"1\/3":10.0,"PPA":4.0,"CrsPA":0.0,"Prog":13.0},{"Player":"Ashley Westwood","Pos":"MF","Cmp":1381.0,"Cmp%":74.5,"1\/3":158.0,"PPA":28.0,"CrsPA":6.0,"Prog":150.0},{"Player":"Georginio Wijnaldum","Pos":"MF","Cmp":1477.0,"Cmp%":90.7,"1\/3":131.0,"PPA":22.0,"CrsPA":0.0,"Prog":102.0},{"Player":"Jetro Willems","Pos":"DF","Cmp":408.0,"Cmp%":70.1,"1\/3":30.0,"PPA":13.0,"CrsPA":5.0,"Prog":41.0},{"Player":"Brandon Williams","Pos":"DF","Cmp":531.0,"Cmp%":83.5,"1\/3":28.0,"PPA":19.0,"CrsPA":4.0,"Prog":46.0},{"Player":"Willian","Pos":"FW","Cmp":1247.0,"Cmp%":77.9,"1\/3":71.0,"PPA":68.0,"CrsPA":12.0,"Prog":144.0},{"Player":"Joe Willock","Pos":"MF","Cmp":299.0,"Cmp%":81.3,"1\/3":31.0,"PPA":8.0,"CrsPA":2.0,"Prog":34.0},{"Player":"Callum Wilson","Pos":"FW","Cmp":345.0,"Cmp%":64.5,"1\/3":32.0,"PPA":15.0,"CrsPA":3.0,"Prog":36.0},{"Player":"Harry Wilson","Pos":"MF","Cmp":454.0,"Cmp%":74.5,"1\/3":37.0,"PPA":27.0,"CrsPA":2.0,"Prog":59.0},{"Player":"Harry Winks","Pos":"MF","Cmp":1466.0,"Cmp%":88.5,"1\/3":149.0,"PPA":15.0,"CrsPA":2.0,"Prog":138.0},{"Player":"Chris Wood","Pos":"FW","Cmp":312.0,"Cmp%":64.6,"1\/3":10.0,"PPA":4.0,"CrsPA":0.0,"Prog":15.0},{"Player":"Granit Xhaka","Pos":"MF","Cmp":1656.0,"Cmp%":87.8,"1\/3":191.0,"PPA":23.0,"CrsPA":3.0,"Prog":160.0},{"Player":"Andriy Yarmolenko","Pos":"MF","Cmp":338.0,"Cmp%":79.7,"1\/3":13.0,"PPA":11.0,"CrsPA":3.0,"Prog":36.0},{"Player":"DeAndre Yedlin","Pos":"DF","Cmp":228.0,"Cmp%":72.2,"1\/3":11.0,"PPA":9.0,"CrsPA":6.0,"Prog":16.0},{"Player":"Wilfried Zaha","Pos":"MF","Cmp":935.0,"Cmp%":78.7,"1\/3":61.0,"PPA":75.0,"CrsPA":14.0,"Prog":149.0},{"Player":"Christoph Zimmermann","Pos":"DF","Cmp":492.0,"Cmp%":80.8,"1\/3":23.0,"PPA":1.0,"CrsPA":0.0,"Prog":29.0},{"Player":"Oleksandr Zinchenko","Pos":"DF","Cmp":1198.0,"Cmp%":88.9,"1\/3":101.0,"PPA":30.0,"CrsPA":11.0,"Prog":120.0},{"Player":"Kurt Zouma","Pos":"DF","Cmp":"1772","Cmp%":"89.4","1\/3":"108","PPA":"2","CrsPA":"0","Prog":"82"}]