[{"Player":"Patrick van Aanholt","Pos":"DF","Cmp":887.0,"Cmp%":76.7,"1\/3":66.0,"PPA":25.0,"CrsPA":6.0,"Prog":97.0},{"Player":"Tammy Abraham","Pos":"FW","Cmp":217.0,"Cmp%":71.1,"1\/3":14.0,"PPA":10.0,"CrsPA":5.0,"Prog":22.0},{"Player":"Adrián","Pos":"GK","Cmp":258.0,"Cmp%":45.0,"1\/3":11.0,"PPA":1.0,"CrsPA":0.0,"Prog":0.0},{"Player":"Benik Afobe","Pos":"FW","Cmp":116.0,"Cmp%":77.3,"1\/3":5.0,"PPA":3.0,"CrsPA":0.0,"Prog":6.0},{"Player":"Sergio Agüero","Pos":"FW","Cmp":528.0,"Cmp%":82.1,"1\/3":24.0,"PPA":24.0,"CrsPA":0.0,"Prog":38.0},{"Player":"Nathan Aké","Pos":"DF","Cmp":1339.0,"Cmp%":85.6,"1\/3":62.0,"PPA":2.0,"CrsPA":0.0,"Prog":75.0},{"Player":"Marc Albrighton","Pos":"MF","Cmp":757.0,"Cmp%":60.4,"1\/3":96.0,"PPA":37.0,"CrsPA":15.0,"Prog":117.0},{"Player":"Trent Alexander-Arnold","Pos":"DF","Cmp":959.0,"Cmp%":74.8,"1\/3":61.0,"PPA":33.0,"CrsPA":7.0,"Prog":102.0},{"Player":"Joe Allen","Pos":"MF","Cmp":1101.0,"Cmp%":80.1,"1\/3":108.0,"PPA":28.0,"CrsPA":2.0,"Prog":125.0},{"Player":"Dele Alli","Pos":"MF","Cmp":998.0,"Cmp%":78.0,"1\/3":93.0,"PPA":52.0,"CrsPA":3.0,"Prog":135.0},{"Player":"Marcos Alonso","Pos":"DF","Cmp":1339.0,"Cmp%":78.3,"1\/3":47.0,"PPA":29.0,"CrsPA":13.0,"Prog":117.0},{"Player":"Danilo","Pos":"DF","Cmp":244.0,"Cmp%":79.2,"1\/3":14.0,"PPA":0.0,"CrsPA":0.0,"Prog":20.0},{"Player":"Michail Antonio","Pos":"FW","Cmp":291.0,"Cmp%":60.4,"1\/3":20.0,"PPA":15.0,"CrsPA":9.0,"Prog":24.0},{"Player":"Scott Arfield","Pos":"MF","Cmp":250.0,"Cmp%":68.1,"1\/3":17.0,"PPA":6.0,"CrsPA":1.0,"Prog":26.0},{"Player":"Marko Arnautovic","Pos":"FW","Cmp":501.0,"Cmp%":66.2,"1\/3":30.0,"PPA":18.0,"CrsPA":6.0,"Prog":36.0},{"Player":"Christian Atsu","Pos":"FW","Cmp":355.0,"Cmp%":70.0,"1\/3":16.0,"PPA":16.0,"CrsPA":6.0,"Prog":30.0},{"Player":"Serge Aurier","Pos":"DF","Cmp":786.0,"Cmp%":75.9,"1\/3":37.0,"PPA":24.0,"CrsPA":7.0,"Prog":71.0},{"Player":"Charlie Austin","Pos":"FW","Cmp":174.0,"Cmp%":70.4,"1\/3":14.0,"PPA":1.0,"CrsPA":0.0,"Prog":17.0},{"Player":"André Ayew","Pos":"FW","Cmp":246.0,"Cmp%":80.4,"1\/3":12.0,"PPA":7.0,"CrsPA":0.0,"Prog":16.0},{"Player":"André Ayew","Pos":"MF","Cmp":214.0,"Cmp%":75.6,"1\/3":10.0,"PPA":5.0,"CrsPA":1.0,"Prog":15.0},{"Player":"Jordan Ayew","Pos":"FW","Cmp":695.0,"Cmp%":79.1,"1\/3":35.0,"PPA":24.0,"CrsPA":2.0,"Prog":43.0},{"Player":"César Azpilicueta","Pos":"DF","Cmp":2466.0,"Cmp%":85.0,"1\/3":215.0,"PPA":38.0,"CrsPA":5.0,"Prog":243.0},{"Player":"Leighton Baines","Pos":"DF","Cmp":788.0,"Cmp%":77.6,"1\/3":66.0,"PPA":23.0,"CrsPA":11.0,"Prog":100.0},{"Player":"Tiemoué Bakayoko","Pos":"MF","Cmp":948.0,"Cmp%":85.8,"1\/3":86.0,"PPA":8.0,"CrsPA":1.0,"Prog":82.0},{"Player":"Ashley Barnes","Pos":"FW","Cmp":324.0,"Cmp%":62.1,"1\/3":18.0,"PPA":13.0,"CrsPA":2.0,"Prog":29.0},{"Player":"Gareth Barry","Pos":"MF","Cmp":720.0,"Cmp%":75.9,"1\/3":99.0,"PPA":15.0,"CrsPA":3.0,"Prog":109.0},{"Player":"Moritz Bauer","Pos":"DF","Cmp":291.0,"Cmp%":61.9,"1\/3":18.0,"PPA":11.0,"CrsPA":9.0,"Prog":17.0},{"Player":"Asmir Begovic","Pos":"GK","Cmp":689.0,"Cmp%":59.8,"1\/3":4.0,"PPA":0.0,"CrsPA":0.0,"Prog":0.0},{"Player":"Héctor Bellerín","Pos":"DF","Cmp":1834.0,"Cmp%":84.0,"1\/3":78.0,"PPA":55.0,"CrsPA":11.0,"Prog":141.0},{"Player":"Christian Benteke","Pos":"FW","Cmp":390.0,"Cmp%":59.1,"1\/3":30.0,"PPA":15.0,"CrsPA":1.0,"Prog":45.0},{"Player":"Saido Berahino","Pos":"FW","Cmp":75.0,"Cmp%":75.8,"1\/3":5.0,"PPA":3.0,"CrsPA":1.0,"Prog":5.0},{"Player":"Johann Berg Gudmundsson","Pos":"MF","Cmp":660.0,"Cmp%":64.9,"1\/3":37.0,"PPA":29.0,"CrsPA":15.0,"Prog":70.0},{"Player":"Ryan Bertrand","Pos":"DF","Cmp":1498.0,"Cmp%":77.6,"1\/3":124.0,"PPA":44.0,"CrsPA":13.0,"Prog":158.0},{"Player":"Philip Billing","Pos":"MF","Cmp":289.0,"Cmp%":75.1,"1\/3":24.0,"PPA":3.0,"CrsPA":2.0,"Prog":26.0},{"Player":"Mame Biram Diouf","Pos":"FW","Cmp":355.0,"Cmp%":55.7,"1\/3":30.0,"PPA":8.0,"CrsPA":2.0,"Prog":46.0},{"Player":"Yannick Bolasie","Pos":"FW","Cmp":146.0,"Cmp%":54.9,"1\/3":9.0,"PPA":7.0,"CrsPA":4.0,"Prog":15.0},{"Player":"Gaëtan Bong","Pos":"DF","Cmp":739.0,"Cmp%":68.8,"1\/3":60.0,"PPA":7.0,"CrsPA":5.0,"Prog":65.0},{"Player":"Wilfried Bony","Pos":"FW","Cmp":133.0,"Cmp%":66.5,"1\/3":10.0,"PPA":3.0,"CrsPA":0.0,"Prog":11.0},{"Player":"Sofiane Boufal","Pos":"FW","Cmp":427.0,"Cmp%":74.8,"1\/3":39.0,"PPA":27.0,"CrsPA":7.0,"Prog":57.0},{"Player":"Robbie Brady","Pos":"MF","Cmp":353.0,"Cmp%":61.6,"1\/3":39.0,"PPA":18.0,"CrsPA":5.0,"Prog":51.0},{"Player":"Bruno","Pos":"DF","Cmp":961.0,"Cmp%":79.0,"1\/3":50.0,"PPA":12.0,"CrsPA":6.0,"Prog":54.0},{"Player":"Chris Brunt","Pos":"MF","Cmp":731.0,"Cmp%":69.4,"1\/3":100.0,"PPA":24.0,"CrsPA":8.0,"Prog":101.0},{"Player":"Oliver Burke","Pos":"FW","Cmp":111.0,"Cmp%":76.0,"1\/3":5.0,"PPA":3.0,"CrsPA":2.0,"Prog":4.0},{"Player":"Jack Butland","Pos":"GK","Cmp":645.0,"Cmp%":50.8,"1\/3":51.0,"PPA":0.0,"CrsPA":0.0,"Prog":0.0},{"Player":"Yohan Cabaye","Pos":"MF","Cmp":1120.0,"Cmp%":77.8,"1\/3":107.0,"PPA":16.0,"CrsPA":0.0,"Prog":122.0},{"Player":"Gary Cahill","Pos":"DF","Cmp":1189.0,"Cmp%":89.0,"1\/3":67.0,"PPA":2.0,"CrsPA":0.0,"Prog":52.0},{"Player":"Dominic Calvert-Lewin","Pos":"FW","Cmp":317.0,"Cmp%":63.0,"1\/3":12.0,"PPA":13.0,"CrsPA":5.0,"Prog":30.0},{"Player":"Geoff Cameron","Pos":"DF","Cmp":403.0,"Cmp%":69.5,"1\/3":42.0,"PPA":4.0,"CrsPA":1.0,"Prog":46.0},{"Player":"Emre Can","Pos":"MF","Cmp":1327.0,"Cmp%":86.4,"1\/3":123.0,"PPA":23.0,"CrsPA":0.0,"Prog":110.0},{"Player":"Etienne Capoue","Pos":"MF","Cmp":712.0,"Cmp%":82.8,"1\/3":69.0,"PPA":8.0,"CrsPA":1.0,"Prog":62.0},{"Player":"André Carrillo","Pos":"FW","Cmp":571.0,"Cmp%":74.4,"1\/3":37.0,"PPA":25.0,"CrsPA":8.0,"Prog":63.0},{"Player":"Andy Carroll","Pos":"FW","Cmp":154.0,"Cmp%":60.9,"1\/3":9.0,"PPA":8.0,"CrsPA":3.0,"Prog":12.0},{"Player":"Tom Carroll","Pos":"MF","Cmp":1228.0,"Cmp%":78.9,"1\/3":159.0,"PPA":32.0,"CrsPA":7.0,"Prog":160.0},{"Player":"Petr Cech","Pos":"GK","Cmp":741.0,"Cmp%":71.4,"1\/3":8.0,"PPA":0.0,"CrsPA":0.0,"Prog":1.0},{"Player":"Ben Chilwell","Pos":"DF","Cmp":856.0,"Cmp%":72.6,"1\/3":52.0,"PPA":27.0,"CrsPA":13.0,"Prog":78.0},{"Player":"Andreas Christensen","Pos":"DF","Cmp":1251.0,"Cmp%":94.9,"1\/3":53.0,"PPA":1.0,"CrsPA":0.0,"Prog":67.0},{"Player":"Ciaran Clark","Pos":"DF","Cmp":501.0,"Cmp%":74.0,"1\/3":39.0,"PPA":3.0,"CrsPA":0.0,"Prog":30.0},{"Player":"Tom Cleverley","Pos":"MF","Cmp":947.0,"Cmp%":79.0,"1\/3":123.0,"PPA":20.0,"CrsPA":4.0,"Prog":111.0},{"Player":"Sam Clucas","Pos":"MF","Cmp":679.0,"Cmp%":79.7,"1\/3":44.0,"PPA":6.0,"CrsPA":2.0,"Prog":45.0},{"Player":"Lewis Cook","Pos":"MF","Cmp":990.0,"Cmp%":79.1,"1\/3":147.0,"PPA":22.0,"CrsPA":2.0,"Prog":140.0},{"Player":"Steve Cook","Pos":"DF","Cmp":1018.0,"Cmp%":77.2,"1\/3":59.0,"PPA":4.0,"CrsPA":1.0,"Prog":65.0},{"Player":"Jack Cork","Pos":"MF","Cmp":1270.0,"Cmp%":80.2,"1\/3":115.0,"PPA":18.0,"CrsPA":2.0,"Prog":123.0},{"Player":"Thibaut Courtois","Pos":"GK","Cmp":896.0,"Cmp%":75.0,"1\/3":11.0,"PPA":0.0,"CrsPA":0.0,"Prog":0.0},{"Player":"Aaron Cresswell","Pos":"DF","Cmp":1224.0,"Cmp%":71.7,"1\/3":117.0,"PPA":21.0,"CrsPA":14.0,"Prog":96.0},{"Player":"Peter Crouch","Pos":"FW","Cmp":377.0,"Cmp%":59.5,"1\/3":46.0,"PPA":6.0,"CrsPA":0.0,"Prog":50.0},{"Player":"Charlie Daniels","Pos":"DF","Cmp":1546.0,"Cmp%":76.8,"1\/3":92.0,"PPA":26.0,"CrsPA":9.0,"Prog":128.0},{"Player":"Danilo","Pos":"DF","Cmp":1105.0,"Cmp%":89.3,"1\/3":80.0,"PPA":14.0,"CrsPA":1.0,"Prog":88.0},{"Player":"Scott Dann","Pos":"DF","Cmp":451.0,"Cmp%":80.8,"1\/3":35.0,"PPA":3.0,"CrsPA":1.0,"Prog":37.0},{"Player":"Ben Davies","Pos":"DF","Cmp":1325.0,"Cmp%":75.7,"1\/3":105.0,"PPA":35.0,"CrsPA":12.0,"Prog":168.0},{"Player":"Tom Davies","Pos":"MF","Cmp":545.0,"Cmp%":77.5,"1\/3":42.0,"PPA":12.0,"CrsPA":1.0,"Prog":48.0},{"Player":"Steven Davis","Pos":"MF","Cmp":879.0,"Cmp%":81.9,"1\/3":100.0,"PPA":22.0,"CrsPA":3.0,"Prog":87.0},{"Player":"Craig Dawson","Pos":"DF","Cmp":777.0,"Cmp%":71.0,"1\/3":79.0,"PPA":18.0,"CrsPA":11.0,"Prog":79.0},{"Player":"Kevin De Bruyne","Pos":"MF","Cmp":2328.0,"Cmp%":78.3,"1\/3":254.0,"PPA":122.0,"CrsPA":21.0,"Prog":317.0},{"Player":"Troy Deeney","Pos":"FW","Cmp":327.0,"Cmp%":58.5,"1\/3":37.0,"PPA":16.0,"CrsPA":1.0,"Prog":41.0},{"Player":"Jermain Defoe","Pos":"FW","Cmp":104.0,"Cmp%":74.3,"1\/3":0.0,"PPA":4.0,"CrsPA":0.0,"Prog":7.0},{"Player":"Steven Defour","Pos":"MF","Cmp":852.0,"Cmp%":81.9,"1\/3":90.0,"PPA":21.0,"CrsPA":9.0,"Prog":95.0},{"Player":"Fabian Delph","Pos":"DF","Cmp":1659.0,"Cmp%":93.4,"1\/3":130.0,"PPA":13.0,"CrsPA":2.0,"Prog":108.0},{"Player":"Mousa Dembélé","Pos":"MF","Cmp":1315.0,"Cmp%":92.7,"1\/3":159.0,"PPA":7.0,"CrsPA":3.0,"Prog":172.0},{"Player":"Laurent Depoitre","Pos":"FW","Cmp":276.0,"Cmp%":59.2,"1\/3":17.0,"PPA":0.0,"CrsPA":0.0,"Prog":18.0},{"Player":"Mike van der Hoorn","Pos":"DF","Cmp":675.0,"Cmp%":78.7,"1\/3":42.0,"PPA":4.0,"CrsPA":3.0,"Prog":40.0},{"Player":"Mohamed Diamé","Pos":"MF","Cmp":674.0,"Cmp%":82.3,"1\/3":63.0,"PPA":8.0,"CrsPA":1.0,"Prog":61.0},{"Player":"Eric Dier","Pos":"MF","Cmp":1922.0,"Cmp%":86.0,"1\/3":211.0,"PPA":25.0,"CrsPA":2.0,"Prog":172.0},{"Player":"Virgil van Dijk","Pos":"DF","Cmp":996.0,"Cmp%":93.2,"1\/3":59.0,"PPA":2.0,"CrsPA":0.0,"Prog":53.0},{"Player":"Virgil van Dijk","Pos":"DF","Cmp":523.0,"Cmp%":87.6,"1\/3":28.0,"PPA":3.0,"CrsPA":0.0,"Prog":26.0},{"Player":"Abdoulaye Doucouré","Pos":"MF","Cmp":1894.0,"Cmp%":83.8,"1\/3":158.0,"PPA":32.0,"CrsPA":2.0,"Prog":166.0},{"Player":"Shane Duffy","Pos":"DF","Cmp":1045.0,"Cmp%":79.2,"1\/3":35.0,"PPA":3.0,"CrsPA":1.0,"Prog":33.0},{"Player":"Paul Dummett","Pos":"DF","Cmp":524.0,"Cmp%":70.1,"1\/3":54.0,"PPA":7.0,"CrsPA":3.0,"Prog":54.0},{"Player":"Lewis Dunk","Pos":"DF","Cmp":1208.0,"Cmp%":80.2,"1\/3":75.0,"PPA":4.0,"CrsPA":1.0,"Prog":54.0},{"Player":"Nathan Dyer","Pos":"MF","Cmp":425.0,"Cmp%":77.1,"1\/3":18.0,"PPA":16.0,"CrsPA":2.0,"Prog":31.0},{"Player":"Ederson","Pos":"GK","Cmp":961.0,"Cmp%":87.3,"1\/3":7.0,"PPA":0.0,"CrsPA":0.0,"Prog":0.0},{"Player":"Robert Elliot","Pos":"GK","Cmp":310.0,"Cmp%":57.7,"1\/3":9.0,"PPA":0.0,"CrsPA":0.0,"Prog":0.0},{"Player":"Christian Eriksen","Pos":"MF","Cmp":1895.0,"Cmp%":77.1,"1\/3":231.0,"PPA":72.0,"CrsPA":11.0,"Prog":255.0},{"Player":"Jonny Evans","Pos":"DF","Cmp":772.0,"Cmp%":82.6,"1\/3":59.0,"PPA":5.0,"CrsPA":2.0,"Prog":41.0},{"Player":"Lukasz Fabianski","Pos":"GK","Cmp":747.0,"Cmp%":58.7,"1\/3":22.0,"PPA":0.0,"CrsPA":0.0,"Prog":0.0},{"Player":"Cesc Fàbregas","Pos":"MF","Cmp":1849.0,"Cmp%":79.8,"1\/3":250.0,"PPA":82.0,"CrsPA":12.0,"Prog":313.0},{"Player":"Marouane Fellaini","Pos":"MF","Cmp":335.0,"Cmp%":85.5,"1\/3":17.0,"PPA":0.0,"CrsPA":0.0,"Prog":22.0},{"Player":"Kiko Femenía","Pos":"DF","Cmp":815.0,"Cmp%":81.8,"1\/3":44.0,"PPA":32.0,"CrsPA":14.0,"Prog":80.0},{"Player":"Leroy Fer","Pos":"MF","Cmp":518.0,"Cmp%":79.8,"1\/3":52.0,"PPA":9.0,"CrsPA":0.0,"Prog":47.0},{"Player":"Federico Fernández","Pos":"DF","Cmp":1004.0,"Cmp%":85.0,"1\/3":58.0,"PPA":4.0,"CrsPA":0.0,"Prog":76.0},{"Player":"Fernandinho","Pos":"MF","Cmp":2679.0,"Cmp%":90.4,"1\/3":310.0,"PPA":41.0,"CrsPA":1.0,"Prog":259.0},{"Player":"Roberto Firmino","Pos":"FW","Cmp":888.0,"Cmp%":73.0,"1\/3":66.0,"PPA":47.0,"CrsPA":4.0,"Prog":121.0},{"Player":"Darren Fletcher","Pos":"MF","Cmp":834.0,"Cmp%":76.7,"1\/3":85.0,"PPA":19.0,"CrsPA":4.0,"Prog":92.0},{"Player":"Fraser Forster","Pos":"GK","Cmp":254.0,"Cmp%":49.7,"1\/3":6.0,"PPA":0.0,"CrsPA":0.0,"Prog":0.0},{"Player":"Ben Foster","Pos":"GK","Cmp":547.0,"Cmp%":48.2,"1\/3":36.0,"PPA":1.0,"CrsPA":0.0,"Prog":1.0},{"Player":"Timothy Fosu-Mensah","Pos":"DF","Cmp":536.0,"Cmp%":74.2,"1\/3":53.0,"PPA":10.0,"CrsPA":5.0,"Prog":52.0},{"Player":"Simon Francis","Pos":"DF","Cmp":1338.0,"Cmp%":74.3,"1\/3":95.0,"PPA":26.0,"CrsPA":14.0,"Prog":102.0},{"Player":"Ryan Fraser","Pos":"MF","Cmp":717.0,"Cmp%":71.0,"1\/3":51.0,"PPA":41.0,"CrsPA":18.0,"Prog":96.0},{"Player":"Christian Fuchs","Pos":"DF","Cmp":839.0,"Cmp%":68.6,"1\/3":77.0,"PPA":14.0,"CrsPA":10.0,"Prog":83.0},{"Player":"Manolo Gabbiadini","Pos":"FW","Cmp":150.0,"Cmp%":71.4,"1\/3":3.0,"PPA":3.0,"CrsPA":0.0,"Prog":7.0},{"Player":"Idrissa Gueye","Pos":"MF","Cmp":1350.0,"Cmp%":84.9,"1\/3":122.0,"PPA":14.0,"CrsPA":1.0,"Prog":114.0},{"Player":"Dwight Gayle","Pos":"FW","Cmp":316.0,"Cmp%":73.7,"1\/3":18.0,"PPA":4.0,"CrsPA":0.0,"Prog":24.0},{"Player":"David de Gea","Pos":"GK","Cmp":673.0,"Cmp%":62.0,"1\/3":9.0,"PPA":0.0,"CrsPA":0.0,"Prog":0.0},{"Player":"Kieran Gibbs","Pos":"DF","Cmp":998.0,"Cmp%":73.2,"1\/3":58.0,"PPA":25.0,"CrsPA":17.0,"Prog":79.0},{"Player":"Olivier Giroud","Pos":"FW","Cmp":95.0,"Cmp%":72.0,"1\/3":1.0,"PPA":4.0,"CrsPA":0.0,"Prog":6.0},{"Player":"Olivier Giroud","Pos":"FW","Cmp":151.0,"Cmp%":67.7,"1\/3":9.0,"PPA":7.0,"CrsPA":0.0,"Prog":13.0},{"Player":"Heurelho Gomes","Pos":"GK","Cmp":436.0,"Cmp%":58.4,"1\/3":13.0,"PPA":0.0,"CrsPA":0.0,"Prog":0.0},{"Player":"Joseph Gomez","Pos":"DF","Cmp":1316.0,"Cmp%":82.9,"1\/3":133.0,"PPA":19.0,"CrsPA":8.0,"Prog":129.0},{"Player":"Dan Gosling","Pos":"MF","Cmp":825.0,"Cmp%":79.0,"1\/3":86.0,"PPA":14.0,"CrsPA":1.0,"Prog":120.0},{"Player":"Andre Gray","Pos":"FW","Cmp":224.0,"Cmp%":71.8,"1\/3":14.0,"PPA":6.0,"CrsPA":1.0,"Prog":13.0},{"Player":"Demarai Gray","Pos":"MF","Cmp":468.0,"Cmp%":71.6,"1\/3":27.0,"PPA":15.0,"CrsPA":8.0,"Prog":29.0},{"Player":"Pascal Groß","Pos":"MF","Cmp":994.0,"Cmp%":68.7,"1\/3":89.0,"PPA":39.0,"CrsPA":18.0,"Prog":98.0},{"Player":"Ilkay Gündogan","Pos":"MF","Cmp":1285.0,"Cmp%":91.8,"1\/3":113.0,"PPA":28.0,"CrsPA":0.0,"Prog":110.0},{"Player":"Florent Hadergjonaj","Pos":"DF","Cmp":608.0,"Cmp%":66.6,"1\/3":42.0,"PPA":28.0,"CrsPA":18.0,"Prog":65.0},{"Player":"Joe Hart","Pos":"GK","Cmp":286.0,"Cmp%":48.1,"1\/3":15.0,"PPA":3.0,"CrsPA":0.0,"Prog":0.0},{"Player":"Isaac Hayden","Pos":"MF","Cmp":399.0,"Cmp%":75.7,"1\/3":33.0,"PPA":13.0,"CrsPA":6.0,"Prog":35.0},{"Player":"Eden Hazard","Pos":"FW","Cmp":1188.0,"Cmp%":82.2,"1\/3":121.0,"PPA":78.0,"CrsPA":8.0,"Prog":178.0},{"Player":"Ahmed Hegazy","Pos":"DF","Cmp":851.0,"Cmp%":73.6,"1\/3":68.0,"PPA":9.0,"CrsPA":3.0,"Prog":64.0},{"Player":"Tomer Hemed","Pos":"FW","Cmp":155.0,"Cmp%":66.2,"1\/3":6.0,"PPA":1.0,"CrsPA":0.0,"Prog":14.0},{"Player":"Jordan Henderson","Pos":"MF","Cmp":1757.0,"Cmp%":85.4,"1\/3":228.0,"PPA":31.0,"CrsPA":3.0,"Prog":199.0},{"Player":"Jeff Hendrick","Pos":"MF","Cmp":644.0,"Cmp%":79.7,"1\/3":56.0,"PPA":17.0,"CrsPA":4.0,"Prog":55.0},{"Player":"Wayne Hennessey","Pos":"GK","Cmp":407.0,"Cmp%":52.0,"1\/3":32.0,"PPA":1.0,"CrsPA":0.0,"Prog":0.0},{"Player":"Ander Herrera","Pos":"MF","Cmp":903.0,"Cmp%":86.4,"1\/3":81.0,"PPA":12.0,"CrsPA":1.0,"Prog":81.0},{"Player":"Son Heung-Min","Pos":"FW","Cmp":790.0,"Cmp%":80.4,"1\/3":45.0,"PPA":24.0,"CrsPA":3.0,"Prog":66.0},{"Player":"Wesley Hoedt","Pos":"DF","Cmp":1053.0,"Cmp%":80.8,"1\/3":124.0,"PPA":5.0,"CrsPA":1.0,"Prog":116.0},{"Player":"Jonathan Hogg","Pos":"MF","Cmp":1177.0,"Cmp%":84.6,"1\/3":99.0,"PPA":4.0,"CrsPA":0.0,"Prog":85.0},{"Player":"José Holebas","Pos":"DF","Cmp":899.0,"Cmp%":60.3,"1\/3":57.0,"PPA":20.0,"CrsPA":11.0,"Prog":74.0},{"Player":"Mason Holgate","Pos":"DF","Cmp":368.0,"Cmp%":69.4,"1\/3":41.0,"PPA":7.0,"CrsPA":1.0,"Prog":53.0},{"Player":"Will Hughes","Pos":"MF","Cmp":322.0,"Cmp%":77.2,"1\/3":30.0,"PPA":14.0,"CrsPA":2.0,"Prog":43.0},{"Player":"Ederson","Pos":"MF","Cmp":22.0,"Cmp%":91.7,"1\/3":0.0,"PPA":0.0,"CrsPA":0.0,"Prog":0.0},{"Player":"Pierre-Emile Højbjerg","Pos":"MF","Cmp":939.0,"Cmp%":84.7,"1\/3":69.0,"PPA":10.0,"CrsPA":4.0,"Prog":74.0},{"Player":"Jordon Ibe","Pos":"MF","Cmp":598.0,"Cmp%":74.5,"1\/3":41.0,"PPA":27.0,"CrsPA":6.0,"Prog":70.0},{"Player":"Vicente Iborra","Pos":"MF","Cmp":700.0,"Cmp%":82.4,"1\/3":65.0,"PPA":6.0,"CrsPA":1.0,"Prog":67.0},{"Player":"Kelechi Iheanacho","Pos":"MF","Cmp":198.0,"Cmp%":78.9,"1\/3":15.0,"PPA":13.0,"CrsPA":0.0,"Prog":25.0},{"Player":"Tom Ince","Pos":"MF","Cmp":571.0,"Cmp%":75.8,"1\/3":34.0,"PPA":12.0,"CrsPA":4.0,"Prog":32.0},{"Player":"Alex Iwobi","Pos":"FW","Cmp":1000.0,"Cmp%":86.1,"1\/3":97.0,"PPA":31.0,"CrsPA":2.0,"Prog":116.0},{"Player":"José Izquierdo","Pos":"MF","Cmp":428.0,"Cmp%":78.5,"1\/3":20.0,"PPA":17.0,"CrsPA":6.0,"Prog":44.0},{"Player":"Phil Jagielka","Pos":"DF","Cmp":750.0,"Cmp%":77.2,"1\/3":57.0,"PPA":5.0,"CrsPA":0.0,"Prog":47.0},{"Player":"Daryl Janmaat","Pos":"DF","Cmp":734.0,"Cmp%":71.8,"1\/3":80.0,"PPA":29.0,"CrsPA":13.0,"Prog":95.0},{"Player":"Gabriel Jesus","Pos":"FW","Cmp":470.0,"Cmp%":81.5,"1\/3":20.0,"PPA":16.0,"CrsPA":1.0,"Prog":33.0},{"Player":"Phil Jones","Pos":"DF","Cmp":1009.0,"Cmp%":92.0,"1\/3":40.0,"PPA":1.0,"CrsPA":0.0,"Prog":24.0},{"Player":"Joselu","Pos":"FW","Cmp":370.0,"Cmp%":63.8,"1\/3":29.0,"PPA":7.0,"CrsPA":0.0,"Prog":32.0},{"Player":"Christian Kabasele","Pos":"DF","Cmp":668.0,"Cmp%":77.5,"1\/3":49.0,"PPA":6.0,"CrsPA":1.0,"Prog":56.0},{"Player":"Elias Kachunga","Pos":"FW","Cmp":233.0,"Cmp%":65.6,"1\/3":11.0,"PPA":6.0,"CrsPA":2.0,"Prog":18.0},{"Player":"Harry Kane","Pos":"FW","Cmp":489.0,"Cmp%":70.8,"1\/3":52.0,"PPA":22.0,"CrsPA":2.0,"Prog":68.0},{"Player":"Loris Karius","Pos":"GK","Cmp":445.0,"Cmp%":71.8,"1\/3":3.0,"PPA":0.0,"CrsPA":0.0,"Prog":0.0},{"Player":"Orestis Karnezis","Pos":"GK","Cmp":188.0,"Cmp%":47.2,"1\/3":10.0,"PPA":0.0,"CrsPA":0.0,"Prog":0.0},{"Player":"Beram Kayal","Pos":"MF","Cmp":191.0,"Cmp%":80.6,"1\/3":18.0,"PPA":4.0,"CrsPA":2.0,"Prog":19.0},{"Player":"Michael Keane","Pos":"DF","Cmp":905.0,"Cmp%":79.9,"1\/3":70.0,"PPA":4.0,"CrsPA":0.0,"Prog":70.0},{"Player":"Martin Kelly","Pos":"DF","Cmp":279.0,"Cmp%":74.2,"1\/3":22.0,"PPA":1.0,"CrsPA":0.0,"Prog":15.0},{"Player":"Jonjoe Kenny","Pos":"DF","Cmp":583.0,"Cmp%":70.2,"1\/3":62.0,"PPA":12.0,"CrsPA":9.0,"Prog":63.0},{"Player":"Andy King","Pos":"MF","Cmp":164.0,"Cmp%":75.9,"1\/3":18.0,"PPA":1.0,"CrsPA":0.0,"Prog":12.0},{"Player":"Andy King","Pos":"MF","Cmp":303.0,"Cmp%":83.0,"1\/3":31.0,"PPA":8.0,"CrsPA":2.0,"Prog":29.0},{"Player":"Joshua King","Pos":"MF","Cmp":522.0,"Cmp%":72.9,"1\/3":38.0,"PPA":33.0,"CrsPA":5.0,"Prog":68.0},{"Player":"Ragnar Klavan","Pos":"DF","Cmp":1094.0,"Cmp%":91.5,"1\/3":60.0,"PPA":6.0,"CrsPA":0.0,"Prog":51.0},{"Player":"Anthony Knockaert","Pos":"MF","Cmp":839.0,"Cmp%":77.3,"1\/3":40.0,"PPA":25.0,"CrsPA":5.0,"Prog":77.0},{"Player":"Sead Kolasinac","Pos":"DF","Cmp":1217.0,"Cmp%":80.7,"1\/3":75.0,"PPA":22.0,"CrsPA":9.0,"Prog":110.0},{"Player":"Vincent Kompany","Pos":"DF","Cmp":1313.0,"Cmp%":93.7,"1\/3":88.0,"PPA":2.0,"CrsPA":0.0,"Prog":59.0},{"Player":"Laurent Koscielny","Pos":"DF","Cmp":1538.0,"Cmp%":89.9,"1\/3":131.0,"PPA":4.0,"CrsPA":1.0,"Prog":113.0},{"Player":"Cheikhou Kouyaté","Pos":"MF","Cmp":742.0,"Cmp%":77.1,"1\/3":48.0,"PPA":2.0,"CrsPA":2.0,"Prog":55.0},{"Player":"Grzegorz Krychowiak","Pos":"MF","Cmp":644.0,"Cmp%":78.4,"1\/3":67.0,"PPA":8.0,"CrsPA":2.0,"Prog":64.0},{"Player":"Rajiv van La Parra","Pos":"FW","Cmp":509.0,"Cmp%":71.3,"1\/3":25.0,"PPA":19.0,"CrsPA":6.0,"Prog":57.0},{"Player":"Alexandre Lacazette","Pos":"FW","Cmp":548.0,"Cmp%":76.8,"1\/3":17.0,"PPA":36.0,"CrsPA":6.0,"Prog":45.0},{"Player":"Erik Lamela","Pos":"FW","Cmp":374.0,"Cmp%":79.6,"1\/3":24.0,"PPA":14.0,"CrsPA":0.0,"Prog":30.0},{"Player":"Manuel Lanzini","Pos":"MF","Cmp":1062.0,"Cmp%":82.7,"1\/3":92.0,"PPA":38.0,"CrsPA":3.0,"Prog":121.0},{"Player":"Jamaal Lascelles","Pos":"DF","Cmp":892.0,"Cmp%":80.0,"1\/3":59.0,"PPA":4.0,"CrsPA":0.0,"Prog":74.0},{"Player":"Florian Lejeune","Pos":"DF","Cmp":827.0,"Cmp%":80.4,"1\/3":63.0,"PPA":2.0,"CrsPA":0.0,"Prog":52.0},{"Player":"Mario Lemina","Pos":"MF","Cmp":861.0,"Cmp%":86.9,"1\/3":75.0,"PPA":5.0,"CrsPA":1.0,"Prog":64.0},{"Player":"Aaron Lennon","Pos":"FW","Cmp":152.0,"Cmp%":71.0,"1\/3":9.0,"PPA":3.0,"CrsPA":2.0,"Prog":17.0},{"Player":"Aaron Lennon","Pos":"MF","Cmp":204.0,"Cmp%":69.6,"1\/3":11.0,"PPA":13.0,"CrsPA":5.0,"Prog":22.0},{"Player":"Victor Lindelöf","Pos":"DF","Cmp":714.0,"Cmp%":91.5,"1\/3":23.0,"PPA":1.0,"CrsPA":0.0,"Prog":33.0},{"Player":"Jesse Lingard","Pos":"MF","Cmp":837.0,"Cmp%":84.9,"1\/3":69.0,"PPA":18.0,"CrsPA":1.0,"Prog":64.0},{"Player":"Jake Livermore","Pos":"MF","Cmp":891.0,"Cmp%":78.8,"1\/3":118.0,"PPA":12.0,"CrsPA":4.0,"Prog":121.0},{"Player":"Fernando Llorente","Pos":"FW","Cmp":61.0,"Cmp%":72.6,"1\/3":2.0,"PPA":3.0,"CrsPA":1.0,"Prog":4.0},{"Player":"Hugo Lloris","Pos":"GK","Cmp":912.0,"Cmp%":78.1,"1\/3":7.0,"PPA":1.0,"CrsPA":0.0,"Prog":1.0},{"Player":"Ruben Loftus-Cheek","Pos":"MF","Cmp":598.0,"Cmp%":81.5,"1\/3":53.0,"PPA":28.0,"CrsPA":2.0,"Prog":75.0},{"Player":"Kevin Long","Pos":"DF","Cmp":376.0,"Cmp%":76.1,"1\/3":21.0,"PPA":0.0,"CrsPA":0.0,"Prog":29.0},{"Player":"Shane Long","Pos":"FW","Cmp":275.0,"Cmp%":65.9,"1\/3":16.0,"PPA":8.0,"CrsPA":3.0,"Prog":22.0},{"Player":"Jonas Lössl","Pos":"GK","Cmp":817.0,"Cmp%":58.9,"1\/3":38.0,"PPA":1.0,"CrsPA":0.0,"Prog":3.0},{"Player":"Dejan Lovren","Pos":"DF","Cmp":1576.0,"Cmp%":91.2,"1\/3":79.0,"PPA":8.0,"CrsPA":0.0,"Prog":86.0},{"Player":"Chris Löwe","Pos":"DF","Cmp":598.0,"Cmp%":71.4,"1\/3":44.0,"PPA":8.0,"CrsPA":4.0,"Prog":51.0},{"Player":"Matthew Lowton","Pos":"DF","Cmp":781.0,"Cmp%":69.9,"1\/3":59.0,"PPA":24.0,"CrsPA":12.0,"Prog":74.0},{"Player":"Romelu Lukaku","Pos":"FW","Cmp":491.0,"Cmp%":67.0,"1\/3":32.0,"PPA":34.0,"CrsPA":6.0,"Prog":55.0},{"Player":"Harry Maguire","Pos":"DF","Cmp":1358.0,"Cmp%":80.3,"1\/3":128.0,"PPA":8.0,"CrsPA":2.0,"Prog":107.0},{"Player":"Riyad Mahrez","Pos":"MF","Cmp":1079.0,"Cmp%":74.0,"1\/3":115.0,"PPA":47.0,"CrsPA":8.0,"Prog":164.0},{"Player":"Ainsley Maitland-Niles","Pos":"DF","Cmp":536.0,"Cmp%":84.8,"1\/3":30.0,"PPA":16.0,"CrsPA":3.0,"Prog":36.0},{"Player":"Scott Malone","Pos":"DF","Cmp":483.0,"Cmp%":69.5,"1\/3":31.0,"PPA":11.0,"CrsPA":4.0,"Prog":51.0},{"Player":"Sadio Mané","Pos":"FW","Cmp":774.0,"Cmp%":78.7,"1\/3":56.0,"PPA":60.0,"CrsPA":11.0,"Prog":100.0},{"Player":"Javier Manquillo","Pos":"DF","Cmp":564.0,"Cmp%":75.3,"1\/3":26.0,"PPA":8.0,"CrsPA":5.0,"Prog":51.0},{"Player":"Solly March","Pos":"MF","Cmp":523.0,"Cmp%":69.4,"1\/3":33.0,"PPA":24.0,"CrsPA":10.0,"Prog":49.0},{"Player":"Adrian Mariappa","Pos":"DF","Cmp":786.0,"Cmp%":78.6,"1\/3":60.0,"PPA":3.0,"CrsPA":0.0,"Prog":52.0},{"Player":"Anthony Martial","Pos":"FW","Cmp":617.0,"Cmp%":78.8,"1\/3":39.0,"PPA":25.0,"CrsPA":3.0,"Prog":59.0},{"Player":"Cuco Martina","Pos":"DF","Cmp":777.0,"Cmp%":76.0,"1\/3":52.0,"PPA":22.0,"CrsPA":15.0,"Prog":63.0},{"Player":"Bruno Martins Indi","Pos":"DF","Cmp":290.0,"Cmp%":81.2,"1\/3":24.0,"PPA":3.0,"CrsPA":2.0,"Prog":15.0},{"Player":"Arthur Masuaku","Pos":"DF","Cmp":677.0,"Cmp%":73.0,"1\/3":34.0,"PPA":18.0,"CrsPA":8.0,"Prog":51.0},{"Player":"Juan Mata","Pos":"FW","Cmp":1099.0,"Cmp%":81.6,"1\/3":72.0,"PPA":34.0,"CrsPA":12.0,"Prog":82.0},{"Player":"Nemanja Matic","Pos":"MF","Cmp":2282.0,"Cmp%":88.0,"1\/3":214.0,"PPA":28.0,"CrsPA":2.0,"Prog":200.0},{"Player":"Joel Matip","Pos":"DF","Cmp":1461.0,"Cmp%":90.4,"1\/3":94.0,"PPA":2.0,"CrsPA":0.0,"Prog":104.0},{"Player":"Alfie Mawson","Pos":"DF","Cmp":1410.0,"Cmp%":83.7,"1\/3":88.0,"PPA":5.0,"CrsPA":1.0,"Prog":85.0},{"Player":"Eric Maxim Choupo-Moting","Pos":"FW","Cmp":484.0,"Cmp%":71.0,"1\/3":31.0,"PPA":18.0,"CrsPA":3.0,"Prog":49.0},{"Player":"James McArthur","Pos":"MF","Cmp":852.0,"Cmp%":79.3,"1\/3":72.0,"PPA":15.0,"CrsPA":2.0,"Prog":83.0},{"Player":"Oliver Burke","Pos":"FW","Cmp":74.0,"Cmp%":72.5,"1\/3":6.0,"PPA":3.0,"CrsPA":0.0,"Prog":9.0},{"Player":"Alex McCarthy","Pos":"GK","Cmp":206.0,"Cmp%":44.6,"1\/3":9.0,"PPA":0.0,"CrsPA":0.0,"Prog":0.0},{"Player":"James McClean","Pos":"MF","Cmp":292.0,"Cmp%":64.7,"1\/3":12.0,"PPA":20.0,"CrsPA":15.0,"Prog":19.0},{"Player":"Ben Mee","Pos":"DF","Cmp":819.0,"Cmp%":77.6,"1\/3":60.0,"PPA":3.0,"CrsPA":0.0,"Prog":67.0},{"Player":"Mikel Merino","Pos":"MF","Cmp":644.0,"Cmp%":80.2,"1\/3":79.0,"PPA":13.0,"CrsPA":2.0,"Prog":89.0},{"Player":"Simon Mignolet","Pos":"GK","Cmp":450.0,"Cmp%":74.8,"1\/3":8.0,"PPA":1.0,"CrsPA":0.0,"Prog":0.0},{"Player":"Luka Milivojevic","Pos":"MF","Cmp":1358.0,"Cmp%":80.8,"1\/3":170.0,"PPA":17.0,"CrsPA":1.0,"Prog":174.0},{"Player":"James Milner","Pos":"MF","Cmp":1324.0,"Cmp%":82.2,"1\/3":179.0,"PPA":39.0,"CrsPA":9.0,"Prog":179.0},{"Player":"Henrikh Mkhitaryan","Pos":"MF","Cmp":441.0,"Cmp%":77.0,"1\/3":39.0,"PPA":19.0,"CrsPA":3.0,"Prog":43.0},{"Player":"Henrikh Mkhitaryan","Pos":"FW","Cmp":354.0,"Cmp%":74.4,"1\/3":24.0,"PPA":15.0,"CrsPA":3.0,"Prog":31.0},{"Player":"Nacho Monreal","Pos":"DF","Cmp":1608.0,"Cmp%":89.4,"1\/3":118.0,"PPA":11.0,"CrsPA":3.0,"Prog":105.0},{"Player":"Aaron Mooy","Pos":"MF","Cmp":1561.0,"Cmp%":75.5,"1\/3":167.0,"PPA":27.0,"CrsPA":9.0,"Prog":163.0},{"Player":"Álvaro Morata","Pos":"FW","Cmp":408.0,"Cmp%":72.2,"1\/3":34.0,"PPA":7.0,"CrsPA":0.0,"Prog":25.0},{"Player":"Alberto Moreno","Pos":"DF","Cmp":790.0,"Cmp%":82.6,"1\/3":41.0,"PPA":23.0,"CrsPA":7.0,"Prog":66.0},{"Player":"Wes Morgan","Pos":"DF","Cmp":739.0,"Cmp%":84.1,"1\/3":35.0,"PPA":4.0,"CrsPA":0.0,"Prog":45.0},{"Player":"Victor Moses","Pos":"DF","Cmp":825.0,"Cmp%":74.0,"1\/3":26.0,"PPA":25.0,"CrsPA":12.0,"Prog":63.0},{"Player":"Steve Mounie","Pos":"FW","Cmp":338.0,"Cmp%":64.4,"1\/3":18.0,"PPA":5.0,"CrsPA":0.0,"Prog":22.0},{"Player":"Lys Mousset","Pos":"MF","Cmp":103.0,"Cmp%":58.9,"1\/3":12.0,"PPA":6.0,"CrsPA":2.0,"Prog":14.0},{"Player":"Jacob Murphy","Pos":"FW","Cmp":199.0,"Cmp%":62.2,"1\/3":13.0,"PPA":15.0,"CrsPA":5.0,"Prog":27.0},{"Player":"Glenn Murray","Pos":"FW","Cmp":380.0,"Cmp%":58.0,"1\/3":18.0,"PPA":6.0,"CrsPA":0.0,"Prog":31.0},{"Player":"Shkodran Mustafi","Pos":"DF","Cmp":1500.0,"Cmp%":86.3,"1\/3":92.0,"PPA":6.0,"CrsPA":1.0,"Prog":72.0},{"Player":"Luciano Narsingh","Pos":"FW","Cmp":159.0,"Cmp%":74.0,"1\/3":12.0,"PPA":8.0,"CrsPA":4.0,"Prog":12.0},{"Player":"Kyle Naughton","Pos":"DF","Cmp":1550.0,"Cmp%":74.5,"1\/3":149.0,"PPA":16.0,"CrsPA":6.0,"Prog":168.0},{"Player":"Wilfred Ndidi","Pos":"MF","Cmp":1276.0,"Cmp%":77.1,"1\/3":110.0,"PPA":10.0,"CrsPA":2.0,"Prog":109.0},{"Player":"Oumar Niasse","Pos":"FW","Cmp":158.0,"Cmp%":63.2,"1\/3":12.0,"PPA":9.0,"CrsPA":2.0,"Prog":19.0},{"Player":"Mark Noble","Pos":"MF","Cmp":1110.0,"Cmp%":83.3,"1\/3":100.0,"PPA":24.0,"CrsPA":2.0,"Prog":113.0},{"Player":"Nyom","Pos":"DF","Cmp":816.0,"Cmp%":74.3,"1\/3":36.0,"PPA":25.0,"CrsPA":20.0,"Prog":50.0},{"Player":"Pedro","Pos":"MF","Cmp":610.0,"Cmp%":80.1,"1\/3":66.0,"PPA":5.0,"CrsPA":2.0,"Prog":54.0},{"Player":"Angelo Ogbonna","Pos":"DF","Cmp":810.0,"Cmp%":80.8,"1\/3":46.0,"PPA":5.0,"CrsPA":1.0,"Prog":45.0},{"Player":"Stefano Okaka","Pos":"FW","Cmp":107.0,"Cmp%":67.3,"1\/3":7.0,"PPA":3.0,"CrsPA":0.0,"Prog":8.0},{"Player":"Shinji Okazaki","Pos":"MF","Cmp":271.0,"Cmp%":70.9,"1\/3":22.0,"PPA":4.0,"CrsPA":0.0,"Prog":25.0},{"Player":"Martin Olsson","Pos":"DF","Cmp":1126.0,"Cmp%":71.2,"1\/3":55.0,"PPA":24.0,"CrsPA":17.0,"Prog":74.0},{"Player":"Nicolás Otamendi","Pos":"DF","Cmp":2825.0,"Cmp%":93.1,"1\/3":225.0,"PPA":8.0,"CrsPA":0.0,"Prog":169.0},{"Player":"Alex Oxlade-Chamberlain","Pos":"MF","Cmp":602.0,"Cmp%":76.7,"1\/3":82.0,"PPA":40.0,"CrsPA":7.0,"Prog":106.0},{"Player":"Alex Oxlade-Chamberlain","Pos":"DF","Cmp":123.0,"Cmp%":79.4,"1\/3":9.0,"PPA":8.0,"CrsPA":2.0,"Prog":16.0},{"Player":"Mesut Özil","Pos":"MF","Cmp":1617.0,"Cmp%":83.2,"1\/3":185.0,"PPA":82.0,"CrsPA":3.0,"Prog":244.0},{"Player":"Ederson","Pos":"DF","Cmp":134.0,"Cmp%":77.0,"1\/3":4.0,"PPA":3.0,"CrsPA":1.0,"Prog":3.0},{"Player":"Pedro","Pos":"FW","Cmp":554.0,"Cmp%":78.8,"1\/3":38.0,"PPA":21.0,"CrsPA":2.0,"Prog":49.0},{"Player":"Roberto Pereyra","Pos":"MF","Cmp":595.0,"Cmp%":82.2,"1\/3":35.0,"PPA":29.0,"CrsPA":10.0,"Prog":55.0},{"Player":"Ayoze Pérez","Pos":"MF","Cmp":518.0,"Cmp%":70.6,"1\/3":47.0,"PPA":18.0,"CrsPA":2.0,"Prog":60.0},{"Player":"Matt Phillips","Pos":"MF","Cmp":435.0,"Cmp%":60.9,"1\/3":24.0,"PPA":19.0,"CrsPA":13.0,"Prog":38.0},{"Player":"Jordan Pickford","Pos":"GK","Cmp":652.0,"Cmp%":49.0,"1\/3":44.0,"PPA":1.0,"CrsPA":0.0,"Prog":0.0},{"Player":"Erik Pieters","Pos":"DF","Cmp":941.0,"Cmp%":72.5,"1\/3":90.0,"PPA":23.0,"CrsPA":10.0,"Prog":93.0},{"Player":"Paul Pogba","Pos":"MF","Cmp":1465.0,"Cmp%":84.1,"1\/3":170.0,"PPA":52.0,"CrsPA":5.0,"Prog":228.0},{"Player":"Nick Pope","Pos":"GK","Cmp":542.0,"Cmp%":44.6,"1\/3":79.0,"PPA":2.0,"CrsPA":0.0,"Prog":0.0},{"Player":"Sebastian Prödl","Pos":"DF","Cmp":434.0,"Cmp%":78.9,"1\/3":31.0,"PPA":1.0,"CrsPA":0.0,"Prog":38.0},{"Player":"Davy Pröpper","Pos":"MF","Cmp":1105.0,"Cmp%":78.6,"1\/3":137.0,"PPA":16.0,"CrsPA":4.0,"Prog":158.0},{"Player":"Marc Pugh","Pos":"MF","Cmp":387.0,"Cmp%":75.4,"1\/3":19.0,"PPA":17.0,"CrsPA":3.0,"Prog":36.0},{"Player":"Collin Quaner","Pos":"FW","Cmp":316.0,"Cmp%":72.3,"1\/3":23.0,"PPA":10.0,"CrsPA":5.0,"Prog":28.0},{"Player":"Aaron Ramsey","Pos":"MF","Cmp":1051.0,"Cmp%":83.9,"1\/3":91.0,"PPA":37.0,"CrsPA":3.0,"Prog":120.0},{"Player":"Marcus Rashford","Pos":"FW","Cmp":473.0,"Cmp%":70.3,"1\/3":23.0,"PPA":22.0,"CrsPA":6.0,"Prog":38.0},{"Player":"Nathan Redmond","Pos":"FW","Cmp":638.0,"Cmp%":73.2,"1\/3":38.0,"PPA":39.0,"CrsPA":8.0,"Prog":68.0},{"Player":"Winston Reid","Pos":"DF","Cmp":539.0,"Cmp%":84.6,"1\/3":26.0,"PPA":2.0,"CrsPA":0.0,"Prog":34.0},{"Player":"Declan Rice","Pos":"DF","Cmp":467.0,"Cmp%":80.7,"1\/3":37.0,"PPA":4.0,"CrsPA":0.0,"Prog":34.0},{"Player":"Richarlison","Pos":"FW","Cmp":536.0,"Cmp%":64.2,"1\/3":32.0,"PPA":24.0,"CrsPA":4.0,"Prog":76.0},{"Player":"Matt Ritchie","Pos":"MF","Cmp":840.0,"Cmp%":66.4,"1\/3":63.0,"PPA":33.0,"CrsPA":14.0,"Prog":89.0},{"Player":"Andrew Robertson","Pos":"DF","Cmp":1408.0,"Cmp%":84.5,"1\/3":107.0,"PPA":31.0,"CrsPA":8.0,"Prog":133.0},{"Player":"Hal Robson-Kanu","Pos":"FW","Cmp":130.0,"Cmp%":64.4,"1\/3":10.0,"PPA":3.0,"CrsPA":1.0,"Prog":23.0},{"Player":"Jay Rodriguez","Pos":"FW","Cmp":497.0,"Cmp%":70.0,"1\/3":43.0,"PPA":14.0,"CrsPA":2.0,"Prog":52.0},{"Player":"Oriol Romeu","Pos":"MF","Cmp":1555.0,"Cmp%":83.7,"1\/3":151.0,"PPA":12.0,"CrsPA":0.0,"Prog":172.0},{"Player":"Salomón Rondón","Pos":"FW","Cmp":564.0,"Cmp%":68.1,"1\/3":43.0,"PPA":18.0,"CrsPA":3.0,"Prog":52.0},{"Player":"Wayne Rooney","Pos":"MF","Cmp":919.0,"Cmp%":75.5,"1\/3":130.0,"PPA":26.0,"CrsPA":6.0,"Prog":100.0},{"Player":"Wayne Routledge","Pos":"MF","Cmp":113.0,"Cmp%":64.2,"1\/3":8.0,"PPA":6.0,"CrsPA":3.0,"Prog":15.0},{"Player":"Antonio Rüdiger","Pos":"DF","Cmp":1535.0,"Cmp%":89.5,"1\/3":112.0,"PPA":3.0,"CrsPA":0.0,"Prog":81.0},{"Player":"Mat Ryan","Pos":"GK","Cmp":631.0,"Cmp%":53.8,"1\/3":26.0,"PPA":1.0,"CrsPA":0.0,"Prog":0.0},{"Player":"Mamadou Sakho","Pos":"DF","Cmp":628.0,"Cmp%":85.3,"1\/3":22.0,"PPA":0.0,"CrsPA":0.0,"Prog":37.0},{"Player":"Bakary Sako","Pos":"FW","Cmp":97.0,"Cmp%":61.0,"1\/3":5.0,"PPA":5.0,"CrsPA":3.0,"Prog":7.0},{"Player":"Mohamed Salah","Pos":"FW","Cmp":770.0,"Cmp%":74.2,"1\/3":44.0,"PPA":47.0,"CrsPA":6.0,"Prog":108.0},{"Player":"Alexis Sánchez","Pos":"FW","Cmp":658.0,"Cmp%":70.5,"1\/3":71.0,"PPA":79.0,"CrsPA":11.0,"Prog":146.0},{"Player":"Alexis Sánchez","Pos":"FW","Cmp":457.0,"Cmp%":73.0,"1\/3":49.0,"PPA":32.0,"CrsPA":4.0,"Prog":76.0},{"Player":"Davinson Sánchez","Pos":"DF","Cmp":1690.0,"Cmp%":90.1,"1\/3":68.0,"PPA":2.0,"CrsPA":0.0,"Prog":77.0},{"Player":"Leroy Sané","Pos":"FW","Cmp":948.0,"Cmp%":79.7,"1\/3":24.0,"PPA":39.0,"CrsPA":9.0,"Prog":66.0},{"Player":"Ezequiel Schelotto","Pos":"DF","Cmp":449.0,"Cmp%":74.8,"1\/3":34.0,"PPA":7.0,"CrsPA":4.0,"Prog":28.0},{"Player":"Christopher Schindler","Pos":"DF","Cmp":1149.0,"Cmp%":83.9,"1\/3":53.0,"PPA":1.0,"CrsPA":0.0,"Prog":50.0},{"Player":"Jeffrey Schlupp","Pos":"DF","Cmp":613.0,"Cmp%":75.0,"1\/3":59.0,"PPA":10.0,"CrsPA":4.0,"Prog":55.0},{"Player":"Kasper Schmeichel","Pos":"GK","Cmp":609.0,"Cmp%":53.6,"1\/3":19.0,"PPA":0.0,"CrsPA":0.0,"Prog":3.0},{"Player":"Morgan Schneiderlin","Pos":"MF","Cmp":945.0,"Cmp%":83.6,"1\/3":100.0,"PPA":2.0,"CrsPA":1.0,"Prog":74.0},{"Player":"Xherdan Shaqiri","Pos":"FW","Cmp":909.0,"Cmp%":70.8,"1\/3":95.0,"PPA":55.0,"CrsPA":12.0,"Prog":136.0},{"Player":"Ryan Shawcross","Pos":"DF","Cmp":442.0,"Cmp%":74.2,"1\/3":42.0,"PPA":0.0,"CrsPA":0.0,"Prog":45.0},{"Player":"Jonjo Shelvey","Pos":"MF","Cmp":1038.0,"Cmp%":71.6,"1\/3":147.0,"PPA":33.0,"CrsPA":6.0,"Prog":144.0},{"Player":"Gylfi Sigurdsson","Pos":"MF","Cmp":565.0,"Cmp%":65.6,"1\/3":47.0,"PPA":13.0,"CrsPA":3.0,"Prog":62.0},{"Player":"Adrián","Pos":"MF","Cmp":358.0,"Cmp%":82.5,"1\/3":42.0,"PPA":5.0,"CrsPA":0.0,"Prog":35.0},{"Player":"Bernardo Silva","Pos":"FW","Cmp":842.0,"Cmp%":84.3,"1\/3":33.0,"PPA":30.0,"CrsPA":4.0,"Prog":61.0},{"Player":"David Silva","Pos":"MF","Cmp":2175.0,"Cmp%":87.3,"1\/3":198.0,"PPA":86.0,"CrsPA":5.0,"Prog":215.0},{"Player":"Danny Simpson","Pos":"DF","Cmp":905.0,"Cmp%":76.8,"1\/3":57.0,"PPA":9.0,"CrsPA":7.0,"Prog":51.0},{"Player":"Moussa Sissoko","Pos":"MF","Cmp":749.0,"Cmp%":83.7,"1\/3":61.0,"PPA":21.0,"CrsPA":6.0,"Prog":72.0},{"Player":"Islam Slimani","Pos":"FW","Cmp":79.0,"Cmp%":66.4,"1\/3":1.0,"PPA":5.0,"CrsPA":0.0,"Prog":7.0},{"Player":"Islam Slimani","Pos":"FW","Cmp":31.0,"Cmp%":59.6,"1\/3":1.0,"PPA":1.0,"CrsPA":0.0,"Prog":3.0},{"Player":"Chris Smalling","Pos":"DF","Cmp":1026.0,"Cmp%":90.5,"1\/3":18.0,"PPA":1.0,"CrsPA":0.0,"Prog":25.0},{"Player":"Adam Smith","Pos":"DF","Cmp":894.0,"Cmp%":80.2,"1\/3":55.0,"PPA":17.0,"CrsPA":7.0,"Prog":66.0},{"Player":"Tommy Smith","Pos":"DF","Cmp":782.0,"Cmp%":69.8,"1\/3":46.0,"PPA":21.0,"CrsPA":11.0,"Prog":55.0},{"Player":"Cédric Soares","Pos":"DF","Cmp":1277.0,"Cmp%":73.5,"1\/3":102.0,"PPA":38.0,"CrsPA":23.0,"Prog":133.0},{"Player":"Ramadan Sobhi","Pos":"FW","Cmp":345.0,"Cmp%":76.3,"1\/3":18.0,"PPA":14.0,"CrsPA":3.0,"Prog":41.0},{"Player":"Dominic Solanke","Pos":"FW","Cmp":150.0,"Cmp%":76.9,"1\/3":6.0,"PPA":8.0,"CrsPA":0.0,"Prog":14.0},{"Player":"Junior Stanislas","Pos":"MF","Cmp":403.0,"Cmp%":70.7,"1\/3":31.0,"PPA":21.0,"CrsPA":2.0,"Prog":56.0},{"Player":"Dale Stephens","Pos":"MF","Cmp":1469.0,"Cmp%":84.8,"1\/3":146.0,"PPA":15.0,"CrsPA":0.0,"Prog":170.0},{"Player":"Jack Stephens","Pos":"DF","Cmp":730.0,"Cmp%":78.3,"1\/3":41.0,"PPA":2.0,"CrsPA":2.0,"Prog":40.0},{"Player":"Raheem Sterling","Pos":"FW","Cmp":1003.0,"Cmp%":83.5,"1\/3":39.0,"PPA":52.0,"CrsPA":5.0,"Prog":81.0},{"Player":"John Stones","Pos":"DF","Cmp":1194.0,"Cmp%":96.5,"1\/3":48.0,"PPA":1.0,"CrsPA":0.0,"Prog":47.0},{"Player":"Daniel Sturridge","Pos":"FW","Cmp":96.0,"Cmp%":79.3,"1\/3":9.0,"PPA":7.0,"CrsPA":0.0,"Prog":16.0},{"Player":"Daniel Sturridge","Pos":"FW","Cmp":25.0,"Cmp%":71.4,"1\/3":2.0,"PPA":3.0,"CrsPA":0.0,"Prog":6.0},{"Player":"Ki Sung-yueng","Pos":"MF","Cmp":768.0,"Cmp%":84.3,"1\/3":55.0,"PPA":12.0,"CrsPA":0.0,"Prog":52.0},{"Player":"Andrew Surman","Pos":"MF","Cmp":997.0,"Cmp%":84.4,"1\/3":97.0,"PPA":19.0,"CrsPA":3.0,"Prog":111.0},{"Player":"Dusan Tadic","Pos":"MF","Cmp":859.0,"Cmp%":69.7,"1\/3":73.0,"PPA":51.0,"CrsPA":16.0,"Prog":105.0},{"Player":"James Tarkowski","Pos":"DF","Cmp":781.0,"Cmp%":75.2,"1\/3":72.0,"PPA":6.0,"CrsPA":1.0,"Prog":64.0},{"Player":"James Tomkins","Pos":"DF","Cmp":731.0,"Cmp%":83.4,"1\/3":35.0,"PPA":2.0,"CrsPA":1.0,"Prog":36.0},{"Player":"Andros Townsend","Pos":"FW","Cmp":858.0,"Cmp%":71.0,"1\/3":58.0,"PPA":53.0,"CrsPA":12.0,"Prog":92.0},{"Player":"Kieran Trippier","Pos":"DF","Cmp":1249.0,"Cmp%":77.7,"1\/3":80.0,"PPA":45.0,"CrsPA":13.0,"Prog":122.0},{"Player":"Antonio Valencia","Pos":"DF","Cmp":1619.0,"Cmp%":83.2,"1\/3":98.0,"PPA":28.0,"CrsPA":11.0,"Prog":100.0},{"Player":"Jamie Vardy","Pos":"FW","Cmp":310.0,"Cmp%":60.9,"1\/3":15.0,"PPA":18.0,"CrsPA":5.0,"Prog":27.0},{"Player":"Jan Vertonghen","Pos":"DF","Cmp":2187.0,"Cmp%":87.9,"1\/3":193.0,"PPA":9.0,"CrsPA":1.0,"Prog":193.0},{"Player":"Sam Vokes","Pos":"FW","Cmp":148.0,"Cmp%":55.8,"1\/3":17.0,"PPA":1.0,"CrsPA":0.0,"Prog":19.0},{"Player":"Theo Walcott","Pos":"FW","Cmp":13.0,"Cmp%":65.0,"1\/3":1.0,"PPA":0.0,"CrsPA":0.0,"Prog":1.0},{"Player":"Theo Walcott","Pos":"FW","Cmp":241.0,"Cmp%":70.5,"1\/3":11.0,"PPA":17.0,"CrsPA":11.0,"Prog":27.0},{"Player":"Kyle Walker","Pos":"DF","Cmp":2304.0,"Cmp%":87.2,"1\/3":210.0,"PPA":33.0,"CrsPA":10.0,"Prog":176.0},{"Player":"Victor Wanyama","Pos":"MF","Cmp":539.0,"Cmp%":86.8,"1\/3":58.0,"PPA":1.0,"CrsPA":0.0,"Prog":46.0},{"Player":"Joel Ward","Pos":"DF","Cmp":685.0,"Cmp%":73.7,"1\/3":50.0,"PPA":18.0,"CrsPA":9.0,"Prog":65.0},{"Player":"Stephen Ward","Pos":"DF","Cmp":869.0,"Cmp%":68.4,"1\/3":75.0,"PPA":23.0,"CrsPA":14.0,"Prog":103.0},{"Player":"James Ward-Prowse","Pos":"FW","Cmp":622.0,"Cmp%":69.7,"1\/3":41.0,"PPA":12.0,"CrsPA":4.0,"Prog":49.0},{"Player":"Danny Welbeck","Pos":"FW","Cmp":312.0,"Cmp%":80.6,"1\/3":9.0,"PPA":9.0,"CrsPA":0.0,"Prog":15.0},{"Player":"Ashley Westwood","Pos":"MF","Cmp":493.0,"Cmp%":81.1,"1\/3":46.0,"PPA":10.0,"CrsPA":2.0,"Prog":47.0},{"Player":"Georginio Wijnaldum","Pos":"MF","Cmp":1144.0,"Cmp%":90.4,"1\/3":85.0,"PPA":15.0,"CrsPA":1.0,"Prog":74.0},{"Player":"Ashley Williams","Pos":"DF","Cmp":590.0,"Cmp%":82.2,"1\/3":31.0,"PPA":2.0,"CrsPA":0.0,"Prog":27.0},{"Player":"Danny Williams","Pos":"MF","Cmp":332.0,"Cmp%":77.6,"1\/3":27.0,"PPA":4.0,"CrsPA":1.0,"Prog":23.0},{"Player":"Willian","Pos":"FW","Cmp":771.0,"Cmp%":74.4,"1\/3":62.0,"PPA":47.0,"CrsPA":7.0,"Prog":91.0},{"Player":"Jack Wilshere","Pos":"MF","Cmp":703.0,"Cmp%":86.6,"1\/3":64.0,"PPA":18.0,"CrsPA":0.0,"Prog":76.0},{"Player":"Callum Wilson","Pos":"FW","Cmp":304.0,"Cmp%":70.7,"1\/3":16.0,"PPA":14.0,"CrsPA":1.0,"Prog":24.0},{"Player":"Kevin Wimmer","Pos":"DF","Cmp":455.0,"Cmp%":78.9,"1\/3":49.0,"PPA":1.0,"CrsPA":0.0,"Prog":36.0},{"Player":"Harry Winks","Pos":"MF","Cmp":580.0,"Cmp%":89.4,"1\/3":64.0,"PPA":7.0,"CrsPA":1.0,"Prog":41.0},{"Player":"Chris Wood","Pos":"FW","Cmp":254.0,"Cmp%":62.0,"1\/3":7.0,"PPA":2.0,"CrsPA":1.0,"Prog":10.0},{"Player":"Granit Xhaka","Pos":"MF","Cmp":2727.0,"Cmp%":85.6,"1\/3":350.0,"PPA":49.0,"CrsPA":1.0,"Prog":323.0},{"Player":"Claudio Yacob","Pos":"MF","Cmp":320.0,"Cmp%":83.8,"1\/3":28.0,"PPA":0.0,"CrsPA":0.0,"Prog":25.0},{"Player":"DeAndre Yedlin","Pos":"DF","Cmp":1035.0,"Cmp%":75.5,"1\/3":51.0,"PPA":31.0,"CrsPA":19.0,"Prog":77.0},{"Player":"Maya Yoshida","Pos":"DF","Cmp":891.0,"Cmp%":85.7,"1\/3":43.0,"PPA":0.0,"CrsPA":0.0,"Prog":43.0},{"Player":"Ashley Young","Pos":"DF","Cmp":1299.0,"Cmp%":76.8,"1\/3":97.0,"PPA":36.0,"CrsPA":25.0,"Prog":114.0},{"Player":"Pablo Zabaleta","Pos":"DF","Cmp":1169.0,"Cmp%":72.8,"1\/3":102.0,"PPA":25.0,"CrsPA":11.0,"Prog":132.0},{"Player":"Wilfried Zaha","Pos":"FW","Cmp":488.0,"Cmp%":69.3,"1\/3":37.0,"PPA":50.0,"CrsPA":11.0,"Prog":87.0},{"Player":"Davide Zappacosta","Pos":"DF","Cmp":527.0,"Cmp%":80.0,"1\/3":14.0,"PPA":17.0,"CrsPA":14.0,"Prog":23.0},{"Player":"Kurt Zouma","Pos":"DF","Cmp":"872","Cmp%":"77.6","1\/3":"72","PPA":"2","CrsPA":"0","Prog":"67"}]