[{"Player":"Antonio Adán","Pos":"GK","Cmp":714.0,"Cmp%":69.0,"1\/3":12.0,"PPA":1.0,"CrsPA":0.0,"Prog":0.0},{"Player":"Aduriz","Pos":"FW","Cmp":329.0,"Cmp%":64.6,"1\/3":36.0,"PPA":10.0,"CrsPA":0.0,"Prog":32.0},{"Player":"Martín Aguirregabiria","Pos":"DF","Cmp":598.0,"Cmp%":68.5,"1\/3":49.0,"PPA":11.0,"CrsPA":7.0,"Prog":66.0},{"Player":"Matías Aguirregaray","Pos":"DF","Cmp":489.0,"Cmp%":73.2,"1\/3":39.0,"PPA":18.0,"CrsPA":5.0,"Prog":54.0},{"Player":"Jordi Alba","Pos":"DF","Cmp":1985.0,"Cmp%":85.4,"1\/3":106.0,"PPA":40.0,"CrsPA":10.0,"Prog":160.0},{"Player":"Raúl Albentosa","Pos":"DF","Cmp":600.0,"Cmp%":76.7,"1\/3":34.0,"PPA":3.0,"CrsPA":0.0,"Prog":33.0},{"Player":"Paco Alcácer","Pos":"FW","Cmp":193.0,"Cmp%":81.8,"1\/3":4.0,"PPA":9.0,"CrsPA":2.0,"Prog":16.0},{"Player":"Iván Alejo","Pos":"FW","Cmp":188.0,"Cmp%":53.1,"1\/3":13.0,"PPA":26.0,"CrsPA":16.0,"Prog":21.0},{"Player":"Alexis","Pos":"DF","Cmp":523.0,"Cmp%":71.5,"1\/3":28.0,"PPA":4.0,"CrsPA":0.0,"Prog":33.0},{"Player":"Alfonso","Pos":"FW","Cmp":3.0,"Cmp%":75.0,"1\/3":0.0,"PPA":0.0,"CrsPA":0.0,"Prog":0.0},{"Player":"Sergio Álvarez","Pos":"GK","Cmp":342.0,"Cmp%":66.0,"1\/3":5.0,"PPA":0.0,"CrsPA":0.0,"Prog":0.0},{"Player":"Jordi Amat","Pos":"DF","Cmp":1404.0,"Cmp%":89.3,"1\/3":81.0,"PPA":3.0,"CrsPA":0.0,"Prog":70.0},{"Player":"Nordin Amrabat","Pos":"FW","Cmp":308.0,"Cmp%":63.5,"1\/3":19.0,"PPA":21.0,"CrsPA":8.0,"Prog":34.0},{"Player":"Florin Andone","Pos":"FW","Cmp":182.0,"Cmp%":61.7,"1\/3":6.0,"PPA":7.0,"CrsPA":3.0,"Prog":9.0},{"Player":"Ángel","Pos":"FW","Cmp":274.0,"Cmp%":77.0,"1\/3":12.0,"PPA":4.0,"CrsPA":0.0,"Prog":11.0},{"Player":"Ángel","Pos":"GK","Cmp":204.0,"Cmp%":75.0,"1\/3":3.0,"PPA":0.0,"CrsPA":0.0,"Prog":0.0},{"Player":"Ángel","Pos":"DF","Cmp":3.0,"Cmp%":42.9,"1\/3":0.0,"PPA":0.0,"CrsPA":0.0,"Prog":1.0},{"Player":"Ángel","Pos":"DF","Cmp":987.0,"Cmp%":60.4,"1\/3":104.0,"PPA":38.0,"CrsPA":25.0,"Prog":118.0},{"Player":"Vitorino Antunes","Pos":"DF","Cmp":832.0,"Cmp%":62.7,"1\/3":88.0,"PPA":37.0,"CrsPA":14.0,"Prog":106.0},{"Player":"Alberto Aquilani","Pos":"MF","Cmp":826.0,"Cmp%":83.3,"1\/3":78.0,"PPA":8.0,"CrsPA":0.0,"Prog":64.0},{"Player":"Mauro Arambarri","Pos":"MF","Cmp":452.0,"Cmp%":68.7,"1\/3":57.0,"PPA":4.0,"CrsPA":1.0,"Prog":50.0},{"Player":"Guilherme","Pos":"DF","Cmp":107.0,"Cmp%":82.3,"1\/3":3.0,"PPA":1.0,"CrsPA":1.0,"Prog":2.0},{"Player":"Anaitz Arbilla","Pos":"DF","Cmp":1234.0,"Cmp%":78.0,"1\/3":145.0,"PPA":9.0,"CrsPA":2.0,"Prog":143.0},{"Player":"Kepa","Pos":"GK","Cmp":545.0,"Cmp%":63.2,"1\/3":28.0,"PPA":0.0,"CrsPA":0.0,"Prog":0.0},{"Player":"Sergio Asenjo","Pos":"GK","Cmp":277.0,"Cmp%":59.1,"1\/3":4.0,"PPA":0.0,"CrsPA":0.0,"Prog":0.0},{"Player":"Marco Asensio","Pos":"FW","Cmp":1028.0,"Cmp%":83.8,"1\/3":93.0,"PPA":40.0,"CrsPA":12.0,"Prog":94.0},{"Player":"Iago Aspas","Pos":"FW","Cmp":971.0,"Cmp%":75.3,"1\/3":69.0,"PPA":51.0,"CrsPA":6.0,"Prog":102.0},{"Player":"Carlos Bacca","Pos":"FW","Cmp":380.0,"Cmp%":72.0,"1\/3":19.0,"PPA":16.0,"CrsPA":4.0,"Prog":32.0},{"Player":"Cédric Bakambu","Pos":"FW","Cmp":200.0,"Cmp%":71.2,"1\/3":13.0,"PPA":5.0,"CrsPA":0.0,"Prog":21.0},{"Player":"Zakaria Bakkali","Pos":"FW","Cmp":228.0,"Cmp%":72.2,"1\/3":15.0,"PPA":2.0,"CrsPA":1.0,"Prog":22.0},{"Player":"Gareth Bale","Pos":"FW","Cmp":604.0,"Cmp%":78.4,"1\/3":30.0,"PPA":48.0,"CrsPA":16.0,"Prog":76.0},{"Player":"Balenziaga","Pos":"DF","Cmp":579.0,"Cmp%":74.0,"1\/3":34.0,"PPA":17.0,"CrsPA":13.0,"Prog":53.0},{"Player":"Éver Banega","Pos":"MF","Cmp":1846.0,"Cmp%":81.5,"1\/3":281.0,"PPA":37.0,"CrsPA":4.0,"Prog":310.0},{"Player":"Leo Baptistao","Pos":"FW","Cmp":486.0,"Cmp%":65.1,"1\/3":31.0,"PPA":23.0,"CrsPA":5.0,"Prog":53.0},{"Player":"Mario","Pos":"GK","Cmp":162.0,"Cmp%":64.0,"1\/3":1.0,"PPA":0.0,"CrsPA":0.0,"Prog":0.0},{"Player":"Enis Bardhi","Pos":"MF","Cmp":507.0,"Cmp%":76.7,"1\/3":69.0,"PPA":12.0,"CrsPA":1.0,"Prog":64.0},{"Player":"Antonio Barragán","Pos":"DF","Cmp":1269.0,"Cmp%":79.7,"1\/3":71.0,"PPA":30.0,"CrsPA":12.0,"Prog":132.0},{"Player":"Marc Bartra","Pos":"DF","Cmp":928.0,"Cmp%":83.8,"1\/3":75.0,"PPA":5.0,"CrsPA":1.0,"Prog":58.0},{"Player":"Borja Bastón","Pos":"FW","Cmp":175.0,"Cmp%":75.8,"1\/3":9.0,"PPA":2.0,"CrsPA":0.0,"Prog":3.0},{"Player":"Paul Baysse","Pos":"DF","Cmp":433.0,"Cmp%":78.6,"1\/3":15.0,"PPA":2.0,"CrsPA":0.0,"Prog":15.0},{"Player":"Claudio Beauvue","Pos":"FW","Cmp":206.0,"Cmp%":65.2,"1\/3":14.0,"PPA":6.0,"CrsPA":1.0,"Prog":15.0},{"Player":"Wissam Ben Yedder","Pos":"FW","Cmp":357.0,"Cmp%":77.6,"1\/3":19.0,"PPA":20.0,"CrsPA":2.0,"Prog":35.0},{"Player":"Karim Benzema","Pos":"FW","Cmp":713.0,"Cmp%":82.1,"1\/3":42.0,"PPA":38.0,"CrsPA":2.0,"Prog":77.0},{"Player":"Markel Bergara","Pos":"MF","Cmp":272.0,"Cmp%":69.0,"1\/3":18.0,"PPA":3.0,"CrsPA":0.0,"Prog":23.0},{"Player":"Rubén Blanco","Pos":"GK","Cmp":418.0,"Cmp%":61.1,"1\/3":9.0,"PPA":0.0,"CrsPA":0.0,"Prog":1.0},{"Player":"Emmanuel Boateng","Pos":"FW","Cmp":146.0,"Cmp%":64.0,"1\/3":10.0,"PPA":12.0,"CrsPA":2.0,"Prog":18.0},{"Player":"Daniele Bonera","Pos":"DF","Cmp":485.0,"Cmp%":85.1,"1\/3":52.0,"PPA":4.0,"CrsPA":0.0,"Prog":39.0},{"Player":"Celso Borges","Pos":"MF","Cmp":924.0,"Cmp%":76.4,"1\/3":111.0,"PPA":11.0,"CrsPA":4.0,"Prog":105.0},{"Player":"Ryad Boudebouz","Pos":"MF","Cmp":634.0,"Cmp%":75.5,"1\/3":51.0,"PPA":18.0,"CrsPA":2.0,"Prog":54.0},{"Player":"Darko Brasanac","Pos":"MF","Cmp":332.0,"Cmp%":75.6,"1\/3":28.0,"PPA":8.0,"CrsPA":3.0,"Prog":32.0},{"Player":"Burgui","Pos":"FW","Cmp":264.0,"Cmp%":74.6,"1\/3":28.0,"PPA":15.0,"CrsPA":1.0,"Prog":47.0},{"Player":"Sergio Busquets","Pos":"MF","Cmp":1945.0,"Cmp%":89.5,"1\/3":203.0,"PPA":14.0,"CrsPA":0.0,"Prog":170.0},{"Player":"Unai Bustinza","Pos":"DF","Cmp":526.0,"Cmp%":76.7,"1\/3":32.0,"PPA":4.0,"CrsPA":2.0,"Prog":33.0},{"Player":"Cabral","Pos":"DF","Cmp":1115.0,"Cmp%":86.8,"1\/3":53.0,"PPA":1.0,"CrsPA":0.0,"Prog":44.0},{"Player":"Cala","Pos":"DF","Cmp":412.0,"Cmp%":60.5,"1\/3":49.0,"PPA":1.0,"CrsPA":0.0,"Prog":39.0},{"Player":"Jonathan Calleri","Pos":"FW","Cmp":452.0,"Cmp%":62.8,"1\/3":31.0,"PPA":21.0,"CrsPA":1.0,"Prog":43.0},{"Player":"Víctor Camarasa","Pos":"MF","Cmp":542.0,"Cmp%":86.7,"1\/3":59.0,"PPA":5.0,"CrsPA":3.0,"Prog":35.0},{"Player":"José Campaña","Pos":"MF","Cmp":1307.0,"Cmp%":80.8,"1\/3":147.0,"PPA":37.0,"CrsPA":11.0,"Prog":169.0},{"Player":"Sergio Canales","Pos":"MF","Cmp":1035.0,"Cmp%":79.7,"1\/3":99.0,"PPA":45.0,"CrsPA":11.0,"Prog":92.0},{"Player":"Ander Capa","Pos":"DF","Cmp":1030.0,"Cmp%":70.1,"1\/3":92.0,"PPA":31.0,"CrsPA":12.0,"Prog":120.0},{"Player":"Yannick Carrasco","Pos":"MF","Cmp":252.0,"Cmp%":73.9,"1\/3":15.0,"PPA":8.0,"CrsPA":3.0,"Prog":20.0},{"Player":"Fede Cartabia","Pos":"FW","Cmp":444.0,"Cmp%":74.9,"1\/3":29.0,"PPA":21.0,"CrsPA":7.0,"Prog":44.0},{"Player":"Daniel Carvajal","Pos":"DF","Cmp":1520.0,"Cmp%":83.7,"1\/3":102.0,"PPA":51.0,"CrsPA":22.0,"Prog":140.0},{"Player":"Casemiro","Pos":"MF","Cmp":1515.0,"Cmp%":87.3,"1\/3":148.0,"PPA":16.0,"CrsPA":3.0,"Prog":121.0},{"Player":"Dani Castellano","Pos":"DF","Cmp":793.0,"Cmp%":76.8,"1\/3":56.0,"PPA":10.0,"CrsPA":6.0,"Prog":58.0},{"Player":"Javi Castellano","Pos":"MF","Cmp":931.0,"Cmp%":87.8,"1\/3":59.0,"PPA":2.0,"CrsPA":1.0,"Prog":38.0},{"Player":"Samu Castillejo","Pos":"MF","Cmp":747.0,"Cmp%":75.3,"1\/3":50.0,"PPA":30.0,"CrsPA":8.0,"Prog":78.0},{"Player":"Jonny","Pos":"DF","Cmp":1643.0,"Cmp%":81.3,"1\/3":118.0,"PPA":28.0,"CrsPA":7.0,"Prog":125.0},{"Player":"Charles","Pos":"FW","Cmp":286.0,"Cmp%":68.9,"1\/3":18.0,"PPA":7.0,"CrsPA":1.0,"Prog":19.0},{"Player":"Denis Cheryshev","Pos":"MF","Cmp":230.0,"Cmp%":66.3,"1\/3":13.0,"PPA":12.0,"CrsPA":6.0,"Prog":29.0},{"Player":"Leandro Chichizola","Pos":"GK","Cmp":635.0,"Cmp%":68.4,"1\/3":8.0,"PPA":0.0,"CrsPA":0.0,"Prog":0.0},{"Player":"Coke","Pos":"DF","Cmp":542.0,"Cmp%":72.5,"1\/3":51.0,"PPA":15.0,"CrsPA":4.0,"Prog":66.0},{"Player":"Emre Colak","Pos":"MF","Cmp":669.0,"Cmp%":77.8,"1\/3":96.0,"PPA":34.0,"CrsPA":3.0,"Prog":102.0},{"Player":"Iñigo Córdoba","Pos":"FW","Cmp":353.0,"Cmp%":65.0,"1\/3":32.0,"PPA":19.0,"CrsPA":7.0,"Prog":53.0},{"Player":"Ángel","Pos":"FW","Cmp":646.0,"Cmp%":72.0,"1\/3":38.0,"PPA":28.0,"CrsPA":3.0,"Prog":69.0},{"Player":"Joaquín","Pos":"FW","Cmp":394.0,"Cmp%":79.6,"1\/3":23.0,"PPA":17.0,"CrsPA":0.0,"Prog":53.0},{"Player":"Diego Costa","Pos":"FW","Cmp":248.0,"Cmp%":75.6,"1\/3":10.0,"PPA":13.0,"CrsPA":2.0,"Prog":21.0},{"Player":"Jaume Costa","Pos":"DF","Cmp":1220.0,"Cmp%":77.2,"1\/3":105.0,"PPA":31.0,"CrsPA":12.0,"Prog":140.0},{"Player":"Philippe Coutinho","Pos":"FW","Cmp":713.0,"Cmp%":83.1,"1\/3":62.0,"PPA":33.0,"CrsPA":2.0,"Prog":80.0},{"Player":"Iván Cuéllar","Pos":"GK","Cmp":401.0,"Cmp%":43.3,"1\/3":35.0,"PPA":0.0,"CrsPA":0.0,"Prog":0.0},{"Player":"Sergi Darder","Pos":"MF","Cmp":1186.0,"Cmp%":79.5,"1\/3":156.0,"PPA":16.0,"CrsPA":1.0,"Prog":139.0},{"Player":"Ousmane Dembélé","Pos":"FW","Cmp":392.0,"Cmp%":78.7,"1\/3":28.0,"PPA":26.0,"CrsPA":5.0,"Prog":45.0},{"Player":"Adrián","Pos":"DF","Cmp":130.0,"Cmp%":75.6,"1\/3":12.0,"PPA":4.0,"CrsPA":1.0,"Prog":13.0},{"Player":"Papakouly Diop","Pos":"MF","Cmp":64.0,"Cmp%":76.2,"1\/3":8.0,"PPA":0.0,"CrsPA":0.0,"Prog":12.0},{"Player":"Papakouly Diop","Pos":"MF","Cmp":343.0,"Cmp%":75.7,"1\/3":52.0,"PPA":6.0,"CrsPA":1.0,"Prog":40.0},{"Player":"Marko Dmitrovic","Pos":"GK","Cmp":457.0,"Cmp%":49.4,"1\/3":70.0,"PPA":1.0,"CrsPA":0.0,"Prog":1.0},{"Player":"Cheick Doukoure","Pos":"MF","Cmp":258.0,"Cmp%":81.9,"1\/3":29.0,"PPA":1.0,"CrsPA":0.0,"Prog":22.0},{"Player":"Rubén Duarte","Pos":"DF","Cmp":660.0,"Cmp%":68.5,"1\/3":41.0,"PPA":21.0,"CrsPA":8.0,"Prog":62.0},{"Player":"Riza Durmisi","Pos":"DF","Cmp":824.0,"Cmp%":78.3,"1\/3":48.0,"PPA":16.0,"CrsPA":7.0,"Prog":65.0},{"Player":"Aritz Elustondo","Pos":"DF","Cmp":862.0,"Cmp%":83.2,"1\/3":51.0,"PPA":6.0,"CrsPA":2.0,"Prog":60.0},{"Player":"Rodrigo","Pos":"DF","Cmp":726.0,"Cmp%":70.1,"1\/3":38.0,"PPA":1.0,"CrsPA":0.0,"Prog":47.0},{"Player":"Youssef En-Nesyri","Pos":"FW","Cmp":204.0,"Cmp%":59.1,"1\/3":17.0,"PPA":7.0,"CrsPA":2.0,"Prog":20.0},{"Player":"Sergi Enrich","Pos":"FW","Cmp":266.0,"Cmp%":68.4,"1\/3":21.0,"PPA":3.0,"CrsPA":0.0,"Prog":15.0},{"Player":"Eraso","Pos":"MF","Cmp":649.0,"Cmp%":72.0,"1\/3":55.0,"PPA":9.0,"CrsPA":3.0,"Prog":57.0},{"Player":"Gonzalo Escalante","Pos":"MF","Cmp":499.0,"Cmp%":72.5,"1\/3":48.0,"PPA":10.0,"CrsPA":3.0,"Prog":53.0},{"Player":"Sergio Escudero","Pos":"DF","Cmp":1224.0,"Cmp%":77.0,"1\/3":100.0,"PPA":19.0,"CrsPA":6.0,"Prog":128.0},{"Player":"Bernardo","Pos":"DF","Cmp":962.0,"Cmp%":78.8,"1\/3":40.0,"PPA":2.0,"CrsPA":0.0,"Prog":44.0},{"Player":"Beñat","Pos":"MF","Cmp":620.0,"Cmp%":78.5,"1\/3":61.0,"PPA":19.0,"CrsPA":1.0,"Prog":74.0},{"Player":"Faycal Fajr","Pos":"MF","Cmp":734.0,"Cmp%":69.2,"1\/3":72.0,"PPA":30.0,"CrsPA":16.0,"Prog":76.0},{"Player":"Zouhair Feddal","Pos":"DF","Cmp":641.0,"Cmp%":78.8,"1\/3":68.0,"PPA":1.0,"CrsPA":1.0,"Prog":45.0},{"Player":"Pablo Fornals","Pos":"MF","Cmp":1042.0,"Cmp%":77.4,"1\/3":110.0,"PPA":41.0,"CrsPA":10.0,"Prog":131.0},{"Player":"Javi Fuego","Pos":"MF","Cmp":258.0,"Cmp%":77.7,"1\/3":19.0,"PPA":1.0,"CrsPA":0.0,"Prog":27.0},{"Player":"Javi Fuego","Pos":"MF","Cmp":486.0,"Cmp%":77.8,"1\/3":48.0,"PPA":2.0,"CrsPA":0.0,"Prog":41.0},{"Player":"Gabi","Pos":"MF","Cmp":1463.0,"Cmp%":83.1,"1\/3":183.0,"PPA":20.0,"CrsPA":0.0,"Prog":169.0},{"Player":"Gabriel","Pos":"MF","Cmp":795.0,"Cmp%":67.8,"1\/3":105.0,"PPA":13.0,"CrsPA":4.0,"Prog":110.0},{"Player":"Bruno","Pos":"FW","Cmp":34.0,"Cmp%":72.3,"1\/3":2.0,"PPA":2.0,"CrsPA":0.0,"Prog":6.0},{"Player":"Kevin Gameiro","Pos":"FW","Cmp":177.0,"Cmp%":78.3,"1\/3":8.0,"PPA":6.0,"CrsPA":0.0,"Prog":11.0},{"Player":"Ezequiel Garay","Pos":"DF","Cmp":904.0,"Cmp%":83.4,"1\/3":52.0,"PPA":4.0,"CrsPA":1.0,"Prog":51.0},{"Player":"Aleix García","Pos":"MF","Cmp":434.0,"Cmp%":79.1,"1\/3":30.0,"PPA":2.0,"CrsPA":1.0,"Prog":33.0},{"Player":"Borja","Pos":"MF","Cmp":1143.0,"Cmp%":81.7,"1\/3":139.0,"PPA":36.0,"CrsPA":8.0,"Prog":131.0},{"Player":"Dani García","Pos":"MF","Cmp":1298.0,"Cmp%":80.2,"1\/3":163.0,"PPA":12.0,"CrsPA":4.0,"Prog":132.0},{"Player":"Javi García","Pos":"DF","Cmp":369.0,"Cmp%":77.7,"1\/3":22.0,"PPA":1.0,"CrsPA":1.0,"Prog":31.0},{"Player":"Javi García","Pos":"MF","Cmp":1483.0,"Cmp%":90.9,"1\/3":87.0,"PPA":3.0,"CrsPA":0.0,"Prog":82.0},{"Player":"Manu García","Pos":"MF","Cmp":724.0,"Cmp%":72.6,"1\/3":92.0,"PPA":5.0,"CrsPA":2.0,"Prog":65.0},{"Player":"Raúl García","Pos":"MF","Cmp":491.0,"Cmp%":55.9,"1\/3":79.0,"PPA":28.0,"CrsPA":8.0,"Prog":86.0},{"Player":"Raúl García","Pos":"DF","Cmp":434.0,"Cmp%":64.3,"1\/3":34.0,"PPA":8.0,"CrsPA":5.0,"Prog":33.0},{"Player":"Samu García","Pos":"MF","Cmp":30.0,"Cmp%":60.0,"1\/3":1.0,"PPA":2.0,"CrsPA":1.0,"Prog":4.0},{"Player":"Samu García","Pos":"MF","Cmp":39.0,"Cmp%":55.7,"1\/3":3.0,"PPA":1.0,"CrsPA":1.0,"Prog":2.0},{"Player":"Sergio García","Pos":"FW","Cmp":299.0,"Cmp%":68.9,"1\/3":20.0,"PPA":24.0,"CrsPA":4.0,"Prog":44.0},{"Player":"Mario","Pos":"DF","Cmp":1363.0,"Cmp%":76.8,"1\/3":85.0,"PPA":17.0,"CrsPA":10.0,"Prog":116.0},{"Player":"Charles","Pos":"FW","Cmp":186.0,"Cmp%":85.7,"1\/3":13.0,"PPA":11.0,"CrsPA":0.0,"Prog":26.0},{"Player":"Nacho","Pos":"FW","Cmp":209.0,"Cmp%":75.7,"1\/3":21.0,"PPA":3.0,"CrsPA":1.0,"Prog":16.0},{"Player":"Nacho","Pos":"MF","Cmp":70.0,"Cmp%":75.3,"1\/3":8.0,"PPA":3.0,"CrsPA":0.0,"Prog":7.0},{"Player":"Giménez","Pos":"GK","Cmp":60.0,"Cmp%":65.9,"1\/3":0.0,"PPA":0.0,"CrsPA":0.0,"Prog":0.0},{"Player":"Diego Godín","Pos":"DF","Cmp":1026.0,"Cmp%":83.8,"1\/3":47.0,"PPA":1.0,"CrsPA":0.0,"Prog":53.0},{"Player":"André Gomes","Pos":"MF","Cmp":311.0,"Cmp%":87.4,"1\/3":31.0,"PPA":1.0,"CrsPA":0.0,"Prog":21.0},{"Player":"Ibai Gómez","Pos":"MF","Cmp":616.0,"Cmp%":66.0,"1\/3":74.0,"PPA":24.0,"CrsPA":10.0,"Prog":76.0},{"Player":"Maxi Gómez","Pos":"FW","Cmp":455.0,"Cmp%":72.7,"1\/3":34.0,"PPA":13.0,"CrsPA":3.0,"Prog":34.0},{"Player":"Sergi Gómez","Pos":"DF","Cmp":1410.0,"Cmp%":86.6,"1\/3":79.0,"PPA":4.0,"CrsPA":1.0,"Prog":90.0},{"Player":"Vicente Gómez","Pos":"MF","Cmp":765.0,"Cmp%":85.9,"1\/3":44.0,"PPA":4.0,"CrsPA":1.0,"Prog":40.0},{"Player":"Adrián","Pos":"MF","Cmp":863.0,"Cmp%":78.7,"1\/3":94.0,"PPA":10.0,"CrsPA":2.0,"Prog":81.0},{"Player":"Álvaro González","Pos":"DF","Cmp":1180.0,"Cmp%":81.7,"1\/3":82.0,"PPA":5.0,"CrsPA":2.0,"Prog":78.0},{"Player":"Bruno","Pos":"DF","Cmp":249.0,"Cmp%":65.4,"1\/3":7.0,"PPA":1.0,"CrsPA":1.0,"Prog":14.0},{"Player":"Diego González","Pos":"DF","Cmp":410.0,"Cmp%":71.6,"1\/3":24.0,"PPA":5.0,"CrsPA":2.0,"Prog":28.0},{"Player":"Mario","Pos":"FW","Cmp":4.0,"Cmp%":57.1,"1\/3":0.0,"PPA":1.0,"CrsPA":0.0,"Prog":1.0},{"Player":"Álex Granell","Pos":"MF","Cmp":1379.0,"Cmp%":74.5,"1\/3":186.0,"PPA":30.0,"CrsPA":8.0,"Prog":184.0},{"Player":"Esteban Granero","Pos":"MF","Cmp":613.0,"Cmp%":80.7,"1\/3":60.0,"PPA":13.0,"CrsPA":6.0,"Prog":55.0},{"Player":"Antoine Griezmann","Pos":"FW","Cmp":815.0,"Cmp%":76.3,"1\/3":71.0,"PPA":39.0,"CrsPA":1.0,"Prog":104.0},{"Player":"Vicente Guaita","Pos":"GK","Cmp":347.0,"Cmp%":41.8,"1\/3":36.0,"PPA":1.0,"CrsPA":0.0,"Prog":0.0},{"Player":"Andrés Guardado","Pos":"MF","Cmp":1269.0,"Cmp%":82.8,"1\/3":131.0,"PPA":30.0,"CrsPA":9.0,"Prog":122.0},{"Player":"Gonçalo Guedes","Pos":"MF","Cmp":749.0,"Cmp%":76.5,"1\/3":63.0,"PPA":72.0,"CrsPA":11.0,"Prog":130.0},{"Player":"Guerrero","Pos":"DF","Cmp":453.0,"Cmp%":75.9,"1\/3":21.0,"PPA":11.0,"CrsPA":4.0,"Prog":31.0},{"Player":"John Guidetti","Pos":"FW","Cmp":28.0,"Cmp%":73.7,"1\/3":4.0,"PPA":1.0,"CrsPA":0.0,"Prog":3.0},{"Player":"John Guidetti","Pos":"FW","Cmp":227.0,"Cmp%":65.8,"1\/3":25.0,"PPA":7.0,"CrsPA":1.0,"Prog":28.0},{"Player":"Guilherme","Pos":"MF","Cmp":1196.0,"Cmp%":83.4,"1\/3":103.0,"PPA":8.0,"CrsPA":2.0,"Prog":112.0},{"Player":"Gerard Gumbau","Pos":"MF","Cmp":417.0,"Cmp%":77.5,"1\/3":59.0,"PPA":2.0,"CrsPA":0.0,"Prog":48.0},{"Player":"Munir","Pos":"FW","Cmp":463.0,"Cmp%":65.8,"1\/3":25.0,"PPA":27.0,"CrsPA":10.0,"Prog":46.0},{"Player":"Alen Halilovic","Pos":"FW","Cmp":373.0,"Cmp%":72.6,"1\/3":32.0,"PPA":21.0,"CrsPA":10.0,"Prog":35.0},{"Player":"Mario","Pos":"DF","Cmp":711.0,"Cmp%":72.4,"1\/3":51.0,"PPA":3.0,"CrsPA":0.0,"Prog":50.0},{"Player":"Hernán Toledo","Pos":"MF","Cmp":208.0,"Cmp%":90.0,"1\/3":16.0,"PPA":0.0,"CrsPA":0.0,"Prog":12.0},{"Player":"Lucas Hernández","Pos":"DF","Cmp":867.0,"Cmp%":79.0,"1\/3":45.0,"PPA":7.0,"CrsPA":3.0,"Prog":49.0},{"Player":"Luis Hernández","Pos":"DF","Cmp":1121.0,"Cmp%":76.6,"1\/3":103.0,"PPA":9.0,"CrsPA":2.0,"Prog":93.0},{"Player":"Pablo Hernández","Pos":"MF","Cmp":1027.0,"Cmp%":83.3,"1\/3":120.0,"PPA":13.0,"CrsPA":2.0,"Prog":123.0},{"Player":"Borja","Pos":"DF","Cmp":157.0,"Cmp%":84.9,"1\/3":11.0,"PPA":2.0,"CrsPA":1.0,"Prog":14.0},{"Player":"Asier Illarramendi","Pos":"MF","Cmp":2157.0,"Cmp%":86.9,"1\/3":272.0,"PPA":37.0,"CrsPA":5.0,"Prog":275.0},{"Player":"Andrés Iniesta","Pos":"MF","Cmp":1325.0,"Cmp%":86.4,"1\/3":170.0,"PPA":62.0,"CrsPA":6.0,"Prog":155.0},{"Player":"Takashi Inui","Pos":"MF","Cmp":726.0,"Cmp%":76.2,"1\/3":45.0,"PPA":21.0,"CrsPA":8.0,"Prog":52.0},{"Player":"Isco","Pos":"MF","Cmp":1355.0,"Cmp%":85.0,"1\/3":148.0,"PPA":64.0,"CrsPA":12.0,"Prog":147.0},{"Player":"Manuel Iturra","Pos":"MF","Cmp":476.0,"Cmp%":78.0,"1\/3":53.0,"PPA":7.0,"CrsPA":2.0,"Prog":42.0},{"Player":"Iturraspe","Pos":"MF","Cmp":974.0,"Cmp%":79.8,"1\/3":101.0,"PPA":13.0,"CrsPA":3.0,"Prog":97.0},{"Player":"Ivi","Pos":"MF","Cmp":445.0,"Cmp%":65.8,"1\/3":40.0,"PPA":34.0,"CrsPA":9.0,"Prog":66.0},{"Player":"Adnan Januzaj","Pos":"FW","Cmp":419.0,"Cmp%":74.8,"1\/3":39.0,"PPA":28.0,"CrsPA":10.0,"Prog":54.0},{"Player":"Jason","Pos":"MF","Cmp":375.0,"Cmp%":66.5,"1\/3":12.0,"PPA":28.0,"CrsPA":15.0,"Prog":35.0},{"Player":"Giménez","Pos":"MF","Cmp":88.0,"Cmp%":57.9,"1\/3":7.0,"PPA":4.0,"CrsPA":2.0,"Prog":15.0},{"Player":"Joaquín","Pos":"FW","Cmp":1085.0,"Cmp%":82.7,"1\/3":71.0,"PPA":37.0,"CrsPA":7.0,"Prog":99.0},{"Player":"Jonny","Pos":"MF","Cmp":52.0,"Cmp%":47.7,"1\/3":5.0,"PPA":7.0,"CrsPA":2.0,"Prog":7.0},{"Player":"Joan Jordán","Pos":"MF","Cmp":997.0,"Cmp%":78.6,"1\/3":98.0,"PPA":22.0,"CrsPA":5.0,"Prog":98.0},{"Player":"Willian José","Pos":"FW","Cmp":639.0,"Cmp%":73.9,"1\/3":44.0,"PPA":19.0,"CrsPA":1.0,"Prog":51.0},{"Player":"Jozabed","Pos":"MF","Cmp":764.0,"Cmp%":86.4,"1\/3":85.0,"PPA":18.0,"CrsPA":1.0,"Prog":84.0},{"Player":"Juanfran","Pos":"DF","Cmp":507.0,"Cmp%":79.0,"1\/3":28.0,"PPA":14.0,"CrsPA":7.0,"Prog":58.0},{"Player":"Juanfran","Pos":"DF","Cmp":1273.0,"Cmp%":70.6,"1\/3":124.0,"PPA":45.0,"CrsPA":27.0,"Prog":140.0},{"Player":"Juanmi","Pos":"FW","Cmp":282.0,"Cmp%":80.3,"1\/3":17.0,"PPA":6.0,"CrsPA":2.0,"Prog":11.0},{"Player":"Juanpe","Pos":"DF","Cmp":1021.0,"Cmp%":74.4,"1\/3":94.0,"PPA":6.0,"CrsPA":2.0,"Prog":89.0},{"Player":"Juanpi","Pos":"MF","Cmp":174.0,"Cmp%":78.4,"1\/3":12.0,"PPA":5.0,"CrsPA":2.0,"Prog":12.0},{"Player":"David Juncà","Pos":"DF","Cmp":441.0,"Cmp%":69.7,"1\/3":53.0,"PPA":22.0,"CrsPA":11.0,"Prog":60.0},{"Player":"Keko","Pos":"MF","Cmp":286.0,"Cmp%":70.6,"1\/3":17.0,"PPA":12.0,"CrsPA":8.0,"Prog":31.0},{"Player":"Simon Kjaer","Pos":"DF","Cmp":654.0,"Cmp%":82.6,"1\/3":38.0,"PPA":2.0,"CrsPA":0.0,"Prog":33.0},{"Player":"Koke","Pos":"MF","Cmp":1659.0,"Cmp%":79.8,"1\/3":188.0,"PPA":37.0,"CrsPA":2.0,"Prog":177.0},{"Player":"Geoffrey Kondogbia","Pos":"MF","Cmp":1333.0,"Cmp%":86.1,"1\/3":147.0,"PPA":15.0,"CrsPA":0.0,"Prog":148.0},{"Player":"Mateo Kovacic","Pos":"MF","Cmp":715.0,"Cmp%":92.4,"1\/3":63.0,"PPA":9.0,"CrsPA":0.0,"Prog":64.0},{"Player":"Michael Krohn-Dehli","Pos":"MF","Cmp":297.0,"Cmp%":82.5,"1\/3":27.0,"PPA":6.0,"CrsPA":1.0,"Prog":27.0},{"Player":"Michael Krohn-Dehli","Pos":"MF","Cmp":306.0,"Cmp%":81.4,"1\/3":23.0,"PPA":12.0,"CrsPA":0.0,"Prog":32.0},{"Player":"Toni Kroos","Pos":"MF","Cmp":1919.0,"Cmp%":88.8,"1\/3":275.0,"PPA":36.0,"CrsPA":6.0,"Prog":223.0},{"Player":"Alberto De la Bella","Pos":"DF","Cmp":812.0,"Cmp%":78.5,"1\/3":51.0,"PPA":27.0,"CrsPA":20.0,"Prog":60.0},{"Player":"Mehdi Lacen","Pos":"MF","Cmp":20.0,"Cmp%":74.1,"1\/3":4.0,"PPA":0.0,"CrsPA":0.0,"Prog":2.0},{"Player":"Mehdi Lacen","Pos":"MF","Cmp":406.0,"Cmp%":84.1,"1\/3":36.0,"PPA":2.0,"CrsPA":1.0,"Prog":39.0},{"Player":"Víctor Laguardia","Pos":"DF","Cmp":388.0,"Cmp%":67.1,"1\/3":41.0,"PPA":6.0,"CrsPA":0.0,"Prog":41.0},{"Player":"Aymeric Laporte","Pos":"DF","Cmp":809.0,"Cmp%":81.6,"1\/3":85.0,"PPA":8.0,"CrsPA":2.0,"Prog":76.0},{"Player":"Borja","Pos":"MF","Cmp":25.0,"Cmp%":71.4,"1\/3":3.0,"PPA":1.0,"CrsPA":0.0,"Prog":3.0},{"Player":"Toni Lato","Pos":"DF","Cmp":311.0,"Cmp%":78.7,"1\/3":24.0,"PPA":3.0,"CrsPA":1.0,"Prog":32.0},{"Player":"Miguel Layún","Pos":"DF","Cmp":483.0,"Cmp%":74.2,"1\/3":36.0,"PPA":14.0,"CrsPA":6.0,"Prog":47.0},{"Player":"Íñigo Lekue","Pos":"DF","Cmp":862.0,"Cmp%":74.5,"1\/3":62.0,"PPA":38.0,"CrsPA":13.0,"Prog":100.0},{"Player":"Mauricio Lemos","Pos":"DF","Cmp":717.0,"Cmp%":88.2,"1\/3":38.0,"PPA":2.0,"CrsPA":0.0,"Prog":40.0},{"Player":"Clement Lenglet","Pos":"DF","Cmp":1385.0,"Cmp%":82.5,"1\/3":82.0,"PPA":5.0,"CrsPA":0.0,"Prog":82.0},{"Player":"Sergio León","Pos":"FW","Cmp":256.0,"Cmp%":67.4,"1\/3":17.0,"PPA":6.0,"CrsPA":2.0,"Prog":19.0},{"Player":"Jefferson Lerma","Pos":"MF","Cmp":891.0,"Cmp%":81.1,"1\/3":92.0,"PPA":8.0,"CrsPA":0.0,"Prog":92.0},{"Player":"Diego Llorente","Pos":"DF","Cmp":1329.0,"Cmp%":87.2,"1\/3":115.0,"PPA":5.0,"CrsPA":0.0,"Prog":88.0},{"Player":"Stanislav Lobotka","Pos":"MF","Cmp":1858.0,"Cmp%":90.0,"1\/3":169.0,"PPA":10.0,"CrsPA":0.0,"Prog":153.0},{"Player":"Adrián","Pos":"FW","Cmp":620.0,"Cmp%":67.3,"1\/3":48.0,"PPA":29.0,"CrsPA":4.0,"Prog":92.0},{"Player":"David López","Pos":"DF","Cmp":1539.0,"Cmp%":80.3,"1\/3":108.0,"PPA":6.0,"CrsPA":1.0,"Prog":101.0},{"Player":"David López","Pos":"DF","Cmp":435.0,"Cmp%":72.4,"1\/3":28.0,"PPA":7.0,"CrsPA":3.0,"Prog":35.0},{"Player":"Pau López","Pos":"GK","Cmp":342.0,"Cmp%":54.5,"1\/3":9.0,"PPA":0.0,"CrsPA":0.0,"Prog":0.0},{"Player":"Pedro López","Pos":"GK","Cmp":113.0,"Cmp%":79.0,"1\/3":0.0,"PPA":0.0,"CrsPA":0.0,"Prog":0.0},{"Player":"Filipe Luis","Pos":"DF","Cmp":904.0,"Cmp%":79.9,"1\/3":62.0,"PPA":19.0,"CrsPA":7.0,"Prog":90.0},{"Player":"Luisinho","Pos":"DF","Cmp":1141.0,"Cmp%":75.2,"1\/3":86.0,"PPA":23.0,"CrsPA":16.0,"Prog":88.0},{"Player":"Douglas Luiz","Pos":"MF","Cmp":110.0,"Cmp%":76.9,"1\/3":13.0,"PPA":2.0,"CrsPA":1.0,"Prog":11.0},{"Player":"Antonio Luna","Pos":"DF","Cmp":656.0,"Cmp%":68.1,"1\/3":51.0,"PPA":26.0,"CrsPA":10.0,"Prog":76.0},{"Player":"Pablo Maffeo","Pos":"MF","Cmp":838.0,"Cmp%":68.9,"1\/3":59.0,"PPA":38.0,"CrsPA":21.0,"Prog":81.0},{"Player":"Nemanja Maksimovic","Pos":"MF","Cmp":217.0,"Cmp%":82.8,"1\/3":15.0,"PPA":6.0,"CrsPA":1.0,"Prog":20.0},{"Player":"Hugo Mallo","Pos":"DF","Cmp":1575.0,"Cmp%":73.2,"1\/3":109.0,"PPA":44.0,"CrsPA":20.0,"Prog":171.0},{"Player":"Aissa Mandi","Pos":"DF","Cmp":1931.0,"Cmp%":90.7,"1\/3":163.0,"PPA":1.0,"CrsPA":0.0,"Prog":122.0},{"Player":"Marcelo","Pos":"DF","Cmp":1496.0,"Cmp%":79.5,"1\/3":150.0,"PPA":72.0,"CrsPA":23.0,"Prog":207.0},{"Player":"Adrián","Pos":"DF","Cmp":83.0,"Cmp%":80.6,"1\/3":7.0,"PPA":2.0,"CrsPA":0.0,"Prog":8.0},{"Player":"Guillermo Maripán","Pos":"DF","Cmp":344.0,"Cmp%":73.2,"1\/3":18.0,"PPA":0.0,"CrsPA":0.0,"Prog":26.0},{"Player":"Roger","Pos":"FW","Cmp":133.0,"Cmp%":65.5,"1\/3":11.0,"PPA":9.0,"CrsPA":2.0,"Prog":20.0},{"Player":"Aarón Martín","Pos":"DF","Cmp":1010.0,"Cmp%":73.8,"1\/3":68.0,"PPA":30.0,"CrsPA":20.0,"Prog":84.0},{"Player":"Iñigo Martínez","Pos":"DF","Cmp":592.0,"Cmp%":76.4,"1\/3":72.0,"PPA":8.0,"CrsPA":5.0,"Prog":63.0},{"Player":"Iñigo Martínez","Pos":"DF","Cmp":599.0,"Cmp%":75.5,"1\/3":83.0,"PPA":7.0,"CrsPA":0.0,"Prog":56.0},{"Player":"Roger","Pos":"FW","Cmp":44.0,"Cmp%":72.1,"1\/3":3.0,"PPA":1.0,"CrsPA":0.0,"Prog":3.0},{"Player":"Borja","Pos":"FW","Cmp":94.0,"Cmp%":83.2,"1\/3":4.0,"PPA":2.0,"CrsPA":0.0,"Prog":4.0},{"Player":"Álvaro Medrán","Pos":"MF","Cmp":356.0,"Cmp%":76.1,"1\/3":33.0,"PPA":5.0,"CrsPA":1.0,"Prog":42.0},{"Player":"Álvaro Medrán","Pos":"MF","Cmp":46.0,"Cmp%":95.8,"1\/3":11.0,"PPA":0.0,"CrsPA":0.0,"Prog":9.0},{"Player":"Óscar Melendo","Pos":"MF","Cmp":217.0,"Cmp%":83.1,"1\/3":18.0,"PPA":3.0,"CrsPA":2.0,"Prog":16.0},{"Player":"Brais Méndez","Pos":"MF","Cmp":349.0,"Cmp%":74.7,"1\/3":28.0,"PPA":12.0,"CrsPA":3.0,"Prog":40.0},{"Player":"Gabriel","Pos":"DF","Cmp":852.0,"Cmp%":79.4,"1\/3":53.0,"PPA":9.0,"CrsPA":4.0,"Prog":56.0},{"Player":"Lionel Messi","Pos":"FW","Cmp":1532.0,"Cmp%":78.7,"1\/3":198.0,"PPA":135.0,"CrsPA":4.0,"Prog":306.0},{"Player":"Santi Mina","Pos":"FW","Cmp":361.0,"Cmp%":76.8,"1\/3":27.0,"PPA":7.0,"CrsPA":1.0,"Prog":26.0},{"Player":"Ignasi Miquel","Pos":"DF","Cmp":505.0,"Cmp%":68.7,"1\/3":25.0,"PPA":0.0,"CrsPA":0.0,"Prog":33.0},{"Player":"Luka Modric","Pos":"MF","Cmp":1370.0,"Cmp%":88.5,"1\/3":179.0,"PPA":49.0,"CrsPA":3.0,"Prog":168.0},{"Player":"Johan Mojica","Pos":"MF","Cmp":798.0,"Cmp%":71.8,"1\/3":36.0,"PPA":37.0,"CrsPA":30.0,"Prog":64.0},{"Player":"Jorge Molina","Pos":"FW","Cmp":516.0,"Cmp%":59.9,"1\/3":49.0,"PPA":30.0,"CrsPA":4.0,"Prog":63.0},{"Player":"Martín Montoya","Pos":"DF","Cmp":926.0,"Cmp%":76.6,"1\/3":71.0,"PPA":21.0,"CrsPA":7.0,"Prog":94.0},{"Player":"Emre Mor","Pos":"FW","Cmp":195.0,"Cmp%":66.8,"1\/3":10.0,"PPA":12.0,"CrsPA":8.0,"Prog":15.0},{"Player":"Sergio Mora","Pos":"MF","Cmp":289.0,"Cmp%":73.9,"1\/3":26.0,"PPA":4.0,"CrsPA":1.0,"Prog":37.0},{"Player":"Gerard Moreno","Pos":"FW","Cmp":825.0,"Cmp%":67.6,"1\/3":89.0,"PPA":31.0,"CrsPA":8.0,"Prog":94.0},{"Player":"Loren Morón","Pos":"FW","Cmp":138.0,"Cmp%":69.7,"1\/3":5.0,"PPA":7.0,"CrsPA":0.0,"Prog":14.0},{"Player":"Pedro Mosquera","Pos":"MF","Cmp":556.0,"Cmp%":78.5,"1\/3":73.0,"PPA":9.0,"CrsPA":1.0,"Prog":75.0},{"Player":"Ezequiel Muñoz","Pos":"DF","Cmp":385.0,"Cmp%":74.2,"1\/3":9.0,"PPA":0.0,"CrsPA":0.0,"Prog":8.0},{"Player":"Luis Muriel","Pos":"FW","Cmp":317.0,"Cmp%":72.2,"1\/3":29.0,"PPA":16.0,"CrsPA":4.0,"Prog":31.0},{"Player":"Jeison Murillo","Pos":"DF","Cmp":667.0,"Cmp%":87.8,"1\/3":25.0,"PPA":0.0,"CrsPA":0.0,"Prog":26.0},{"Player":"Nacho","Pos":"DF","Cmp":1037.0,"Cmp%":88.5,"1\/3":44.0,"PPA":5.0,"CrsPA":4.0,"Prog":61.0},{"Player":"Naranjo","Pos":"FW","Cmp":34.0,"Cmp%":60.7,"1\/3":1.0,"PPA":1.0,"CrsPA":0.0,"Prog":3.0},{"Player":"Naranjo","Pos":"FW","Cmp":109.0,"Cmp%":71.2,"1\/3":11.0,"PPA":1.0,"CrsPA":0.0,"Prog":10.0},{"Player":"Fernando Navarro","Pos":"DF","Cmp":398.0,"Cmp%":77.3,"1\/3":43.0,"PPA":6.0,"CrsPA":3.0,"Prog":47.0},{"Player":"Marc Navarro","Pos":"DF","Cmp":401.0,"Cmp%":70.0,"1\/3":23.0,"PPA":12.0,"CrsPA":8.0,"Prog":31.0},{"Player":"Ximo Navarro","Pos":"DF","Cmp":1099.0,"Cmp%":81.9,"1\/3":62.0,"PPA":4.0,"CrsPA":0.0,"Prog":67.0},{"Player":"Jesús Navas","Pos":"FW","Cmp":673.0,"Cmp%":70.5,"1\/3":41.0,"PPA":47.0,"CrsPA":16.0,"Prog":92.0},{"Player":"Keylor Navas","Pos":"GK","Cmp":392.0,"Cmp%":78.9,"1\/3":3.0,"PPA":0.0,"CrsPA":0.0,"Prog":0.0},{"Player":"Raúl Navas","Pos":"DF","Cmp":1029.0,"Cmp%":86.0,"1\/3":51.0,"PPA":1.0,"CrsPA":0.0,"Prog":51.0},{"Player":"Neto","Pos":"GK","Cmp":334.0,"Cmp%":56.5,"1\/3":5.0,"PPA":0.0,"CrsPA":0.0,"Prog":0.0},{"Player":"Saúl Ñíguez","Pos":"MF","Cmp":1413.0,"Cmp%":80.9,"1\/3":151.0,"PPA":22.0,"CrsPA":2.0,"Prog":165.0},{"Player":"Nolito","Pos":"FW","Cmp":462.0,"Cmp%":70.6,"1\/3":34.0,"PPA":38.0,"CrsPA":4.0,"Prog":87.0},{"Player":"Unai Núñez","Pos":"DF","Cmp":1208.0,"Cmp%":80.5,"1\/3":109.0,"PPA":1.0,"CrsPA":0.0,"Prog":109.0},{"Player":"Jan Oblak","Pos":"GK","Cmp":368.0,"Cmp%":54.3,"1\/3":6.0,"PPA":0.0,"CrsPA":0.0,"Prog":0.0},{"Player":"Álvaro Odriozola","Pos":"DF","Cmp":1412.0,"Cmp%":81.0,"1\/3":64.0,"PPA":48.0,"CrsPA":28.0,"Prog":96.0},{"Player":"Oier","Pos":"GK","Cmp":272.0,"Cmp%":50.4,"1\/3":18.0,"PPA":0.0,"CrsPA":0.0,"Prog":0.0},{"Player":"Paulo Oliveira","Pos":"DF","Cmp":681.0,"Cmp%":70.9,"1\/3":73.0,"PPA":3.0,"CrsPA":1.0,"Prog":72.0},{"Player":"Fabián Orellana","Pos":"MF","Cmp":367.0,"Cmp%":70.0,"1\/3":23.0,"PPA":19.0,"CrsPA":8.0,"Prog":33.0},{"Player":"Mikel Oyarzabal","Pos":"FW","Cmp":735.0,"Cmp%":75.1,"1\/3":42.0,"PPA":26.0,"CrsPA":9.0,"Prog":54.0},{"Player":"Daniel Parejo","Pos":"FW","Cmp":62.0,"Cmp%":61.4,"1\/3":4.0,"PPA":6.0,"CrsPA":1.0,"Prog":10.0},{"Player":"Fernando Pacheco","Pos":"GK","Cmp":414.0,"Cmp%":54.5,"1\/3":20.0,"PPA":0.0,"CrsPA":0.0,"Prog":0.0},{"Player":"Daniel Parejo","Pos":"MF","Cmp":2003.0,"Cmp%":81.8,"1\/3":285.0,"PPA":35.0,"CrsPA":2.0,"Prog":300.0},{"Player":"Thomas Partey","Pos":"MF","Cmp":1190.0,"Cmp%":82.2,"1\/3":124.0,"PPA":19.0,"CrsPA":2.0,"Prog":116.0},{"Player":"Paulinho","Pos":"MF","Cmp":1059.0,"Cmp%":87.2,"1\/3":87.0,"PPA":12.0,"CrsPA":0.0,"Prog":64.0},{"Player":"Gabriel","Pos":"DF","Cmp":1160.0,"Cmp%":85.0,"1\/3":55.0,"PPA":0.0,"CrsPA":0.0,"Prog":53.0},{"Player":"Alfonso","Pos":"MF","Cmp":460.0,"Cmp%":62.7,"1\/3":40.0,"PPA":21.0,"CrsPA":16.0,"Prog":54.0},{"Player":"Rubén Peña","Pos":"DF","Cmp":634.0,"Cmp%":68.8,"1\/3":72.0,"PPA":22.0,"CrsPA":12.0,"Prog":77.0},{"Player":"Gabriel","Pos":"MF","Cmp":310.0,"Cmp%":85.9,"1\/3":15.0,"PPA":3.0,"CrsPA":0.0,"Prog":18.0},{"Player":"Andreas Pereira","Pos":"MF","Cmp":272.0,"Cmp%":64.8,"1\/3":35.0,"PPA":23.0,"CrsPA":13.0,"Prog":44.0},{"Player":"Lucas Pérez","Pos":"FW","Cmp":659.0,"Cmp%":67.5,"1\/3":51.0,"PPA":41.0,"CrsPA":11.0,"Prog":80.0},{"Player":"Rubén Pérez","Pos":"MF","Cmp":1097.0,"Cmp%":75.1,"1\/3":141.0,"PPA":10.0,"CrsPA":1.0,"Prog":141.0},{"Player":"Pablo Piatti","Pos":"MF","Cmp":430.0,"Cmp%":63.6,"1\/3":38.0,"PPA":30.0,"CrsPA":22.0,"Prog":46.0},{"Player":"Gerard Piqué","Pos":"DF","Cmp":1606.0,"Cmp%":88.7,"1\/3":123.0,"PPA":4.0,"CrsPA":0.0,"Prog":90.0},{"Player":"Guido Pizarro","Pos":"MF","Cmp":1043.0,"Cmp%":85.0,"1\/3":88.0,"PPA":3.0,"CrsPA":0.0,"Prog":84.0},{"Player":"Charles","Pos":"DF","Cmp":81.0,"Cmp%":73.6,"1\/3":5.0,"PPA":3.0,"CrsPA":2.0,"Prog":7.0},{"Player":"Pere Pons","Pos":"MF","Cmp":785.0,"Cmp%":79.5,"1\/3":88.0,"PPA":9.0,"CrsPA":1.0,"Prog":84.0},{"Player":"Francisco Portillo","Pos":"MF","Cmp":731.0,"Cmp%":73.2,"1\/3":95.0,"PPA":55.0,"CrsPA":1.0,"Prog":128.0},{"Player":"Portu","Pos":"FW","Cmp":483.0,"Cmp%":71.1,"1\/3":42.0,"PPA":36.0,"CrsPA":15.0,"Prog":52.0},{"Player":"Sergio Postigo","Pos":"DF","Cmp":741.0,"Cmp%":78.7,"1\/3":75.0,"PPA":4.0,"CrsPA":0.0,"Prog":66.0},{"Player":"Xabi Prieto","Pos":"MF","Cmp":824.0,"Cmp%":80.3,"1\/3":79.0,"PPA":26.0,"CrsPA":7.0,"Prog":80.0},{"Player":"Raba","Pos":"MF","Cmp":376.0,"Cmp%":73.3,"1\/3":22.0,"PPA":10.0,"CrsPA":3.0,"Prog":33.0},{"Player":"Nemanja Radoja","Pos":"MF","Cmp":522.0,"Cmp%":85.3,"1\/3":55.0,"PPA":5.0,"CrsPA":1.0,"Prog":45.0},{"Player":"Ivan Rakitic","Pos":"MF","Cmp":2249.0,"Cmp%":88.8,"1\/3":244.0,"PPA":38.0,"CrsPA":3.0,"Prog":201.0},{"Player":"Jonás Ramalho","Pos":"DF","Cmp":671.0,"Cmp%":73.3,"1\/3":64.0,"PPA":5.0,"CrsPA":0.0,"Prog":57.0},{"Player":"Iván Ramis","Pos":"DF","Cmp":567.0,"Cmp%":80.4,"1\/3":54.0,"PPA":0.0,"CrsPA":0.0,"Prog":47.0},{"Player":"Omar Ramos","Pos":"FW","Cmp":356.0,"Cmp%":70.4,"1\/3":29.0,"PPA":19.0,"CrsPA":8.0,"Prog":40.0},{"Player":"Sergio Ramos","Pos":"DF","Cmp":1669.0,"Cmp%":89.0,"1\/3":176.0,"PPA":9.0,"CrsPA":3.0,"Prog":91.0},{"Player":"Recio","Pos":"MF","Cmp":780.0,"Cmp%":77.8,"1\/3":86.0,"PPA":9.0,"CrsPA":2.0,"Prog":68.0},{"Player":"Loïc Remy","Pos":"FW","Cmp":192.0,"Cmp%":75.9,"1\/3":6.0,"PPA":4.0,"CrsPA":1.0,"Prog":19.0},{"Player":"Loïc Remy","Pos":"FW","Cmp":87.0,"Cmp%":69.6,"1\/3":3.0,"PPA":2.0,"CrsPA":1.0,"Prog":4.0},{"Player":"Diego Rico","Pos":"DF","Cmp":867.0,"Cmp%":66.9,"1\/3":87.0,"PPA":30.0,"CrsPA":11.0,"Prog":131.0},{"Player":"Mikel Rico","Pos":"MF","Cmp":453.0,"Cmp%":80.7,"1\/3":42.0,"PPA":5.0,"CrsPA":1.0,"Prog":37.0},{"Player":"Sergio Rico","Pos":"GK","Cmp":338.0,"Cmp%":66.0,"1\/3":3.0,"PPA":0.0,"CrsPA":0.0,"Prog":0.0},{"Player":"Roger","Pos":"DF","Cmp":555.0,"Cmp%":81.1,"1\/3":40.0,"PPA":1.0,"CrsPA":0.0,"Prog":37.0},{"Player":"Rober","Pos":"GK","Cmp":419.0,"Cmp%":52.6,"1\/3":19.0,"PPA":0.0,"CrsPA":0.0,"Prog":0.0},{"Player":"Sergi Roberto","Pos":"DF","Cmp":1564.0,"Cmp%":89.4,"1\/3":102.0,"PPA":34.0,"CrsPA":6.0,"Prog":130.0},{"Player":"Rodri","Pos":"MF","Cmp":2196.0,"Cmp%":89.2,"1\/3":185.0,"PPA":10.0,"CrsPA":0.0,"Prog":171.0},{"Player":"Rodrigo","Pos":"FW","Cmp":673.0,"Cmp%":73.0,"1\/3":71.0,"PPA":31.0,"CrsPA":3.0,"Prog":78.0},{"Player":"Kévin Rodrigues","Pos":"DF","Cmp":695.0,"Cmp%":76.5,"1\/3":62.0,"PPA":15.0,"CrsPA":9.0,"Prog":78.0},{"Player":"Ángel","Pos":"FW","Cmp":262.0,"Cmp%":65.3,"1\/3":15.0,"PPA":16.0,"CrsPA":4.0,"Prog":28.0},{"Player":"Diego Rolan","Pos":"FW","Cmp":464.0,"Cmp%":76.6,"1\/3":31.0,"PPA":20.0,"CrsPA":2.0,"Prog":47.0},{"Player":"Cristiano Ronaldo","Pos":"FW","Cmp":616.0,"Cmp%":79.7,"1\/3":33.0,"PPA":28.0,"CrsPA":6.0,"Prog":56.0},{"Player":"Facundo Roncaglia","Pos":"DF","Cmp":940.0,"Cmp%":86.2,"1\/3":51.0,"PPA":1.0,"CrsPA":0.0,"Prog":58.0},{"Player":"Roberto Rosales","Pos":"DF","Cmp":1305.0,"Cmp%":68.9,"1\/3":117.0,"PPA":34.0,"CrsPA":21.0,"Prog":147.0},{"Player":"Fabián","Pos":"MF","Cmp":1806.0,"Cmp%":85.2,"1\/3":179.0,"PPA":30.0,"CrsPA":0.0,"Prog":156.0},{"Player":"Víctor Ruiz","Pos":"DF","Cmp":1217.0,"Cmp%":83.4,"1\/3":63.0,"PPA":4.0,"CrsPA":1.0,"Prog":50.0},{"Player":"Antonio Rukavina","Pos":"DF","Cmp":473.0,"Cmp%":76.7,"1\/3":27.0,"PPA":11.0,"CrsPA":6.0,"Prog":43.0},{"Player":"Gerónimo Rulli","Pos":"GK","Cmp":694.0,"Cmp%":75.8,"1\/3":4.0,"PPA":0.0,"CrsPA":0.0,"Prog":0.0},{"Player":"Saborit","Pos":"DF","Cmp":510.0,"Cmp%":73.0,"1\/3":38.0,"PPA":10.0,"CrsPA":4.0,"Prog":43.0},{"Player":"Antonio Sanabria","Pos":"FW","Cmp":122.0,"Cmp%":77.2,"1\/3":6.0,"PPA":0.0,"CrsPA":0.0,"Prog":7.0},{"Player":"Víctor Sánchez","Pos":"DF","Cmp":962.0,"Cmp%":69.3,"1\/3":89.0,"PPA":14.0,"CrsPA":4.0,"Prog":106.0},{"Player":"Nicola Sansone","Pos":"FW","Cmp":167.0,"Cmp%":72.0,"1\/3":11.0,"PPA":6.0,"CrsPA":1.0,"Prog":21.0},{"Player":"Pablo Sarabia","Pos":"FW","Cmp":840.0,"Cmp%":72.7,"1\/3":53.0,"PPA":52.0,"CrsPA":13.0,"Prog":125.0},{"Player":"Stefan Savic","Pos":"DF","Cmp":812.0,"Cmp%":79.1,"1\/3":58.0,"PPA":4.0,"CrsPA":0.0,"Prog":56.0},{"Player":"Fabian Schär","Pos":"DF","Cmp":740.0,"Cmp%":77.2,"1\/3":54.0,"PPA":6.0,"CrsPA":0.0,"Prog":53.0},{"Player":"Nélson Semedo","Pos":"DF","Cmp":936.0,"Cmp%":86.5,"1\/3":49.0,"PPA":13.0,"CrsPA":1.0,"Prog":55.0},{"Player":"Gaku Shibasaki","Pos":"MF","Cmp":260.0,"Cmp%":71.8,"1\/3":24.0,"PPA":5.0,"CrsPA":2.0,"Prog":30.0},{"Player":"Sidnei","Pos":"DF","Cmp":626.0,"Cmp%":80.1,"1\/3":31.0,"PPA":4.0,"CrsPA":1.0,"Prog":38.0},{"Player":"Dimitrios Siovas","Pos":"DF","Cmp":563.0,"Cmp%":72.8,"1\/3":29.0,"PPA":1.0,"CrsPA":0.0,"Prog":36.0},{"Player":"Pione Sisto","Pos":"FW","Cmp":876.0,"Cmp%":80.3,"1\/3":65.0,"PPA":51.0,"CrsPA":14.0,"Prog":103.0},{"Player":"Rubén Sobrino","Pos":"FW","Cmp":300.0,"Cmp%":71.8,"1\/3":18.0,"PPA":9.0,"CrsPA":4.0,"Prog":22.0},{"Player":"Carlos Soler","Pos":"MF","Cmp":799.0,"Cmp%":80.5,"1\/3":79.0,"PPA":27.0,"CrsPA":8.0,"Prog":85.0},{"Player":"David Soria","Pos":"GK","Cmp":196.0,"Cmp%":69.0,"1\/3":3.0,"PPA":0.0,"CrsPA":0.0,"Prog":0.0},{"Player":"Roberto Soriano","Pos":"MF","Cmp":397.0,"Cmp%":78.6,"1\/3":34.0,"PPA":9.0,"CrsPA":3.0,"Prog":44.0},{"Player":"Cristhian Stuani","Pos":"FW","Cmp":312.0,"Cmp%":65.0,"1\/3":24.0,"PPA":3.0,"CrsPA":0.0,"Prog":20.0},{"Player":"Damián Suárez","Pos":"DF","Cmp":1149.0,"Cmp%":69.8,"1\/3":127.0,"PPA":32.0,"CrsPA":8.0,"Prog":155.0},{"Player":"Denis Suárez","Pos":"MF","Cmp":311.0,"Cmp%":82.1,"1\/3":14.0,"PPA":13.0,"CrsPA":1.0,"Prog":26.0},{"Player":"Luis Suárez","Pos":"FW","Cmp":812.0,"Cmp%":75.9,"1\/3":30.0,"PPA":49.0,"CrsPA":4.0,"Prog":81.0},{"Player":"Markel Susaeta","Pos":"FW","Cmp":740.0,"Cmp%":73.8,"1\/3":52.0,"PPA":27.0,"CrsPA":11.0,"Prog":65.0},{"Player":"Tana","Pos":"MF","Cmp":668.0,"Cmp%":81.4,"1\/3":64.0,"PPA":18.0,"CrsPA":2.0,"Prog":75.0},{"Player":"Cristian Tello","Pos":"FW","Cmp":555.0,"Cmp%":77.1,"1\/3":31.0,"PPA":22.0,"CrsPA":4.0,"Prog":53.0},{"Player":"Marc-André ter Stegen","Pos":"GK","Cmp":821.0,"Cmp%":80.9,"1\/3":1.0,"PPA":0.0,"CrsPA":0.0,"Prog":0.0},{"Player":"David Timor","Pos":"MF","Cmp":362.0,"Cmp%":78.7,"1\/3":37.0,"PPA":4.0,"CrsPA":0.0,"Prog":44.0},{"Player":"Hernán Toledo","Pos":"FW","Cmp":118.0,"Cmp%":65.9,"1\/3":5.0,"PPA":4.0,"CrsPA":2.0,"Prog":10.0},{"Player":"Daniel Torres","Pos":"MF","Cmp":414.0,"Cmp%":81.7,"1\/3":47.0,"PPA":4.0,"CrsPA":1.0,"Prog":56.0},{"Player":"Fernando Torres","Pos":"FW","Cmp":149.0,"Cmp%":62.9,"1\/3":12.0,"PPA":7.0,"CrsPA":0.0,"Prog":13.0},{"Player":"Manu Trigueros","Pos":"MF","Cmp":1564.0,"Cmp%":84.5,"1\/3":178.0,"PPA":32.0,"CrsPA":7.0,"Prog":149.0},{"Player":"Samuel Umtiti","Pos":"DF","Cmp":1435.0,"Cmp%":90.2,"1\/3":118.0,"PPA":1.0,"CrsPA":0.0,"Prog":90.0},{"Player":"Enes Ünal","Pos":"FW","Cmp":101.0,"Cmp%":70.6,"1\/3":8.0,"PPA":1.0,"CrsPA":0.0,"Prog":8.0},{"Player":"Enes Ünal","Pos":"FW","Cmp":202.0,"Cmp%":70.9,"1\/3":10.0,"PPA":2.0,"CrsPA":0.0,"Prog":13.0},{"Player":"Borja Valle","Pos":"FW","Cmp":99.0,"Cmp%":72.3,"1\/3":5.0,"PPA":6.0,"CrsPA":4.0,"Prog":6.0},{"Player":"Federico Valverde","Pos":"MF","Cmp":451.0,"Cmp%":75.8,"1\/3":60.0,"PPA":11.0,"CrsPA":2.0,"Prog":52.0},{"Player":"Raphael Varane","Pos":"DF","Cmp":1169.0,"Cmp%":88.4,"1\/3":82.0,"PPA":3.0,"CrsPA":0.0,"Prog":52.0},{"Player":"Franco Vázquez","Pos":"MF","Cmp":662.0,"Cmp%":72.9,"1\/3":62.0,"PPA":28.0,"CrsPA":7.0,"Prog":86.0},{"Player":"Lucas Vázquez","Pos":"MF","Cmp":820.0,"Cmp%":80.2,"1\/3":35.0,"PPA":49.0,"CrsPA":18.0,"Prog":75.0},{"Player":"Koke","Pos":"GK","Cmp":11.0,"Cmp%":47.8,"1\/3":0.0,"PPA":0.0,"CrsPA":0.0,"Prog":0.0},{"Player":"Rúben Vezo","Pos":"DF","Cmp":623.0,"Cmp%":75.3,"1\/3":40.0,"PPA":5.0,"CrsPA":2.0,"Prog":51.0},{"Player":"Aleix Vidal","Pos":"MF","Cmp":209.0,"Cmp%":76.8,"1\/3":10.0,"PPA":9.0,"CrsPA":1.0,"Prog":25.0},{"Player":"Nacho","Pos":"DF","Cmp":171.0,"Cmp%":76.7,"1\/3":9.0,"PPA":2.0,"CrsPA":2.0,"Prog":11.0},{"Player":"Jonathan Viera","Pos":"MF","Cmp":1226.0,"Cmp%":81.6,"1\/3":125.0,"PPA":53.0,"CrsPA":3.0,"Prog":155.0},{"Player":"Luciano Vietto","Pos":"FW","Cmp":62.0,"Cmp%":79.5,"1\/3":0.0,"PPA":1.0,"CrsPA":0.0,"Prog":6.0},{"Player":"Luciano Vietto","Pos":"FW","Cmp":153.0,"Cmp%":77.3,"1\/3":11.0,"PPA":6.0,"CrsPA":2.0,"Prog":13.0},{"Player":"Vitolo","Pos":"MF","Cmp":230.0,"Cmp%":77.7,"1\/3":15.0,"PPA":7.0,"CrsPA":1.0,"Prog":22.0},{"Player":"Vitolo","Pos":"FW","Cmp":302.0,"Cmp%":83.2,"1\/3":18.0,"PPA":12.0,"CrsPA":0.0,"Prog":36.0},{"Player":"Sime Vrsaljko","Pos":"DF","Cmp":611.0,"Cmp%":68.1,"1\/3":30.0,"PPA":15.0,"CrsPA":10.0,"Prog":49.0},{"Player":"Daniel Wass","Pos":"MF","Cmp":1250.0,"Cmp%":75.0,"1\/3":116.0,"PPA":47.0,"CrsPA":21.0,"Prog":136.0},{"Player":"Iñaki Williams","Pos":"FW","Cmp":555.0,"Cmp%":73.6,"1\/3":27.0,"PPA":36.0,"CrsPA":18.0,"Prog":34.0},{"Player":"Zaldúa","Pos":"DF","Cmp":893.0,"Cmp%":72.6,"1\/3":54.0,"PPA":26.0,"CrsPA":14.0,"Prog":98.0},{"Player":"Simone Zaza","Pos":"FW","Cmp":311.0,"Cmp%":69.9,"1\/3":16.0,"PPA":8.0,"CrsPA":0.0,"Prog":27.0},{"Player":"Nabil El Zhar","Pos":"FW","Cmp":472.0,"Cmp%":74.2,"1\/3":56.0,"PPA":20.0,"CrsPA":11.0,"Prog":53.0},{"Player":"Igor Zubeldia","Pos":"MF","Cmp":800.0,"Cmp%":84.0,"1\/3":64.0,"PPA":8.0,"CrsPA":1.0,"Prog":49.0},{"Player":"David Zurutuza","Pos":"MF","Cmp":"977","Cmp%":"84.2","1\/3":"110","PPA":"13","CrsPA":"0","Prog":"78"}]