[{"Player":"David Abraham","Pos":"DF","Cmp":1081.0,"Cmp%":82.3,"1\/3":66.0,"PPA":3.0,"CrsPA":2.0,"Prog":91.0},{"Player":"Chadrac Akolo","Pos":"FW","Cmp":242.0,"Cmp%":76.6,"1\/3":13.0,"PPA":13.0,"CrsPA":7.0,"Prog":27.0},{"Player":"Kevin Akpoguma","Pos":"DF","Cmp":866.0,"Cmp%":85.7,"1\/3":72.0,"PPA":4.0,"CrsPA":0.0,"Prog":67.0},{"Player":"David Alaba","Pos":"DF","Cmp":1120.0,"Cmp%":84.8,"1\/3":73.0,"PPA":25.0,"CrsPA":13.0,"Prog":75.0},{"Player":"Lucas Alario","Pos":"FW","Cmp":302.0,"Cmp%":75.5,"1\/3":19.0,"PPA":6.0,"CrsPA":0.0,"Prog":25.0},{"Player":"Thiago Alcántara","Pos":"MF","Cmp":1190.0,"Cmp%":90.9,"1\/3":145.0,"PPA":18.0,"CrsPA":0.0,"Prog":117.0},{"Player":"Nadiem Amiri","Pos":"MF","Cmp":676.0,"Cmp%":77.3,"1\/3":66.0,"PPA":29.0,"CrsPA":3.0,"Prog":101.0},{"Player":"Waldemar Anton","Pos":"DF","Cmp":961.0,"Cmp%":80.8,"1\/3":67.0,"PPA":3.0,"CrsPA":2.0,"Prog":84.0},{"Player":"Dennis Aogo","Pos":"MF","Cmp":964.0,"Cmp%":80.9,"1\/3":49.0,"PPA":14.0,"CrsPA":2.0,"Prog":74.0},{"Player":"Charles Aránguiz","Pos":"MF","Cmp":1485.0,"Cmp%":85.8,"1\/3":165.0,"PPA":25.0,"CrsPA":2.0,"Prog":197.0},{"Player":"Maximilian Arnold","Pos":"MF","Cmp":1121.0,"Cmp%":78.7,"1\/3":106.0,"PPA":21.0,"CrsPA":6.0,"Prog":116.0},{"Player":"Jann-Fiete Arp","Pos":"FW","Cmp":91.0,"Cmp%":59.1,"1\/3":3.0,"PPA":2.0,"CrsPA":0.0,"Prog":6.0},{"Player":"Takuma Asano","Pos":"FW","Cmp":134.0,"Cmp%":72.4,"1\/3":7.0,"PPA":8.0,"CrsPA":2.0,"Prog":15.0},{"Player":"Santiago Ascacibar","Pos":"MF","Cmp":964.0,"Cmp%":83.1,"1\/3":79.0,"PPA":8.0,"CrsPA":1.0,"Prog":90.0},{"Player":"Pierre-Emerick Aubameyang","Pos":"FW","Cmp":240.0,"Cmp%":70.8,"1\/3":16.0,"PPA":9.0,"CrsPA":3.0,"Prog":17.0},{"Player":"Jean-Kevin Augustin","Pos":"FW","Cmp":223.0,"Cmp%":76.1,"1\/3":12.0,"PPA":9.0,"CrsPA":2.0,"Prog":9.0},{"Player":"Ludwig Augustinsson","Pos":"DF","Cmp":1113.0,"Cmp%":77.6,"1\/3":87.0,"PPA":28.0,"CrsPA":19.0,"Prog":97.0},{"Player":"Holger Badstuber","Pos":"DF","Cmp":915.0,"Cmp%":84.6,"1\/3":39.0,"PPA":1.0,"CrsPA":0.0,"Prog":39.0},{"Player":"Daniel Baier","Pos":"MF","Cmp":1196.0,"Cmp%":74.4,"1\/3":165.0,"PPA":26.0,"CrsPA":5.0,"Prog":192.0},{"Player":"Leon Bailey","Pos":"FW","Cmp":755.0,"Cmp%":69.8,"1\/3":58.0,"PPA":47.0,"CrsPA":23.0,"Prog":85.0},{"Player":"Marvin Bakalorz","Pos":"MF","Cmp":440.0,"Cmp%":71.1,"1\/3":43.0,"PPA":11.0,"CrsPA":2.0,"Prog":54.0},{"Player":"Philipp Bargfrede","Pos":"MF","Cmp":768.0,"Cmp%":79.4,"1\/3":80.0,"PPA":4.0,"CrsPA":0.0,"Prog":89.0},{"Player":"Robert Bauer","Pos":"DF","Cmp":368.0,"Cmp%":73.2,"1\/3":33.0,"PPA":5.0,"CrsPA":3.0,"Prog":37.0},{"Player":"Oliver Baumann","Pos":"GK","Cmp":975.0,"Cmp%":69.4,"1\/3":13.0,"PPA":0.0,"CrsPA":0.0,"Prog":1.0},{"Player":"Timo Baumgartl","Pos":"DF","Cmp":1263.0,"Cmp%":81.8,"1\/3":90.0,"PPA":12.0,"CrsPA":2.0,"Prog":102.0},{"Player":"Julian Baumgartlinger","Pos":"MF","Cmp":867.0,"Cmp%":91.2,"1\/3":57.0,"PPA":6.0,"CrsPA":0.0,"Prog":56.0},{"Player":"Ihlas Bebou","Pos":"MF","Cmp":462.0,"Cmp%":70.9,"1\/3":34.0,"PPA":26.0,"CrsPA":13.0,"Prog":66.0},{"Player":"Andreas Beck","Pos":"DF","Cmp":820.0,"Cmp%":70.6,"1\/3":62.0,"PPA":15.0,"CrsPA":8.0,"Prog":91.0},{"Player":"Ishak Belfodil","Pos":"FW","Cmp":273.0,"Cmp%":61.6,"1\/3":19.0,"PPA":15.0,"CrsPA":3.0,"Prog":40.0},{"Player":"Stefan Bell","Pos":"DF","Cmp":679.0,"Cmp%":76.1,"1\/3":52.0,"PPA":5.0,"CrsPA":0.0,"Prog":61.0},{"Player":"Karim Bellarabi","Pos":"FW","Cmp":389.0,"Cmp%":73.4,"1\/3":25.0,"PPA":31.0,"CrsPA":12.0,"Prog":48.0},{"Player":"Lars Bender","Pos":"DF","Cmp":759.0,"Cmp%":77.7,"1\/3":65.0,"PPA":19.0,"CrsPA":6.0,"Prog":103.0},{"Player":"Sven Bender","Pos":"DF","Cmp":1363.0,"Cmp%":86.6,"1\/3":77.0,"PPA":3.0,"CrsPA":0.0,"Prog":89.0},{"Player":"Nabil Bentaleb","Pos":"MF","Cmp":438.0,"Cmp%":80.4,"1\/3":35.0,"PPA":4.0,"CrsPA":0.0,"Prog":37.0},{"Player":"Bernardo","Pos":"DF","Cmp":662.0,"Cmp%":74.2,"1\/3":55.0,"PPA":12.0,"CrsPA":5.0,"Prog":72.0},{"Player":"Leonardo Bittencourt","Pos":"MF","Cmp":499.0,"Cmp%":70.3,"1\/3":37.0,"PPA":24.0,"CrsPA":9.0,"Prog":64.0},{"Player":"Pablo De Blasis","Pos":"FW","Cmp":520.0,"Cmp%":72.4,"1\/3":45.0,"PPA":20.0,"CrsPA":3.0,"Prog":76.0},{"Player":"Jérôme Boateng","Pos":"DF","Cmp":1231.0,"Cmp%":86.2,"1\/3":153.0,"PPA":22.0,"CrsPA":4.0,"Prog":119.0},{"Player":"Kevin-Prince Boateng","Pos":"MF","Cmp":841.0,"Cmp%":76.0,"1\/3":100.0,"PPA":23.0,"CrsPA":3.0,"Prog":108.0},{"Player":"Julian Brandt","Pos":"FW","Cmp":968.0,"Cmp%":74.5,"1\/3":44.0,"PPA":48.0,"CrsPA":8.0,"Prog":101.0},{"Player":"Josip Brekalo","Pos":"FW","Cmp":245.0,"Cmp%":71.2,"1\/3":16.0,"PPA":6.0,"CrsPA":1.0,"Prog":24.0},{"Player":"Josip Brekalo","Pos":"MF","Cmp":208.0,"Cmp%":68.6,"1\/3":19.0,"PPA":14.0,"CrsPA":8.0,"Prog":19.0},{"Player":"Daniel Brosinski","Pos":"DF","Cmp":950.0,"Cmp%":63.8,"1\/3":76.0,"PPA":32.0,"CrsPA":10.0,"Prog":128.0},{"Player":"Bruma","Pos":"MF","Cmp":673.0,"Cmp%":78.5,"1\/3":55.0,"PPA":35.0,"CrsPA":1.0,"Prog":88.0},{"Player":"Bruma","Pos":"DF","Cmp":543.0,"Cmp%":87.4,"1\/3":31.0,"PPA":3.0,"CrsPA":1.0,"Prog":39.0},{"Player":"Guido Burgstaller","Pos":"FW","Cmp":393.0,"Cmp%":70.7,"1\/3":31.0,"PPA":9.0,"CrsPA":2.0,"Prog":43.0},{"Player":"Roman Bürki","Pos":"GK","Cmp":888.0,"Cmp%":71.3,"1\/3":13.0,"PPA":0.0,"CrsPA":0.0,"Prog":4.0},{"Player":"Caiuby","Pos":"FW","Cmp":700.0,"Cmp%":66.9,"1\/3":68.0,"PPA":34.0,"CrsPA":18.0,"Prog":84.0},{"Player":"Daniel Caligiuri","Pos":"DF","Cmp":1246.0,"Cmp%":69.8,"1\/3":73.0,"PPA":24.0,"CrsPA":10.0,"Prog":147.0},{"Player":"Koen Casteels","Pos":"GK","Cmp":842.0,"Cmp%":65.0,"1\/3":12.0,"PPA":1.0,"CrsPA":0.0,"Prog":0.0},{"Player":"Gonzalo Castro","Pos":"MF","Cmp":691.0,"Cmp%":82.2,"1\/3":74.0,"PPA":22.0,"CrsPA":2.0,"Prog":82.0},{"Player":"Timothy Chandler","Pos":"DF","Cmp":587.0,"Cmp%":63.3,"1\/3":53.0,"PPA":33.0,"CrsPA":21.0,"Prog":94.0},{"Player":"Kingsley Coman","Pos":"FW","Cmp":484.0,"Cmp%":79.7,"1\/3":19.0,"PPA":25.0,"CrsPA":8.0,"Prog":33.0},{"Player":"Jhon Córdoba","Pos":"FW","Cmp":141.0,"Cmp%":67.1,"1\/3":10.0,"PPA":7.0,"CrsPA":2.0,"Prog":14.0},{"Player":"Sergio Córdova","Pos":"FW","Cmp":111.0,"Cmp%":74.0,"1\/3":9.0,"PPA":4.0,"CrsPA":1.0,"Prog":9.0},{"Player":"Danny da Costa","Pos":"DF","Cmp":507.0,"Cmp%":72.0,"1\/3":28.0,"PPA":13.0,"CrsPA":8.0,"Prog":58.0},{"Player":"Michaël Cuisance","Pos":"MF","Cmp":540.0,"Cmp%":79.2,"1\/3":60.0,"PPA":14.0,"CrsPA":3.0,"Prog":67.0},{"Player":"Mahmoud Dahoud","Pos":"MF","Cmp":568.0,"Cmp%":83.8,"1\/3":49.0,"PPA":17.0,"CrsPA":0.0,"Prog":61.0},{"Player":"Kevin Danso","Pos":"DF","Cmp":364.0,"Cmp%":69.6,"1\/3":25.0,"PPA":3.0,"CrsPA":1.0,"Prog":27.0},{"Player":"Vladimir Darida","Pos":"MF","Cmp":770.0,"Cmp%":79.3,"1\/3":77.0,"PPA":15.0,"CrsPA":4.0,"Prog":76.0},{"Player":"Thomas Delaney","Pos":"MF","Cmp":921.0,"Cmp%":72.3,"1\/3":93.0,"PPA":19.0,"CrsPA":7.0,"Prog":108.0},{"Player":"Kerem Demirbay","Pos":"MF","Cmp":577.0,"Cmp%":77.8,"1\/3":53.0,"PPA":18.0,"CrsPA":3.0,"Prog":74.0},{"Player":"Diego Demme","Pos":"MF","Cmp":1691.0,"Cmp%":82.9,"1\/3":192.0,"PPA":39.0,"CrsPA":1.0,"Prog":178.0},{"Player":"Franco Di Santo","Pos":"FW","Cmp":325.0,"Cmp%":67.3,"1\/3":20.0,"PPA":14.0,"CrsPA":7.0,"Prog":29.0},{"Player":"Abdou Diallo","Pos":"DF","Cmp":905.0,"Cmp%":75.4,"1\/3":80.0,"PPA":20.0,"CrsPA":7.0,"Prog":109.0},{"Player":"Daniel Didavi","Pos":"MF","Cmp":710.0,"Cmp%":73.1,"1\/3":63.0,"PPA":19.0,"CrsPA":5.0,"Prog":74.0},{"Player":"Dennis Diekmeier","Pos":"DF","Cmp":562.0,"Cmp%":61.0,"1\/3":57.0,"PPA":24.0,"CrsPA":12.0,"Prog":87.0},{"Player":"Landry Dimata","Pos":"FW","Cmp":151.0,"Cmp%":74.8,"1\/3":8.0,"PPA":0.0,"CrsPA":0.0,"Prog":7.0},{"Player":"Giulio Donati","Pos":"DF","Cmp":809.0,"Cmp%":72.0,"1\/3":54.0,"PPA":37.0,"CrsPA":24.0,"Prog":96.0},{"Player":"Anastasios Donis","Pos":"FW","Cmp":146.0,"Cmp%":65.2,"1\/3":9.0,"PPA":9.0,"CrsPA":4.0,"Prog":10.0},{"Player":"Rick van Drongelen","Pos":"DF","Cmp":504.0,"Cmp%":73.6,"1\/3":39.0,"PPA":4.0,"CrsPA":2.0,"Prog":44.0},{"Player":"Ondrej Duda","Pos":"MF","Cmp":248.0,"Cmp%":80.5,"1\/3":21.0,"PPA":3.0,"CrsPA":0.0,"Prog":19.0},{"Player":"Maximilian Eggestein","Pos":"MF","Cmp":766.0,"Cmp%":75.6,"1\/3":81.0,"PPA":17.0,"CrsPA":5.0,"Prog":105.0},{"Player":"Albin Ekdal","Pos":"MF","Cmp":430.0,"Cmp%":76.8,"1\/3":54.0,"PPA":6.0,"CrsPA":0.0,"Prog":54.0},{"Player":"Nico Elvedi","Pos":"DF","Cmp":1481.0,"Cmp%":84.8,"1\/3":98.0,"PPA":14.0,"CrsPA":3.0,"Prog":134.0},{"Player":"Breel Embolo","Pos":"FW","Cmp":160.0,"Cmp%":75.5,"1\/3":11.0,"PPA":5.0,"CrsPA":1.0,"Prog":16.0},{"Player":"Alexander Esswein","Pos":"FW","Cmp":163.0,"Cmp%":71.5,"1\/3":16.0,"PPA":6.0,"CrsPA":5.0,"Prog":17.0},{"Player":"Ralf Fährmann","Pos":"GK","Cmp":585.0,"Cmp%":63.9,"1\/3":11.0,"PPA":0.0,"CrsPA":0.0,"Prog":0.0},{"Player":"Simon Falette","Pos":"DF","Cmp":923.0,"Cmp%":75.3,"1\/3":97.0,"PPA":6.0,"CrsPA":1.0,"Prog":97.0},{"Player":"Felix Uduokhai","Pos":"DF","Cmp":776.0,"Cmp%":85.9,"1\/3":33.0,"PPA":4.0,"CrsPA":0.0,"Prog":40.0},{"Player":"Gelson Fernandes","Pos":"MF","Cmp":281.0,"Cmp%":81.0,"1\/3":19.0,"PPA":1.0,"CrsPA":0.0,"Prog":29.0},{"Player":"Alfred Finnbogason","Pos":"FW","Cmp":310.0,"Cmp%":71.8,"1\/3":21.0,"PPA":15.0,"CrsPA":0.0,"Prog":34.0},{"Player":"Emil Forsberg","Pos":"MF","Cmp":466.0,"Cmp%":73.7,"1\/3":35.0,"PPA":17.0,"CrsPA":1.0,"Prog":45.0},{"Player":"Iver Fossum","Pos":"MF","Cmp":525.0,"Cmp%":78.8,"1\/3":43.0,"PPA":11.0,"CrsPA":3.0,"Prog":57.0},{"Player":"Mike Frantz","Pos":"MF","Cmp":193.0,"Cmp%":69.4,"1\/3":21.0,"PPA":4.0,"CrsPA":0.0,"Prog":23.0},{"Player":"Niclas Füllkrug","Pos":"FW","Cmp":498.0,"Cmp%":64.8,"1\/3":40.0,"PPA":11.0,"CrsPA":4.0,"Prog":41.0},{"Player":"Mijat Gacinovic","Pos":"MF","Cmp":447.0,"Cmp%":68.6,"1\/3":50.0,"PPA":18.0,"CrsPA":2.0,"Prog":64.0},{"Player":"Jean-Philippe Gbamin","Pos":"MF","Cmp":911.0,"Cmp%":77.9,"1\/3":115.0,"PPA":7.0,"CrsPA":0.0,"Prog":107.0},{"Player":"Theodor Gebre Selassie","Pos":"DF","Cmp":1133.0,"Cmp%":78.6,"1\/3":81.0,"PPA":13.0,"CrsPA":3.0,"Prog":126.0},{"Player":"Dennis Geiger","Pos":"MF","Cmp":695.0,"Cmp%":85.2,"1\/3":57.0,"PPA":19.0,"CrsPA":1.0,"Prog":71.0},{"Player":"Christian Gentner","Pos":"MF","Cmp":877.0,"Cmp%":71.1,"1\/3":101.0,"PPA":32.0,"CrsPA":10.0,"Prog":127.0},{"Player":"Yannick Gerhardt","Pos":"DF","Cmp":494.0,"Cmp%":75.9,"1\/3":39.0,"PPA":9.0,"CrsPA":2.0,"Prog":42.0},{"Player":"Daniel Ginczek","Pos":"FW","Cmp":207.0,"Cmp%":61.4,"1\/3":15.0,"PPA":7.0,"CrsPA":0.0,"Prog":23.0},{"Player":"Matthias Ginter","Pos":"DF","Cmp":1784.0,"Cmp%":87.5,"1\/3":128.0,"PPA":6.0,"CrsPA":0.0,"Prog":129.0},{"Player":"Serge Gnabry","Pos":"FW","Cmp":404.0,"Cmp%":75.2,"1\/3":21.0,"PPA":26.0,"CrsPA":6.0,"Prog":49.0},{"Player":"Mario Gomez","Pos":"FW","Cmp":224.0,"Cmp%":62.6,"1\/3":26.0,"PPA":8.0,"CrsPA":1.0,"Prog":28.0},{"Player":"Mario Gomez","Pos":"FW","Cmp":129.0,"Cmp%":62.9,"1\/3":6.0,"PPA":4.0,"CrsPA":1.0,"Prog":7.0},{"Player":"Jérôme Gondorf","Pos":"MF","Cmp":182.0,"Cmp%":67.7,"1\/3":13.0,"PPA":6.0,"CrsPA":2.0,"Prog":29.0},{"Player":"Leon Goretzka","Pos":"MF","Cmp":682.0,"Cmp%":78.8,"1\/3":52.0,"PPA":18.0,"CrsPA":4.0,"Prog":70.0},{"Player":"Mario Götze","Pos":"MF","Cmp":813.0,"Cmp%":79.2,"1\/3":62.0,"PPA":41.0,"CrsPA":4.0,"Prog":97.0},{"Player":"Jeffrey Gouweleeuw","Pos":"DF","Cmp":906.0,"Cmp%":77.5,"1\/3":111.0,"PPA":9.0,"CrsPA":2.0,"Prog":102.0},{"Player":"Michael Gregoritsch","Pos":"MF","Cmp":547.0,"Cmp%":68.5,"1\/3":63.0,"PPA":11.0,"CrsPA":3.0,"Prog":73.0},{"Player":"Vincenzo Grifo","Pos":"MF","Cmp":308.0,"Cmp%":72.6,"1\/3":18.0,"PPA":19.0,"CrsPA":4.0,"Prog":54.0},{"Player":"Florian Grillitsch","Pos":"MF","Cmp":876.0,"Cmp%":82.3,"1\/3":90.0,"PPA":15.0,"CrsPA":2.0,"Prog":106.0},{"Player":"Josuha Guilavogui","Pos":"MF","Cmp":1161.0,"Cmp%":84.7,"1\/3":123.0,"PPA":13.0,"CrsPA":2.0,"Prog":122.0},{"Player":"Sehrou Guirassy","Pos":"FW","Cmp":190.0,"Cmp%":72.5,"1\/3":16.0,"PPA":4.0,"CrsPA":1.0,"Prog":25.0},{"Player":"Péter Gulácsi","Pos":"GK","Cmp":730.0,"Cmp%":68.4,"1\/3":19.0,"PPA":1.0,"CrsPA":1.0,"Prog":0.0},{"Player":"Manuel Gulde","Pos":"DF","Cmp":651.0,"Cmp%":85.3,"1\/3":40.0,"PPA":7.0,"CrsPA":1.0,"Prog":51.0},{"Player":"Christian Günter","Pos":"DF","Cmp":1231.0,"Cmp%":71.2,"1\/3":84.0,"PPA":56.0,"CrsPA":29.0,"Prog":148.0},{"Player":"Jonathan de Guzmán","Pos":"MF","Cmp":493.0,"Cmp%":75.2,"1\/3":53.0,"PPA":18.0,"CrsPA":2.0,"Prog":66.0},{"Player":"Janik Haberer","Pos":"MF","Cmp":725.0,"Cmp%":70.7,"1\/3":73.0,"PPA":16.0,"CrsPA":5.0,"Prog":93.0},{"Player":"Alexander Hack","Pos":"DF","Cmp":482.0,"Cmp%":78.8,"1\/3":54.0,"PPA":4.0,"CrsPA":0.0,"Prog":62.0},{"Player":"André Hahn","Pos":"FW","Cmp":207.0,"Cmp%":54.3,"1\/3":12.0,"PPA":13.0,"CrsPA":7.0,"Prog":19.0},{"Player":"Sébastien Haller","Pos":"FW","Cmp":459.0,"Cmp%":65.1,"1\/3":40.0,"PPA":15.0,"CrsPA":0.0,"Prog":49.0},{"Player":"Marcel Halstenberg","Pos":"DF","Cmp":606.0,"Cmp%":78.2,"1\/3":27.0,"PPA":16.0,"CrsPA":3.0,"Prog":68.0},{"Player":"Amine Harit","Pos":"MF","Cmp":624.0,"Cmp%":81.1,"1\/3":37.0,"PPA":42.0,"CrsPA":10.0,"Prog":72.0},{"Player":"Martin Harnik","Pos":"FW","Cmp":387.0,"Cmp%":66.0,"1\/3":32.0,"PPA":16.0,"CrsPA":6.0,"Prog":46.0},{"Player":"Makoto Hasebe","Pos":"DF","Cmp":1009.0,"Cmp%":87.4,"1\/3":65.0,"PPA":8.0,"CrsPA":0.0,"Prog":67.0},{"Player":"Kai Havertz","Pos":"MF","Cmp":901.0,"Cmp%":81.0,"1\/3":85.0,"PPA":28.0,"CrsPA":5.0,"Prog":91.0},{"Player":"Thorgan Hazard","Pos":"MF","Cmp":998.0,"Cmp%":73.1,"1\/3":49.0,"PPA":55.0,"CrsPA":9.0,"Prog":119.0},{"Player":"Jonas Hector","Pos":"DF","Cmp":906.0,"Cmp%":78.2,"1\/3":80.0,"PPA":17.0,"CrsPA":3.0,"Prog":95.0},{"Player":"Dominique Heintz","Pos":"DF","Cmp":1232.0,"Cmp%":82.5,"1\/3":139.0,"PPA":10.0,"CrsPA":2.0,"Prog":129.0},{"Player":"Marcel Heller","Pos":"FW","Cmp":190.0,"Cmp%":54.8,"1\/3":10.0,"PPA":15.0,"CrsPA":9.0,"Prog":23.0},{"Player":"Benjamin Henrichs","Pos":"DF","Cmp":589.0,"Cmp%":71.7,"1\/3":47.0,"PPA":23.0,"CrsPA":9.0,"Prog":70.0},{"Player":"Patrick Herrmann","Pos":"MF","Cmp":267.0,"Cmp%":68.1,"1\/3":10.0,"PPA":14.0,"CrsPA":9.0,"Prog":21.0},{"Player":"Martin Hinteregger","Pos":"DF","Cmp":1027.0,"Cmp%":77.1,"1\/3":79.0,"PPA":7.0,"CrsPA":1.0,"Prog":93.0},{"Player":"Marwin Hitz","Pos":"GK","Cmp":780.0,"Cmp%":70.5,"1\/3":8.0,"PPA":0.0,"CrsPA":0.0,"Prog":0.0},{"Player":"Nicolas Höfler","Pos":"MF","Cmp":1055.0,"Cmp%":85.0,"1\/3":115.0,"PPA":9.0,"CrsPA":1.0,"Prog":121.0},{"Player":"Jonas Hofmann","Pos":"MF","Cmp":312.0,"Cmp%":72.7,"1\/3":20.0,"PPA":11.0,"CrsPA":2.0,"Prog":34.0},{"Player":"Marco Höger","Pos":"MF","Cmp":955.0,"Cmp%":83.1,"1\/3":104.0,"PPA":16.0,"CrsPA":2.0,"Prog":105.0},{"Player":"Lewis Holtby","Pos":"MF","Cmp":451.0,"Cmp%":76.1,"1\/3":35.0,"PPA":14.0,"CrsPA":4.0,"Prog":44.0},{"Player":"Gerrit Holtmann","Pos":"DF","Cmp":259.0,"Cmp%":69.3,"1\/3":13.0,"PPA":8.0,"CrsPA":4.0,"Prog":17.0},{"Player":"Timo Horn","Pos":"GK","Cmp":584.0,"Cmp%":55.5,"1\/3":45.0,"PPA":1.0,"CrsPA":0.0,"Prog":1.0},{"Player":"Benjamin Hübner","Pos":"DF","Cmp":1223.0,"Cmp%":83.5,"1\/3":92.0,"PPA":4.0,"CrsPA":0.0,"Prog":130.0},{"Player":"Mats Hummels","Pos":"DF","Cmp":1746.0,"Cmp%":88.2,"1\/3":158.0,"PPA":11.0,"CrsPA":1.0,"Prog":164.0},{"Player":"Aaron Hunt","Pos":"MF","Cmp":883.0,"Cmp%":71.8,"1\/3":83.0,"PPA":31.0,"CrsPA":5.0,"Prog":97.0},{"Player":"Vedad Ibisevic","Pos":"FW","Cmp":254.0,"Cmp%":71.1,"1\/3":21.0,"PPA":2.0,"CrsPA":0.0,"Prog":15.0},{"Player":"Stefan Ilsanker","Pos":"DF","Cmp":762.0,"Cmp%":82.5,"1\/3":75.0,"PPA":14.0,"CrsPA":4.0,"Prog":93.0},{"Player":"Emiliano Insúa","Pos":"DF","Cmp":769.0,"Cmp%":71.7,"1\/3":47.0,"PPA":23.0,"CrsPA":13.0,"Prog":69.0},{"Player":"Alexander Hack","Pos":"FW","Cmp":21.0,"Cmp%":75.0,"1\/3":0.0,"PPA":1.0,"CrsPA":0.0,"Prog":2.0},{"Player":"Tatsuya Ito","Pos":"MF","Cmp":295.0,"Cmp%":75.4,"1\/3":16.0,"PPA":22.0,"CrsPA":5.0,"Prog":38.0},{"Player":"Christoph Kramer","Pos":"DF","Cmp":7.0,"Cmp%":58.3,"1\/3":1.0,"PPA":0.0,"CrsPA":0.0,"Prog":1.0},{"Player":"Rune Jarstein","Pos":"GK","Cmp":600.0,"Cmp%":54.9,"1\/3":18.0,"PPA":0.0,"CrsPA":0.0,"Prog":0.0},{"Player":"Milos Jojic","Pos":"MF","Cmp":503.0,"Cmp%":72.7,"1\/3":37.0,"PPA":22.0,"CrsPA":4.0,"Prog":65.0},{"Player":"Luka Jovic","Pos":"FW","Cmp":178.0,"Cmp%":73.9,"1\/3":10.0,"PPA":4.0,"CrsPA":1.0,"Prog":9.0},{"Player":"Gideon Jung","Pos":"MF","Cmp":832.0,"Cmp%":78.6,"1\/3":88.0,"PPA":10.0,"CrsPA":1.0,"Prog":92.0},{"Player":"Zlatko Junuzovic","Pos":"MF","Cmp":548.0,"Cmp%":69.3,"1\/3":55.0,"PPA":35.0,"CrsPA":11.0,"Prog":91.0},{"Player":"Pavel Kaderábek","Pos":"DF","Cmp":801.0,"Cmp%":73.3,"1\/3":41.0,"PPA":21.0,"CrsPA":10.0,"Prog":82.0},{"Player":"Shinji Kagawa","Pos":"MF","Cmp":645.0,"Cmp%":84.6,"1\/3":70.0,"PPA":22.0,"CrsPA":0.0,"Prog":58.0},{"Player":"Florian Kainz","Pos":"MF","Cmp":548.0,"Cmp%":69.8,"1\/3":57.0,"PPA":31.0,"CrsPA":10.0,"Prog":97.0},{"Player":"Salomon Kalou","Pos":"FW","Cmp":446.0,"Cmp%":70.2,"1\/3":36.0,"PPA":12.0,"CrsPA":2.0,"Prog":62.0},{"Player":"Marcin Kaminski","Pos":"DF","Cmp":704.0,"Cmp%":84.1,"1\/3":59.0,"PPA":7.0,"CrsPA":3.0,"Prog":60.0},{"Player":"Kevin Kampl","Pos":"MF","Cmp":28.0,"Cmp%":84.8,"1\/3":5.0,"PPA":0.0,"CrsPA":0.0,"Prog":7.0},{"Player":"Kevin Kampl","Pos":"MF","Cmp":1036.0,"Cmp%":82.1,"1\/3":124.0,"PPA":29.0,"CrsPA":3.0,"Prog":127.0},{"Player":"Kenan Karaman","Pos":"MF","Cmp":196.0,"Cmp%":71.5,"1\/3":12.0,"PPA":5.0,"CrsPA":1.0,"Prog":23.0},{"Player":"Florian Kath","Pos":"FW","Cmp":143.0,"Cmp%":68.8,"1\/3":17.0,"PPA":5.0,"CrsPA":1.0,"Prog":19.0},{"Player":"Thilo Kehrer","Pos":"DF","Cmp":1026.0,"Cmp%":83.2,"1\/3":70.0,"PPA":5.0,"CrsPA":2.0,"Prog":59.0},{"Player":"Naby Keita","Pos":"MF","Cmp":994.0,"Cmp%":79.5,"1\/3":106.0,"PPA":35.0,"CrsPA":4.0,"Prog":134.0},{"Player":"Rani Khedira","Pos":"MF","Cmp":645.0,"Cmp%":75.1,"1\/3":42.0,"PPA":10.0,"CrsPA":3.0,"Prog":59.0},{"Player":"Joshua Kimmich","Pos":"DF","Cmp":1794.0,"Cmp%":83.7,"1\/3":116.0,"PPA":54.0,"CrsPA":20.0,"Prog":156.0},{"Player":"Felix Klaus","Pos":"MF","Cmp":487.0,"Cmp%":71.0,"1\/3":25.0,"PPA":18.0,"CrsPA":9.0,"Prog":44.0},{"Player":"Tim Kleindienst","Pos":"FW","Cmp":206.0,"Cmp%":58.4,"1\/3":19.0,"PPA":6.0,"CrsPA":2.0,"Prog":18.0},{"Player":"Lukas Klostermann","Pos":"DF","Cmp":941.0,"Cmp%":77.4,"1\/3":49.0,"PPA":16.0,"CrsPA":8.0,"Prog":87.0},{"Player":"Lukas Klünter","Pos":"DF","Cmp":361.0,"Cmp%":65.9,"1\/3":26.0,"PPA":11.0,"CrsPA":7.0,"Prog":36.0},{"Player":"Robin Knoche","Pos":"DF","Cmp":1189.0,"Cmp%":86.2,"1\/3":82.0,"PPA":3.0,"CrsPA":0.0,"Prog":78.0},{"Player":"Robin Koch","Pos":"MF","Cmp":770.0,"Cmp%":80.2,"1\/3":45.0,"PPA":1.0,"CrsPA":0.0,"Prog":53.0},{"Player":"Dominik Kohr","Pos":"MF","Cmp":769.0,"Cmp%":81.8,"1\/3":85.0,"PPA":16.0,"CrsPA":1.0,"Prog":88.0},{"Player":"Ibrahima Konaté","Pos":"DF","Cmp":528.0,"Cmp%":81.1,"1\/3":42.0,"PPA":2.0,"CrsPA":0.0,"Prog":44.0},{"Player":"Yevhen Konoplyanka","Pos":"FW","Cmp":332.0,"Cmp%":66.4,"1\/3":16.0,"PPA":20.0,"CrsPA":10.0,"Prog":27.0},{"Player":"Julian Korb","Pos":"DF","Cmp":812.0,"Cmp%":67.6,"1\/3":70.0,"PPA":23.0,"CrsPA":10.0,"Prog":110.0},{"Player":"Filip Kostic","Pos":"FW","Cmp":459.0,"Cmp%":59.1,"1\/3":25.0,"PPA":31.0,"CrsPA":16.0,"Prog":70.0},{"Player":"Andrej Kramaric","Pos":"FW","Cmp":668.0,"Cmp%":72.5,"1\/3":68.0,"PPA":37.0,"CrsPA":13.0,"Prog":69.0},{"Player":"Christoph Kramer","Pos":"MF","Cmp":1310.0,"Cmp%":87.4,"1\/3":132.0,"PPA":12.0,"CrsPA":2.0,"Prog":108.0},{"Player":"Max Kruse","Pos":"FW","Cmp":1015.0,"Cmp%":75.4,"1\/3":54.0,"PPA":43.0,"CrsPA":15.0,"Prog":87.0},{"Player":"Lukas Kübler","Pos":"DF","Cmp":378.0,"Cmp%":73.4,"1\/3":25.0,"PPA":8.0,"CrsPA":2.0,"Prog":38.0},{"Player":"Konrad Laimer","Pos":"DF","Cmp":604.0,"Cmp%":78.6,"1\/3":54.0,"PPA":13.0,"CrsPA":4.0,"Prog":86.0},{"Player":"Sebastian Langkamp","Pos":"DF","Cmp":189.0,"Cmp%":87.1,"1\/3":8.0,"PPA":0.0,"CrsPA":0.0,"Prog":11.0},{"Player":"Sebastian Langkamp","Pos":"DF","Cmp":466.0,"Cmp%":86.8,"1\/3":21.0,"PPA":1.0,"CrsPA":0.0,"Prog":26.0},{"Player":"Danny Latza","Pos":"MF","Cmp":969.0,"Cmp%":77.5,"1\/3":91.0,"PPA":18.0,"CrsPA":3.0,"Prog":109.0},{"Player":"Valentino Lazaro","Pos":"MF","Cmp":473.0,"Cmp%":69.1,"1\/3":31.0,"PPA":20.0,"CrsPA":8.0,"Prog":47.0},{"Player":"Mathew Leckie","Pos":"FW","Cmp":563.0,"Cmp%":71.9,"1\/3":38.0,"PPA":20.0,"CrsPA":8.0,"Prog":61.0},{"Player":"Matthias Lehmann","Pos":"MF","Cmp":645.0,"Cmp%":79.1,"1\/3":101.0,"PPA":9.0,"CrsPA":0.0,"Prog":100.0},{"Player":"Bernd Leno","Pos":"GK","Cmp":822.0,"Cmp%":68.1,"1\/3":20.0,"PPA":0.0,"CrsPA":0.0,"Prog":1.0},{"Player":"Robert Lewandowski","Pos":"FW","Cmp":480.0,"Cmp%":78.3,"1\/3":28.0,"PPA":18.0,"CrsPA":0.0,"Prog":39.0},{"Player":"Fabian Lustenberger","Pos":"MF","Cmp":701.0,"Cmp%":82.9,"1\/3":40.0,"PPA":5.0,"CrsPA":1.0,"Prog":51.0},{"Player":"Arne Maier","Pos":"MF","Cmp":529.0,"Cmp%":82.7,"1\/3":41.0,"PPA":6.0,"CrsPA":0.0,"Prog":48.0},{"Player":"Yunus Malli","Pos":"FW","Cmp":653.0,"Cmp%":76.0,"1\/3":61.0,"PPA":40.0,"CrsPA":8.0,"Prog":100.0},{"Player":"Orel Mangala","Pos":"MF","Cmp":280.0,"Cmp%":77.8,"1\/3":21.0,"PPA":4.0,"CrsPA":1.0,"Prog":19.0},{"Player":"Javi Martínez","Pos":"MF","Cmp":1052.0,"Cmp%":89.2,"1\/3":89.0,"PPA":6.0,"CrsPA":2.0,"Prog":73.0},{"Player":"Christian Mathenia","Pos":"GK","Cmp":373.0,"Cmp%":54.2,"1\/3":7.0,"PPA":0.0,"CrsPA":0.0,"Prog":0.0},{"Player":"Mergim Mavraj","Pos":"DF","Cmp":555.0,"Cmp%":77.9,"1\/3":39.0,"PPA":2.0,"CrsPA":1.0,"Prog":39.0},{"Player":"Philipp Max","Pos":"DF","Cmp":1127.0,"Cmp%":65.8,"1\/3":78.0,"PPA":60.0,"CrsPA":41.0,"Prog":126.0},{"Player":"Alexandru Maxim","Pos":"MF","Cmp":341.0,"Cmp%":72.7,"1\/3":39.0,"PPA":7.0,"CrsPA":0.0,"Prog":42.0},{"Player":"Weston McKennie","Pos":"MF","Cmp":364.0,"Cmp%":70.4,"1\/3":29.0,"PPA":10.0,"CrsPA":0.0,"Prog":42.0},{"Player":"Admir Mehmedi","Pos":"DF","Cmp":321.0,"Cmp%":76.6,"1\/3":21.0,"PPA":16.0,"CrsPA":7.0,"Prog":34.0},{"Player":"Admir Mehmedi","Pos":"FW","Cmp":98.0,"Cmp%":74.8,"1\/3":5.0,"PPA":3.0,"CrsPA":2.0,"Prog":11.0},{"Player":"Jorge Meré","Pos":"DF","Cmp":830.0,"Cmp%":85.1,"1\/3":56.0,"PPA":2.0,"CrsPA":1.0,"Prog":57.0},{"Player":"Max Meyer","Pos":"MF","Cmp":936.0,"Cmp%":88.4,"1\/3":74.0,"PPA":8.0,"CrsPA":0.0,"Prog":59.0},{"Player":"Niklas Moisander","Pos":"DF","Cmp":1223.0,"Cmp%":83.7,"1\/3":111.0,"PPA":10.0,"CrsPA":0.0,"Prog":112.0},{"Player":"Jan Morávek","Pos":"MF","Cmp":261.0,"Cmp%":78.1,"1\/3":23.0,"PPA":7.0,"CrsPA":0.0,"Prog":29.0},{"Player":"Thomas Müller","Pos":"FW","Cmp":736.0,"Cmp%":73.3,"1\/3":41.0,"PPA":44.0,"CrsPA":24.0,"Prog":68.0},{"Player":"Yoshinori Muto","Pos":"FW","Cmp":257.0,"Cmp%":75.8,"1\/3":11.0,"PPA":4.0,"CrsPA":1.0,"Prog":16.0},{"Player":"Naldo","Pos":"DF","Cmp":1408.0,"Cmp%":86.6,"1\/3":47.0,"PPA":9.0,"CrsPA":0.0,"Prog":65.0},{"Player":"Matija Nastasic","Pos":"DF","Cmp":990.0,"Cmp%":84.8,"1\/3":53.0,"PPA":1.0,"CrsPA":1.0,"Prog":47.0},{"Player":"Håvard Nordtveit","Pos":"DF","Cmp":498.0,"Cmp%":87.2,"1\/3":51.0,"PPA":3.0,"CrsPA":0.0,"Prog":65.0},{"Player":"Bastian Oczipka","Pos":"DF","Cmp":1033.0,"Cmp%":72.6,"1\/3":73.0,"PPA":30.0,"CrsPA":14.0,"Prog":132.0},{"Player":"Daniel Opare","Pos":"DF","Cmp":367.0,"Cmp%":60.0,"1\/3":35.0,"PPA":14.0,"CrsPA":7.0,"Prog":61.0},{"Player":"Willi Orban","Pos":"DF","Cmp":1116.0,"Cmp%":83.7,"1\/3":80.0,"PPA":1.0,"CrsPA":0.0,"Prog":84.0},{"Player":"Divock Origi","Pos":"FW","Cmp":311.0,"Cmp%":75.1,"1\/3":16.0,"PPA":6.0,"CrsPA":3.0,"Prog":16.0},{"Player":"Yuya Osako","Pos":"FW","Cmp":435.0,"Cmp%":70.4,"1\/3":48.0,"PPA":24.0,"CrsPA":6.0,"Prog":56.0},{"Player":"Matthias Ostrzolek","Pos":"DF","Cmp":863.0,"Cmp%":69.3,"1\/3":66.0,"PPA":29.0,"CrsPA":16.0,"Prog":121.0},{"Player":"Berkay Özcan","Pos":"MF","Cmp":337.0,"Cmp%":74.1,"1\/3":17.0,"PPA":10.0,"CrsPA":1.0,"Prog":31.0},{"Player":"Salih Özcan","Pos":"MF","Cmp":726.0,"Cmp%":78.2,"1\/3":73.0,"PPA":16.0,"CrsPA":0.0,"Prog":85.0},{"Player":"Levin Öztunali","Pos":"FW","Cmp":350.0,"Cmp%":66.7,"1\/3":17.0,"PPA":17.0,"CrsPA":3.0,"Prog":36.0},{"Player":"Kyriakos Papadopoulos","Pos":"DF","Cmp":892.0,"Cmp%":75.4,"1\/3":80.0,"PPA":5.0,"CrsPA":0.0,"Prog":107.0},{"Player":"Sokratis","Pos":"DF","Cmp":1650.0,"Cmp%":87.8,"1\/3":128.0,"PPA":9.0,"CrsPA":1.0,"Prog":94.0},{"Player":"Benjamin Pavard","Pos":"DF","Cmp":1618.0,"Cmp%":83.7,"1\/3":124.0,"PPA":7.0,"CrsPA":0.0,"Prog":101.0},{"Player":"Jiri Pavlenka","Pos":"GK","Cmp":764.0,"Cmp%":66.7,"1\/3":18.0,"PPA":0.0,"CrsPA":0.0,"Prog":2.0},{"Player":"Peter Pekarík","Pos":"DF","Cmp":591.0,"Cmp%":78.4,"1\/3":47.0,"PPA":10.0,"CrsPA":6.0,"Prog":65.0},{"Player":"Nils Petersen","Pos":"FW","Cmp":387.0,"Cmp%":64.9,"1\/3":30.0,"PPA":21.0,"CrsPA":2.0,"Prog":39.0},{"Player":"Maximilian Philipp","Pos":"FW","Cmp":226.0,"Cmp%":73.6,"1\/3":9.0,"PPA":10.0,"CrsPA":2.0,"Prog":21.0},{"Player":"Lukasz Piszczek","Pos":"DF","Cmp":1262.0,"Cmp%":80.3,"1\/3":81.0,"PPA":27.0,"CrsPA":12.0,"Prog":119.0},{"Player":"Claudio Pizarro","Pos":"FW","Cmp":175.0,"Cmp%":74.5,"1\/3":11.0,"PPA":10.0,"CrsPA":0.0,"Prog":22.0},{"Player":"Marvin Plattenhardt","Pos":"DF","Cmp":1288.0,"Cmp%":74.9,"1\/3":92.0,"PPA":21.0,"CrsPA":10.0,"Prog":114.0},{"Player":"Yussuf Poulsen","Pos":"FW","Cmp":366.0,"Cmp%":63.9,"1\/3":24.0,"PPA":10.0,"CrsPA":1.0,"Prog":29.0},{"Player":"Christian Pulisic","Pos":"FW","Cmp":677.0,"Cmp%":75.6,"1\/3":35.0,"PPA":36.0,"CrsPA":13.0,"Prog":68.0},{"Player":"Robin Quaison","Pos":"FW","Cmp":206.0,"Cmp%":70.8,"1\/3":13.0,"PPA":5.0,"CrsPA":0.0,"Prog":20.0},{"Player":"Raffael","Pos":"FW","Cmp":678.0,"Cmp%":82.9,"1\/3":58.0,"PPA":32.0,"CrsPA":6.0,"Prog":76.0},{"Player":"Rafinha","Pos":"DF","Cmp":1572.0,"Cmp%":88.4,"1\/3":127.0,"PPA":22.0,"CrsPA":7.0,"Prog":120.0},{"Player":"Ante Rebic","Pos":"FW","Cmp":264.0,"Cmp%":54.8,"1\/3":27.0,"PPA":28.0,"CrsPA":11.0,"Prog":48.0},{"Player":"Karim Rekik","Pos":"DF","Cmp":1118.0,"Cmp%":85.0,"1\/3":53.0,"PPA":4.0,"CrsPA":0.0,"Prog":63.0},{"Player":"Panagiotis Retsos","Pos":"DF","Cmp":1009.0,"Cmp%":83.5,"1\/3":82.0,"PPA":2.0,"CrsPA":1.0,"Prog":85.0},{"Player":"Marco Russ","Pos":"MF","Cmp":292.0,"Cmp%":75.6,"1\/3":24.0,"PPA":11.0,"CrsPA":2.0,"Prog":38.0},{"Player":"Franck Ribéry","Pos":"FW","Cmp":690.0,"Cmp%":84.0,"1\/3":45.0,"PPA":37.0,"CrsPA":5.0,"Prog":82.0},{"Player":"Marcel Risse","Pos":"DF","Cmp":391.0,"Cmp%":60.5,"1\/3":39.0,"PPA":18.0,"CrsPA":10.0,"Prog":61.0},{"Player":"Arjen Robben","Pos":"FW","Cmp":714.0,"Cmp%":81.9,"1\/3":47.0,"PPA":62.0,"CrsPA":10.0,"Prog":105.0},{"Player":"James Rodríguez","Pos":"MF","Cmp":1367.0,"Cmp%":85.2,"1\/3":138.0,"PPA":36.0,"CrsPA":9.0,"Prog":119.0},{"Player":"Sebastian Rudy","Pos":"MF","Cmp":928.0,"Cmp%":87.4,"1\/3":93.0,"PPA":10.0,"CrsPA":0.0,"Prog":71.0},{"Player":"Lukas Rupp","Pos":"MF","Cmp":360.0,"Cmp%":75.0,"1\/3":30.0,"PPA":11.0,"CrsPA":4.0,"Prog":50.0},{"Player":"Marco Russ","Pos":"DF","Cmp":469.0,"Cmp%":83.5,"1\/3":26.0,"PPA":2.0,"CrsPA":0.0,"Prog":49.0},{"Player":"Marcel Sabitzer","Pos":"MF","Cmp":661.0,"Cmp%":70.8,"1\/3":78.0,"PPA":30.0,"CrsPA":8.0,"Prog":100.0},{"Player":"Nuri Sahin","Pos":"MF","Cmp":920.0,"Cmp%":83.0,"1\/3":139.0,"PPA":21.0,"CrsPA":2.0,"Prog":131.0},{"Player":"Gotoku Sakai","Pos":"DF","Cmp":1030.0,"Cmp%":76.2,"1\/3":97.0,"PPA":23.0,"CrsPA":10.0,"Prog":109.0},{"Player":"Carlos Salcedo","Pos":"DF","Cmp":783.0,"Cmp%":79.7,"1\/3":51.0,"PPA":2.0,"CrsPA":0.0,"Prog":65.0},{"Player":"Salif Sané","Pos":"DF","Cmp":1448.0,"Cmp%":81.0,"1\/3":101.0,"PPA":7.0,"CrsPA":0.0,"Prog":137.0},{"Player":"Douglas Santos","Pos":"DF","Cmp":1048.0,"Cmp%":70.2,"1\/3":104.0,"PPA":36.0,"CrsPA":16.0,"Prog":144.0},{"Player":"Marcel Schmelzer","Pos":"DF","Cmp":1069.0,"Cmp%":82.8,"1\/3":88.0,"PPA":12.0,"CrsPA":3.0,"Prog":113.0},{"Player":"Jonathan Schmid","Pos":"DF","Cmp":445.0,"Cmp%":71.5,"1\/3":24.0,"PPA":8.0,"CrsPA":2.0,"Prog":37.0},{"Player":"Alessandro Schöpf","Pos":"DF","Cmp":314.0,"Cmp%":76.2,"1\/3":19.0,"PPA":6.0,"CrsPA":0.0,"Prog":22.0},{"Player":"Nico Schulz","Pos":"DF","Cmp":756.0,"Cmp%":73.5,"1\/3":55.0,"PPA":35.0,"CrsPA":17.0,"Prog":98.0},{"Player":"André Schürrle","Pos":"FW","Cmp":395.0,"Cmp%":71.9,"1\/3":26.0,"PPA":24.0,"CrsPA":8.0,"Prog":43.0},{"Player":"Julian Schuster","Pos":"DF","Cmp":602.0,"Cmp%":80.5,"1\/3":37.0,"PPA":8.0,"CrsPA":1.0,"Prog":48.0},{"Player":"Pirmin Schwegler","Pos":"MF","Cmp":1023.0,"Cmp%":75.4,"1\/3":91.0,"PPA":11.0,"CrsPA":0.0,"Prog":112.0},{"Player":"Alexander Schwolow","Pos":"GK","Cmp":823.0,"Cmp%":62.8,"1\/3":30.0,"PPA":2.0,"CrsPA":0.0,"Prog":1.0},{"Player":"Davie Selke","Pos":"FW","Cmp":282.0,"Cmp%":60.9,"1\/3":14.0,"PPA":3.0,"CrsPA":1.0,"Prog":15.0},{"Player":"Suat Serdar","Pos":"MF","Cmp":457.0,"Cmp%":78.3,"1\/3":40.0,"PPA":10.0,"CrsPA":0.0,"Prog":48.0},{"Player":"Yann Sommer","Pos":"GK","Cmp":876.0,"Cmp%":72.2,"1\/3":6.0,"PPA":0.0,"CrsPA":0.0,"Prog":0.0},{"Player":"Oliver Sorg","Pos":"DF","Cmp":525.0,"Cmp%":70.7,"1\/3":57.0,"PPA":10.0,"CrsPA":5.0,"Prog":72.0},{"Player":"Caglar Söyüncü","Pos":"DF","Cmp":912.0,"Cmp%":82.8,"1\/3":58.0,"PPA":2.0,"CrsPA":0.0,"Prog":75.0},{"Player":"Benjamin Stambouli","Pos":"DF","Cmp":1073.0,"Cmp%":78.7,"1\/3":107.0,"PPA":9.0,"CrsPA":1.0,"Prog":125.0},{"Player":"Niklas Stark","Pos":"DF","Cmp":844.0,"Cmp%":81.7,"1\/3":56.0,"PPA":5.0,"CrsPA":1.0,"Prog":85.0},{"Player":"Renato Steffen","Pos":"FW","Cmp":171.0,"Cmp%":77.0,"1\/3":7.0,"PPA":4.0,"CrsPA":2.0,"Prog":9.0},{"Player":"Pascal Stenzel","Pos":"DF","Cmp":830.0,"Cmp%":76.7,"1\/3":67.0,"PPA":19.0,"CrsPA":8.0,"Prog":87.0},{"Player":"Lars Stindl","Pos":"FW","Cmp":1283.0,"Cmp%":82.1,"1\/3":119.0,"PPA":32.0,"CrsPA":0.0,"Prog":134.0},{"Player":"Niklas Süle","Pos":"DF","Cmp":1482.0,"Cmp%":92.7,"1\/3":123.0,"PPA":9.0,"CrsPA":1.0,"Prog":92.0},{"Player":"Ádám Szalai","Pos":"FW","Cmp":165.0,"Cmp%":74.0,"1\/3":10.0,"PPA":1.0,"CrsPA":0.0,"Prog":7.0},{"Player":"Frederik Sörensen","Pos":"DF","Cmp":731.0,"Cmp%":72.4,"1\/3":63.0,"PPA":8.0,"CrsPA":2.0,"Prog":84.0},{"Player":"Jonathan Tah","Pos":"DF","Cmp":1259.0,"Cmp%":85.9,"1\/3":118.0,"PPA":5.0,"CrsPA":2.0,"Prog":109.0},{"Player":"Simon Terodde","Pos":"FW","Cmp":147.0,"Cmp%":67.1,"1\/3":16.0,"PPA":2.0,"CrsPA":1.0,"Prog":11.0},{"Player":"Simon Terodde","Pos":"FW","Cmp":190.0,"Cmp%":65.7,"1\/3":16.0,"PPA":3.0,"CrsPA":0.0,"Prog":22.0},{"Player":"Marco Terrazzino","Pos":"MF","Cmp":489.0,"Cmp%":79.0,"1\/3":39.0,"PPA":22.0,"CrsPA":5.0,"Prog":55.0},{"Player":"Erik Thommy","Pos":"FW","Cmp":51.0,"Cmp%":70.8,"1\/3":2.0,"PPA":4.0,"CrsPA":4.0,"Prog":2.0},{"Player":"Erik Thommy","Pos":"MF","Cmp":224.0,"Cmp%":64.9,"1\/3":18.0,"PPA":12.0,"CrsPA":4.0,"Prog":30.0},{"Player":"Marcel Tisserand","Pos":"DF","Cmp":605.0,"Cmp%":82.1,"1\/3":42.0,"PPA":5.0,"CrsPA":1.0,"Prog":54.0},{"Player":"Corentin Tolisso","Pos":"MF","Cmp":1132.0,"Cmp%":89.8,"1\/3":169.0,"PPA":22.0,"CrsPA":1.0,"Prog":130.0},{"Player":"Jeremy Toljan","Pos":"DF","Cmp":68.0,"Cmp%":84.0,"1\/3":2.0,"PPA":1.0,"CrsPA":1.0,"Prog":2.0},{"Player":"Jeremy Toljan","Pos":"DF","Cmp":673.0,"Cmp%":81.5,"1\/3":49.0,"PPA":10.0,"CrsPA":3.0,"Prog":45.0},{"Player":"Ömer Toprak","Pos":"DF","Cmp":1643.0,"Cmp%":90.2,"1\/3":138.0,"PPA":5.0,"CrsPA":0.0,"Prog":112.0},{"Player":"Philipp Tschauner","Pos":"GK","Cmp":774.0,"Cmp%":70.1,"1\/3":9.0,"PPA":0.0,"CrsPA":0.0,"Prog":0.0},{"Player":"Sven Ulreich","Pos":"GK","Cmp":705.0,"Cmp%":76.1,"1\/3":4.0,"PPA":0.0,"CrsPA":0.0,"Prog":0.0},{"Player":"Mark Uth","Pos":"FW","Cmp":419.0,"Cmp%":74.4,"1\/3":24.0,"PPA":25.0,"CrsPA":7.0,"Prog":52.0},{"Player":"Milos Veljkovic","Pos":"DF","Cmp":1073.0,"Cmp%":77.6,"1\/3":111.0,"PPA":12.0,"CrsPA":2.0,"Prog":111.0},{"Player":"Paul Verhaegh","Pos":"DF","Cmp":1314.0,"Cmp%":78.0,"1\/3":128.0,"PPA":29.0,"CrsPA":16.0,"Prog":146.0},{"Player":"Jannik Vestergaard","Pos":"DF","Cmp":1613.0,"Cmp%":85.8,"1\/3":117.0,"PPA":5.0,"CrsPA":0.0,"Prog":112.0},{"Player":"Arturo Vidal","Pos":"MF","Cmp":1046.0,"Cmp%":88.2,"1\/3":98.0,"PPA":21.0,"CrsPA":1.0,"Prog":96.0},{"Player":"Kevin Vogt","Pos":"DF","Cmp":1956.0,"Cmp%":89.4,"1\/3":134.0,"PPA":16.0,"CrsPA":1.0,"Prog":149.0},{"Player":"Kevin Volland","Pos":"FW","Cmp":553.0,"Cmp%":71.9,"1\/3":43.0,"PPA":22.0,"CrsPA":6.0,"Prog":65.0},{"Player":"Sandro Wagner","Pos":"FW","Cmp":159.0,"Cmp%":72.9,"1\/3":7.0,"PPA":3.0,"CrsPA":0.0,"Prog":9.0},{"Player":"Sandro Wagner","Pos":"FW","Cmp":177.0,"Cmp%":66.5,"1\/3":13.0,"PPA":9.0,"CrsPA":0.0,"Prog":30.0},{"Player":"Walace","Pos":"MF","Cmp":519.0,"Cmp%":78.6,"1\/3":44.0,"PPA":3.0,"CrsPA":1.0,"Prog":52.0},{"Player":"Gian-Luca Waldschmidt","Pos":"MF","Cmp":177.0,"Cmp%":70.0,"1\/3":14.0,"PPA":6.0,"CrsPA":1.0,"Prog":25.0},{"Player":"Julian Weigl","Pos":"MF","Cmp":1071.0,"Cmp%":86.0,"1\/3":100.0,"PPA":7.0,"CrsPA":0.0,"Prog":89.0},{"Player":"Mitchell Weiser","Pos":"DF","Cmp":844.0,"Cmp%":72.4,"1\/3":78.0,"PPA":28.0,"CrsPA":14.0,"Prog":111.0},{"Player":"Wendell","Pos":"DF","Cmp":1132.0,"Cmp%":79.7,"1\/3":86.0,"PPA":22.0,"CrsPA":10.0,"Prog":122.0},{"Player":"Oscar Wendt","Pos":"DF","Cmp":1056.0,"Cmp%":75.6,"1\/3":70.0,"PPA":22.0,"CrsPA":9.0,"Prog":86.0},{"Player":"Timo Werner","Pos":"FW","Cmp":514.0,"Cmp%":69.5,"1\/3":17.0,"PPA":19.0,"CrsPA":3.0,"Prog":44.0},{"Player":"Jetro Willems","Pos":"DF","Cmp":618.0,"Cmp%":70.4,"1\/3":58.0,"PPA":37.0,"CrsPA":14.0,"Prog":95.0},{"Player":"William","Pos":"DF","Cmp":765.0,"Cmp%":74.3,"1\/3":65.0,"PPA":19.0,"CrsPA":7.0,"Prog":94.0},{"Player":"Marius Wolf","Pos":"MF","Cmp":671.0,"Cmp%":65.7,"1\/3":60.0,"PPA":33.0,"CrsPA":10.0,"Prog":94.0},{"Player":"Bobby Wood","Pos":"FW","Cmp":243.0,"Cmp%":70.2,"1\/3":19.0,"PPA":7.0,"CrsPA":0.0,"Prog":26.0},{"Player":"Andriy Yarmolenko","Pos":"FW","Cmp":331.0,"Cmp%":73.7,"1\/3":21.0,"PPA":18.0,"CrsPA":6.0,"Prog":32.0},{"Player":"Denis Zakaria","Pos":"MF","Cmp":882.0,"Cmp%":88.4,"1\/3":69.0,"PPA":5.0,"CrsPA":0.0,"Prog":55.0},{"Player":"Robin Zentner","Pos":"GK","Cmp":305.0,"Cmp%":59.7,"1\/3":16.0,"PPA":1.0,"CrsPA":0.0,"Prog":0.0},{"Player":"Ron-Robert Zieler","Pos":"GK","Cmp":700.0,"Cmp%":54.1,"1\/3":25.0,"PPA":0.0,"CrsPA":0.0,"Prog":0.0},{"Player":"Simon Zoller","Pos":"MF","Cmp":219.0,"Cmp%":70.6,"1\/3":15.0,"PPA":8.0,"CrsPA":3.0,"Prog":24.0},{"Player":"Steven Zuber","Pos":"DF","Cmp":698.0,"Cmp%":81.7,"1\/3":38.0,"PPA":19.0,"CrsPA":3.0,"Prog":88.0},{"Player":"Robert Žulj","Pos":"MF,DF","Cmp":"66","Cmp%":"73.3","1\/3":"3","PPA":"1","CrsPA":"0","Prog":"9"}]