[{"Player":"Aduriz","Pos":"FW","Cmp":149.0,"Cmp%":62.9,"1\/3":10.0,"PPA":3.0,"CrsPA":1.0,"Prog":8.0},{"Player":"Luis Advíncula","Pos":"DF","Cmp":980.0,"Cmp%":81.4,"1\/3":55.0,"PPA":24.0,"CrsPA":13.0,"Prog":70.0},{"Player":"Martín Aguirregabiria","Pos":"DF","Cmp":673.0,"Cmp%":69.5,"1\/3":63.0,"PPA":14.0,"CrsPA":5.0,"Prog":92.0},{"Player":"Jordi Alba","Pos":"DF","Cmp":2305.0,"Cmp%":85.8,"1\/3":141.0,"PPA":60.0,"CrsPA":18.0,"Prog":213.0},{"Player":"Pedro Alcalá","Pos":"DF","Cmp":698.0,"Cmp%":82.8,"1\/3":37.0,"PPA":6.0,"CrsPA":0.0,"Prog":40.0},{"Player":"Rubén Alcaraz","Pos":"MF","Cmp":1435.0,"Cmp%":82.1,"1\/3":170.0,"PPA":2.0,"CrsPA":0.0,"Prog":107.0},{"Player":"Carles Aleñá","Pos":"MF","Cmp":540.0,"Cmp%":92.0,"1\/3":58.0,"PPA":5.0,"CrsPA":0.0,"Prog":39.0},{"Player":"Alfonso","Pos":"DF","Cmp":237.0,"Cmp%":74.3,"1\/3":20.0,"PPA":4.0,"CrsPA":3.0,"Prog":23.0},{"Player":"Sergio Álvarez","Pos":"MF","Cmp":404.0,"Cmp%":81.5,"1\/3":35.0,"PPA":0.0,"CrsPA":0.0,"Prog":24.0},{"Player":"Sergio Álvarez","Pos":"GK","Cmp":293.0,"Cmp%":66.0,"1\/3":5.0,"PPA":0.0,"CrsPA":0.0,"Prog":0.0},{"Player":"Yeray Álvarez","Pos":"DF","Cmp":1027.0,"Cmp%":82.4,"1\/3":78.0,"PPA":5.0,"CrsPA":1.0,"Prog":66.0},{"Player":"Ibrahim Amadou","Pos":"MF","Cmp":313.0,"Cmp%":85.8,"1\/3":17.0,"PPA":2.0,"CrsPA":0.0,"Prog":23.0},{"Player":"Jordi Amat","Pos":"DF","Cmp":1081.0,"Cmp%":83.9,"1\/3":71.0,"PPA":0.0,"CrsPA":0.0,"Prog":83.0},{"Player":"Ángel","Pos":"GK","Cmp":292.0,"Cmp%":80.7,"1\/3":0.0,"PPA":0.0,"CrsPA":0.0,"Prog":0.0},{"Player":"Ángel","Pos":"DF","Cmp":1403.0,"Cmp%":65.3,"1\/3":181.0,"PPA":76.0,"CrsPA":30.0,"Prog":185.0},{"Player":"Antoñito","Pos":"DF","Cmp":671.0,"Cmp%":74.4,"1\/3":50.0,"PPA":25.0,"CrsPA":13.0,"Prog":75.0},{"Player":"Vitorino Antunes","Pos":"DF","Cmp":713.0,"Cmp%":60.5,"1\/3":77.0,"PPA":34.0,"CrsPA":17.0,"Prog":88.0},{"Player":"Mauro Arambarri","Pos":"MF","Cmp":560.0,"Cmp%":69.7,"1\/3":74.0,"PPA":8.0,"CrsPA":2.0,"Prog":90.0},{"Player":"Néstor Araújo","Pos":"DF","Cmp":1299.0,"Cmp%":87.9,"1\/3":57.0,"PPA":6.0,"CrsPA":2.0,"Prog":57.0},{"Player":"Anaitz Arbilla","Pos":"DF","Cmp":855.0,"Cmp%":78.2,"1\/3":126.0,"PPA":6.0,"CrsPA":1.0,"Prog":83.0},{"Player":"Santiago Arias","Pos":"DF","Cmp":821.0,"Cmp%":79.2,"1\/3":46.0,"PPA":26.0,"CrsPA":9.0,"Prog":97.0},{"Player":"Sergio Asenjo","Pos":"GK","Cmp":521.0,"Cmp%":64.7,"1\/3":15.0,"PPA":0.0,"CrsPA":0.0,"Prog":1.0},{"Player":"Marco Asensio","Pos":"FW","Cmp":842.0,"Cmp%":82.5,"1\/3":52.0,"PPA":50.0,"CrsPA":18.0,"Prog":77.0},{"Player":"Iago Aspas","Pos":"FW","Cmp":722.0,"Cmp%":79.9,"1\/3":40.0,"PPA":33.0,"CrsPA":4.0,"Prog":70.0},{"Player":"Ezequiel Ávila","Pos":"FW","Cmp":314.0,"Cmp%":54.5,"1\/3":47.0,"PPA":17.0,"CrsPA":5.0,"Prog":63.0},{"Player":"Abdoulaye Ba","Pos":"DF","Cmp":856.0,"Cmp%":82.5,"1\/3":28.0,"PPA":0.0,"CrsPA":0.0,"Prog":28.0},{"Player":"Carlos Bacca","Pos":"FW","Cmp":192.0,"Cmp%":70.1,"1\/3":7.0,"PPA":6.0,"CrsPA":0.0,"Prog":18.0},{"Player":"Gareth Bale","Pos":"FW","Cmp":569.0,"Cmp%":72.7,"1\/3":42.0,"PPA":23.0,"CrsPA":10.0,"Prog":50.0},{"Player":"Éver Banega","Pos":"MF","Cmp":1820.0,"Cmp%":82.4,"1\/3":224.0,"PPA":40.0,"CrsPA":5.0,"Prog":240.0},{"Player":"Leo Baptistao","Pos":"FW","Cmp":289.0,"Cmp%":73.4,"1\/3":17.0,"PPA":16.0,"CrsPA":4.0,"Prog":33.0},{"Player":"Enis Bardhi","Pos":"MF","Cmp":894.0,"Cmp%":73.8,"1\/3":89.0,"PPA":34.0,"CrsPA":10.0,"Prog":97.0},{"Player":"Marc Bartra","Pos":"DF","Cmp":1993.0,"Cmp%":88.4,"1\/3":133.0,"PPA":4.0,"CrsPA":0.0,"Prog":83.0},{"Player":"Borja Bastón","Pos":"FW","Cmp":208.0,"Cmp%":64.8,"1\/3":11.0,"PPA":4.0,"CrsPA":1.0,"Prog":11.0},{"Player":"Michy Batshuayi","Pos":"FW","Cmp":106.0,"Cmp%":75.7,"1\/3":5.0,"PPA":4.0,"CrsPA":0.0,"Prog":8.0},{"Player":"Jon Bautista","Pos":"FW","Cmp":83.0,"Cmp%":61.0,"1\/3":5.0,"PPA":2.0,"CrsPA":0.0,"Prog":9.0},{"Player":"Bebé","Pos":"FW","Cmp":317.0,"Cmp%":60.2,"1\/3":27.0,"PPA":16.0,"CrsPA":15.0,"Prog":28.0},{"Player":"Bebé","Pos":"MF","Cmp":20.0,"Cmp%":62.5,"1\/3":0.0,"PPA":1.0,"CrsPA":1.0,"Prog":1.0},{"Player":"Fran Beltrán","Pos":"MF","Cmp":798.0,"Cmp%":90.3,"1\/3":53.0,"PPA":6.0,"CrsPA":0.0,"Prog":52.0},{"Player":"Wissam Ben Yedder","Pos":"FW","Cmp":578.0,"Cmp%":73.4,"1\/3":47.0,"PPA":27.0,"CrsPA":6.0,"Prog":56.0},{"Player":"Karim Benzema","Pos":"FW","Cmp":1011.0,"Cmp%":83.4,"1\/3":82.0,"PPA":58.0,"CrsPA":5.0,"Prog":97.0},{"Player":"Yuri","Pos":"DF","Cmp":1392.0,"Cmp%":80.3,"1\/3":101.0,"PPA":33.0,"CrsPA":19.0,"Prog":136.0},{"Player":"Rubén Blanco","Pos":"GK","Cmp":529.0,"Cmp%":65.1,"1\/3":15.0,"PPA":1.0,"CrsPA":0.0,"Prog":0.0},{"Player":"Pablo De Blasis","Pos":"DF","Cmp":554.0,"Cmp%":69.9,"1\/3":68.0,"PPA":31.0,"CrsPA":16.0,"Prog":75.0},{"Player":"Emmanuel Boateng","Pos":"FW","Cmp":70.0,"Cmp%":65.4,"1\/3":5.0,"PPA":1.0,"CrsPA":0.0,"Prog":4.0},{"Player":"Ryad Boudebouz","Pos":"MF","Cmp":278.0,"Cmp%":81.0,"1\/3":16.0,"PPA":10.0,"CrsPA":1.0,"Prog":22.0},{"Player":"Ryad Boudebouz","Pos":"MF","Cmp":300.0,"Cmp%":76.7,"1\/3":25.0,"PPA":13.0,"CrsPA":4.0,"Prog":41.0},{"Player":"Sofiane Boufal","Pos":"MF","Cmp":674.0,"Cmp%":76.2,"1\/3":49.0,"PPA":38.0,"CrsPA":5.0,"Prog":81.0},{"Player":"Martin Braithwaite","Pos":"FW","Cmp":184.0,"Cmp%":73.9,"1\/3":11.0,"PPA":4.0,"CrsPA":0.0,"Prog":9.0},{"Player":"Darko Brasanac","Pos":"MF","Cmp":494.0,"Cmp%":80.1,"1\/3":44.0,"PPA":5.0,"CrsPA":1.0,"Prog":44.0},{"Player":"Burgui","Pos":"MF","Cmp":167.0,"Cmp%":78.8,"1\/3":17.0,"PPA":7.0,"CrsPA":2.0,"Prog":23.0},{"Player":"Sergio Busquets","Pos":"MF","Cmp":2163.0,"Cmp%":90.2,"1\/3":239.0,"PPA":15.0,"CrsPA":0.0,"Prog":167.0},{"Player":"Unai Bustinza","Pos":"DF","Cmp":708.0,"Cmp%":70.0,"1\/3":66.0,"PPA":13.0,"CrsPA":7.0,"Prog":67.0},{"Player":"Erick Cabaco","Pos":"DF","Cmp":516.0,"Cmp%":72.9,"1\/3":60.0,"PPA":6.0,"CrsPA":0.0,"Prog":59.0},{"Player":"Cabral","Pos":"DF","Cmp":807.0,"Cmp%":87.1,"1\/3":36.0,"PPA":2.0,"CrsPA":0.0,"Prog":29.0},{"Player":"Leandro Cabrera","Pos":"DF","Cmp":576.0,"Cmp%":53.7,"1\/3":89.0,"PPA":9.0,"CrsPA":3.0,"Prog":95.0},{"Player":"Fernando Calero","Pos":"DF","Cmp":1221.0,"Cmp%":85.3,"1\/3":97.0,"PPA":5.0,"CrsPA":1.0,"Prog":82.0},{"Player":"Jonathan Calleri","Pos":"FW","Cmp":457.0,"Cmp%":61.8,"1\/3":36.0,"PPA":19.0,"CrsPA":7.0,"Prog":48.0},{"Player":"José Campaña","Pos":"MF","Cmp":1584.0,"Cmp%":80.6,"1\/3":156.0,"PPA":25.0,"CrsPA":6.0,"Prog":185.0},{"Player":"Sergio Canales","Pos":"MF","Cmp":1554.0,"Cmp%":83.6,"1\/3":96.0,"PPA":40.0,"CrsPA":11.0,"Prog":99.0},{"Player":"Ander Capa","Pos":"DF","Cmp":673.0,"Cmp%":73.2,"1\/3":40.0,"PPA":27.0,"CrsPA":8.0,"Prog":63.0},{"Player":"Marc Cardona","Pos":"FW","Cmp":128.0,"Cmp%":71.5,"1\/3":8.0,"PPA":4.0,"CrsPA":1.0,"Prog":9.0},{"Player":"Daniel Carriço","Pos":"DF","Cmp":806.0,"Cmp%":81.5,"1\/3":53.0,"PPA":7.0,"CrsPA":1.0,"Prog":57.0},{"Player":"Guido Carrillo","Pos":"FW","Cmp":416.0,"Cmp%":66.8,"1\/3":34.0,"PPA":4.0,"CrsPA":0.0,"Prog":32.0},{"Player":"Daniel Carvajal","Pos":"DF","Cmp":1591.0,"Cmp%":86.8,"1\/3":84.0,"PPA":28.0,"CrsPA":8.0,"Prog":104.0},{"Player":"William Carvalho","Pos":"MF","Cmp":1704.0,"Cmp%":89.2,"1\/3":202.0,"PPA":28.0,"CrsPA":0.0,"Prog":176.0},{"Player":"Casemiro","Pos":"MF","Cmp":1438.0,"Cmp%":88.3,"1\/3":110.0,"PPA":14.0,"CrsPA":1.0,"Prog":107.0},{"Player":"Santiago Cáseres","Pos":"MF","Cmp":781.0,"Cmp%":90.7,"1\/3":75.0,"PPA":5.0,"CrsPA":1.0,"Prog":69.0},{"Player":"Santiago Cazorla","Pos":"MF","Cmp":1413.0,"Cmp%":81.0,"1\/3":163.0,"PPA":50.0,"CrsPA":10.0,"Prog":176.0},{"Player":"Dani Ceballos","Pos":"MF","Cmp":964.0,"Cmp%":92.2,"1\/3":88.0,"PPA":16.0,"CrsPA":1.0,"Prog":62.0},{"Player":"Charles","Pos":"FW","Cmp":386.0,"Cmp%":68.8,"1\/3":36.0,"PPA":10.0,"CrsPA":1.0,"Prog":35.0},{"Player":"Denis Cheryshev","Pos":"MF","Cmp":472.0,"Cmp%":65.4,"1\/3":34.0,"PPA":37.0,"CrsPA":21.0,"Prog":66.0},{"Player":"Samuel Chukwueze","Pos":"FW","Cmp":387.0,"Cmp%":71.7,"1\/3":24.0,"PPA":21.0,"CrsPA":4.0,"Prog":57.0},{"Player":"Coke","Pos":"DF","Cmp":700.0,"Cmp%":75.7,"1\/3":40.0,"PPA":22.0,"CrsPA":10.0,"Prog":81.0},{"Player":"Santiago Comesaña","Pos":"MF","Cmp":916.0,"Cmp%":85.2,"1\/3":70.0,"PPA":9.0,"CrsPA":3.0,"Prog":80.0},{"Player":"Duje Cop","Pos":"FW","Cmp":120.0,"Cmp%":68.2,"1\/3":5.0,"PPA":6.0,"CrsPA":5.0,"Prog":7.0},{"Player":"Francis Coquelin","Pos":"MF","Cmp":840.0,"Cmp%":86.2,"1\/3":89.0,"PPA":7.0,"CrsPA":0.0,"Prog":73.0},{"Player":"Iñigo Córdoba","Pos":"FW","Cmp":308.0,"Cmp%":67.4,"1\/3":16.0,"PPA":20.0,"CrsPA":9.0,"Prog":28.0},{"Player":"Ángel","Pos":"MF","Cmp":566.0,"Cmp%":73.9,"1\/3":54.0,"PPA":22.0,"CrsPA":3.0,"Prog":62.0},{"Player":"Diego Costa","Pos":"FW","Cmp":220.0,"Cmp%":70.7,"1\/3":8.0,"PPA":8.0,"CrsPA":0.0,"Prog":16.0},{"Player":"Jaume Costa","Pos":"DF","Cmp":781.0,"Cmp%":81.0,"1\/3":75.0,"PPA":19.0,"CrsPA":6.0,"Prog":88.0},{"Player":"David Costas","Pos":"DF","Cmp":614.0,"Cmp%":89.1,"1\/3":34.0,"PPA":0.0,"CrsPA":0.0,"Prog":21.0},{"Player":"Thibaut Courtois","Pos":"GK","Cmp":643.0,"Cmp%":77.4,"1\/3":0.0,"PPA":0.0,"CrsPA":0.0,"Prog":0.0},{"Player":"Philippe Coutinho","Pos":"FW","Cmp":1260.0,"Cmp%":86.1,"1\/3":94.0,"PPA":51.0,"CrsPA":3.0,"Prog":108.0},{"Player":"Sebastián Cristóforo","Pos":"MF","Cmp":120.0,"Cmp%":77.4,"1\/3":16.0,"PPA":2.0,"CrsPA":0.0,"Prog":15.0},{"Player":"Marc Cucurella","Pos":"MF","Cmp":763.0,"Cmp%":76.5,"1\/3":44.0,"PPA":29.0,"CrsPA":14.0,"Prog":68.0},{"Player":"Iván Cuéllar","Pos":"GK","Cmp":576.0,"Cmp%":54.8,"1\/3":33.0,"PPA":1.0,"CrsPA":0.0,"Prog":0.0},{"Player":"Sergi Darder","Pos":"MF","Cmp":1025.0,"Cmp%":78.1,"1\/3":124.0,"PPA":32.0,"CrsPA":5.0,"Prog":135.0},{"Player":"Ousmane Dembélé","Pos":"FW","Cmp":790.0,"Cmp%":77.6,"1\/3":51.0,"PPA":47.0,"CrsPA":12.0,"Prog":70.0},{"Player":"Mouctar Diakhaby","Pos":"DF","Cmp":592.0,"Cmp%":86.0,"1\/3":25.0,"PPA":0.0,"CrsPA":0.0,"Prog":30.0},{"Player":"Stole Dimitrievski","Pos":"GK","Cmp":430.0,"Cmp%":66.4,"1\/3":11.0,"PPA":1.0,"CrsPA":0.0,"Prog":0.0},{"Player":"Papakouly Diop","Pos":"MF","Cmp":850.0,"Cmp%":74.2,"1\/3":121.0,"PPA":16.0,"CrsPA":1.0,"Prog":123.0},{"Player":"Marko Dmitrovic","Pos":"GK","Cmp":371.0,"Cmp%":49.6,"1\/3":45.0,"PPA":0.0,"CrsPA":0.0,"Prog":0.0},{"Player":"Seydou Doumbia","Pos":"FW","Cmp":52.0,"Cmp%":73.2,"1\/3":2.0,"PPA":2.0,"CrsPA":0.0,"Prog":5.0},{"Player":"Rubén Duarte","Pos":"DF","Cmp":847.0,"Cmp%":68.8,"1\/3":95.0,"PPA":21.0,"CrsPA":11.0,"Prog":85.0},{"Player":"Aritz Elustondo","Pos":"DF","Cmp":973.0,"Cmp%":79.8,"1\/3":55.0,"PPA":12.0,"CrsPA":7.0,"Prog":60.0},{"Player":"Rodrigo","Pos":"DF","Cmp":100.0,"Cmp%":74.1,"1\/3":8.0,"PPA":0.0,"CrsPA":0.0,"Prog":5.0},{"Player":"Adrián Embarba","Pos":"FW","Cmp":510.0,"Cmp%":60.9,"1\/3":34.0,"PPA":24.0,"CrsPA":15.0,"Prog":40.0},{"Player":"Youssef En-Nesyri","Pos":"FW","Cmp":278.0,"Cmp%":56.2,"1\/3":26.0,"PPA":8.0,"CrsPA":3.0,"Prog":37.0},{"Player":"Sergi Enrich","Pos":"FW","Cmp":683.0,"Cmp%":73.8,"1\/3":29.0,"PPA":13.0,"CrsPA":1.0,"Prog":38.0},{"Player":"Gonzalo Escalante","Pos":"MF","Cmp":597.0,"Cmp%":77.7,"1\/3":60.0,"PPA":7.0,"CrsPA":1.0,"Prog":59.0},{"Player":"Sergio Escudero","Pos":"DF","Cmp":752.0,"Cmp%":79.1,"1\/3":61.0,"PPA":27.0,"CrsPA":9.0,"Prog":84.0},{"Player":"Bernardo","Pos":"DF","Cmp":1203.0,"Cmp%":88.1,"1\/3":22.0,"PPA":3.0,"CrsPA":1.0,"Prog":48.0},{"Player":"Beñat","Pos":"MF","Cmp":996.0,"Cmp%":80.3,"1\/3":121.0,"PPA":18.0,"CrsPA":4.0,"Prog":103.0},{"Player":"Etxeita","Pos":"DF","Cmp":659.0,"Cmp%":76.1,"1\/3":54.0,"PPA":3.0,"CrsPA":0.0,"Prog":62.0},{"Player":"Zouhair Feddal","Pos":"DF","Cmp":1104.0,"Cmp%":86.1,"1\/3":79.0,"PPA":8.0,"CrsPA":0.0,"Prog":63.0},{"Player":"Aitor Fernández","Pos":"GK","Cmp":272.0,"Cmp%":59.8,"1\/3":9.0,"PPA":0.0,"CrsPA":0.0,"Prog":0.0},{"Player":"Borja","Pos":"MF","Cmp":308.0,"Cmp%":78.8,"1\/3":19.0,"PPA":0.0,"CrsPA":0.0,"Prog":23.0},{"Player":"Joaquín","Pos":"DF","Cmp":244.0,"Cmp%":81.3,"1\/3":7.0,"PPA":0.0,"CrsPA":0.0,"Prog":13.0},{"Player":"David Ferreiro","Pos":"FW","Cmp":645.0,"Cmp%":62.4,"1\/3":45.0,"PPA":43.0,"CrsPA":23.0,"Prog":65.0},{"Player":"Júnior Firpo","Pos":"DF","Cmp":915.0,"Cmp%":80.8,"1\/3":41.0,"PPA":17.0,"CrsPA":4.0,"Prog":70.0},{"Player":"Pablo Fornals","Pos":"MF","Cmp":926.0,"Cmp%":77.6,"1\/3":108.0,"PPA":40.0,"CrsPA":8.0,"Prog":114.0},{"Player":"Dimitri Foulquier","Pos":"MF","Cmp":291.0,"Cmp%":61.3,"1\/3":26.0,"PPA":9.0,"CrsPA":4.0,"Prog":36.0},{"Player":"Ramiro Funes Mori","Pos":"DF","Cmp":995.0,"Cmp%":82.2,"1\/3":73.0,"PPA":4.0,"CrsPA":0.0,"Prog":67.0},{"Player":"Javi Galán","Pos":"DF","Cmp":421.0,"Cmp%":67.1,"1\/3":28.0,"PPA":17.0,"CrsPA":14.0,"Prog":36.0},{"Player":"Álex Gallar","Pos":"MF","Cmp":345.0,"Cmp%":73.4,"1\/3":31.0,"PPA":17.0,"CrsPA":6.0,"Prog":40.0},{"Player":"Enric Gallego","Pos":"FW","Cmp":222.0,"Cmp%":58.0,"1\/3":15.0,"PPA":10.0,"CrsPA":3.0,"Prog":33.0},{"Player":"Kevin Gameiro","Pos":"FW","Cmp":334.0,"Cmp%":77.0,"1\/3":17.0,"PPA":13.0,"CrsPA":0.0,"Prog":25.0},{"Player":"Ezequiel Garay","Pos":"DF","Cmp":908.0,"Cmp%":85.2,"1\/3":81.0,"PPA":4.0,"CrsPA":0.0,"Prog":70.0},{"Player":"Borja","Pos":"FW","Cmp":2.0,"Cmp%":50.0,"1\/3":0.0,"PPA":0.0,"CrsPA":0.0,"Prog":0.0},{"Player":"Alberto García","Pos":"GK","Cmp":381.0,"Cmp%":71.6,"1\/3":9.0,"PPA":0.0,"CrsPA":0.0,"Prog":0.0},{"Player":"Aleix García","Pos":"MF","Cmp":929.0,"Cmp%":82.5,"1\/3":81.0,"PPA":16.0,"CrsPA":3.0,"Prog":95.0},{"Player":"Álvaro García","Pos":"FW","Cmp":309.0,"Cmp%":60.9,"1\/3":24.0,"PPA":14.0,"CrsPA":6.0,"Prog":35.0},{"Player":"Borja","Pos":"FW","Cmp":1102.0,"Cmp%":81.6,"1\/3":91.0,"PPA":39.0,"CrsPA":3.0,"Prog":116.0},{"Player":"Dani García","Pos":"MF","Cmp":1165.0,"Cmp%":83.8,"1\/3":101.0,"PPA":3.0,"CrsPA":0.0,"Prog":83.0},{"Player":"Dani García","Pos":"DF","Cmp":424.0,"Cmp%":94.0,"1\/3":25.0,"PPA":0.0,"CrsPA":0.0,"Prog":26.0},{"Player":"Manu García","Pos":"MF","Cmp":718.0,"Cmp%":75.5,"1\/3":77.0,"PPA":6.0,"CrsPA":2.0,"Prog":79.0},{"Player":"Raúl García","Pos":"DF","Cmp":74.0,"Cmp%":56.5,"1\/3":5.0,"PPA":0.0,"CrsPA":0.0,"Prog":5.0},{"Player":"Raúl García","Pos":"MF","Cmp":545.0,"Cmp%":58.3,"1\/3":74.0,"PPA":30.0,"CrsPA":3.0,"Prog":100.0},{"Player":"Raúl García","Pos":"DF","Cmp":352.0,"Cmp%":70.4,"1\/3":26.0,"PPA":8.0,"CrsPA":6.0,"Prog":25.0},{"Player":"Sergio García","Pos":"FW","Cmp":328.0,"Cmp%":63.7,"1\/3":31.0,"PPA":37.0,"CrsPA":13.0,"Prog":71.0},{"Player":"Mario","Pos":"DF","Cmp":1068.0,"Cmp%":80.5,"1\/3":80.0,"PPA":23.0,"CrsPA":9.0,"Prog":102.0},{"Player":"Diego Godín","Pos":"DF","Cmp":856.0,"Cmp%":81.2,"1\/3":56.0,"PPA":3.0,"CrsPA":0.0,"Prog":54.0},{"Player":"Ibai Gómez","Pos":"MF","Cmp":389.0,"Cmp%":68.2,"1\/3":35.0,"PPA":17.0,"CrsPA":10.0,"Prog":48.0},{"Player":"Ibai Gómez","Pos":"FW","Cmp":202.0,"Cmp%":69.2,"1\/3":18.0,"PPA":12.0,"CrsPA":9.0,"Prog":16.0},{"Player":"Maxi Gómez","Pos":"FW","Cmp":516.0,"Cmp%":73.2,"1\/3":40.0,"PPA":15.0,"CrsPA":2.0,"Prog":49.0},{"Player":"Moi Gómez","Pos":"MF","Cmp":1234.0,"Cmp%":79.3,"1\/3":137.0,"PPA":28.0,"CrsPA":13.0,"Prog":143.0},{"Player":"Sergi Gómez","Pos":"DF","Cmp":1239.0,"Cmp%":86.2,"1\/3":65.0,"PPA":4.0,"CrsPA":2.0,"Prog":73.0},{"Player":"Álvaro González","Pos":"DF","Cmp":1208.0,"Cmp%":80.1,"1\/3":131.0,"PPA":14.0,"CrsPA":2.0,"Prog":139.0},{"Player":"Bruno","Pos":"DF","Cmp":386.0,"Cmp%":72.7,"1\/3":18.0,"PPA":2.0,"CrsPA":1.0,"Prog":26.0},{"Player":"Álex Granell","Pos":"MF","Cmp":1084.0,"Cmp%":71.3,"1\/3":144.0,"PPA":38.0,"CrsPA":18.0,"Prog":164.0},{"Player":"Esteban Granero","Pos":"MF","Cmp":983.0,"Cmp%":83.2,"1\/3":95.0,"PPA":19.0,"CrsPA":2.0,"Prog":95.0},{"Player":"Antoine Griezmann","Pos":"FW","Cmp":1136.0,"Cmp%":75.2,"1\/3":82.0,"PPA":71.0,"CrsPA":8.0,"Prog":131.0},{"Player":"Andrés Guardado","Pos":"MF","Cmp":1439.0,"Cmp%":86.7,"1\/3":112.0,"PPA":32.0,"CrsPA":4.0,"Prog":110.0},{"Player":"Sergi Guardiola","Pos":"FW","Cmp":7.0,"Cmp%":50.0,"1\/3":1.0,"PPA":1.0,"CrsPA":0.0,"Prog":1.0},{"Player":"Sergi Guardiola","Pos":"FW","Cmp":229.0,"Cmp%":64.0,"1\/3":15.0,"PPA":10.0,"CrsPA":1.0,"Prog":26.0},{"Player":"Gonçalo Guedes","Pos":"MF","Cmp":466.0,"Cmp%":71.1,"1\/3":46.0,"PPA":46.0,"CrsPA":8.0,"Prog":86.0},{"Player":"Francis","Pos":"DF","Cmp":793.0,"Cmp%":79.6,"1\/3":24.0,"PPA":23.0,"CrsPA":8.0,"Prog":50.0},{"Player":"John Guidetti","Pos":"FW","Cmp":107.0,"Cmp%":67.7,"1\/3":5.0,"PPA":5.0,"CrsPA":3.0,"Prog":9.0},{"Player":"Gerard Gumbau","Pos":"MF","Cmp":318.0,"Cmp%":71.0,"1\/3":22.0,"PPA":5.0,"CrsPA":3.0,"Prog":30.0},{"Player":"Munir","Pos":"FW","Cmp":246.0,"Cmp%":73.0,"1\/3":20.0,"PPA":7.0,"CrsPA":2.0,"Prog":22.0},{"Player":"Munir","Pos":"FW","Cmp":48.0,"Cmp%":76.2,"1\/3":2.0,"PPA":0.0,"CrsPA":0.0,"Prog":1.0},{"Player":"Mario Hermoso","Pos":"DF","Cmp":1380.0,"Cmp%":84.6,"1\/3":79.0,"PPA":3.0,"CrsPA":0.0,"Prog":85.0},{"Player":"Theo Hernández","Pos":"DF","Cmp":960.0,"Cmp%":81.8,"1\/3":40.0,"PPA":20.0,"CrsPA":9.0,"Prog":71.0},{"Player":"Yangel Herrera","Pos":"MF","Cmp":365.0,"Cmp%":78.2,"1\/3":41.0,"PPA":5.0,"CrsPA":0.0,"Prog":35.0},{"Player":"Iago Herrerín","Pos":"GK","Cmp":564.0,"Cmp%":57.0,"1\/3":49.0,"PPA":3.0,"CrsPA":0.0,"Prog":0.0},{"Player":"Andrew Hjulsager","Pos":"MF","Cmp":94.0,"Cmp%":69.6,"1\/3":9.0,"PPA":7.0,"CrsPA":4.0,"Prog":9.0},{"Player":"Rober","Pos":"FW","Cmp":16.0,"Cmp%":88.9,"1\/3":2.0,"PPA":0.0,"CrsPA":0.0,"Prog":2.0},{"Player":"Vicente Iborra","Pos":"MF","Cmp":632.0,"Cmp%":80.3,"1\/3":50.0,"PPA":7.0,"CrsPA":0.0,"Prog":48.0},{"Player":"Borja Iglesias","Pos":"FW","Cmp":481.0,"Cmp%":69.5,"1\/3":21.0,"PPA":13.0,"CrsPA":2.0,"Prog":31.0},{"Player":"Asier Illarramendi","Pos":"MF","Cmp":1046.0,"Cmp%":84.2,"1\/3":109.0,"PPA":10.0,"CrsPA":0.0,"Prog":106.0},{"Player":"Giannelli Imbula","Pos":"MF","Cmp":666.0,"Cmp%":89.2,"1\/3":71.0,"PPA":15.0,"CrsPA":2.0,"Prog":61.0},{"Player":"Takashi Inui","Pos":"MF","Cmp":188.0,"Cmp%":73.7,"1\/3":15.0,"PPA":7.0,"CrsPA":2.0,"Prog":21.0},{"Player":"Takashi Inui","Pos":"FW","Cmp":109.0,"Cmp%":82.0,"1\/3":5.0,"PPA":6.0,"CrsPA":1.0,"Prog":11.0},{"Player":"Isco","Pos":"MF","Cmp":839.0,"Cmp%":85.1,"1\/3":100.0,"PPA":20.0,"CrsPA":3.0,"Prog":67.0},{"Player":"Adnan Januzaj","Pos":"FW","Cmp":367.0,"Cmp%":66.4,"1\/3":27.0,"PPA":33.0,"CrsPA":12.0,"Prog":50.0},{"Player":"Jason","Pos":"MF","Cmp":573.0,"Cmp%":68.5,"1\/3":47.0,"PPA":26.0,"CrsPA":8.0,"Prog":72.0},{"Player":"Joaquín","Pos":"FW","Cmp":798.0,"Cmp%":81.3,"1\/3":31.0,"PPA":46.0,"CrsPA":12.0,"Prog":80.0},{"Player":"Jony","Pos":"MF","Cmp":657.0,"Cmp%":55.5,"1\/3":46.0,"PPA":60.0,"CrsPA":35.0,"Prog":85.0},{"Player":"Joan Jordán","Pos":"MF","Cmp":1505.0,"Cmp%":79.8,"1\/3":184.0,"PPA":36.0,"CrsPA":13.0,"Prog":151.0},{"Player":"Willian José","Pos":"FW","Cmp":576.0,"Cmp%":74.5,"1\/3":35.0,"PPA":22.0,"CrsPA":4.0,"Prog":48.0},{"Player":"Jozabed","Pos":"MF","Cmp":611.0,"Cmp%":84.7,"1\/3":73.0,"PPA":6.0,"CrsPA":1.0,"Prog":48.0},{"Player":"Juanfran","Pos":"DF","Cmp":450.0,"Cmp%":67.3,"1\/3":37.0,"PPA":37.0,"CrsPA":27.0,"Prog":66.0},{"Player":"Juanfran","Pos":"DF","Cmp":796.0,"Cmp%":81.0,"1\/3":40.0,"PPA":28.0,"CrsPA":11.0,"Prog":71.0},{"Player":"Juanmi","Pos":"FW","Cmp":305.0,"Cmp%":81.3,"1\/3":11.0,"PPA":11.0,"CrsPA":2.0,"Prog":21.0},{"Player":"Juanpe","Pos":"DF","Cmp":1256.0,"Cmp%":82.9,"1\/3":68.0,"PPA":6.0,"CrsPA":0.0,"Prog":79.0},{"Player":"Juanmi","Pos":"MF","Cmp":170.0,"Cmp%":73.3,"1\/3":17.0,"PPA":6.0,"CrsPA":1.0,"Prog":19.0},{"Player":"David Juncà","Pos":"DF","Cmp":838.0,"Cmp%":80.3,"1\/3":49.0,"PPA":24.0,"CrsPA":10.0,"Prog":73.0},{"Player":"Vinícius Júnior","Pos":"FW","Cmp":230.0,"Cmp%":73.0,"1\/3":7.0,"PPA":13.0,"CrsPA":6.0,"Prog":22.0},{"Player":"Nikola Kalinic","Pos":"FW","Cmp":60.0,"Cmp%":57.7,"1\/3":2.0,"PPA":2.0,"CrsPA":0.0,"Prog":3.0},{"Player":"Keko","Pos":"MF","Cmp":345.0,"Cmp%":64.1,"1\/3":23.0,"PPA":20.0,"CrsPA":15.0,"Prog":40.0},{"Player":"Simon Kjaer","Pos":"DF","Cmp":772.0,"Cmp%":85.9,"1\/3":38.0,"PPA":6.0,"CrsPA":0.0,"Prog":39.0},{"Player":"Koke","Pos":"MF","Cmp":1698.0,"Cmp%":82.5,"1\/3":181.0,"PPA":35.0,"CrsPA":5.0,"Prog":145.0},{"Player":"Geoffrey Kondogbia","Pos":"MF","Cmp":638.0,"Cmp%":84.8,"1\/3":77.0,"PPA":11.0,"CrsPA":0.0,"Prog":69.0},{"Player":"Toni Kroos","Pos":"MF","Cmp":1966.0,"Cmp%":89.2,"1\/3":225.0,"PPA":17.0,"CrsPA":3.0,"Prog":163.0},{"Player":"Víctor Laguardia","Pos":"DF","Cmp":919.0,"Cmp%":73.4,"1\/3":89.0,"PPA":8.0,"CrsPA":0.0,"Prog":92.0},{"Player":"Wu Lei","Pos":"FW","Cmp":156.0,"Cmp%":70.6,"1\/3":6.0,"PPA":14.0,"CrsPA":3.0,"Prog":16.0},{"Player":"Thomas Lemar","Pos":"MF","Cmp":820.0,"Cmp%":80.9,"1\/3":59.0,"PPA":28.0,"CrsPA":4.0,"Prog":81.0},{"Player":"Clement Lenglet","Pos":"DF","Cmp":1024.0,"Cmp%":89.4,"1\/3":40.0,"PPA":0.0,"CrsPA":0.0,"Prog":48.0},{"Player":"Sergio León","Pos":"FW","Cmp":80.0,"Cmp%":75.5,"1\/3":0.0,"PPA":1.0,"CrsPA":1.0,"Prog":2.0},{"Player":"Diego Llorente","Pos":"DF","Cmp":931.0,"Cmp%":85.3,"1\/3":52.0,"PPA":3.0,"CrsPA":0.0,"Prog":50.0},{"Player":"Giovani Lo Celso","Pos":"MF","Cmp":1199.0,"Cmp%":82.6,"1\/3":102.0,"PPA":47.0,"CrsPA":2.0,"Prog":124.0},{"Player":"Stanislav Lobotka","Pos":"MF","Cmp":1284.0,"Cmp%":89.2,"1\/3":105.0,"PPA":12.0,"CrsPA":1.0,"Prog":106.0},{"Player":"Samuele Longo","Pos":"FW","Cmp":56.0,"Cmp%":66.7,"1\/3":5.0,"PPA":1.0,"CrsPA":0.0,"Prog":5.0},{"Player":"David López","Pos":"DF","Cmp":1053.0,"Cmp%":88.5,"1\/3":65.0,"PPA":5.0,"CrsPA":1.0,"Prog":61.0},{"Player":"Diego López","Pos":"GK","Cmp":845.0,"Cmp%":70.2,"1\/3":14.0,"PPA":1.0,"CrsPA":0.0,"Prog":0.0},{"Player":"Javi López","Pos":"DF","Cmp":835.0,"Cmp%":76.9,"1\/3":56.0,"PPA":22.0,"CrsPA":7.0,"Prog":82.0},{"Player":"Pau López","Pos":"GK","Cmp":989.0,"Cmp%":81.0,"1\/3":3.0,"PPA":0.0,"CrsPA":0.0,"Prog":1.0},{"Player":"Rober","Pos":"MF","Cmp":3.0,"Cmp%":60.0,"1\/3":0.0,"PPA":0.0,"CrsPA":0.0,"Prog":0.0},{"Player":"Anthony Lozano","Pos":"FW","Cmp":125.0,"Cmp%":64.1,"1\/3":8.0,"PPA":5.0,"CrsPA":0.0,"Prog":13.0},{"Player":"Filipe Luis","Pos":"DF","Cmp":1259.0,"Cmp%":82.7,"1\/3":131.0,"PPA":25.0,"CrsPA":9.0,"Prog":115.0},{"Player":"Douglas Luiz","Pos":"MF","Cmp":634.0,"Cmp%":82.8,"1\/3":72.0,"PPA":10.0,"CrsPA":1.0,"Prog":79.0},{"Player":"Antonio Luna","Pos":"DF","Cmp":471.0,"Cmp%":72.8,"1\/3":27.0,"PPA":17.0,"CrsPA":9.0,"Prog":49.0},{"Player":"Nemanja Maksimovic","Pos":"MF","Cmp":583.0,"Cmp%":74.8,"1\/3":54.0,"PPA":10.0,"CrsPA":0.0,"Prog":71.0},{"Player":"Malcom","Pos":"FW","Cmp":273.0,"Cmp%":83.0,"1\/3":8.0,"PPA":4.0,"CrsPA":1.0,"Prog":21.0},{"Player":"Hugo Mallo","Pos":"DF","Cmp":1450.0,"Cmp%":72.6,"1\/3":108.0,"PPA":44.0,"CrsPA":15.0,"Prog":135.0},{"Player":"Aissa Mandi","Pos":"DF","Cmp":2417.0,"Cmp%":92.6,"1\/3":183.0,"PPA":9.0,"CrsPA":1.0,"Prog":127.0},{"Player":"Marcelo","Pos":"DF","Cmp":1250.0,"Cmp%":81.4,"1\/3":109.0,"PPA":56.0,"CrsPA":14.0,"Prog":161.0},{"Player":"Mario","Pos":"FW","Cmp":72.0,"Cmp%":75.8,"1\/3":3.0,"PPA":3.0,"CrsPA":0.0,"Prog":7.0},{"Player":"Guillermo Maripán","Pos":"DF","Cmp":527.0,"Cmp%":77.6,"1\/3":29.0,"PPA":0.0,"CrsPA":0.0,"Prog":41.0},{"Player":"Roger","Pos":"FW","Cmp":268.0,"Cmp%":69.6,"1\/3":23.0,"PPA":11.0,"CrsPA":1.0,"Prog":24.0},{"Player":"Iñigo Martínez","Pos":"DF","Cmp":1113.0,"Cmp%":79.3,"1\/3":92.0,"PPA":6.0,"CrsPA":0.0,"Prog":85.0},{"Player":"Jordi Masip","Pos":"GK","Cmp":594.0,"Cmp%":51.9,"1\/3":17.0,"PPA":0.0,"CrsPA":0.0,"Prog":0.0},{"Player":"Jaime Mata","Pos":"FW","Cmp":424.0,"Cmp%":61.4,"1\/3":32.0,"PPA":19.0,"CrsPA":6.0,"Prog":54.0},{"Player":"Borja Mayoral","Pos":"FW","Cmp":327.0,"Cmp%":83.0,"1\/3":16.0,"PPA":13.0,"CrsPA":2.0,"Prog":28.0},{"Player":"Álvaro Medrán","Pos":"MF","Cmp":631.0,"Cmp%":80.8,"1\/3":71.0,"PPA":5.0,"CrsPA":1.0,"Prog":60.0},{"Player":"Óscar Melendo","Pos":"MF","Cmp":760.0,"Cmp%":84.9,"1\/3":64.0,"PPA":50.0,"CrsPA":3.0,"Prog":92.0},{"Player":"Gonzalo Melero","Pos":"MF","Cmp":623.0,"Cmp%":87.3,"1\/3":67.0,"PPA":6.0,"CrsPA":0.0,"Prog":64.0},{"Player":"Arthur","Pos":"MF","Cmp":1211.0,"Cmp%":93.0,"1\/3":139.0,"PPA":8.0,"CrsPA":0.0,"Prog":82.0},{"Player":"Brais Méndez","Pos":"MF","Cmp":918.0,"Cmp%":75.0,"1\/3":75.0,"PPA":29.0,"CrsPA":6.0,"Prog":89.0},{"Player":"Gabriel Mercado","Pos":"DF","Cmp":635.0,"Cmp%":83.1,"1\/3":37.0,"PPA":4.0,"CrsPA":0.0,"Prog":37.0},{"Player":"Mikel Merino","Pos":"MF","Cmp":883.0,"Cmp%":79.3,"1\/3":111.0,"PPA":21.0,"CrsPA":7.0,"Prog":115.0},{"Player":"Roque Mesa","Pos":"MF","Cmp":828.0,"Cmp%":85.1,"1\/3":75.0,"PPA":25.0,"CrsPA":10.0,"Prog":71.0},{"Player":"Lionel Messi","Pos":"FW","Cmp":1524.0,"Cmp%":78.6,"1\/3":179.0,"PPA":141.0,"CrsPA":10.0,"Prog":281.0},{"Player":"Míchel","Pos":"MF","Cmp":1402.0,"Cmp%":81.0,"1\/3":128.0,"PPA":13.0,"CrsPA":3.0,"Prog":160.0},{"Player":"Santi Mina","Pos":"FW","Cmp":350.0,"Cmp%":73.4,"1\/3":22.0,"PPA":8.0,"CrsPA":4.0,"Prog":23.0},{"Player":"Jorge Miramón","Pos":"DF","Cmp":993.0,"Cmp%":73.2,"1\/3":70.0,"PPA":35.0,"CrsPA":16.0,"Prog":111.0},{"Player":"Luka Modric","Pos":"MF","Cmp":1725.0,"Cmp%":87.1,"1\/3":204.0,"PPA":41.0,"CrsPA":5.0,"Prog":175.0},{"Player":"Jorge Molina","Pos":"FW","Cmp":500.0,"Cmp%":66.8,"1\/3":35.0,"PPA":34.0,"CrsPA":4.0,"Prog":74.0},{"Player":"Francis","Pos":"DF","Cmp":119.0,"Cmp%":76.3,"1\/3":5.0,"PPA":1.0,"CrsPA":0.0,"Prog":4.0},{"Player":"Álvaro Morata","Pos":"FW","Cmp":179.0,"Cmp%":63.9,"1\/3":7.0,"PPA":4.0,"CrsPA":0.0,"Prog":12.0},{"Player":"Álex Moreno","Pos":"DF","Cmp":1178.0,"Cmp%":76.2,"1\/3":70.0,"PPA":44.0,"CrsPA":17.0,"Prog":113.0},{"Player":"Gerard Moreno","Pos":"FW","Cmp":550.0,"Cmp%":72.0,"1\/3":47.0,"PPA":22.0,"CrsPA":7.0,"Prog":69.0},{"Player":"Héctor Moreno","Pos":"DF","Cmp":1037.0,"Cmp%":85.6,"1\/3":66.0,"PPA":3.0,"CrsPA":0.0,"Prog":89.0},{"Player":"Loren Morón","Pos":"FW","Cmp":272.0,"Cmp%":74.3,"1\/3":12.0,"PPA":11.0,"CrsPA":1.0,"Prog":23.0},{"Player":"Javi Moyano","Pos":"DF","Cmp":725.0,"Cmp%":74.6,"1\/3":48.0,"PPA":12.0,"CrsPA":1.0,"Prog":76.0},{"Player":"Muniain","Pos":"FW","Cmp":1052.0,"Cmp%":84.2,"1\/3":122.0,"PPA":35.0,"CrsPA":6.0,"Prog":118.0},{"Player":"Marc Muniesa","Pos":"DF","Cmp":708.0,"Cmp%":79.8,"1\/3":51.0,"PPA":11.0,"CrsPA":2.0,"Prog":66.0},{"Player":"Joaquín","Pos":"MF","Cmp":0.0,"Cmp%":0.0,"1\/3":0.0,"PPA":0.0,"CrsPA":0.0,"Prog":0.0},{"Player":"Damián Musto","Pos":"MF","Cmp":628.0,"Cmp%":80.7,"1\/3":54.0,"PPA":4.0,"CrsPA":0.0,"Prog":52.0},{"Player":"Nacho","Pos":"DF","Cmp":1291.0,"Cmp%":70.8,"1\/3":94.0,"PPA":45.0,"CrsPA":13.0,"Prog":140.0},{"Player":"Nacho","Pos":"DF","Cmp":912.0,"Cmp%":88.7,"1\/3":41.0,"PPA":6.0,"CrsPA":1.0,"Prog":46.0},{"Player":"Naldo","Pos":"DF","Cmp":494.0,"Cmp%":82.7,"1\/3":14.0,"PPA":0.0,"CrsPA":0.0,"Prog":19.0},{"Player":"Ximo Navarro","Pos":"DF","Cmp":779.0,"Cmp%":77.8,"1\/3":53.0,"PPA":13.0,"CrsPA":8.0,"Prog":57.0},{"Player":"Jesús Navas","Pos":"DF","Cmp":1361.0,"Cmp%":74.1,"1\/3":107.0,"PPA":77.0,"CrsPA":37.0,"Prog":168.0},{"Player":"Raúl Navas","Pos":"DF","Cmp":765.0,"Cmp%":87.3,"1\/3":49.0,"PPA":3.0,"CrsPA":2.0,"Prog":32.0},{"Player":"Neto","Pos":"GK","Cmp":494.0,"Cmp%":58.7,"1\/3":9.0,"PPA":0.0,"CrsPA":0.0,"Prog":1.0},{"Player":"Saúl Ñíguez","Pos":"MF","Cmp":1246.0,"Cmp%":77.0,"1\/3":109.0,"PPA":23.0,"CrsPA":5.0,"Prog":106.0},{"Player":"Nyom","Pos":"DF","Cmp":473.0,"Cmp%":74.1,"1\/3":31.0,"PPA":31.0,"CrsPA":24.0,"Prog":46.0},{"Player":"Jan Oblak","Pos":"GK","Cmp":468.0,"Cmp%":55.1,"1\/3":19.0,"PPA":0.0,"CrsPA":0.0,"Prog":0.0},{"Player":"Oier","Pos":"GK","Cmp":343.0,"Cmp%":60.7,"1\/3":6.0,"PPA":1.0,"CrsPA":0.0,"Prog":0.0},{"Player":"Kiko Olivas","Pos":"DF","Cmp":1187.0,"Cmp%":87.5,"1\/3":60.0,"PPA":4.0,"CrsPA":0.0,"Prog":61.0},{"Player":"Paulo Oliveira","Pos":"DF","Cmp":681.0,"Cmp%":70.6,"1\/3":69.0,"PPA":2.0,"CrsPA":0.0,"Prog":79.0},{"Player":"Kenneth Omeruo","Pos":"DF","Cmp":768.0,"Cmp%":81.5,"1\/3":39.0,"PPA":3.0,"CrsPA":1.0,"Prog":42.0},{"Player":"Fabián Orellana","Pos":"MF","Cmp":973.0,"Cmp%":73.9,"1\/3":55.0,"PPA":54.0,"CrsPA":14.0,"Prog":108.0},{"Player":"Mikel Oyarzabal","Pos":"FW","Cmp":733.0,"Cmp%":72.6,"1\/3":45.0,"PPA":28.0,"CrsPA":8.0,"Prog":74.0},{"Player":"Fernando Pacheco","Pos":"GK","Cmp":580.0,"Cmp%":55.7,"1\/3":16.0,"PPA":0.0,"CrsPA":0.0,"Prog":0.0},{"Player":"Rubén Pardo","Pos":"MF","Cmp":683.0,"Cmp%":77.3,"1\/3":76.0,"PPA":19.0,"CrsPA":4.0,"Prog":71.0},{"Player":"Daniel Parejo","Pos":"MF","Cmp":1967.0,"Cmp%":81.7,"1\/3":258.0,"PPA":41.0,"CrsPA":6.0,"Prog":294.0},{"Player":"Thomas Partey","Pos":"MF","Cmp":1170.0,"Cmp%":83.2,"1\/3":127.0,"PPA":24.0,"CrsPA":2.0,"Prog":131.0},{"Player":"Gabriel","Pos":"DF","Cmp":1142.0,"Cmp%":88.6,"1\/3":60.0,"PPA":3.0,"CrsPA":0.0,"Prog":58.0},{"Player":"Alfonso","Pos":"DF","Cmp":726.0,"Cmp%":73.2,"1\/3":34.0,"PPA":31.0,"CrsPA":12.0,"Prog":79.0},{"Player":"Rubén Peña","Pos":"DF","Cmp":1312.0,"Cmp%":68.0,"1\/3":157.0,"PPA":71.0,"CrsPA":42.0,"Prog":204.0},{"Player":"Charles","Pos":"FW","Cmp":6.0,"Cmp%":85.7,"1\/3":0.0,"PPA":1.0,"CrsPA":0.0,"Prog":1.0},{"Player":"Hernán Pérez","Pos":"FW","Cmp":178.0,"Cmp%":65.4,"1\/3":11.0,"PPA":16.0,"CrsPA":6.0,"Prog":23.0},{"Player":"Rubén Pérez","Pos":"MF","Cmp":1110.0,"Cmp%":80.3,"1\/3":120.0,"PPA":5.0,"CrsPA":2.0,"Prog":112.0},{"Player":"Pablo Piatti","Pos":"FW","Cmp":193.0,"Cmp%":65.0,"1\/3":12.0,"PPA":15.0,"CrsPA":4.0,"Prog":24.0},{"Player":"Cristiano Piccini","Pos":"DF","Cmp":805.0,"Cmp%":78.5,"1\/3":58.0,"PPA":24.0,"CrsPA":11.0,"Prog":78.0},{"Player":"Gerard Piqué","Pos":"DF","Cmp":2230.0,"Cmp%":91.8,"1\/3":156.0,"PPA":5.0,"CrsPA":0.0,"Prog":103.0},{"Player":"Charles","Pos":"DF","Cmp":165.0,"Cmp%":74.0,"1\/3":8.0,"PPA":6.0,"CrsPA":4.0,"Prog":21.0},{"Player":"Óscar Plano","Pos":"MF","Cmp":666.0,"Cmp%":75.1,"1\/3":66.0,"PPA":27.0,"CrsPA":8.0,"Prog":72.0},{"Player":"Pere Pons","Pos":"MF","Cmp":964.0,"Cmp%":78.5,"1\/3":83.0,"PPA":11.0,"CrsPA":2.0,"Prog":78.0},{"Player":"Pedro Porro","Pos":"DF","Cmp":859.0,"Cmp%":69.8,"1\/3":77.0,"PPA":36.0,"CrsPA":20.0,"Prog":109.0},{"Player":"Francisco Portillo","Pos":"MF","Cmp":592.0,"Cmp%":73.3,"1\/3":54.0,"PPA":39.0,"CrsPA":6.0,"Prog":98.0},{"Player":"Portu","Pos":"FW","Cmp":508.0,"Cmp%":70.7,"1\/3":40.0,"PPA":36.0,"CrsPA":17.0,"Prog":67.0},{"Player":"Sergio Postigo","Pos":"DF","Cmp":392.0,"Cmp%":79.2,"1\/3":41.0,"PPA":4.0,"CrsPA":0.0,"Prog":42.0},{"Player":"José Pozo","Pos":"MF","Cmp":617.0,"Cmp%":80.3,"1\/3":67.0,"PPA":24.0,"CrsPA":2.0,"Prog":73.0},{"Player":"Quincy Promes","Pos":"DF","Cmp":724.0,"Cmp%":77.0,"1\/3":54.0,"PPA":32.0,"CrsPA":12.0,"Prog":79.0},{"Player":"Javi Puado","Pos":"FW","Cmp":63.0,"Cmp%":73.3,"1\/3":5.0,"PPA":3.0,"CrsPA":0.0,"Prog":6.0},{"Player":"Jorge Pulido","Pos":"DF","Cmp":814.0,"Cmp%":76.1,"1\/3":43.0,"PPA":8.0,"CrsPA":2.0,"Prog":56.0},{"Player":"Ivan Rakitic","Pos":"MF","Cmp":2357.0,"Cmp%":90.6,"1\/3":275.0,"PPA":34.0,"CrsPA":4.0,"Prog":189.0},{"Player":"Jonás Ramalho","Pos":"DF","Cmp":648.0,"Cmp%":81.9,"1\/3":27.0,"PPA":6.0,"CrsPA":2.0,"Prog":42.0},{"Player":"Sandro Ramírez","Pos":"FW","Cmp":280.0,"Cmp%":72.9,"1\/3":19.0,"PPA":14.0,"CrsPA":4.0,"Prog":31.0},{"Player":"Iván Ramis","Pos":"DF","Cmp":647.0,"Cmp%":82.5,"1\/3":51.0,"PPA":0.0,"CrsPA":0.0,"Prog":59.0},{"Player":"Sergio Ramos","Pos":"DF","Cmp":1771.0,"Cmp%":91.6,"1\/3":147.0,"PPA":6.0,"CrsPA":0.0,"Prog":100.0},{"Player":"Recio","Pos":"MF","Cmp":562.0,"Cmp%":84.5,"1\/3":46.0,"PPA":4.0,"CrsPA":1.0,"Prog":41.0},{"Player":"Cristian Rivera","Pos":"MF","Cmp":580.0,"Cmp%":80.7,"1\/3":48.0,"PPA":9.0,"CrsPA":3.0,"Prog":46.0},{"Player":"Roger","Pos":"DF","Cmp":899.0,"Cmp%":82.0,"1\/3":52.0,"PPA":5.0,"CrsPA":0.0,"Prog":61.0},{"Player":"Sergi Roberto","Pos":"DF","Cmp":1603.0,"Cmp%":90.1,"1\/3":75.0,"PPA":29.0,"CrsPA":5.0,"Prog":101.0},{"Player":"Patrick Roberts","Pos":"FW","Cmp":156.0,"Cmp%":79.6,"1\/3":12.0,"PPA":10.0,"CrsPA":2.0,"Prog":19.0},{"Player":"Marc Roca","Pos":"MF","Cmp":1696.0,"Cmp%":87.6,"1\/3":195.0,"PPA":27.0,"CrsPA":2.0,"Prog":201.0},{"Player":"Rubén Rochina","Pos":"MF","Cmp":703.0,"Cmp%":68.9,"1\/3":102.0,"PPA":29.0,"CrsPA":5.0,"Prog":95.0},{"Player":"Rodri","Pos":"MF","Cmp":1767.0,"Cmp%":91.2,"1\/3":179.0,"PPA":10.0,"CrsPA":0.0,"Prog":129.0},{"Player":"Rodrigo","Pos":"FW","Cmp":621.0,"Cmp%":71.6,"1\/3":52.0,"PPA":30.0,"CrsPA":2.0,"Prog":81.0},{"Player":"Óscar Rodríguez","Pos":"MF","Cmp":757.0,"Cmp%":69.6,"1\/3":68.0,"PPA":29.0,"CrsPA":11.0,"Prog":78.0},{"Player":"Ángel","Pos":"FW","Cmp":242.0,"Cmp%":64.2,"1\/3":25.0,"PPA":19.0,"CrsPA":4.0,"Prog":41.0},{"Player":"Diego Rolan","Pos":"MF","Cmp":68.0,"Cmp%":72.3,"1\/3":2.0,"PPA":3.0,"CrsPA":2.0,"Prog":3.0},{"Player":"Diego Rolan","Pos":"FW","Cmp":73.0,"Cmp%":82.0,"1\/3":2.0,"PPA":3.0,"CrsPA":2.0,"Prog":5.0},{"Player":"Facundo Roncaglia","Pos":"DF","Cmp":474.0,"Cmp%":83.2,"1\/3":24.0,"PPA":1.0,"CrsPA":1.0,"Prog":22.0},{"Player":"Facundo Roncaglia","Pos":"DF","Cmp":238.0,"Cmp%":82.4,"1\/3":11.0,"PPA":1.0,"CrsPA":1.0,"Prog":9.0},{"Player":"Roberto Rosales","Pos":"DF","Cmp":880.0,"Cmp%":77.1,"1\/3":55.0,"PPA":26.0,"CrsPA":8.0,"Prog":106.0},{"Player":"Víctor Ruiz","Pos":"DF","Cmp":1038.0,"Cmp%":85.7,"1\/3":89.0,"PPA":13.0,"CrsPA":0.0,"Prog":76.0},{"Player":"Gerónimo Rulli","Pos":"GK","Cmp":779.0,"Cmp%":73.8,"1\/3":6.0,"PPA":0.0,"CrsPA":0.0,"Prog":0.0},{"Player":"Antonio Sanabria","Pos":"FW","Cmp":118.0,"Cmp%":79.7,"1\/3":4.0,"PPA":3.0,"CrsPA":0.0,"Prog":7.0},{"Player":"Víctor Sánchez","Pos":"MF","Cmp":459.0,"Cmp%":80.0,"1\/3":47.0,"PPA":7.0,"CrsPA":2.0,"Prog":38.0},{"Player":"Luca Sangalli","Pos":"MF","Cmp":282.0,"Cmp%":72.3,"1\/3":31.0,"PPA":11.0,"CrsPA":3.0,"Prog":24.0},{"Player":"Roberto Santamaría","Pos":"GK","Cmp":301.0,"Cmp%":51.4,"1\/3":23.0,"PPA":0.0,"CrsPA":0.0,"Prog":1.0},{"Player":"Michael Santos","Pos":"FW","Cmp":71.0,"Cmp%":68.3,"1\/3":4.0,"PPA":5.0,"CrsPA":1.0,"Prog":11.0},{"Player":"Pablo Sarabia","Pos":"MF","Cmp":1062.0,"Cmp%":73.4,"1\/3":89.0,"PPA":72.0,"CrsPA":21.0,"Prog":144.0},{"Player":"Stefan Savic","Pos":"DF","Cmp":447.0,"Cmp%":82.5,"1\/3":43.0,"PPA":1.0,"CrsPA":0.0,"Prog":33.0},{"Player":"Nélson Semedo","Pos":"DF","Cmp":1098.0,"Cmp%":90.2,"1\/3":45.0,"PPA":9.0,"CrsPA":0.0,"Prog":37.0},{"Player":"Sidnei","Pos":"DF","Cmp":1133.0,"Cmp%":89.1,"1\/3":65.0,"PPA":5.0,"CrsPA":1.0,"Prog":64.0},{"Player":"André Silva","Pos":"FW","Cmp":399.0,"Cmp%":72.5,"1\/3":30.0,"PPA":26.0,"CrsPA":3.0,"Prog":60.0},{"Player":"Jonathan Silva","Pos":"DF","Cmp":869.0,"Cmp%":67.4,"1\/3":69.0,"PPA":35.0,"CrsPA":23.0,"Prog":88.0},{"Player":"Moses Simon","Pos":"DF","Cmp":212.0,"Cmp%":70.9,"1\/3":18.0,"PPA":5.0,"CrsPA":1.0,"Prog":25.0},{"Player":"Dimitrios Siovas","Pos":"DF","Cmp":1052.0,"Cmp%":72.7,"1\/3":87.0,"PPA":10.0,"CrsPA":2.0,"Prog":107.0},{"Player":"Pione Sisto","Pos":"FW","Cmp":379.0,"Cmp%":83.1,"1\/3":25.0,"PPA":10.0,"CrsPA":1.0,"Prog":32.0},{"Player":"Rubén Sobrino","Pos":"FW","Cmp":35.0,"Cmp%":72.9,"1\/3":2.0,"PPA":0.0,"CrsPA":0.0,"Prog":2.0},{"Player":"Rubén Sobrino","Pos":"FW","Cmp":178.0,"Cmp%":70.4,"1\/3":12.0,"PPA":4.0,"CrsPA":2.0,"Prog":13.0},{"Player":"Carlos Soler","Pos":"MF","Cmp":749.0,"Cmp%":76.2,"1\/3":69.0,"PPA":34.0,"CrsPA":12.0,"Prog":104.0},{"Player":"David Soria","Pos":"GK","Cmp":454.0,"Cmp%":42.4,"1\/3":62.0,"PPA":4.0,"CrsPA":0.0,"Prog":0.0},{"Player":"Cristhian Stuani","Pos":"FW","Cmp":352.0,"Cmp%":70.3,"1\/3":19.0,"PPA":5.0,"CrsPA":0.0,"Prog":18.0},{"Player":"Damián Suárez","Pos":"DF","Cmp":1333.0,"Cmp%":67.8,"1\/3":126.0,"PPA":52.0,"CrsPA":21.0,"Prog":164.0},{"Player":"Luis Suárez","Pos":"FW","Cmp":767.0,"Cmp%":74.8,"1\/3":38.0,"PPA":39.0,"CrsPA":5.0,"Prog":69.0},{"Player":"Mario","Pos":"MF","Cmp":454.0,"Cmp%":81.4,"1\/3":43.0,"PPA":6.0,"CrsPA":0.0,"Prog":42.0},{"Player":"Markel Susaeta","Pos":"FW","Cmp":474.0,"Cmp%":72.8,"1\/3":27.0,"PPA":22.0,"CrsPA":8.0,"Prog":26.0},{"Player":"Rodrigo","Pos":"DF","Cmp":392.0,"Cmp%":74.7,"1\/3":22.0,"PPA":3.0,"CrsPA":1.0,"Prog":22.0},{"Player":"Cristian Tello","Pos":"DF","Cmp":785.0,"Cmp%":84.0,"1\/3":39.0,"PPA":23.0,"CrsPA":7.0,"Prog":61.0},{"Player":"Marc-André ter Stegen","Pos":"GK","Cmp":911.0,"Cmp%":85.9,"1\/3":5.0,"PPA":0.0,"CrsPA":0.0,"Prog":0.0},{"Player":"Tito","Pos":"DF","Cmp":481.0,"Cmp%":78.0,"1\/3":39.0,"PPA":4.0,"CrsPA":2.0,"Prog":39.0},{"Player":"Karl Toko Ekambi","Pos":"FW","Cmp":380.0,"Cmp%":73.1,"1\/3":17.0,"PPA":14.0,"CrsPA":6.0,"Prog":27.0},{"Player":"Raúl de Tomás","Pos":"FW","Cmp":402.0,"Cmp%":80.2,"1\/3":32.0,"PPA":11.0,"CrsPA":0.0,"Prog":37.0},{"Player":"Toño","Pos":"DF","Cmp":657.0,"Cmp%":74.2,"1\/3":53.0,"PPA":20.0,"CrsPA":4.0,"Prog":82.0},{"Player":"Ferrán Torres","Pos":"MF","Cmp":245.0,"Cmp%":72.5,"1\/3":10.0,"PPA":20.0,"CrsPA":7.0,"Prog":29.0},{"Player":"Óscar Trejo","Pos":"MF","Cmp":669.0,"Cmp%":76.3,"1\/3":72.0,"PPA":18.0,"CrsPA":3.0,"Prog":86.0},{"Player":"Manu Trigueros","Pos":"MF","Cmp":863.0,"Cmp%":85.8,"1\/3":95.0,"PPA":19.0,"CrsPA":0.0,"Prog":88.0},{"Player":"Enes Ünal","Pos":"FW","Cmp":379.0,"Cmp%":72.1,"1\/3":35.0,"PPA":7.0,"CrsPA":1.0,"Prog":39.0},{"Player":"Tomás Vaclik","Pos":"GK","Cmp":599.0,"Cmp%":60.1,"1\/3":7.0,"PPA":0.0,"CrsPA":0.0,"Prog":2.0},{"Player":"Federico Valverde","Pos":"MF","Cmp":325.0,"Cmp%":88.6,"1\/3":41.0,"PPA":7.0,"CrsPA":1.0,"Prog":31.0},{"Player":"Raphael Varane","Pos":"DF","Cmp":1522.0,"Cmp%":89.7,"1\/3":83.0,"PPA":2.0,"CrsPA":0.0,"Prog":57.0},{"Player":"Franco Vázquez","Pos":"MF","Cmp":872.0,"Cmp%":77.2,"1\/3":91.0,"PPA":32.0,"CrsPA":7.0,"Prog":124.0},{"Player":"Lucas Vázquez","Pos":"FW","Cmp":787.0,"Cmp%":81.0,"1\/3":46.0,"PPA":37.0,"CrsPA":10.0,"Prog":81.0},{"Player":"Koke","Pos":"GK","Cmp":18.0,"Cmp%":81.8,"1\/3":0.0,"PPA":0.0,"CrsPA":0.0,"Prog":0.0},{"Player":"Emiliano Velázquez","Pos":"DF","Cmp":394.0,"Cmp%":72.7,"1\/3":31.0,"PPA":5.0,"CrsPA":2.0,"Prog":32.0},{"Player":"Daniele Verde","Pos":"FW","Cmp":211.0,"Cmp%":67.6,"1\/3":15.0,"PPA":12.0,"CrsPA":3.0,"Prog":22.0},{"Player":"Mikel Vesga","Pos":"MF","Cmp":639.0,"Cmp%":78.3,"1\/3":61.0,"PPA":16.0,"CrsPA":9.0,"Prog":52.0},{"Player":"Rúben Vezo","Pos":"DF","Cmp":89.0,"Cmp%":73.0,"1\/3":4.0,"PPA":0.0,"CrsPA":0.0,"Prog":5.0},{"Player":"Rúben Vezo","Pos":"DF","Cmp":411.0,"Cmp%":78.3,"1\/3":26.0,"PPA":2.0,"CrsPA":1.0,"Prog":32.0},{"Player":"Arturo Vidal","Pos":"MF","Cmp":1356.0,"Cmp%":90.2,"1\/3":97.0,"PPA":23.0,"CrsPA":0.0,"Prog":79.0},{"Player":"Dídac Vilá","Pos":"DF","Cmp":1042.0,"Cmp%":72.5,"1\/3":79.0,"PPA":26.0,"CrsPA":10.0,"Prog":112.0},{"Player":"Toni Villa","Pos":"MF","Cmp":438.0,"Cmp%":72.9,"1\/3":39.0,"PPA":18.0,"CrsPA":4.0,"Prog":51.0},{"Player":"Vitolo","Pos":"MF","Cmp":259.0,"Cmp%":78.2,"1\/3":17.0,"PPA":14.0,"CrsPA":1.0,"Prog":32.0},{"Player":"Nikola Vukcevic","Pos":"MF","Cmp":206.0,"Cmp%":82.1,"1\/3":15.0,"PPA":1.0,"CrsPA":0.0,"Prog":23.0},{"Player":"Daniel Wass","Pos":"DF","Cmp":1056.0,"Cmp%":77.4,"1\/3":83.0,"PPA":26.0,"CrsPA":10.0,"Prog":108.0},{"Player":"Iñaki Williams","Pos":"FW","Cmp":515.0,"Cmp%":70.5,"1\/3":19.0,"PPA":16.0,"CrsPA":6.0,"Prog":29.0},{"Player":"Okay Yokuslu","Pos":"MF","Cmp":1199.0,"Cmp%":86.8,"1\/3":100.0,"PPA":7.0,"CrsPA":1.0,"Prog":88.0},{"Player":"Zaldúa","Pos":"DF","Cmp":957.0,"Cmp%":77.6,"1\/3":67.0,"PPA":30.0,"CrsPA":17.0,"Prog":74.0},{"Player":"Nabil El Zhar","Pos":"MF","Cmp":216.0,"Cmp%":71.8,"1\/3":20.0,"PPA":17.0,"CrsPA":7.0,"Prog":27.0},{"Player":"Igor Zubeldia","Pos":"MF","Cmp":1067.0,"Cmp%":86.6,"1\/3":81.0,"PPA":8.0,"CrsPA":2.0,"Prog":70.0},{"Player":"David Zurutuza","Pos":"MF,FW","Cmp":"503","Cmp%":"81.0","1\/3":"46","PPA":"5","CrsPA":"1","Prog":"58"}]