[{"Player":"Francesco Acerbi","Pos":"DF","Cmp":1809.0,"Cmp%":90.0,"1\/3":138.0,"PPA":14.0,"CrsPA":3.0,"Prog":119.0},{"Player":"Ola Aina","Pos":"DF","Cmp":863.0,"Cmp%":74.4,"1\/3":56.0,"PPA":21.0,"CrsPA":11.0,"Prog":84.0},{"Player":"Luis Alberto","Pos":"MF","Cmp":1792.0,"Cmp%":79.2,"1\/3":255.0,"PPA":97.0,"CrsPA":5.0,"Prog":321.0},{"Player":"Allan","Pos":"MF","Cmp":718.0,"Cmp%":86.6,"1\/3":76.0,"PPA":9.0,"CrsPA":1.0,"Prog":58.0},{"Player":"Bruno Alves","Pos":"DF","Cmp":1096.0,"Cmp%":83.5,"1\/3":73.0,"PPA":5.0,"CrsPA":1.0,"Prog":76.0},{"Player":"Sofyan Amrabat","Pos":"MF","Cmp":1525.0,"Cmp%":87.7,"1\/3":151.0,"PPA":33.0,"CrsPA":9.0,"Prog":141.0},{"Player":"Peter Ankersen","Pos":"DF","Cmp":501.0,"Cmp%":82.5,"1\/3":18.0,"PPA":12.0,"CrsPA":6.0,"Prog":36.0},{"Player":"Cristian Ansaldi","Pos":"DF","Cmp":582.0,"Cmp%":70.5,"1\/3":47.0,"PPA":47.0,"CrsPA":35.0,"Prog":63.0},{"Player":"Emil Audero","Pos":"GK","Cmp":660.0,"Cmp%":63.6,"1\/3":9.0,"PPA":0.0,"CrsPA":0.0,"Prog":0.0},{"Player":"Tommaso Augello","Pos":"DF","Cmp":635.0,"Cmp%":77.0,"1\/3":49.0,"PPA":27.0,"CrsPA":15.0,"Prog":78.0},{"Player":"Florian Aye","Pos":"FW","Cmp":219.0,"Cmp%":71.1,"1\/3":12.0,"PPA":7.0,"CrsPA":1.0,"Prog":16.0},{"Player":"Khouma Babacar","Pos":"FW","Cmp":225.0,"Cmp%":73.5,"1\/3":11.0,"PPA":9.0,"CrsPA":0.0,"Prog":18.0},{"Player":"Milan Badelj","Pos":"MF","Cmp":786.0,"Cmp%":81.6,"1\/3":89.0,"PPA":11.0,"CrsPA":0.0,"Prog":76.0},{"Player":"Mario Balotelli","Pos":"FW","Cmp":238.0,"Cmp%":64.7,"1\/3":24.0,"PPA":11.0,"CrsPA":3.0,"Prog":36.0},{"Player":"Mattia Bani","Pos":"DF","Cmp":908.0,"Cmp%":81.9,"1\/3":59.0,"PPA":2.0,"CrsPA":1.0,"Prog":63.0},{"Player":"Antonin Barak","Pos":"MF","Cmp":76.0,"Cmp%":73.1,"1\/3":6.0,"PPA":3.0,"CrsPA":0.0,"Prog":12.0},{"Player":"Antonin Barak","Pos":"MF","Cmp":571.0,"Cmp%":81.5,"1\/3":55.0,"PPA":14.0,"CrsPA":4.0,"Prog":59.0},{"Player":"Nicolò Barella","Pos":"MF","Cmp":1015.0,"Cmp%":82.1,"1\/3":124.0,"PPA":31.0,"CrsPA":3.0,"Prog":153.0},{"Player":"Antonino Barillà","Pos":"MF","Cmp":402.0,"Cmp%":77.2,"1\/3":30.0,"PPA":5.0,"CrsPA":2.0,"Prog":37.0},{"Player":"Antonio Barreca","Pos":"DF","Cmp":266.0,"Cmp%":66.5,"1\/3":11.0,"PPA":10.0,"CrsPA":5.0,"Prog":29.0},{"Player":"Musa Barrow","Pos":"FW","Cmp":43.0,"Cmp%":82.7,"1\/3":2.0,"PPA":2.0,"CrsPA":0.0,"Prog":3.0},{"Player":"Musa Barrow","Pos":"FW","Cmp":431.0,"Cmp%":72.1,"1\/3":35.0,"PPA":14.0,"CrsPA":3.0,"Prog":44.0},{"Player":"Daniele Baselli","Pos":"MF","Cmp":584.0,"Cmp%":80.7,"1\/3":38.0,"PPA":21.0,"CrsPA":11.0,"Prog":57.0},{"Player":"Alessandro Bastoni","Pos":"DF","Cmp":1256.0,"Cmp%":88.0,"1\/3":92.0,"PPA":13.0,"CrsPA":5.0,"Prog":93.0},{"Player":"Bastos","Pos":"DF","Cmp":378.0,"Cmp%":90.9,"1\/3":21.0,"PPA":1.0,"CrsPA":0.0,"Prog":16.0},{"Player":"Rodrigo Becão","Pos":"DF","Cmp":899.0,"Cmp%":86.3,"1\/3":51.0,"PPA":2.0,"CrsPA":0.0,"Prog":50.0},{"Player":"Valon Behrami","Pos":"MF","Cmp":369.0,"Cmp%":83.9,"1\/3":30.0,"PPA":7.0,"CrsPA":1.0,"Prog":30.0},{"Player":"Andrea Belotti","Pos":"FW","Cmp":502.0,"Cmp%":66.9,"1\/3":46.0,"PPA":23.0,"CrsPA":5.0,"Prog":58.0},{"Player":"Marco Benassi","Pos":"MF","Cmp":262.0,"Cmp%":76.6,"1\/3":23.0,"PPA":10.0,"CrsPA":6.0,"Prog":35.0},{"Player":"Ismael Bennacer","Pos":"MF","Cmp":1584.0,"Cmp%":87.6,"1\/3":172.0,"PPA":29.0,"CrsPA":2.0,"Prog":166.0},{"Player":"Rodrigo Bentancur","Pos":"MF","Cmp":1435.0,"Cmp%":87.4,"1\/3":148.0,"PPA":18.0,"CrsPA":4.0,"Prog":99.0},{"Player":"Domenico Berardi","Pos":"FW","Cmp":879.0,"Cmp%":73.7,"1\/3":50.0,"PPA":53.0,"CrsPA":7.0,"Prog":121.0},{"Player":"Alex Berenguer","Pos":"MF","Cmp":587.0,"Cmp%":74.2,"1\/3":38.0,"PPA":28.0,"CrsPA":4.0,"Prog":69.0},{"Player":"Bartosz Bereszynski","Pos":"DF","Cmp":1040.0,"Cmp%":78.1,"1\/3":74.0,"PPA":18.0,"CrsPA":10.0,"Prog":87.0},{"Player":"Etrit Berisha","Pos":"GK","Cmp":623.0,"Cmp%":70.5,"1\/3":6.0,"PPA":0.0,"CrsPA":0.0,"Prog":0.0},{"Player":"Federico Bernardeschi","Pos":"MF","Cmp":560.0,"Cmp%":81.9,"1\/3":38.0,"PPA":23.0,"CrsPA":3.0,"Prog":54.0},{"Player":"Cristiano Biraghi","Pos":"DF","Cmp":646.0,"Cmp%":71.7,"1\/3":31.0,"PPA":32.0,"CrsPA":22.0,"Prog":59.0},{"Player":"Davide Biraschi","Pos":"DF","Cmp":895.0,"Cmp%":75.0,"1\/3":79.0,"PPA":12.0,"CrsPA":7.0,"Prog":84.0},{"Player":"Dimitri Bisoli","Pos":"MF","Cmp":509.0,"Cmp%":65.2,"1\/3":59.0,"PPA":29.0,"CrsPA":6.0,"Prog":94.0},{"Player":"Jeremie Boga","Pos":"FW","Cmp":839.0,"Cmp%":85.2,"1\/3":22.0,"PPA":27.0,"CrsPA":1.0,"Prog":49.0},{"Player":"Giacomo Bonaventura","Pos":"MF","Cmp":589.0,"Cmp%":84.1,"1\/3":33.0,"PPA":23.0,"CrsPA":1.0,"Prog":44.0},{"Player":"Federico Bonazzoli","Pos":"FW","Cmp":146.0,"Cmp%":69.9,"1\/3":9.0,"PPA":5.0,"CrsPA":0.0,"Prog":12.0},{"Player":"Kevin Bonifazi","Pos":"DF","Cmp":575.0,"Cmp%":85.7,"1\/3":24.0,"PPA":0.0,"CrsPA":0.0,"Prog":25.0},{"Player":"Kevin Bonifazi","Pos":"DF","Cmp":76.0,"Cmp%":86.4,"1\/3":6.0,"PPA":0.0,"CrsPA":0.0,"Prog":2.0},{"Player":"Leonardo Bonucci","Pos":"DF","Cmp":1830.0,"Cmp%":87.6,"1\/3":177.0,"PPA":10.0,"CrsPA":2.0,"Prog":139.0},{"Player":"Fabio Borini","Pos":"MF","Cmp":17.0,"Cmp%":77.3,"1\/3":1.0,"PPA":0.0,"CrsPA":0.0,"Prog":0.0},{"Player":"Fabio Borini","Pos":"FW","Cmp":181.0,"Cmp%":68.8,"1\/3":8.0,"PPA":6.0,"CrsPA":0.0,"Prog":14.0},{"Player":"Mehdi Bourabia","Pos":"MF","Cmp":658.0,"Cmp%":86.8,"1\/3":58.0,"PPA":10.0,"CrsPA":0.0,"Prog":58.0},{"Player":"Bremer","Pos":"DF","Cmp":921.0,"Cmp%":81.9,"1\/3":35.0,"PPA":4.0,"CrsPA":0.0,"Prog":50.0},{"Player":"Marcelo Brozovic","Pos":"MF","Cmp":1905.0,"Cmp%":88.2,"1\/3":194.0,"PPA":39.0,"CrsPA":3.0,"Prog":190.0},{"Player":"Gastón Brugman","Pos":"MF","Cmp":567.0,"Cmp%":83.6,"1\/3":59.0,"PPA":11.0,"CrsPA":2.0,"Prog":58.0},{"Player":"Fabrizio Cacciatore","Pos":"DF","Cmp":557.0,"Cmp%":79.0,"1\/3":42.0,"PPA":7.0,"CrsPA":4.0,"Prog":56.0},{"Player":"Martín Cáceres","Pos":"DF","Cmp":1099.0,"Cmp%":84.1,"1\/3":85.0,"PPA":6.0,"CrsPA":4.0,"Prog":73.0},{"Player":"Felipe Caicedo","Pos":"FW","Cmp":321.0,"Cmp%":79.5,"1\/3":20.0,"PPA":9.0,"CrsPA":0.0,"Prog":26.0},{"Player":"Davide Calabria","Pos":"DF","Cmp":945.0,"Cmp%":80.8,"1\/3":101.0,"PPA":20.0,"CrsPA":9.0,"Prog":115.0},{"Player":"Marco Calderoni","Pos":"DF","Cmp":829.0,"Cmp%":73.9,"1\/3":41.0,"PPA":33.0,"CrsPA":19.0,"Prog":80.0},{"Player":"Hakan Calhanoglu","Pos":"MF","Cmp":1290.0,"Cmp%":78.2,"1\/3":106.0,"PPA":49.0,"CrsPA":8.0,"Prog":133.0},{"Player":"José Callejón","Pos":"FW","Cmp":993.0,"Cmp%":79.8,"1\/3":64.0,"PPA":41.0,"CrsPA":19.0,"Prog":84.0},{"Player":"Antonio Candreva","Pos":"DF","Cmp":1053.0,"Cmp%":76.8,"1\/3":65.0,"PPA":61.0,"CrsPA":25.0,"Prog":124.0},{"Player":"Gianluca Caprari","Pos":"FW","Cmp":189.0,"Cmp%":73.8,"1\/3":18.0,"PPA":13.0,"CrsPA":3.0,"Prog":20.0},{"Player":"Gianluca Caprari","Pos":"FW","Cmp":169.0,"Cmp%":79.7,"1\/3":11.0,"PPA":6.0,"CrsPA":0.0,"Prog":15.0},{"Player":"Francesco Caputo","Pos":"FW","Cmp":635.0,"Cmp%":78.2,"1\/3":21.0,"PPA":20.0,"CrsPA":2.0,"Prog":35.0},{"Player":"Andrea Conti","Pos":"DF","Cmp":134.0,"Cmp%":82.2,"1\/3":15.0,"PPA":1.0,"CrsPA":0.0,"Prog":11.0},{"Player":"Francesco Cassata","Pos":"MF","Cmp":511.0,"Cmp%":78.1,"1\/3":28.0,"PPA":18.0,"CrsPA":4.0,"Prog":53.0},{"Player":"Timothy Castagne","Pos":"DF","Cmp":952.0,"Cmp%":84.0,"1\/3":43.0,"PPA":26.0,"CrsPA":12.0,"Prog":74.0},{"Player":"Samu Castillejo","Pos":"FW","Cmp":422.0,"Cmp%":75.4,"1\/3":25.0,"PPA":21.0,"CrsPA":5.0,"Prog":40.0},{"Player":"Lucas Castro","Pos":"MF","Cmp":218.0,"Cmp%":74.1,"1\/3":20.0,"PPA":7.0,"CrsPA":3.0,"Prog":29.0},{"Player":"Lucas Castro","Pos":"MF","Cmp":166.0,"Cmp%":77.9,"1\/3":22.0,"PPA":4.0,"CrsPA":0.0,"Prog":27.0},{"Player":"Gaetano Castrovilli","Pos":"MF","Cmp":922.0,"Cmp%":80.8,"1\/3":108.0,"PPA":30.0,"CrsPA":5.0,"Prog":99.0},{"Player":"Danilo","Pos":"MF","Cmp":377.0,"Cmp%":83.0,"1\/3":58.0,"PPA":8.0,"CrsPA":1.0,"Prog":49.0},{"Player":"Federico Ceccherini","Pos":"DF","Cmp":346.0,"Cmp%":87.6,"1\/3":17.0,"PPA":2.0,"CrsPA":0.0,"Prog":13.0},{"Player":"Luca Ceppitelli","Pos":"DF","Cmp":403.0,"Cmp%":79.8,"1\/3":21.0,"PPA":3.0,"CrsPA":1.0,"Prog":13.0},{"Player":"Alberto Cerri","Pos":"FW","Cmp":94.0,"Cmp%":65.3,"1\/3":8.0,"PPA":5.0,"CrsPA":0.0,"Prog":12.0},{"Player":"Alberto Cerri","Pos":"FW","Cmp":70.0,"Cmp%":68.0,"1\/3":3.0,"PPA":2.0,"CrsPA":0.0,"Prog":4.0},{"Player":"Jhon Chancellor","Pos":"DF","Cmp":745.0,"Cmp%":87.8,"1\/3":18.0,"PPA":1.0,"CrsPA":0.0,"Prog":26.0},{"Player":"Federico Chiesa","Pos":"FW","Cmp":609.0,"Cmp%":73.1,"1\/3":37.0,"PPA":44.0,"CrsPA":8.0,"Prog":92.0},{"Player":"Luca Cigarini","Pos":"MF","Cmp":992.0,"Cmp%":80.8,"1\/3":122.0,"PPA":14.0,"CrsPA":0.0,"Prog":108.0},{"Player":"Thiago Cionek","Pos":"DF","Cmp":1029.0,"Cmp%":75.7,"1\/3":67.0,"PPA":18.0,"CrsPA":9.0,"Prog":91.0},{"Player":"Andrea Cistana","Pos":"DF","Cmp":688.0,"Cmp%":85.1,"1\/3":31.0,"PPA":5.0,"CrsPA":0.0,"Prog":32.0},{"Player":"Omar Colley","Pos":"DF","Cmp":1089.0,"Cmp%":82.3,"1\/3":98.0,"PPA":5.0,"CrsPA":1.0,"Prog":92.0},{"Player":"Andrea Consigli","Pos":"GK","Cmp":778.0,"Cmp%":78.2,"1\/3":11.0,"PPA":1.0,"CrsPA":0.0,"Prog":0.0},{"Player":"Andrea Conti","Pos":"DF","Cmp":888.0,"Cmp%":83.8,"1\/3":93.0,"PPA":10.0,"CrsPA":4.0,"Prog":78.0},{"Player":"Gabriel","Pos":"DF","Cmp":53.0,"Cmp%":89.8,"1\/3":3.0,"PPA":0.0,"CrsPA":0.0,"Prog":7.0},{"Player":"Andreas Cornelius","Pos":"FW","Cmp":293.0,"Cmp%":70.9,"1\/3":19.0,"PPA":6.0,"CrsPA":0.0,"Prog":25.0},{"Player":"Joaquín Correa","Pos":"FW","Cmp":578.0,"Cmp%":82.9,"1\/3":31.0,"PPA":34.0,"CrsPA":1.0,"Prog":62.0},{"Player":"Douglas Costa","Pos":"FW","Cmp":392.0,"Cmp%":80.0,"1\/3":35.0,"PPA":13.0,"CrsPA":4.0,"Prog":45.0},{"Player":"Alessio Cragno","Pos":"GK","Cmp":305.0,"Cmp%":64.2,"1\/3":4.0,"PPA":1.0,"CrsPA":0.0,"Prog":0.0},{"Player":"Domenico Criscito","Pos":"DF","Cmp":964.0,"Cmp%":77.1,"1\/3":84.0,"PPA":31.0,"CrsPA":10.0,"Prog":98.0},{"Player":"Bryan Cristante","Pos":"MF","Cmp":915.0,"Cmp%":85.4,"1\/3":137.0,"PPA":22.0,"CrsPA":0.0,"Prog":107.0},{"Player":"Juan Cuadrado","Pos":"DF","Cmp":2055.0,"Cmp%":88.5,"1\/3":171.0,"PPA":52.0,"CrsPA":19.0,"Prog":211.0},{"Player":"Felipe","Pos":"DF","Cmp":8.0,"Cmp%":66.7,"1\/3":1.0,"PPA":0.0,"CrsPA":0.0,"Prog":1.0},{"Player":"Patrick Cutrone","Pos":"FW","Cmp":120.0,"Cmp%":71.0,"1\/3":2.0,"PPA":8.0,"CrsPA":1.0,"Prog":8.0},{"Player":"Marco D&#039;Alessandro","Pos":"MF","Cmp":191.0,"Cmp%":73.7,"1\/3":8.0,"PPA":10.0,"CrsPA":3.0,"Prog":20.0},{"Player":"Danilo","Pos":"DF","Cmp":768.0,"Cmp%":85.1,"1\/3":40.0,"PPA":13.0,"CrsPA":3.0,"Prog":60.0},{"Player":"Felipe","Pos":"MF","Cmp":4.0,"Cmp%":80.0,"1\/3":0.0,"PPA":0.0,"CrsPA":0.0,"Prog":0.0},{"Player":"Bryan Dabo","Pos":"MF","Cmp":500.0,"Cmp%":86.5,"1\/3":52.0,"PPA":5.0,"CrsPA":0.0,"Prog":45.0},{"Player":"Felipe","Pos":"DF","Cmp":389.0,"Cmp%":83.3,"1\/3":20.0,"PPA":3.0,"CrsPA":1.0,"Prog":23.0},{"Player":"Danilo","Pos":"DF","Cmp":1051.0,"Cmp%":86.2,"1\/3":87.0,"PPA":19.0,"CrsPA":3.0,"Prog":95.0},{"Player":"Matteo Darmian","Pos":"DF","Cmp":1208.0,"Cmp%":79.4,"1\/3":91.0,"PPA":11.0,"CrsPA":4.0,"Prog":121.0},{"Player":"Pawel Dawidowicz","Pos":"DF","Cmp":366.0,"Cmp%":89.9,"1\/3":18.0,"PPA":1.0,"CrsPA":0.0,"Prog":28.0},{"Player":"Sebastien De Maio","Pos":"DF","Cmp":533.0,"Cmp%":80.6,"1\/3":18.0,"PPA":3.0,"CrsPA":1.0,"Prog":34.0},{"Player":"Rodrigo de Paul","Pos":"MF","Cmp":1377.0,"Cmp%":74.7,"1\/3":132.0,"PPA":66.0,"CrsPA":20.0,"Prog":168.0},{"Player":"Lorenzo De Silvestri","Pos":"DF","Cmp":693.0,"Cmp%":72.3,"1\/3":46.0,"PPA":23.0,"CrsPA":17.0,"Prog":83.0},{"Player":"Gregoire Defrel","Pos":"FW","Cmp":305.0,"Cmp%":89.2,"1\/3":12.0,"PPA":7.0,"CrsPA":0.0,"Prog":16.0},{"Player":"Diego Demme","Pos":"MF","Cmp":715.0,"Cmp%":91.4,"1\/3":93.0,"PPA":8.0,"CrsPA":1.0,"Prog":47.0},{"Player":"Stefano Denswil","Pos":"DF","Cmp":1092.0,"Cmp%":86.3,"1\/3":90.0,"PPA":8.0,"CrsPA":0.0,"Prog":86.0},{"Player":"Fabio Depaoli","Pos":"MF","Cmp":479.0,"Cmp%":68.7,"1\/3":28.0,"PPA":24.0,"CrsPA":17.0,"Prog":66.0},{"Player":"Kastriot Dermaku","Pos":"DF","Cmp":321.0,"Cmp%":85.1,"1\/3":14.0,"PPA":1.0,"CrsPA":0.0,"Prog":22.0},{"Player":"Daniele Dessena","Pos":"MF","Cmp":563.0,"Cmp%":79.3,"1\/3":49.0,"PPA":10.0,"CrsPA":1.0,"Prog":85.0},{"Player":"Samuel Di Carmine","Pos":"FW","Cmp":181.0,"Cmp%":70.7,"1\/3":1.0,"PPA":2.0,"CrsPA":0.0,"Prog":4.0},{"Player":"Federico Di Francesco","Pos":"FW","Cmp":264.0,"Cmp%":76.3,"1\/3":9.0,"PPA":13.0,"CrsPA":2.0,"Prog":27.0},{"Player":"Giovanni Di Lorenzo","Pos":"DF","Cmp":2003.0,"Cmp%":88.1,"1\/3":134.0,"PPA":39.0,"CrsPA":8.0,"Prog":173.0},{"Player":"Amadou Diawara","Pos":"MF","Cmp":888.0,"Cmp%":89.2,"1\/3":97.0,"PPA":7.0,"CrsPA":0.0,"Prog":78.0},{"Player":"Federico Dimarco","Pos":"DF","Cmp":315.0,"Cmp%":75.2,"1\/3":31.0,"PPA":10.0,"CrsPA":4.0,"Prog":36.0},{"Player":"Federico Dimarco","Pos":"DF","Cmp":11.0,"Cmp%":78.6,"1\/3":1.0,"PPA":0.0,"CrsPA":0.0,"Prog":1.0},{"Player":"Koffi Djidji","Pos":"DF","Cmp":346.0,"Cmp%":87.6,"1\/3":13.0,"PPA":0.0,"CrsPA":0.0,"Prog":14.0},{"Player":"Berat Gjimshiti","Pos":"DF","Cmp":1612.0,"Cmp%":87.9,"1\/3":85.0,"PPA":5.0,"CrsPA":0.0,"Prog":85.0},{"Player":"Nicolás Domínguez","Pos":"MF","Cmp":349.0,"Cmp%":84.5,"1\/3":34.0,"PPA":9.0,"CrsPA":0.0,"Prog":38.0},{"Player":"Giulio Donati","Pos":"DF","Cmp":853.0,"Cmp%":85.6,"1\/3":62.0,"PPA":27.0,"CrsPA":18.0,"Prog":69.0},{"Player":"Alfredo Donnarumma","Pos":"FW","Cmp":307.0,"Cmp%":69.0,"1\/3":26.0,"PPA":15.0,"CrsPA":1.0,"Prog":39.0},{"Player":"Gianluigi Donnarumma","Pos":"GK","Cmp":873.0,"Cmp%":76.4,"1\/3":4.0,"PPA":0.0,"CrsPA":0.0,"Prog":1.0},{"Player":"Bartlomiej Dragowski","Pos":"GK","Cmp":647.0,"Cmp%":71.6,"1\/3":6.0,"PPA":0.0,"CrsPA":0.0,"Prog":0.0},{"Player":"Alfred Duncan","Pos":"MF","Cmp":347.0,"Cmp%":84.4,"1\/3":30.0,"PPA":16.0,"CrsPA":1.0,"Prog":47.0},{"Player":"Alfred Duncan","Pos":"MF","Cmp":382.0,"Cmp%":81.4,"1\/3":28.0,"PPA":14.0,"CrsPA":1.0,"Prog":42.0},{"Player":"Paulo Dybala","Pos":"FW","Cmp":1275.0,"Cmp%":83.4,"1\/3":95.0,"PPA":54.0,"CrsPA":10.0,"Prog":117.0},{"Player":"Edin Dzeko","Pos":"FW","Cmp":565.0,"Cmp%":69.5,"1\/3":62.0,"PPA":27.0,"CrsPA":4.0,"Prog":67.0},{"Player":"Albin Ekdal","Pos":"MF","Cmp":1012.0,"Cmp%":87.2,"1\/3":102.0,"PPA":22.0,"CrsPA":1.0,"Prog":104.0},{"Player":"Eljif Elmas","Pos":"MF","Cmp":623.0,"Cmp%":90.9,"1\/3":31.0,"PPA":7.0,"CrsPA":0.0,"Prog":29.0},{"Player":"Allan","Pos":"DF","Cmp":396.0,"Cmp%":84.8,"1\/3":28.0,"PPA":2.0,"CrsPA":0.0,"Prog":23.0},{"Player":"Christian Eriksen","Pos":"MF","Cmp":358.0,"Cmp%":75.7,"1\/3":39.0,"PPA":7.0,"CrsPA":2.0,"Prog":39.0},{"Player":"Filippo Falco","Pos":"FW","Cmp":812.0,"Cmp%":80.2,"1\/3":53.0,"PPA":49.0,"CrsPA":22.0,"Prog":98.0},{"Player":"Paolo Faragò","Pos":"DF","Cmp":688.0,"Cmp%":78.0,"1\/3":42.0,"PPA":12.0,"CrsPA":7.0,"Prog":59.0},{"Player":"Diego Farias","Pos":"FW","Cmp":294.0,"Cmp%":81.0,"1\/3":18.0,"PPA":17.0,"CrsPA":4.0,"Prog":33.0},{"Player":"Andrea Favilli","Pos":"FW","Cmp":141.0,"Cmp%":73.1,"1\/3":7.0,"PPA":5.0,"CrsPA":1.0,"Prog":8.0},{"Player":"Federico Fazio","Pos":"DF","Cmp":589.0,"Cmp%":87.5,"1\/3":29.0,"PPA":0.0,"CrsPA":0.0,"Prog":17.0},{"Player":"Luiz Felipe","Pos":"DF","Cmp":1048.0,"Cmp%":89.7,"1\/3":81.0,"PPA":7.0,"CrsPA":1.0,"Prog":75.0},{"Player":"Felipe","Pos":"MF","Cmp":21.0,"Cmp%":95.5,"1\/3":5.0,"PPA":0.0,"CrsPA":0.0,"Prog":1.0},{"Player":"Sergio Floccari","Pos":"FW","Cmp":206.0,"Cmp%":78.9,"1\/3":14.0,"PPA":8.0,"CrsPA":2.0,"Prog":13.0},{"Player":"Seko Fofana","Pos":"MF","Cmp":944.0,"Cmp%":87.6,"1\/3":66.0,"PPA":24.0,"CrsPA":3.0,"Prog":81.0},{"Player":"Remo Freuler","Pos":"MF","Cmp":1465.0,"Cmp%":87.9,"1\/3":128.0,"PPA":28.0,"CrsPA":2.0,"Prog":136.0},{"Player":"Danilo","Pos":"GK","Cmp":30.0,"Cmp%":68.2,"1\/3":0.0,"PPA":0.0,"CrsPA":0.0,"Prog":0.0},{"Player":"Manolo Gabbiadini","Pos":"FW","Cmp":377.0,"Cmp%":64.9,"1\/3":19.0,"PPA":13.0,"CrsPA":2.0,"Prog":34.0},{"Player":"Gabriel","Pos":"GK","Cmp":751.0,"Cmp%":76.7,"1\/3":5.0,"PPA":0.0,"CrsPA":0.0,"Prog":0.0},{"Player":"Roberto Gagliardini","Pos":"MF","Cmp":798.0,"Cmp%":85.2,"1\/3":86.0,"PPA":24.0,"CrsPA":4.0,"Prog":111.0},{"Player":"Riccardo Gagliolo","Pos":"DF","Cmp":1020.0,"Cmp%":75.2,"1\/3":95.0,"PPA":23.0,"CrsPA":9.0,"Prog":131.0},{"Player":"Gervinho","Pos":"FW","Cmp":402.0,"Cmp%":78.5,"1\/3":18.0,"PPA":33.0,"CrsPA":0.0,"Prog":61.0},{"Player":"Rachid Ghezzal","Pos":"MF","Cmp":406.0,"Cmp%":82.0,"1\/3":28.0,"PPA":12.0,"CrsPA":4.0,"Prog":39.0},{"Player":"Paolo Ghiglione","Pos":"DF","Cmp":643.0,"Cmp%":71.4,"1\/3":51.0,"PPA":34.0,"CrsPA":24.0,"Prog":79.0},{"Player":"Diego Godín","Pos":"DF","Cmp":935.0,"Cmp%":85.7,"1\/3":94.0,"PPA":11.0,"CrsPA":3.0,"Prog":70.0},{"Player":"Pierluigi Gollini","Pos":"GK","Cmp":725.0,"Cmp%":74.9,"1\/3":13.0,"PPA":0.0,"CrsPA":0.0,"Prog":0.0},{"Player":"Robin Gosens","Pos":"DF","Cmp":1179.0,"Cmp%":78.4,"1\/3":78.0,"PPA":47.0,"CrsPA":15.0,"Prog":150.0},{"Player":"Alberto Grassi","Pos":"MF","Cmp":217.0,"Cmp%":84.8,"1\/3":21.0,"PPA":4.0,"CrsPA":1.0,"Prog":15.0},{"Player":"Koray Günter","Pos":"DF","Cmp":1184.0,"Cmp%":86.9,"1\/3":63.0,"PPA":4.0,"CrsPA":1.0,"Prog":88.0},{"Player":"Samir","Pos":"GK","Cmp":966.0,"Cmp%":86.7,"1\/3":5.0,"PPA":0.0,"CrsPA":0.0,"Prog":0.0},{"Player":"Hans Hateboer","Pos":"DF","Cmp":1219.0,"Cmp%":84.8,"1\/3":52.0,"PPA":30.0,"CrsPA":22.0,"Prog":79.0},{"Player":"Dalbert","Pos":"DF","Cmp":972.0,"Cmp%":75.3,"1\/3":75.0,"PPA":41.0,"CrsPA":26.0,"Prog":116.0},{"Player":"Theo Hernández","Pos":"DF","Cmp":1684.0,"Cmp%":83.4,"1\/3":105.0,"PPA":39.0,"CrsPA":14.0,"Prog":158.0},{"Player":"Hernani","Pos":"MF","Cmp":782.0,"Cmp%":75.0,"1\/3":82.0,"PPA":17.0,"CrsPA":4.0,"Prog":95.0},{"Player":"Gonzalo Higuaín","Pos":"FW","Cmp":539.0,"Cmp%":83.3,"1\/3":38.0,"PPA":19.0,"CrsPA":1.0,"Prog":48.0},{"Player":"Elseid Hysaj","Pos":"DF","Cmp":1098.0,"Cmp%":84.5,"1\/3":84.0,"PPA":19.0,"CrsPA":7.0,"Prog":104.0},{"Player":"Simone Iacoponi","Pos":"DF","Cmp":1171.0,"Cmp%":85.2,"1\/3":62.0,"PPA":1.0,"CrsPA":0.0,"Prog":58.0},{"Player":"Rogerio","Pos":"DF","Cmp":295.0,"Cmp%":90.5,"1\/3":20.0,"PPA":0.0,"CrsPA":0.0,"Prog":13.0},{"Player":"Zlatan Ibrahimovic","Pos":"FW","Cmp":434.0,"Cmp%":69.8,"1\/3":36.0,"PPA":28.0,"CrsPA":5.0,"Prog":56.0},{"Player":"Josip Ilicic","Pos":"FW","Cmp":773.0,"Cmp%":80.2,"1\/3":64.0,"PPA":61.0,"CrsPA":4.0,"Prog":117.0},{"Player":"Ciro Immobile","Pos":"FW","Cmp":715.0,"Cmp%":77.0,"1\/3":49.0,"PPA":37.0,"CrsPA":2.0,"Prog":75.0},{"Player":"Roberto Inglese","Pos":"FW","Cmp":102.0,"Cmp%":66.7,"1\/3":5.0,"PPA":1.0,"CrsPA":0.0,"Prog":4.0},{"Player":"Lorenzo Insigne","Pos":"FW","Cmp":1450.0,"Cmp%":81.3,"1\/3":86.0,"PPA":59.0,"CrsPA":9.0,"Prog":144.0},{"Player":"Artur Ionita","Pos":"MF","Cmp":599.0,"Cmp%":84.6,"1\/3":38.0,"PPA":6.0,"CrsPA":2.0,"Prog":39.0},{"Player":"Armando Izzo","Pos":"DF","Cmp":1102.0,"Cmp%":80.1,"1\/3":73.0,"PPA":17.0,"CrsPA":7.0,"Prog":72.0},{"Player":"Mato Jajalo","Pos":"MF","Cmp":842.0,"Cmp%":81.9,"1\/3":82.0,"PPA":9.0,"CrsPA":2.0,"Prog":71.0},{"Player":"Jakub Jankto","Pos":"MF","Cmp":551.0,"Cmp%":71.1,"1\/3":36.0,"PPA":28.0,"CrsPA":11.0,"Prog":56.0},{"Player":"Jony","Pos":"DF","Cmp":441.0,"Cmp%":68.9,"1\/3":19.0,"PPA":26.0,"CrsPA":19.0,"Prog":28.0},{"Player":"Jesse Joronen","Pos":"GK","Cmp":573.0,"Cmp%":67.5,"1\/3":9.0,"PPA":0.0,"CrsPA":0.0,"Prog":0.0},{"Player":"Hamed Junior Traore","Pos":"MF","Cmp":631.0,"Cmp%":77.6,"1\/3":54.0,"PPA":26.0,"CrsPA":1.0,"Prog":68.0},{"Player":"Nikola Kalinic","Pos":"FW","Cmp":103.0,"Cmp%":76.3,"1\/3":3.0,"PPA":3.0,"CrsPA":0.0,"Prog":7.0},{"Player":"Franck Kessié","Pos":"MF","Cmp":1531.0,"Cmp%":89.1,"1\/3":141.0,"PPA":30.0,"CrsPA":4.0,"Prog":134.0},{"Player":"Samir","Pos":"MF","Cmp":275.0,"Cmp%":83.3,"1\/3":17.0,"PPA":8.0,"CrsPA":2.0,"Prog":19.0},{"Player":"Simon Kjaer","Pos":"DF","Cmp":131.0,"Cmp%":91.6,"1\/3":3.0,"PPA":0.0,"CrsPA":0.0,"Prog":3.0},{"Player":"Simon Kjaer","Pos":"DF","Cmp":608.0,"Cmp%":89.1,"1\/3":32.0,"PPA":1.0,"CrsPA":0.0,"Prog":33.0},{"Player":"Ragnar Klavan","Pos":"DF","Cmp":1072.0,"Cmp%":90.6,"1\/3":60.0,"PPA":3.0,"CrsPA":0.0,"Prog":60.0},{"Player":"Justin Kluivert","Pos":"FW","Cmp":394.0,"Cmp%":81.6,"1\/3":21.0,"PPA":19.0,"CrsPA":5.0,"Prog":32.0},{"Player":"Aleksandar Kolarov","Pos":"DF","Cmp":1446.0,"Cmp%":78.8,"1\/3":80.0,"PPA":41.0,"CrsPA":16.0,"Prog":140.0},{"Player":"Christian Kouamé","Pos":"FW","Cmp":182.0,"Cmp%":75.2,"1\/3":10.0,"PPA":8.0,"CrsPA":1.0,"Prog":19.0},{"Player":"Christian Kouamé","Pos":"FW","Cmp":75.0,"Cmp%":72.1,"1\/3":6.0,"PPA":2.0,"CrsPA":1.0,"Prog":8.0},{"Player":"Kalidou Koulibaly","Pos":"DF","Cmp":1521.0,"Cmp%":92.1,"1\/3":145.0,"PPA":9.0,"CrsPA":1.0,"Prog":105.0},{"Player":"Rade Krunic","Pos":"MF","Cmp":197.0,"Cmp%":83.5,"1\/3":10.0,"PPA":6.0,"CrsPA":1.0,"Prog":27.0},{"Player":"Juraj Kucka","Pos":"MF","Cmp":508.0,"Cmp%":69.7,"1\/3":40.0,"PPA":11.0,"CrsPA":2.0,"Prog":56.0},{"Player":"Dejan Kulusevski","Pos":"FW","Cmp":905.0,"Cmp%":78.2,"1\/3":67.0,"PPA":48.0,"CrsPA":9.0,"Prog":122.0},{"Player":"Marash Kumbulla","Pos":"DF","Cmp":771.0,"Cmp%":83.8,"1\/3":45.0,"PPA":2.0,"CrsPA":0.0,"Prog":46.0},{"Player":"Jasmin Kurtic","Pos":"MF","Cmp":681.0,"Cmp%":84.1,"1\/3":50.0,"PPA":19.0,"CrsPA":8.0,"Prog":67.0},{"Player":"Jasmin Kurtic","Pos":"MF","Cmp":513.0,"Cmp%":75.6,"1\/3":50.0,"PPA":26.0,"CrsPA":13.0,"Prog":65.0},{"Player":"Georgios Kyriakopoulos","Pos":"DF","Cmp":961.0,"Cmp%":84.4,"1\/3":56.0,"PPA":16.0,"CrsPA":4.0,"Prog":70.0},{"Player":"Gianluca Lapadula","Pos":"FW","Cmp":259.0,"Cmp%":77.8,"1\/3":11.0,"PPA":6.0,"CrsPA":0.0,"Prog":16.0},{"Player":"Danilo","Pos":"DF","Cmp":985.0,"Cmp%":79.1,"1\/3":78.0,"PPA":10.0,"CrsPA":1.0,"Prog":82.0},{"Player":"Kevin Lasagna","Pos":"FW","Cmp":339.0,"Cmp%":69.3,"1\/3":14.0,"PPA":16.0,"CrsPA":3.0,"Prog":26.0},{"Player":"Vincent Laurini","Pos":"DF","Cmp":432.0,"Cmp%":80.7,"1\/3":35.0,"PPA":9.0,"CrsPA":5.0,"Prog":42.0},{"Player":"Diego Laxalt","Pos":"DF","Cmp":214.0,"Cmp%":72.1,"1\/3":11.0,"PPA":4.0,"CrsPA":2.0,"Prog":18.0},{"Player":"Diego Laxalt","Pos":"DF","Cmp":95.0,"Cmp%":79.8,"1\/3":5.0,"PPA":4.0,"CrsPA":4.0,"Prog":13.0},{"Player":"Darko Lazovic","Pos":"DF","Cmp":1253.0,"Cmp%":74.9,"1\/3":65.0,"PPA":78.0,"CrsPA":20.0,"Prog":184.0},{"Player":"Manuel Lazzari","Pos":"DF","Cmp":845.0,"Cmp%":79.2,"1\/3":11.0,"PPA":43.0,"CrsPA":22.0,"Prog":40.0},{"Player":"Rafael Leão","Pos":"FW","Cmp":362.0,"Cmp%":76.1,"1\/3":11.0,"PPA":24.0,"CrsPA":9.0,"Prog":35.0},{"Player":"Lucas Leiva","Pos":"MF","Cmp":1002.0,"Cmp%":88.3,"1\/3":97.0,"PPA":11.0,"CrsPA":1.0,"Prog":111.0},{"Player":"Lukas Lerager","Pos":"MF","Cmp":494.0,"Cmp%":82.3,"1\/3":39.0,"PPA":9.0,"CrsPA":3.0,"Prog":46.0},{"Player":"Mehdi Leris","Pos":"MF","Cmp":170.0,"Cmp%":73.9,"1\/3":14.0,"PPA":8.0,"CrsPA":4.0,"Prog":19.0},{"Player":"Matthijs de Ligt","Pos":"DF","Cmp":1394.0,"Cmp%":91.3,"1\/3":80.0,"PPA":1.0,"CrsPA":0.0,"Prog":54.0},{"Player":"Karol Linetty","Pos":"MF","Cmp":595.0,"Cmp%":77.8,"1\/3":49.0,"PPA":19.0,"CrsPA":8.0,"Prog":79.0},{"Player":"Pol Lirola","Pos":"DF","Cmp":979.0,"Cmp%":74.7,"1\/3":71.0,"PPA":34.0,"CrsPA":11.0,"Prog":106.0},{"Player":"Fernando Llorente","Pos":"FW","Cmp":127.0,"Cmp%":81.4,"1\/3":2.0,"PPA":3.0,"CrsPA":0.0,"Prog":4.0},{"Player":"Manuel Locatelli","Pos":"MF","Cmp":1886.0,"Cmp%":86.6,"1\/3":219.0,"PPA":32.0,"CrsPA":3.0,"Prog":164.0},{"Player":"Pau López","Pos":"GK","Cmp":831.0,"Cmp%":78.7,"1\/3":4.0,"PPA":0.0,"CrsPA":0.0,"Prog":1.0},{"Player":"Hirving Lozano","Pos":"FW","Cmp":270.0,"Cmp%":76.7,"1\/3":8.0,"PPA":15.0,"CrsPA":2.0,"Prog":25.0},{"Player":"Fabio Lucioni","Pos":"DF","Cmp":1353.0,"Cmp%":86.2,"1\/3":67.0,"PPA":3.0,"CrsPA":1.0,"Prog":83.0},{"Player":"José Luis Palomino","Pos":"DF","Cmp":1148.0,"Cmp%":87.1,"1\/3":61.0,"PPA":7.0,"CrsPA":2.0,"Prog":59.0},{"Player":"Romelu Lukaku","Pos":"FW","Cmp":580.0,"Cmp%":71.7,"1\/3":39.0,"PPA":28.0,"CrsPA":2.0,"Prog":65.0},{"Player":"Senad Lulic","Pos":"DF","Cmp":685.0,"Cmp%":79.3,"1\/3":35.0,"PPA":31.0,"CrsPA":14.0,"Prog":56.0},{"Player":"Lyanco","Pos":"DF","Cmp":552.0,"Cmp%":85.1,"1\/3":34.0,"PPA":1.0,"CrsPA":0.0,"Prog":37.0},{"Player":"Charalampos Lykogiannis","Pos":"DF","Cmp":405.0,"Cmp%":65.3,"1\/3":36.0,"PPA":6.0,"CrsPA":2.0,"Prog":36.0},{"Player":"Francesco Magnanelli","Pos":"MF","Cmp":1049.0,"Cmp%":89.2,"1\/3":98.0,"PPA":10.0,"CrsPA":0.0,"Prog":67.0},{"Player":"Zan Majer","Pos":"MF","Cmp":593.0,"Cmp%":79.5,"1\/3":61.0,"PPA":16.0,"CrsPA":5.0,"Prog":54.0},{"Player":"Nikola Maksimovic","Pos":"DF","Cmp":1287.0,"Cmp%":92.7,"1\/3":79.0,"PPA":9.0,"CrsPA":5.0,"Prog":63.0},{"Player":"Danilo","Pos":"FW","Cmp":13.0,"Cmp%":81.3,"1\/3":0.0,"PPA":0.0,"CrsPA":0.0,"Prog":0.0},{"Player":"Ruslan Malinovskiy","Pos":"MF","Cmp":779.0,"Cmp%":79.6,"1\/3":67.0,"PPA":45.0,"CrsPA":8.0,"Prog":106.0},{"Player":"Gianluca Mancini","Pos":"DF","Cmp":1500.0,"Cmp%":89.3,"1\/3":79.0,"PPA":13.0,"CrsPA":0.0,"Prog":97.0},{"Player":"Marco Mancosu","Pos":"MF","Cmp":682.0,"Cmp%":75.1,"1\/3":64.0,"PPA":24.0,"CrsPA":6.0,"Prog":69.0},{"Player":"Rolando Mandragora","Pos":"MF","Cmp":788.0,"Cmp%":81.0,"1\/3":66.0,"PPA":17.0,"CrsPA":6.0,"Prog":80.0},{"Player":"Kostas Manolas","Pos":"DF","Cmp":1369.0,"Cmp%":92.8,"1\/3":47.0,"PPA":2.0,"CrsPA":0.0,"Prog":56.0},{"Player":"Gianmarco Ferrari","Pos":"DF","Cmp":1369.0,"Cmp%":93.6,"1\/3":86.0,"PPA":4.0,"CrsPA":1.0,"Prog":75.0},{"Player":"Marlon Santos","Pos":"DF","Cmp":1370.0,"Cmp%":94.7,"1\/3":80.0,"PPA":4.0,"CrsPA":0.0,"Prog":64.0},{"Player":"Bruno Martella","Pos":"DF","Cmp":402.0,"Cmp%":71.5,"1\/3":31.0,"PPA":22.0,"CrsPA":12.0,"Prog":52.0},{"Player":"Lautaro Martínez","Pos":"FW","Cmp":325.0,"Cmp%":62.5,"1\/3":29.0,"PPA":19.0,"CrsPA":1.0,"Prog":45.0},{"Player":"Adam Marusic","Pos":"DF","Cmp":338.0,"Cmp%":84.9,"1\/3":5.0,"PPA":8.0,"CrsPA":5.0,"Prog":7.0},{"Player":"Andrea Masiello","Pos":"DF","Cmp":259.0,"Cmp%":87.2,"1\/3":16.0,"PPA":1.0,"CrsPA":1.0,"Prog":14.0},{"Player":"Andrea Masiello","Pos":"DF","Cmp":695.0,"Cmp%":85.6,"1\/3":55.0,"PPA":9.0,"CrsPA":0.0,"Prog":83.0},{"Player":"Alessandro Murgia","Pos":"FW","Cmp":19.0,"Cmp%":65.5,"1\/3":4.0,"PPA":2.0,"CrsPA":0.0,"Prog":6.0},{"Player":"Federico Mattiello","Pos":"DF","Cmp":328.0,"Cmp%":77.0,"1\/3":11.0,"PPA":10.0,"CrsPA":6.0,"Prog":25.0},{"Player":"Blaise Matuidi","Pos":"MF","Cmp":974.0,"Cmp%":87.0,"1\/3":66.0,"PPA":17.0,"CrsPA":4.0,"Prog":62.0},{"Player":"Ibrahima Mbaye","Pos":"DF","Cmp":709.0,"Cmp%":85.0,"1\/3":48.0,"PPA":4.0,"CrsPA":2.0,"Prog":39.0},{"Player":"Gary Medel","Pos":"MF","Cmp":987.0,"Cmp%":90.7,"1\/3":93.0,"PPA":2.0,"CrsPA":0.0,"Prog":80.0},{"Player":"Soualiho Meité","Pos":"MF","Cmp":769.0,"Cmp%":82.2,"1\/3":74.0,"PPA":24.0,"CrsPA":8.0,"Prog":67.0},{"Player":"Alex Meret","Pos":"GK","Cmp":508.0,"Cmp%":84.5,"1\/3":1.0,"PPA":0.0,"CrsPA":0.0,"Prog":0.0},{"Player":"Dries Mertens","Pos":"FW","Cmp":536.0,"Cmp%":75.2,"1\/3":39.0,"PPA":33.0,"CrsPA":5.0,"Prog":63.0},{"Player":"Nikola Milenkovic","Pos":"DF","Cmp":1544.0,"Cmp%":88.6,"1\/3":88.0,"PPA":6.0,"CrsPA":1.0,"Prog":98.0},{"Player":"Arkadiusz Milik","Pos":"FW","Cmp":388.0,"Cmp%":82.9,"1\/3":21.0,"PPA":10.0,"CrsPA":1.0,"Prog":21.0},{"Player":"Sergej Milinkovic-Savic","Pos":"MF","Cmp":1360.0,"Cmp%":77.4,"1\/3":131.0,"PPA":51.0,"CrsPA":9.0,"Prog":173.0},{"Player":"Simone Missiroli","Pos":"MF","Cmp":1240.0,"Cmp%":84.8,"1\/3":129.0,"PPA":15.0,"CrsPA":1.0,"Prog":127.0},{"Player":"Henrikh Mkhitaryan","Pos":"FW","Cmp":582.0,"Cmp%":83.7,"1\/3":34.0,"PPA":24.0,"CrsPA":2.0,"Prog":65.0},{"Player":"Gabriel","Pos":"FW","Cmp":14.0,"Cmp%":73.7,"1\/3":0.0,"PPA":0.0,"CrsPA":0.0,"Prog":0.0},{"Player":"Mert Müldür","Pos":"DF","Cmp":681.0,"Cmp%":84.5,"1\/3":43.0,"PPA":12.0,"CrsPA":5.0,"Prog":52.0},{"Player":"Alessandro Murgia","Pos":"MF","Cmp":708.0,"Cmp%":83.4,"1\/3":52.0,"PPA":8.0,"CrsPA":3.0,"Prog":47.0},{"Player":"Luis Muriel","Pos":"FW","Cmp":377.0,"Cmp%":71.9,"1\/3":27.0,"PPA":30.0,"CrsPA":6.0,"Prog":55.0},{"Player":"Nicola Murru","Pos":"DF","Cmp":695.0,"Cmp%":66.2,"1\/3":70.0,"PPA":25.0,"CrsPA":14.0,"Prog":94.0},{"Player":"Mateo Musacchio","Pos":"DF","Cmp":895.0,"Cmp%":89.9,"1\/3":74.0,"PPA":3.0,"CrsPA":0.0,"Prog":59.0},{"Player":"Juan Musso","Pos":"GK","Cmp":882.0,"Cmp%":74.9,"1\/3":8.0,"PPA":0.0,"CrsPA":0.0,"Prog":1.0},{"Player":"Radja Nainggolan","Pos":"MF","Cmp":888.0,"Cmp%":77.1,"1\/3":109.0,"PPA":41.0,"CrsPA":12.0,"Prog":117.0},{"Player":"Nahitan Nández","Pos":"MF","Cmp":1029.0,"Cmp%":76.2,"1\/3":89.0,"PPA":42.0,"CrsPA":17.0,"Prog":110.0},{"Player":"Emanuele Ndoj","Pos":"MF","Cmp":163.0,"Cmp%":76.5,"1\/3":7.0,"PPA":10.0,"CrsPA":2.0,"Prog":23.0},{"Player":"Ilija Nestorovski","Pos":"FW","Cmp":286.0,"Cmp%":74.1,"1\/3":23.0,"PPA":8.0,"CrsPA":1.0,"Prog":30.0},{"Player":"Bram Nuytinck","Pos":"DF","Cmp":1101.0,"Cmp%":85.1,"1\/3":92.0,"PPA":3.0,"CrsPA":0.0,"Prog":90.0},{"Player":"Pedro Obiang","Pos":"MF","Cmp":981.0,"Cmp%":88.9,"1\/3":72.0,"PPA":13.0,"CrsPA":1.0,"Prog":79.0},{"Player":"Stefano Okaka","Pos":"FW","Cmp":484.0,"Cmp%":76.9,"1\/3":36.0,"PPA":13.0,"CrsPA":1.0,"Prog":38.0},{"Player":"Robin Olsen","Pos":"GK","Cmp":324.0,"Cmp%":64.8,"1\/3":5.0,"PPA":0.0,"CrsPA":0.0,"Prog":0.0},{"Player":"Riccardo Orsolini","Pos":"FW","Cmp":687.0,"Cmp%":62.0,"1\/3":35.0,"PPA":39.0,"CrsPA":11.0,"Prog":95.0},{"Player":"David Ospina","Pos":"GK","Cmp":407.0,"Cmp%":87.2,"1\/3":1.0,"PPA":0.0,"CrsPA":0.0,"Prog":0.0},{"Player":"Daniele Baselli","Pos":"GK","Cmp":76.0,"Cmp%":83.5,"1\/3":0.0,"PPA":0.0,"CrsPA":0.0,"Prog":0.0},{"Player":"Rodrigo Palacio","Pos":"FW","Cmp":761.0,"Cmp%":74.1,"1\/3":34.0,"PPA":35.0,"CrsPA":16.0,"Prog":62.0},{"Player":"Alberto Paloschi","Pos":"FW","Cmp":31.0,"Cmp%":79.5,"1\/3":0.0,"PPA":0.0,"CrsPA":0.0,"Prog":0.0},{"Player":"Alberto Paloschi","Pos":"FW","Cmp":50.0,"Cmp%":74.6,"1\/3":2.0,"PPA":0.0,"CrsPA":0.0,"Prog":2.0},{"Player":"Goran Pandev","Pos":"FW","Cmp":442.0,"Cmp%":75.4,"1\/3":31.0,"PPA":28.0,"CrsPA":4.0,"Prog":63.0},{"Player":"Lucas Paquetá","Pos":"MF","Cmp":455.0,"Cmp%":78.7,"1\/3":54.0,"PPA":17.0,"CrsPA":1.0,"Prog":65.0},{"Player":"Marco Parolo","Pos":"MF","Cmp":666.0,"Cmp%":86.5,"1\/3":73.0,"PPA":5.0,"CrsPA":2.0,"Prog":69.0},{"Player":"Mario Pasalic","Pos":"MF","Cmp":1278.0,"Cmp%":88.4,"1\/3":116.0,"PPA":25.0,"CrsPA":5.0,"Prog":103.0},{"Player":"Patric","Pos":"DF","Cmp":1082.0,"Cmp%":89.2,"1\/3":88.0,"PPA":5.0,"CrsPA":1.0,"Prog":94.0},{"Player":"Nehuén Paz","Pos":"DF","Cmp":386.0,"Cmp%":87.1,"1\/3":17.0,"PPA":1.0,"CrsPA":0.0,"Prog":28.0},{"Player":"Nehuén Paz","Pos":"DF","Cmp":35.0,"Cmp%":77.8,"1\/3":2.0,"PPA":1.0,"CrsPA":0.0,"Prog":3.0},{"Player":"Giampaolo Pazzini","Pos":"FW","Cmp":50.0,"Cmp%":74.6,"1\/3":3.0,"PPA":0.0,"CrsPA":0.0,"Prog":4.0},{"Player":"João Pedro","Pos":"FW","Cmp":649.0,"Cmp%":76.5,"1\/3":49.0,"PPA":17.0,"CrsPA":0.0,"Prog":60.0},{"Player":"Lorenzo Pellegrini","Pos":"MF","Cmp":930.0,"Cmp%":75.9,"1\/3":101.0,"PPA":57.0,"CrsPA":11.0,"Prog":129.0},{"Player":"Luca Pellegrini","Pos":"DF","Cmp":794.0,"Cmp%":72.6,"1\/3":46.0,"PPA":31.0,"CrsPA":18.0,"Prog":69.0},{"Player":"Federico Peluso","Pos":"DF","Cmp":868.0,"Cmp%":87.9,"1\/3":49.0,"PPA":3.0,"CrsPA":0.0,"Prog":52.0},{"Player":"Bruno Peres","Pos":"DF","Cmp":534.0,"Cmp%":84.1,"1\/3":15.0,"PPA":18.0,"CrsPA":10.0,"Prog":36.0},{"Player":"Mattia Perin","Pos":"GK","Cmp":456.0,"Cmp%":62.0,"1\/3":24.0,"PPA":2.0,"CrsPA":0.0,"Prog":0.0},{"Player":"Diego Perotti","Pos":"FW","Cmp":305.0,"Cmp%":78.0,"1\/3":23.0,"PPA":9.0,"CrsPA":2.0,"Prog":29.0},{"Player":"Matteo Pessina","Pos":"MF","Cmp":1044.0,"Cmp%":77.6,"1\/3":121.0,"PPA":24.0,"CrsPA":3.0,"Prog":118.0},{"Player":"Andrea Petagna","Pos":"FW","Cmp":644.0,"Cmp%":73.5,"1\/3":37.0,"PPA":27.0,"CrsPA":3.0,"Prog":65.0},{"Player":"Jacopo Petriccione","Pos":"MF","Cmp":1091.0,"Cmp%":86.3,"1\/3":101.0,"PPA":31.0,"CrsPA":10.0,"Prog":115.0},{"Player":"Germán Pezzella","Pos":"DF","Cmp":997.0,"Cmp%":86.0,"1\/3":45.0,"PPA":4.0,"CrsPA":2.0,"Prog":43.0},{"Player":"Giuseppe Pezzella","Pos":"DF","Cmp":367.0,"Cmp%":75.4,"1\/3":33.0,"PPA":7.0,"CrsPA":3.0,"Prog":31.0},{"Player":"Giuseppe Pezzella","Pos":"DF","Cmp":33.0,"Cmp%":67.3,"1\/3":2.0,"PPA":1.0,"CrsPA":1.0,"Prog":4.0},{"Player":"Krzysztof Piatek","Pos":"FW","Cmp":181.0,"Cmp%":75.7,"1\/3":14.0,"PPA":3.0,"CrsPA":1.0,"Prog":11.0},{"Player":"Andrea Pinamonti","Pos":"FW","Cmp":440.0,"Cmp%":70.5,"1\/3":17.0,"PPA":7.0,"CrsPA":1.0,"Prog":17.0},{"Player":"Fabio Pisacane","Pos":"DF","Cmp":964.0,"Cmp%":88.7,"1\/3":19.0,"PPA":5.0,"CrsPA":2.0,"Prog":37.0},{"Player":"Miralem Pjanic","Pos":"MF","Cmp":1767.0,"Cmp%":87.7,"1\/3":207.0,"PPA":23.0,"CrsPA":2.0,"Prog":164.0},{"Player":"Andrea Poli","Pos":"MF","Cmp":954.0,"Cmp%":89.5,"1\/3":121.0,"PPA":20.0,"CrsPA":3.0,"Prog":94.0},{"Player":"Matteo Politano","Pos":"FW","Cmp":277.0,"Cmp%":76.3,"1\/3":14.0,"PPA":13.0,"CrsPA":2.0,"Prog":24.0},{"Player":"Matteo Politano","Pos":"FW","Cmp":86.0,"Cmp%":68.3,"1\/3":2.0,"PPA":4.0,"CrsPA":2.0,"Prog":5.0},{"Player":"Erick Pulgar","Pos":"MF","Cmp":1410.0,"Cmp%":81.1,"1\/3":122.0,"PPA":24.0,"CrsPA":6.0,"Prog":124.0},{"Player":"Fabio Quagliarella","Pos":"FW","Cmp":376.0,"Cmp%":68.6,"1\/3":33.0,"PPA":20.0,"CrsPA":4.0,"Prog":45.0},{"Player":"Adrien Rabiot","Pos":"MF","Cmp":1017.0,"Cmp%":89.1,"1\/3":81.0,"PPA":9.0,"CrsPA":3.0,"Prog":43.0},{"Player":"Ivan Radovanovic","Pos":"MF","Cmp":689.0,"Cmp%":86.4,"1\/3":83.0,"PPA":10.0,"CrsPA":3.0,"Prog":72.0},{"Player":"Ionut Radu","Pos":"GK","Cmp":535.0,"Cmp%":81.2,"1\/3":12.0,"PPA":1.0,"CrsPA":0.0,"Prog":0.0},{"Player":"Stefan Radu","Pos":"DF","Cmp":1197.0,"Cmp%":87.3,"1\/3":112.0,"PPA":14.0,"CrsPA":7.0,"Prog":110.0},{"Player":"Gastón Ramírez","Pos":"MF","Cmp":458.0,"Cmp%":71.3,"1\/3":36.0,"PPA":23.0,"CrsPA":3.0,"Prog":55.0},{"Player":"Aaron Ramsey","Pos":"MF","Cmp":649.0,"Cmp%":87.0,"1\/3":57.0,"PPA":5.0,"CrsPA":1.0,"Prog":35.0},{"Player":"Ante Rebic","Pos":"FW","Cmp":269.0,"Cmp%":61.8,"1\/3":11.0,"PPA":24.0,"CrsPA":8.0,"Prog":29.0},{"Player":"Arkadiusz Reca","Pos":"DF","Cmp":714.0,"Cmp%":73.5,"1\/3":50.0,"PPA":15.0,"CrsPA":10.0,"Prog":72.0},{"Player":"Franck Ribéry","Pos":"FW","Cmp":623.0,"Cmp%":84.2,"1\/3":67.0,"PPA":39.0,"CrsPA":4.0,"Prog":83.0},{"Player":"Tomás Rincón","Pos":"MF","Cmp":1071.0,"Cmp%":82.2,"1\/3":99.0,"PPA":24.0,"CrsPA":6.0,"Prog":93.0},{"Player":"Andrea Rispoli","Pos":"DF","Cmp":841.0,"Cmp%":76.9,"1\/3":44.0,"PPA":21.0,"CrsPA":16.0,"Prog":69.0},{"Player":"Marko Rog","Pos":"MF","Cmp":1007.0,"Cmp%":85.5,"1\/3":88.0,"PPA":10.0,"CrsPA":3.0,"Prog":90.0},{"Player":"Rogerio","Pos":"DF","Cmp":596.0,"Cmp%":84.4,"1\/3":48.0,"PPA":15.0,"CrsPA":9.0,"Prog":39.0},{"Player":"Filippo Romagna","Pos":"DF","Cmp":971.0,"Cmp%":94.6,"1\/3":35.0,"PPA":0.0,"CrsPA":0.0,"Prog":27.0},{"Player":"Alessio Romagnoli","Pos":"DF","Cmp":1806.0,"Cmp%":92.0,"1\/3":118.0,"PPA":5.0,"CrsPA":0.0,"Prog":114.0},{"Player":"Cristian Romero","Pos":"DF","Cmp":1350.0,"Cmp%":87.9,"1\/3":45.0,"PPA":4.0,"CrsPA":1.0,"Prog":60.0},{"Player":"Rômulo","Pos":"DF","Cmp":5.0,"Cmp%":62.5,"1\/3":0.0,"PPA":0.0,"CrsPA":0.0,"Prog":1.0},{"Player":"Rômulo","Pos":"MF","Cmp":438.0,"Cmp%":79.9,"1\/3":33.0,"PPA":8.0,"CrsPA":1.0,"Prog":36.0},{"Player":"Cristiano Ronaldo","Pos":"FW","Cmp":1086.0,"Cmp%":84.3,"1\/3":64.0,"PPA":36.0,"CrsPA":5.0,"Prog":82.0},{"Player":"Marten de Roon","Pos":"MF","Cmp":1758.0,"Cmp%":87.0,"1\/3":175.0,"PPA":24.0,"CrsPA":5.0,"Prog":173.0},{"Player":"Luca Rossettini","Pos":"DF","Cmp":889.0,"Cmp%":86.4,"1\/3":33.0,"PPA":2.0,"CrsPA":0.0,"Prog":29.0},{"Player":"Amir Rrahmani","Pos":"DF","Cmp":1221.0,"Cmp%":80.5,"1\/3":98.0,"PPA":5.0,"CrsPA":0.0,"Prog":90.0},{"Player":"Mário Rui","Pos":"DF","Cmp":1652.0,"Cmp%":82.8,"1\/3":114.0,"PPA":47.0,"CrsPA":17.0,"Prog":135.0},{"Player":"Fabián","Pos":"MF","Cmp":2118.0,"Cmp%":90.0,"1\/3":240.0,"PPA":54.0,"CrsPA":4.0,"Prog":225.0},{"Player":"Stefano Sabelli","Pos":"DF","Cmp":1454.0,"Cmp%":73.4,"1\/3":149.0,"PPA":54.0,"CrsPA":22.0,"Prog":212.0},{"Player":"Jacopo Sala","Pos":"DF","Cmp":373.0,"Cmp%":79.2,"1\/3":21.0,"PPA":8.0,"CrsPA":3.0,"Prog":24.0},{"Player":"Eddie Salcedo","Pos":"FW","Cmp":138.0,"Cmp%":62.4,"1\/3":9.0,"PPA":8.0,"CrsPA":4.0,"Prog":12.0},{"Player":"Antonio Sanabria","Pos":"FW","Cmp":290.0,"Cmp%":76.5,"1\/3":22.0,"PPA":4.0,"CrsPA":0.0,"Prog":16.0},{"Player":"Alexis Sánchez","Pos":"FW","Cmp":297.0,"Cmp%":72.4,"1\/3":31.0,"PPA":30.0,"CrsPA":4.0,"Prog":51.0},{"Player":"Alex Sandro","Pos":"DF","Cmp":1699.0,"Cmp%":86.1,"1\/3":112.0,"PPA":47.0,"CrsPA":16.0,"Prog":149.0},{"Player":"Nicola Sansone","Pos":"FW","Cmp":715.0,"Cmp%":72.5,"1\/3":64.0,"PPA":25.0,"CrsPA":8.0,"Prog":90.0},{"Player":"Federico Santander","Pos":"FW","Cmp":181.0,"Cmp%":67.8,"1\/3":15.0,"PPA":3.0,"CrsPA":0.0,"Prog":16.0},{"Player":"Davide Santon","Pos":"DF","Cmp":367.0,"Cmp%":90.4,"1\/3":13.0,"PPA":7.0,"CrsPA":0.0,"Prog":21.0},{"Player":"Samir","Pos":"DF","Cmp":657.0,"Cmp%":87.0,"1\/3":47.0,"PPA":2.0,"CrsPA":0.0,"Prog":51.0},{"Player":"Riccardo Saponara","Pos":"MF","Cmp":392.0,"Cmp%":75.7,"1\/3":38.0,"PPA":26.0,"CrsPA":6.0,"Prog":58.0},{"Player":"Riccardo Saponara","Pos":"MF","Cmp":62.0,"Cmp%":73.8,"1\/3":10.0,"PPA":3.0,"CrsPA":2.0,"Prog":9.0},{"Player":"Lasse Schöne","Pos":"MF","Cmp":1379.0,"Cmp%":84.4,"1\/3":107.0,"PPA":22.0,"CrsPA":3.0,"Prog":129.0},{"Player":"Jerdy Schouten","Pos":"MF","Cmp":457.0,"Cmp%":84.3,"1\/3":48.0,"PPA":8.0,"CrsPA":0.0,"Prog":51.0},{"Player":"Matteo Scozzarella","Pos":"MF","Cmp":387.0,"Cmp%":79.1,"1\/3":40.0,"PPA":5.0,"CrsPA":1.0,"Prog":39.0},{"Player":"Ken Sema","Pos":"DF","Cmp":775.0,"Cmp%":72.4,"1\/3":35.0,"PPA":44.0,"CrsPA":32.0,"Prog":73.0},{"Player":"Stefano Denswil","Pos":"MF","Cmp":422.0,"Cmp%":81.9,"1\/3":37.0,"PPA":17.0,"CrsPA":1.0,"Prog":52.0},{"Player":"Luigi Sepe","Pos":"GK","Cmp":841.0,"Cmp%":73.9,"1\/3":21.0,"PPA":0.0,"CrsPA":0.0,"Prog":0.0},{"Player":"Evgen Shakhov","Pos":"MF","Cmp":334.0,"Cmp%":83.3,"1\/3":16.0,"PPA":7.0,"CrsPA":0.0,"Prog":20.0},{"Player":"Marco Silvestri","Pos":"GK","Cmp":450.0,"Cmp%":45.4,"1\/3":11.0,"PPA":0.0,"CrsPA":0.0,"Prog":0.0},{"Player":"Giovanni Simeone","Pos":"FW","Cmp":350.0,"Cmp%":70.6,"1\/3":10.0,"PPA":13.0,"CrsPA":3.0,"Prog":21.0},{"Player":"Salvatore Sirigu","Pos":"GK","Cmp":820.0,"Cmp%":70.6,"1\/3":10.0,"PPA":0.0,"CrsPA":0.0,"Prog":0.0},{"Player":"Lukasz Skorupski","Pos":"GK","Cmp":868.0,"Cmp%":75.7,"1\/3":3.0,"PPA":0.0,"CrsPA":0.0,"Prog":0.0},{"Player":"Andreas Skov Olsen","Pos":"FW","Cmp":274.0,"Cmp%":72.5,"1\/3":11.0,"PPA":11.0,"CrsPA":5.0,"Prog":19.0},{"Player":"Milan Skriniar","Pos":"DF","Cmp":1843.0,"Cmp%":92.3,"1\/3":139.0,"PPA":14.0,"CrsPA":0.0,"Prog":129.0},{"Player":"Chris Smalling","Pos":"DF","Cmp":1306.0,"Cmp%":90.7,"1\/3":64.0,"PPA":2.0,"CrsPA":0.0,"Prog":55.0},{"Player":"Roberto Soriano","Pos":"MF","Cmp":1031.0,"Cmp%":84.0,"1\/3":105.0,"PPA":42.0,"CrsPA":6.0,"Prog":148.0},{"Player":"Riccardo Sottil","Pos":"FW","Cmp":160.0,"Cmp%":77.7,"1\/3":4.0,"PPA":5.0,"CrsPA":1.0,"Prog":10.0},{"Player":"Nikolas Spalek","Pos":"MF","Cmp":304.0,"Cmp%":68.2,"1\/3":17.0,"PPA":10.0,"CrsPA":1.0,"Prog":26.0},{"Player":"Leonardo Spinazzola","Pos":"DF","Cmp":813.0,"Cmp%":79.9,"1\/3":34.0,"PPA":24.0,"CrsPA":9.0,"Prog":56.0},{"Player":"Mattia Sprocati","Pos":"FW","Cmp":145.0,"Cmp%":70.0,"1\/3":9.0,"PPA":9.0,"CrsPA":0.0,"Prog":18.0},{"Player":"Mariusz Stepinski","Pos":"FW","Cmp":115.0,"Cmp%":67.3,"1\/3":5.0,"PPA":0.0,"CrsPA":0.0,"Prog":1.0},{"Player":"Thomas Strakosha","Pos":"GK","Cmp":953.0,"Cmp%":77.9,"1\/3":18.0,"PPA":0.0,"CrsPA":0.0,"Prog":0.0},{"Player":"Gabriel Strefezza","Pos":"DF","Cmp":680.0,"Cmp%":78.2,"1\/3":36.0,"PPA":24.0,"CrsPA":8.0,"Prog":55.0},{"Player":"Jens Stryger Larsen","Pos":"DF","Cmp":1231.0,"Cmp%":75.6,"1\/3":92.0,"PPA":50.0,"CrsPA":28.0,"Prog":137.0},{"Player":"Stefano Sturaro","Pos":"MF","Cmp":366.0,"Cmp%":73.5,"1\/3":31.0,"PPA":10.0,"CrsPA":3.0,"Prog":37.0},{"Player":"Suso","Pos":"FW","Cmp":579.0,"Cmp%":76.9,"1\/3":47.0,"PPA":53.0,"CrsPA":15.0,"Prog":81.0},{"Player":"Mattias Svanberg","Pos":"MF","Cmp":342.0,"Cmp%":82.0,"1\/3":29.0,"PPA":7.0,"CrsPA":0.0,"Prog":32.0},{"Player":"Wojciech Szczesny","Pos":"GK","Cmp":656.0,"Cmp%":86.2,"1\/3":1.0,"PPA":0.0,"CrsPA":0.0,"Prog":0.0},{"Player":"Panagiotis Tachtsidis","Pos":"MF","Cmp":944.0,"Cmp%":78.7,"1\/3":102.0,"PPA":32.0,"CrsPA":2.0,"Prog":136.0},{"Player":"Hidde ter Avest","Pos":"DF","Cmp":264.0,"Cmp%":74.4,"1\/3":23.0,"PPA":5.0,"CrsPA":4.0,"Prog":28.0},{"Player":"Morten Thorsby","Pos":"MF","Cmp":608.0,"Cmp%":76.7,"1\/3":45.0,"PPA":8.0,"CrsPA":3.0,"Prog":48.0},{"Player":"Jeremy Toljan","Pos":"DF","Cmp":1266.0,"Cmp%":84.8,"1\/3":75.0,"PPA":24.0,"CrsPA":7.0,"Prog":81.0},{"Player":"Rafael Toloi","Pos":"DF","Cmp":1363.0,"Cmp%":82.4,"1\/3":152.0,"PPA":16.0,"CrsPA":0.0,"Prog":148.0},{"Player":"Takehiro Tomiyasu","Pos":"DF","Cmp":1367.0,"Cmp%":83.2,"1\/3":139.0,"PPA":14.0,"CrsPA":4.0,"Prog":151.0},{"Player":"Nenad Tomovic","Pos":"DF","Cmp":788.0,"Cmp%":84.5,"1\/3":51.0,"PPA":8.0,"CrsPA":2.0,"Prog":44.0},{"Player":"Sandro Tonali","Pos":"MF","Cmp":1137.0,"Cmp%":71.9,"1\/3":139.0,"PPA":26.0,"CrsPA":7.0,"Prog":161.0},{"Player":"Ernesto Torregrossa","Pos":"FW","Cmp":332.0,"Cmp%":65.5,"1\/3":16.0,"PPA":17.0,"CrsPA":0.0,"Prog":37.0},{"Player":"William Troost-Ekong","Pos":"DF","Cmp":860.0,"Cmp%":82.1,"1\/3":58.0,"PPA":3.0,"CrsPA":0.0,"Prog":48.0},{"Player":"Samir","Pos":"GK","Cmp":44.0,"Cmp%":84.6,"1\/3":0.0,"PPA":0.0,"CrsPA":0.0,"Prog":0.0},{"Player":"Cengiz Ünder","Pos":"FW","Cmp":241.0,"Cmp%":70.5,"1\/3":21.0,"PPA":19.0,"CrsPA":9.0,"Prog":33.0},{"Player":"Mirko Valdifiori","Pos":"MF","Cmp":741.0,"Cmp%":82.2,"1\/3":83.0,"PPA":16.0,"CrsPA":4.0,"Prog":89.0},{"Player":"Borja Valero","Pos":"MF","Cmp":479.0,"Cmp%":89.0,"1\/3":44.0,"PPA":13.0,"CrsPA":2.0,"Prog":51.0},{"Player":"Mattia Valoti","Pos":"MF","Cmp":460.0,"Cmp%":79.3,"1\/3":46.0,"PPA":9.0,"CrsPA":3.0,"Prog":58.0},{"Player":"Matías Vecino","Pos":"MF","Cmp":418.0,"Cmp%":77.1,"1\/3":40.0,"PPA":9.0,"CrsPA":2.0,"Prog":54.0},{"Player":"Miguel Veloso","Pos":"MF","Cmp":1288.0,"Cmp%":76.5,"1\/3":138.0,"PPA":27.0,"CrsPA":8.0,"Prog":165.0},{"Player":"Lorenzo Venuti","Pos":"DF","Cmp":400.0,"Cmp%":83.0,"1\/3":38.0,"PPA":11.0,"CrsPA":6.0,"Prog":37.0},{"Player":"Simone Verdi","Pos":"MF","Cmp":639.0,"Cmp%":70.7,"1\/3":74.0,"PPA":28.0,"CrsPA":10.0,"Prog":84.0},{"Player":"Jordan Veretout","Pos":"MF","Cmp":1446.0,"Cmp%":87.2,"1\/3":186.0,"PPA":18.0,"CrsPA":5.0,"Prog":153.0},{"Player":"Valerio Verre","Pos":"FW","Cmp":524.0,"Cmp%":73.9,"1\/3":47.0,"PPA":27.0,"CrsPA":4.0,"Prog":62.0},{"Player":"Francesco Vicari","Pos":"DF","Cmp":1101.0,"Cmp%":87.1,"1\/3":59.0,"PPA":1.0,"CrsPA":0.0,"Prog":56.0},{"Player":"Ronaldo Vieira","Pos":"MF","Cmp":784.0,"Cmp%":83.2,"1\/3":93.0,"PPA":19.0,"CrsPA":5.0,"Prog":95.0},{"Player":"Dusan Vlahovic","Pos":"FW","Cmp":236.0,"Cmp%":68.8,"1\/3":14.0,"PPA":3.0,"CrsPA":1.0,"Prog":16.0},{"Player":"Stefan de Vrij","Pos":"DF","Cmp":1525.0,"Cmp%":92.7,"1\/3":75.0,"PPA":6.0,"CrsPA":0.0,"Prog":76.0},{"Player":"Walace","Pos":"MF","Cmp":611.0,"Cmp%":89.3,"1\/3":44.0,"PPA":7.0,"CrsPA":0.0,"Prog":50.0},{"Player":"Ashley Young","Pos":"DF","Cmp":506.0,"Cmp%":79.8,"1\/3":19.0,"PPA":26.0,"CrsPA":6.0,"Prog":61.0},{"Player":"Mattia Zaccagni","Pos":"FW","Cmp":572.0,"Cmp%":72.4,"1\/3":53.0,"PPA":28.0,"CrsPA":1.0,"Prog":83.0},{"Player":"Nicolo Zaniolo","Pos":"FW","Cmp":356.0,"Cmp%":79.6,"1\/3":26.0,"PPA":18.0,"CrsPA":3.0,"Prog":39.0},{"Player":"Cristian Zapata","Pos":"DF","Cmp":808.0,"Cmp%":92.4,"1\/3":32.0,"PPA":2.0,"CrsPA":1.0,"Prog":31.0},{"Player":"Duván Zapata","Pos":"FW","Cmp":458.0,"Cmp%":76.2,"1\/3":18.0,"PPA":18.0,"CrsPA":4.0,"Prog":23.0},{"Player":"Simone Zaza","Pos":"FW","Cmp":213.0,"Cmp%":64.4,"1\/3":13.0,"PPA":6.0,"CrsPA":1.0,"Prog":18.0},{"Player":"Piotr Zielinski","Pos":"MF","Cmp":1758.0,"Cmp%":87.2,"1\/3":261.0,"PPA":47.0,"CrsPA":6.0,"Prog":225.0},{"Player":"Jaromir Zmrhal","Pos":"MF","Cmp":272.0,"Cmp%":71.4,"1\/3":24.0,"PPA":15.0,"CrsPA":2.0,"Prog":42.0},{"Player":"Filip Đuričić","Pos":"MF,FW","Cmp":"552","Cmp%":"79.1","1\/3":"44","PPA":"21","CrsPA":"1","Prog":"62"}]