[{"Player":"Yunis Abdelhamid","Pos":"DF","Cmp":1328.0,"Cmp%":87.7,"1\/3":45.0,"PPA":3.0,"CrsPA":0.0,"Prog":80.0},{"Player":"Mehdi Abeid","Pos":"MF","Cmp":801.0,"Cmp%":83.7,"1\/3":85.0,"PPA":6.0,"CrsPA":4.0,"Prog":59.0},{"Player":"Yacine Adli","Pos":"MF","Cmp":460.0,"Cmp%":79.2,"1\/3":50.0,"PPA":8.0,"CrsPA":0.0,"Prog":55.0},{"Player":"Ruben Aguilar","Pos":"DF","Cmp":666.0,"Cmp%":84.2,"1\/3":39.0,"PPA":25.0,"CrsPA":15.0,"Prog":51.0},{"Player":"Rayan Ait Nouri","Pos":"DF","Cmp":625.0,"Cmp%":78.0,"1\/3":35.0,"PPA":18.0,"CrsPA":12.0,"Prog":49.0},{"Player":"Ludovic Ajorque","Pos":"FW","Cmp":371.0,"Cmp%":72.9,"1\/3":14.0,"PPA":12.0,"CrsPA":4.0,"Prog":27.0},{"Player":"Chadrac Akolo","Pos":"FW","Cmp":172.0,"Cmp%":83.5,"1\/3":15.0,"PPA":2.0,"CrsPA":0.0,"Prog":26.0},{"Player":"Sofiane Alakouch","Pos":"DF","Cmp":664.0,"Cmp%":82.0,"1\/3":48.0,"PPA":13.0,"CrsPA":6.0,"Prog":64.0},{"Player":"Haitam Aleesami","Pos":"DF","Cmp":910.0,"Cmp%":77.8,"1\/3":67.0,"PPA":12.0,"CrsPA":6.0,"Prog":98.0},{"Player":"Rachid Alioui","Pos":"FW","Cmp":342.0,"Cmp%":73.2,"1\/3":22.0,"PPA":9.0,"CrsPA":1.0,"Prog":24.0},{"Player":"Mickaël Alphonse","Pos":"DF","Cmp":500.0,"Cmp%":69.8,"1\/3":31.0,"PPA":12.0,"CrsPA":5.0,"Prog":53.0},{"Player":"Romain Amalfitano","Pos":"MF","Cmp":700.0,"Cmp%":78.5,"1\/3":81.0,"PPA":13.0,"CrsPA":1.0,"Prog":91.0},{"Player":"Jordan Amavi","Pos":"DF","Cmp":983.0,"Cmp%":80.4,"1\/3":46.0,"PPA":15.0,"CrsPA":8.0,"Prog":74.0},{"Player":"Thierry Ambrose","Pos":"FW","Cmp":140.0,"Cmp%":72.5,"1\/3":20.0,"PPA":7.0,"CrsPA":3.0,"Prog":17.0},{"Player":"Joachim Andersen","Pos":"DF","Cmp":1192.0,"Cmp%":91.1,"1\/3":57.0,"PPA":3.0,"CrsPA":1.0,"Prog":65.0},{"Player":"Benjamin André","Pos":"MF","Cmp":981.0,"Cmp%":79.2,"1\/3":98.0,"PPA":8.0,"CrsPA":4.0,"Prog":81.0},{"Player":"Victorien Angban","Pos":"MF","Cmp":548.0,"Cmp%":88.1,"1\/3":43.0,"PPA":2.0,"CrsPA":0.0,"Prog":43.0},{"Player":"Houssem Aouar","Pos":"MF","Cmp":911.0,"Cmp%":84.7,"1\/3":108.0,"PPA":23.0,"CrsPA":0.0,"Prog":107.0},{"Player":"Dennis Appiah","Pos":"DF","Cmp":744.0,"Cmp%":77.2,"1\/3":43.0,"PPA":4.0,"CrsPA":3.0,"Prog":60.0},{"Player":"Luiz Araujo","Pos":"FW","Cmp":223.0,"Cmp%":72.2,"1\/3":13.0,"PPA":15.0,"CrsPA":4.0,"Prog":28.0},{"Player":"Mathias Autret","Pos":"MF","Cmp":381.0,"Cmp%":67.8,"1\/3":37.0,"PPA":29.0,"CrsPA":10.0,"Prog":51.0},{"Player":"Ludovic Blas","Pos":"DF","Cmp":500.0,"Cmp%":80.8,"1\/3":42.0,"PPA":13.0,"CrsPA":8.0,"Prog":51.0},{"Player":"Stéphane Bahoken","Pos":"FW","Cmp":150.0,"Cmp%":73.5,"1\/3":7.0,"PPA":5.0,"CrsPA":3.0,"Prog":6.0},{"Player":"Denys Bain","Pos":"DF","Cmp":610.0,"Cmp%":93.1,"1\/3":6.0,"PPA":0.0,"CrsPA":0.0,"Prog":15.0},{"Player":"Tiemoué Bakayoko","Pos":"MF","Cmp":831.0,"Cmp%":86.5,"1\/3":75.0,"PPA":12.0,"CrsPA":0.0,"Prog":81.0},{"Player":"Keita","Pos":"FW","Cmp":207.0,"Cmp%":70.2,"1\/3":12.0,"PPA":6.0,"CrsPA":0.0,"Prog":24.0},{"Player":"Abdoul Kader Bamba","Pos":"DF","Cmp":207.0,"Cmp%":74.2,"1\/3":10.0,"PPA":2.0,"CrsPA":2.0,"Prog":13.0},{"Player":"Jonathan Bamba","Pos":"FW","Cmp":669.0,"Cmp%":80.5,"1\/3":61.0,"PPA":21.0,"CrsPA":0.0,"Prog":77.0},{"Player":"Danilo","Pos":"DF","Cmp":731.0,"Cmp%":91.4,"1\/3":66.0,"PPA":5.0,"CrsPA":0.0,"Prog":49.0},{"Player":"Cristian Battocchio","Pos":"MF","Cmp":667.0,"Cmp%":79.5,"1\/3":54.0,"PPA":7.0,"CrsPA":0.0,"Prog":63.0},{"Player":"Haris Belkebla","Pos":"MF","Cmp":731.0,"Cmp%":86.5,"1\/3":55.0,"PPA":6.0,"CrsPA":1.0,"Prog":48.0},{"Player":"Jean-Ricner Bellegarde","Pos":"MF","Cmp":604.0,"Cmp%":86.3,"1\/3":51.0,"PPA":11.0,"CrsPA":2.0,"Prog":46.0},{"Player":"Wissam Ben Yedder","Pos":"FW","Cmp":613.0,"Cmp%":75.5,"1\/3":52.0,"PPA":36.0,"CrsPA":4.0,"Prog":81.0},{"Player":"Darío Benedetto","Pos":"FW","Cmp":342.0,"Cmp%":68.0,"1\/3":27.0,"PPA":10.0,"CrsPA":1.0,"Prog":29.0},{"Player":"Walter Benítez","Pos":"GK","Cmp":654.0,"Cmp%":83.3,"1\/3":1.0,"PPA":0.0,"CrsPA":0.0,"Prog":1.0},{"Player":"Loris Benito","Pos":"DF","Cmp":1104.0,"Cmp%":84.0,"1\/3":70.0,"PPA":15.0,"CrsPA":6.0,"Prog":108.0},{"Player":"Yassin Benrahou","Pos":"FW","Cmp":83.0,"Cmp%":78.3,"1\/3":6.0,"PPA":4.0,"CrsPA":0.0,"Prog":8.0},{"Player":"Yassin Benrahou","Pos":"MF","Cmp":208.0,"Cmp%":66.0,"1\/3":19.0,"PPA":7.0,"CrsPA":2.0,"Prog":13.0},{"Player":"Paul Bernardoni","Pos":"GK","Cmp":426.0,"Cmp%":60.4,"1\/3":15.0,"PPA":1.0,"CrsPA":0.0,"Prog":0.0},{"Player":"Juan Bernat","Pos":"DF","Cmp":1011.0,"Cmp%":90.1,"1\/3":50.0,"PPA":16.0,"CrsPA":3.0,"Prog":48.0},{"Player":"Ludovic Blas","Pos":"FW","Cmp":540.0,"Cmp%":79.9,"1\/3":50.0,"PPA":19.0,"CrsPA":2.0,"Prog":67.0},{"Player":"Alexis Blin","Pos":"MF","Cmp":874.0,"Cmp%":84.0,"1\/3":70.0,"PPA":4.0,"CrsPA":0.0,"Prog":87.0},{"Player":"Quentin Boisgard","Pos":"MF","Cmp":401.0,"Cmp%":79.1,"1\/3":24.0,"PPA":7.0,"CrsPA":1.0,"Prog":22.0},{"Player":"Gabriel","Pos":"MF","Cmp":59.0,"Cmp%":74.7,"1\/3":5.0,"PPA":2.0,"CrsPA":0.0,"Prog":7.0},{"Player":"Denis Bouanga","Pos":"FW","Cmp":408.0,"Cmp%":68.0,"1\/3":22.0,"PPA":13.0,"CrsPA":5.0,"Prog":41.0},{"Player":"Ryad Boudebouz","Pos":"MF","Cmp":696.0,"Cmp%":72.2,"1\/3":58.0,"PPA":23.0,"CrsPA":6.0,"Prog":80.0},{"Player":"Farid Boulaya","Pos":"FW","Cmp":289.0,"Cmp%":68.2,"1\/3":30.0,"PPA":13.0,"CrsPA":3.0,"Prog":39.0},{"Player":"Benjamin Bourigeaud","Pos":"MF","Cmp":924.0,"Cmp%":75.6,"1\/3":102.0,"PPA":21.0,"CrsPA":8.0,"Prog":104.0},{"Player":"John Boye","Pos":"DF","Cmp":773.0,"Cmp%":86.8,"1\/3":19.0,"PPA":2.0,"CrsPA":0.0,"Prog":25.0},{"Player":"Domagoj Bradaric","Pos":"DF","Cmp":625.0,"Cmp%":75.4,"1\/3":38.0,"PPA":18.0,"CrsPA":13.0,"Prog":52.0},{"Player":"Anthony Briancon","Pos":"DF","Cmp":704.0,"Cmp%":84.2,"1\/3":45.0,"PPA":0.0,"CrsPA":0.0,"Prog":40.0},{"Player":"Jimmy Briand","Pos":"FW","Cmp":274.0,"Cmp%":79.9,"1\/3":12.0,"PPA":2.0,"CrsPA":0.0,"Prog":10.0},{"Player":"Patrick Burner","Pos":"DF","Cmp":931.0,"Cmp%":85.5,"1\/3":72.0,"PPA":9.0,"CrsPA":5.0,"Prog":74.0},{"Player":"Ludovic Butelle","Pos":"GK","Cmp":449.0,"Cmp%":64.5,"1\/3":8.0,"PPA":1.0,"CrsPA":0.0,"Prog":0.0},{"Player":"Yohan Cabaye","Pos":"MF","Cmp":403.0,"Cmp%":79.8,"1\/3":58.0,"PPA":5.0,"CrsPA":1.0,"Prog":59.0},{"Player":"Jhonder Cádiz","Pos":"FW","Cmp":120.0,"Cmp%":63.5,"1\/3":9.0,"PPA":4.0,"CrsPA":0.0,"Prog":11.0},{"Player":"Arturo Calabresi","Pos":"DF","Cmp":714.0,"Cmp%":74.1,"1\/3":56.0,"PPA":9.0,"CrsPA":2.0,"Prog":61.0},{"Player":"Duje Caleta-Car","Pos":"DF","Cmp":941.0,"Cmp%":88.9,"1\/3":56.0,"PPA":3.0,"CrsPA":0.0,"Prog":63.0},{"Player":"Eduardo Camavinga","Pos":"MF","Cmp":879.0,"Cmp%":89.2,"1\/3":57.0,"PPA":6.0,"CrsPA":1.0,"Prog":57.0},{"Player":"Pierrick Capelle","Pos":"MF","Cmp":646.0,"Cmp%":81.8,"1\/3":44.0,"PPA":12.0,"CrsPA":4.0,"Prog":59.0},{"Player":"Irvin Cardona","Pos":"FW","Cmp":290.0,"Cmp%":65.8,"1\/3":19.0,"PPA":19.0,"CrsPA":3.0,"Prog":37.0},{"Player":"Lionel Carole","Pos":"DF","Cmp":623.0,"Cmp%":78.2,"1\/3":51.0,"PPA":18.0,"CrsPA":7.0,"Prog":84.0},{"Player":"Jean-Charles Castelletto","Pos":"DF","Cmp":845.0,"Cmp%":88.4,"1\/3":57.0,"PPA":5.0,"CrsPA":0.0,"Prog":53.0},{"Player":"Fabien Centonze","Pos":"DF","Cmp":980.0,"Cmp%":75.6,"1\/3":56.0,"PPA":25.0,"CrsPA":17.0,"Prog":68.0},{"Player":"Fouad Chafik","Pos":"DF","Cmp":702.0,"Cmp%":76.8,"1\/3":65.0,"PPA":30.0,"CrsPA":15.0,"Prog":77.0},{"Player":"Gaëtan Charbonnier","Pos":"FW","Cmp":627.0,"Cmp%":76.4,"1\/3":56.0,"PPA":22.0,"CrsPA":3.0,"Prog":77.0},{"Player":"Xavier Chavalerin","Pos":"MF","Cmp":848.0,"Cmp%":77.4,"1\/3":75.0,"PPA":26.0,"CrsPA":7.0,"Prog":89.0},{"Player":"Aurélien Chedjou","Pos":"DF","Cmp":828.0,"Cmp%":83.3,"1\/3":79.0,"PPA":2.0,"CrsPA":0.0,"Prog":84.0},{"Player":"Joris Chotard","Pos":"MF","Cmp":429.0,"Cmp%":77.2,"1\/3":60.0,"PPA":10.0,"CrsPA":1.0,"Prog":54.0},{"Player":"Mounir Chouiar","Pos":"MF","Cmp":459.0,"Cmp%":71.7,"1\/3":33.0,"PPA":20.0,"CrsPA":3.0,"Prog":54.0},{"Player":"Alexis Claude Maurice","Pos":"MF","Cmp":504.0,"Cmp%":84.0,"1\/3":24.0,"PPA":17.0,"CrsPA":3.0,"Prog":48.0},{"Player":"Daniel Congré","Pos":"DF","Cmp":755.0,"Cmp%":83.9,"1\/3":63.0,"PPA":4.0,"CrsPA":2.0,"Prog":82.0},{"Player":"Maxwel Cornet","Pos":"FW","Cmp":499.0,"Cmp%":72.3,"1\/3":24.0,"PPA":22.0,"CrsPA":12.0,"Prog":50.0},{"Player":"Benoit Costil","Pos":"GK","Cmp":633.0,"Cmp%":71.4,"1\/3":6.0,"PPA":1.0,"CrsPA":0.0,"Prog":0.0},{"Player":"Kalifa Coulibaly","Pos":"FW","Cmp":199.0,"Cmp%":59.2,"1\/3":14.0,"PPA":8.0,"CrsPA":3.0,"Prog":19.0},{"Player":"Yoann Court","Pos":"FW","Cmp":378.0,"Cmp%":68.9,"1\/3":43.0,"PPA":15.0,"CrsPA":5.0,"Prog":51.0},{"Player":"Wylan Cyprien","Pos":"MF","Cmp":1122.0,"Cmp%":83.5,"1\/3":101.0,"PPA":8.0,"CrsPA":2.0,"Prog":109.0},{"Player":"Damien Da Silva","Pos":"DF","Cmp":1068.0,"Cmp%":87.5,"1\/3":54.0,"PPA":3.0,"CrsPA":1.0,"Prog":46.0},{"Player":"Dante","Pos":"DF","Cmp":1466.0,"Cmp%":92.3,"1\/3":86.0,"PPA":4.0,"CrsPA":0.0,"Prog":87.0},{"Player":"Lucas Deaux","Pos":"MF","Cmp":539.0,"Cmp%":78.3,"1\/3":62.0,"PPA":6.0,"CrsPA":1.0,"Prog":81.0},{"Player":"Mathieu Debuchy","Pos":"DF","Cmp":808.0,"Cmp%":75.4,"1\/3":56.0,"PPA":13.0,"CrsPA":7.0,"Prog":75.0},{"Player":"Romain Del Castillo","Pos":"FW","Cmp":379.0,"Cmp%":78.6,"1\/3":25.0,"PPA":19.0,"CrsPA":6.0,"Prog":44.0},{"Player":"Thomas Delaine","Pos":"DF","Cmp":468.0,"Cmp%":69.1,"1\/3":37.0,"PPA":11.0,"CrsPA":6.0,"Prog":33.0},{"Player":"Andy Delort","Pos":"FW","Cmp":451.0,"Cmp%":59.0,"1\/3":42.0,"PPA":30.0,"CrsPA":14.0,"Prog":56.0},{"Player":"Moussa Dembele","Pos":"FW","Cmp":347.0,"Cmp%":74.0,"1\/3":18.0,"PPA":15.0,"CrsPA":1.0,"Prog":27.0},{"Player":"Jason Denayer","Pos":"DF","Cmp":1492.0,"Cmp%":95.2,"1\/3":61.0,"PPA":1.0,"CrsPA":0.0,"Prog":60.0},{"Player":"Kévin Denkey","Pos":"FW","Cmp":102.0,"Cmp%":68.5,"1\/3":3.0,"PPA":2.0,"CrsPA":1.0,"Prog":9.0},{"Player":"Ángel Di María","Pos":"FW","Cmp":940.0,"Cmp%":72.9,"1\/3":83.0,"PPA":91.0,"CrsPA":14.0,"Prog":164.0},{"Player":"Boulaye Dia","Pos":"FW","Cmp":251.0,"Cmp%":76.5,"1\/3":16.0,"PPA":12.0,"CrsPA":0.0,"Prog":24.0},{"Player":"Fousseni Diabate","Pos":"FW","Cmp":362.0,"Cmp%":75.1,"1\/3":18.0,"PPA":5.0,"CrsPA":2.0,"Prog":34.0},{"Player":"Bafode Diakite","Pos":"DF","Cmp":568.0,"Cmp%":84.9,"1\/3":23.0,"PPA":3.0,"CrsPA":2.0,"Prog":31.0},{"Player":"Abdou Diallo","Pos":"DF","Cmp":986.0,"Cmp%":92.9,"1\/3":84.0,"PPA":5.0,"CrsPA":1.0,"Prog":72.0},{"Player":"Habib Diallo","Pos":"FW","Cmp":318.0,"Cmp%":70.5,"1\/3":16.0,"PPA":5.0,"CrsPA":1.0,"Prog":19.0},{"Player":"Ibrahima Diallo","Pos":"MF","Cmp":729.0,"Cmp%":87.0,"1\/3":50.0,"PPA":4.0,"CrsPA":0.0,"Prog":48.0},{"Player":"Bakaye Dibassy","Pos":"DF","Cmp":732.0,"Cmp%":81.2,"1\/3":32.0,"PPA":3.0,"CrsPA":2.0,"Prog":46.0},{"Player":"Tristan Dingome","Pos":"MF","Cmp":269.0,"Cmp%":72.7,"1\/3":25.0,"PPA":14.0,"CrsPA":0.0,"Prog":39.0},{"Player":"Axel Disasi","Pos":"DF","Cmp":1237.0,"Cmp%":85.8,"1\/3":80.0,"PPA":10.0,"CrsPA":0.0,"Prog":96.0},{"Player":"Alexander Djiku","Pos":"DF","Cmp":1066.0,"Cmp%":89.0,"1\/3":66.0,"PPA":3.0,"CrsPA":1.0,"Prog":70.0},{"Player":"Kasper Dolberg","Pos":"FW","Cmp":232.0,"Cmp%":77.1,"1\/3":3.0,"PPA":4.0,"CrsPA":0.0,"Prog":6.0},{"Player":"Anastasios Donis","Pos":"FW","Cmp":75.0,"Cmp%":56.4,"1\/3":0.0,"PPA":1.0,"CrsPA":1.0,"Prog":2.0},{"Player":"Gabriel","Pos":"DF","Cmp":1228.0,"Cmp%":84.3,"1\/3":111.0,"PPA":2.0,"CrsPA":0.0,"Prog":93.0},{"Player":"Mathieu Dossevi","Pos":"MF","Cmp":463.0,"Cmp%":63.0,"1\/3":25.0,"PPA":27.0,"CrsPA":15.0,"Prog":55.0},{"Player":"Moussa Doumbia","Pos":"FW","Cmp":532.0,"Cmp%":78.1,"1\/3":37.0,"PPA":18.0,"CrsPA":3.0,"Prog":56.0},{"Player":"Léo Dubois","Pos":"DF","Cmp":772.0,"Cmp%":79.9,"1\/3":48.0,"PPA":13.0,"CrsPA":6.0,"Prog":74.0},{"Player":"Bruno Ecuele Manga","Pos":"DF","Cmp":1143.0,"Cmp%":87.3,"1\/3":42.0,"PPA":3.0,"CrsPA":0.0,"Prog":53.0},{"Player":"Cesc Fàbregas","Pos":"MF","Cmp":623.0,"Cmp%":81.9,"1\/3":79.0,"PPA":22.0,"CrsPA":3.0,"Prog":106.0},{"Player":"Julien Faussurier","Pos":"DF","Cmp":921.0,"Cmp%":72.3,"1\/3":64.0,"PPA":40.0,"CrsPA":19.0,"Prog":103.0},{"Player":"Zinedine Ferhat","Pos":"FW","Cmp":600.0,"Cmp%":63.4,"1\/3":49.0,"PPA":39.0,"CrsPA":15.0,"Prog":97.0},{"Player":"Juan Ferney Otero","Pos":"FW","Cmp":241.0,"Cmp%":66.6,"1\/3":18.0,"PPA":12.0,"CrsPA":4.0,"Prog":29.0},{"Player":"Jordan Ferri","Pos":"MF","Cmp":603.0,"Cmp%":81.5,"1\/3":69.0,"PPA":12.0,"CrsPA":3.0,"Prog":77.0},{"Player":"Mamadou Fofana","Pos":"DF","Cmp":645.0,"Cmp%":87.4,"1\/3":24.0,"PPA":1.0,"CrsPA":0.0,"Prog":29.0},{"Player":"Youssouf Fofana","Pos":"MF","Cmp":381.0,"Cmp%":86.0,"1\/3":39.0,"PPA":5.0,"CrsPA":1.0,"Prog":42.0},{"Player":"Youssouf Fofana","Pos":"MF","Cmp":306.0,"Cmp%":85.7,"1\/3":30.0,"PPA":5.0,"CrsPA":1.0,"Prog":32.0},{"Player":"Thomas Foket","Pos":"DF","Cmp":1054.0,"Cmp%":80.6,"1\/3":55.0,"PPA":25.0,"CrsPA":13.0,"Prog":82.0},{"Player":"Lamine Fomba","Pos":"MF","Cmp":301.0,"Cmp%":70.3,"1\/3":20.0,"PPA":4.0,"CrsPA":0.0,"Prog":30.0},{"Player":"José Fonte","Pos":"DF","Cmp":1254.0,"Cmp%":88.4,"1\/3":58.0,"PPA":3.0,"CrsPA":0.0,"Prog":60.0},{"Player":"Angelo Fulgini","Pos":"MF","Cmp":741.0,"Cmp%":79.7,"1\/3":72.0,"PPA":25.0,"CrsPA":6.0,"Prog":83.0},{"Player":"Gabriel","Pos":"DF","Cmp":234.0,"Cmp%":84.2,"1\/3":8.0,"PPA":1.0,"CrsPA":0.0,"Prog":8.0},{"Player":"Idrissa Gueye","Pos":"MF","Cmp":1468.0,"Cmp%":92.3,"1\/3":138.0,"PPA":16.0,"CrsPA":1.0,"Prog":134.0},{"Player":"Ignatius Ganago","Pos":"FW","Cmp":283.0,"Cmp%":77.3,"1\/3":16.0,"PPA":11.0,"CrsPA":2.0,"Prog":29.0},{"Player":"Valère Germain","Pos":"FW","Cmp":330.0,"Cmp%":75.0,"1\/3":18.0,"PPA":10.0,"CrsPA":6.0,"Prog":22.0},{"Player":"Andrei Girotto","Pos":"DF","Cmp":1024.0,"Cmp%":86.9,"1\/3":45.0,"PPA":4.0,"CrsPA":2.0,"Prog":55.0},{"Player":"Kamil Glik","Pos":"DF","Cmp":968.0,"Cmp%":89.6,"1\/3":20.0,"PPA":1.0,"CrsPA":0.0,"Prog":30.0},{"Player":"Joris Gnagnon","Pos":"DF","Cmp":563.0,"Cmp%":92.1,"1\/3":24.0,"PPA":1.0,"CrsPA":0.0,"Prog":18.0},{"Player":"Eddy Gnahore","Pos":"MF","Cmp":665.0,"Cmp%":91.6,"1\/3":50.0,"PPA":2.0,"CrsPA":0.0,"Prog":43.0},{"Player":"Aleksandr Golovin","Pos":"MF","Cmp":871.0,"Cmp%":76.6,"1\/3":93.0,"PPA":28.0,"CrsPA":1.0,"Prog":105.0},{"Player":"Alfred Gomis","Pos":"GK","Cmp":518.0,"Cmp%":70.9,"1\/3":11.0,"PPA":0.0,"CrsPA":0.0,"Prog":0.0},{"Player":"Álvaro González","Pos":"DF","Cmp":753.0,"Cmp%":88.7,"1\/3":41.0,"PPA":2.0,"CrsPA":0.0,"Prog":35.0},{"Player":"Max Gradel","Pos":"MF","Cmp":391.0,"Cmp%":65.8,"1\/3":19.0,"PPA":22.0,"CrsPA":4.0,"Prog":54.0},{"Player":"Samuel Grandsir","Pos":"FW","Cmp":391.0,"Cmp%":72.8,"1\/3":31.0,"PPA":13.0,"CrsPA":6.0,"Prog":33.0},{"Player":"Sehrou Guirassy","Pos":"FW","Cmp":455.0,"Cmp%":73.2,"1\/3":31.0,"PPA":9.0,"CrsPA":1.0,"Prog":31.0},{"Player":"Régis Gurtner","Pos":"GK","Cmp":520.0,"Cmp%":63.3,"1\/3":6.0,"PPA":0.0,"CrsPA":0.0,"Prog":0.0},{"Player":"Christophe Herelle","Pos":"DF","Cmp":793.0,"Cmp%":89.8,"1\/3":67.0,"PPA":3.0,"CrsPA":0.0,"Prog":57.0},{"Player":"Hilton","Pos":"DF","Cmp":1093.0,"Cmp%":82.7,"1\/3":96.0,"PPA":7.0,"CrsPA":0.0,"Prog":90.0},{"Player":"Adrien Hunou","Pos":"FW","Cmp":247.0,"Cmp%":77.9,"1\/3":6.0,"PPA":9.0,"CrsPA":4.0,"Prog":24.0},{"Player":"Mauro Icardi","Pos":"FW","Cmp":149.0,"Cmp%":83.7,"1\/3":11.0,"PPA":6.0,"CrsPA":0.0,"Prog":16.0},{"Player":"Jonathan Ikone","Pos":"MF","Cmp":544.0,"Cmp%":77.1,"1\/3":41.0,"PPA":38.0,"CrsPA":3.0,"Prog":73.0},{"Player":"Abdoul Kader Bamba","Pos":"FW","Cmp":571.0,"Cmp%":79.2,"1\/3":33.0,"PPA":22.0,"CrsPA":5.0,"Prog":66.0},{"Player":"Gaël Kakuta","Pos":"MF","Cmp":592.0,"Cmp%":68.2,"1\/3":54.0,"PPA":32.0,"CrsPA":5.0,"Prog":95.0},{"Player":"Samuel Kalu","Pos":"FW","Cmp":388.0,"Cmp%":74.0,"1\/3":30.0,"PPA":8.0,"CrsPA":3.0,"Prog":38.0},{"Player":"Boubacar Kamara","Pos":"DF","Cmp":1130.0,"Cmp%":88.3,"1\/3":78.0,"PPA":6.0,"CrsPA":0.0,"Prog":69.0},{"Player":"Hassane Kamara","Pos":"DF","Cmp":896.0,"Cmp%":80.7,"1\/3":50.0,"PPA":18.0,"CrsPA":10.0,"Prog":77.0},{"Player":"Keita","Pos":"MF","Cmp":27.0,"Cmp%":77.1,"1\/3":4.0,"PPA":2.0,"CrsPA":0.0,"Prog":3.0},{"Player":"Wahbi Khazri","Pos":"FW","Cmp":224.0,"Cmp%":62.7,"1\/3":25.0,"PPA":8.0,"CrsPA":2.0,"Prog":30.0},{"Player":"Presnel Kimpembe","Pos":"DF","Cmp":1061.0,"Cmp%":94.8,"1\/3":41.0,"PPA":0.0,"CrsPA":0.0,"Prog":44.0},{"Player":"Timothée Kolodziejczak","Pos":"DF","Cmp":563.0,"Cmp%":78.1,"1\/3":35.0,"PPA":4.0,"CrsPA":2.0,"Prog":59.0},{"Player":"Ghislain Konan","Pos":"DF","Cmp":711.0,"Cmp%":79.3,"1\/3":55.0,"PPA":13.0,"CrsPA":6.0,"Prog":81.0},{"Player":"Lamine Koné","Pos":"DF","Cmp":602.0,"Cmp%":81.8,"1\/3":42.0,"PPA":5.0,"CrsPA":3.0,"Prog":48.0},{"Player":"Laurent Koscielny","Pos":"DF","Cmp":1220.0,"Cmp%":89.5,"1\/3":52.0,"PPA":2.0,"CrsPA":0.0,"Prog":56.0},{"Player":"Efthymios Koulouris","Pos":"FW","Cmp":362.0,"Cmp%":73.0,"1\/3":16.0,"PPA":9.0,"CrsPA":3.0,"Prog":20.0},{"Player":"Gaetan Laborde","Pos":"FW","Cmp":436.0,"Cmp%":66.4,"1\/3":27.0,"PPA":19.0,"CrsPA":3.0,"Prog":52.0},{"Player":"Alban Lafont","Pos":"GK","Cmp":551.0,"Cmp%":62.3,"1\/3":13.0,"PPA":1.0,"CrsPA":1.0,"Prog":0.0},{"Player":"Kenny Lala","Pos":"DF","Cmp":1011.0,"Cmp%":75.0,"1\/3":92.0,"PPA":34.0,"CrsPA":13.0,"Prog":122.0},{"Player":"Gautier Larsonneur","Pos":"GK","Cmp":736.0,"Cmp%":71.6,"1\/3":11.0,"PPA":0.0,"CrsPA":0.0,"Prog":1.0},{"Player":"Paul Lasne","Pos":"MF","Cmp":540.0,"Cmp%":82.4,"1\/3":46.0,"PPA":13.0,"CrsPA":3.0,"Prog":55.0},{"Player":"Wesley Lautoa","Pos":"MF","Cmp":867.0,"Cmp%":87.7,"1\/3":62.0,"PPA":5.0,"CrsPA":0.0,"Prog":54.0},{"Player":"Damien Le Tallec","Pos":"MF","Cmp":797.0,"Cmp%":80.6,"1\/3":85.0,"PPA":7.0,"CrsPA":2.0,"Prog":83.0},{"Player":"James Edward Lea Siliki","Pos":"MF","Cmp":324.0,"Cmp%":75.3,"1\/3":27.0,"PPA":5.0,"CrsPA":2.0,"Prog":29.0},{"Player":"Benjamin Lecomte","Pos":"GK","Cmp":627.0,"Cmp%":73.9,"1\/3":5.0,"PPA":0.0,"CrsPA":0.0,"Prog":1.0},{"Player":"Pierre Lees-Melou","Pos":"MF","Cmp":1025.0,"Cmp%":83.7,"1\/3":113.0,"PPA":25.0,"CrsPA":6.0,"Prog":122.0},{"Player":"Aaron Leya Iseka","Pos":"FW","Cmp":142.0,"Cmp%":77.6,"1\/3":11.0,"PPA":2.0,"CrsPA":0.0,"Prog":10.0},{"Player":"Dmitri Lienard","Pos":"MF","Cmp":810.0,"Cmp%":78.0,"1\/3":89.0,"PPA":24.0,"CrsPA":10.0,"Prog":77.0},{"Player":"Anthony Lopes","Pos":"GK","Cmp":676.0,"Cmp%":82.6,"1\/3":3.0,"PPA":1.0,"CrsPA":0.0,"Prog":1.0},{"Player":"Maxime Lopez","Pos":"MF","Cmp":775.0,"Cmp%":87.7,"1\/3":87.0,"PPA":8.0,"CrsPA":2.0,"Prog":74.0},{"Player":"Imran Louza","Pos":"MF","Cmp":901.0,"Cmp%":77.9,"1\/3":85.0,"PPA":17.0,"CrsPA":3.0,"Prog":89.0},{"Player":"Arnaud Lusamba","Pos":"MF","Cmp":383.0,"Cmp%":85.5,"1\/3":25.0,"PPA":5.0,"CrsPA":0.0,"Prog":22.0},{"Player":"Mike Maignan","Pos":"GK","Cmp":491.0,"Cmp%":64.4,"1\/3":17.0,"PPA":0.0,"CrsPA":0.0,"Prog":0.0},{"Player":"Josh Maja","Pos":"FW","Cmp":175.0,"Cmp%":85.0,"1\/3":6.0,"PPA":2.0,"CrsPA":0.0,"Prog":8.0},{"Player":"Jean-Victor Makengo","Pos":"MF","Cmp":373.0,"Cmp%":83.4,"1\/3":46.0,"PPA":6.0,"CrsPA":1.0,"Prog":42.0},{"Player":"Vincent Manceau","Pos":"DF","Cmp":1063.0,"Cmp%":80.7,"1\/3":76.0,"PPA":22.0,"CrsPA":7.0,"Prog":111.0},{"Player":"Steve Mandanda","Pos":"GK","Cmp":575.0,"Cmp%":67.8,"1\/3":6.0,"PPA":0.0,"CrsPA":0.0,"Prog":0.0},{"Player":"Reinildo","Pos":"DF","Cmp":523.0,"Cmp%":79.7,"1\/3":34.0,"PPA":7.0,"CrsPA":3.0,"Prog":37.0},{"Player":"Thomas Mangani","Pos":"MF","Cmp":1073.0,"Cmp%":78.6,"1\/3":94.0,"PPA":35.0,"CrsPA":14.0,"Prog":135.0},{"Player":"Myziane Maolida","Pos":"FW","Cmp":257.0,"Cmp%":81.1,"1\/3":14.0,"PPA":12.0,"CrsPA":3.0,"Prog":36.0},{"Player":"Faitout Maouassa","Pos":"DF","Cmp":760.0,"Cmp%":76.3,"1\/3":49.0,"PPA":12.0,"CrsPA":10.0,"Prog":64.0},{"Player":"Marcelo","Pos":"DF","Cmp":987.0,"Cmp%":87.1,"1\/3":73.0,"PPA":0.0,"CrsPA":0.0,"Prog":71.0},{"Player":"Guillermo Maripán","Pos":"DF","Cmp":936.0,"Cmp%":88.9,"1\/3":63.0,"PPA":3.0,"CrsPA":2.0,"Prog":72.0},{"Player":"Marquinhos","Pos":"MF","Cmp":1207.0,"Cmp%":93.3,"1\/3":105.0,"PPA":14.0,"CrsPA":0.0,"Prog":83.0},{"Player":"Pablo","Pos":"DF","Cmp":832.0,"Cmp%":80.6,"1\/3":73.0,"PPA":2.0,"CrsPA":0.0,"Prog":73.0},{"Player":"Gelson Martins","Pos":"DF","Cmp":624.0,"Cmp%":79.6,"1\/3":28.0,"PPA":20.0,"CrsPA":8.0,"Prog":50.0},{"Player":"Stephy Mavididi","Pos":"FW","Cmp":293.0,"Cmp%":81.8,"1\/3":14.0,"PPA":9.0,"CrsPA":2.0,"Prog":26.0},{"Player":"Pedro Mendes","Pos":"DF","Cmp":587.0,"Cmp%":82.3,"1\/3":58.0,"PPA":2.0,"CrsPA":2.0,"Prog":71.0},{"Player":"Thiago Mendes","Pos":"MF","Cmp":1036.0,"Cmp%":86.4,"1\/3":117.0,"PPA":20.0,"CrsPA":2.0,"Prog":96.0},{"Player":"Alexandre Mendy","Pos":"FW","Cmp":118.0,"Cmp%":73.3,"1\/3":4.0,"PPA":3.0,"CrsPA":1.0,"Prog":8.0},{"Player":"Edouard Mendy","Pos":"GK","Cmp":585.0,"Cmp%":73.9,"1\/3":10.0,"PPA":0.0,"CrsPA":0.0,"Prog":0.0},{"Player":"Hamza Mendyl","Pos":"DF","Cmp":662.0,"Cmp%":78.1,"1\/3":32.0,"PPA":10.0,"CrsPA":4.0,"Prog":48.0},{"Player":"Thomas Meunier","Pos":"DF","Cmp":772.0,"Cmp%":83.5,"1\/3":42.0,"PPA":18.0,"CrsPA":9.0,"Prog":55.0},{"Player":"Mexer","Pos":"DF","Cmp":893.0,"Cmp%":81.9,"1\/3":36.0,"PPA":2.0,"CrsPA":1.0,"Prog":36.0},{"Player":"Florian Miguel","Pos":"DF","Cmp":707.0,"Cmp%":74.1,"1\/3":57.0,"PPA":18.0,"CrsPA":11.0,"Prog":59.0},{"Player":"Stefan Mitrovic","Pos":"DF","Cmp":852.0,"Cmp%":90.6,"1\/3":23.0,"PPA":1.0,"CrsPA":0.0,"Prog":29.0},{"Player":"Florent Mollet","Pos":"MF","Cmp":695.0,"Cmp%":77.8,"1\/3":68.0,"PPA":13.0,"CrsPA":3.0,"Prog":64.0},{"Player":"Thomas Monconduit","Pos":"MF","Cmp":546.0,"Cmp%":77.0,"1\/3":66.0,"PPA":4.0,"CrsPA":1.0,"Prog":68.0},{"Player":"Steven Moreira","Pos":"DF","Cmp":569.0,"Cmp%":77.9,"1\/3":36.0,"PPA":13.0,"CrsPA":6.0,"Prog":41.0},{"Player":"Jérémy Morel","Pos":"DF","Cmp":837.0,"Cmp%":83.4,"1\/3":54.0,"PPA":6.0,"CrsPA":4.0,"Prog":56.0},{"Player":"Lebo Mothiba","Pos":"FW","Cmp":204.0,"Cmp%":82.3,"1\/3":8.0,"PPA":8.0,"CrsPA":4.0,"Prog":10.0},{"Player":"Samuel Moutoussamy","Pos":"DF","Cmp":260.0,"Cmp%":81.8,"1\/3":20.0,"PPA":2.0,"CrsPA":0.0,"Prog":27.0},{"Player":"Marshall Munetsi","Pos":"MF","Cmp":290.0,"Cmp%":78.0,"1\/3":15.0,"PPA":3.0,"CrsPA":2.0,"Prog":15.0},{"Player":"Keylor Navas","Pos":"GK","Cmp":468.0,"Cmp%":86.0,"1\/3":2.0,"PPA":0.0,"CrsPA":0.0,"Prog":0.0},{"Player":"Neymar","Pos":"MF","Cmp":759.0,"Cmp%":79.0,"1\/3":110.0,"PPA":71.0,"CrsPA":6.0,"Prog":149.0},{"Player":"Opa Nguette","Pos":"FW","Cmp":430.0,"Cmp%":79.0,"1\/3":28.0,"PPA":5.0,"CrsPA":0.0,"Prog":28.0},{"Player":"Ibrahima Niane","Pos":"FW","Cmp":204.0,"Cmp%":71.1,"1\/3":20.0,"PPA":4.0,"CrsPA":3.0,"Prog":12.0},{"Player":"Casimir Ninga","Pos":"MF","Cmp":160.0,"Cmp%":77.3,"1\/3":7.0,"PPA":8.0,"CrsPA":0.0,"Prog":19.0},{"Player":"Arnaud Nordin","Pos":"FW","Cmp":214.0,"Cmp%":77.5,"1\/3":11.0,"PPA":8.0,"CrsPA":3.0,"Prog":15.0},{"Player":"Victor Osimhen","Pos":"FW","Cmp":232.0,"Cmp%":63.0,"1\/3":11.0,"PPA":5.0,"CrsPA":3.0,"Prog":12.0},{"Player":"Otávio","Pos":"MF","Cmp":1357.0,"Cmp%":90.5,"1\/3":80.0,"PPA":5.0,"CrsPA":1.0,"Prog":66.0},{"Player":"Remi Oudin","Pos":"FW","Cmp":297.0,"Cmp%":65.4,"1\/3":21.0,"PPA":15.0,"CrsPA":4.0,"Prog":36.0},{"Player":"Remi Oudin","Pos":"FW","Cmp":184.0,"Cmp%":66.4,"1\/3":4.0,"PPA":4.0,"CrsPA":0.0,"Prog":20.0},{"Player":"Alexandre Oukidja","Pos":"GK","Cmp":454.0,"Cmp%":51.2,"1\/3":23.0,"PPA":1.0,"CrsPA":0.0,"Prog":0.0},{"Player":"Adam Ounas","Pos":"MF","Cmp":374.0,"Cmp%":75.7,"1\/3":24.0,"PPA":26.0,"CrsPA":8.0,"Prog":46.0},{"Player":"Ambroise Oyongo","Pos":"DF","Cmp":672.0,"Cmp%":74.9,"1\/3":49.0,"PPA":16.0,"CrsPA":9.0,"Prog":73.0},{"Player":"Pablo","Pos":"DF","Cmp":1306.0,"Cmp%":87.8,"1\/3":51.0,"PPA":2.0,"CrsPA":0.0,"Prog":39.0},{"Player":"Nicolas Pallois","Pos":"DF","Cmp":881.0,"Cmp%":86.0,"1\/3":48.0,"PPA":3.0,"CrsPA":0.0,"Prog":58.0},{"Player":"Gaetan Paquiez","Pos":"DF","Cmp":546.0,"Cmp%":71.1,"1\/3":55.0,"PPA":6.0,"CrsPA":1.0,"Prog":62.0},{"Player":"Leandro Paredes","Pos":"MF","Cmp":856.0,"Cmp%":93.8,"1\/3":96.0,"PPA":6.0,"CrsPA":0.0,"Prog":84.0},{"Player":"Dimitri Payet","Pos":"FW","Cmp":775.0,"Cmp%":69.9,"1\/3":78.0,"PPA":46.0,"CrsPA":10.0,"Prog":119.0},{"Player":"Romain Perraud","Pos":"DF","Cmp":895.0,"Cmp%":78.8,"1\/3":39.0,"PPA":18.0,"CrsPA":12.0,"Prog":72.0},{"Player":"Loic Perrin","Pos":"DF","Cmp":937.0,"Cmp%":88.0,"1\/3":48.0,"PPA":3.0,"CrsPA":0.0,"Prog":53.0},{"Player":"Romain Philippoteaux","Pos":"FW","Cmp":446.0,"Cmp%":71.2,"1\/3":24.0,"PPA":28.0,"CrsPA":5.0,"Prog":74.0},{"Player":"Nicolas de Preville","Pos":"MF","Cmp":693.0,"Cmp%":72.0,"1\/3":54.0,"PPA":17.0,"CrsPA":5.0,"Prog":54.0},{"Player":"Nemanja Radonjic","Pos":"FW","Cmp":254.0,"Cmp%":73.2,"1\/3":16.0,"PPA":20.0,"CrsPA":4.0,"Prog":44.0},{"Player":"Predrag Rajkovic","Pos":"GK","Cmp":736.0,"Cmp%":73.7,"1\/3":15.0,"PPA":1.0,"CrsPA":0.0,"Prog":2.0},{"Player":"Jeff Reine-Adelaide","Pos":"MF","Cmp":366.0,"Cmp%":85.7,"1\/3":33.0,"PPA":7.0,"CrsPA":2.0,"Prog":38.0},{"Player":"Jeff Reine-Adelaide","Pos":"MF","Cmp":29.0,"Cmp%":80.6,"1\/3":2.0,"PPA":2.0,"CrsPA":0.0,"Prog":6.0},{"Player":"Loïc Remy","Pos":"FW","Cmp":177.0,"Cmp%":80.1,"1\/3":17.0,"PPA":5.0,"CrsPA":1.0,"Prog":15.0},{"Player":"Baptiste Reynet","Pos":"GK","Cmp":517.0,"Cmp%":61.2,"1\/3":19.0,"PPA":0.0,"CrsPA":0.0,"Prog":1.0},{"Player":"Renaud Ripart","Pos":"FW","Cmp":427.0,"Cmp%":66.6,"1\/3":35.0,"PPA":11.0,"CrsPA":4.0,"Prog":32.0},{"Player":"Mihailo Ristic","Pos":"DF","Cmp":281.0,"Cmp%":74.9,"1\/3":17.0,"PPA":10.0,"CrsPA":9.0,"Prog":26.0},{"Player":"Valentin Rongier","Pos":"MF","Cmp":154.0,"Cmp%":86.0,"1\/3":17.0,"PPA":3.0,"CrsPA":1.0,"Prog":15.0},{"Player":"Valentin Rongier","Pos":"MF","Cmp":1097.0,"Cmp%":86.8,"1\/3":115.0,"PPA":7.0,"CrsPA":0.0,"Prog":88.0},{"Player":"Stéphane Ruffier","Pos":"GK","Cmp":407.0,"Cmp%":66.0,"1\/3":3.0,"PPA":0.0,"CrsPA":0.0,"Prog":0.0},{"Player":"Gerónimo Rulli","Pos":"GK","Cmp":673.0,"Cmp%":76.2,"1\/3":8.0,"PPA":1.0,"CrsPA":0.0,"Prog":1.0},{"Player":"Wesley Said","Pos":"MF","Cmp":331.0,"Cmp%":82.1,"1\/3":31.0,"PPA":14.0,"CrsPA":3.0,"Prog":39.0},{"Player":"Hiroki Sakai","Pos":"DF","Cmp":942.0,"Cmp%":84.7,"1\/3":71.0,"PPA":10.0,"CrsPA":7.0,"Prog":87.0},{"Player":"Junior Sambia","Pos":"DF","Cmp":191.0,"Cmp%":76.4,"1\/3":13.0,"PPA":11.0,"CrsPA":6.0,"Prog":33.0},{"Player":"Renato Sanches","Pos":"MF","Cmp":816.0,"Cmp%":81.0,"1\/3":88.0,"PPA":19.0,"CrsPA":5.0,"Prog":95.0},{"Player":"Ibrahim Sangare","Pos":"MF","Cmp":1039.0,"Cmp%":79.1,"1\/3":125.0,"PPA":15.0,"CrsPA":1.0,"Prog":142.0},{"Player":"Yaya Sanogo","Pos":"FW","Cmp":124.0,"Cmp%":70.1,"1\/3":3.0,"PPA":2.0,"CrsPA":0.0,"Prog":7.0},{"Player":"Morgan Sanson","Pos":"MF","Cmp":726.0,"Cmp%":80.0,"1\/3":54.0,"PPA":22.0,"CrsPA":7.0,"Prog":56.0},{"Player":"Baptiste Santamaria","Pos":"MF","Cmp":1117.0,"Cmp%":83.4,"1\/3":140.0,"PPA":9.0,"CrsPA":1.0,"Prog":115.0},{"Player":"Pablo Sarabia","Pos":"FW","Cmp":524.0,"Cmp%":77.4,"1\/3":52.0,"PPA":23.0,"CrsPA":6.0,"Prog":59.0},{"Player":"Bouna Sarr","Pos":"DF","Cmp":1100.0,"Cmp%":81.1,"1\/3":70.0,"PPA":28.0,"CrsPA":14.0,"Prog":76.0},{"Player":"Malang Sarr","Pos":"DF","Cmp":1055.0,"Cmp%":90.3,"1\/3":70.0,"PPA":3.0,"CrsPA":1.0,"Prog":69.0},{"Player":"Sidy Sarr","Pos":"MF","Cmp":370.0,"Cmp%":72.7,"1\/3":33.0,"PPA":5.0,"CrsPA":0.0,"Prog":34.0},{"Player":"Téji Savanier","Pos":"MF","Cmp":686.0,"Cmp%":74.8,"1\/3":91.0,"PPA":10.0,"CrsPA":0.0,"Prog":101.0},{"Player":"Matz Sels","Pos":"GK","Cmp":575.0,"Cmp%":67.7,"1\/3":10.0,"PPA":0.0,"CrsPA":0.0,"Prog":0.0},{"Player":"Adrien Silva","Pos":"MF","Cmp":719.0,"Cmp%":86.1,"1\/3":68.0,"PPA":8.0,"CrsPA":0.0,"Prog":65.0},{"Player":"Gabriel","Pos":"DF","Cmp":66.0,"Cmp%":66.7,"1\/3":3.0,"PPA":2.0,"CrsPA":2.0,"Prog":4.0},{"Player":"Thiago Silva","Pos":"DF","Cmp":1440.0,"Cmp%":95.9,"1\/3":97.0,"PPA":5.0,"CrsPA":0.0,"Prog":89.0},{"Player":"Mohamed Simakan","Pos":"DF","Cmp":689.0,"Cmp%":80.1,"1\/3":60.0,"PPA":11.0,"CrsPA":5.0,"Prog":74.0},{"Player":"Moses Simon","Pos":"FW","Cmp":490.0,"Cmp%":73.9,"1\/3":23.0,"PPA":27.0,"CrsPA":10.0,"Prog":54.0},{"Player":"Ibrahima Sissoko","Pos":"MF","Cmp":554.0,"Cmp%":83.1,"1\/3":52.0,"PPA":11.0,"CrsPA":5.0,"Prog":54.0},{"Player":"Islam Slimani","Pos":"FW","Cmp":385.0,"Cmp%":70.9,"1\/3":45.0,"PPA":26.0,"CrsPA":6.0,"Prog":67.0},{"Player":"Boubakary Soumare","Pos":"MF","Cmp":673.0,"Cmp%":90.2,"1\/3":93.0,"PPA":5.0,"CrsPA":1.0,"Prog":64.0},{"Player":"Arnaud Souquet","Pos":"DF","Cmp":809.0,"Cmp%":76.0,"1\/3":52.0,"PPA":13.0,"CrsPA":2.0,"Prog":86.0},{"Player":"Kevin Strootman","Pos":"MF","Cmp":824.0,"Cmp%":87.6,"1\/3":83.0,"PPA":10.0,"CrsPA":2.0,"Prog":79.0},{"Player":"Stoppila Sunzu","Pos":"DF","Cmp":454.0,"Cmp%":87.3,"1\/3":14.0,"PPA":0.0,"CrsPA":0.0,"Prog":10.0},{"Player":"Issiaga Sylla","Pos":"DF","Cmp":1080.0,"Cmp%":73.9,"1\/3":75.0,"PPA":24.0,"CrsPA":15.0,"Prog":106.0},{"Player":"Flavien Tait","Pos":"MF","Cmp":304.0,"Cmp%":74.1,"1\/3":21.0,"PPA":21.0,"CrsPA":3.0,"Prog":48.0},{"Player":"Júlio Tavares","Pos":"FW","Cmp":374.0,"Cmp%":67.3,"1\/3":27.0,"PPA":16.0,"CrsPA":2.0,"Prog":45.0},{"Player":"Aurelien Tchouameni","Pos":"MF","Cmp":21.0,"Cmp%":87.5,"1\/3":0.0,"PPA":0.0,"CrsPA":0.0,"Prog":1.0},{"Player":"Aurelien Tchouameni","Pos":"MF","Cmp":592.0,"Cmp%":86.0,"1\/3":44.0,"PPA":2.0,"CrsPA":0.0,"Prog":70.0},{"Player":"Martin Terrier","Pos":"FW","Cmp":344.0,"Cmp%":78.2,"1\/3":24.0,"PPA":6.0,"CrsPA":0.0,"Prog":43.0},{"Player":"Kenny Tete","Pos":"DF","Cmp":684.0,"Cmp%":81.2,"1\/3":47.0,"PPA":15.0,"CrsPA":6.0,"Prog":65.0},{"Player":"Sada Thioub","Pos":"MF","Cmp":555.0,"Cmp%":79.7,"1\/3":43.0,"PPA":19.0,"CrsPA":2.0,"Prog":73.0},{"Player":"Romain Thomas","Pos":"DF","Cmp":992.0,"Cmp%":87.3,"1\/3":47.0,"PPA":1.0,"CrsPA":0.0,"Prog":44.0},{"Player":"Adrien Thomasson","Pos":"MF","Cmp":736.0,"Cmp%":77.5,"1\/3":69.0,"PPA":30.0,"CrsPA":8.0,"Prog":84.0},{"Player":"Abdoulaye Touré","Pos":"MF","Cmp":1135.0,"Cmp%":84.8,"1\/3":116.0,"PPA":9.0,"CrsPA":2.0,"Prog":97.0},{"Player":"Lucas Tousart","Pos":"MF","Cmp":802.0,"Cmp%":84.8,"1\/3":64.0,"PPA":7.0,"CrsPA":4.0,"Prog":62.0},{"Player":"Adama Traoré","Pos":"MF","Cmp":10.0,"Cmp%":83.3,"1\/3":0.0,"PPA":0.0,"CrsPA":0.0,"Prog":0.0},{"Player":"Adama Traoré","Pos":"FW","Cmp":399.0,"Cmp%":80.9,"1\/3":40.0,"PPA":14.0,"CrsPA":1.0,"Prog":47.0},{"Player":"Bertrand Traoré","Pos":"FW","Cmp":434.0,"Cmp%":74.7,"1\/3":24.0,"PPA":23.0,"CrsPA":9.0,"Prog":54.0},{"Player":"Charles Traore","Pos":"DF","Cmp":803.0,"Cmp%":74.5,"1\/3":78.0,"PPA":14.0,"CrsPA":3.0,"Prog":77.0},{"Player":"Hamari Traore","Pos":"DF","Cmp":1249.0,"Cmp%":80.9,"1\/3":80.0,"PPA":34.0,"CrsPA":15.0,"Prog":131.0},{"Player":"Ismael Traoré","Pos":"DF","Cmp":877.0,"Cmp%":85.4,"1\/3":41.0,"PPA":4.0,"CrsPA":0.0,"Prog":41.0},{"Player":"Miguel Trauco","Pos":"DF","Cmp":646.0,"Cmp%":76.8,"1\/3":47.0,"PPA":13.0,"CrsPA":4.0,"Prog":63.0},{"Player":"Hwang Ui-Jo","Pos":"FW","Cmp":351.0,"Cmp%":82.4,"1\/3":23.0,"PPA":11.0,"CrsPA":4.0,"Prog":23.0},{"Player":"William Vainqueur","Pos":"MF","Cmp":896.0,"Cmp%":90.3,"1\/3":50.0,"PPA":5.0,"CrsPA":2.0,"Prog":46.0},{"Player":"Theo Valls","Pos":"MF","Cmp":538.0,"Cmp%":77.3,"1\/3":63.0,"PPA":12.0,"CrsPA":4.0,"Prog":61.0},{"Player":"Marco Verratti","Pos":"MF","Cmp":1607.0,"Cmp%":92.7,"1\/3":162.0,"PPA":43.0,"CrsPA":6.0,"Prog":163.0},{"Player":"Xeka","Pos":"MF","Cmp":386.0,"Cmp%":86.2,"1\/3":51.0,"PPA":2.0,"CrsPA":0.0,"Prog":37.0},{"Player":"Yusuf Yazici","Pos":"MF","Cmp":314.0,"Cmp%":69.6,"1\/3":25.0,"PPA":9.0,"CrsPA":0.0,"Prog":32.0},{"Player":"Zaydou Youssef","Pos":"MF","Cmp":425.0,"Cmp%":82.2,"1\/3":34.0,"PPA":4.0,"CrsPA":0.0,"Prog":28.0},{"Player":"Kévin Zohi","Pos":"FW","Cmp":109.0,"Cmp%":70.8,"1\/3":7.0,"PPA":4.0,"CrsPA":2.0,"Prog":18.0},{"Player":"Bongani Zungu","Pos":"MF","Cmp":"437","Cmp%":"81.2","1\/3":"39","PPA":"2","CrsPA":"1","Prog":"51"}]