[{"Player":"Patrick van Aanholt","Pos":"DF","Cmp":1596.0,"Cmp%":80.9,"1\/3":114.0,"PPA":63.0,"CrsPA":10.0,"Prog":216.0},{"Player":"Sergio Agüero","Pos":"FW","Cmp":653.0,"Cmp%":84.4,"1\/3":37.0,"PPA":41.0,"CrsPA":0.0,"Prog":63.0},{"Player":"Nathan Aké","Pos":"DF","Cmp":1465.0,"Cmp%":86.7,"1\/3":83.0,"PPA":5.0,"CrsPA":2.0,"Prog":66.0},{"Player":"Marc Albrighton","Pos":"FW","Cmp":458.0,"Cmp%":59.4,"1\/3":47.0,"PPA":30.0,"CrsPA":15.0,"Prog":80.0},{"Player":"Toby Alderweireld","Pos":"DF","Cmp":2077.0,"Cmp%":88.9,"1\/3":189.0,"PPA":26.0,"CrsPA":1.0,"Prog":123.0},{"Player":"Trent Alexander-Arnold","Pos":"DF","Cmp":1655.0,"Cmp%":74.5,"1\/3":131.0,"PPA":59.0,"CrsPA":27.0,"Prog":191.0},{"Player":"Alisson","Pos":"GK","Cmp":1047.0,"Cmp%":82.6,"1\/3":10.0,"PPA":1.0,"CrsPA":0.0,"Prog":0.0},{"Player":"Dele Alli","Pos":"MF","Cmp":838.0,"Cmp%":79.8,"1\/3":77.0,"PPA":37.0,"CrsPA":3.0,"Prog":96.0},{"Player":"Marcos Alonso","Pos":"DF","Cmp":1843.0,"Cmp%":82.9,"1\/3":117.0,"PPA":22.0,"CrsPA":9.0,"Prog":135.0},{"Player":"Felipe Anderson","Pos":"MF","Cmp":1327.0,"Cmp%":73.2,"1\/3":102.0,"PPA":89.0,"CrsPA":14.0,"Prog":188.0},{"Player":"Florin Andone","Pos":"FW","Cmp":122.0,"Cmp%":68.5,"1\/3":3.0,"PPA":2.0,"CrsPA":1.0,"Prog":4.0},{"Player":"Michail Antonio","Pos":"FW","Cmp":507.0,"Cmp%":66.0,"1\/3":35.0,"PPA":18.0,"CrsPA":7.0,"Prog":57.0},{"Player":"Stuart Armstrong","Pos":"MF","Cmp":500.0,"Cmp%":76.3,"1\/3":43.0,"PPA":25.0,"CrsPA":2.0,"Prog":63.0},{"Player":"Marko Arnautovic","Pos":"FW","Cmp":494.0,"Cmp%":75.8,"1\/3":18.0,"PPA":18.0,"CrsPA":2.0,"Prog":39.0},{"Player":"Kepa","Pos":"GK","Cmp":996.0,"Cmp%":86.1,"1\/3":3.0,"PPA":0.0,"CrsPA":0.0,"Prog":1.0},{"Player":"Harry Arter","Pos":"MF","Cmp":535.0,"Cmp%":78.7,"1\/3":56.0,"PPA":20.0,"CrsPA":3.0,"Prog":67.0},{"Player":"Christian Atsu","Pos":"MF","Cmp":330.0,"Cmp%":74.2,"1\/3":26.0,"PPA":15.0,"CrsPA":6.0,"Prog":21.0},{"Player":"Pierre-Emerick Aubameyang","Pos":"FW","Cmp":520.0,"Cmp%":70.9,"1\/3":29.0,"PPA":34.0,"CrsPA":4.0,"Prog":66.0},{"Player":"Charlie Austin","Pos":"FW","Cmp":127.0,"Cmp%":60.8,"1\/3":3.0,"PPA":3.0,"CrsPA":0.0,"Prog":7.0},{"Player":"Jordan Ayew","Pos":"FW","Cmp":202.0,"Cmp%":73.7,"1\/3":12.0,"PPA":5.0,"CrsPA":0.0,"Prog":17.0},{"Player":"Floyd Ayité","Pos":"FW","Cmp":160.0,"Cmp%":77.3,"1\/3":12.0,"PPA":8.0,"CrsPA":1.0,"Prog":20.0},{"Player":"César Azpilicueta","Pos":"DF","Cmp":2475.0,"Cmp%":85.5,"1\/3":161.0,"PPA":46.0,"CrsPA":20.0,"Prog":155.0},{"Player":"Ryan Babel","Pos":"FW","Cmp":410.0,"Cmp%":79.6,"1\/3":27.0,"PPA":10.0,"CrsPA":3.0,"Prog":29.0},{"Player":"Juninho Bacuna","Pos":"MF","Cmp":558.0,"Cmp%":73.3,"1\/3":85.0,"PPA":12.0,"CrsPA":1.0,"Prog":81.0},{"Player":"Fabián Balbuena","Pos":"DF","Cmp":659.0,"Cmp%":80.7,"1\/3":26.0,"PPA":0.0,"CrsPA":0.0,"Prog":39.0},{"Player":"Sol Bamba","Pos":"DF","Cmp":396.0,"Cmp%":71.9,"1\/3":44.0,"PPA":2.0,"CrsPA":0.0,"Prog":38.0},{"Player":"Phil Bardsley","Pos":"DF","Cmp":524.0,"Cmp%":68.6,"1\/3":66.0,"PPA":19.0,"CrsPA":8.0,"Prog":54.0},{"Player":"Ross Barkley","Pos":"MF","Cmp":881.0,"Cmp%":91.1,"1\/3":61.0,"PPA":20.0,"CrsPA":2.0,"Prog":66.0},{"Player":"Ashley Barnes","Pos":"FW","Cmp":342.0,"Cmp%":62.4,"1\/3":23.0,"PPA":14.0,"CrsPA":2.0,"Prog":39.0},{"Player":"Harvey Barnes","Pos":"FW","Cmp":256.0,"Cmp%":74.9,"1\/3":15.0,"PPA":13.0,"CrsPA":4.0,"Prog":30.0},{"Player":"Jan Bednarek","Pos":"DF","Cmp":591.0,"Cmp%":71.2,"1\/3":53.0,"PPA":3.0,"CrsPA":0.0,"Prog":62.0},{"Player":"Asmir Begovic","Pos":"GK","Cmp":450.0,"Cmp%":68.0,"1\/3":3.0,"PPA":0.0,"CrsPA":0.0,"Prog":0.0},{"Player":"Héctor Bellerín","Pos":"DF","Cmp":784.0,"Cmp%":83.9,"1\/3":46.0,"PPA":25.0,"CrsPA":6.0,"Prog":85.0},{"Player":"Joe Bennett","Pos":"DF","Cmp":639.0,"Cmp%":68.5,"1\/3":75.0,"PPA":14.0,"CrsPA":9.0,"Prog":76.0},{"Player":"Ryan Bennett","Pos":"DF","Cmp":1087.0,"Cmp%":80.2,"1\/3":97.0,"PPA":1.0,"CrsPA":0.0,"Prog":74.0},{"Player":"Christian Benteke","Pos":"FW","Cmp":135.0,"Cmp%":57.9,"1\/3":8.0,"PPA":4.0,"CrsPA":0.0,"Prog":15.0},{"Player":"Johann Berg Gudmundsson","Pos":"MF","Cmp":404.0,"Cmp%":66.0,"1\/3":23.0,"PPA":23.0,"CrsPA":15.0,"Prog":43.0},{"Player":"Bernard","Pos":"FW","Cmp":627.0,"Cmp%":73.1,"1\/3":43.0,"PPA":34.0,"CrsPA":9.0,"Prog":81.0},{"Player":"Bernardo","Pos":"DF","Cmp":741.0,"Cmp%":72.7,"1\/3":53.0,"PPA":11.0,"CrsPA":3.0,"Prog":84.0},{"Player":"Ryan Bertrand","Pos":"DF","Cmp":798.0,"Cmp%":73.1,"1\/3":74.0,"PPA":26.0,"CrsPA":13.0,"Prog":82.0},{"Player":"Philip Billing","Pos":"MF","Cmp":916.0,"Cmp%":73.3,"1\/3":77.0,"PPA":24.0,"CrsPA":10.0,"Prog":88.0},{"Player":"Yves Bissouma","Pos":"MF","Cmp":599.0,"Cmp%":81.6,"1\/3":55.0,"PPA":7.0,"CrsPA":1.0,"Prog":48.0},{"Player":"Willy Boly","Pos":"DF","Cmp":1400.0,"Cmp%":82.9,"1\/3":122.0,"PPA":5.0,"CrsPA":0.0,"Prog":120.0},{"Player":"Gaëtan Bong","Pos":"DF","Cmp":602.0,"Cmp%":67.9,"1\/3":49.0,"PPA":17.0,"CrsPA":8.0,"Prog":62.0},{"Player":"Robbie Brady","Pos":"MF","Cmp":160.0,"Cmp%":56.1,"1\/3":16.0,"PPA":10.0,"CrsPA":5.0,"Prog":20.0},{"Player":"David Brooks","Pos":"MF","Cmp":654.0,"Cmp%":73.8,"1\/3":52.0,"PPA":38.0,"CrsPA":4.0,"Prog":95.0},{"Player":"Bernardo","Pos":"DF","Cmp":503.0,"Cmp%":78.8,"1\/3":32.0,"PPA":9.0,"CrsPA":4.0,"Prog":45.0},{"Player":"Joe Bryan","Pos":"DF","Cmp":917.0,"Cmp%":71.6,"1\/3":79.0,"PPA":24.0,"CrsPA":14.0,"Prog":106.0},{"Player":"Tom Cairney","Pos":"MF","Cmp":1260.0,"Cmp%":88.8,"1\/3":108.0,"PPA":31.0,"CrsPA":2.0,"Prog":112.0},{"Player":"Dominic Calvert-Lewin","Pos":"FW","Cmp":279.0,"Cmp%":62.8,"1\/3":23.0,"PPA":7.0,"CrsPA":1.0,"Prog":20.0},{"Player":"Víctor Camarasa","Pos":"MF","Cmp":707.0,"Cmp%":70.5,"1\/3":62.0,"PPA":24.0,"CrsPA":9.0,"Prog":64.0},{"Player":"Etienne Capoue","Pos":"MF","Cmp":1484.0,"Cmp%":84.3,"1\/3":155.0,"PPA":18.0,"CrsPA":0.0,"Prog":156.0},{"Player":"Jonny","Pos":"DF","Cmp":1125.0,"Cmp%":80.6,"1\/3":37.0,"PPA":22.0,"CrsPA":6.0,"Prog":58.0},{"Player":"Craig Cathcart","Pos":"DF","Cmp":1057.0,"Cmp%":83.6,"1\/3":58.0,"PPA":3.0,"CrsPA":1.0,"Prog":57.0},{"Player":"Ivan Cavaleiro","Pos":"FW","Cmp":251.0,"Cmp%":71.1,"1\/3":13.0,"PPA":13.0,"CrsPA":8.0,"Prog":17.0},{"Player":"Calum Chambers","Pos":"MF","Cmp":1189.0,"Cmp%":78.8,"1\/3":119.0,"PPA":17.0,"CrsPA":0.0,"Prog":118.0},{"Player":"Ben Chilwell","Pos":"DF","Cmp":1581.0,"Cmp%":70.8,"1\/3":101.0,"PPA":37.0,"CrsPA":16.0,"Prog":143.0},{"Player":"Cyrus Christie","Pos":"DF","Cmp":878.0,"Cmp%":73.8,"1\/3":32.0,"PPA":22.0,"CrsPA":11.0,"Prog":73.0},{"Player":"Nathaniel Clyne","Pos":"DF","Cmp":68.0,"Cmp%":81.0,"1\/3":2.0,"PPA":1.0,"CrsPA":0.0,"Prog":4.0},{"Player":"Nathaniel Clyne","Pos":"DF","Cmp":451.0,"Cmp%":76.8,"1\/3":19.0,"PPA":10.0,"CrsPA":3.0,"Prog":44.0},{"Player":"Conor Coady","Pos":"DF","Cmp":1417.0,"Cmp%":84.6,"1\/3":125.0,"PPA":5.0,"CrsPA":0.0,"Prog":62.0},{"Player":"Seamus Coleman","Pos":"DF","Cmp":1212.0,"Cmp%":77.0,"1\/3":90.0,"PPA":22.0,"CrsPA":11.0,"Prog":114.0},{"Player":"Steve Cook","Pos":"DF","Cmp":1208.0,"Cmp%":78.4,"1\/3":90.0,"PPA":5.0,"CrsPA":1.0,"Prog":89.0},{"Player":"Jack Cork","Pos":"MF","Cmp":1092.0,"Cmp%":80.2,"1\/3":100.0,"PPA":18.0,"CrsPA":3.0,"Prog":88.0},{"Player":"Hélder Costa","Pos":"FW","Cmp":379.0,"Cmp%":75.6,"1\/3":15.0,"PPA":19.0,"CrsPA":3.0,"Prog":34.0},{"Player":"Aaron Cresswell","Pos":"DF","Cmp":842.0,"Cmp%":78.7,"1\/3":55.0,"PPA":15.0,"CrsPA":5.0,"Prog":65.0},{"Player":"Diogo Dalot","Pos":"DF","Cmp":394.0,"Cmp%":71.5,"1\/3":23.0,"PPA":14.0,"CrsPA":6.0,"Prog":41.0},{"Player":"Charlie Daniels","Pos":"DF","Cmp":784.0,"Cmp%":77.6,"1\/3":59.0,"PPA":21.0,"CrsPA":5.0,"Prog":77.0},{"Player":"Ben Davies","Pos":"DF","Cmp":1071.0,"Cmp%":82.0,"1\/3":83.0,"PPA":19.0,"CrsPA":8.0,"Prog":110.0},{"Player":"Tom Davies","Pos":"MF","Cmp":413.0,"Cmp%":79.1,"1\/3":49.0,"PPA":7.0,"CrsPA":0.0,"Prog":41.0},{"Player":"Kevin De Bruyne","Pos":"MF","Cmp":626.0,"Cmp%":76.3,"1\/3":65.0,"PPA":44.0,"CrsPA":8.0,"Prog":86.0},{"Player":"Troy Deeney","Pos":"FW","Cmp":527.0,"Cmp%":63.0,"1\/3":62.0,"PPA":45.0,"CrsPA":3.0,"Prog":104.0},{"Player":"Leander Dendoncker","Pos":"MF","Cmp":502.0,"Cmp%":80.7,"1\/3":29.0,"PPA":7.0,"CrsPA":1.0,"Prog":35.0},{"Player":"Laurent Depoitre","Pos":"FW","Cmp":168.0,"Cmp%":62.9,"1\/3":9.0,"PPA":5.0,"CrsPA":0.0,"Prog":15.0},{"Player":"Gerard Deulofeu","Pos":"FW","Cmp":581.0,"Cmp%":73.3,"1\/3":37.0,"PPA":42.0,"CrsPA":5.0,"Prog":73.0},{"Player":"Mohamed Diamé","Pos":"MF","Cmp":556.0,"Cmp%":77.5,"1\/3":47.0,"PPA":8.0,"CrsPA":1.0,"Prog":43.0},{"Player":"Grady Diangana","Pos":"FW","Cmp":199.0,"Cmp%":75.1,"1\/3":17.0,"PPA":7.0,"CrsPA":1.0,"Prog":20.0},{"Player":"Eric Dier","Pos":"MF","Cmp":898.0,"Cmp%":85.0,"1\/3":80.0,"PPA":11.0,"CrsPA":3.0,"Prog":73.0},{"Player":"Lucas Digne","Pos":"DF","Cmp":1466.0,"Cmp%":71.5,"1\/3":103.0,"PPA":51.0,"CrsPA":32.0,"Prog":155.0},{"Player":"Virgil van Dijk","Pos":"DF","Cmp":2715.0,"Cmp%":90.5,"1\/3":179.0,"PPA":5.0,"CrsPA":0.0,"Prog":144.0},{"Player":"Issa Diop","Pos":"DF","Cmp":982.0,"Cmp%":86.6,"1\/3":40.0,"PPA":0.0,"CrsPA":0.0,"Prog":58.0},{"Player":"Matt Doherty","Pos":"DF","Cmp":1328.0,"Cmp%":73.2,"1\/3":70.0,"PPA":33.0,"CrsPA":11.0,"Prog":155.0},{"Player":"Abdoulaye Doucouré","Pos":"MF","Cmp":1643.0,"Cmp%":83.5,"1\/3":131.0,"PPA":34.0,"CrsPA":3.0,"Prog":155.0},{"Player":"Martin Dubravka","Pos":"GK","Cmp":699.0,"Cmp%":59.4,"1\/3":18.0,"PPA":0.0,"CrsPA":0.0,"Prog":0.0},{"Player":"Shane Duffy","Pos":"DF","Cmp":981.0,"Cmp%":78.4,"1\/3":42.0,"PPA":3.0,"CrsPA":2.0,"Prog":29.0},{"Player":"Paul Dummett","Pos":"DF","Cmp":629.0,"Cmp%":73.6,"1\/3":69.0,"PPA":14.0,"CrsPA":3.0,"Prog":69.0},{"Player":"Lewis Dunk","Pos":"DF","Cmp":1236.0,"Cmp%":83.3,"1\/3":74.0,"PPA":2.0,"CrsPA":0.0,"Prog":40.0},{"Player":"Erik Durm","Pos":"DF","Cmp":745.0,"Cmp%":70.2,"1\/3":51.0,"PPA":18.0,"CrsPA":10.0,"Prog":69.0},{"Player":"Bruno Ecuele Manga","Pos":"DF","Cmp":703.0,"Cmp%":64.5,"1\/3":75.0,"PPA":8.0,"CrsPA":2.0,"Prog":86.0},{"Player":"Ederson","Pos":"GK","Cmp":942.0,"Cmp%":85.7,"1\/3":10.0,"PPA":0.0,"CrsPA":0.0,"Prog":3.0},{"Player":"Mohamed Elyounoussi","Pos":"MF","Cmp":171.0,"Cmp%":64.0,"1\/3":10.0,"PPA":9.0,"CrsPA":1.0,"Prog":15.0},{"Player":"Christian Eriksen","Pos":"MF","Cmp":1537.0,"Cmp%":77.3,"1\/3":174.0,"PPA":53.0,"CrsPA":10.0,"Prog":177.0},{"Player":"Neil Etheridge","Pos":"GK","Cmp":399.0,"Cmp%":33.1,"1\/3":64.0,"PPA":0.0,"CrsPA":0.0,"Prog":0.0},{"Player":"Jonny Evans","Pos":"DF","Cmp":871.0,"Cmp%":86.2,"1\/3":43.0,"PPA":1.0,"CrsPA":0.0,"Prog":31.0},{"Player":"Lukasz Fabianski","Pos":"GK","Cmp":668.0,"Cmp%":54.0,"1\/3":15.0,"PPA":0.0,"CrsPA":0.0,"Prog":0.0},{"Player":"Fabinho","Pos":"MF","Cmp":1406.0,"Cmp%":86.4,"1\/3":152.0,"PPA":25.0,"CrsPA":2.0,"Prog":130.0},{"Player":"Kiko Femenía","Pos":"DF","Cmp":960.0,"Cmp%":81.4,"1\/3":67.0,"PPA":23.0,"CrsPA":13.0,"Prog":87.0},{"Player":"Federico Fernández","Pos":"DF","Cmp":471.0,"Cmp%":78.6,"1\/3":31.0,"PPA":3.0,"CrsPA":2.0,"Prog":37.0},{"Player":"Fernandinho","Pos":"MF","Cmp":1812.0,"Cmp%":87.8,"1\/3":256.0,"PPA":46.0,"CrsPA":0.0,"Prog":213.0},{"Player":"Roberto Firmino","Pos":"FW","Cmp":1058.0,"Cmp%":80.7,"1\/3":89.0,"PPA":54.0,"CrsPA":1.0,"Prog":151.0},{"Player":"Ben Foster","Pos":"GK","Cmp":610.0,"Cmp%":48.8,"1\/3":43.0,"PPA":1.0,"CrsPA":0.0,"Prog":0.0},{"Player":"Simon Francis","Pos":"DF","Cmp":598.0,"Cmp%":74.0,"1\/3":56.0,"PPA":15.0,"CrsPA":8.0,"Prog":68.0},{"Player":"Ryan Fraser","Pos":"MF","Cmp":1024.0,"Cmp%":68.0,"1\/3":82.0,"PPA":60.0,"CrsPA":23.0,"Prog":141.0},{"Player":"Fred","Pos":"MF","Cmp":656.0,"Cmp%":86.2,"1\/3":70.0,"PPA":6.0,"CrsPA":2.0,"Prog":65.0},{"Player":"Ryan Fredericks","Pos":"DF","Cmp":394.0,"Cmp%":72.8,"1\/3":15.0,"PPA":7.0,"CrsPA":4.0,"Prog":26.0},{"Player":"Idrissa Gueye","Pos":"MF","Cmp":1472.0,"Cmp%":84.6,"1\/3":175.0,"PPA":17.0,"CrsPA":2.0,"Prog":173.0},{"Player":"David de Gea","Pos":"GK","Cmp":720.0,"Cmp%":65.2,"1\/3":13.0,"PPA":0.0,"CrsPA":0.0,"Prog":0.0},{"Player":"Rachid Ghezzal","Pos":"FW","Cmp":358.0,"Cmp%":76.2,"1\/3":17.0,"PPA":19.0,"CrsPA":8.0,"Prog":38.0},{"Player":"Morgan Gibbs-White","Pos":"MF","Cmp":270.0,"Cmp%":81.3,"1\/3":20.0,"PPA":9.0,"CrsPA":0.0,"Prog":23.0},{"Player":"Olivier Giroud","Pos":"FW","Cmp":175.0,"Cmp%":68.6,"1\/3":4.0,"PPA":6.0,"CrsPA":0.0,"Prog":11.0},{"Player":"André Gomes","Pos":"MF","Cmp":1024.0,"Cmp%":83.5,"1\/3":107.0,"PPA":21.0,"CrsPA":3.0,"Prog":114.0},{"Player":"Joseph Gomez","Pos":"DF","Cmp":702.0,"Cmp%":85.7,"1\/3":38.0,"PPA":3.0,"CrsPA":1.0,"Prog":32.0},{"Player":"Dan Gosling","Pos":"MF","Cmp":750.0,"Cmp%":78.5,"1\/3":74.0,"PPA":15.0,"CrsPA":0.0,"Prog":94.0},{"Player":"Andre Gray","Pos":"FW","Cmp":171.0,"Cmp%":66.5,"1\/3":13.0,"PPA":3.0,"CrsPA":1.0,"Prog":13.0},{"Player":"Demarai Gray","Pos":"FW","Cmp":527.0,"Cmp%":74.0,"1\/3":39.0,"PPA":17.0,"CrsPA":0.0,"Prog":44.0},{"Player":"Pascal Groß","Pos":"MF","Cmp":659.0,"Cmp%":69.7,"1\/3":74.0,"PPA":26.0,"CrsPA":11.0,"Prog":72.0},{"Player":"Vicente Guaita","Pos":"GK","Cmp":298.0,"Cmp%":50.3,"1\/3":4.0,"PPA":0.0,"CrsPA":0.0,"Prog":0.0},{"Player":"Matteo Guendouzi","Pos":"MF","Cmp":1415.0,"Cmp%":87.7,"1\/3":152.0,"PPA":26.0,"CrsPA":1.0,"Prog":137.0},{"Player":"Ilkay Gündogan","Pos":"MF","Cmp":1844.0,"Cmp%":87.8,"1\/3":178.0,"PPA":49.0,"CrsPA":5.0,"Prog":165.0},{"Player":"Aron Gunnarsson","Pos":"MF","Cmp":599.0,"Cmp%":65.0,"1\/3":60.0,"PPA":12.0,"CrsPA":3.0,"Prog":58.0},{"Player":"Florent Hadergjonaj","Pos":"DF","Cmp":699.0,"Cmp%":71.5,"1\/3":49.0,"PPA":23.0,"CrsPA":18.0,"Prog":69.0},{"Player":"Joe Hart","Pos":"GK","Cmp":276.0,"Cmp%":46.2,"1\/3":19.0,"PPA":1.0,"CrsPA":0.0,"Prog":1.0},{"Player":"Isaac Hayden","Pos":"MF","Cmp":581.0,"Cmp%":80.5,"1\/3":47.0,"PPA":10.0,"CrsPA":2.0,"Prog":47.0},{"Player":"Eden Hazard","Pos":"FW","Cmp":1607.0,"Cmp%":80.1,"1\/3":126.0,"PPA":99.0,"CrsPA":10.0,"Prog":215.0},{"Player":"Tom Heaton","Pos":"GK","Cmp":282.0,"Cmp%":48.0,"1\/3":24.0,"PPA":0.0,"CrsPA":0.0,"Prog":1.0},{"Player":"Jordan Henderson","Pos":"MF","Cmp":1552.0,"Cmp%":86.1,"1\/3":192.0,"PPA":27.0,"CrsPA":7.0,"Prog":135.0},{"Player":"Jeff Hendrick","Pos":"MF","Cmp":508.0,"Cmp%":73.4,"1\/3":28.0,"PPA":20.0,"CrsPA":4.0,"Prog":48.0},{"Player":"Wayne Hennessey","Pos":"GK","Cmp":269.0,"Cmp%":52.6,"1\/3":11.0,"PPA":0.0,"CrsPA":0.0,"Prog":1.0},{"Player":"Ander Herrera","Pos":"MF","Cmp":863.0,"Cmp%":87.3,"1\/3":56.0,"PPA":10.0,"CrsPA":1.0,"Prog":75.0},{"Player":"Son Heung-Min","Pos":"FW","Cmp":657.0,"Cmp%":84.1,"1\/3":30.0,"PPA":32.0,"CrsPA":5.0,"Prog":70.0},{"Player":"Jonathan Hogg","Pos":"MF","Cmp":1303.0,"Cmp%":84.3,"1\/3":113.0,"PPA":14.0,"CrsPA":1.0,"Prog":102.0},{"Player":"Junior Hoilett","Pos":"MF","Cmp":339.0,"Cmp%":63.6,"1\/3":11.0,"PPA":13.0,"CrsPA":2.0,"Prog":32.0},{"Player":"José Holebas","Pos":"DF","Cmp":816.0,"Cmp%":61.8,"1\/3":51.0,"PPA":15.0,"CrsPA":8.0,"Prog":68.0},{"Player":"Will Hughes","Pos":"MF","Cmp":772.0,"Cmp%":76.8,"1\/3":66.0,"PPA":28.0,"CrsPA":4.0,"Prog":95.0},{"Player":"Ederson","Pos":"MF","Cmp":17.0,"Cmp%":73.9,"1\/3":2.0,"PPA":0.0,"CrsPA":0.0,"Prog":1.0},{"Player":"Pierre-Emile Højbjerg","Pos":"MF","Cmp":1512.0,"Cmp%":82.7,"1\/3":204.0,"PPA":20.0,"CrsPA":5.0,"Prog":142.0},{"Player":"Jordon Ibe","Pos":"MF","Cmp":213.0,"Cmp%":75.3,"1\/3":12.0,"PPA":20.0,"CrsPA":4.0,"Prog":33.0},{"Player":"Kelechi Iheanacho","Pos":"FW","Cmp":221.0,"Cmp%":75.2,"1\/3":9.0,"PPA":8.0,"CrsPA":2.0,"Prog":20.0},{"Player":"Danny Ings","Pos":"FW","Cmp":285.0,"Cmp%":68.8,"1\/3":26.0,"PPA":16.0,"CrsPA":2.0,"Prog":42.0},{"Player":"Alex Iwobi","Pos":"FW","Cmp":775.0,"Cmp%":75.5,"1\/3":48.0,"PPA":59.0,"CrsPA":15.0,"Prog":106.0},{"Player":"José Izquierdo","Pos":"MF","Cmp":160.0,"Cmp%":76.9,"1\/3":8.0,"PPA":4.0,"CrsPA":1.0,"Prog":15.0},{"Player":"Alireza Jahanbakhsh","Pos":"FW","Cmp":210.0,"Cmp%":68.4,"1\/3":17.0,"PPA":5.0,"CrsPA":1.0,"Prog":25.0},{"Player":"Daryl Janmaat","Pos":"DF","Cmp":562.0,"Cmp%":71.5,"1\/3":47.0,"PPA":22.0,"CrsPA":11.0,"Prog":66.0},{"Player":"Gabriel Jesus","Pos":"FW","Cmp":299.0,"Cmp%":82.8,"1\/3":14.0,"PPA":7.0,"CrsPA":0.0,"Prog":24.0},{"Player":"Raúl Jiménez","Pos":"FW","Cmp":796.0,"Cmp%":73.3,"1\/3":45.0,"PPA":34.0,"CrsPA":5.0,"Prog":70.0},{"Player":"Phil Jones","Pos":"DF","Cmp":684.0,"Cmp%":93.2,"1\/3":29.0,"PPA":2.0,"CrsPA":0.0,"Prog":29.0},{"Player":"Jorginho","Pos":"MF","Cmp":2705.0,"Cmp%":89.3,"1\/3":355.0,"PPA":46.0,"CrsPA":1.0,"Prog":301.0},{"Player":"Joselu","Pos":"FW","Cmp":134.0,"Cmp%":64.1,"1\/3":9.0,"PPA":2.0,"CrsPA":0.0,"Prog":13.0},{"Player":"Diogo Jota","Pos":"FW","Cmp":599.0,"Cmp%":75.2,"1\/3":51.0,"PPA":24.0,"CrsPA":6.0,"Prog":69.0},{"Player":"Christian Kabasele","Pos":"DF","Cmp":409.0,"Cmp%":76.0,"1\/3":20.0,"PPA":1.0,"CrsPA":0.0,"Prog":25.0},{"Player":"Elias Kachunga","Pos":"FW","Cmp":223.0,"Cmp%":71.7,"1\/3":15.0,"PPA":4.0,"CrsPA":4.0,"Prog":16.0},{"Player":"Harry Kane","Pos":"FW","Cmp":427.0,"Cmp%":73.0,"1\/3":59.0,"PPA":18.0,"CrsPA":4.0,"Prog":71.0},{"Player":"Beram Kayal","Pos":"MF","Cmp":198.0,"Cmp%":70.2,"1\/3":21.0,"PPA":3.0,"CrsPA":1.0,"Prog":30.0},{"Player":"Michael Keane","Pos":"DF","Cmp":1276.0,"Cmp%":83.8,"1\/3":91.0,"PPA":5.0,"CrsPA":1.0,"Prog":107.0},{"Player":"Naby Keita","Pos":"MF","Cmp":901.0,"Cmp%":88.8,"1\/3":93.0,"PPA":32.0,"CrsPA":0.0,"Prog":107.0},{"Player":"Kenedy","Pos":"MF","Cmp":379.0,"Cmp%":71.0,"1\/3":33.0,"PPA":12.0,"CrsPA":5.0,"Prog":42.0},{"Player":"Joshua King","Pos":"FW","Cmp":610.0,"Cmp%":70.7,"1\/3":44.0,"PPA":38.0,"CrsPA":8.0,"Prog":78.0},{"Player":"Anthony Knockaert","Pos":"MF","Cmp":525.0,"Cmp%":71.2,"1\/3":21.0,"PPA":21.0,"CrsPA":6.0,"Prog":42.0},{"Player":"Sead Kolasinac","Pos":"DF","Cmp":975.0,"Cmp%":79.1,"1\/3":51.0,"PPA":25.0,"CrsPA":10.0,"Prog":79.0},{"Player":"Vincent Kompany","Pos":"DF","Cmp":1133.0,"Cmp%":93.6,"1\/3":102.0,"PPA":1.0,"CrsPA":0.0,"Prog":61.0},{"Player":"Terence Kongolo","Pos":"DF","Cmp":963.0,"Cmp%":76.9,"1\/3":76.0,"PPA":11.0,"CrsPA":4.0,"Prog":79.0},{"Player":"Laurent Koscielny","Pos":"DF","Cmp":808.0,"Cmp%":92.8,"1\/3":24.0,"PPA":2.0,"CrsPA":0.0,"Prog":26.0},{"Player":"Cheikhou Kouyaté","Pos":"MF","Cmp":636.0,"Cmp%":79.7,"1\/3":63.0,"PPA":5.0,"CrsPA":3.0,"Prog":62.0},{"Player":"Mateo Kovacic","Pos":"MF","Cmp":1356.0,"Cmp%":91.2,"1\/3":133.0,"PPA":20.0,"CrsPA":1.0,"Prog":92.0},{"Player":"Alexandre Lacazette","Pos":"FW","Cmp":581.0,"Cmp%":72.7,"1\/3":32.0,"PPA":42.0,"CrsPA":3.0,"Prog":72.0},{"Player":"Erik Lamela","Pos":"FW","Cmp":370.0,"Cmp%":82.0,"1\/3":28.0,"PPA":19.0,"CrsPA":2.0,"Prog":36.0},{"Player":"Aymeric Laporte","Pos":"DF","Cmp":2786.0,"Cmp%":92.5,"1\/3":316.0,"PPA":7.0,"CrsPA":0.0,"Prog":238.0},{"Player":"Jamaal Lascelles","Pos":"DF","Cmp":839.0,"Cmp%":78.9,"1\/3":41.0,"PPA":0.0,"CrsPA":0.0,"Prog":47.0},{"Player":"Maxime Le Marchand","Pos":"DF","Cmp":1198.0,"Cmp%":82.6,"1\/3":53.0,"PPA":8.0,"CrsPA":3.0,"Prog":61.0},{"Player":"Mario Lemina","Pos":"MF","Cmp":710.0,"Cmp%":85.7,"1\/3":70.0,"PPA":12.0,"CrsPA":2.0,"Prog":68.0},{"Player":"Aaron Lennon","Pos":"MF","Cmp":233.0,"Cmp%":74.7,"1\/3":8.0,"PPA":5.0,"CrsPA":2.0,"Prog":20.0},{"Player":"Bernd Leno","Pos":"GK","Cmp":787.0,"Cmp%":71.4,"1\/3":3.0,"PPA":0.0,"CrsPA":0.0,"Prog":2.0},{"Player":"Jefferson Lerma","Pos":"MF","Cmp":1321.0,"Cmp%":84.3,"1\/3":118.0,"PPA":12.0,"CrsPA":0.0,"Prog":110.0},{"Player":"Victor Lindelöf","Pos":"DF","Cmp":1323.0,"Cmp%":90.3,"1\/3":52.0,"PPA":6.0,"CrsPA":0.0,"Prog":67.0},{"Player":"Jesse Lingard","Pos":"FW","Cmp":665.0,"Cmp%":84.6,"1\/3":58.0,"PPA":13.0,"CrsPA":1.0,"Prog":46.0},{"Player":"Fernando Llorente","Pos":"FW","Cmp":152.0,"Cmp%":68.8,"1\/3":9.0,"PPA":2.0,"CrsPA":0.0,"Prog":6.0},{"Player":"Hugo Lloris","Pos":"GK","Cmp":908.0,"Cmp%":76.2,"1\/3":10.0,"PPA":1.0,"CrsPA":0.0,"Prog":0.0},{"Player":"Jürgen Locadia","Pos":"FW","Cmp":264.0,"Cmp%":73.5,"1\/3":12.0,"PPA":11.0,"CrsPA":3.0,"Prog":20.0},{"Player":"Ruben Loftus-Cheek","Pos":"MF","Cmp":550.0,"Cmp%":88.1,"1\/3":46.0,"PPA":8.0,"CrsPA":0.0,"Prog":49.0},{"Player":"Shane Long","Pos":"FW","Cmp":215.0,"Cmp%":64.4,"1\/3":13.0,"PPA":5.0,"CrsPA":2.0,"Prog":20.0},{"Player":"Ademola Lookman","Pos":"FW","Cmp":218.0,"Cmp%":81.0,"1\/3":16.0,"PPA":8.0,"CrsPA":4.0,"Prog":23.0},{"Player":"Jonas Lössl","Pos":"GK","Cmp":711.0,"Cmp%":63.9,"1\/3":24.0,"PPA":0.0,"CrsPA":0.0,"Prog":0.0},{"Player":"Chris Löwe","Pos":"DF","Cmp":759.0,"Cmp%":69.9,"1\/3":39.0,"PPA":29.0,"CrsPA":19.0,"Prog":58.0},{"Player":"Matthew Lowton","Pos":"DF","Cmp":628.0,"Cmp%":69.1,"1\/3":73.0,"PPA":20.0,"CrsPA":6.0,"Prog":74.0},{"Player":"David Luiz","Pos":"DF","Cmp":2298.0,"Cmp%":87.7,"1\/3":237.0,"PPA":19.0,"CrsPA":1.0,"Prog":204.0},{"Player":"Romelu Lukaku","Pos":"FW","Cmp":377.0,"Cmp%":64.7,"1\/3":25.0,"PPA":27.0,"CrsPA":5.0,"Prog":42.0},{"Player":"James Maddison","Pos":"MF","Cmp":1244.0,"Cmp%":76.8,"1\/3":129.0,"PPA":50.0,"CrsPA":4.0,"Prog":147.0},{"Player":"Harry Maguire","Pos":"DF","Cmp":1500.0,"Cmp%":86.5,"1\/3":177.0,"PPA":9.0,"CrsPA":0.0,"Prog":142.0},{"Player":"Riyad Mahrez","Pos":"FW","Cmp":716.0,"Cmp%":80.8,"1\/3":27.0,"PPA":47.0,"CrsPA":10.0,"Prog":71.0},{"Player":"Ainsley Maitland-Niles","Pos":"DF","Cmp":458.0,"Cmp%":79.4,"1\/3":33.0,"PPA":14.0,"CrsPA":1.0,"Prog":53.0},{"Player":"Sadio Mané","Pos":"FW","Cmp":935.0,"Cmp%":77.0,"1\/3":79.0,"PPA":45.0,"CrsPA":5.0,"Prog":106.0},{"Player":"Javier Manquillo","Pos":"DF","Cmp":350.0,"Cmp%":68.0,"1\/3":27.0,"PPA":11.0,"CrsPA":3.0,"Prog":40.0},{"Player":"Solly March","Pos":"MF","Cmp":598.0,"Cmp%":64.1,"1\/3":37.0,"PPA":30.0,"CrsPA":19.0,"Prog":44.0},{"Player":"Adrian Mariappa","Pos":"DF","Cmp":745.0,"Cmp%":83.9,"1\/3":47.0,"PPA":3.0,"CrsPA":0.0,"Prog":40.0},{"Player":"Anthony Martial","Pos":"FW","Cmp":576.0,"Cmp%":76.3,"1\/3":33.0,"PPA":29.0,"CrsPA":5.0,"Prog":75.0},{"Player":"Arthur Masuaku","Pos":"DF","Cmp":884.0,"Cmp%":80.8,"1\/3":67.0,"PPA":12.0,"CrsPA":6.0,"Prog":72.0},{"Player":"Juan Mata","Pos":"FW","Cmp":619.0,"Cmp%":80.8,"1\/3":63.0,"PPA":25.0,"CrsPA":6.0,"Prog":59.0},{"Player":"Nemanja Matic","Pos":"MF","Cmp":1580.0,"Cmp%":88.0,"1\/3":174.0,"PPA":21.0,"CrsPA":4.0,"Prog":144.0},{"Player":"Joel Matip","Pos":"DF","Cmp":1153.0,"Cmp%":88.0,"1\/3":84.0,"PPA":5.0,"CrsPA":0.0,"Prog":57.0},{"Player":"Alfie Mawson","Pos":"DF","Cmp":387.0,"Cmp%":82.2,"1\/3":13.0,"PPA":0.0,"CrsPA":0.0,"Prog":28.0},{"Player":"Isaac Mbenza","Pos":"FW","Cmp":190.0,"Cmp%":66.7,"1\/3":10.0,"PPA":7.0,"CrsPA":5.0,"Prog":15.0},{"Player":"James McArthur","Pos":"MF","Cmp":1156.0,"Cmp%":79.8,"1\/3":108.0,"PPA":15.0,"CrsPA":2.0,"Prog":89.0},{"Player":"Alex McCarthy","Pos":"GK","Cmp":337.0,"Cmp%":51.3,"1\/3":14.0,"PPA":0.0,"CrsPA":0.0,"Prog":0.0},{"Player":"Kevin McDonald","Pos":"MF","Cmp":488.0,"Cmp%":85.8,"1\/3":42.0,"PPA":1.0,"CrsPA":0.0,"Prog":27.0},{"Player":"Dwight McNeil","Pos":"MF","Cmp":379.0,"Cmp%":65.7,"1\/3":23.0,"PPA":18.0,"CrsPA":12.0,"Prog":32.0},{"Player":"Scott McTominay","Pos":"MF","Cmp":386.0,"Cmp%":85.4,"1\/3":29.0,"PPA":1.0,"CrsPA":0.0,"Prog":29.0},{"Player":"Ben Mee","Pos":"DF","Cmp":1108.0,"Cmp%":75.9,"1\/3":125.0,"PPA":4.0,"CrsPA":1.0,"Prog":87.0},{"Player":"Nathaniel Mendez-Laing","Pos":"MF","Cmp":174.0,"Cmp%":61.3,"1\/3":13.0,"PPA":9.0,"CrsPA":6.0,"Prog":27.0},{"Player":"Nampalys Mendy","Pos":"MF","Cmp":977.0,"Cmp%":88.0,"1\/3":97.0,"PPA":5.0,"CrsPA":3.0,"Prog":67.0},{"Player":"Max Meyer","Pos":"MF","Cmp":566.0,"Cmp%":81.0,"1\/3":46.0,"PPA":13.0,"CrsPA":2.0,"Prog":50.0},{"Player":"Luka Milivojevic","Pos":"MF","Cmp":1634.0,"Cmp%":76.4,"1\/3":175.0,"PPA":27.0,"CrsPA":8.0,"Prog":178.0},{"Player":"James Milner","Pos":"MF","Cmp":1300.0,"Cmp%":80.6,"1\/3":142.0,"PPA":42.0,"CrsPA":8.0,"Prog":149.0},{"Player":"Aleksandar Mitrovic","Pos":"FW","Cmp":744.0,"Cmp%":71.9,"1\/3":43.0,"PPA":15.0,"CrsPA":0.0,"Prog":61.0},{"Player":"Henrikh Mkhitaryan","Pos":"FW","Cmp":660.0,"Cmp%":76.0,"1\/3":68.0,"PPA":32.0,"CrsPA":3.0,"Prog":91.0},{"Player":"Nacho Monreal","Pos":"DF","Cmp":1123.0,"Cmp%":87.1,"1\/3":61.0,"PPA":15.0,"CrsPA":4.0,"Prog":72.0},{"Player":"Martín Montoya","Pos":"DF","Cmp":899.0,"Cmp%":78.5,"1\/3":63.0,"PPA":28.0,"CrsPA":14.0,"Prog":78.0},{"Player":"Aaron Mooy","Pos":"MF","Cmp":1073.0,"Cmp%":75.4,"1\/3":135.0,"PPA":26.0,"CrsPA":9.0,"Prog":120.0},{"Player":"Álvaro Morata","Pos":"FW","Cmp":172.0,"Cmp%":77.8,"1\/3":15.0,"PPA":1.0,"CrsPA":0.0,"Prog":4.0},{"Player":"Wes Morgan","Pos":"DF","Cmp":742.0,"Cmp%":83.5,"1\/3":30.0,"PPA":0.0,"CrsPA":0.0,"Prog":29.0},{"Player":"Sean Morrison","Pos":"DF","Cmp":520.0,"Cmp%":59.5,"1\/3":33.0,"PPA":6.0,"CrsPA":1.0,"Prog":51.0},{"Player":"Steve Mounie","Pos":"FW","Cmp":365.0,"Cmp%":65.1,"1\/3":23.0,"PPA":4.0,"CrsPA":0.0,"Prog":31.0},{"Player":"Lucas Moura","Pos":"FW","Cmp":572.0,"Cmp%":75.0,"1\/3":33.0,"PPA":17.0,"CrsPA":2.0,"Prog":55.0},{"Player":"Lys Mousset","Pos":"FW","Cmp":85.0,"Cmp%":70.8,"1\/3":9.0,"PPA":7.0,"CrsPA":0.0,"Prog":10.0},{"Player":"João Moutinho","Pos":"MF","Cmp":1660.0,"Cmp%":80.5,"1\/3":193.0,"PPA":46.0,"CrsPA":14.0,"Prog":186.0},{"Player":"Josh Murphy","Pos":"MF","Cmp":208.0,"Cmp%":54.5,"1\/3":18.0,"PPA":12.0,"CrsPA":5.0,"Prog":25.0},{"Player":"Glenn Murray","Pos":"FW","Cmp":378.0,"Cmp%":60.7,"1\/3":25.0,"PPA":9.0,"CrsPA":3.0,"Prog":34.0},{"Player":"Shkodran Mustafi","Pos":"DF","Cmp":1446.0,"Cmp%":83.4,"1\/3":114.0,"PPA":10.0,"CrsPA":0.0,"Prog":99.0},{"Player":"Yoshinori Muto","Pos":"FW","Cmp":88.0,"Cmp%":69.8,"1\/3":10.0,"PPA":1.0,"CrsPA":0.0,"Prog":7.0},{"Player":"Wilfred Ndidi","Pos":"MF","Cmp":1614.0,"Cmp%":80.2,"1\/3":156.0,"PPA":13.0,"CrsPA":0.0,"Prog":144.0},{"Player":"Rúben Neves","Pos":"MF","Cmp":1567.0,"Cmp%":80.9,"1\/3":195.0,"PPA":16.0,"CrsPA":3.0,"Prog":165.0},{"Player":"Oumar Niasse","Pos":"FW","Cmp":115.0,"Cmp%":68.0,"1\/3":4.0,"PPA":5.0,"CrsPA":1.0,"Prog":13.0},{"Player":"Oumar Niasse","Pos":"FW","Cmp":12.0,"Cmp%":57.1,"1\/3":2.0,"PPA":1.0,"CrsPA":0.0,"Prog":3.0},{"Player":"Mark Noble","Pos":"MF","Cmp":1299.0,"Cmp%":84.6,"1\/3":135.0,"PPA":27.0,"CrsPA":5.0,"Prog":144.0},{"Player":"Pedro","Pos":"MF","Cmp":427.0,"Cmp%":78.5,"1\/3":46.0,"PPA":4.0,"CrsPA":1.0,"Prog":47.0},{"Player":"Denis Odoi","Pos":"DF","Cmp":1150.0,"Cmp%":82.7,"1\/3":99.0,"PPA":9.0,"CrsPA":2.0,"Prog":78.0},{"Player":"Angelo Ogbonna","Pos":"DF","Cmp":657.0,"Cmp%":85.2,"1\/3":35.0,"PPA":2.0,"CrsPA":0.0,"Prog":29.0},{"Player":"Shinji Okazaki","Pos":"FW","Cmp":74.0,"Cmp%":75.5,"1\/3":4.0,"PPA":0.0,"CrsPA":0.0,"Prog":6.0},{"Player":"Nicolás Otamendi","Pos":"DF","Cmp":1143.0,"Cmp%":93.8,"1\/3":71.0,"PPA":2.0,"CrsPA":0.0,"Prog":48.0},{"Player":"Mesut Özil","Pos":"MF","Cmp":1023.0,"Cmp%":87.3,"1\/3":99.0,"PPA":54.0,"CrsPA":11.0,"Prog":124.0},{"Player":"Ederson","Pos":"DF","Cmp":451.0,"Cmp%":87.1,"1\/3":21.0,"PPA":14.0,"CrsPA":3.0,"Prog":31.0},{"Player":"Sokratis","Pos":"DF","Cmp":1209.0,"Cmp%":90.4,"1\/3":28.0,"PPA":3.0,"CrsPA":0.0,"Prog":37.0},{"Player":"Callum Paterson","Pos":"FW","Cmp":279.0,"Cmp%":48.6,"1\/3":48.0,"PPA":15.0,"CrsPA":2.0,"Prog":63.0},{"Player":"Rui Patrício","Pos":"GK","Cmp":515.0,"Cmp%":59.6,"1\/3":4.0,"PPA":0.0,"CrsPA":0.0,"Prog":0.0},{"Player":"Pedro","Pos":"FW","Cmp":955.0,"Cmp%":83.6,"1\/3":52.0,"PPA":32.0,"CrsPA":8.0,"Prog":69.0},{"Player":"Lee Peltier","Pos":"DF","Cmp":277.0,"Cmp%":63.0,"1\/3":21.0,"PPA":2.0,"CrsPA":1.0,"Prog":21.0},{"Player":"Andreas Pereira","Pos":"MF","Cmp":302.0,"Cmp%":83.0,"1\/3":35.0,"PPA":8.0,"CrsPA":3.0,"Prog":32.0},{"Player":"Ricardo Pereira","Pos":"DF","Cmp":1505.0,"Cmp%":76.9,"1\/3":110.0,"PPA":32.0,"CrsPA":6.0,"Prog":154.0},{"Player":"Roberto Pereyra","Pos":"MF","Cmp":970.0,"Cmp%":81.3,"1\/3":66.0,"PPA":37.0,"CrsPA":4.0,"Prog":107.0},{"Player":"Ayoze Pérez","Pos":"MF","Cmp":612.0,"Cmp%":75.0,"1\/3":48.0,"PPA":25.0,"CrsPA":4.0,"Prog":63.0},{"Player":"Lucas Pérez","Pos":"FW","Cmp":100.0,"Cmp%":68.5,"1\/3":4.0,"PPA":4.0,"CrsPA":0.0,"Prog":6.0},{"Player":"Jordan Pickford","Pos":"GK","Cmp":758.0,"Cmp%":59.7,"1\/3":36.0,"PPA":0.0,"CrsPA":0.0,"Prog":0.0},{"Player":"Paul Pogba","Pos":"MF","Cmp":1735.0,"Cmp%":82.0,"1\/3":214.0,"PPA":66.0,"CrsPA":8.0,"Prog":262.0},{"Player":"Alex Pritchard","Pos":"MF","Cmp":697.0,"Cmp%":71.1,"1\/3":59.0,"PPA":27.0,"CrsPA":7.0,"Prog":68.0},{"Player":"Davy Pröpper","Pos":"MF","Cmp":987.0,"Cmp%":78.5,"1\/3":129.0,"PPA":20.0,"CrsPA":2.0,"Prog":127.0},{"Player":"Joe Ralls","Pos":"MF","Cmp":569.0,"Cmp%":66.5,"1\/3":103.0,"PPA":17.0,"CrsPA":5.0,"Prog":101.0},{"Player":"Aaron Ramsey","Pos":"MF","Cmp":650.0,"Cmp%":82.4,"1\/3":54.0,"PPA":18.0,"CrsPA":4.0,"Prog":63.0},{"Player":"Marcus Rashford","Pos":"FW","Cmp":534.0,"Cmp%":73.8,"1\/3":32.0,"PPA":24.0,"CrsPA":3.0,"Prog":60.0},{"Player":"Tim Ream","Pos":"DF","Cmp":915.0,"Cmp%":88.7,"1\/3":47.0,"PPA":3.0,"CrsPA":0.0,"Prog":66.0},{"Player":"Nathan Redmond","Pos":"FW","Cmp":877.0,"Cmp%":72.5,"1\/3":64.0,"PPA":58.0,"CrsPA":21.0,"Prog":90.0},{"Player":"Bobby Reid","Pos":"MF","Cmp":236.0,"Cmp%":72.0,"1\/3":15.0,"PPA":7.0,"CrsPA":1.0,"Prog":20.0},{"Player":"Declan Rice","Pos":"MF","Cmp":1354.0,"Cmp%":87.4,"1\/3":129.0,"PPA":4.0,"CrsPA":0.0,"Prog":78.0},{"Player":"Richarlison","Pos":"FW","Cmp":541.0,"Cmp%":65.7,"1\/3":41.0,"PPA":24.0,"CrsPA":2.0,"Prog":66.0},{"Player":"Sergio Rico","Pos":"GK","Cmp":517.0,"Cmp%":58.0,"1\/3":11.0,"PPA":1.0,"CrsPA":0.0,"Prog":0.0},{"Player":"Matt Ritchie","Pos":"DF","Cmp":1038.0,"Cmp%":65.8,"1\/3":64.0,"PPA":45.0,"CrsPA":29.0,"Prog":91.0},{"Player":"Andrew Robertson","Pos":"DF","Cmp":2277.0,"Cmp%":81.5,"1\/3":162.0,"PPA":69.0,"CrsPA":18.0,"Prog":243.0},{"Player":"Oriol Romeu","Pos":"MF","Cmp":899.0,"Cmp%":80.9,"1\/3":118.0,"PPA":11.0,"CrsPA":2.0,"Prog":126.0},{"Player":"Salomón Rondón","Pos":"FW","Cmp":540.0,"Cmp%":70.3,"1\/3":40.0,"PPA":21.0,"CrsPA":3.0,"Prog":52.0},{"Player":"Danny Rose","Pos":"DF","Cmp":867.0,"Cmp%":74.2,"1\/3":57.0,"PPA":34.0,"CrsPA":16.0,"Prog":93.0},{"Player":"Antonio Rüdiger","Pos":"DF","Cmp":2304.0,"Cmp%":91.7,"1\/3":172.0,"PPA":9.0,"CrsPA":0.0,"Prog":151.0},{"Player":"Mat Ryan","Pos":"GK","Cmp":559.0,"Cmp%":54.6,"1\/3":38.0,"PPA":0.0,"CrsPA":0.0,"Prog":0.0},{"Player":"Romain Saiss","Pos":"MF","Cmp":561.0,"Cmp%":78.2,"1\/3":59.0,"PPA":5.0,"CrsPA":2.0,"Prog":57.0},{"Player":"Mamadou Sakho","Pos":"DF","Cmp":1148.0,"Cmp%":89.1,"1\/3":81.0,"PPA":3.0,"CrsPA":0.0,"Prog":91.0},{"Player":"Mohamed Salah","Pos":"FW","Cmp":861.0,"Cmp%":74.9,"1\/3":57.0,"PPA":77.0,"CrsPA":7.0,"Prog":143.0},{"Player":"Alexis Sánchez","Pos":"FW","Cmp":296.0,"Cmp%":71.5,"1\/3":27.0,"PPA":26.0,"CrsPA":5.0,"Prog":46.0},{"Player":"Davinson Sánchez","Pos":"DF","Cmp":1298.0,"Cmp%":91.5,"1\/3":41.0,"PPA":0.0,"CrsPA":0.0,"Prog":51.0},{"Player":"Leroy Sané","Pos":"FW","Cmp":749.0,"Cmp%":78.4,"1\/3":26.0,"PPA":37.0,"CrsPA":0.0,"Prog":76.0},{"Player":"Fabian Schär","Pos":"DF","Cmp":695.0,"Cmp%":68.2,"1\/3":87.0,"PPA":9.0,"CrsPA":1.0,"Prog":66.0},{"Player":"Christopher Schindler","Pos":"DF","Cmp":1278.0,"Cmp%":86.1,"1\/3":79.0,"PPA":4.0,"CrsPA":0.0,"Prog":67.0},{"Player":"Jeffrey Schlupp","Pos":"MF","Cmp":488.0,"Cmp%":75.3,"1\/3":52.0,"PPA":13.0,"CrsPA":3.0,"Prog":57.0},{"Player":"Kasper Schmeichel","Pos":"GK","Cmp":847.0,"Cmp%":68.6,"1\/3":9.0,"PPA":0.0,"CrsPA":0.0,"Prog":2.0},{"Player":"André Schürrle","Pos":"FW","Cmp":431.0,"Cmp%":73.3,"1\/3":31.0,"PPA":21.0,"CrsPA":7.0,"Prog":35.0},{"Player":"Ken Sema","Pos":"MF","Cmp":173.0,"Cmp%":69.2,"1\/3":9.0,"PPA":4.0,"CrsPA":0.0,"Prog":16.0},{"Player":"Ryan Sessegnon","Pos":"FW","Cmp":576.0,"Cmp%":69.9,"1\/3":33.0,"PPA":16.0,"CrsPA":4.0,"Prog":59.0},{"Player":"Xherdan Shaqiri","Pos":"FW","Cmp":543.0,"Cmp%":78.2,"1\/3":49.0,"PPA":35.0,"CrsPA":6.0,"Prog":65.0},{"Player":"Luke Shaw","Pos":"DF","Cmp":1666.0,"Cmp%":84.1,"1\/3":125.0,"PPA":32.0,"CrsPA":8.0,"Prog":174.0},{"Player":"Jonjo Shelvey","Pos":"MF","Cmp":464.0,"Cmp%":67.9,"1\/3":78.0,"PPA":22.0,"CrsPA":4.0,"Prog":68.0},{"Player":"Gylfi Sigurdsson","Pos":"MF","Cmp":825.0,"Cmp%":67.1,"1\/3":99.0,"PPA":49.0,"CrsPA":8.0,"Prog":126.0},{"Player":"Bernardo Silva","Pos":"MF","Cmp":1518.0,"Cmp%":84.1,"1\/3":97.0,"PPA":60.0,"CrsPA":6.0,"Prog":147.0},{"Player":"David Silva","Pos":"MF","Cmp":1782.0,"Cmp%":85.6,"1\/3":137.0,"PPA":87.0,"CrsPA":4.0,"Prog":189.0},{"Player":"Moussa Sissoko","Pos":"MF","Cmp":1195.0,"Cmp%":86.2,"1\/3":100.0,"PPA":11.0,"CrsPA":3.0,"Prog":89.0},{"Player":"Chris Smalling","Pos":"DF","Cmp":794.0,"Cmp%":87.3,"1\/3":26.0,"PPA":1.0,"CrsPA":0.0,"Prog":33.0},{"Player":"Adam Smith","Pos":"DF","Cmp":874.0,"Cmp%":81.0,"1\/3":72.0,"PPA":15.0,"CrsPA":2.0,"Prog":82.0},{"Player":"Tommy Smith","Pos":"DF","Cmp":470.0,"Cmp%":76.4,"1\/3":32.0,"PPA":7.0,"CrsPA":4.0,"Prog":32.0},{"Player":"Robert Snodgrass","Pos":"MF","Cmp":864.0,"Cmp%":75.9,"1\/3":81.0,"PPA":30.0,"CrsPA":5.0,"Prog":82.0},{"Player":"Cédric Soares","Pos":"DF","Cmp":566.0,"Cmp%":70.7,"1\/3":46.0,"PPA":21.0,"CrsPA":10.0,"Prog":58.0},{"Player":"Junior Stanislas","Pos":"MF","Cmp":405.0,"Cmp%":76.1,"1\/3":32.0,"PPA":26.0,"CrsPA":4.0,"Prog":60.0},{"Player":"Dale Stephens","Pos":"MF","Cmp":1145.0,"Cmp%":84.0,"1\/3":138.0,"PPA":10.0,"CrsPA":1.0,"Prog":114.0},{"Player":"Jack Stephens","Pos":"DF","Cmp":595.0,"Cmp%":76.0,"1\/3":49.0,"PPA":5.0,"CrsPA":0.0,"Prog":47.0},{"Player":"Raheem Sterling","Pos":"FW","Cmp":1098.0,"Cmp%":82.4,"1\/3":19.0,"PPA":56.0,"CrsPA":5.0,"Prog":94.0},{"Player":"John Stones","Pos":"DF","Cmp":1651.0,"Cmp%":95.2,"1\/3":111.0,"PPA":5.0,"CrsPA":0.0,"Prog":87.0},{"Player":"Daniel Sturridge","Pos":"FW","Cmp":148.0,"Cmp%":79.1,"1\/3":13.0,"PPA":11.0,"CrsPA":0.0,"Prog":31.0},{"Player":"Isaac Success","Pos":"FW","Cmp":259.0,"Cmp%":71.0,"1\/3":12.0,"PPA":20.0,"CrsPA":5.0,"Prog":30.0},{"Player":"Ki Sung-yueng","Pos":"MF","Cmp":518.0,"Cmp%":80.9,"1\/3":52.0,"PPA":8.0,"CrsPA":1.0,"Prog":55.0},{"Player":"Andrew Surman","Pos":"MF","Cmp":725.0,"Cmp%":87.2,"1\/3":58.0,"PPA":17.0,"CrsPA":1.0,"Prog":74.0},{"Player":"Matt Targett","Pos":"DF","Cmp":447.0,"Cmp%":65.9,"1\/3":36.0,"PPA":16.0,"CrsPA":10.0,"Prog":57.0},{"Player":"James Tarkowski","Pos":"DF","Cmp":796.0,"Cmp%":72.5,"1\/3":91.0,"PPA":11.0,"CrsPA":0.0,"Prog":97.0},{"Player":"Charlie Taylor","Pos":"DF","Cmp":1224.0,"Cmp%":71.7,"1\/3":68.0,"PPA":21.0,"CrsPA":12.0,"Prog":94.0},{"Player":"James Tomkins","Pos":"DF","Cmp":904.0,"Cmp%":85.0,"1\/3":58.0,"PPA":3.0,"CrsPA":0.0,"Prog":41.0},{"Player":"Lucas Torreira","Pos":"MF","Cmp":1412.0,"Cmp%":87.3,"1\/3":99.0,"PPA":20.0,"CrsPA":1.0,"Prog":121.0},{"Player":"Cenk Tosun","Pos":"FW","Cmp":184.0,"Cmp%":74.2,"1\/3":7.0,"PPA":8.0,"CrsPA":1.0,"Prog":15.0},{"Player":"Andros Townsend","Pos":"FW","Cmp":881.0,"Cmp%":72.2,"1\/3":56.0,"PPA":45.0,"CrsPA":20.0,"Prog":96.0},{"Player":"Adama Traoré","Pos":"FW","Cmp":237.0,"Cmp%":71.6,"1\/3":16.0,"PPA":20.0,"CrsPA":11.0,"Prog":26.0},{"Player":"Kieran Trippier","Pos":"DF","Cmp":1530.0,"Cmp%":76.7,"1\/3":89.0,"PPA":64.0,"CrsPA":27.0,"Prog":167.0},{"Player":"Yan Valery","Pos":"DF","Cmp":377.0,"Cmp%":61.5,"1\/3":30.0,"PPA":6.0,"CrsPA":3.0,"Prog":36.0},{"Player":"Jamie Vardy","Pos":"FW","Cmp":284.0,"Cmp%":64.4,"1\/3":13.0,"PPA":18.0,"CrsPA":4.0,"Prog":31.0},{"Player":"Jan Vertonghen","Pos":"DF","Cmp":1340.0,"Cmp%":88.0,"1\/3":120.0,"PPA":7.0,"CrsPA":3.0,"Prog":83.0},{"Player":"Jannik Vestergaard","Pos":"DF","Cmp":671.0,"Cmp%":78.0,"1\/3":62.0,"PPA":2.0,"CrsPA":0.0,"Prog":56.0},{"Player":"Luciano Vietto","Pos":"FW","Cmp":334.0,"Cmp%":78.6,"1\/3":16.0,"PPA":14.0,"CrsPA":3.0,"Prog":30.0},{"Player":"Rúben Vinagre","Pos":"DF","Cmp":301.0,"Cmp%":71.7,"1\/3":19.0,"PPA":7.0,"CrsPA":6.0,"Prog":26.0},{"Player":"Sam Vokes","Pos":"FW","Cmp":147.0,"Cmp%":56.8,"1\/3":18.0,"PPA":4.0,"CrsPA":0.0,"Prog":23.0},{"Player":"Theo Walcott","Pos":"FW","Cmp":444.0,"Cmp%":70.7,"1\/3":40.0,"PPA":18.0,"CrsPA":10.0,"Prog":51.0},{"Player":"Kyle Walker","Pos":"DF","Cmp":2342.0,"Cmp%":88.1,"1\/3":238.0,"PPA":27.0,"CrsPA":5.0,"Prog":155.0},{"Player":"Aaron Wan-Bissaka","Pos":"DF","Cmp":1148.0,"Cmp%":75.5,"1\/3":81.0,"PPA":26.0,"CrsPA":10.0,"Prog":118.0},{"Player":"James Ward-Prowse","Pos":"MF","Cmp":621.0,"Cmp%":68.7,"1\/3":51.0,"PPA":12.0,"CrsPA":5.0,"Prog":44.0},{"Player":"Ashley Westwood","Pos":"MF","Cmp":1110.0,"Cmp%":73.8,"1\/3":137.0,"PPA":41.0,"CrsPA":9.0,"Prog":161.0},{"Player":"Georginio Wijnaldum","Pos":"MF","Cmp":1619.0,"Cmp%":91.0,"1\/3":186.0,"PPA":20.0,"CrsPA":2.0,"Prog":123.0},{"Player":"Willian","Pos":"FW","Cmp":1105.0,"Cmp%":78.1,"1\/3":59.0,"PPA":50.0,"CrsPA":12.0,"Prog":120.0},{"Player":"Callum Wilson","Pos":"FW","Cmp":314.0,"Cmp%":68.1,"1\/3":16.0,"PPA":20.0,"CrsPA":3.0,"Prog":42.0},{"Player":"Harry Winks","Pos":"MF","Cmp":1288.0,"Cmp%":92.0,"1\/3":127.0,"PPA":13.0,"CrsPA":0.0,"Prog":83.0},{"Player":"Chris Wood","Pos":"FW","Cmp":411.0,"Cmp%":65.8,"1\/3":18.0,"PPA":11.0,"CrsPA":2.0,"Prog":28.0},{"Player":"Granit Xhaka","Pos":"MF","Cmp":1948.0,"Cmp%":82.2,"1\/3":217.0,"PPA":36.0,"CrsPA":11.0,"Prog":209.0},{"Player":"DeAndre Yedlin","Pos":"DF","Cmp":784.0,"Cmp%":71.9,"1\/3":45.0,"PPA":31.0,"CrsPA":13.0,"Prog":72.0},{"Player":"Maya Yoshida","Pos":"DF","Cmp":431.0,"Cmp%":78.6,"1\/3":36.0,"PPA":2.0,"CrsPA":0.0,"Prog":34.0},{"Player":"Ashley Young","Pos":"DF","Cmp":1372.0,"Cmp%":72.6,"1\/3":114.0,"PPA":32.0,"CrsPA":12.0,"Prog":134.0},{"Player":"Pablo Zabaleta","Pos":"DF","Cmp":861.0,"Cmp%":76.1,"1\/3":71.0,"PPA":12.0,"CrsPA":5.0,"Prog":80.0},{"Player":"Wilfried Zaha","Pos":"FW","Cmp":843.0,"Cmp%":76.8,"1\/3":63.0,"PPA":65.0,"CrsPA":9.0,"Prog":129.0},{"Player":"Kenneth Zohore","Pos":"FW","Cmp":100.0,"Cmp%":65.4,"1\/3":8.0,"PPA":3.0,"CrsPA":2.0,"Prog":7.0},{"Player":"Kurt Zouma","Pos":"DF","Cmp":"1209","Cmp%":"86.3","1\/3":"67","PPA":"3","CrsPA":"0","Prog":"79"}]