[{"Player":"Marcos Acuña","Pos":"DF","Cmp":1426.0,"Cmp%":80.5,"1\/3":110.0,"PPA":36.0,"CrsPA":18.0,"Prog":122.0},{"Player":"Martín Aguirregabiria","Pos":"DF","Cmp":520.0,"Cmp%":71.5,"1\/3":40.0,"PPA":16.0,"CrsPA":8.0,"Prog":45.0},{"Player":"Joseph Aidoo","Pos":"DF","Cmp":518.0,"Cmp%":82.6,"1\/3":36.0,"PPA":2.0,"CrsPA":0.0,"Prog":39.0},{"Player":"Jony","Pos":"MF","Cmp":14.0,"Cmp%":87.5,"1\/3":1.0,"PPA":0.0,"CrsPA":0.0,"Prog":0.0},{"Player":"Jordi Alba","Pos":"DF","Cmp":2507.0,"Cmp%":85.5,"1\/3":125.0,"PPA":83.0,"CrsPA":19.0,"Prog":211.0},{"Player":"Raúl Albiol","Pos":"DF","Cmp":1795.0,"Cmp%":89.4,"1\/3":98.0,"PPA":5.0,"CrsPA":0.0,"Prog":111.0},{"Player":"Paco Alcácer","Pos":"FW","Cmp":202.0,"Cmp%":73.5,"1\/3":5.0,"PPA":7.0,"CrsPA":1.0,"Prog":9.0},{"Player":"Rubén Alcaraz","Pos":"MF","Cmp":962.0,"Cmp%":83.1,"1\/3":95.0,"PPA":13.0,"CrsPA":0.0,"Prog":71.0},{"Player":"Iván Alejo","Pos":"MF","Cmp":130.0,"Cmp%":56.3,"1\/3":9.0,"PPA":11.0,"CrsPA":6.0,"Prog":20.0},{"Player":"Carles Aleñá","Pos":"MF","Cmp":407.0,"Cmp%":68.9,"1\/3":61.0,"PPA":22.0,"CrsPA":5.0,"Prog":62.0},{"Player":"Carles Aleñá","Pos":"MF","Cmp":38.0,"Cmp%":90.5,"1\/3":2.0,"PPA":0.0,"CrsPA":0.0,"Prog":6.0},{"Player":"Alfonso","Pos":"MF","Cmp":15.0,"Cmp%":100.0,"1\/3":1.0,"PPA":1.0,"CrsPA":0.0,"Prog":1.0},{"Player":"Sergio Álvarez","Pos":"MF","Cmp":535.0,"Cmp%":77.8,"1\/3":51.0,"PPA":2.0,"CrsPA":1.0,"Prog":35.0},{"Player":"Yeray Álvarez","Pos":"DF","Cmp":895.0,"Cmp%":84.4,"1\/3":57.0,"PPA":4.0,"CrsPA":0.0,"Prog":56.0},{"Player":"Jon Ander Garrido","Pos":"MF","Cmp":195.0,"Cmp%":78.6,"1\/3":22.0,"PPA":1.0,"CrsPA":1.0,"Prog":12.0},{"Player":"Ángel","Pos":"GK","Cmp":16.0,"Cmp%":53.3,"1\/3":0.0,"PPA":0.0,"CrsPA":0.0,"Prog":0.0},{"Player":"Ángel","Pos":"DF","Cmp":39.0,"Cmp%":78.0,"1\/3":2.0,"PPA":0.0,"CrsPA":0.0,"Prog":3.0},{"Player":"Ángel","Pos":"DF","Cmp":509.0,"Cmp%":74.7,"1\/3":43.0,"PPA":14.0,"CrsPA":8.0,"Prog":51.0},{"Player":"Mauro Arambarri","Pos":"MF","Cmp":754.0,"Cmp%":70.1,"1\/3":83.0,"PPA":26.0,"CrsPA":10.0,"Prog":88.0},{"Player":"Néstor Araújo","Pos":"DF","Cmp":1321.0,"Cmp%":85.0,"1\/3":81.0,"PPA":3.0,"CrsPA":1.0,"Prog":72.0},{"Player":"Ronald Araújo","Pos":"DF","Cmp":987.0,"Cmp%":92.4,"1\/3":48.0,"PPA":0.0,"CrsPA":0.0,"Prog":26.0},{"Player":"Anaitz Arbilla","Pos":"DF","Cmp":1445.0,"Cmp%":77.0,"1\/3":158.0,"PPA":15.0,"CrsPA":6.0,"Prog":149.0},{"Player":"Sergio Asenjo","Pos":"GK","Cmp":1033.0,"Cmp%":79.0,"1\/3":11.0,"PPA":0.0,"CrsPA":0.0,"Prog":0.0},{"Player":"Marco Asensio","Pos":"FW","Cmp":808.0,"Cmp%":80.2,"1\/3":45.0,"PPA":38.0,"CrsPA":10.0,"Prog":75.0},{"Player":"Iago Aspas","Pos":"FW","Cmp":965.0,"Cmp%":77.0,"1\/3":59.0,"PPA":52.0,"CrsPA":5.0,"Prog":116.0},{"Player":"Carlos Bacca","Pos":"FW","Cmp":111.0,"Cmp%":67.3,"1\/3":9.0,"PPA":6.0,"CrsPA":1.0,"Prog":12.0},{"Player":"Edgar Badía","Pos":"GK","Cmp":867.0,"Cmp%":75.6,"1\/3":12.0,"PPA":0.0,"CrsPA":0.0,"Prog":1.0},{"Player":"Miguel Baeza","Pos":"MF","Cmp":177.0,"Cmp%":81.6,"1\/3":11.0,"PPA":6.0,"CrsPA":2.0,"Prog":13.0},{"Player":"Balenziaga","Pos":"DF","Cmp":710.0,"Cmp%":75.9,"1\/3":57.0,"PPA":8.0,"CrsPA":6.0,"Prog":45.0},{"Player":"Enis Bardhi","Pos":"MF","Cmp":678.0,"Cmp%":74.9,"1\/3":64.0,"PPA":31.0,"CrsPA":12.0,"Prog":84.0},{"Player":"Kike Barja","Pos":"MF","Cmp":353.0,"Cmp%":69.1,"1\/3":17.0,"PPA":20.0,"CrsPA":10.0,"Prog":45.0},{"Player":"Antonio Barragán","Pos":"DF","Cmp":1095.0,"Cmp%":82.9,"1\/3":54.0,"PPA":15.0,"CrsPA":7.0,"Prog":69.0},{"Player":"Ander Barrenetxea","Pos":"MF","Cmp":294.0,"Cmp%":71.5,"1\/3":20.0,"PPA":12.0,"CrsPA":3.0,"Prog":28.0},{"Player":"Marc Bartra","Pos":"DF","Cmp":782.0,"Cmp%":81.2,"1\/3":34.0,"PPA":1.0,"CrsPA":0.0,"Prog":30.0},{"Player":"Rodrigo Battaglia","Pos":"MF","Cmp":871.0,"Cmp%":84.2,"1\/3":56.0,"PPA":4.0,"CrsPA":1.0,"Prog":49.0},{"Player":"Jon Bautista","Pos":"FW","Cmp":55.0,"Cmp%":61.8,"1\/3":3.0,"PPA":1.0,"CrsPA":0.0,"Prog":4.0},{"Player":"Fran Beltrán","Pos":"MF","Cmp":708.0,"Cmp%":90.8,"1\/3":52.0,"PPA":10.0,"CrsPA":2.0,"Prog":34.0},{"Player":"Karim Benzema","Pos":"FW","Cmp":1043.0,"Cmp%":83.6,"1\/3":56.0,"PPA":37.0,"CrsPA":1.0,"Prog":82.0},{"Player":"Yuri","Pos":"DF","Cmp":922.0,"Cmp%":82.0,"1\/3":63.0,"PPA":39.0,"CrsPA":17.0,"Prog":122.0},{"Player":"Alex Berenguer","Pos":"MF","Cmp":620.0,"Cmp%":67.6,"1\/3":24.0,"PPA":38.0,"CrsPA":8.0,"Prog":82.0},{"Player":"Pedro Bigas","Pos":"DF","Cmp":461.0,"Cmp%":72.0,"1\/3":27.0,"PPA":1.0,"CrsPA":0.0,"Prog":38.0},{"Player":"Rubén Blanco","Pos":"GK","Cmp":470.0,"Cmp%":70.8,"1\/3":7.0,"PPA":1.0,"CrsPA":0.0,"Prog":0.0},{"Player":"Lucas Boyé","Pos":"FW","Cmp":521.0,"Cmp%":78.9,"1\/3":45.0,"PPA":7.0,"CrsPA":1.0,"Prog":31.0},{"Player":"Martin Braithwaite","Pos":"FW","Cmp":230.0,"Cmp%":81.3,"1\/3":7.0,"PPA":6.0,"CrsPA":0.0,"Prog":9.0},{"Player":"Darko Brasanac","Pos":"MF","Cmp":229.0,"Cmp%":72.7,"1\/3":25.0,"PPA":7.0,"CrsPA":2.0,"Prog":27.0},{"Player":"Claudio Bravo","Pos":"GK","Cmp":422.0,"Cmp%":65.0,"1\/3":13.0,"PPA":0.0,"CrsPA":0.0,"Prog":0.0},{"Player":"Ante Budimir","Pos":"FW","Cmp":251.0,"Cmp%":62.8,"1\/3":20.0,"PPA":5.0,"CrsPA":0.0,"Prog":22.0},{"Player":"Sergio Busquets","Pos":"MF","Cmp":2484.0,"Cmp%":91.5,"1\/3":293.0,"PPA":33.0,"CrsPA":0.0,"Prog":218.0},{"Player":"Erick Cabaco","Pos":"DF","Cmp":297.0,"Cmp%":67.7,"1\/3":38.0,"PPA":0.0,"CrsPA":0.0,"Prog":34.0},{"Player":"Cala","Pos":"DF","Cmp":508.0,"Cmp%":73.8,"1\/3":36.0,"PPA":2.0,"CrsPA":0.0,"Prog":24.0},{"Player":"Jonathan Calleri","Pos":"FW","Cmp":218.0,"Cmp%":61.4,"1\/3":18.0,"PPA":8.0,"CrsPA":1.0,"Prog":26.0},{"Player":"Dani Calvo","Pos":"DF","Cmp":640.0,"Cmp%":86.1,"1\/3":25.0,"PPA":0.0,"CrsPA":0.0,"Prog":26.0},{"Player":"Sergio Canales","Pos":"MF","Cmp":1478.0,"Cmp%":84.7,"1\/3":111.0,"PPA":46.0,"CrsPA":11.0,"Prog":115.0},{"Player":"Ander Capa","Pos":"DF","Cmp":915.0,"Cmp%":76.2,"1\/3":58.0,"PPA":19.0,"CrsPA":5.0,"Prog":94.0},{"Player":"Etienne Capoue","Pos":"MF","Cmp":680.0,"Cmp%":90.9,"1\/3":70.0,"PPA":5.0,"CrsPA":0.0,"Prog":52.0},{"Player":"Isaac Carcelén","Pos":"DF","Cmp":782.0,"Cmp%":71.2,"1\/3":78.0,"PPA":11.0,"CrsPA":5.0,"Prog":75.0},{"Player":"Diego Carlos","Pos":"DF","Cmp":1742.0,"Cmp%":90.8,"1\/3":65.0,"PPA":1.0,"CrsPA":0.0,"Prog":50.0},{"Player":"Juan Carlos","Pos":"MF","Cmp":73.0,"Cmp%":75.3,"1\/3":4.0,"PPA":2.0,"CrsPA":0.0,"Prog":13.0},{"Player":"Yannick Carrasco","Pos":"DF","Cmp":779.0,"Cmp%":74.3,"1\/3":34.0,"PPA":42.0,"CrsPA":6.0,"Prog":92.0},{"Player":"Sergio Herrera","Pos":"DF","Cmp":91.0,"Cmp%":77.1,"1\/3":3.0,"PPA":2.0,"CrsPA":0.0,"Prog":10.0},{"Player":"Guido Carrillo","Pos":"FW","Cmp":226.0,"Cmp%":71.3,"1\/3":25.0,"PPA":3.0,"CrsPA":0.0,"Prog":26.0},{"Player":"William Carvalho","Pos":"MF","Cmp":814.0,"Cmp%":85.3,"1\/3":85.0,"PPA":11.0,"CrsPA":0.0,"Prog":70.0},{"Player":"Casemiro","Pos":"MF","Cmp":1632.0,"Cmp%":83.7,"1\/3":150.0,"PPA":24.0,"CrsPA":0.0,"Prog":111.0},{"Player":"Denis Cheryshev","Pos":"MF","Cmp":209.0,"Cmp%":61.8,"1\/3":20.0,"PPA":15.0,"CrsPA":6.0,"Prog":36.0},{"Player":"Samuel Chukwueze","Pos":"MF","Cmp":397.0,"Cmp%":74.6,"1\/3":16.0,"PPA":30.0,"CrsPA":6.0,"Prog":47.0},{"Player":"Carlos Clerc","Pos":"DF","Cmp":1304.0,"Cmp%":76.8,"1\/3":96.0,"PPA":39.0,"CrsPA":16.0,"Prog":160.0},{"Player":"Coke","Pos":"DF","Cmp":361.0,"Cmp%":81.7,"1\/3":19.0,"PPA":11.0,"CrsPA":1.0,"Prog":41.0},{"Player":"Francis Coquelin","Pos":"MF","Cmp":461.0,"Cmp%":88.0,"1\/3":28.0,"PPA":4.0,"CrsPA":0.0,"Prog":22.0},{"Player":"Ángel Correa","Pos":"FW","Cmp":706.0,"Cmp%":77.6,"1\/3":46.0,"PPA":35.0,"CrsPA":3.0,"Prog":69.0},{"Player":"Rober Correa","Pos":"DF","Cmp":427.0,"Cmp%":70.0,"1\/3":39.0,"PPA":10.0,"CrsPA":8.0,"Prog":30.0},{"Player":"Thierry Correia","Pos":"DF","Cmp":919.0,"Cmp%":75.9,"1\/3":46.0,"PPA":24.0,"CrsPA":15.0,"Prog":57.0},{"Player":"Jaume","Pos":"DF","Cmp":200.0,"Cmp%":84.4,"1\/3":9.0,"PPA":5.0,"CrsPA":1.0,"Prog":9.0},{"Player":"Thibaut Courtois","Pos":"GK","Cmp":1076.0,"Cmp%":82.3,"1\/3":12.0,"PPA":1.0,"CrsPA":0.0,"Prog":0.0},{"Player":"Marc Cucurella","Pos":"MF","Cmp":926.0,"Cmp%":70.7,"1\/3":65.0,"PPA":36.0,"CrsPA":12.0,"Prog":105.0},{"Player":"Ousmane Dembélé","Pos":"FW","Cmp":844.0,"Cmp%":82.5,"1\/3":40.0,"PPA":44.0,"CrsPA":6.0,"Prog":76.0},{"Player":"Sergiño Dest","Pos":"DF","Cmp":1164.0,"Cmp%":89.4,"1\/3":46.0,"PPA":26.0,"CrsPA":6.0,"Prog":60.0},{"Player":"Deyverson","Pos":"FW","Cmp":155.0,"Cmp%":50.0,"1\/3":24.0,"PPA":8.0,"CrsPA":3.0,"Prog":22.0},{"Player":"Mouctar Diakhaby","Pos":"DF","Cmp":844.0,"Cmp%":86.0,"1\/3":44.0,"PPA":1.0,"CrsPA":0.0,"Prog":37.0},{"Player":"Víctor Díaz","Pos":"DF","Cmp":265.0,"Cmp%":68.8,"1\/3":22.0,"PPA":6.0,"CrsPA":4.0,"Prog":26.0},{"Player":"Papakouly Diop","Pos":"MF","Cmp":634.0,"Cmp%":70.6,"1\/3":92.0,"PPA":10.0,"CrsPA":2.0,"Prog":76.0},{"Player":"Marko Dmitrovic","Pos":"GK","Cmp":581.0,"Cmp%":54.1,"1\/3":69.0,"PPA":2.0,"CrsPA":0.0,"Prog":1.0},{"Player":"Jaume","Pos":"GK","Cmp":623.0,"Cmp%":69.5,"1\/3":6.0,"PPA":0.0,"CrsPA":0.0,"Prog":1.0},{"Player":"Idrissa Doumbia","Pos":"MF","Cmp":378.0,"Cmp%":91.5,"1\/3":21.0,"PPA":1.0,"CrsPA":0.0,"Prog":17.0},{"Player":"Domingos Duarte","Pos":"DF","Cmp":761.0,"Cmp%":80.3,"1\/3":56.0,"PPA":4.0,"CrsPA":1.0,"Prog":85.0},{"Player":"Óscar Duarte","Pos":"DF","Cmp":1009.0,"Cmp%":87.4,"1\/3":48.0,"PPA":0.0,"CrsPA":0.0,"Prog":55.0},{"Player":"Rubén Duarte","Pos":"DF","Cmp":934.0,"Cmp%":70.8,"1\/3":71.0,"PPA":24.0,"CrsPA":10.0,"Prog":115.0},{"Player":"Aritz Elustondo","Pos":"DF","Cmp":1057.0,"Cmp%":87.4,"1\/3":89.0,"PPA":5.0,"CrsPA":2.0,"Prog":88.0},{"Player":"Rodrygo","Pos":"DF","Cmp":125.0,"Cmp%":78.6,"1\/3":4.0,"PPA":1.0,"CrsPA":0.0,"Prog":5.0},{"Player":"Emerson","Pos":"DF","Cmp":1565.0,"Cmp%":81.2,"1\/3":83.0,"PPA":42.0,"CrsPA":16.0,"Prog":112.0},{"Player":"Youssef En-Nesyri","Pos":"FW","Cmp":281.0,"Cmp%":68.9,"1\/3":8.0,"PPA":0.0,"CrsPA":0.0,"Prog":10.0},{"Player":"Sergi Enrich","Pos":"FW","Cmp":357.0,"Cmp%":77.3,"1\/3":23.0,"PPA":8.0,"CrsPA":2.0,"Prog":26.0},{"Player":"Dani Escriche","Pos":"FW","Cmp":198.0,"Cmp%":74.2,"1\/3":10.0,"PPA":2.0,"CrsPA":0.0,"Prog":15.0},{"Player":"Alfonso","Pos":"DF","Cmp":666.0,"Cmp%":64.1,"1\/3":48.0,"PPA":13.0,"CrsPA":10.0,"Prog":59.0},{"Player":"Estupiñán","Pos":"DF","Cmp":523.0,"Cmp%":78.4,"1\/3":14.0,"PPA":22.0,"CrsPA":15.0,"Prog":32.0},{"Player":"Edu Expósito","Pos":"MF","Cmp":879.0,"Cmp%":74.6,"1\/3":103.0,"PPA":19.0,"CrsPA":3.0,"Prog":119.0},{"Player":"Fali","Pos":"DF","Cmp":505.0,"Cmp%":70.6,"1\/3":55.0,"PPA":8.0,"CrsPA":3.0,"Prog":53.0},{"Player":"Nabil Fekir","Pos":"MF","Cmp":1070.0,"Cmp%":80.8,"1\/3":118.0,"PPA":48.0,"CrsPA":6.0,"Prog":119.0},{"Player":"Felipe","Pos":"DF","Cmp":889.0,"Cmp%":86.6,"1\/3":35.0,"PPA":0.0,"CrsPA":0.0,"Prog":40.0},{"Player":"João Félix","Pos":"FW","Cmp":566.0,"Cmp%":83.4,"1\/3":66.0,"PPA":21.0,"CrsPA":0.0,"Prog":75.0},{"Player":"Aitor Fernández","Pos":"GK","Cmp":698.0,"Cmp%":75.8,"1\/3":9.0,"PPA":0.0,"CrsPA":0.0,"Prog":0.0},{"Player":"Álex Fernández","Pos":"MF","Cmp":667.0,"Cmp%":74.3,"1\/3":70.0,"PPA":14.0,"CrsPA":6.0,"Prog":60.0},{"Player":"Álvaro Fernández","Pos":"GK","Cmp":613.0,"Cmp%":74.9,"1\/3":10.0,"PPA":0.0,"CrsPA":0.0,"Prog":0.0},{"Player":"Andrés Fernández","Pos":"GK","Cmp":386.0,"Cmp%":68.2,"1\/3":2.0,"PPA":0.0,"CrsPA":0.0,"Prog":0.0},{"Player":"Aitor Fernández","Pos":"MF","Cmp":92.0,"Cmp%":80.7,"1\/3":3.0,"PPA":1.0,"CrsPA":0.0,"Prog":8.0},{"Player":"Carlos Fernández","Pos":"FW","Cmp":78.0,"Cmp%":65.5,"1\/3":4.0,"PPA":3.0,"CrsPA":0.0,"Prog":12.0},{"Player":"Carlos Fernández","Pos":"FW","Cmp":29.0,"Cmp%":74.4,"1\/3":2.0,"PPA":0.0,"CrsPA":0.0,"Prog":2.0},{"Player":"Joaquín","Pos":"DF","Cmp":622.0,"Cmp%":81.5,"1\/3":32.0,"PPA":2.0,"CrsPA":0.0,"Prog":29.0},{"Player":"Fernando","Pos":"MF","Cmp":1391.0,"Cmp%":90.5,"1\/3":96.0,"PPA":10.0,"CrsPA":0.0,"Prog":92.0},{"Player":"David Ferreiro","Pos":"MF","Cmp":720.0,"Cmp%":65.7,"1\/3":58.0,"PPA":44.0,"CrsPA":19.0,"Prog":85.0},{"Player":"Fidel","Pos":"MF","Cmp":911.0,"Cmp%":73.7,"1\/3":65.0,"PPA":23.0,"CrsPA":11.0,"Prog":81.0},{"Player":"Dimitri Foulquier","Pos":"DF","Cmp":833.0,"Cmp%":76.2,"1\/3":52.0,"PPA":12.0,"CrsPA":5.0,"Prog":80.0},{"Player":"Juan Foyth","Pos":"DF","Cmp":650.0,"Cmp%":88.6,"1\/3":47.0,"PPA":11.0,"CrsPA":1.0,"Prog":56.0},{"Player":"Jorge De Frutos","Pos":"MF","Cmp":488.0,"Cmp%":67.8,"1\/3":33.0,"PPA":25.0,"CrsPA":11.0,"Prog":62.0},{"Player":"Remiro","Pos":"DF","Cmp":420.0,"Cmp%":88.1,"1\/3":21.0,"PPA":1.0,"CrsPA":0.0,"Prog":25.0},{"Player":"Javi Galán","Pos":"DF","Cmp":1424.0,"Cmp%":78.2,"1\/3":70.0,"PPA":50.0,"CrsPA":27.0,"Prog":114.0},{"Player":"Enric Gallego","Pos":"FW","Cmp":159.0,"Cmp%":57.8,"1\/3":26.0,"PPA":5.0,"CrsPA":1.0,"Prog":22.0},{"Player":"Kevin Gameiro","Pos":"FW","Cmp":210.0,"Cmp%":79.2,"1\/3":6.0,"PPA":4.0,"CrsPA":0.0,"Prog":9.0},{"Player":"Borja","Pos":"MF","Cmp":477.0,"Cmp%":85.0,"1\/3":34.0,"PPA":12.0,"CrsPA":0.0,"Prog":39.0},{"Player":"Dani García","Pos":"MF","Cmp":866.0,"Cmp%":83.6,"1\/3":95.0,"PPA":2.0,"CrsPA":1.0,"Prog":75.0},{"Player":"David García","Pos":"DF","Cmp":980.0,"Cmp%":75.5,"1\/3":89.0,"PPA":2.0,"CrsPA":0.0,"Prog":105.0},{"Player":"Manu García","Pos":"MF","Cmp":278.0,"Cmp%":71.5,"1\/3":28.0,"PPA":2.0,"CrsPA":1.0,"Prog":25.0},{"Player":"Raúl García","Pos":"DF","Cmp":199.0,"Cmp%":69.3,"1\/3":14.0,"PPA":5.0,"CrsPA":3.0,"Prog":18.0},{"Player":"Raúl García","Pos":"FW","Cmp":372.0,"Cmp%":62.3,"1\/3":55.0,"PPA":18.0,"CrsPA":0.0,"Prog":71.0},{"Player":"Rubén García","Pos":"MF","Cmp":803.0,"Cmp%":66.3,"1\/3":70.0,"PPA":41.0,"CrsPA":22.0,"Prog":76.0},{"Player":"Unai García","Pos":"DF","Cmp":330.0,"Cmp%":78.4,"1\/3":30.0,"PPA":2.0,"CrsPA":0.0,"Prog":26.0},{"Player":"Mario","Pos":"DF","Cmp":935.0,"Cmp%":84.5,"1\/3":51.0,"PPA":24.0,"CrsPA":10.0,"Prog":61.0},{"Player":"Giménez","Pos":"FW","Cmp":58.0,"Cmp%":62.4,"1\/3":6.0,"PPA":3.0,"CrsPA":0.0,"Prog":6.0},{"Player":"Dani Gómez","Pos":"FW","Cmp":256.0,"Cmp%":75.7,"1\/3":12.0,"PPA":11.0,"CrsPA":3.0,"Prog":21.0},{"Player":"Maxi Gómez","Pos":"FW","Cmp":376.0,"Cmp%":67.5,"1\/3":35.0,"PPA":6.0,"CrsPA":2.0,"Prog":44.0},{"Player":"Moi Gómez","Pos":"MF","Cmp":1086.0,"Cmp%":81.7,"1\/3":64.0,"PPA":34.0,"CrsPA":4.0,"Prog":96.0},{"Player":"Sergio Gómez","Pos":"DF","Cmp":506.0,"Cmp%":93.7,"1\/3":9.0,"PPA":0.0,"CrsPA":0.0,"Prog":10.0},{"Player":"Sergio Gómez","Pos":"MF","Cmp":318.0,"Cmp%":72.3,"1\/3":27.0,"PPA":5.0,"CrsPA":2.0,"Prog":30.0},{"Player":"Maxime Gonalons","Pos":"MF","Cmp":602.0,"Cmp%":82.9,"1\/3":70.0,"PPA":3.0,"CrsPA":0.0,"Prog":59.0},{"Player":"Bruno","Pos":"DF","Cmp":597.0,"Cmp%":78.1,"1\/3":23.0,"PPA":0.0,"CrsPA":0.0,"Prog":28.0},{"Player":"Diego González","Pos":"DF","Cmp":656.0,"Cmp%":90.4,"1\/3":21.0,"PPA":0.0,"CrsPA":0.0,"Prog":31.0},{"Player":"Andoni Gorosabel","Pos":"DF","Cmp":1156.0,"Cmp%":80.7,"1\/3":87.0,"PPA":39.0,"CrsPA":9.0,"Prog":102.0},{"Player":"Antoine Griezmann","Pos":"FW","Cmp":1176.0,"Cmp%":87.4,"1\/3":64.0,"PPA":36.0,"CrsPA":3.0,"Prog":70.0},{"Player":"Andrés Guardado","Pos":"MF","Cmp":673.0,"Cmp%":84.2,"1\/3":68.0,"PPA":9.0,"CrsPA":1.0,"Prog":64.0},{"Player":"Sergi Guardiola","Pos":"FW","Cmp":335.0,"Cmp%":65.3,"1\/3":14.0,"PPA":10.0,"CrsPA":2.0,"Prog":24.0},{"Player":"Nemanja Gudelj","Pos":"MF","Cmp":727.0,"Cmp%":93.9,"1\/3":31.0,"PPA":2.0,"CrsPA":0.0,"Prog":22.0},{"Player":"Gonçalo Guedes","Pos":"MF","Cmp":584.0,"Cmp%":73.3,"1\/3":53.0,"PPA":49.0,"CrsPA":13.0,"Prog":81.0},{"Player":"Ander Guevara","Pos":"MF","Cmp":1166.0,"Cmp%":83.4,"1\/3":107.0,"PPA":11.0,"CrsPA":0.0,"Prog":106.0},{"Player":"Hugo Guillamón","Pos":"DF","Cmp":1025.0,"Cmp%":89.2,"1\/3":79.0,"PPA":2.0,"CrsPA":0.0,"Prog":77.0},{"Player":"Jon Guridi","Pos":"MF","Cmp":292.0,"Cmp%":82.3,"1\/3":35.0,"PPA":7.0,"CrsPA":1.0,"Prog":24.0},{"Player":"Raúl Guti","Pos":"MF","Cmp":1078.0,"Cmp%":84.1,"1\/3":82.0,"PPA":7.0,"CrsPA":2.0,"Prog":73.0},{"Player":"Munir","Pos":"FW","Cmp":272.0,"Cmp%":78.8,"1\/3":13.0,"PPA":11.0,"CrsPA":4.0,"Prog":24.0},{"Player":"Mario Hermoso","Pos":"DF","Cmp":1625.0,"Cmp%":84.6,"1\/3":153.0,"PPA":16.0,"CrsPA":2.0,"Prog":147.0},{"Player":"Aridane Hernández","Pos":"DF","Cmp":563.0,"Cmp%":82.0,"1\/3":32.0,"PPA":2.0,"CrsPA":0.0,"Prog":37.0},{"Player":"Héctor Herrera","Pos":"MF","Cmp":596.0,"Cmp%":89.2,"1\/3":64.0,"PPA":8.0,"CrsPA":1.0,"Prog":57.0},{"Player":"Sergio Herrera","Pos":"GK","Cmp":631.0,"Cmp%":55.2,"1\/3":64.0,"PPA":0.0,"CrsPA":0.0,"Prog":1.0},{"Player":"Yangel Herrera","Pos":"MF","Cmp":597.0,"Cmp%":67.7,"1\/3":99.0,"PPA":9.0,"CrsPA":1.0,"Prog":90.0},{"Player":"Pablo Hervías","Pos":"DF","Cmp":556.0,"Cmp%":75.5,"1\/3":37.0,"PPA":20.0,"CrsPA":13.0,"Prog":40.0},{"Player":"Borja Iglesias","Pos":"FW","Cmp":202.0,"Cmp%":74.5,"1\/3":6.0,"PPA":3.0,"CrsPA":1.0,"Prog":11.0},{"Player":"Pablo Insúa","Pos":"DF","Cmp":647.0,"Cmp%":85.7,"1\/3":23.0,"PPA":1.0,"CrsPA":0.0,"Prog":19.0},{"Player":"Takashi Inui","Pos":"MF","Cmp":366.0,"Cmp%":68.5,"1\/3":24.0,"PPA":23.0,"CrsPA":10.0,"Prog":37.0},{"Player":"Alexander Isak","Pos":"FW","Cmp":329.0,"Cmp%":72.5,"1\/3":14.0,"PPA":21.0,"CrsPA":2.0,"Prog":35.0},{"Player":"Isco","Pos":"MF","Cmp":633.0,"Cmp%":86.6,"1\/3":68.0,"PPA":17.0,"CrsPA":1.0,"Prog":68.0},{"Player":"Jairo Izquierdo","Pos":"MF","Cmp":333.0,"Cmp%":71.9,"1\/3":21.0,"PPA":8.0,"CrsPA":4.0,"Prog":21.0},{"Player":"Saidy Janko","Pos":"DF","Cmp":433.0,"Cmp%":73.5,"1\/3":30.0,"PPA":12.0,"CrsPA":7.0,"Prog":32.0},{"Player":"Adnan Januzaj","Pos":"FW","Cmp":409.0,"Cmp%":71.4,"1\/3":32.0,"PPA":38.0,"CrsPA":8.0,"Prog":67.0},{"Player":"Jason","Pos":"MF","Cmp":94.0,"Cmp%":66.2,"1\/3":6.0,"PPA":5.0,"CrsPA":3.0,"Prog":11.0},{"Player":"Joaquín","Pos":"FW","Cmp":605.0,"Cmp%":80.3,"1\/3":32.0,"PPA":31.0,"CrsPA":11.0,"Prog":57.0},{"Player":"Frenkie de Jong","Pos":"MF","Cmp":2598.0,"Cmp%":91.8,"1\/3":227.0,"PPA":34.0,"CrsPA":2.0,"Prog":186.0},{"Player":"Luuk de Jong","Pos":"FW","Cmp":261.0,"Cmp%":74.6,"1\/3":13.0,"PPA":2.0,"CrsPA":0.0,"Prog":9.0},{"Player":"Jony","Pos":"MF","Cmp":231.0,"Cmp%":58.2,"1\/3":22.0,"PPA":33.0,"CrsPA":14.0,"Prog":51.0},{"Player":"Joan Jordán","Pos":"MF","Cmp":1775.0,"Cmp%":87.7,"1\/3":164.0,"PPA":33.0,"CrsPA":9.0,"Prog":136.0},{"Player":"Josan","Pos":"MF","Cmp":608.0,"Cmp%":74.9,"1\/3":29.0,"PPA":15.0,"CrsPA":11.0,"Prog":48.0},{"Player":"Joselu","Pos":"FW","Cmp":611.0,"Cmp%":59.5,"1\/3":66.0,"PPA":16.0,"CrsPA":3.0,"Prog":82.0},{"Player":"Josema","Pos":"DF","Cmp":784.0,"Cmp%":77.2,"1\/3":43.0,"PPA":8.0,"CrsPA":6.0,"Prog":35.0},{"Player":"Jota","Pos":"MF","Cmp":369.0,"Cmp%":73.9,"1\/3":37.0,"PPA":18.0,"CrsPA":4.0,"Prog":49.0},{"Player":"Jota","Pos":"MF","Cmp":159.0,"Cmp%":72.9,"1\/3":7.0,"PPA":1.0,"CrsPA":0.0,"Prog":10.0},{"Player":"Juanmi","Pos":"FW","Cmp":112.0,"Cmp%":77.8,"1\/3":2.0,"PPA":2.0,"CrsPA":0.0,"Prog":3.0},{"Player":"Vinícius Júnior","Pos":"FW","Cmp":678.0,"Cmp%":82.5,"1\/3":19.0,"PPA":31.0,"CrsPA":9.0,"Prog":49.0},{"Player":"Jens Jonsson","Pos":"MF","Cmp":536.0,"Cmp%":76.6,"1\/3":35.0,"PPA":6.0,"CrsPA":0.0,"Prog":46.0},{"Player":"Lee Kang-In","Pos":"FW","Cmp":442.0,"Cmp%":81.1,"1\/3":47.0,"PPA":17.0,"CrsPA":1.0,"Prog":63.0},{"Player":"Kenedy","Pos":"FW","Cmp":211.0,"Cmp%":63.9,"1\/3":18.0,"PPA":11.0,"CrsPA":5.0,"Prog":23.0},{"Player":"Kenan Kodro","Pos":"FW","Cmp":6.0,"Cmp%":75.0,"1\/3":0.0,"PPA":0.0,"CrsPA":0.0,"Prog":0.0},{"Player":"Kenan Kodro","Pos":"FW","Cmp":82.0,"Cmp%":71.9,"1\/3":3.0,"PPA":0.0,"CrsPA":0.0,"Prog":2.0},{"Player":"Koke","Pos":"MF","Cmp":2162.0,"Cmp%":87.7,"1\/3":215.0,"PPA":36.0,"CrsPA":4.0,"Prog":217.0},{"Player":"Geoffrey Kondogbia","Pos":"MF","Cmp":336.0,"Cmp%":86.6,"1\/3":29.0,"PPA":4.0,"CrsPA":0.0,"Prog":30.0},{"Player":"Geoffrey Kondogbia","Pos":"MF","Cmp":161.0,"Cmp%":85.2,"1\/3":21.0,"PPA":0.0,"CrsPA":0.0,"Prog":14.0},{"Player":"Jules Koundé","Pos":"DF","Cmp":2144.0,"Cmp%":90.7,"1\/3":165.0,"PPA":11.0,"CrsPA":1.0,"Prog":141.0},{"Player":"Toni Kroos","Pos":"MF","Cmp":1949.0,"Cmp%":89.7,"1\/3":272.0,"PPA":35.0,"CrsPA":3.0,"Prog":198.0},{"Player":"Takefusa Kubo","Pos":"MF","Cmp":150.0,"Cmp%":71.4,"1\/3":6.0,"PPA":5.0,"CrsPA":0.0,"Prog":21.0},{"Player":"Takefusa Kubo","Pos":"MF","Cmp":102.0,"Cmp%":73.4,"1\/3":8.0,"PPA":6.0,"CrsPA":2.0,"Prog":15.0},{"Player":"Víctor Laguardia","Pos":"DF","Cmp":814.0,"Cmp%":77.7,"1\/3":58.0,"PPA":5.0,"CrsPA":0.0,"Prog":55.0},{"Player":"Diego Lainez","Pos":"FW","Cmp":284.0,"Cmp%":78.9,"1\/3":15.0,"PPA":11.0,"CrsPA":4.0,"Prog":31.0},{"Player":"Toni Lato","Pos":"DF","Cmp":287.0,"Cmp%":77.2,"1\/3":20.0,"PPA":2.0,"CrsPA":2.0,"Prog":22.0},{"Player":"Robin Le Normand","Pos":"DF","Cmp":1435.0,"Cmp%":87.7,"1\/3":63.0,"PPA":6.0,"CrsPA":1.0,"Prog":74.0},{"Player":"Jeremías Ledesma","Pos":"GK","Cmp":462.0,"Cmp%":46.3,"1\/3":36.0,"PPA":0.0,"CrsPA":0.0,"Prog":0.0},{"Player":"Florian Lejeune","Pos":"DF","Cmp":1116.0,"Cmp%":80.5,"1\/3":53.0,"PPA":2.0,"CrsPA":0.0,"Prog":45.0},{"Player":"Íñigo Lekue","Pos":"DF","Cmp":332.0,"Cmp%":79.4,"1\/3":15.0,"PPA":9.0,"CrsPA":3.0,"Prog":29.0},{"Player":"Thomas Lemar","Pos":"MF","Cmp":661.0,"Cmp%":81.6,"1\/3":61.0,"PPA":21.0,"CrsPA":2.0,"Prog":68.0},{"Player":"Clement Lenglet","Pos":"DF","Cmp":2129.0,"Cmp%":92.8,"1\/3":215.0,"PPA":17.0,"CrsPA":2.0,"Prog":134.0},{"Player":"Pedro León","Pos":"MF","Cmp":217.0,"Cmp%":58.6,"1\/3":11.0,"PPA":17.0,"CrsPA":12.0,"Prog":19.0},{"Player":"Sergio León","Pos":"FW","Cmp":97.0,"Cmp%":70.8,"1\/3":6.0,"PPA":3.0,"CrsPA":0.0,"Prog":9.0},{"Player":"Marcos Llorente","Pos":"MF","Cmp":1106.0,"Cmp%":82.5,"1\/3":81.0,"PPA":38.0,"CrsPA":14.0,"Prog":99.0},{"Player":"Renan Lodi","Pos":"DF","Cmp":589.0,"Cmp%":78.0,"1\/3":23.0,"PPA":15.0,"CrsPA":5.0,"Prog":38.0},{"Player":"Adrián","Pos":"FW","Cmp":134.0,"Cmp%":72.8,"1\/3":10.0,"PPA":6.0,"CrsPA":0.0,"Prog":17.0},{"Player":"Roberto López","Pos":"MF","Cmp":189.0,"Cmp%":75.9,"1\/3":22.0,"PPA":6.0,"CrsPA":1.0,"Prog":22.0},{"Player":"Unai López","Pos":"MF","Cmp":845.0,"Cmp%":84.0,"1\/3":100.0,"PPA":17.0,"CrsPA":4.0,"Prog":73.0},{"Player":"Anthony Lozano","Pos":"FW","Cmp":170.0,"Cmp%":61.2,"1\/3":28.0,"PPA":10.0,"CrsPA":2.0,"Prog":23.0},{"Player":"Darwin Machís","Pos":"FW","Cmp":345.0,"Cmp%":61.9,"1\/3":29.0,"PPA":16.0,"CrsPA":10.0,"Prog":32.0},{"Player":"Pablo Maffeo","Pos":"DF","Cmp":750.0,"Cmp%":69.6,"1\/3":51.0,"PPA":27.0,"CrsPA":15.0,"Prog":68.0},{"Player":"Nemanja Maksimovic","Pos":"MF","Cmp":581.0,"Cmp%":77.0,"1\/3":45.0,"PPA":18.0,"CrsPA":7.0,"Prog":53.0},{"Player":"Filip Malbasic","Pos":"FW","Cmp":96.0,"Cmp%":55.2,"1\/3":9.0,"PPA":4.0,"CrsPA":2.0,"Prog":14.0},{"Player":"Hugo Mallo","Pos":"DF","Cmp":1339.0,"Cmp%":76.9,"1\/3":79.0,"PPA":27.0,"CrsPA":10.0,"Prog":128.0},{"Player":"Mickaël Malsa","Pos":"MF","Cmp":1171.0,"Cmp%":85.8,"1\/3":107.0,"PPA":9.0,"CrsPA":1.0,"Prog":111.0},{"Player":"Aissa Mandi","Pos":"DF","Cmp":1378.0,"Cmp%":92.1,"1\/3":48.0,"PPA":2.0,"CrsPA":0.0,"Prog":55.0},{"Player":"Marcelo","Pos":"DF","Cmp":705.0,"Cmp%":81.0,"1\/3":76.0,"PPA":25.0,"CrsPA":9.0,"Prog":81.0},{"Player":"Iván Marcone","Pos":"MF","Cmp":1326.0,"Cmp%":86.7,"1\/3":103.0,"PPA":6.0,"CrsPA":2.0,"Prog":97.0},{"Player":"José Mari","Pos":"MF","Cmp":335.0,"Cmp%":71.0,"1\/3":35.0,"PPA":3.0,"CrsPA":0.0,"Prog":24.0},{"Player":"Mariano","Pos":"FW","Cmp":78.0,"Cmp%":75.0,"1\/3":3.0,"PPA":3.0,"CrsPA":0.0,"Prog":7.0},{"Player":"Adrián","Pos":"DF","Cmp":85.0,"Cmp%":69.1,"1\/3":10.0,"PPA":2.0,"CrsPA":1.0,"Prog":15.0},{"Player":"Adrián","Pos":"DF","Cmp":40.0,"Cmp%":74.1,"1\/3":3.0,"PPA":1.0,"CrsPA":0.0,"Prog":10.0},{"Player":"Roger","Pos":"FW","Cmp":361.0,"Cmp%":69.0,"1\/3":29.0,"PPA":13.0,"CrsPA":0.0,"Prog":42.0},{"Player":"Aarón Martín","Pos":"DF","Cmp":691.0,"Cmp%":80.2,"1\/3":31.0,"PPA":9.0,"CrsPA":4.0,"Prog":45.0},{"Player":"Iñigo Martínez","Pos":"DF","Cmp":1193.0,"Cmp%":83.6,"1\/3":112.0,"PPA":4.0,"CrsPA":0.0,"Prog":89.0},{"Player":"Mariano","Pos":"DF","Cmp":69.0,"Cmp%":85.2,"1\/3":3.0,"PPA":1.0,"CrsPA":0.0,"Prog":9.0},{"Player":"Jordi Masip","Pos":"GK","Cmp":417.0,"Cmp%":52.1,"1\/3":15.0,"PPA":0.0,"CrsPA":0.0,"Prog":0.0},{"Player":"Jaime Mata","Pos":"FW","Cmp":395.0,"Cmp%":66.3,"1\/3":19.0,"PPA":11.0,"CrsPA":3.0,"Prog":31.0},{"Player":"Borja","Pos":"FW","Cmp":3.0,"Cmp%":60.0,"1\/3":0.0,"PPA":0.0,"CrsPA":0.0,"Prog":0.0},{"Player":"Gonzalo Melero","Pos":"MF","Cmp":934.0,"Cmp%":89.1,"1\/3":90.0,"PPA":11.0,"CrsPA":1.0,"Prog":88.0},{"Player":"Brais Méndez","Pos":"MF","Cmp":936.0,"Cmp%":78.8,"1\/3":69.0,"PPA":33.0,"CrsPA":5.0,"Prog":101.0},{"Player":"Edgar Méndez","Pos":"MF","Cmp":286.0,"Cmp%":57.3,"1\/3":12.0,"PPA":19.0,"CrsPA":11.0,"Prog":30.0},{"Player":"Ferland Mendy","Pos":"DF","Cmp":1324.0,"Cmp%":89.7,"1\/3":52.0,"PPA":26.0,"CrsPA":6.0,"Prog":77.0},{"Player":"Mikel Merino","Pos":"MF","Cmp":922.0,"Cmp%":76.2,"1\/3":140.0,"PPA":32.0,"CrsPA":1.0,"Prog":140.0},{"Player":"Roque Mesa","Pos":"MF","Cmp":741.0,"Cmp%":78.7,"1\/3":100.0,"PPA":16.0,"CrsPA":3.0,"Prog":88.0},{"Player":"Lionel Messi","Pos":"FW","Cmp":1989.0,"Cmp%":82.3,"1\/3":259.0,"PPA":145.0,"CrsPA":11.0,"Prog":317.0},{"Player":"Omenuke Mfulu","Pos":"MF","Cmp":299.0,"Cmp%":88.7,"1\/3":15.0,"PPA":0.0,"CrsPA":0.0,"Prog":17.0},{"Player":"Míchel","Pos":"MF","Cmp":528.0,"Cmp%":79.8,"1\/3":40.0,"PPA":4.0,"CrsPA":1.0,"Prog":40.0},{"Player":"Luis Milla","Pos":"MF","Cmp":416.0,"Cmp%":77.8,"1\/3":38.0,"PPA":13.0,"CrsPA":1.0,"Prog":40.0},{"Player":"Pere Milla","Pos":"FW","Cmp":424.0,"Cmp%":73.5,"1\/3":27.0,"PPA":6.0,"CrsPA":0.0,"Prog":26.0},{"Player":"Santi Mina","Pos":"FW","Cmp":455.0,"Cmp%":74.1,"1\/3":18.0,"PPA":5.0,"CrsPA":1.0,"Prog":28.0},{"Player":"Óscar Mingueza","Pos":"DF","Cmp":1550.0,"Cmp%":91.9,"1\/3":118.0,"PPA":12.0,"CrsPA":2.0,"Prog":58.0},{"Player":"Rafa Mir","Pos":"FW","Cmp":280.0,"Cmp%":59.3,"1\/3":20.0,"PPA":7.0,"CrsPA":1.0,"Prog":33.0},{"Player":"Jorge Miramón","Pos":"DF","Cmp":824.0,"Cmp%":78.3,"1\/3":52.0,"PPA":31.0,"CrsPA":15.0,"Prog":85.0},{"Player":"Juan Miranda","Pos":"DF","Cmp":701.0,"Cmp%":75.0,"1\/3":58.0,"PPA":16.0,"CrsPA":9.0,"Prog":58.0},{"Player":"Luka Modric","Pos":"MF","Cmp":2005.0,"Cmp%":86.9,"1\/3":231.0,"PPA":62.0,"CrsPA":7.0,"Prog":219.0},{"Player":"Johan Mojica","Pos":"DF","Cmp":519.0,"Cmp%":73.3,"1\/3":30.0,"PPA":14.0,"CrsPA":10.0,"Prog":44.0},{"Player":"Jorge Molina","Pos":"FW","Cmp":294.0,"Cmp%":62.4,"1\/3":36.0,"PPA":17.0,"CrsPA":1.0,"Prog":51.0},{"Player":"Jon Moncayola","Pos":"MF","Cmp":935.0,"Cmp%":81.9,"1\/3":94.0,"PPA":13.0,"CrsPA":5.0,"Prog":77.0},{"Player":"Nacho Monreal","Pos":"DF","Cmp":981.0,"Cmp%":80.9,"1\/3":41.0,"PPA":14.0,"CrsPA":4.0,"Prog":60.0},{"Player":"Ángel","Pos":"MF","Cmp":518.0,"Cmp%":69.5,"1\/3":78.0,"PPA":19.0,"CrsPA":8.0,"Prog":71.0},{"Player":"Jon Morcillo","Pos":"MF","Cmp":319.0,"Cmp%":61.6,"1\/3":20.0,"PPA":18.0,"CrsPA":9.0,"Prog":45.0},{"Player":"Alberto Soro","Pos":"DF","Cmp":84.0,"Cmp%":84.0,"1\/3":4.0,"PPA":1.0,"CrsPA":0.0,"Prog":3.0},{"Player":"Álex Moreno","Pos":"DF","Cmp":907.0,"Cmp%":78.3,"1\/3":42.0,"PPA":16.0,"CrsPA":8.0,"Prog":52.0},{"Player":"Gerard Moreno","Pos":"FW","Cmp":771.0,"Cmp%":68.7,"1\/3":78.0,"PPA":46.0,"CrsPA":9.0,"Prog":110.0},{"Player":"Tete Morente","Pos":"MF","Cmp":557.0,"Cmp%":75.1,"1\/3":26.0,"PPA":21.0,"CrsPA":12.0,"Prog":37.0},{"Player":"Loren Morón","Pos":"FW","Cmp":136.0,"Cmp%":70.1,"1\/3":14.0,"PPA":4.0,"CrsPA":1.0,"Prog":21.0},{"Player":"Pedro Mosquera","Pos":"MF","Cmp":1041.0,"Cmp%":85.9,"1\/3":95.0,"PPA":10.0,"CrsPA":1.0,"Prog":91.0},{"Player":"Muniain","Pos":"MF","Cmp":860.0,"Cmp%":81.8,"1\/3":93.0,"PPA":42.0,"CrsPA":4.0,"Prog":117.0},{"Player":"Aihen Muñoz","Pos":"DF","Cmp":510.0,"Cmp%":68.2,"1\/3":36.0,"PPA":12.0,"CrsPA":7.0,"Prog":40.0},{"Player":"Joaquín","Pos":"FW","Cmp":12.0,"Cmp%":63.2,"1\/3":1.0,"PPA":0.0,"CrsPA":0.0,"Prog":0.0},{"Player":"Jeison Murillo","Pos":"DF","Cmp":1427.0,"Cmp%":90.0,"1\/3":49.0,"PPA":2.0,"CrsPA":0.0,"Prog":43.0},{"Player":"Yunus Musah","Pos":"MF","Cmp":331.0,"Cmp%":74.7,"1\/3":10.0,"PPA":13.0,"CrsPA":3.0,"Prog":17.0},{"Player":"Yoshinori Muto","Pos":"FW","Cmp":163.0,"Cmp%":67.6,"1\/3":9.0,"PPA":3.0,"CrsPA":0.0,"Prog":14.0},{"Player":"Nacho","Pos":"DF","Cmp":1124.0,"Cmp%":90.7,"1\/3":72.0,"PPA":4.0,"CrsPA":1.0,"Prog":55.0},{"Player":"Nacho","Pos":"DF","Cmp":760.0,"Cmp%":72.2,"1\/3":65.0,"PPA":18.0,"CrsPA":8.0,"Prog":70.0},{"Player":"Rober","Pos":"MF","Cmp":17.0,"Cmp%":77.3,"1\/3":1.0,"PPA":0.0,"CrsPA":0.0,"Prog":3.0},{"Player":"Ximo Navarro","Pos":"DF","Cmp":810.0,"Cmp%":76.7,"1\/3":49.0,"PPA":10.0,"CrsPA":6.0,"Prog":59.0},{"Player":"Jesús Navas","Pos":"DF","Cmp":1677.0,"Cmp%":79.7,"1\/3":84.0,"PPA":84.0,"CrsPA":40.0,"Prog":147.0},{"Player":"Álvaro Negredo","Pos":"FW","Cmp":332.0,"Cmp%":58.0,"1\/3":36.0,"PPA":14.0,"CrsPA":0.0,"Prog":35.0},{"Player":"Carlos Neva","Pos":"DF","Cmp":442.0,"Cmp%":71.2,"1\/3":27.0,"PPA":6.0,"CrsPA":5.0,"Prog":22.0},{"Player":"Saúl Ñíguez","Pos":"MF","Cmp":995.0,"Cmp%":83.7,"1\/3":69.0,"PPA":25.0,"CrsPA":4.0,"Prog":73.0},{"Player":"Nino","Pos":"MF","Cmp":107.0,"Cmp%":87.0,"1\/3":8.0,"PPA":1.0,"CrsPA":0.0,"Prog":6.0},{"Player":"Fernando","Pos":"FW","Cmp":99.0,"Cmp%":75.6,"1\/3":4.0,"PPA":4.0,"CrsPA":0.0,"Prog":6.0},{"Player":"Nolito","Pos":"MF","Cmp":739.0,"Cmp%":73.5,"1\/3":63.0,"PPA":40.0,"CrsPA":3.0,"Prog":121.0},{"Player":"Unai Núñez","Pos":"DF","Cmp":987.0,"Cmp%":85.5,"1\/3":65.0,"PPA":2.0,"CrsPA":0.0,"Prog":55.0},{"Player":"Nyom","Pos":"MF","Cmp":592.0,"Cmp%":65.6,"1\/3":58.0,"PPA":27.0,"CrsPA":19.0,"Prog":54.0},{"Player":"Jan Oblak","Pos":"GK","Cmp":642.0,"Cmp%":64.0,"1\/3":12.0,"PPA":0.0,"CrsPA":0.0,"Prog":0.0},{"Player":"Lucas Ocampos","Pos":"FW","Cmp":763.0,"Cmp%":76.4,"1\/3":40.0,"PPA":25.0,"CrsPA":8.0,"Prog":65.0},{"Player":"Shinji Okazaki","Pos":"FW","Cmp":132.0,"Cmp%":76.3,"1\/3":9.0,"PPA":2.0,"CrsPA":0.0,"Prog":9.0},{"Player":"Lucas Olaza","Pos":"DF","Cmp":501.0,"Cmp%":73.7,"1\/3":28.0,"PPA":14.0,"CrsPA":7.0,"Prog":43.0},{"Player":"Lucas Olaza","Pos":"DF","Cmp":774.0,"Cmp%":77.2,"1\/3":38.0,"PPA":16.0,"CrsPA":7.0,"Prog":50.0},{"Player":"Paulo Oliveira","Pos":"DF","Cmp":790.0,"Cmp%":70.5,"1\/3":83.0,"PPA":7.0,"CrsPA":0.0,"Prog":66.0},{"Player":"Mathías Olivera","Pos":"DF","Cmp":790.0,"Cmp%":70.0,"1\/3":61.0,"PPA":21.0,"CrsPA":14.0,"Prog":81.0},{"Player":"Javi Ontiveros","Pos":"FW","Cmp":364.0,"Cmp%":77.3,"1\/3":34.0,"PPA":13.0,"CrsPA":3.0,"Prog":39.0},{"Player":"Fabián Orellana","Pos":"MF","Cmp":593.0,"Cmp%":72.5,"1\/3":44.0,"PPA":29.0,"CrsPA":11.0,"Prog":65.0},{"Player":"Mikel Oyarzabal","Pos":"FW","Cmp":695.0,"Cmp%":70.1,"1\/3":39.0,"PPA":40.0,"CrsPA":5.0,"Prog":81.0},{"Player":"Fernando","Pos":"GK","Cmp":751.0,"Cmp%":69.5,"1\/3":21.0,"PPA":0.0,"CrsPA":0.0,"Prog":0.0},{"Player":"Jony","Pos":"DF","Cmp":47.0,"Cmp%":92.2,"1\/3":7.0,"PPA":0.0,"CrsPA":0.0,"Prog":4.0},{"Player":"Daniel Parejo","Pos":"MF","Cmp":2435.0,"Cmp%":88.4,"1\/3":268.0,"PPA":51.0,"CrsPA":8.0,"Prog":258.0},{"Player":"Gabriel","Pos":"DF","Cmp":1339.0,"Cmp%":88.9,"1\/3":89.0,"PPA":4.0,"CrsPA":0.0,"Prog":96.0},{"Player":"Alfonso","Pos":"DF","Cmp":963.0,"Cmp%":79.5,"1\/3":27.0,"PPA":34.0,"CrsPA":20.0,"Prog":65.0},{"Player":"Pedri","Pos":"MF","Cmp":1514.0,"Cmp%":87.6,"1\/3":118.0,"PPA":39.0,"CrsPA":1.0,"Prog":126.0},{"Player":"Rubén Peña","Pos":"DF","Cmp":454.0,"Cmp%":76.6,"1\/3":25.0,"PPA":11.0,"CrsPA":6.0,"Prog":34.0},{"Player":"Alberto Perea","Pos":"MF","Cmp":394.0,"Cmp%":74.6,"1\/3":38.0,"PPA":12.0,"CrsPA":4.0,"Prog":60.0},{"Player":"Iñigo Pérez","Pos":"MF","Cmp":466.0,"Cmp%":70.5,"1\/3":52.0,"PPA":7.0,"CrsPA":3.0,"Prog":58.0},{"Player":"Kike Pérez","Pos":"MF","Cmp":432.0,"Cmp%":80.6,"1\/3":41.0,"PPA":11.0,"CrsPA":1.0,"Prog":43.0},{"Player":"Lucas Pérez","Pos":"FW","Cmp":413.0,"Cmp%":61.8,"1\/3":45.0,"PPA":20.0,"CrsPA":7.0,"Prog":58.0},{"Player":"Luis Pérez","Pos":"DF","Cmp":434.0,"Cmp%":69.4,"1\/3":27.0,"PPA":6.0,"CrsPA":6.0,"Prog":37.0},{"Player":"Yeremi Pino","Pos":"FW","Cmp":248.0,"Cmp%":79.2,"1\/3":15.0,"PPA":11.0,"CrsPA":1.0,"Prog":29.0},{"Player":"Gerard Piqué","Pos":"DF","Cmp":1173.0,"Cmp%":94.1,"1\/3":82.0,"PPA":1.0,"CrsPA":0.0,"Prog":35.0},{"Player":"Miralem Pjanic","Pos":"MF","Cmp":694.0,"Cmp%":91.2,"1\/3":55.0,"PPA":16.0,"CrsPA":0.0,"Prog":59.0},{"Player":"Óscar Plano","Pos":"MF","Cmp":636.0,"Cmp%":74.0,"1\/3":71.0,"PPA":17.0,"CrsPA":6.0,"Prog":68.0},{"Player":"Pere Pons","Pos":"MF","Cmp":287.0,"Cmp%":77.4,"1\/3":19.0,"PPA":6.0,"CrsPA":3.0,"Prog":22.0},{"Player":"Francisco Portillo","Pos":"MF","Cmp":204.0,"Cmp%":74.5,"1\/3":27.0,"PPA":7.0,"CrsPA":2.0,"Prog":28.0},{"Player":"Portu","Pos":"FW","Cmp":398.0,"Cmp%":68.2,"1\/3":10.0,"PPA":19.0,"CrsPA":5.0,"Prog":37.0},{"Player":"Sergio Postigo","Pos":"DF","Cmp":705.0,"Cmp%":85.5,"1\/3":58.0,"PPA":2.0,"CrsPA":0.0,"Prog":53.0},{"Player":"Alejandro Pozo","Pos":"DF","Cmp":825.0,"Cmp%":72.3,"1\/3":88.0,"PPA":23.0,"CrsPA":9.0,"Prog":85.0},{"Player":"Antonio Puertas","Pos":"FW","Cmp":441.0,"Cmp%":66.0,"1\/3":29.0,"PPA":18.0,"CrsPA":3.0,"Prog":50.0},{"Player":"Jorge Pulido","Pos":"DF","Cmp":1374.0,"Cmp%":84.4,"1\/3":84.0,"PPA":9.0,"CrsPA":0.0,"Prog":76.0},{"Player":"Quini","Pos":"DF","Cmp":361.0,"Cmp%":70.9,"1\/3":25.0,"PPA":7.0,"CrsPA":4.0,"Prog":21.0},{"Player":"Nemanja Radoja","Pos":"MF","Cmp":603.0,"Cmp%":88.3,"1\/3":43.0,"PPA":8.0,"CrsPA":2.0,"Prog":52.0},{"Player":"Ivan Rakitic","Pos":"MF","Cmp":1490.0,"Cmp%":87.7,"1\/3":162.0,"PPA":11.0,"CrsPA":1.0,"Prog":121.0},{"Player":"Sandro Ramírez","Pos":"FW","Cmp":247.0,"Cmp%":76.0,"1\/3":14.0,"PPA":6.0,"CrsPA":3.0,"Prog":20.0},{"Player":"Sergio Ramos","Pos":"DF","Cmp":1023.0,"Cmp%":91.8,"1\/3":106.0,"PPA":2.0,"CrsPA":1.0,"Prog":61.0},{"Player":"Recio","Pos":"MF","Cmp":343.0,"Cmp%":79.8,"1\/3":30.0,"PPA":6.0,"CrsPA":3.0,"Prog":24.0},{"Player":"Remiro","Pos":"GK","Cmp":855.0,"Cmp%":71.1,"1\/3":12.0,"PPA":0.0,"CrsPA":0.0,"Prog":1.0},{"Player":"Mikel Rico","Pos":"MF","Cmp":704.0,"Cmp%":78.1,"1\/3":52.0,"PPA":13.0,"CrsPA":6.0,"Prog":64.0},{"Player":"Emiliano Rigoni","Pos":"MF","Cmp":303.0,"Cmp%":74.3,"1\/3":13.0,"PPA":6.0,"CrsPA":3.0,"Prog":18.0},{"Player":"Luis Rioja","Pos":"MF","Cmp":436.0,"Cmp%":67.0,"1\/3":31.0,"PPA":17.0,"CrsPA":11.0,"Prog":40.0},{"Player":"Roger","Pos":"DF","Cmp":726.0,"Cmp%":85.1,"1\/3":54.0,"PPA":1.0,"CrsPA":0.0,"Prog":58.0},{"Player":"Rober","Pos":"GK","Cmp":200.0,"Cmp%":48.7,"1\/3":3.0,"PPA":0.0,"CrsPA":0.0,"Prog":0.0},{"Player":"Sergi Roberto","Pos":"DF","Cmp":800.0,"Cmp%":90.2,"1\/3":53.0,"PPA":18.0,"CrsPA":2.0,"Prog":44.0},{"Player":"Joel Robles","Pos":"GK","Cmp":355.0,"Cmp%":62.8,"1\/3":6.0,"PPA":0.0,"CrsPA":0.0,"Prog":1.0},{"Player":"Rubén Rochina","Pos":"MF","Cmp":600.0,"Cmp%":72.1,"1\/3":74.0,"PPA":29.0,"CrsPA":6.0,"Prog":84.0},{"Player":"Rodrygo","Pos":"FW","Cmp":215.0,"Cmp%":84.6,"1\/3":14.0,"PPA":10.0,"CrsPA":1.0,"Prog":22.0},{"Player":"Kévin Rodrigues","Pos":"MF","Cmp":376.0,"Cmp%":67.6,"1\/3":36.0,"PPA":12.0,"CrsPA":5.0,"Prog":46.0},{"Player":"Óscar Rodríguez","Pos":"MF","Cmp":260.0,"Cmp%":76.0,"1\/3":18.0,"PPA":10.0,"CrsPA":3.0,"Prog":18.0},{"Player":"Ángel","Pos":"FW","Cmp":212.0,"Cmp%":66.7,"1\/3":10.0,"PPA":7.0,"CrsPA":1.0,"Prog":10.0},{"Player":"Guido Rodríguez","Pos":"MF","Cmp":1408.0,"Cmp%":85.2,"1\/3":115.0,"PPA":9.0,"CrsPA":1.0,"Prog":94.0},{"Player":"Víctor Rodríguez","Pos":"MF","Cmp":296.0,"Cmp%":91.1,"1\/3":26.0,"PPA":2.0,"CrsPA":0.0,"Prog":21.0},{"Player":"Rodrygo","Pos":"FW","Cmp":340.0,"Cmp%":81.0,"1\/3":19.0,"PPA":17.0,"CrsPA":2.0,"Prog":36.0},{"Player":"Facundo Roncaglia","Pos":"DF","Cmp":390.0,"Cmp%":69.6,"1\/3":35.0,"PPA":4.0,"CrsPA":0.0,"Prog":46.0},{"Player":"Aitor Ruibal","Pos":"FW","Cmp":426.0,"Cmp%":75.7,"1\/3":36.0,"PPA":22.0,"CrsPA":4.0,"Prog":51.0},{"Player":"Víctor Ruiz","Pos":"DF","Cmp":1098.0,"Cmp%":88.2,"1\/3":52.0,"PPA":4.0,"CrsPA":0.0,"Prog":67.0},{"Player":"Modibo Sagnan","Pos":"DF","Cmp":335.0,"Cmp%":86.8,"1\/3":15.0,"PPA":2.0,"CrsPA":0.0,"Prog":14.0},{"Player":"Borja","Pos":"MF","Cmp":86.0,"Cmp%":76.8,"1\/3":6.0,"PPA":3.0,"CrsPA":2.0,"Prog":10.0},{"Player":"Fali","Pos":"MF","Cmp":327.0,"Cmp%":56.4,"1\/3":12.0,"PPA":22.0,"CrsPA":18.0,"Prog":24.0},{"Player":"Fede San Emeterio","Pos":"MF","Cmp":433.0,"Cmp%":78.4,"1\/3":45.0,"PPA":2.0,"CrsPA":0.0,"Prog":32.0},{"Player":"Antonio Sanabria","Pos":"FW","Cmp":161.0,"Cmp%":74.9,"1\/3":8.0,"PPA":2.0,"CrsPA":0.0,"Prog":14.0},{"Player":"Oihan Sancet","Pos":"FW","Cmp":259.0,"Cmp%":73.8,"1\/3":19.0,"PPA":8.0,"CrsPA":1.0,"Prog":28.0},{"Player":"Germán Sánchez","Pos":"DF","Cmp":694.0,"Cmp%":77.6,"1\/3":34.0,"PPA":4.0,"CrsPA":0.0,"Prog":41.0},{"Player":"Javi Sánchez","Pos":"DF","Cmp":295.0,"Cmp%":82.9,"1\/3":17.0,"PPA":2.0,"CrsPA":1.0,"Prog":20.0},{"Player":"Manuel Sánchez","Pos":"DF","Cmp":402.0,"Cmp%":73.6,"1\/3":43.0,"PPA":15.0,"CrsPA":9.0,"Prog":48.0},{"Player":"Manuel Sánchez","Pos":"DF","Cmp":24.0,"Cmp%":77.4,"1\/3":0.0,"PPA":0.0,"CrsPA":0.0,"Prog":0.0},{"Player":"Oier","Pos":"MF","Cmp":573.0,"Cmp%":67.7,"1\/3":58.0,"PPA":15.0,"CrsPA":3.0,"Prog":77.0},{"Player":"Stefan Savic","Pos":"DF","Cmp":1490.0,"Cmp%":86.3,"1\/3":123.0,"PPA":5.0,"CrsPA":0.0,"Prog":74.0},{"Player":"Jaime Seoane","Pos":"MF","Cmp":677.0,"Cmp%":76.8,"1\/3":55.0,"PPA":11.0,"CrsPA":3.0,"Prog":45.0},{"Player":"David Silva","Pos":"MF","Cmp":728.0,"Cmp%":83.5,"1\/3":79.0,"PPA":50.0,"CrsPA":1.0,"Prog":102.0},{"Player":"Rui Silva","Pos":"GK","Cmp":591.0,"Cmp%":55.0,"1\/3":31.0,"PPA":1.0,"CrsPA":0.0,"Prog":0.0},{"Player":"Unai Simón","Pos":"GK","Cmp":750.0,"Cmp%":70.6,"1\/3":16.0,"PPA":1.0,"CrsPA":0.0,"Prog":2.0},{"Player":"Dimitrios Siovas","Pos":"DF","Cmp":1515.0,"Cmp%":82.8,"1\/3":77.0,"PPA":1.0,"CrsPA":0.0,"Prog":76.0},{"Player":"Rafa Soares","Pos":"DF","Cmp":490.0,"Cmp%":69.8,"1\/3":48.0,"PPA":13.0,"CrsPA":10.0,"Prog":54.0},{"Player":"Rubén Sobrino","Pos":"FW","Cmp":187.0,"Cmp%":72.8,"1\/3":15.0,"PPA":3.0,"CrsPA":0.0,"Prog":15.0},{"Player":"Rubén Sobrino","Pos":"MF","Cmp":17.0,"Cmp%":73.9,"1\/3":0.0,"PPA":0.0,"CrsPA":0.0,"Prog":0.0},{"Player":"Augusto Solari","Pos":"MF","Cmp":145.0,"Cmp%":71.8,"1\/3":9.0,"PPA":5.0,"CrsPA":3.0,"Prog":12.0},{"Player":"Roberto Soldado","Pos":"FW","Cmp":216.0,"Cmp%":62.2,"1\/3":13.0,"PPA":5.0,"CrsPA":1.0,"Prog":12.0},{"Player":"Carlos Soler","Pos":"MF","Cmp":1286.0,"Cmp%":81.5,"1\/3":158.0,"PPA":23.0,"CrsPA":0.0,"Prog":126.0},{"Player":"Son","Pos":"DF","Cmp":485.0,"Cmp%":76.1,"1\/3":27.0,"PPA":28.0,"CrsPA":15.0,"Prog":70.0},{"Player":"David Soria","Pos":"GK","Cmp":401.0,"Cmp%":46.8,"1\/3":54.0,"PPA":2.0,"CrsPA":0.0,"Prog":0.0},{"Player":"Alberto Soro","Pos":"FW","Cmp":94.0,"Cmp%":72.9,"1\/3":4.0,"PPA":5.0,"CrsPA":1.0,"Prog":12.0},{"Player":"Damián Suárez","Pos":"DF","Cmp":855.0,"Cmp%":66.1,"1\/3":114.0,"PPA":25.0,"CrsPA":13.0,"Prog":138.0},{"Player":"Denis Suárez","Pos":"MF","Cmp":1627.0,"Cmp%":80.7,"1\/3":153.0,"PPA":33.0,"CrsPA":4.0,"Prog":170.0},{"Player":"Luis Suárez","Pos":"FW","Cmp":444.0,"Cmp%":73.6,"1\/3":30.0,"PPA":23.0,"CrsPA":1.0,"Prog":39.0},{"Player":"Suso","Pos":"FW","Cmp":991.0,"Cmp%":81.4,"1\/3":93.0,"PPA":54.0,"CrsPA":19.0,"Prog":111.0},{"Player":"Renato Tapia","Pos":"MF","Cmp":1297.0,"Cmp%":82.6,"1\/3":87.0,"PPA":8.0,"CrsPA":1.0,"Prog":89.0},{"Player":"Cristian Tello","Pos":"FW","Cmp":391.0,"Cmp%":78.5,"1\/3":19.0,"PPA":21.0,"CrsPA":6.0,"Prog":44.0},{"Player":"Marc-André ter Stegen","Pos":"GK","Cmp":921.0,"Cmp%":89.0,"1\/3":2.0,"PPA":0.0,"CrsPA":0.0,"Prog":1.0},{"Player":"David Timor","Pos":"MF","Cmp":390.0,"Cmp%":64.9,"1\/3":65.0,"PPA":4.0,"CrsPA":2.0,"Prog":58.0},{"Player":"Lucas Torreira","Pos":"MF","Cmp":286.0,"Cmp%":88.8,"1\/3":23.0,"PPA":3.0,"CrsPA":0.0,"Prog":24.0},{"Player":"Óliver Torres","Pos":"MF","Cmp":875.0,"Cmp%":84.9,"1\/3":119.0,"PPA":28.0,"CrsPA":7.0,"Prog":86.0},{"Player":"Pau Torres","Pos":"DF","Cmp":1822.0,"Cmp%":89.2,"1\/3":140.0,"PPA":3.0,"CrsPA":0.0,"Prog":138.0},{"Player":"Roberto Torres","Pos":"MF","Cmp":525.0,"Cmp%":67.8,"1\/3":61.0,"PPA":27.0,"CrsPA":9.0,"Prog":78.0},{"Player":"Lucas Torró","Pos":"MF","Cmp":529.0,"Cmp%":78.4,"1\/3":53.0,"PPA":3.0,"CrsPA":0.0,"Prog":39.0},{"Player":"Manu Trigueros","Pos":"MF","Cmp":1397.0,"Cmp%":86.0,"1\/3":168.0,"PPA":47.0,"CrsPA":4.0,"Prog":142.0},{"Player":"Trincão","Pos":"FW","Cmp":332.0,"Cmp%":84.5,"1\/3":12.0,"PPA":10.0,"CrsPA":1.0,"Prog":24.0},{"Player":"Kieran Trippier","Pos":"DF","Cmp":1437.0,"Cmp%":79.3,"1\/3":104.0,"PPA":63.0,"CrsPA":15.0,"Prog":202.0},{"Player":"Enes Ünal","Pos":"FW","Cmp":220.0,"Cmp%":62.9,"1\/3":25.0,"PPA":3.0,"CrsPA":0.0,"Prog":26.0},{"Player":"Jesús Vallejo","Pos":"DF","Cmp":365.0,"Cmp%":75.7,"1\/3":29.0,"PPA":3.0,"CrsPA":0.0,"Prog":30.0},{"Player":"Manu Vallejo","Pos":"FW","Cmp":191.0,"Cmp%":74.9,"1\/3":14.0,"PPA":12.0,"CrsPA":1.0,"Prog":27.0},{"Player":"Federico Valverde","Pos":"MF","Cmp":692.0,"Cmp%":87.6,"1\/3":69.0,"PPA":14.0,"CrsPA":4.0,"Prog":57.0},{"Player":"Raphael Varane","Pos":"DF","Cmp":1588.0,"Cmp%":91.1,"1\/3":103.0,"PPA":1.0,"CrsPA":0.0,"Prog":86.0},{"Player":"Franco Vázquez","Pos":"FW","Cmp":99.0,"Cmp%":87.6,"1\/3":5.0,"PPA":2.0,"CrsPA":0.0,"Prog":8.0},{"Player":"Lucas Vázquez","Pos":"DF","Cmp":1217.0,"Cmp%":85.0,"1\/3":81.0,"PPA":49.0,"CrsPA":21.0,"Prog":97.0},{"Player":"Koke","Pos":"GK","Cmp":19.0,"Cmp%":65.5,"1\/3":0.0,"PPA":0.0,"CrsPA":0.0,"Prog":0.0},{"Player":"Gabriel","Pos":"MF","Cmp":29.0,"Cmp%":80.6,"1\/3":5.0,"PPA":1.0,"CrsPA":0.0,"Prog":3.0},{"Player":"Unai Vencedor","Pos":"MF","Cmp":726.0,"Cmp%":79.7,"1\/3":105.0,"PPA":8.0,"CrsPA":0.0,"Prog":98.0},{"Player":"Gonzalo Verdú","Pos":"DF","Cmp":1343.0,"Cmp%":86.6,"1\/3":64.0,"PPA":6.0,"CrsPA":1.0,"Prog":60.0},{"Player":"Mikel Vesga","Pos":"MF","Cmp":714.0,"Cmp%":79.7,"1\/3":75.0,"PPA":9.0,"CrsPA":0.0,"Prog":85.0},{"Player":"Rúben Vezo","Pos":"DF","Cmp":1126.0,"Cmp%":85.0,"1\/3":102.0,"PPA":5.0,"CrsPA":0.0,"Prog":90.0},{"Player":"Fede Vico","Pos":"MF","Cmp":218.0,"Cmp%":67.7,"1\/3":18.0,"PPA":11.0,"CrsPA":4.0,"Prog":25.0},{"Player":"Nacho","Pos":"DF","Cmp":716.0,"Cmp%":71.1,"1\/3":58.0,"PPA":19.0,"CrsPA":8.0,"Prog":63.0},{"Player":"Toni Villa","Pos":"MF","Cmp":292.0,"Cmp%":74.7,"1\/3":28.0,"PPA":16.0,"CrsPA":7.0,"Prog":51.0},{"Player":"Asier Villalibre","Pos":"FW","Cmp":190.0,"Cmp%":62.3,"1\/3":8.0,"PPA":10.0,"CrsPA":1.0,"Prog":16.0},{"Player":"Iván Villar","Pos":"GK","Cmp":405.0,"Cmp%":59.2,"1\/3":1.0,"PPA":0.0,"CrsPA":0.0,"Prog":0.0},{"Player":"Daniel Wass","Pos":"MF","Cmp":1267.0,"Cmp%":77.2,"1\/3":113.0,"PPA":24.0,"CrsPA":7.0,"Prog":140.0},{"Player":"Shon Weissman","Pos":"FW","Cmp":262.0,"Cmp%":74.2,"1\/3":7.0,"PPA":9.0,"CrsPA":0.0,"Prog":17.0},{"Player":"Iñaki Williams","Pos":"FW","Cmp":394.0,"Cmp%":67.2,"1\/3":16.0,"PPA":18.0,"CrsPA":9.0,"Prog":28.0},{"Player":"Jawad El Yamiq","Pos":"DF","Cmp":479.0,"Cmp%":79.7,"1\/3":32.0,"PPA":1.0,"CrsPA":0.0,"Prog":28.0},{"Player":"Josema","Pos":"DF","Cmp":309.0,"Cmp%":79.4,"1\/3":13.0,"PPA":10.0,"CrsPA":7.0,"Prog":14.0},{"Player":"Oier","Pos":"MF","Cmp":34.0,"Cmp%":79.1,"1\/3":5.0,"PPA":1.0,"CrsPA":0.0,"Prog":3.0},{"Player":"Igor Zubeldia","Pos":"DF","Cmp":1050.0,"Cmp%":88.8,"1\/3":47.0,"PPA":4.0,"CrsPA":2.0,"Prog":56.0},{"Player":"Martín Zubimendi","Pos":"MF","Cmp":982.0,"Cmp%":89.3,"1\/3":101.0,"PPA":12.0,"CrsPA":0.0,"Prog":96.0},{"Player":"Martin Ødegaard","Pos":"MF,FW","Cmp":"147","Cmp%":"84.0","1\/3":"16","PPA":"2","CrsPA":"0","Prog":"9"}]