[{"Player":"Lumor Agbenyenu","Pos":"DF","Cmp":709.0,"Cmp%":73.2,"1\/3":47.0,"PPA":21.0,"CrsPA":12.0,"Prog":70.0},{"Player":"Martín Aguirregabiria","Pos":"DF","Cmp":722.0,"Cmp%":71.2,"1\/3":36.0,"PPA":14.0,"CrsPA":5.0,"Prog":60.0},{"Player":"Joseph Aidoo","Pos":"DF","Cmp":1073.0,"Cmp%":87.7,"1\/3":61.0,"PPA":2.0,"CrsPA":0.0,"Prog":62.0},{"Player":"Jordi Alba","Pos":"DF","Cmp":1864.0,"Cmp%":87.1,"1\/3":126.0,"PPA":38.0,"CrsPA":18.0,"Prog":141.0},{"Player":"Raúl Albiol","Pos":"DF","Cmp":1619.0,"Cmp%":86.0,"1\/3":96.0,"PPA":5.0,"CrsPA":1.0,"Prog":78.0},{"Player":"Rubén Alcaraz","Pos":"MF","Cmp":831.0,"Cmp%":78.5,"1\/3":95.0,"PPA":4.0,"CrsPA":1.0,"Prog":72.0},{"Player":"Carles Aleñá","Pos":"MF","Cmp":143.0,"Cmp%":91.7,"1\/3":18.0,"PPA":1.0,"CrsPA":0.0,"Prog":13.0},{"Player":"Carles Aleñá","Pos":"MF","Cmp":333.0,"Cmp%":85.6,"1\/3":44.0,"PPA":4.0,"CrsPA":1.0,"Prog":32.0},{"Player":"Sergio Álvarez","Pos":"MF","Cmp":322.0,"Cmp%":75.4,"1\/3":45.0,"PPA":2.0,"CrsPA":1.0,"Prog":32.0},{"Player":"Sergio Álvarez","Pos":"GK","Cmp":39.0,"Cmp%":73.6,"1\/3":0.0,"PPA":0.0,"CrsPA":0.0,"Prog":0.0},{"Player":"Yeray Álvarez","Pos":"DF","Cmp":1149.0,"Cmp%":81.9,"1\/3":72.0,"PPA":8.0,"CrsPA":3.0,"Prog":84.0},{"Player":"Ángel","Pos":"FW","Cmp":149.0,"Cmp%":74.1,"1\/3":9.0,"PPA":3.0,"CrsPA":0.0,"Prog":14.0},{"Player":"Ángel","Pos":"GK","Cmp":363.0,"Cmp%":79.3,"1\/3":2.0,"PPA":0.0,"CrsPA":0.0,"Prog":0.0},{"Player":"Ángel","Pos":"DF","Cmp":982.0,"Cmp%":67.1,"1\/3":105.0,"PPA":40.0,"CrsPA":24.0,"Prog":126.0},{"Player":"Antoñito","Pos":"DF","Cmp":321.0,"Cmp%":71.0,"1\/3":25.0,"PPA":9.0,"CrsPA":4.0,"Prog":31.0},{"Player":"Mauro Arambarri","Pos":"MF","Cmp":649.0,"Cmp%":66.8,"1\/3":93.0,"PPA":20.0,"CrsPA":5.0,"Prog":85.0},{"Player":"Néstor Araújo","Pos":"DF","Cmp":1290.0,"Cmp%":87.0,"1\/3":44.0,"PPA":0.0,"CrsPA":0.0,"Prog":59.0},{"Player":"Anaitz Arbilla","Pos":"DF","Cmp":870.0,"Cmp%":74.4,"1\/3":101.0,"PPA":10.0,"CrsPA":5.0,"Prog":83.0},{"Player":"José Arnáiz","Pos":"MF","Cmp":73.0,"Cmp%":75.3,"1\/3":2.0,"PPA":4.0,"CrsPA":3.0,"Prog":4.0},{"Player":"José Arnáiz","Pos":"FW","Cmp":130.0,"Cmp%":73.0,"1\/3":10.0,"PPA":3.0,"CrsPA":1.0,"Prog":10.0},{"Player":"Sergio Asenjo","Pos":"GK","Cmp":742.0,"Cmp%":71.4,"1\/3":8.0,"PPA":0.0,"CrsPA":0.0,"Prog":0.0},{"Player":"Marcelo","Pos":"FW","Cmp":134.0,"Cmp%":82.2,"1\/3":6.0,"PPA":7.0,"CrsPA":2.0,"Prog":12.0},{"Player":"Iago Aspas","Pos":"FW","Cmp":998.0,"Cmp%":77.8,"1\/3":71.0,"PPA":46.0,"CrsPA":4.0,"Prog":96.0},{"Player":"Roger","Pos":"FW","Cmp":105.0,"Cmp%":82.7,"1\/3":8.0,"PPA":6.0,"CrsPA":0.0,"Prog":18.0},{"Player":"Ezequiel Ávila","Pos":"FW","Cmp":185.0,"Cmp%":57.3,"1\/3":22.0,"PPA":13.0,"CrsPA":4.0,"Prog":30.0},{"Player":"Chidozie Awaziem","Pos":"DF","Cmp":598.0,"Cmp%":78.0,"1\/3":54.0,"PPA":8.0,"CrsPA":3.0,"Prog":57.0},{"Player":"Ramón Azeez","Pos":"MF","Cmp":316.0,"Cmp%":80.2,"1\/3":26.0,"PPA":4.0,"CrsPA":0.0,"Prog":19.0},{"Player":"Iddrisu Baba","Pos":"MF","Cmp":1046.0,"Cmp%":81.4,"1\/3":98.0,"PPA":6.0,"CrsPA":1.0,"Prog":98.0},{"Player":"Carlos Bacca","Pos":"FW","Cmp":101.0,"Cmp%":75.9,"1\/3":5.0,"PPA":1.0,"CrsPA":0.0,"Prog":5.0},{"Player":"Gareth Bale","Pos":"FW","Cmp":360.0,"Cmp%":75.0,"1\/3":18.0,"PPA":17.0,"CrsPA":10.0,"Prog":30.0},{"Player":"Éver Banega","Pos":"MF","Cmp":1951.0,"Cmp%":82.2,"1\/3":268.0,"PPA":33.0,"CrsPA":7.0,"Prog":243.0},{"Player":"Fede Vico","Pos":"DF","Cmp":146.0,"Cmp%":67.0,"1\/3":20.0,"PPA":2.0,"CrsPA":1.0,"Prog":14.0},{"Player":"Enis Bardhi","Pos":"MF","Cmp":625.0,"Cmp%":73.3,"1\/3":59.0,"PPA":23.0,"CrsPA":5.0,"Prog":86.0},{"Player":"Ander Barrenetxea","Pos":"FW","Cmp":139.0,"Cmp%":72.8,"1\/3":9.0,"PPA":7.0,"CrsPA":2.0,"Prog":13.0},{"Player":"Marc Bartra","Pos":"DF","Cmp":1422.0,"Cmp%":86.9,"1\/3":79.0,"PPA":6.0,"CrsPA":0.0,"Prog":66.0},{"Player":"Fran Beltrán","Pos":"MF","Cmp":781.0,"Cmp%":88.6,"1\/3":62.0,"PPA":3.0,"CrsPA":0.0,"Prog":38.0},{"Player":"Karim Benzema","Pos":"FW","Cmp":1119.0,"Cmp%":84.2,"1\/3":71.0,"PPA":58.0,"CrsPA":1.0,"Prog":110.0},{"Player":"Yuri","Pos":"DF","Cmp":1351.0,"Cmp%":79.7,"1\/3":112.0,"PPA":37.0,"CrsPA":18.0,"Prog":180.0},{"Player":"Pedro Bigas","Pos":"DF","Cmp":480.0,"Cmp%":68.7,"1\/3":40.0,"PPA":5.0,"CrsPA":1.0,"Prog":54.0},{"Player":"Rubén Blanco","Pos":"GK","Cmp":615.0,"Cmp%":62.1,"1\/3":9.0,"PPA":0.0,"CrsPA":0.0,"Prog":0.0},{"Player":"Pablo De Blasis","Pos":"DF","Cmp":668.0,"Cmp%":69.9,"1\/3":79.0,"PPA":25.0,"CrsPA":12.0,"Prog":90.0},{"Player":"Martin Braithwaite","Pos":"FW","Cmp":269.0,"Cmp%":69.0,"1\/3":25.0,"PPA":10.0,"CrsPA":0.0,"Prog":32.0},{"Player":"Martin Braithwaite","Pos":"FW","Cmp":99.0,"Cmp%":77.3,"1\/3":5.0,"PPA":1.0,"CrsPA":0.0,"Prog":4.0},{"Player":"Darko Brasanac","Pos":"MF","Cmp":576.0,"Cmp%":74.6,"1\/3":51.0,"PPA":9.0,"CrsPA":2.0,"Prog":57.0},{"Player":"Ante Budimir","Pos":"FW","Cmp":381.0,"Cmp%":65.2,"1\/3":28.0,"PPA":8.0,"CrsPA":1.0,"Prog":27.0},{"Player":"Esteban Burgos","Pos":"DF","Cmp":244.0,"Cmp%":64.2,"1\/3":27.0,"PPA":1.0,"CrsPA":0.0,"Prog":29.0},{"Player":"Oliver Burke","Pos":"MF","Cmp":226.0,"Cmp%":67.9,"1\/3":9.0,"PPA":6.0,"CrsPA":0.0,"Prog":18.0},{"Player":"Sergio Busquets","Pos":"MF","Cmp":2331.0,"Cmp%":90.2,"1\/3":238.0,"PPA":29.0,"CrsPA":0.0,"Prog":183.0},{"Player":"Unai Bustinza","Pos":"DF","Cmp":901.0,"Cmp%":70.0,"1\/3":97.0,"PPA":10.0,"CrsPA":5.0,"Prog":95.0},{"Player":"Erick Cabaco","Pos":"DF","Cmp":275.0,"Cmp%":78.8,"1\/3":15.0,"PPA":1.0,"CrsPA":0.0,"Prog":22.0},{"Player":"Erick Cabaco","Pos":"DF","Cmp":85.0,"Cmp%":61.6,"1\/3":11.0,"PPA":1.0,"CrsPA":0.0,"Prog":11.0},{"Player":"Leandro Cabrera","Pos":"DF","Cmp":272.0,"Cmp%":54.1,"1\/3":54.0,"PPA":5.0,"CrsPA":1.0,"Prog":63.0},{"Player":"Leandro Cabrera","Pos":"DF","Cmp":553.0,"Cmp%":67.5,"1\/3":40.0,"PPA":6.0,"CrsPA":1.0,"Prog":43.0},{"Player":"Fernando","Pos":"DF","Cmp":507.0,"Cmp%":87.9,"1\/3":16.0,"PPA":3.0,"CrsPA":0.0,"Prog":25.0},{"Player":"Jonathan Calleri","Pos":"FW","Cmp":199.0,"Cmp%":54.5,"1\/3":20.0,"PPA":10.0,"CrsPA":3.0,"Prog":23.0},{"Player":"Víctor Camarasa","Pos":"MF","Cmp":430.0,"Cmp%":80.7,"1\/3":36.0,"PPA":12.0,"CrsPA":2.0,"Prog":36.0},{"Player":"José Campaña","Pos":"MF","Cmp":1650.0,"Cmp%":77.8,"1\/3":154.0,"PPA":43.0,"CrsPA":9.0,"Prog":217.0},{"Player":"Víctor Campuzano","Pos":"FW","Cmp":99.0,"Cmp%":65.6,"1\/3":10.0,"PPA":1.0,"CrsPA":0.0,"Prog":8.0},{"Player":"Sergio Canales","Pos":"MF","Cmp":1865.0,"Cmp%":84.0,"1\/3":142.0,"PPA":59.0,"CrsPA":13.0,"Prog":138.0},{"Player":"Ander Capa","Pos":"DF","Cmp":1188.0,"Cmp%":74.3,"1\/3":66.0,"PPA":25.0,"CrsPA":11.0,"Prog":107.0},{"Player":"Marc Cardona","Pos":"FW","Cmp":135.0,"Cmp%":73.4,"1\/3":7.0,"PPA":5.0,"CrsPA":1.0,"Prog":10.0},{"Player":"Diego Carlos","Pos":"DF","Cmp":1600.0,"Cmp%":86.6,"1\/3":70.0,"PPA":3.0,"CrsPA":2.0,"Prog":55.0},{"Player":"Yannick Carrasco","Pos":"MF","Cmp":174.0,"Cmp%":75.0,"1\/3":18.0,"PPA":6.0,"CrsPA":0.0,"Prog":24.0},{"Player":"Guido Carrillo","Pos":"FW","Cmp":232.0,"Cmp%":68.2,"1\/3":16.0,"PPA":7.0,"CrsPA":0.0,"Prog":24.0},{"Player":"Daniel Carvajal","Pos":"DF","Cmp":2058.0,"Cmp%":84.6,"1\/3":124.0,"PPA":53.0,"CrsPA":16.0,"Prog":157.0},{"Player":"Casemiro","Pos":"MF","Cmp":1826.0,"Cmp%":83.5,"1\/3":185.0,"PPA":21.0,"CrsPA":4.0,"Prog":146.0},{"Player":"Santiago Cazorla","Pos":"MF","Cmp":1414.0,"Cmp%":81.6,"1\/3":190.0,"PPA":49.0,"CrsPA":10.0,"Prog":175.0},{"Player":"Charles","Pos":"FW","Cmp":237.0,"Cmp%":68.5,"1\/3":14.0,"PPA":4.0,"CrsPA":1.0,"Prog":11.0},{"Player":"Pape Cheikh","Pos":"MF","Cmp":238.0,"Cmp%":90.2,"1\/3":19.0,"PPA":2.0,"CrsPA":0.0,"Prog":19.0},{"Player":"Denis Cheryshev","Pos":"MF","Cmp":240.0,"Cmp%":68.8,"1\/3":14.0,"PPA":12.0,"CrsPA":6.0,"Prog":25.0},{"Player":"Samuel Chukwueze","Pos":"MF","Cmp":553.0,"Cmp%":73.7,"1\/3":36.0,"PPA":33.0,"CrsPA":9.0,"Prog":79.0},{"Player":"Jasper Cillessen","Pos":"GK","Cmp":474.0,"Cmp%":62.5,"1\/3":2.0,"PPA":0.0,"CrsPA":0.0,"Prog":0.0},{"Player":"Carlos Clerc","Pos":"DF","Cmp":709.0,"Cmp%":73.2,"1\/3":44.0,"PPA":7.0,"CrsPA":4.0,"Prog":64.0},{"Player":"Coke","Pos":"DF","Cmp":463.0,"Cmp%":80.2,"1\/3":26.0,"PPA":8.0,"CrsPA":3.0,"Prog":41.0},{"Player":"Francis Coquelin","Pos":"MF","Cmp":885.0,"Cmp%":89.9,"1\/3":87.0,"PPA":8.0,"CrsPA":0.0,"Prog":59.0},{"Player":"Iñigo Córdoba","Pos":"FW","Cmp":316.0,"Cmp%":69.0,"1\/3":20.0,"PPA":13.0,"CrsPA":6.0,"Prog":25.0},{"Player":"Ángel","Pos":"MF","Cmp":454.0,"Cmp%":75.3,"1\/3":27.0,"PPA":21.0,"CrsPA":2.0,"Prog":43.0},{"Player":"Diego Costa","Pos":"FW","Cmp":260.0,"Cmp%":71.0,"1\/3":18.0,"PPA":13.0,"CrsPA":2.0,"Prog":26.0},{"Player":"Jaume","Pos":"DF","Cmp":672.0,"Cmp%":82.2,"1\/3":46.0,"PPA":8.0,"CrsPA":3.0,"Prog":57.0},{"Player":"Thibaut Courtois","Pos":"GK","Cmp":849.0,"Cmp%":78.3,"1\/3":4.0,"PPA":0.0,"CrsPA":0.0,"Prog":0.0},{"Player":"Sebastián Cristóforo","Pos":"MF","Cmp":232.0,"Cmp%":73.9,"1\/3":27.0,"PPA":2.0,"CrsPA":0.0,"Prog":30.0},{"Player":"Marc Cucurella","Pos":"MF","Cmp":938.0,"Cmp%":66.7,"1\/3":87.0,"PPA":51.0,"CrsPA":24.0,"Prog":133.0},{"Player":"Iván Cuéllar","Pos":"GK","Cmp":423.0,"Cmp%":51.4,"1\/3":27.0,"PPA":1.0,"CrsPA":0.0,"Prog":2.0},{"Player":"Sergi Darder","Pos":"MF","Cmp":804.0,"Cmp%":74.8,"1\/3":120.0,"PPA":23.0,"CrsPA":6.0,"Prog":97.0},{"Player":"Mouctar Diakhaby","Pos":"DF","Cmp":726.0,"Cmp%":90.3,"1\/3":34.0,"PPA":1.0,"CrsPA":1.0,"Prog":32.0},{"Player":"Víctor Díaz","Pos":"DF","Cmp":1020.0,"Cmp%":67.7,"1\/3":100.0,"PPA":33.0,"CrsPA":18.0,"Prog":123.0},{"Player":"Papakouly Diop","Pos":"MF","Cmp":593.0,"Cmp%":73.6,"1\/3":83.0,"PPA":4.0,"CrsPA":0.0,"Prog":86.0},{"Player":"Marko Dmitrovic","Pos":"GK","Cmp":479.0,"Cmp%":45.1,"1\/3":62.0,"PPA":2.0,"CrsPA":0.0,"Prog":1.0},{"Player":"Jaume","Pos":"GK","Cmp":300.0,"Cmp%":65.6,"1\/3":3.0,"PPA":0.0,"CrsPA":0.0,"Prog":0.0},{"Player":"Domingos Duarte","Pos":"DF","Cmp":970.0,"Cmp%":79.6,"1\/3":67.0,"PPA":5.0,"CrsPA":1.0,"Prog":88.0},{"Player":"Rubén Duarte","Pos":"DF","Cmp":933.0,"Cmp%":71.2,"1\/3":91.0,"PPA":16.0,"CrsPA":8.0,"Prog":93.0},{"Player":"Aritz Elustondo","Pos":"DF","Cmp":802.0,"Cmp%":85.8,"1\/3":55.0,"PPA":3.0,"CrsPA":3.0,"Prog":50.0},{"Player":"Rodrigo","Pos":"DF","Cmp":667.0,"Cmp%":79.5,"1\/3":27.0,"PPA":0.0,"CrsPA":0.0,"Prog":31.0},{"Player":"Adrián Embarba","Pos":"MF","Cmp":246.0,"Cmp%":55.7,"1\/3":17.0,"PPA":16.0,"CrsPA":7.0,"Prog":23.0},{"Player":"Emerson","Pos":"DF","Cmp":1288.0,"Cmp%":80.3,"1\/3":56.0,"PPA":50.0,"CrsPA":21.0,"Prog":93.0},{"Player":"Youssef En-Nesyri","Pos":"FW","Cmp":163.0,"Cmp%":61.3,"1\/3":3.0,"PPA":10.0,"CrsPA":3.0,"Prog":13.0},{"Player":"Youssef En-Nesyri","Pos":"FW","Cmp":103.0,"Cmp%":65.6,"1\/3":4.0,"PPA":1.0,"CrsPA":0.0,"Prog":6.0},{"Player":"Sergi Enrich","Pos":"FW","Cmp":377.0,"Cmp%":71.5,"1\/3":16.0,"PPA":6.0,"CrsPA":0.0,"Prog":16.0},{"Player":"Eraso","Pos":"MF","Cmp":215.0,"Cmp%":76.8,"1\/3":8.0,"PPA":5.0,"CrsPA":3.0,"Prog":10.0},{"Player":"Gonzalo Escalante","Pos":"MF","Cmp":474.0,"Cmp%":72.1,"1\/3":49.0,"PPA":11.0,"CrsPA":2.0,"Prog":65.0},{"Player":"Bernardo","Pos":"DF","Cmp":826.0,"Cmp%":77.9,"1\/3":29.0,"PPA":1.0,"CrsPA":0.0,"Prog":54.0},{"Player":"Estupiñán","Pos":"DF","Cmp":1322.0,"Cmp%":72.5,"1\/3":100.0,"PPA":57.0,"CrsPA":37.0,"Prog":134.0},{"Player":"Etxeita","Pos":"DF","Cmp":209.0,"Cmp%":56.8,"1\/3":18.0,"PPA":1.0,"CrsPA":1.0,"Prog":27.0},{"Player":"Edu Expósito","Pos":"MF","Cmp":759.0,"Cmp%":81.4,"1\/3":82.0,"PPA":14.0,"CrsPA":3.0,"Prog":65.0},{"Player":"Aleix Febas","Pos":"MF","Cmp":585.0,"Cmp%":84.7,"1\/3":38.0,"PPA":9.0,"CrsPA":0.0,"Prog":50.0},{"Player":"Zouhair Feddal","Pos":"DF","Cmp":917.0,"Cmp%":86.3,"1\/3":41.0,"PPA":2.0,"CrsPA":0.0,"Prog":53.0},{"Player":"Nabil Fekir","Pos":"MF","Cmp":839.0,"Cmp%":81.1,"1\/3":87.0,"PPA":35.0,"CrsPA":6.0,"Prog":85.0},{"Player":"Felipe","Pos":"DF","Cmp":707.0,"Cmp%":79.7,"1\/3":28.0,"PPA":0.0,"CrsPA":0.0,"Prog":25.0},{"Player":"João Félix","Pos":"FW","Cmp":410.0,"Cmp%":77.2,"1\/3":41.0,"PPA":11.0,"CrsPA":1.0,"Prog":51.0},{"Player":"Fernando","Pos":"MF","Cmp":43.0,"Cmp%":69.4,"1\/3":2.0,"PPA":0.0,"CrsPA":0.0,"Prog":3.0},{"Player":"Aitor Fernández","Pos":"GK","Cmp":751.0,"Cmp%":67.2,"1\/3":10.0,"PPA":0.0,"CrsPA":0.0,"Prog":0.0},{"Player":"Carlos Fernández","Pos":"FW","Cmp":381.0,"Cmp%":60.8,"1\/3":31.0,"PPA":8.0,"CrsPA":2.0,"Prog":36.0},{"Player":"Gabriel","Pos":"FW","Cmp":84.0,"Cmp%":68.3,"1\/3":8.0,"PPA":2.0,"CrsPA":0.0,"Prog":7.0},{"Player":"Joaquín","Pos":"MF","Cmp":609.0,"Cmp%":81.4,"1\/3":44.0,"PPA":4.0,"CrsPA":0.0,"Prog":47.0},{"Player":"Fernando","Pos":"MF","Cmp":1380.0,"Cmp%":89.8,"1\/3":87.0,"PPA":7.0,"CrsPA":3.0,"Prog":68.0},{"Player":"Facundo Ferreyra","Pos":"FW","Cmp":74.0,"Cmp%":65.5,"1\/3":3.0,"PPA":3.0,"CrsPA":0.0,"Prog":7.0},{"Player":"Júnior Firpo","Pos":"DF","Cmp":749.0,"Cmp%":89.8,"1\/3":48.0,"PPA":9.0,"CrsPA":1.0,"Prog":41.0},{"Player":"Hernâni","Pos":"MF","Cmp":91.0,"Cmp%":53.2,"1\/3":4.0,"PPA":9.0,"CrsPA":7.0,"Prog":9.0},{"Player":"Dimitri Foulquier","Pos":"DF","Cmp":281.0,"Cmp%":68.0,"1\/3":19.0,"PPA":6.0,"CrsPA":4.0,"Prog":30.0},{"Player":"Remiro","Pos":"DF","Cmp":224.0,"Cmp%":83.0,"1\/3":11.0,"PPA":0.0,"CrsPA":0.0,"Prog":11.0},{"Player":"Enric Gallego","Pos":"FW","Cmp":26.0,"Cmp%":54.2,"1\/3":2.0,"PPA":1.0,"CrsPA":0.0,"Prog":3.0},{"Player":"Enric Gallego","Pos":"FW","Cmp":148.0,"Cmp%":57.4,"1\/3":7.0,"PPA":4.0,"CrsPA":0.0,"Prog":18.0},{"Player":"Kevin Gameiro","Pos":"FW","Cmp":331.0,"Cmp%":75.9,"1\/3":12.0,"PPA":12.0,"CrsPA":0.0,"Prog":23.0},{"Player":"Fran Gámez","Pos":"DF","Cmp":638.0,"Cmp%":74.0,"1\/3":42.0,"PPA":17.0,"CrsPA":9.0,"Prog":58.0},{"Player":"Ezequiel Garay","Pos":"DF","Cmp":759.0,"Cmp%":89.0,"1\/3":39.0,"PPA":1.0,"CrsPA":0.0,"Prog":35.0},{"Player":"Dani García","Pos":"MF","Cmp":1225.0,"Cmp%":83.3,"1\/3":109.0,"PPA":4.0,"CrsPA":1.0,"Prog":93.0},{"Player":"David García","Pos":"DF","Cmp":861.0,"Cmp%":74.2,"1\/3":79.0,"PPA":6.0,"CrsPA":0.0,"Prog":90.0},{"Player":"David García","Pos":"MF","Cmp":159.0,"Cmp%":83.2,"1\/3":9.0,"PPA":0.0,"CrsPA":0.0,"Prog":6.0},{"Player":"Manu García","Pos":"MF","Cmp":521.0,"Cmp%":73.4,"1\/3":46.0,"PPA":2.0,"CrsPA":0.0,"Prog":49.0},{"Player":"Raúl García","Pos":"MF","Cmp":557.0,"Cmp%":58.5,"1\/3":75.0,"PPA":15.0,"CrsPA":2.0,"Prog":86.0},{"Player":"Raúl García","Pos":"DF","Cmp":310.0,"Cmp%":68.3,"1\/3":24.0,"PPA":8.0,"CrsPA":4.0,"Prog":24.0},{"Player":"Raúl García","Pos":"DF","Cmp":89.0,"Cmp%":65.4,"1\/3":7.0,"PPA":8.0,"CrsPA":6.0,"Prog":7.0},{"Player":"Rubén García","Pos":"MF","Cmp":719.0,"Cmp%":70.4,"1\/3":62.0,"PPA":33.0,"CrsPA":11.0,"Prog":89.0},{"Player":"Dani García","Pos":"DF","Cmp":155.0,"Cmp%":72.1,"1\/3":11.0,"PPA":0.0,"CrsPA":0.0,"Prog":14.0},{"Player":"Mario","Pos":"DF","Cmp":867.0,"Cmp%":79.4,"1\/3":59.0,"PPA":15.0,"CrsPA":7.0,"Prog":76.0},{"Player":"José Antonio Martínez","Pos":"DF","Cmp":366.0,"Cmp%":75.0,"1\/3":25.0,"PPA":2.0,"CrsPA":0.0,"Prog":33.0},{"Player":"Ibai Gómez","Pos":"FW","Cmp":202.0,"Cmp%":63.3,"1\/3":9.0,"PPA":6.0,"CrsPA":5.0,"Prog":15.0},{"Player":"Maxi Gómez","Pos":"FW","Cmp":255.0,"Cmp%":64.9,"1\/3":21.0,"PPA":12.0,"CrsPA":2.0,"Prog":30.0},{"Player":"Moi Gómez","Pos":"FW","Cmp":921.0,"Cmp%":81.1,"1\/3":56.0,"PPA":34.0,"CrsPA":16.0,"Prog":79.0},{"Player":"Maxime Gonalons","Pos":"MF","Cmp":482.0,"Cmp%":83.2,"1\/3":55.0,"PPA":5.0,"CrsPA":0.0,"Prog":48.0},{"Player":"Gonzalo Melero","Pos":"DF","Cmp":5.0,"Cmp%":100.0,"1\/3":0.0,"PPA":0.0,"CrsPA":0.0,"Prog":0.0},{"Player":"Antoine Griezmann","Pos":"FW","Cmp":935.0,"Cmp%":81.5,"1\/3":51.0,"PPA":31.0,"CrsPA":6.0,"Prog":66.0},{"Player":"Andrés Guardado","Pos":"MF","Cmp":876.0,"Cmp%":84.1,"1\/3":88.0,"PPA":15.0,"CrsPA":4.0,"Prog":73.0},{"Player":"Sergi Guardiola","Pos":"FW","Cmp":455.0,"Cmp%":68.1,"1\/3":29.0,"PPA":10.0,"CrsPA":2.0,"Prog":44.0},{"Player":"Nemanja Gudelj","Pos":"MF","Cmp":614.0,"Cmp%":90.6,"1\/3":38.0,"PPA":3.0,"CrsPA":1.0,"Prog":21.0},{"Player":"Gonçalo Guedes","Pos":"MF","Cmp":363.0,"Cmp%":75.9,"1\/3":29.0,"PPA":30.0,"CrsPA":3.0,"Prog":48.0},{"Player":"Adrián","Pos":"DF","Cmp":60.0,"Cmp%":74.1,"1\/3":4.0,"PPA":0.0,"CrsPA":0.0,"Prog":3.0},{"Player":"Munir","Pos":"FW","Cmp":348.0,"Cmp%":76.7,"1\/3":20.0,"PPA":23.0,"CrsPA":6.0,"Prog":36.0},{"Player":"Eden Hazard","Pos":"FW","Cmp":522.0,"Cmp%":85.4,"1\/3":33.0,"PPA":14.0,"CrsPA":2.0,"Prog":45.0},{"Player":"Mario","Pos":"DF","Cmp":511.0,"Cmp%":79.6,"1\/3":35.0,"PPA":1.0,"CrsPA":0.0,"Prog":36.0},{"Player":"Aridane Hernández","Pos":"DF","Cmp":737.0,"Cmp%":79.7,"1\/3":34.0,"PPA":4.0,"CrsPA":1.0,"Prog":49.0},{"Player":"Héctor Herrera","Pos":"MF","Cmp":671.0,"Cmp%":86.4,"1\/3":78.0,"PPA":12.0,"CrsPA":2.0,"Prog":78.0},{"Player":"Sergio Herrera","Pos":"GK","Cmp":292.0,"Cmp%":47.7,"1\/3":16.0,"PPA":0.0,"CrsPA":0.0,"Prog":0.0},{"Player":"Yangel Herrera","Pos":"MF","Cmp":714.0,"Cmp%":75.8,"1\/3":81.0,"PPA":12.0,"CrsPA":3.0,"Prog":99.0},{"Player":"Pablo Hervías","Pos":"MF","Cmp":280.0,"Cmp%":69.7,"1\/3":11.0,"PPA":2.0,"CrsPA":2.0,"Prog":16.0},{"Player":"Vicente Iborra","Pos":"MF","Cmp":1247.0,"Cmp%":86.2,"1\/3":110.0,"PPA":5.0,"CrsPA":0.0,"Prog":80.0},{"Player":"Borja Iglesias","Pos":"FW","Cmp":238.0,"Cmp%":74.6,"1\/3":12.0,"PPA":9.0,"CrsPA":0.0,"Prog":16.0},{"Player":"Takashi Inui","Pos":"MF","Cmp":436.0,"Cmp%":73.8,"1\/3":24.0,"PPA":11.0,"CrsPA":3.0,"Prog":36.0},{"Player":"Alexander Isak","Pos":"FW","Cmp":222.0,"Cmp%":73.0,"1\/3":12.0,"PPA":13.0,"CrsPA":0.0,"Prog":27.0},{"Player":"Isco","Pos":"FW","Cmp":735.0,"Cmp%":85.9,"1\/3":60.0,"PPA":26.0,"CrsPA":5.0,"Prog":68.0},{"Player":"Adnan Januzaj","Pos":"FW","Cmp":323.0,"Cmp%":65.1,"1\/3":26.0,"PPA":25.0,"CrsPA":4.0,"Prog":54.0},{"Player":"Jason","Pos":"MF","Cmp":236.0,"Cmp%":58.0,"1\/3":24.0,"PPA":16.0,"CrsPA":8.0,"Prog":39.0},{"Player":"Joaquín","Pos":"MF","Cmp":935.0,"Cmp%":80.4,"1\/3":39.0,"PPA":56.0,"CrsPA":13.0,"Prog":110.0},{"Player":"Frenkie de Jong","Pos":"MF","Cmp":1536.0,"Cmp%":92.5,"1\/3":154.0,"PPA":21.0,"CrsPA":2.0,"Prog":108.0},{"Player":"Luuk de Jong","Pos":"FW","Cmp":389.0,"Cmp%":71.6,"1\/3":23.0,"PPA":8.0,"CrsPA":1.0,"Prog":31.0},{"Player":"Joan Jordán","Pos":"MF","Cmp":1497.0,"Cmp%":85.7,"1\/3":138.0,"PPA":26.0,"CrsPA":12.0,"Prog":121.0},{"Player":"Willian José","Pos":"FW","Cmp":406.0,"Cmp%":71.9,"1\/3":28.0,"PPA":14.0,"CrsPA":0.0,"Prog":30.0},{"Player":"Joselu","Pos":"FW","Cmp":541.0,"Cmp%":54.4,"1\/3":79.0,"PPA":13.0,"CrsPA":2.0,"Prog":77.0},{"Player":"Luka Jovic","Pos":"FW","Cmp":111.0,"Cmp%":82.8,"1\/3":9.0,"PPA":1.0,"CrsPA":0.0,"Prog":5.0},{"Player":"Lago Junior","Pos":"MF","Cmp":526.0,"Cmp%":72.2,"1\/3":29.0,"PPA":20.0,"CrsPA":8.0,"Prog":40.0},{"Player":"Vinícius Júnior","Pos":"FW","Cmp":421.0,"Cmp%":77.4,"1\/3":15.0,"PPA":12.0,"CrsPA":1.0,"Prog":36.0},{"Player":"Lee Kang-In","Pos":"MF","Cmp":188.0,"Cmp%":78.7,"1\/3":10.0,"PPA":4.0,"CrsPA":0.0,"Prog":11.0},{"Player":"Kenedy","Pos":"MF","Cmp":133.0,"Cmp%":66.2,"1\/3":8.0,"PPA":13.0,"CrsPA":8.0,"Prog":13.0},{"Player":"Koke","Pos":"MF","Cmp":1436.0,"Cmp%":82.0,"1\/3":119.0,"PPA":23.0,"CrsPA":5.0,"Prog":116.0},{"Player":"Geoffrey Kondogbia","Pos":"MF","Cmp":945.0,"Cmp%":84.8,"1\/3":86.0,"PPA":4.0,"CrsPA":0.0,"Prog":77.0},{"Player":"Jules Koundé","Pos":"DF","Cmp":1285.0,"Cmp%":86.3,"1\/3":72.0,"PPA":2.0,"CrsPA":2.0,"Prog":70.0},{"Player":"Toni Kroos","Pos":"MF","Cmp":2233.0,"Cmp%":88.9,"1\/3":254.0,"PPA":37.0,"CrsPA":7.0,"Prog":185.0},{"Player":"Takefusa Kubo","Pos":"MF","Cmp":539.0,"Cmp%":70.5,"1\/3":40.0,"PPA":33.0,"CrsPA":8.0,"Prog":77.0},{"Player":"Víctor Laguardia","Pos":"DF","Cmp":774.0,"Cmp%":75.4,"1\/3":71.0,"PPA":7.0,"CrsPA":1.0,"Prog":56.0},{"Player":"Diego Lainez","Pos":"MF","Cmp":89.0,"Cmp%":74.8,"1\/3":1.0,"PPA":5.0,"CrsPA":2.0,"Prog":8.0},{"Player":"Robin Le Normand","Pos":"DF","Cmp":1516.0,"Cmp%":89.4,"1\/3":69.0,"PPA":3.0,"CrsPA":0.0,"Prog":83.0},{"Player":"Wu Lei","Pos":"FW","Cmp":208.0,"Cmp%":65.6,"1\/3":13.0,"PPA":6.0,"CrsPA":3.0,"Prog":14.0},{"Player":"Thomas Lemar","Pos":"MF","Cmp":319.0,"Cmp%":78.8,"1\/3":29.0,"PPA":10.0,"CrsPA":2.0,"Prog":47.0},{"Player":"Clement Lenglet","Pos":"DF","Cmp":1989.0,"Cmp%":92.6,"1\/3":165.0,"PPA":2.0,"CrsPA":0.0,"Prog":104.0},{"Player":"Pedro León","Pos":"MF","Cmp":416.0,"Cmp%":58.0,"1\/3":26.0,"PPA":23.0,"CrsPA":15.0,"Prog":39.0},{"Player":"Sergio León","Pos":"FW","Cmp":63.0,"Cmp%":58.3,"1\/3":4.0,"PPA":2.0,"CrsPA":0.0,"Prog":6.0},{"Player":"Diego Llorente","Pos":"DF","Cmp":1410.0,"Cmp%":88.2,"1\/3":74.0,"PPA":2.0,"CrsPA":0.0,"Prog":57.0},{"Player":"Marcos Llorente","Pos":"MF","Cmp":395.0,"Cmp%":77.9,"1\/3":27.0,"PPA":10.0,"CrsPA":2.0,"Prog":34.0},{"Player":"Stanislav Lobotka","Pos":"MF","Cmp":683.0,"Cmp%":87.9,"1\/3":52.0,"PPA":5.0,"CrsPA":0.0,"Prog":61.0},{"Player":"Renan Lodi","Pos":"DF","Cmp":926.0,"Cmp%":74.3,"1\/3":42.0,"PPA":34.0,"CrsPA":12.0,"Prog":70.0},{"Player":"Adrián","Pos":"FW","Cmp":358.0,"Cmp%":70.6,"1\/3":32.0,"PPA":8.0,"CrsPA":2.0,"Prog":33.0},{"Player":"David López","Pos":"DF","Cmp":1109.0,"Cmp%":80.6,"1\/3":94.0,"PPA":9.0,"CrsPA":2.0,"Prog":116.0},{"Player":"Diego López","Pos":"GK","Cmp":665.0,"Cmp%":58.2,"1\/3":22.0,"PPA":0.0,"CrsPA":0.0,"Prog":0.0},{"Player":"Javi López","Pos":"DF","Cmp":534.0,"Cmp%":74.4,"1\/3":34.0,"PPA":16.0,"CrsPA":6.0,"Prog":47.0},{"Player":"Javi López","Pos":"DF","Cmp":18.0,"Cmp%":60.0,"1\/3":2.0,"PPA":0.0,"CrsPA":0.0,"Prog":1.0},{"Player":"Unai López","Pos":"MF","Cmp":1004.0,"Cmp%":83.0,"1\/3":77.0,"PPA":19.0,"CrsPA":5.0,"Prog":68.0},{"Player":"Darwin Machís","Pos":"FW","Cmp":361.0,"Cmp%":62.0,"1\/3":33.0,"PPA":23.0,"CrsPA":10.0,"Prog":48.0},{"Player":"Lisandro Magallán","Pos":"DF","Cmp":341.0,"Cmp%":80.0,"1\/3":26.0,"PPA":2.0,"CrsPA":0.0,"Prog":33.0},{"Player":"Nemanja Maksimovic","Pos":"MF","Cmp":534.0,"Cmp%":73.2,"1\/3":39.0,"PPA":11.0,"CrsPA":2.0,"Prog":47.0},{"Player":"Hugo Mallo","Pos":"DF","Cmp":998.0,"Cmp%":76.7,"1\/3":60.0,"PPA":20.0,"CrsPA":9.0,"Prog":77.0},{"Player":"Aissa Mandi","Pos":"DF","Cmp":1626.0,"Cmp%":91.5,"1\/3":93.0,"PPA":5.0,"CrsPA":1.0,"Prog":64.0},{"Player":"Marcelo","Pos":"DF","Cmp":882.0,"Cmp%":82.4,"1\/3":81.0,"PPA":41.0,"CrsPA":13.0,"Prog":107.0},{"Player":"Mario","Pos":"FW","Cmp":11.0,"Cmp%":73.3,"1\/3":0.0,"PPA":0.0,"CrsPA":0.0,"Prog":0.0},{"Player":"Adrián","Pos":"DF","Cmp":253.0,"Cmp%":71.3,"1\/3":24.0,"PPA":7.0,"CrsPA":2.0,"Prog":39.0},{"Player":"Roger","Pos":"FW","Cmp":284.0,"Cmp%":63.4,"1\/3":23.0,"PPA":15.0,"CrsPA":2.0,"Prog":37.0},{"Player":"Iñigo Martínez","Pos":"DF","Cmp":1190.0,"Cmp%":79.3,"1\/3":115.0,"PPA":11.0,"CrsPA":3.0,"Prog":95.0},{"Player":"Jordi Masip","Pos":"GK","Cmp":540.0,"Cmp%":51.2,"1\/3":14.0,"PPA":0.0,"CrsPA":0.0,"Prog":0.0},{"Player":"Jaime Mata","Pos":"FW","Cmp":508.0,"Cmp%":64.3,"1\/3":37.0,"PPA":21.0,"CrsPA":13.0,"Prog":52.0},{"Player":"Borja Mayoral","Pos":"FW","Cmp":447.0,"Cmp%":79.7,"1\/3":36.0,"PPA":14.0,"CrsPA":2.0,"Prog":44.0},{"Player":"Óscar Melendo","Pos":"MF","Cmp":298.0,"Cmp%":82.5,"1\/3":28.0,"PPA":14.0,"CrsPA":2.0,"Prog":30.0},{"Player":"Gonzalo Melero","Pos":"MF","Cmp":458.0,"Cmp%":83.6,"1\/3":39.0,"PPA":9.0,"CrsPA":0.0,"Prog":55.0},{"Player":"Arthur","Pos":"MF","Cmp":961.0,"Cmp%":90.7,"1\/3":101.0,"PPA":12.0,"CrsPA":0.0,"Prog":54.0},{"Player":"Brais Méndez","Pos":"MF","Cmp":519.0,"Cmp%":75.7,"1\/3":52.0,"PPA":17.0,"CrsPA":3.0,"Prog":65.0},{"Player":"Edgar Méndez","Pos":"MF","Cmp":134.0,"Cmp%":68.0,"1\/3":11.0,"PPA":8.0,"CrsPA":4.0,"Prog":16.0},{"Player":"Ferland Mendy","Pos":"DF","Cmp":1075.0,"Cmp%":85.2,"1\/3":39.0,"PPA":24.0,"CrsPA":8.0,"Prog":69.0},{"Player":"Fran Mérida","Pos":"MF","Cmp":581.0,"Cmp%":75.5,"1\/3":83.0,"PPA":10.0,"CrsPA":2.0,"Prog":80.0},{"Player":"Mikel Merino","Pos":"MF","Cmp":1519.0,"Cmp%":77.0,"1\/3":204.0,"PPA":35.0,"CrsPA":7.0,"Prog":226.0},{"Player":"Roque Mesa","Pos":"MF","Cmp":724.0,"Cmp%":80.0,"1\/3":95.0,"PPA":24.0,"CrsPA":7.0,"Prog":87.0},{"Player":"Lionel Messi","Pos":"FW","Cmp":1700.0,"Cmp%":79.4,"1\/3":208.0,"PPA":126.0,"CrsPA":6.0,"Prog":319.0},{"Player":"Míchel","Pos":"MF","Cmp":1096.0,"Cmp%":78.1,"1\/3":94.0,"PPA":19.0,"CrsPA":7.0,"Prog":91.0},{"Player":"Eder Militão","Pos":"DF","Cmp":599.0,"Cmp%":87.7,"1\/3":20.0,"PPA":3.0,"CrsPA":1.0,"Prog":19.0},{"Player":"Santi Mina","Pos":"FW","Cmp":500.0,"Cmp%":70.8,"1\/3":38.0,"PPA":18.0,"CrsPA":1.0,"Prog":54.0},{"Player":"Jorge Miramón","Pos":"DF","Cmp":994.0,"Cmp%":78.7,"1\/3":57.0,"PPA":20.0,"CrsPA":13.0,"Prog":83.0},{"Player":"Luka Modric","Pos":"MF","Cmp":1278.0,"Cmp%":86.5,"1\/3":123.0,"PPA":31.0,"CrsPA":6.0,"Prog":122.0},{"Player":"Jorge Molina","Pos":"FW","Cmp":401.0,"Cmp%":66.8,"1\/3":27.0,"PPA":19.0,"CrsPA":4.0,"Prog":54.0},{"Player":"Jon Moncayola","Pos":"MF","Cmp":504.0,"Cmp%":76.8,"1\/3":37.0,"PPA":6.0,"CrsPA":1.0,"Prog":40.0},{"Player":"Nacho Monreal","Pos":"DF","Cmp":1136.0,"Cmp%":82.3,"1\/3":50.0,"PPA":25.0,"CrsPA":12.0,"Prog":84.0},{"Player":"Ángel","Pos":"MF","Cmp":441.0,"Cmp%":76.0,"1\/3":62.0,"PPA":11.0,"CrsPA":1.0,"Prog":55.0},{"Player":"Álvaro Morata","Pos":"FW","Cmp":335.0,"Cmp%":66.9,"1\/3":18.0,"PPA":16.0,"CrsPA":1.0,"Prog":29.0},{"Player":"Alberto Moreno","Pos":"DF","Cmp":841.0,"Cmp%":85.7,"1\/3":36.0,"PPA":16.0,"CrsPA":7.0,"Prog":54.0},{"Player":"Álex Moreno","Pos":"DF","Cmp":1009.0,"Cmp%":78.5,"1\/3":40.0,"PPA":28.0,"CrsPA":13.0,"Prog":70.0},{"Player":"Gerard Moreno","Pos":"FW","Cmp":743.0,"Cmp%":72.3,"1\/3":67.0,"PPA":41.0,"CrsPA":13.0,"Prog":89.0},{"Player":"Loren Morón","Pos":"FW","Cmp":217.0,"Cmp%":70.2,"1\/3":21.0,"PPA":8.0,"CrsPA":1.0,"Prog":29.0},{"Player":"Javi Moyano","Pos":"DF","Cmp":777.0,"Cmp%":73.5,"1\/3":41.0,"PPA":9.0,"CrsPA":4.0,"Prog":67.0},{"Player":"Muniain","Pos":"FW","Cmp":903.0,"Cmp%":82.6,"1\/3":78.0,"PPA":25.0,"CrsPA":5.0,"Prog":75.0},{"Player":"Aihen Muñoz","Pos":"DF","Cmp":508.0,"Cmp%":77.4,"1\/3":22.0,"PPA":10.0,"CrsPA":8.0,"Prog":26.0},{"Player":"Jeison Murillo","Pos":"DF","Cmp":618.0,"Cmp%":88.3,"1\/3":21.0,"PPA":1.0,"CrsPA":0.0,"Prog":28.0},{"Player":"Nacho","Pos":"DF","Cmp":822.0,"Cmp%":72.5,"1\/3":80.0,"PPA":27.0,"CrsPA":8.0,"Prog":87.0},{"Player":"Nacho","Pos":"DF","Cmp":253.0,"Cmp%":86.3,"1\/3":11.0,"PPA":3.0,"CrsPA":3.0,"Prog":14.0},{"Player":"Naldo","Pos":"DF","Cmp":551.0,"Cmp%":83.7,"1\/3":32.0,"PPA":3.0,"CrsPA":0.0,"Prog":40.0},{"Player":"Ximo Navarro","Pos":"DF","Cmp":643.0,"Cmp%":75.8,"1\/3":45.0,"PPA":3.0,"CrsPA":1.0,"Prog":50.0},{"Player":"Jesús Navas","Pos":"DF","Cmp":2077.0,"Cmp%":78.3,"1\/3":141.0,"PPA":105.0,"CrsPA":40.0,"Prog":249.0},{"Player":"Carlos Neva","Pos":"DF","Cmp":624.0,"Cmp%":69.3,"1\/3":45.0,"PPA":12.0,"CrsPA":10.0,"Prog":57.0},{"Player":"Saúl Ñíguez","Pos":"MF","Cmp":1376.0,"Cmp%":79.4,"1\/3":135.0,"PPA":23.0,"CrsPA":3.0,"Prog":163.0},{"Player":"Fernando","Pos":"FW","Cmp":13.0,"Cmp%":61.9,"1\/3":1.0,"PPA":0.0,"CrsPA":0.0,"Prog":0.0},{"Player":"Nolito","Pos":"FW","Cmp":263.0,"Cmp%":76.2,"1\/3":22.0,"PPA":22.0,"CrsPA":4.0,"Prog":47.0},{"Player":"Nolito","Pos":"FW","Cmp":115.0,"Cmp%":70.1,"1\/3":14.0,"PPA":10.0,"CrsPA":0.0,"Prog":21.0},{"Player":"Unai Núñez","Pos":"DF","Cmp":587.0,"Cmp%":86.1,"1\/3":31.0,"PPA":1.0,"CrsPA":0.0,"Prog":38.0},{"Player":"Nyom","Pos":"DF","Cmp":587.0,"Cmp%":63.7,"1\/3":61.0,"PPA":19.0,"CrsPA":14.0,"Prog":54.0},{"Player":"Jan Oblak","Pos":"GK","Cmp":558.0,"Cmp%":58.1,"1\/3":13.0,"PPA":1.0,"CrsPA":0.0,"Prog":1.0},{"Player":"Lucas Ocampos","Pos":"FW","Cmp":728.0,"Cmp%":74.9,"1\/3":31.0,"PPA":30.0,"CrsPA":9.0,"Prog":75.0},{"Player":"Lucas Olaza","Pos":"DF","Cmp":1496.0,"Cmp%":74.4,"1\/3":93.0,"PPA":36.0,"CrsPA":18.0,"Prog":138.0},{"Player":"Oier","Pos":"GK","Cmp":50.0,"Cmp%":80.6,"1\/3":0.0,"PPA":0.0,"CrsPA":0.0,"Prog":0.0},{"Player":"Kiko Olivas","Pos":"DF","Cmp":1107.0,"Cmp%":87.1,"1\/3":55.0,"PPA":1.0,"CrsPA":0.0,"Prog":59.0},{"Player":"Paulo Oliveira","Pos":"DF","Cmp":545.0,"Cmp%":69.2,"1\/3":65.0,"PPA":4.0,"CrsPA":0.0,"Prog":65.0},{"Player":"Mathías Olivera","Pos":"DF","Cmp":544.0,"Cmp%":60.9,"1\/3":49.0,"PPA":13.0,"CrsPA":9.0,"Prog":75.0},{"Player":"Kenneth Omeruo","Pos":"DF","Cmp":445.0,"Cmp%":74.0,"1\/3":34.0,"PPA":1.0,"CrsPA":1.0,"Prog":26.0},{"Player":"Javi Ontiveros","Pos":"FW","Cmp":368.0,"Cmp%":76.8,"1\/3":25.0,"PPA":12.0,"CrsPA":5.0,"Prog":35.0},{"Player":"Fabián Orellana","Pos":"MF","Cmp":771.0,"Cmp%":72.6,"1\/3":42.0,"PPA":32.0,"CrsPA":10.0,"Prog":78.0},{"Player":"Mikel Oyarzabal","Pos":"FW","Cmp":828.0,"Cmp%":71.8,"1\/3":56.0,"PPA":45.0,"CrsPA":11.0,"Prog":94.0},{"Player":"Fernando","Pos":"GK","Cmp":471.0,"Cmp%":57.9,"1\/3":15.0,"PPA":2.0,"CrsPA":0.0,"Prog":0.0},{"Player":"Daniel Parejo","Pos":"MF","Cmp":1980.0,"Cmp%":82.6,"1\/3":233.0,"PPA":30.0,"CrsPA":4.0,"Prog":251.0},{"Player":"Thomas Partey","Pos":"MF","Cmp":1414.0,"Cmp%":83.0,"1\/3":179.0,"PPA":21.0,"CrsPA":1.0,"Prog":178.0},{"Player":"Gabriel","Pos":"DF","Cmp":1520.0,"Cmp%":89.0,"1\/3":82.0,"PPA":2.0,"CrsPA":0.0,"Prog":61.0},{"Player":"Alfonso","Pos":"DF","Cmp":595.0,"Cmp%":77.3,"1\/3":41.0,"PPA":14.0,"CrsPA":4.0,"Prog":61.0},{"Player":"Adrià Pedrosa","Pos":"DF","Cmp":376.0,"Cmp%":76.4,"1\/3":12.0,"PPA":12.0,"CrsPA":5.0,"Prog":28.0},{"Player":"Rubén Peña","Pos":"DF","Cmp":1027.0,"Cmp%":78.2,"1\/3":65.0,"PPA":21.0,"CrsPA":11.0,"Prog":85.0},{"Player":"Charles","Pos":"FW","Cmp":232.0,"Cmp%":80.8,"1\/3":6.0,"PPA":7.0,"CrsPA":1.0,"Prog":19.0},{"Player":"Iñigo Pérez","Pos":"MF","Cmp":444.0,"Cmp%":74.2,"1\/3":55.0,"PPA":7.0,"CrsPA":0.0,"Prog":53.0},{"Player":"Lucas Pérez","Pos":"FW","Cmp":448.0,"Cmp%":63.5,"1\/3":31.0,"PPA":27.0,"CrsPA":4.0,"Prog":66.0},{"Player":"Rubén Pérez","Pos":"MF","Cmp":895.0,"Cmp%":78.4,"1\/3":97.0,"PPA":9.0,"CrsPA":0.0,"Prog":98.0},{"Player":"Gerard Piqué","Pos":"DF","Cmp":2469.0,"Cmp%":92.9,"1\/3":192.0,"PPA":3.0,"CrsPA":0.0,"Prog":116.0},{"Player":"Óscar Plano","Pos":"MF","Cmp":529.0,"Cmp%":71.5,"1\/3":54.0,"PPA":18.0,"CrsPA":6.0,"Prog":49.0},{"Player":"Pere Pons","Pos":"MF","Cmp":280.0,"Cmp%":74.1,"1\/3":9.0,"PPA":4.0,"CrsPA":1.0,"Prog":17.0},{"Player":"Francisco Portillo","Pos":"MF","Cmp":120.0,"Cmp%":71.9,"1\/3":15.0,"PPA":11.0,"CrsPA":2.0,"Prog":24.0},{"Player":"Portu","Pos":"FW","Cmp":456.0,"Cmp%":68.7,"1\/3":27.0,"PPA":34.0,"CrsPA":17.0,"Prog":51.0},{"Player":"Sergio Postigo","Pos":"DF","Cmp":842.0,"Cmp%":82.8,"1\/3":56.0,"PPA":7.0,"CrsPA":0.0,"Prog":70.0},{"Player":"Alejandro Pozo","Pos":"FW","Cmp":10.0,"Cmp%":71.4,"1\/3":3.0,"PPA":0.0,"CrsPA":0.0,"Prog":2.0},{"Player":"Alejandro Pozo","Pos":"DF","Cmp":647.0,"Cmp%":75.6,"1\/3":34.0,"PPA":17.0,"CrsPA":10.0,"Prog":41.0},{"Player":"Abdón Prats","Pos":"FW","Cmp":46.0,"Cmp%":63.0,"1\/3":4.0,"PPA":0.0,"CrsPA":0.0,"Prog":5.0},{"Player":"Antonio Puertas","Pos":"FW","Cmp":538.0,"Cmp%":70.1,"1\/3":27.0,"PPA":12.0,"CrsPA":6.0,"Prog":40.0},{"Player":"Xavier Quintillá","Pos":"DF","Cmp":850.0,"Cmp%":81.7,"1\/3":39.0,"PPA":17.0,"CrsPA":9.0,"Prog":44.0},{"Player":"Nemanja Radoja","Pos":"MF","Cmp":838.0,"Cmp%":88.3,"1\/3":59.0,"PPA":8.0,"CrsPA":2.0,"Prog":72.0},{"Player":"Rafinha","Pos":"FW","Cmp":142.0,"Cmp%":86.6,"1\/3":7.0,"PPA":6.0,"CrsPA":2.0,"Prog":8.0},{"Player":"Rafinha","Pos":"MF","Cmp":1138.0,"Cmp%":86.4,"1\/3":93.0,"PPA":28.0,"CrsPA":1.0,"Prog":106.0},{"Player":"Raíllo","Pos":"DF","Cmp":959.0,"Cmp%":83.0,"1\/3":36.0,"PPA":2.0,"CrsPA":0.0,"Prog":43.0},{"Player":"Ivan Rakitic","Pos":"MF","Cmp":1322.0,"Cmp%":89.0,"1\/3":119.0,"PPA":20.0,"CrsPA":0.0,"Prog":76.0},{"Player":"Sandro Ramírez","Pos":"FW","Cmp":273.0,"Cmp%":72.6,"1\/3":21.0,"PPA":9.0,"CrsPA":4.0,"Prog":20.0},{"Player":"Adrián","Pos":"FW","Cmp":49.0,"Cmp%":65.3,"1\/3":10.0,"PPA":2.0,"CrsPA":0.0,"Prog":8.0},{"Player":"Sergio Ramos","Pos":"DF","Cmp":1963.0,"Cmp%":91.6,"1\/3":174.0,"PPA":8.0,"CrsPA":1.0,"Prog":115.0},{"Player":"Recio","Pos":"MF","Cmp":744.0,"Cmp%":86.5,"1\/3":65.0,"PPA":7.0,"CrsPA":3.0,"Prog":54.0},{"Player":"Sergio Reguilón","Pos":"DF","Cmp":1426.0,"Cmp%":79.7,"1\/3":85.0,"PPA":39.0,"CrsPA":21.0,"Prog":115.0},{"Player":"Manolo Reina","Pos":"GK","Cmp":741.0,"Cmp%":62.1,"1\/3":17.0,"PPA":0.0,"CrsPA":0.0,"Prog":1.0},{"Player":"Remiro","Pos":"GK","Cmp":683.0,"Cmp%":75.1,"1\/3":7.0,"PPA":0.0,"CrsPA":0.0,"Prog":0.0},{"Player":"Luis Rioja","Pos":"MF","Cmp":306.0,"Cmp%":70.2,"1\/3":14.0,"PPA":13.0,"CrsPA":5.0,"Prog":30.0},{"Player":"Rodrigo","Pos":"MF","Cmp":1.0,"Cmp%":33.3,"1\/3":1.0,"PPA":0.0,"CrsPA":0.0,"Prog":1.0},{"Player":"Roger","Pos":"DF","Cmp":80.0,"Cmp%":86.0,"1\/3":3.0,"PPA":0.0,"CrsPA":0.0,"Prog":3.0},{"Player":"Sergi Roberto","Pos":"DF","Cmp":1964.0,"Cmp%":92.1,"1\/3":128.0,"PPA":40.0,"CrsPA":4.0,"Prog":120.0},{"Player":"Joel Robles","Pos":"GK","Cmp":847.0,"Cmp%":73.5,"1\/3":13.0,"PPA":1.0,"CrsPA":0.0,"Prog":0.0},{"Player":"Marc Roca","Pos":"MF","Cmp":1389.0,"Cmp%":80.2,"1\/3":218.0,"PPA":23.0,"CrsPA":5.0,"Prog":214.0},{"Player":"Rubén Rochina","Pos":"MF","Cmp":700.0,"Cmp%":72.4,"1\/3":101.0,"PPA":24.0,"CrsPA":10.0,"Prog":95.0},{"Player":"Rodrigo","Pos":"FW","Cmp":479.0,"Cmp%":75.8,"1\/3":49.0,"PPA":26.0,"CrsPA":7.0,"Prog":52.0},{"Player":"Kévin Rodrigues","Pos":"DF","Cmp":4.0,"Cmp%":57.1,"1\/3":0.0,"PPA":0.0,"CrsPA":0.0,"Prog":1.0},{"Player":"Kévin Rodrigues","Pos":"DF","Cmp":522.0,"Cmp%":66.2,"1\/3":41.0,"PPA":21.0,"CrsPA":10.0,"Prog":54.0},{"Player":"Óscar Rodríguez","Pos":"MF","Cmp":548.0,"Cmp%":68.2,"1\/3":51.0,"PPA":21.0,"CrsPA":8.0,"Prog":56.0},{"Player":"Ángel","Pos":"FW","Cmp":197.0,"Cmp%":62.5,"1\/3":18.0,"PPA":8.0,"CrsPA":3.0,"Prog":14.0},{"Player":"Dani Rodríguez","Pos":"MF","Cmp":945.0,"Cmp%":81.4,"1\/3":96.0,"PPA":25.0,"CrsPA":6.0,"Prog":93.0},{"Player":"Mario","Pos":"FW","Cmp":0.0,"Cmp%":"","1\/3":0.0,"PPA":0.0,"CrsPA":0.0,"Prog":0.0},{"Player":"Rodrygo","Pos":"FW","Cmp":430.0,"Cmp%":84.1,"1\/3":21.0,"PPA":22.0,"CrsPA":8.0,"Prog":45.0},{"Player":"Facundo Roncaglia","Pos":"DF","Cmp":452.0,"Cmp%":77.3,"1\/3":31.0,"PPA":5.0,"CrsPA":0.0,"Prog":50.0},{"Player":"Roberto Rosales","Pos":"DF","Cmp":634.0,"Cmp%":68.9,"1\/3":40.0,"PPA":17.0,"CrsPA":9.0,"Prog":61.0},{"Player":"Waldo Rubio","Pos":"MF","Cmp":188.0,"Cmp%":62.9,"1\/3":18.0,"PPA":8.0,"CrsPA":5.0,"Prog":16.0},{"Player":"Aitor Ruibal","Pos":"DF","Cmp":306.0,"Cmp%":73.9,"1\/3":24.0,"PPA":9.0,"CrsPA":3.0,"Prog":37.0},{"Player":"Borja Sainz","Pos":"MF","Cmp":94.0,"Cmp%":72.3,"1\/3":6.0,"PPA":5.0,"CrsPA":2.0,"Prog":10.0},{"Player":"Mohammed Salisu","Pos":"DF","Cmp":890.0,"Cmp%":84.3,"1\/3":41.0,"PPA":1.0,"CrsPA":1.0,"Prog":49.0},{"Player":"Fede San Emeterio","Pos":"MF","Cmp":558.0,"Cmp%":81.7,"1\/3":42.0,"PPA":1.0,"CrsPA":0.0,"Prog":40.0},{"Player":"Oihan Sancet","Pos":"MF","Cmp":168.0,"Cmp%":80.8,"1\/3":15.0,"PPA":0.0,"CrsPA":0.0,"Prog":12.0},{"Player":"Germán Sánchez","Pos":"DF","Cmp":738.0,"Cmp%":81.9,"1\/3":26.0,"PPA":2.0,"CrsPA":0.0,"Prog":38.0},{"Player":"Víctor Sánchez","Pos":"MF","Cmp":739.0,"Cmp%":77.0,"1\/3":70.0,"PPA":12.0,"CrsPA":6.0,"Prog":65.0},{"Player":"Oier","Pos":"MF","Cmp":734.0,"Cmp%":72.7,"1\/3":92.0,"PPA":9.0,"CrsPA":3.0,"Prog":101.0},{"Player":"Stefan Savic","Pos":"DF","Cmp":864.0,"Cmp%":83.4,"1\/3":63.0,"PPA":4.0,"CrsPA":0.0,"Prog":64.0},{"Player":"Nélson Semedo","Pos":"DF","Cmp":1487.0,"Cmp%":89.4,"1\/3":92.0,"PPA":23.0,"CrsPA":2.0,"Prog":87.0},{"Player":"Salva Sevilla","Pos":"MF","Cmp":1446.0,"Cmp%":82.9,"1\/3":156.0,"PPA":15.0,"CrsPA":0.0,"Prog":154.0},{"Player":"Jonathan Silva","Pos":"DF","Cmp":942.0,"Cmp%":69.0,"1\/3":76.0,"PPA":37.0,"CrsPA":25.0,"Prog":110.0},{"Player":"Rui Silva","Pos":"GK","Cmp":716.0,"Cmp%":56.0,"1\/3":38.0,"PPA":0.0,"CrsPA":0.0,"Prog":0.0},{"Player":"Unai Simón","Pos":"GK","Cmp":650.0,"Cmp%":58.7,"1\/3":24.0,"PPA":0.0,"CrsPA":0.0,"Prog":0.0},{"Player":"Dimitrios Siovas","Pos":"DF","Cmp":594.0,"Cmp%":71.2,"1\/3":54.0,"PPA":3.0,"CrsPA":1.0,"Prog":54.0},{"Player":"Pione Sisto","Pos":"FW","Cmp":348.0,"Cmp%":78.2,"1\/3":22.0,"PPA":8.0,"CrsPA":1.0,"Prog":20.0},{"Player":"Roberto Soldado","Pos":"FW","Cmp":390.0,"Cmp%":68.7,"1\/3":19.0,"PPA":13.0,"CrsPA":4.0,"Prog":32.0},{"Player":"Carlos Soler","Pos":"MF","Cmp":582.0,"Cmp%":78.1,"1\/3":49.0,"PPA":25.0,"CrsPA":2.0,"Prog":72.0},{"Player":"David Soria","Pos":"GK","Cmp":503.0,"Cmp%":44.5,"1\/3":63.0,"PPA":1.0,"CrsPA":0.0,"Prog":1.0},{"Player":"Damián Suárez","Pos":"DF","Cmp":992.0,"Cmp%":65.5,"1\/3":133.0,"PPA":42.0,"CrsPA":18.0,"Prog":185.0},{"Player":"Denis Suárez","Pos":"MF","Cmp":664.0,"Cmp%":75.8,"1\/3":64.0,"PPA":35.0,"CrsPA":10.0,"Prog":81.0},{"Player":"Luis Suárez","Pos":"FW","Cmp":529.0,"Cmp%":75.9,"1\/3":19.0,"PPA":19.0,"CrsPA":2.0,"Prog":35.0},{"Player":"Suso","Pos":"FW","Cmp":295.0,"Cmp%":75.4,"1\/3":24.0,"PPA":23.0,"CrsPA":6.0,"Prog":39.0},{"Player":"Rodrigo","Pos":"DF","Cmp":191.0,"Cmp%":79.9,"1\/3":9.0,"PPA":1.0,"CrsPA":0.0,"Prog":6.0},{"Player":"Tejero","Pos":"DF","Cmp":563.0,"Cmp%":73.4,"1\/3":56.0,"PPA":29.0,"CrsPA":15.0,"Prog":67.0},{"Player":"Cristian Tello","Pos":"MF","Cmp":285.0,"Cmp%":75.6,"1\/3":9.0,"PPA":7.0,"CrsPA":1.0,"Prog":34.0},{"Player":"Marc-André ter Stegen","Pos":"GK","Cmp":1250.0,"Cmp%":88.1,"1\/3":8.0,"PPA":2.0,"CrsPA":0.0,"Prog":1.0},{"Player":"David Timor","Pos":"MF","Cmp":251.0,"Cmp%":62.1,"1\/3":44.0,"PPA":5.0,"CrsPA":2.0,"Prog":39.0},{"Player":"Karl Toko Ekambi","Pos":"FW","Cmp":178.0,"Cmp%":77.4,"1\/3":5.0,"PPA":3.0,"CrsPA":1.0,"Prog":6.0},{"Player":"Toño","Pos":"DF","Cmp":738.0,"Cmp%":80.7,"1\/3":51.0,"PPA":22.0,"CrsPA":10.0,"Prog":61.0},{"Player":"Ferrán Torres","Pos":"MF","Cmp":541.0,"Cmp%":72.0,"1\/3":32.0,"PPA":41.0,"CrsPA":15.0,"Prog":71.0},{"Player":"Óliver Torres","Pos":"MF","Cmp":810.0,"Cmp%":81.5,"1\/3":95.0,"PPA":26.0,"CrsPA":4.0,"Prog":89.0},{"Player":"Pau Torres","Pos":"DF","Cmp":1724.0,"Cmp%":86.3,"1\/3":102.0,"PPA":4.0,"CrsPA":0.0,"Prog":92.0},{"Player":"Roberto Torres","Pos":"MF","Cmp":722.0,"Cmp%":64.6,"1\/3":76.0,"PPA":37.0,"CrsPA":16.0,"Prog":116.0},{"Player":"Manu Trigueros","Pos":"MF","Cmp":784.0,"Cmp%":85.4,"1\/3":103.0,"PPA":19.0,"CrsPA":0.0,"Prog":88.0},{"Player":"Kieran Trippier","Pos":"DF","Cmp":938.0,"Cmp%":71.7,"1\/3":62.0,"PPA":52.0,"CrsPA":12.0,"Prog":126.0},{"Player":"Enes Ünal","Pos":"FW","Cmp":423.0,"Cmp%":68.1,"1\/3":41.0,"PPA":10.0,"CrsPA":2.0,"Prog":44.0},{"Player":"Tomás Vaclik","Pos":"GK","Cmp":668.0,"Cmp%":72.5,"1\/3":7.0,"PPA":0.0,"CrsPA":0.0,"Prog":0.0},{"Player":"Álvaro Vadillo","Pos":"FW","Cmp":303.0,"Cmp%":66.7,"1\/3":17.0,"PPA":14.0,"CrsPA":3.0,"Prog":35.0},{"Player":"Martin Valjent","Pos":"DF","Cmp":1015.0,"Cmp%":84.1,"1\/3":63.0,"PPA":2.0,"CrsPA":2.0,"Prog":55.0},{"Player":"Federico Valverde","Pos":"MF","Cmp":985.0,"Cmp%":88.0,"1\/3":77.0,"PPA":17.0,"CrsPA":3.0,"Prog":75.0},{"Player":"Raphael Varane","Pos":"DF","Cmp":1479.0,"Cmp%":88.7,"1\/3":81.0,"PPA":3.0,"CrsPA":2.0,"Prog":50.0},{"Player":"Matías Vargas","Pos":"FW","Cmp":261.0,"Cmp%":65.9,"1\/3":20.0,"PPA":23.0,"CrsPA":5.0,"Prog":43.0},{"Player":"Franco Vázquez","Pos":"MF","Cmp":546.0,"Cmp%":85.8,"1\/3":56.0,"PPA":9.0,"CrsPA":1.0,"Prog":53.0},{"Player":"Kevin","Pos":"DF","Cmp":612.0,"Cmp%":79.7,"1\/3":32.0,"PPA":5.0,"CrsPA":1.0,"Prog":37.0},{"Player":"Lucas Vázquez","Pos":"MF","Cmp":465.0,"Cmp%":79.8,"1\/3":14.0,"PPA":23.0,"CrsPA":10.0,"Prog":34.0},{"Player":"Koke","Pos":"GK","Cmp":43.0,"Cmp%":68.3,"1\/3":2.0,"PPA":0.0,"CrsPA":0.0,"Prog":0.0},{"Player":"Mikel Vesga","Pos":"MF","Cmp":449.0,"Cmp%":78.4,"1\/3":38.0,"PPA":6.0,"CrsPA":0.0,"Prog":42.0},{"Player":"Rúben Vezo","Pos":"DF","Cmp":954.0,"Cmp%":82.0,"1\/3":64.0,"PPA":1.0,"CrsPA":0.0,"Prog":65.0},{"Player":"Fede Vico","Pos":"MF","Cmp":243.0,"Cmp%":70.6,"1\/3":24.0,"PPA":9.0,"CrsPA":4.0,"Prog":24.0},{"Player":"Aleix Vidal","Pos":"MF","Cmp":611.0,"Cmp%":72.1,"1\/3":56.0,"PPA":27.0,"CrsPA":13.0,"Prog":67.0},{"Player":"Arturo Vidal","Pos":"MF","Cmp":1115.0,"Cmp%":89.1,"1\/3":69.0,"PPA":14.0,"CrsPA":2.0,"Prog":59.0},{"Player":"Nacho","Pos":"DF","Cmp":897.0,"Cmp%":72.3,"1\/3":70.0,"PPA":36.0,"CrsPA":15.0,"Prog":100.0},{"Player":"Dídac Vilá","Pos":"DF","Cmp":929.0,"Cmp%":73.7,"1\/3":59.0,"PPA":19.0,"CrsPA":8.0,"Prog":78.0},{"Player":"Toni Villa","Pos":"MF","Cmp":331.0,"Cmp%":71.0,"1\/3":33.0,"PPA":12.0,"CrsPA":4.0,"Prog":56.0},{"Player":"Asier Villalibre","Pos":"FW","Cmp":70.0,"Cmp%":63.6,"1\/3":4.0,"PPA":3.0,"CrsPA":0.0,"Prog":5.0},{"Player":"Vitolo","Pos":"MF","Cmp":449.0,"Cmp%":84.2,"1\/3":31.0,"PPA":12.0,"CrsPA":0.0,"Prog":37.0},{"Player":"Nikola Vukcevic","Pos":"MF","Cmp":576.0,"Cmp%":87.9,"1\/3":39.0,"PPA":4.0,"CrsPA":0.0,"Prog":36.0},{"Player":"Daniel Wass","Pos":"DF","Cmp":1286.0,"Cmp%":80.3,"1\/3":76.0,"PPA":20.0,"CrsPA":7.0,"Prog":100.0},{"Player":"Iñaki Williams","Pos":"FW","Cmp":510.0,"Cmp%":71.8,"1\/3":19.0,"PPA":28.0,"CrsPA":10.0,"Prog":36.0},{"Player":"Okay Yokuslu","Pos":"MF","Cmp":882.0,"Cmp%":82.9,"1\/3":54.0,"PPA":4.0,"CrsPA":1.0,"Prog":50.0},{"Player":"Zaldúa","Pos":"DF","Cmp":1227.0,"Cmp%":78.7,"1\/3":59.0,"PPA":28.0,"CrsPA":20.0,"Prog":78.0},{"Player":"Igor Zubeldia","Pos":"MF","Cmp":1467.0,"Cmp%":87.8,"1\/3":79.0,"PPA":1.0,"CrsPA":0.0,"Prog":107.0},{"Player":"Martin Ødegaard","Pos":"MF","Cmp":"1308","Cmp%":"80.9","1\/3":"141","PPA":"73","CrsPA":"2","Prog":"203"}]