[{"Player":"Francesco Acerbi","Pos":"DF","Cmp":1804.0,"Cmp%":88.6,"1\/3":115.0,"PPA":20.0,"CrsPA":9.0,"Prog":99.0},{"Player":"Kevin Agudelo","Pos":"FW","Cmp":232.0,"Cmp%":72.5,"1\/3":18.0,"PPA":12.0,"CrsPA":0.0,"Prog":30.0},{"Player":"Jean-Daniel Akpa-Akpro","Pos":"MF","Cmp":288.0,"Cmp%":81.4,"1\/3":17.0,"PPA":8.0,"CrsPA":0.0,"Prog":28.0},{"Player":"Luis Alberto","Pos":"MF","Cmp":1520.0,"Cmp%":78.3,"1\/3":262.0,"PPA":90.0,"CrsPA":9.0,"Prog":290.0},{"Player":"Bruno Alves","Pos":"DF","Cmp":796.0,"Cmp%":86.9,"1\/3":42.0,"PPA":2.0,"CrsPA":1.0,"Prog":36.0},{"Player":"Sofyan Amrabat","Pos":"MF","Cmp":1234.0,"Cmp%":88.8,"1\/3":126.0,"PPA":15.0,"CrsPA":5.0,"Prog":111.0},{"Player":"Cristian Ansaldi","Pos":"DF","Cmp":684.0,"Cmp%":67.9,"1\/3":62.0,"PPA":40.0,"CrsPA":32.0,"Prog":78.0},{"Player":"Tolgay Arslan","Pos":"MF","Cmp":761.0,"Cmp%":84.5,"1\/3":56.0,"PPA":16.0,"CrsPA":3.0,"Prog":52.0},{"Player":"Emil Audero","Pos":"GK","Cmp":874.0,"Cmp%":69.6,"1\/3":10.0,"PPA":0.0,"CrsPA":0.0,"Prog":0.0},{"Player":"Tommaso Augello","Pos":"DF","Cmp":1567.0,"Cmp%":76.6,"1\/3":91.0,"PPA":41.0,"CrsPA":19.0,"Prog":165.0},{"Player":"Kaan Ayhan","Pos":"DF","Cmp":516.0,"Cmp%":91.8,"1\/3":35.0,"PPA":2.0,"CrsPA":0.0,"Prog":33.0},{"Player":"Milan Badelj","Pos":"MF","Cmp":1298.0,"Cmp%":81.4,"1\/3":139.0,"PPA":23.0,"CrsPA":2.0,"Prog":149.0},{"Player":"Tiemoué Bakayoko","Pos":"MF","Cmp":1091.0,"Cmp%":90.2,"1\/3":91.0,"PPA":8.0,"CrsPA":0.0,"Prog":69.0},{"Player":"Keita","Pos":"FW","Cmp":237.0,"Cmp%":74.8,"1\/3":12.0,"PPA":8.0,"CrsPA":1.0,"Prog":19.0},{"Player":"Mattia Bani","Pos":"DF","Cmp":438.0,"Cmp%":84.6,"1\/3":17.0,"PPA":2.0,"CrsPA":0.0,"Prog":15.0},{"Player":"Mattia Bani","Pos":"DF","Cmp":639.0,"Cmp%":90.8,"1\/3":21.0,"PPA":1.0,"CrsPA":1.0,"Prog":23.0},{"Player":"Antonin Barak","Pos":"MF","Cmp":1027.0,"Cmp%":78.2,"1\/3":114.0,"PPA":29.0,"CrsPA":4.0,"Prog":136.0},{"Player":"Federico Barba","Pos":"DF","Cmp":1115.0,"Cmp%":80.4,"1\/3":55.0,"PPA":15.0,"CrsPA":3.0,"Prog":73.0},{"Player":"Nicolò Barella","Pos":"MF","Cmp":1605.0,"Cmp%":83.0,"1\/3":158.0,"PPA":68.0,"CrsPA":11.0,"Prog":222.0},{"Player":"Musa Barrow","Pos":"FW","Cmp":838.0,"Cmp%":71.3,"1\/3":77.0,"PPA":31.0,"CrsPA":12.0,"Prog":88.0},{"Player":"Daniele Baselli","Pos":"MF","Cmp":170.0,"Cmp%":75.2,"1\/3":20.0,"PPA":4.0,"CrsPA":0.0,"Prog":25.0},{"Player":"Alessandro Bastoni","Pos":"DF","Cmp":2059.0,"Cmp%":89.9,"1\/3":165.0,"PPA":17.0,"CrsPA":3.0,"Prog":125.0},{"Player":"Simone Bastoni","Pos":"DF","Cmp":807.0,"Cmp%":75.7,"1\/3":52.0,"PPA":26.0,"CrsPA":8.0,"Prog":77.0},{"Player":"Rodrigo Becão","Pos":"DF","Cmp":1211.0,"Cmp%":87.8,"1\/3":85.0,"PPA":5.0,"CrsPA":1.0,"Prog":60.0},{"Player":"Valon Behrami","Pos":"MF","Cmp":165.0,"Cmp%":75.3,"1\/3":17.0,"PPA":2.0,"CrsPA":0.0,"Prog":21.0},{"Player":"Andrea Belotti","Pos":"FW","Cmp":502.0,"Cmp%":69.0,"1\/3":34.0,"PPA":40.0,"CrsPA":6.0,"Prog":57.0},{"Player":"Ahmed Benali","Pos":"MF","Cmp":661.0,"Cmp%":84.9,"1\/3":51.0,"PPA":11.0,"CrsPA":3.0,"Prog":52.0},{"Player":"Ismael Bennacer","Pos":"MF","Cmp":851.0,"Cmp%":86.6,"1\/3":97.0,"PPA":12.0,"CrsPA":2.0,"Prog":77.0},{"Player":"Rodrigo Bentancur","Pos":"MF","Cmp":1651.0,"Cmp%":89.2,"1\/3":168.0,"PPA":19.0,"CrsPA":5.0,"Prog":171.0},{"Player":"Domenico Berardi","Pos":"FW","Cmp":988.0,"Cmp%":76.2,"1\/3":63.0,"PPA":97.0,"CrsPA":21.0,"Prog":164.0},{"Player":"Bartosz Bereszynski","Pos":"DF","Cmp":1220.0,"Cmp%":81.6,"1\/3":68.0,"PPA":19.0,"CrsPA":8.0,"Prog":95.0},{"Player":"Federico Bernardeschi","Pos":"DF","Cmp":455.0,"Cmp%":77.1,"1\/3":42.0,"PPA":15.0,"CrsPA":6.0,"Prog":38.0},{"Player":"Daniel Bessa","Pos":"MF","Cmp":257.0,"Cmp%":85.1,"1\/3":23.0,"PPA":11.0,"CrsPA":4.0,"Prog":24.0},{"Player":"Cristiano Biraghi","Pos":"DF","Cmp":1198.0,"Cmp%":69.1,"1\/3":88.0,"PPA":46.0,"CrsPA":32.0,"Prog":129.0},{"Player":"Jeremie Boga","Pos":"FW","Cmp":686.0,"Cmp%":88.5,"1\/3":23.0,"PPA":17.0,"CrsPA":0.0,"Prog":43.0},{"Player":"Giacomo Bonaventura","Pos":"MF","Cmp":774.0,"Cmp%":80.6,"1\/3":71.0,"PPA":25.0,"CrsPA":7.0,"Prog":66.0},{"Player":"Federico Bonazzoli","Pos":"FW","Cmp":20.0,"Cmp%":71.4,"1\/3":4.0,"PPA":1.0,"CrsPA":0.0,"Prog":2.0},{"Player":"Federico Bonazzoli","Pos":"FW","Cmp":129.0,"Cmp%":83.2,"1\/3":6.0,"PPA":4.0,"CrsPA":0.0,"Prog":6.0},{"Player":"Kevin Bonifazi","Pos":"DF","Cmp":1208.0,"Cmp%":89.6,"1\/3":58.0,"PPA":3.0,"CrsPA":0.0,"Prog":49.0},{"Player":"Leonardo Bonucci","Pos":"DF","Cmp":1339.0,"Cmp%":90.1,"1\/3":91.0,"PPA":6.0,"CrsPA":1.0,"Prog":76.0},{"Player":"Mehdi Bourabia","Pos":"MF","Cmp":315.0,"Cmp%":84.5,"1\/3":33.0,"PPA":2.0,"CrsPA":0.0,"Prog":15.0},{"Player":"Bremer","Pos":"DF","Cmp":1346.0,"Cmp%":84.4,"1\/3":74.0,"PPA":3.0,"CrsPA":0.0,"Prog":69.0},{"Player":"Marcelo Brozovic","Pos":"MF","Cmp":2000.0,"Cmp%":88.0,"1\/3":235.0,"PPA":43.0,"CrsPA":10.0,"Prog":204.0},{"Player":"Gastón Brugman","Pos":"MF","Cmp":907.0,"Cmp%":83.2,"1\/3":80.0,"PPA":11.0,"CrsPA":0.0,"Prog":100.0},{"Player":"Maxime Busi","Pos":"DF","Cmp":658.0,"Cmp%":83.4,"1\/3":53.0,"PPA":16.0,"CrsPA":7.0,"Prog":72.0},{"Player":"Martín Cáceres","Pos":"DF","Cmp":824.0,"Cmp%":79.5,"1\/3":73.0,"PPA":14.0,"CrsPA":9.0,"Prog":87.0},{"Player":"Felipe Caicedo","Pos":"FW","Cmp":200.0,"Cmp%":74.9,"1\/3":21.0,"PPA":4.0,"CrsPA":0.0,"Prog":19.0},{"Player":"Arthur","Pos":"DF","Cmp":14.0,"Cmp%":77.8,"1\/3":1.0,"PPA":0.0,"CrsPA":0.0,"Prog":2.0},{"Player":"Arthur","Pos":"DF","Cmp":4.0,"Cmp%":66.7,"1\/3":1.0,"PPA":0.0,"CrsPA":0.0,"Prog":0.0},{"Player":"Davide Calabria","Pos":"DF","Cmp":1396.0,"Cmp%":78.2,"1\/3":152.0,"PPA":37.0,"CrsPA":13.0,"Prog":176.0},{"Player":"Luca Caldirola","Pos":"DF","Cmp":654.0,"Cmp%":84.7,"1\/3":40.0,"PPA":5.0,"CrsPA":2.0,"Prog":40.0},{"Player":"Hakan Calhanoglu","Pos":"MF","Cmp":1273.0,"Cmp%":77.4,"1\/3":117.0,"PPA":60.0,"CrsPA":11.0,"Prog":168.0},{"Player":"José Callejón","Pos":"FW","Cmp":211.0,"Cmp%":74.3,"1\/3":15.0,"PPA":10.0,"CrsPA":4.0,"Prog":19.0},{"Player":"Antonio Candreva","Pos":"MF","Cmp":1099.0,"Cmp%":67.5,"1\/3":117.0,"PPA":65.0,"CrsPA":21.0,"Prog":186.0},{"Player":"Gianluca Caprari","Pos":"MF","Cmp":501.0,"Cmp%":72.0,"1\/3":37.0,"PPA":23.0,"CrsPA":6.0,"Prog":54.0},{"Player":"Francesco Caputo","Pos":"FW","Cmp":327.0,"Cmp%":77.7,"1\/3":11.0,"PPA":7.0,"CrsPA":0.0,"Prog":19.0},{"Player":"Andrea Carboni","Pos":"DF","Cmp":466.0,"Cmp%":78.5,"1\/3":43.0,"PPA":4.0,"CrsPA":2.0,"Prog":39.0},{"Player":"Samu Castillejo","Pos":"FW","Cmp":365.0,"Cmp%":78.8,"1\/3":23.0,"PPA":16.0,"CrsPA":4.0,"Prog":37.0},{"Player":"Gaetano Castrovilli","Pos":"MF","Cmp":598.0,"Cmp%":77.3,"1\/3":49.0,"PPA":35.0,"CrsPA":12.0,"Prog":79.0},{"Player":"Danilo","Pos":"MF","Cmp":356.0,"Cmp%":82.4,"1\/3":35.0,"PPA":8.0,"CrsPA":2.0,"Prog":40.0},{"Player":"Federico Ceccherini","Pos":"DF","Cmp":97.0,"Cmp%":87.4,"1\/3":4.0,"PPA":0.0,"CrsPA":0.0,"Prog":5.0},{"Player":"Federico Ceccherini","Pos":"DF","Cmp":745.0,"Cmp%":81.8,"1\/3":72.0,"PPA":6.0,"CrsPA":0.0,"Prog":63.0},{"Player":"Luca Ceppitelli","Pos":"DF","Cmp":685.0,"Cmp%":84.4,"1\/3":50.0,"PPA":6.0,"CrsPA":1.0,"Prog":44.0},{"Player":"Alberto Cerri","Pos":"FW","Cmp":95.0,"Cmp%":66.9,"1\/3":6.0,"PPA":5.0,"CrsPA":0.0,"Prog":13.0},{"Player":"Julian Chabot","Pos":"DF","Cmp":915.0,"Cmp%":87.4,"1\/3":46.0,"PPA":1.0,"CrsPA":0.0,"Prog":35.0},{"Player":"Giorgio Chiellini","Pos":"DF","Cmp":1004.0,"Cmp%":91.9,"1\/3":75.0,"PPA":2.0,"CrsPA":0.0,"Prog":52.0},{"Player":"Federico Chiesa","Pos":"DF","Cmp":91.0,"Cmp%":77.1,"1\/3":6.0,"PPA":6.0,"CrsPA":5.0,"Prog":5.0},{"Player":"Federico Chiesa","Pos":"MF","Cmp":626.0,"Cmp%":77.5,"1\/3":45.0,"PPA":41.0,"CrsPA":17.0,"Prog":82.0},{"Player":"Vlad Chiriches","Pos":"DF","Cmp":1494.0,"Cmp%":93.5,"1\/3":65.0,"PPA":2.0,"CrsPA":0.0,"Prog":41.0},{"Player":"Ebrima Colley","Pos":"FW","Cmp":196.0,"Cmp%":73.1,"1\/3":11.0,"PPA":8.0,"CrsPA":1.0,"Prog":16.0},{"Player":"Omar Colley","Pos":"DF","Cmp":1087.0,"Cmp%":82.0,"1\/3":96.0,"PPA":0.0,"CrsPA":0.0,"Prog":76.0},{"Player":"Andrea Consigli","Pos":"GK","Cmp":1103.0,"Cmp%":81.2,"1\/3":11.0,"PPA":0.0,"CrsPA":0.0,"Prog":2.0},{"Player":"Andrea Carboni","Pos":"DF","Cmp":21.0,"Cmp%":84.0,"1\/3":2.0,"PPA":1.0,"CrsPA":0.0,"Prog":4.0},{"Player":"Andrea Carboni","Pos":"DF","Cmp":377.0,"Cmp%":83.4,"1\/3":30.0,"PPA":10.0,"CrsPA":4.0,"Prog":49.0},{"Player":"Alex Cordaz","Pos":"GK","Cmp":1042.0,"Cmp%":72.1,"1\/3":10.0,"PPA":0.0,"CrsPA":0.0,"Prog":1.0},{"Player":"Andreas Cornelius","Pos":"FW","Cmp":409.0,"Cmp%":69.9,"1\/3":29.0,"PPA":11.0,"CrsPA":2.0,"Prog":39.0},{"Player":"Joaquín Correa","Pos":"FW","Cmp":596.0,"Cmp%":82.2,"1\/3":39.0,"PPA":20.0,"CrsPA":0.0,"Prog":53.0},{"Player":"Alessio Cragno","Pos":"GK","Cmp":664.0,"Cmp%":69.0,"1\/3":4.0,"PPA":0.0,"CrsPA":0.0,"Prog":0.0},{"Player":"Domenico Criscito","Pos":"DF","Cmp":857.0,"Cmp%":81.5,"1\/3":75.0,"PPA":9.0,"CrsPA":1.0,"Prog":80.0},{"Player":"Bryan Cristante","Pos":"DF","Cmp":1276.0,"Cmp%":83.5,"1\/3":123.0,"PPA":21.0,"CrsPA":3.0,"Prog":120.0},{"Player":"Juan Cuadrado","Pos":"DF","Cmp":1491.0,"Cmp%":82.9,"1\/3":76.0,"PPA":37.0,"CrsPA":8.0,"Prog":150.0},{"Player":"Patric","Pos":"FW","Cmp":44.0,"Cmp%":78.6,"1\/3":0.0,"PPA":0.0,"CrsPA":0.0,"Prog":1.0},{"Player":"Lennart Czyborra","Pos":"DF","Cmp":429.0,"Cmp%":74.5,"1\/3":20.0,"PPA":9.0,"CrsPA":5.0,"Prog":26.0},{"Player":"Danilo","Pos":"DF","Cmp":438.0,"Cmp%":90.1,"1\/3":30.0,"PPA":4.0,"CrsPA":2.0,"Prog":27.0},{"Player":"Bryan Dabo","Pos":"MF","Cmp":456.0,"Cmp%":78.1,"1\/3":48.0,"PPA":13.0,"CrsPA":3.0,"Prog":64.0},{"Player":"Diogo Dalot","Pos":"DF","Cmp":463.0,"Cmp%":75.8,"1\/3":37.0,"PPA":13.0,"CrsPA":8.0,"Prog":42.0},{"Player":"Mikkel Damsgaard","Pos":"MF","Cmp":528.0,"Cmp%":70.8,"1\/3":46.0,"PPA":21.0,"CrsPA":5.0,"Prog":69.0},{"Player":"Danilo","Pos":"DF","Cmp":2194.0,"Cmp%":88.3,"1\/3":228.0,"PPA":33.0,"CrsPA":9.0,"Prog":175.0},{"Player":"Matteo Darmian","Pos":"DF","Cmp":78.0,"Cmp%":78.0,"1\/3":4.0,"PPA":0.0,"CrsPA":0.0,"Prog":8.0},{"Player":"Matteo Darmian","Pos":"DF","Cmp":421.0,"Cmp%":81.0,"1\/3":18.0,"PPA":13.0,"CrsPA":8.0,"Prog":32.0},{"Player":"Pawel Dawidowicz","Pos":"DF","Cmp":754.0,"Cmp%":85.6,"1\/3":31.0,"PPA":3.0,"CrsPA":0.0,"Prog":41.0},{"Player":"Sebastien De Maio","Pos":"DF","Cmp":317.0,"Cmp%":86.1,"1\/3":6.0,"PPA":1.0,"CrsPA":0.0,"Prog":14.0},{"Player":"Rodrigo de Paul","Pos":"MF","Cmp":1532.0,"Cmp%":73.3,"1\/3":183.0,"PPA":97.0,"CrsPA":20.0,"Prog":265.0},{"Player":"Lorenzo De Silvestri","Pos":"DF","Cmp":953.0,"Cmp%":75.9,"1\/3":86.0,"PPA":19.0,"CrsPA":6.0,"Prog":85.0},{"Player":"Gregoire Defrel","Pos":"FW","Cmp":373.0,"Cmp%":87.6,"1\/3":25.0,"PPA":13.0,"CrsPA":1.0,"Prog":28.0},{"Player":"Alessandro Deiola","Pos":"MF","Cmp":127.0,"Cmp%":77.0,"1\/3":9.0,"PPA":1.0,"CrsPA":1.0,"Prog":10.0},{"Player":"Alessandro Deiola","Pos":"MF","Cmp":197.0,"Cmp%":84.2,"1\/3":16.0,"PPA":3.0,"CrsPA":2.0,"Prog":19.0},{"Player":"Merih Demiral","Pos":"DF","Cmp":592.0,"Cmp%":93.1,"1\/3":19.0,"PPA":0.0,"CrsPA":0.0,"Prog":21.0},{"Player":"Diego Demme","Pos":"MF","Cmp":1117.0,"Cmp%":89.4,"1\/3":112.0,"PPA":14.0,"CrsPA":2.0,"Prog":67.0},{"Player":"Stefano Sensi","Pos":"DF","Cmp":64.0,"Cmp%":81.0,"1\/3":7.0,"PPA":1.0,"CrsPA":0.0,"Prog":8.0},{"Player":"Fabio Depaoli","Pos":"MF","Cmp":9.0,"Cmp%":60.0,"1\/3":1.0,"PPA":0.0,"CrsPA":0.0,"Prog":2.0},{"Player":"Fabio Depaoli","Pos":"DF","Cmp":86.0,"Cmp%":83.5,"1\/3":5.0,"PPA":1.0,"CrsPA":0.0,"Prog":12.0},{"Player":"Fabio Depaoli","Pos":"DF","Cmp":303.0,"Cmp%":73.5,"1\/3":21.0,"PPA":15.0,"CrsPA":5.0,"Prog":41.0},{"Player":"Mattia Destro","Pos":"FW","Cmp":192.0,"Cmp%":70.3,"1\/3":12.0,"PPA":5.0,"CrsPA":1.0,"Prog":15.0},{"Player":"Samuel Di Carmine","Pos":"FW","Cmp":97.0,"Cmp%":61.8,"1\/3":4.0,"PPA":2.0,"CrsPA":0.0,"Prog":4.0},{"Player":"Samuel Di Carmine","Pos":"FW","Cmp":79.0,"Cmp%":77.5,"1\/3":3.0,"PPA":3.0,"CrsPA":1.0,"Prog":4.0},{"Player":"Giovanni Di Lorenzo","Pos":"DF","Cmp":2233.0,"Cmp%":87.2,"1\/3":227.0,"PPA":60.0,"CrsPA":14.0,"Prog":258.0},{"Player":"Giuseppe Di Serio","Pos":"FW","Cmp":53.0,"Cmp%":69.7,"1\/3":1.0,"PPA":4.0,"CrsPA":0.0,"Prog":11.0},{"Player":"Amadou Diawara","Pos":"MF","Cmp":422.0,"Cmp%":89.2,"1\/3":35.0,"PPA":2.0,"CrsPA":0.0,"Prog":27.0},{"Player":"Brahim Diaz","Pos":"MF","Cmp":421.0,"Cmp%":86.8,"1\/3":30.0,"PPA":10.0,"CrsPA":3.0,"Prog":28.0},{"Player":"Mitchell Dijks","Pos":"DF","Cmp":620.0,"Cmp%":76.8,"1\/3":53.0,"PPA":6.0,"CrsPA":3.0,"Prog":55.0},{"Player":"Federico Dimarco","Pos":"DF","Cmp":1340.0,"Cmp%":71.1,"1\/3":125.0,"PPA":37.0,"CrsPA":13.0,"Prog":151.0},{"Player":"Koffi Djidji","Pos":"DF","Cmp":613.0,"Cmp%":81.7,"1\/3":45.0,"PPA":1.0,"CrsPA":0.0,"Prog":50.0},{"Player":"Berat Gjimshiti","Pos":"DF","Cmp":1558.0,"Cmp%":88.1,"1\/3":136.0,"PPA":21.0,"CrsPA":3.0,"Prog":138.0},{"Player":"Nicolás Domínguez","Pos":"MF","Cmp":615.0,"Cmp%":86.1,"1\/3":72.0,"PPA":14.0,"CrsPA":2.0,"Prog":63.0},{"Player":"Gianluigi Donnarumma","Pos":"GK","Cmp":977.0,"Cmp%":78.5,"1\/3":7.0,"PPA":0.0,"CrsPA":0.0,"Prog":1.0},{"Player":"Bartlomiej Dragowski","Pos":"GK","Cmp":696.0,"Cmp%":65.5,"1\/3":20.0,"PPA":1.0,"CrsPA":0.0,"Prog":0.0},{"Player":"Alfred Duncan","Pos":"MF","Cmp":65.0,"Cmp%":76.5,"1\/3":9.0,"PPA":0.0,"CrsPA":0.0,"Prog":8.0},{"Player":"Alfred Duncan","Pos":"MF","Cmp":491.0,"Cmp%":81.2,"1\/3":64.0,"PPA":13.0,"CrsPA":2.0,"Prog":60.0},{"Player":"Paulo Dybala","Pos":"FW","Cmp":578.0,"Cmp%":82.0,"1\/3":43.0,"PPA":26.0,"CrsPA":4.0,"Prog":68.0},{"Player":"Edin Dzeko","Pos":"FW","Cmp":342.0,"Cmp%":66.9,"1\/3":21.0,"PPA":16.0,"CrsPA":0.0,"Prog":41.0},{"Player":"Albin Ekdal","Pos":"MF","Cmp":896.0,"Cmp%":84.0,"1\/3":73.0,"PPA":5.0,"CrsPA":0.0,"Prog":80.0},{"Player":"Eljif Elmas","Pos":"MF","Cmp":325.0,"Cmp%":90.5,"1\/3":12.0,"PPA":4.0,"CrsPA":1.0,"Prog":11.0},{"Player":"Christian Eriksen","Pos":"MF","Cmp":844.0,"Cmp%":82.1,"1\/3":78.0,"PPA":22.0,"CrsPA":4.0,"Prog":71.0},{"Player":"Martin Erlic","Pos":"DF","Cmp":890.0,"Cmp%":85.6,"1\/3":50.0,"PPA":0.0,"CrsPA":0.0,"Prog":41.0},{"Player":"Gonzalo Escalante","Pos":"MF","Cmp":427.0,"Cmp%":88.4,"1\/3":42.0,"PPA":4.0,"CrsPA":0.0,"Prog":34.0},{"Player":"Nahuel Estévez","Pos":"MF","Cmp":677.0,"Cmp%":74.6,"1\/3":56.0,"PPA":26.0,"CrsPA":10.0,"Prog":73.0},{"Player":"Valentin Eysseric","Pos":"MF","Cmp":264.0,"Cmp%":74.2,"1\/3":31.0,"PPA":9.0,"CrsPA":4.0,"Prog":29.0},{"Player":"Mohamed Fares","Pos":"DF","Cmp":426.0,"Cmp%":76.8,"1\/3":18.0,"PPA":15.0,"CrsPA":12.0,"Prog":29.0},{"Player":"Diego Farias","Pos":"FW","Cmp":537.0,"Cmp%":81.4,"1\/3":29.0,"PPA":21.0,"CrsPA":4.0,"Prog":62.0},{"Player":"Salvador Ferrer","Pos":"DF","Cmp":684.0,"Cmp%":75.7,"1\/3":35.0,"PPA":17.0,"CrsPA":15.0,"Prog":63.0},{"Player":"Fernando Forestieri","Pos":"FW","Cmp":156.0,"Cmp%":77.6,"1\/3":10.0,"PPA":10.0,"CrsPA":4.0,"Prog":16.0},{"Player":"Daam Foulon","Pos":"DF","Cmp":338.0,"Cmp%":73.8,"1\/3":23.0,"PPA":6.0,"CrsPA":3.0,"Prog":31.0},{"Player":"Gianluca Frabotta","Pos":"DF","Cmp":403.0,"Cmp%":83.3,"1\/3":18.0,"PPA":5.0,"CrsPA":3.0,"Prog":36.0},{"Player":"Remo Freuler","Pos":"MF","Cmp":1876.0,"Cmp%":88.3,"1\/3":220.0,"PPA":46.0,"CrsPA":4.0,"Prog":226.0},{"Player":"Danilo","Pos":"GK","Cmp":113.0,"Cmp%":73.9,"1\/3":0.0,"PPA":0.0,"CrsPA":0.0,"Prog":0.0},{"Player":"Manolo Gabbiadini","Pos":"FW","Cmp":165.0,"Cmp%":73.3,"1\/3":21.0,"PPA":9.0,"CrsPA":0.0,"Prog":30.0},{"Player":"Roberto Gagliardini","Pos":"MF","Cmp":526.0,"Cmp%":85.9,"1\/3":51.0,"PPA":8.0,"CrsPA":2.0,"Prog":57.0},{"Player":"Riccardo Gagliolo","Pos":"DF","Cmp":1082.0,"Cmp%":80.7,"1\/3":98.0,"PPA":21.0,"CrsPA":11.0,"Prog":118.0},{"Player":"Adolfo Gaich","Pos":"FW","Cmp":90.0,"Cmp%":63.8,"1\/3":2.0,"PPA":4.0,"CrsPA":1.0,"Prog":7.0},{"Player":"Gervinho","Pos":"FW","Cmp":444.0,"Cmp%":81.9,"1\/3":27.0,"PPA":18.0,"CrsPA":3.0,"Prog":46.0},{"Player":"Paolo Ghiglione","Pos":"DF","Cmp":401.0,"Cmp%":67.4,"1\/3":13.0,"PPA":19.0,"CrsPA":15.0,"Prog":31.0},{"Player":"Kamil Glik","Pos":"DF","Cmp":1135.0,"Cmp%":89.7,"1\/3":30.0,"PPA":0.0,"CrsPA":0.0,"Prog":42.0},{"Player":"Diego Godín","Pos":"DF","Cmp":1285.0,"Cmp%":85.7,"1\/3":81.0,"PPA":3.0,"CrsPA":1.0,"Prog":67.0},{"Player":"Amer Gojak","Pos":"MF","Cmp":186.0,"Cmp%":74.1,"1\/3":12.0,"PPA":4.0,"CrsPA":4.0,"Prog":10.0},{"Player":"Edoardo Goldaniga","Pos":"DF","Cmp":641.0,"Cmp%":73.0,"1\/3":56.0,"PPA":12.0,"CrsPA":7.0,"Prog":60.0},{"Player":"Vladimir Golemic","Pos":"DF","Cmp":1113.0,"Cmp%":86.9,"1\/3":36.0,"PPA":2.0,"CrsPA":0.0,"Prog":51.0},{"Player":"Pierluigi Gollini","Pos":"GK","Cmp":504.0,"Cmp%":75.4,"1\/3":7.0,"PPA":1.0,"CrsPA":0.0,"Prog":1.0},{"Player":"Robin Gosens","Pos":"DF","Cmp":1355.0,"Cmp%":81.7,"1\/3":97.0,"PPA":43.0,"CrsPA":13.0,"Prog":187.0},{"Player":"Alberto Grassi","Pos":"MF","Cmp":370.0,"Cmp%":80.3,"1\/3":27.0,"PPA":5.0,"CrsPA":1.0,"Prog":30.0},{"Player":"Koray Günter","Pos":"DF","Cmp":961.0,"Cmp%":88.7,"1\/3":39.0,"PPA":2.0,"CrsPA":0.0,"Prog":64.0},{"Player":"Emmanuel Gyasi","Pos":"FW","Cmp":788.0,"Cmp%":83.3,"1\/3":22.0,"PPA":29.0,"CrsPA":6.0,"Prog":59.0},{"Player":"Achraf Hakimi","Pos":"DF","Cmp":1279.0,"Cmp%":82.5,"1\/3":60.0,"PPA":50.0,"CrsPA":21.0,"Prog":124.0},{"Player":"Samir","Pos":"GK","Cmp":938.0,"Cmp%":86.1,"1\/3":2.0,"PPA":0.0,"CrsPA":0.0,"Prog":0.0},{"Player":"Hans Hateboer","Pos":"DF","Cmp":877.0,"Cmp%":87.1,"1\/3":41.0,"PPA":23.0,"CrsPA":9.0,"Prog":81.0},{"Player":"Eduardo Henrique","Pos":"MF","Cmp":327.0,"Cmp%":82.6,"1\/3":35.0,"PPA":4.0,"CrsPA":0.0,"Prog":28.0},{"Player":"Theo Hernández","Pos":"DF","Cmp":1541.0,"Cmp%":81.2,"1\/3":106.0,"PPA":46.0,"CrsPA":10.0,"Prog":160.0},{"Player":"Hernani","Pos":"MF","Cmp":855.0,"Cmp%":79.6,"1\/3":84.0,"PPA":20.0,"CrsPA":8.0,"Prog":84.0},{"Player":"Perparim Hetemaj","Pos":"MF","Cmp":674.0,"Cmp%":76.8,"1\/3":53.0,"PPA":21.0,"CrsPA":9.0,"Prog":78.0},{"Player":"Wesley Hoedt","Pos":"DF","Cmp":603.0,"Cmp%":91.0,"1\/3":50.0,"PPA":0.0,"CrsPA":0.0,"Prog":28.0},{"Player":"Elseid Hysaj","Pos":"DF","Cmp":1045.0,"Cmp%":84.9,"1\/3":71.0,"PPA":11.0,"CrsPA":0.0,"Prog":84.0},{"Player":"Simone Iacoponi","Pos":"DF","Cmp":627.0,"Cmp%":86.4,"1\/3":42.0,"PPA":1.0,"CrsPA":0.0,"Prog":49.0},{"Player":"Rogerio","Pos":"DF","Cmp":1461.0,"Cmp%":87.5,"1\/3":121.0,"PPA":4.0,"CrsPA":0.0,"Prog":90.0},{"Player":"Zlatan Ibrahimovic","Pos":"FW","Cmp":394.0,"Cmp%":70.7,"1\/3":33.0,"PPA":23.0,"CrsPA":2.0,"Prog":59.0},{"Player":"Ivan Ilic","Pos":"MF","Cmp":970.0,"Cmp%":84.0,"1\/3":103.0,"PPA":11.0,"CrsPA":1.0,"Prog":93.0},{"Player":"Josip Ilicic","Pos":"FW","Cmp":751.0,"Cmp%":74.4,"1\/3":69.0,"PPA":78.0,"CrsPA":17.0,"Prog":140.0},{"Player":"Ciro Immobile","Pos":"FW","Cmp":663.0,"Cmp%":74.7,"1\/3":31.0,"PPA":31.0,"CrsPA":2.0,"Prog":62.0},{"Player":"Riccardo Improta","Pos":"MF","Cmp":685.0,"Cmp%":72.4,"1\/3":66.0,"PPA":34.0,"CrsPA":17.0,"Prog":108.0},{"Player":"Lorenzo Insigne","Pos":"FW","Cmp":1486.0,"Cmp%":79.8,"1\/3":112.0,"PPA":88.0,"CrsPA":13.0,"Prog":182.0},{"Player":"Roberto Insigne","Pos":"MF","Cmp":495.0,"Cmp%":79.2,"1\/3":29.0,"PPA":31.0,"CrsPA":7.0,"Prog":56.0},{"Player":"Arthur","Pos":"MF","Cmp":598.0,"Cmp%":78.0,"1\/3":48.0,"PPA":10.0,"CrsPA":3.0,"Prog":39.0},{"Player":"Ardian Ismajli","Pos":"DF","Cmp":633.0,"Cmp%":89.3,"1\/3":31.0,"PPA":1.0,"CrsPA":1.0,"Prog":31.0},{"Player":"Armando Izzo","Pos":"DF","Cmp":965.0,"Cmp%":82.7,"1\/3":76.0,"PPA":7.0,"CrsPA":3.0,"Prog":75.0},{"Player":"Jakub Jankto","Pos":"MF","Cmp":632.0,"Cmp%":69.1,"1\/3":46.0,"PPA":24.0,"CrsPA":8.0,"Prog":64.0},{"Player":"Hamed Junior Traore","Pos":"FW","Cmp":655.0,"Cmp%":76.3,"1\/3":53.0,"PPA":21.0,"CrsPA":0.0,"Prog":66.0},{"Player":"Nikola Kalinic","Pos":"FW","Cmp":162.0,"Cmp%":70.1,"1\/3":7.0,"PPA":5.0,"CrsPA":0.0,"Prog":14.0},{"Player":"Yann Karamoh","Pos":"FW","Cmp":287.0,"Cmp%":77.2,"1\/3":22.0,"PPA":16.0,"CrsPA":3.0,"Prog":33.0},{"Player":"Rick Karsdorp","Pos":"DF","Cmp":1131.0,"Cmp%":83.8,"1\/3":66.0,"PPA":40.0,"CrsPA":9.0,"Prog":113.0},{"Player":"Franck Kessié","Pos":"MF","Cmp":1816.0,"Cmp%":88.9,"1\/3":177.0,"PPA":27.0,"CrsPA":3.0,"Prog":123.0},{"Player":"Simon Kjaer","Pos":"DF","Cmp":1289.0,"Cmp%":88.3,"1\/3":69.0,"PPA":1.0,"CrsPA":0.0,"Prog":72.0},{"Player":"Ragnar Klavan","Pos":"DF","Cmp":338.0,"Cmp%":85.6,"1\/3":21.0,"PPA":1.0,"CrsPA":0.0,"Prog":17.0},{"Player":"Christian Kouamé","Pos":"FW","Cmp":248.0,"Cmp%":75.2,"1\/3":9.0,"PPA":7.0,"CrsPA":1.0,"Prog":13.0},{"Player":"Kalidou Koulibaly","Pos":"DF","Cmp":1555.0,"Cmp%":89.6,"1\/3":110.0,"PPA":7.0,"CrsPA":2.0,"Prog":85.0},{"Player":"Rade Krunic","Pos":"MF","Cmp":237.0,"Cmp%":86.8,"1\/3":17.0,"PPA":2.0,"CrsPA":1.0,"Prog":16.0},{"Player":"Juraj Kucka","Pos":"MF","Cmp":673.0,"Cmp%":73.2,"1\/3":50.0,"PPA":11.0,"CrsPA":3.0,"Prog":66.0},{"Player":"Dejan Kulusevski","Pos":"MF","Cmp":612.0,"Cmp%":78.0,"1\/3":35.0,"PPA":37.0,"CrsPA":11.0,"Prog":73.0},{"Player":"Marash Kumbulla","Pos":"DF","Cmp":720.0,"Cmp%":89.9,"1\/3":39.0,"PPA":0.0,"CrsPA":0.0,"Prog":38.0},{"Player":"Jasmin Kurtic","Pos":"MF","Cmp":1195.0,"Cmp%":83.1,"1\/3":99.0,"PPA":30.0,"CrsPA":14.0,"Prog":115.0},{"Player":"Georgios Kyriakopoulos","Pos":"DF","Cmp":844.0,"Cmp%":83.3,"1\/3":41.0,"PPA":15.0,"CrsPA":7.0,"Prog":55.0},{"Player":"Sam Lammers","Pos":"FW","Cmp":95.0,"Cmp%":75.4,"1\/3":6.0,"PPA":3.0,"CrsPA":0.0,"Prog":9.0},{"Player":"Gianluca Lapadula","Pos":"FW","Cmp":344.0,"Cmp%":70.9,"1\/3":11.0,"PPA":14.0,"CrsPA":1.0,"Prog":37.0},{"Player":"Danilo","Pos":"DF","Cmp":1404.0,"Cmp%":81.2,"1\/3":92.0,"PPA":5.0,"CrsPA":0.0,"Prog":106.0},{"Player":"Kevin Lasagna","Pos":"FW","Cmp":152.0,"Cmp%":70.7,"1\/3":9.0,"PPA":7.0,"CrsPA":1.0,"Prog":15.0},{"Player":"Kevin Lasagna","Pos":"FW","Cmp":194.0,"Cmp%":74.3,"1\/3":11.0,"PPA":5.0,"CrsPA":0.0,"Prog":11.0},{"Player":"Darko Lazovic","Pos":"DF","Cmp":1015.0,"Cmp%":72.8,"1\/3":66.0,"PPA":57.0,"CrsPA":16.0,"Prog":152.0},{"Player":"Manuel Lazzari","Pos":"DF","Cmp":950.0,"Cmp%":80.5,"1\/3":28.0,"PPA":33.0,"CrsPA":20.0,"Prog":38.0},{"Player":"Rafael Leão","Pos":"FW","Cmp":358.0,"Cmp%":72.0,"1\/3":15.0,"PPA":27.0,"CrsPA":6.0,"Prog":39.0},{"Player":"Lucas Leiva","Pos":"MF","Cmp":1295.0,"Cmp%":86.9,"1\/3":184.0,"PPA":13.0,"CrsPA":2.0,"Prog":153.0},{"Player":"Lukas Lerager","Pos":"MF","Cmp":405.0,"Cmp%":82.7,"1\/3":39.0,"PPA":4.0,"CrsPA":0.0,"Prog":38.0},{"Player":"Mehdi Leris","Pos":"DF","Cmp":184.0,"Cmp%":78.0,"1\/3":9.0,"PPA":5.0,"CrsPA":1.0,"Prog":14.0},{"Player":"Gaetano Letizia","Pos":"DF","Cmp":670.0,"Cmp%":75.5,"1\/3":40.0,"PPA":32.0,"CrsPA":17.0,"Prog":53.0},{"Player":"Matthijs de Ligt","Pos":"DF","Cmp":1587.0,"Cmp%":93.2,"1\/3":98.0,"PPA":7.0,"CrsPA":2.0,"Prog":69.0},{"Player":"Karol Linetty","Pos":"MF","Cmp":607.0,"Cmp%":82.7,"1\/3":46.0,"PPA":9.0,"CrsPA":0.0,"Prog":53.0},{"Player":"Fernando Llorente","Pos":"FW","Cmp":12.0,"Cmp%":57.1,"1\/3":0.0,"PPA":0.0,"CrsPA":0.0,"Prog":0.0},{"Player":"Fernando Llorente","Pos":"FW","Cmp":162.0,"Cmp%":73.3,"1\/3":9.0,"PPA":0.0,"CrsPA":0.0,"Prog":7.0},{"Player":"Stanislav Lobotka","Pos":"MF","Cmp":114.0,"Cmp%":89.8,"1\/3":7.0,"PPA":1.0,"CrsPA":0.0,"Prog":9.0},{"Player":"Manuel Locatelli","Pos":"MF","Cmp":2436.0,"Cmp%":87.5,"1\/3":289.0,"PPA":38.0,"CrsPA":6.0,"Prog":266.0},{"Player":"Maxime Lopez","Pos":"MF","Cmp":1589.0,"Cmp%":92.4,"1\/3":143.0,"PPA":28.0,"CrsPA":0.0,"Prog":107.0},{"Player":"Pau López","Pos":"GK","Cmp":531.0,"Cmp%":80.1,"1\/3":0.0,"PPA":0.0,"CrsPA":0.0,"Prog":1.0},{"Player":"Matteo Lovato","Pos":"DF","Cmp":513.0,"Cmp%":81.2,"1\/3":34.0,"PPA":2.0,"CrsPA":0.0,"Prog":28.0},{"Player":"Hirving Lozano","Pos":"FW","Cmp":460.0,"Cmp%":72.4,"1\/3":18.0,"PPA":28.0,"CrsPA":12.0,"Prog":39.0},{"Player":"José Luis Palomino","Pos":"DF","Cmp":1251.0,"Cmp%":84.0,"1\/3":88.0,"PPA":3.0,"CrsPA":0.0,"Prog":87.0},{"Player":"Romelu Lukaku","Pos":"FW","Cmp":555.0,"Cmp%":72.5,"1\/3":35.0,"PPA":39.0,"CrsPA":4.0,"Prog":69.0},{"Player":"Senad Lulic","Pos":"DF","Cmp":252.0,"Cmp%":72.6,"1\/3":15.0,"PPA":8.0,"CrsPA":4.0,"Prog":23.0},{"Player":"Sebastiano Luperto","Pos":"DF","Cmp":809.0,"Cmp%":82.6,"1\/3":55.0,"PPA":1.0,"CrsPA":0.0,"Prog":65.0},{"Player":"Lyanco","Pos":"DF","Cmp":1078.0,"Cmp%":86.4,"1\/3":64.0,"PPA":5.0,"CrsPA":1.0,"Prog":64.0},{"Player":"Charalampos Lykogiannis","Pos":"DF","Cmp":822.0,"Cmp%":68.8,"1\/3":65.0,"PPA":16.0,"CrsPA":8.0,"Prog":81.0},{"Player":"Lisandro Magallán","Pos":"DF","Cmp":916.0,"Cmp%":83.5,"1\/3":67.0,"PPA":4.0,"CrsPA":0.0,"Prog":69.0},{"Player":"Giulio Maggiore","Pos":"MF","Cmp":578.0,"Cmp%":70.1,"1\/3":56.0,"PPA":18.0,"CrsPA":2.0,"Prog":70.0},{"Player":"Giangiacomo Magnani","Pos":"DF","Cmp":471.0,"Cmp%":79.8,"1\/3":25.0,"PPA":3.0,"CrsPA":1.0,"Prog":30.0},{"Player":"Jean-Victor Makengo","Pos":"MF","Cmp":165.0,"Cmp%":80.5,"1\/3":18.0,"PPA":2.0,"CrsPA":0.0,"Prog":23.0},{"Player":"Nikola Maksimovic","Pos":"DF","Cmp":888.0,"Cmp%":93.8,"1\/3":37.0,"PPA":0.0,"CrsPA":0.0,"Prog":42.0},{"Player":"Danilo","Pos":"FW","Cmp":15.0,"Cmp%":88.2,"1\/3":2.0,"PPA":1.0,"CrsPA":1.0,"Prog":2.0},{"Player":"Ruslan Malinovskiy","Pos":"FW","Cmp":857.0,"Cmp%":74.6,"1\/3":87.0,"PPA":56.0,"CrsPA":6.0,"Prog":154.0},{"Player":"Gianluca Mancini","Pos":"DF","Cmp":1751.0,"Cmp%":88.1,"1\/3":146.0,"PPA":13.0,"CrsPA":4.0,"Prog":129.0},{"Player":"Rolando Mandragora","Pos":"MF","Cmp":131.0,"Cmp%":79.4,"1\/3":10.0,"PPA":6.0,"CrsPA":1.0,"Prog":18.0},{"Player":"Rolando Mandragora","Pos":"MF","Cmp":600.0,"Cmp%":81.5,"1\/3":50.0,"PPA":9.0,"CrsPA":3.0,"Prog":41.0},{"Player":"Kostas Manolas","Pos":"DF","Cmp":1425.0,"Cmp%":93.6,"1\/3":42.0,"PPA":4.0,"CrsPA":1.0,"Prog":52.0},{"Player":"Riccardo Marchizza","Pos":"DF","Cmp":769.0,"Cmp%":79.6,"1\/3":35.0,"PPA":12.0,"CrsPA":9.0,"Prog":36.0},{"Player":"Gianmarco Ferrari","Pos":"DF","Cmp":2515.0,"Cmp%":92.7,"1\/3":221.0,"PPA":14.0,"CrsPA":1.0,"Prog":134.0},{"Player":"Razvan Marin","Pos":"MF","Cmp":1391.0,"Cmp%":81.7,"1\/3":114.0,"PPA":37.0,"CrsPA":4.0,"Prog":119.0},{"Player":"Marlon Santos","Pos":"DF","Cmp":1537.0,"Cmp%":96.2,"1\/3":109.0,"PPA":1.0,"CrsPA":0.0,"Prog":74.0},{"Player":"Luca Marrone","Pos":"DF","Cmp":895.0,"Cmp%":87.8,"1\/3":20.0,"PPA":1.0,"CrsPA":0.0,"Prog":24.0},{"Player":"Lucas Martínez Quarta","Pos":"DF","Cmp":671.0,"Cmp%":82.4,"1\/3":66.0,"PPA":5.0,"CrsPA":1.0,"Prog":63.0},{"Player":"Lautaro Martínez","Pos":"FW","Cmp":422.0,"Cmp%":72.4,"1\/3":37.0,"PPA":23.0,"CrsPA":1.0,"Prog":62.0},{"Player":"Adam Marusic","Pos":"DF","Cmp":1352.0,"Cmp%":83.5,"1\/3":68.0,"PPA":28.0,"CrsPA":17.0,"Prog":90.0},{"Player":"Andrea Masiello","Pos":"DF","Cmp":1176.0,"Cmp%":85.4,"1\/3":73.0,"PPA":11.0,"CrsPA":2.0,"Prog":79.0},{"Player":"Borja Mayoral","Pos":"FW","Cmp":293.0,"Cmp%":80.1,"1\/3":17.0,"PPA":11.0,"CrsPA":0.0,"Prog":21.0},{"Player":"Weston McKennie","Pos":"MF","Cmp":667.0,"Cmp%":85.1,"1\/3":39.0,"PPA":17.0,"CrsPA":1.0,"Prog":51.0},{"Player":"Soualiho Meité","Pos":"MF","Cmp":314.0,"Cmp%":82.0,"1\/3":29.0,"PPA":5.0,"CrsPA":1.0,"Prog":21.0},{"Player":"Soualiho Meité","Pos":"MF","Cmp":241.0,"Cmp%":84.6,"1\/3":29.0,"PPA":4.0,"CrsPA":0.0,"Prog":18.0},{"Player":"Arthur","Pos":"MF","Cmp":1013.0,"Cmp%":94.4,"1\/3":86.0,"PPA":6.0,"CrsPA":0.0,"Prog":66.0},{"Player":"Alex Meret","Pos":"GK","Cmp":539.0,"Cmp%":88.8,"1\/3":1.0,"PPA":0.0,"CrsPA":0.0,"Prog":0.0},{"Player":"Dries Mertens","Pos":"FW","Cmp":367.0,"Cmp%":73.7,"1\/3":29.0,"PPA":19.0,"CrsPA":5.0,"Prog":56.0},{"Player":"Junior Messias","Pos":"MF","Cmp":913.0,"Cmp%":73.7,"1\/3":63.0,"PPA":41.0,"CrsPA":5.0,"Prog":107.0},{"Player":"Mihai Valentin Mihaila","Pos":"FW","Cmp":136.0,"Cmp%":68.0,"1\/3":6.0,"PPA":4.0,"CrsPA":3.0,"Prog":7.0},{"Player":"Nikola Milenkovic","Pos":"DF","Cmp":1443.0,"Cmp%":87.1,"1\/3":112.0,"PPA":3.0,"CrsPA":0.0,"Prog":97.0},{"Player":"Sergej Milinkovic-Savic","Pos":"MF","Cmp":1407.0,"Cmp%":78.1,"1\/3":138.0,"PPA":66.0,"CrsPA":16.0,"Prog":161.0},{"Player":"Aleksey Miranchuk","Pos":"FW","Cmp":321.0,"Cmp%":78.7,"1\/3":30.0,"PPA":21.0,"CrsPA":1.0,"Prog":44.0},{"Player":"Henrikh Mkhitaryan","Pos":"FW","Cmp":937.0,"Cmp%":76.2,"1\/3":71.0,"PPA":48.0,"CrsPA":5.0,"Prog":121.0},{"Player":"Nahuel Molina","Pos":"DF","Cmp":782.0,"Cmp%":77.5,"1\/3":35.0,"PPA":21.0,"CrsPA":14.0,"Prog":81.0},{"Player":"Salvatore Molina","Pos":"MF","Cmp":851.0,"Cmp%":78.1,"1\/3":52.0,"PPA":34.0,"CrsPA":14.0,"Prog":93.0},{"Player":"Lorenzo Montipò","Pos":"GK","Cmp":786.0,"Cmp%":63.6,"1\/3":5.0,"PPA":0.0,"CrsPA":0.0,"Prog":2.0},{"Player":"Álvaro Morata","Pos":"FW","Cmp":458.0,"Cmp%":74.8,"1\/3":29.0,"PPA":25.0,"CrsPA":5.0,"Prog":47.0},{"Player":"Mert Müldür","Pos":"DF","Cmp":817.0,"Cmp%":79.9,"1\/3":47.0,"PPA":17.0,"CrsPA":6.0,"Prog":69.0},{"Player":"Luis Muriel","Pos":"FW","Cmp":510.0,"Cmp%":70.4,"1\/3":38.0,"PPA":35.0,"CrsPA":4.0,"Prog":75.0},{"Player":"Vedat Muriqi","Pos":"FW","Cmp":177.0,"Cmp%":70.5,"1\/3":12.0,"PPA":5.0,"CrsPA":0.0,"Prog":19.0},{"Player":"Juan Musso","Pos":"GK","Cmp":768.0,"Cmp%":75.0,"1\/3":6.0,"PPA":0.0,"CrsPA":0.0,"Prog":0.0},{"Player":"Joakim Maehle","Pos":"DF","Cmp":592.0,"Cmp%":81.1,"1\/3":31.0,"PPA":20.0,"CrsPA":10.0,"Prog":78.0},{"Player":"Radja Nainggolan","Pos":"MF","Cmp":33.0,"Cmp%":86.8,"1\/3":5.0,"PPA":0.0,"CrsPA":0.0,"Prog":1.0},{"Player":"Radja Nainggolan","Pos":"MF","Cmp":636.0,"Cmp%":76.0,"1\/3":69.0,"PPA":26.0,"CrsPA":15.0,"Prog":57.0},{"Player":"Nahitan Nández","Pos":"MF","Cmp":932.0,"Cmp%":75.5,"1\/3":54.0,"PPA":43.0,"CrsPA":21.0,"Prog":74.0},{"Player":"Ilija Nestorovski","Pos":"FW","Cmp":149.0,"Cmp%":75.3,"1\/3":12.0,"PPA":4.0,"CrsPA":1.0,"Prog":12.0},{"Player":"Bram Nuytinck","Pos":"DF","Cmp":699.0,"Cmp%":85.8,"1\/3":38.0,"PPA":1.0,"CrsPA":1.0,"Prog":35.0},{"Player":"Pedro","Pos":"MF","Cmp":803.0,"Cmp%":88.6,"1\/3":59.0,"PPA":7.0,"CrsPA":0.0,"Prog":48.0},{"Player":"Stefano Okaka","Pos":"FW","Cmp":249.0,"Cmp%":81.1,"1\/3":7.0,"PPA":8.0,"CrsPA":0.0,"Prog":13.0},{"Player":"Riccardo Orsolini","Pos":"FW","Cmp":482.0,"Cmp%":66.5,"1\/3":39.0,"PPA":21.0,"CrsPA":6.0,"Prog":71.0},{"Player":"Victor Osimhen","Pos":"FW","Cmp":176.0,"Cmp%":70.1,"1\/3":3.0,"PPA":3.0,"CrsPA":1.0,"Prog":10.0},{"Player":"Yordan Osorio","Pos":"DF","Cmp":1028.0,"Cmp%":89.9,"1\/3":46.0,"PPA":2.0,"CrsPA":1.0,"Prog":38.0},{"Player":"David Ospina","Pos":"GK","Cmp":442.0,"Cmp%":82.0,"1\/3":4.0,"PPA":0.0,"CrsPA":0.0,"Prog":0.0},{"Player":"Adam Ounas","Pos":"FW","Cmp":389.0,"Cmp%":78.7,"1\/3":35.0,"PPA":28.0,"CrsPA":4.0,"Prog":61.0},{"Player":"Adam Ounas","Pos":"MF","Cmp":83.0,"Cmp%":68.6,"1\/3":8.0,"PPA":8.0,"CrsPA":2.0,"Prog":15.0},{"Player":"Thomas Ouwejan","Pos":"DF","Cmp":161.0,"Cmp%":62.9,"1\/3":12.0,"PPA":5.0,"CrsPA":2.0,"Prog":15.0},{"Player":"Daniele Baselli","Pos":"GK","Cmp":13.0,"Cmp%":100.0,"1\/3":0.0,"PPA":0.0,"CrsPA":0.0,"Prog":0.0},{"Player":"Rodrigo Palacio","Pos":"FW","Cmp":740.0,"Cmp%":75.6,"1\/3":37.0,"PPA":31.0,"CrsPA":9.0,"Prog":68.0},{"Player":"Goran Pandev","Pos":"FW","Cmp":348.0,"Cmp%":77.7,"1\/3":27.0,"PPA":13.0,"CrsPA":0.0,"Prog":35.0},{"Player":"Marco Parolo","Pos":"DF","Cmp":292.0,"Cmp%":82.5,"1\/3":22.0,"PPA":5.0,"CrsPA":0.0,"Prog":27.0},{"Player":"Mario Pasalic","Pos":"MF","Cmp":573.0,"Cmp%":85.9,"1\/3":48.0,"PPA":26.0,"CrsPA":1.0,"Prog":62.0},{"Player":"Patric","Pos":"DF","Cmp":1044.0,"Cmp%":86.9,"1\/3":92.0,"PPA":20.0,"CrsPA":5.0,"Prog":62.0},{"Player":"Leonardo Pavoletti","Pos":"FW","Cmp":308.0,"Cmp%":72.0,"1\/3":14.0,"PPA":5.0,"CrsPA":0.0,"Prog":12.0},{"Player":"Pedro","Pos":"FW","Cmp":515.0,"Cmp%":78.3,"1\/3":38.0,"PPA":30.0,"CrsPA":4.0,"Prog":64.0},{"Player":"João Pedro","Pos":"FW","Cmp":703.0,"Cmp%":72.8,"1\/3":52.0,"PPA":26.0,"CrsPA":3.0,"Prog":79.0},{"Player":"Lorenzo Pellegrini","Pos":"MF","Cmp":1158.0,"Cmp%":76.4,"1\/3":115.0,"PPA":41.0,"CrsPA":6.0,"Prog":126.0},{"Player":"Andreas Pereira","Pos":"MF","Cmp":195.0,"Cmp%":67.9,"1\/3":33.0,"PPA":9.0,"CrsPA":1.0,"Prog":28.0},{"Player":"Pedro","Pos":"DF","Cmp":700.0,"Cmp%":76.0,"1\/3":32.0,"PPA":26.0,"CrsPA":11.0,"Prog":66.0},{"Player":"Gastón Pereiro","Pos":"MF","Cmp":104.0,"Cmp%":75.4,"1\/3":7.0,"PPA":7.0,"CrsPA":1.0,"Prog":18.0},{"Player":"Bruno Peres","Pos":"DF","Cmp":633.0,"Cmp%":83.0,"1\/3":27.0,"PPA":18.0,"CrsPA":7.0,"Prog":41.0},{"Player":"Roberto Pereyra","Pos":"MF","Cmp":1074.0,"Cmp%":84.6,"1\/3":86.0,"PPA":42.0,"CrsPA":3.0,"Prog":108.0},{"Player":"Carles Pérez","Pos":"FW","Cmp":235.0,"Cmp%":77.6,"1\/3":12.0,"PPA":5.0,"CrsPA":0.0,"Prog":14.0},{"Player":"Mattia Perin","Pos":"GK","Cmp":758.0,"Cmp%":65.0,"1\/3":17.0,"PPA":0.0,"CrsPA":0.0,"Prog":1.0},{"Player":"Ivan Perisic","Pos":"DF","Cmp":598.0,"Cmp%":72.3,"1\/3":26.0,"PPA":31.0,"CrsPA":17.0,"Prog":49.0},{"Player":"Matteo Pessina","Pos":"MF","Cmp":797.0,"Cmp%":83.7,"1\/3":78.0,"PPA":30.0,"CrsPA":0.0,"Prog":94.0},{"Player":"Andrea Petagna","Pos":"FW","Cmp":193.0,"Cmp%":80.4,"1\/3":7.0,"PPA":5.0,"CrsPA":0.0,"Prog":10.0},{"Player":"Jacopo Petriccione","Pos":"MF","Cmp":423.0,"Cmp%":83.4,"1\/3":39.0,"PPA":7.0,"CrsPA":1.0,"Prog":46.0},{"Player":"Jens Petter Hauge","Pos":"FW","Cmp":162.0,"Cmp%":81.4,"1\/3":7.0,"PPA":8.0,"CrsPA":0.0,"Prog":23.0},{"Player":"Germán Pezzella","Pos":"DF","Cmp":993.0,"Cmp%":87.5,"1\/3":49.0,"PPA":2.0,"CrsPA":0.0,"Prog":32.0},{"Player":"Giuseppe Pezzella","Pos":"DF","Cmp":768.0,"Cmp%":78.3,"1\/3":56.0,"PPA":26.0,"CrsPA":12.0,"Prog":74.0},{"Player":"Roberto Piccoli","Pos":"FW","Cmp":97.0,"Cmp%":67.8,"1\/3":2.0,"PPA":2.0,"CrsPA":0.0,"Prog":3.0},{"Player":"Marko Pjaca","Pos":"FW","Cmp":426.0,"Cmp%":83.9,"1\/3":23.0,"PPA":14.0,"CrsPA":2.0,"Prog":32.0},{"Player":"Tommaso Pobega","Pos":"MF","Cmp":351.0,"Cmp%":77.8,"1\/3":31.0,"PPA":6.0,"CrsPA":0.0,"Prog":23.0},{"Player":"Andrea Poli","Pos":"MF","Cmp":186.0,"Cmp%":88.6,"1\/3":23.0,"PPA":2.0,"CrsPA":1.0,"Prog":16.0},{"Player":"Matteo Politano","Pos":"FW","Cmp":657.0,"Cmp%":76.0,"1\/3":31.0,"PPA":28.0,"CrsPA":5.0,"Prog":69.0},{"Player":"Ivan Provedel","Pos":"GK","Cmp":1045.0,"Cmp%":74.1,"1\/3":17.0,"PPA":0.0,"CrsPA":0.0,"Prog":0.0},{"Player":"Erick Pulgar","Pos":"MF","Cmp":929.0,"Cmp%":81.6,"1\/3":78.0,"PPA":11.0,"CrsPA":6.0,"Prog":75.0},{"Player":"Fabio Quagliarella","Pos":"FW","Cmp":366.0,"Cmp%":68.0,"1\/3":28.0,"PPA":11.0,"CrsPA":1.0,"Prog":29.0},{"Player":"Adrien Rabiot","Pos":"MF","Cmp":1339.0,"Cmp%":90.4,"1\/3":117.0,"PPA":23.0,"CrsPA":3.0,"Prog":103.0},{"Player":"Ivan Radovanovic","Pos":"DF","Cmp":942.0,"Cmp%":85.9,"1\/3":51.0,"PPA":1.0,"CrsPA":0.0,"Prog":34.0},{"Player":"Stefan Radu","Pos":"DF","Cmp":1362.0,"Cmp%":83.9,"1\/3":147.0,"PPA":28.0,"CrsPA":11.0,"Prog":148.0},{"Player":"Gastón Ramírez","Pos":"MF","Cmp":359.0,"Cmp%":72.2,"1\/3":35.0,"PPA":13.0,"CrsPA":1.0,"Prog":47.0},{"Player":"Aaron Ramsey","Pos":"MF","Cmp":626.0,"Cmp%":85.5,"1\/3":59.0,"PPA":22.0,"CrsPA":4.0,"Prog":59.0},{"Player":"Giacomo Raspadori","Pos":"FW","Cmp":276.0,"Cmp%":78.6,"1\/3":9.0,"PPA":14.0,"CrsPA":0.0,"Prog":25.0},{"Player":"Ante Rebic","Pos":"FW","Cmp":307.0,"Cmp%":63.6,"1\/3":18.0,"PPA":32.0,"CrsPA":9.0,"Prog":46.0},{"Player":"Arkadiusz Reca","Pos":"DF","Cmp":735.0,"Cmp%":70.2,"1\/3":27.0,"PPA":28.0,"CrsPA":13.0,"Prog":82.0},{"Player":"Franck Ribéry","Pos":"FW","Cmp":772.0,"Cmp%":86.4,"1\/3":77.0,"PPA":35.0,"CrsPA":2.0,"Prog":92.0},{"Player":"Matteo Ricci","Pos":"MF","Cmp":1418.0,"Cmp%":85.2,"1\/3":169.0,"PPA":24.0,"CrsPA":0.0,"Prog":173.0},{"Player":"Tomás Rincón","Pos":"MF","Cmp":1156.0,"Cmp%":84.1,"1\/3":118.0,"PPA":16.0,"CrsPA":4.0,"Prog":98.0},{"Player":"Andrea Rispoli","Pos":"DF","Cmp":224.0,"Cmp%":70.4,"1\/3":9.0,"PPA":7.0,"CrsPA":6.0,"Prog":27.0},{"Player":"Emmanuel Rivière","Pos":"FW","Cmp":113.0,"Cmp%":76.4,"1\/3":5.0,"PPA":1.0,"CrsPA":0.0,"Prog":6.0},{"Player":"Ricardo Rodríguez","Pos":"DF","Cmp":612.0,"Cmp%":84.3,"1\/3":43.0,"PPA":7.0,"CrsPA":1.0,"Prog":43.0},{"Player":"Rogerio","Pos":"DF","Cmp":1097.0,"Cmp%":84.8,"1\/3":60.0,"PPA":18.0,"CrsPA":7.0,"Prog":61.0},{"Player":"Alessio Romagnoli","Pos":"DF","Cmp":914.0,"Cmp%":90.5,"1\/3":41.0,"PPA":3.0,"CrsPA":1.0,"Prog":49.0},{"Player":"Cristian Romero","Pos":"DF","Cmp":1128.0,"Cmp%":90.5,"1\/3":50.0,"PPA":7.0,"CrsPA":0.0,"Prog":68.0},{"Player":"Cristiano Ronaldo","Pos":"FW","Cmp":853.0,"Cmp%":78.5,"1\/3":59.0,"PPA":32.0,"CrsPA":6.0,"Prog":81.0},{"Player":"Marten de Roon","Pos":"MF","Cmp":1869.0,"Cmp%":87.0,"1\/3":247.0,"PPA":23.0,"CrsPA":4.0,"Prog":199.0},{"Player":"Nicolo Rovella","Pos":"MF","Cmp":700.0,"Cmp%":85.0,"1\/3":49.0,"PPA":12.0,"CrsPA":4.0,"Prog":47.0},{"Player":"Amir Rrahmani","Pos":"DF","Cmp":532.0,"Cmp%":92.2,"1\/3":16.0,"PPA":0.0,"CrsPA":0.0,"Prog":17.0},{"Player":"Daniele Rugani","Pos":"DF","Cmp":395.0,"Cmp%":79.8,"1\/3":20.0,"PPA":2.0,"CrsPA":0.0,"Prog":26.0},{"Player":"Mário Rui","Pos":"DF","Cmp":1126.0,"Cmp%":81.5,"1\/3":64.0,"PPA":25.0,"CrsPA":12.0,"Prog":86.0},{"Player":"Fabián","Pos":"MF","Cmp":1888.0,"Cmp%":88.9,"1\/3":208.0,"PPA":39.0,"CrsPA":4.0,"Prog":166.0},{"Player":"Alexis Saelemaekers","Pos":"FW","Cmp":710.0,"Cmp%":80.1,"1\/3":42.0,"PPA":21.0,"CrsPA":7.0,"Prog":63.0},{"Player":"Eddie Salcedo","Pos":"FW","Cmp":190.0,"Cmp%":69.6,"1\/3":14.0,"PPA":9.0,"CrsPA":2.0,"Prog":26.0},{"Player":"Alexis Sánchez","Pos":"FW","Cmp":414.0,"Cmp%":78.3,"1\/3":39.0,"PPA":31.0,"CrsPA":2.0,"Prog":57.0},{"Player":"Alex Sandro","Pos":"DF","Cmp":1223.0,"Cmp%":85.8,"1\/3":100.0,"PPA":25.0,"CrsPA":8.0,"Prog":130.0},{"Player":"Nicola Sansone","Pos":"FW","Cmp":409.0,"Cmp%":77.0,"1\/3":28.0,"PPA":14.0,"CrsPA":3.0,"Prog":44.0},{"Player":"Samir","Pos":"DF","Cmp":1137.0,"Cmp%":87.0,"1\/3":62.0,"PPA":5.0,"CrsPA":2.0,"Prog":77.0},{"Player":"Marco Sau","Pos":"MF","Cmp":185.0,"Cmp%":70.1,"1\/3":7.0,"PPA":8.0,"CrsPA":1.0,"Prog":14.0},{"Player":"Gianluca Scamacca","Pos":"FW","Cmp":239.0,"Cmp%":67.1,"1\/3":11.0,"PPA":5.0,"CrsPA":1.0,"Prog":16.0},{"Player":"Pasquale Schiattarella","Pos":"MF","Cmp":1116.0,"Cmp%":81.2,"1\/3":132.0,"PPA":28.0,"CrsPA":2.0,"Prog":136.0},{"Player":"Jerdy Schouten","Pos":"MF","Cmp":1204.0,"Cmp%":86.7,"1\/3":135.0,"PPA":12.0,"CrsPA":0.0,"Prog":118.0},{"Player":"Léo Sena","Pos":"MF","Cmp":532.0,"Cmp%":88.4,"1\/3":112.0,"PPA":5.0,"CrsPA":1.0,"Prog":63.0},{"Player":"Stefano Sensi","Pos":"MF","Cmp":351.0,"Cmp%":82.4,"1\/3":37.0,"PPA":12.0,"CrsPA":2.0,"Prog":45.0},{"Player":"Luigi Sepe","Pos":"GK","Cmp":1133.0,"Cmp%":78.4,"1\/3":28.0,"PPA":0.0,"CrsPA":0.0,"Prog":1.0},{"Player":"Eldor Shomurodov","Pos":"FW","Cmp":342.0,"Cmp%":70.8,"1\/3":13.0,"PPA":10.0,"CrsPA":3.0,"Prog":25.0},{"Player":"Adrien Silva","Pos":"MF","Cmp":839.0,"Cmp%":87.5,"1\/3":80.0,"PPA":8.0,"CrsPA":0.0,"Prog":66.0},{"Player":"Marco Silvestri","Pos":"GK","Cmp":447.0,"Cmp%":44.6,"1\/3":13.0,"PPA":1.0,"CrsPA":0.0,"Prog":0.0},{"Player":"Giovanni Simeone","Pos":"FW","Cmp":253.0,"Cmp%":73.8,"1\/3":8.0,"PPA":3.0,"CrsPA":1.0,"Prog":9.0},{"Player":"Salvatore Sirigu","Pos":"GK","Cmp":708.0,"Cmp%":70.0,"1\/3":14.0,"PPA":0.0,"CrsPA":0.0,"Prog":0.0},{"Player":"Lukasz Skorupski","Pos":"GK","Cmp":749.0,"Cmp%":77.5,"1\/3":3.0,"PPA":0.0,"CrsPA":0.0,"Prog":1.0},{"Player":"Andreas Skov Olsen","Pos":"FW","Cmp":419.0,"Cmp%":75.5,"1\/3":9.0,"PPA":13.0,"CrsPA":5.0,"Prog":35.0},{"Player":"Milan Skriniar","Pos":"DF","Cmp":2027.0,"Cmp%":92.4,"1\/3":131.0,"PPA":12.0,"CrsPA":2.0,"Prog":122.0},{"Player":"Chris Smalling","Pos":"DF","Cmp":613.0,"Cmp%":92.3,"1\/3":19.0,"PPA":0.0,"CrsPA":0.0,"Prog":12.0},{"Player":"Simon Sohm","Pos":"MF","Cmp":370.0,"Cmp%":85.6,"1\/3":26.0,"PPA":3.0,"CrsPA":0.0,"Prog":34.0},{"Player":"Roberto Soriano","Pos":"MF","Cmp":1232.0,"Cmp%":81.2,"1\/3":108.0,"PPA":51.0,"CrsPA":5.0,"Prog":172.0},{"Player":"Riccardo Sottil","Pos":"MF","Cmp":292.0,"Cmp%":74.9,"1\/3":19.0,"PPA":25.0,"CrsPA":4.0,"Prog":38.0},{"Player":"Adama Soumaoro","Pos":"DF","Cmp":819.0,"Cmp%":91.6,"1\/3":22.0,"PPA":0.0,"CrsPA":0.0,"Prog":35.0},{"Player":"Leonardo Spinazzola","Pos":"DF","Cmp":1014.0,"Cmp%":79.0,"1\/3":68.0,"PPA":42.0,"CrsPA":21.0,"Prog":114.0},{"Player":"Marco Sportiello","Pos":"GK","Cmp":314.0,"Cmp%":83.7,"1\/3":0.0,"PPA":0.0,"CrsPA":0.0,"Prog":0.0},{"Player":"Kevin Strootman","Pos":"MF","Cmp":691.0,"Cmp%":80.9,"1\/3":73.0,"PPA":17.0,"CrsPA":4.0,"Prog":61.0},{"Player":"Jens Stryger Larsen","Pos":"DF","Cmp":1055.0,"Cmp%":78.5,"1\/3":69.0,"PPA":24.0,"CrsPA":8.0,"Prog":108.0},{"Player":"Stefano Sturaro","Pos":"MF","Cmp":137.0,"Cmp%":74.9,"1\/3":8.0,"PPA":3.0,"CrsPA":1.0,"Prog":9.0},{"Player":"Stefano Sturaro","Pos":"MF","Cmp":173.0,"Cmp%":70.6,"1\/3":7.0,"PPA":2.0,"CrsPA":1.0,"Prog":17.0},{"Player":"Mattias Svanberg","Pos":"MF","Cmp":526.0,"Cmp%":80.3,"1\/3":51.0,"PPA":18.0,"CrsPA":0.0,"Prog":70.0},{"Player":"Wojciech Szczesny","Pos":"GK","Cmp":910.0,"Cmp%":89.7,"1\/3":4.0,"PPA":0.0,"CrsPA":0.0,"Prog":1.0},{"Player":"Adrien Tameze","Pos":"MF","Cmp":821.0,"Cmp%":80.2,"1\/3":70.0,"PPA":25.0,"CrsPA":2.0,"Prog":87.0},{"Player":"Andrés Tello","Pos":"MF","Cmp":134.0,"Cmp%":69.4,"1\/3":13.0,"PPA":1.0,"CrsPA":0.0,"Prog":16.0},{"Player":"Claudio Terzi","Pos":"DF","Cmp":1107.0,"Cmp%":83.7,"1\/3":103.0,"PPA":8.0,"CrsPA":0.0,"Prog":73.0},{"Player":"Morten Thorsby","Pos":"MF","Cmp":761.0,"Cmp%":75.9,"1\/3":66.0,"PPA":6.0,"CrsPA":1.0,"Prog":68.0},{"Player":"Jeremy Toljan","Pos":"DF","Cmp":788.0,"Cmp%":88.7,"1\/3":48.0,"PPA":14.0,"CrsPA":4.0,"Prog":43.0},{"Player":"Rafael Toloi","Pos":"DF","Cmp":1378.0,"Cmp%":83.7,"1\/3":139.0,"PPA":19.0,"CrsPA":3.0,"Prog":142.0},{"Player":"Takehiro Tomiyasu","Pos":"DF","Cmp":1380.0,"Cmp%":83.8,"1\/3":128.0,"PPA":10.0,"CrsPA":3.0,"Prog":126.0},{"Player":"Fikayo Tomori","Pos":"DF","Cmp":801.0,"Cmp%":90.6,"1\/3":33.0,"PPA":0.0,"CrsPA":0.0,"Prog":37.0},{"Player":"Sandro Tonali","Pos":"MF","Cmp":633.0,"Cmp%":82.3,"1\/3":64.0,"PPA":11.0,"CrsPA":1.0,"Prog":55.0},{"Player":"Lorenzo Tonelli","Pos":"DF","Cmp":756.0,"Cmp%":82.4,"1\/3":26.0,"PPA":0.0,"CrsPA":0.0,"Prog":34.0},{"Player":"Alessandro Tuia","Pos":"DF","Cmp":621.0,"Cmp%":79.0,"1\/3":37.0,"PPA":5.0,"CrsPA":1.0,"Prog":34.0},{"Player":"Samir","Pos":"GK","Cmp":23.0,"Cmp%":82.1,"1\/3":0.0,"PPA":0.0,"CrsPA":0.0,"Prog":0.0},{"Player":"Borja Valero","Pos":"MF","Cmp":276.0,"Cmp%":89.6,"1\/3":22.0,"PPA":1.0,"CrsPA":0.0,"Prog":19.0},{"Player":"Miguel Veloso","Pos":"MF","Cmp":649.0,"Cmp%":78.2,"1\/3":65.0,"PPA":12.0,"CrsPA":4.0,"Prog":67.0},{"Player":"Lorenzo Venuti","Pos":"DF","Cmp":578.0,"Cmp%":73.2,"1\/3":45.0,"PPA":19.0,"CrsPA":11.0,"Prog":68.0},{"Player":"Daniele Verde","Pos":"FW","Cmp":307.0,"Cmp%":76.9,"1\/3":9.0,"PPA":11.0,"CrsPA":2.0,"Prog":25.0},{"Player":"Simone Verdi","Pos":"MF","Cmp":479.0,"Cmp%":66.1,"1\/3":45.0,"PPA":23.0,"CrsPA":10.0,"Prog":56.0},{"Player":"Jordan Veretout","Pos":"MF","Cmp":1116.0,"Cmp%":84.8,"1\/3":122.0,"PPA":12.0,"CrsPA":2.0,"Prog":111.0},{"Player":"Valerio Verre","Pos":"MF","Cmp":383.0,"Cmp%":71.6,"1\/3":42.0,"PPA":25.0,"CrsPA":2.0,"Prog":69.0},{"Player":"Arturo Vidal","Pos":"MF","Cmp":638.0,"Cmp%":85.5,"1\/3":69.0,"PPA":17.0,"CrsPA":4.0,"Prog":71.0},{"Player":"Luca Vignali","Pos":"DF","Cmp":936.0,"Cmp%":80.6,"1\/3":51.0,"PPA":13.0,"CrsPA":3.0,"Prog":73.0},{"Player":"Emanuel Vignato","Pos":"FW","Cmp":532.0,"Cmp%":75.0,"1\/3":51.0,"PPA":21.0,"CrsPA":5.0,"Prog":69.0},{"Player":"Gonzalo Villar","Pos":"MF","Cmp":1152.0,"Cmp%":89.6,"1\/3":112.0,"PPA":12.0,"CrsPA":2.0,"Prog":102.0},{"Player":"Nicolas Viola","Pos":"MF","Cmp":342.0,"Cmp%":66.9,"1\/3":32.0,"PPA":10.0,"CrsPA":1.0,"Prog":47.0},{"Player":"Dusan Vlahovic","Pos":"FW","Cmp":422.0,"Cmp%":68.2,"1\/3":14.0,"PPA":10.0,"CrsPA":1.0,"Prog":21.0},{"Player":"Mergim Vojvoda","Pos":"DF","Cmp":598.0,"Cmp%":77.5,"1\/3":35.0,"PPA":14.0,"CrsPA":10.0,"Prog":52.0},{"Player":"Stefan de Vrij","Pos":"DF","Cmp":1823.0,"Cmp%":94.6,"1\/3":82.0,"PPA":4.0,"CrsPA":1.0,"Prog":71.0},{"Player":"Milos Vulic","Pos":"MF","Cmp":453.0,"Cmp%":79.6,"1\/3":31.0,"PPA":10.0,"CrsPA":2.0,"Prog":53.0},{"Player":"Walace","Pos":"MF","Cmp":1041.0,"Cmp%":88.4,"1\/3":82.0,"PPA":10.0,"CrsPA":2.0,"Prog":70.0},{"Player":"Sebastian Walukiewicz","Pos":"DF","Cmp":715.0,"Cmp%":85.6,"1\/3":27.0,"PPA":2.0,"CrsPA":0.0,"Prog":37.0},{"Player":"Maya Yoshida","Pos":"DF","Cmp":1012.0,"Cmp%":85.3,"1\/3":52.0,"PPA":1.0,"CrsPA":0.0,"Prog":52.0},{"Player":"Ashley Young","Pos":"DF","Cmp":551.0,"Cmp%":81.5,"1\/3":25.0,"PPA":27.0,"CrsPA":10.0,"Prog":49.0},{"Player":"Mattia Zaccagni","Pos":"MF","Cmp":672.0,"Cmp%":69.3,"1\/3":30.0,"PPA":47.0,"CrsPA":10.0,"Prog":80.0},{"Player":"Miha Zajc","Pos":"MF","Cmp":849.0,"Cmp%":80.9,"1\/3":57.0,"PPA":16.0,"CrsPA":2.0,"Prog":58.0},{"Player":"Niccolò Zanellato","Pos":"MF","Cmp":608.0,"Cmp%":80.6,"1\/3":47.0,"PPA":11.0,"CrsPA":3.0,"Prog":55.0},{"Player":"Duván Zapata","Pos":"FW","Cmp":624.0,"Cmp%":76.7,"1\/3":21.0,"PPA":25.0,"CrsPA":6.0,"Prog":34.0},{"Player":"Gabriele Zappa","Pos":"DF","Cmp":1029.0,"Cmp%":78.4,"1\/3":56.0,"PPA":43.0,"CrsPA":19.0,"Prog":121.0},{"Player":"Davide Zappacosta","Pos":"DF","Cmp":876.0,"Cmp%":80.1,"1\/3":23.0,"PPA":20.0,"CrsPA":10.0,"Prog":52.0},{"Player":"Simone Zaza","Pos":"FW","Cmp":245.0,"Cmp%":73.6,"1\/3":9.0,"PPA":5.0,"CrsPA":0.0,"Prog":16.0},{"Player":"Marvin Zeegelaar","Pos":"DF","Cmp":604.0,"Cmp%":77.7,"1\/3":37.0,"PPA":12.0,"CrsPA":9.0,"Prog":65.0},{"Player":"Piotr Zielinski","Pos":"MF","Cmp":1037.0,"Cmp%":82.8,"1\/3":119.0,"PPA":23.0,"CrsPA":2.0,"Prog":97.0},{"Player":"Filip Đuričić","Pos":"MF,FW","Cmp":"733","Cmp%":"78.7","1\/3":"44","PPA":"46","CrsPA":"1","Prog":"86"}]