[{"Player":"David Abraham","Pos":"DF","Cmp":742.0,"Cmp%":82.8,"1\/3":75.0,"PPA":7.0,"CrsPA":0.0,"Prog":100.0},{"Player":"Sargis Adamyan","Pos":"FW","Cmp":140.0,"Cmp%":73.3,"1\/3":5.0,"PPA":4.0,"CrsPA":2.0,"Prog":13.0},{"Player":"Manuel Akanji","Pos":"DF","Cmp":1767.0,"Cmp%":91.6,"1\/3":103.0,"PPA":2.0,"CrsPA":0.0,"Prog":85.0},{"Player":"Kevin Akpoguma","Pos":"DF","Cmp":659.0,"Cmp%":87.4,"1\/3":25.0,"PPA":1.0,"CrsPA":0.0,"Prog":26.0},{"Player":"David Alaba","Pos":"DF","Cmp":2250.0,"Cmp%":90.8,"1\/3":294.0,"PPA":24.0,"CrsPA":7.0,"Prog":222.0},{"Player":"Lucas Alario","Pos":"FW","Cmp":227.0,"Cmp%":73.7,"1\/3":6.0,"PPA":9.0,"CrsPA":0.0,"Prog":13.0},{"Player":"Thiago Alcántara","Pos":"MF","Cmp":1649.0,"Cmp%":89.6,"1\/3":185.0,"PPA":18.0,"CrsPA":1.0,"Prog":197.0},{"Player":"Nadiem Amiri","Pos":"MF","Cmp":906.0,"Cmp%":78.9,"1\/3":73.0,"PPA":23.0,"CrsPA":6.0,"Prog":96.0},{"Player":"Sebastian Andersson","Pos":"FW","Cmp":495.0,"Cmp%":62.3,"1\/3":46.0,"PPA":13.0,"CrsPA":4.0,"Prog":47.0},{"Player":"Robert Andrich","Pos":"MF","Cmp":857.0,"Cmp%":71.2,"1\/3":97.0,"PPA":32.0,"CrsPA":6.0,"Prog":136.0},{"Player":"Christopher Antwi-Adjei","Pos":"MF","Cmp":603.0,"Cmp%":71.3,"1\/3":29.0,"PPA":30.0,"CrsPA":8.0,"Prog":64.0},{"Player":"Charles Aránguiz","Pos":"MF","Cmp":1397.0,"Cmp%":85.9,"1\/3":142.0,"PPA":9.0,"CrsPA":0.0,"Prog":172.0},{"Player":"Maximilian Arnold","Pos":"MF","Cmp":1152.0,"Cmp%":74.8,"1\/3":112.0,"PPA":27.0,"CrsPA":7.0,"Prog":138.0},{"Player":"Kaan Ayhan","Pos":"DF","Cmp":1472.0,"Cmp%":83.8,"1\/3":132.0,"PPA":13.0,"CrsPA":3.0,"Prog":143.0},{"Player":"Daniel Baier","Pos":"MF","Cmp":684.0,"Cmp%":77.4,"1\/3":56.0,"PPA":9.0,"CrsPA":0.0,"Prog":64.0},{"Player":"Leon Bailey","Pos":"FW","Cmp":326.0,"Cmp%":67.8,"1\/3":17.0,"PPA":24.0,"CrsPA":9.0,"Prog":39.0},{"Player":"Philipp Bargfrede","Pos":"MF","Cmp":204.0,"Cmp%":76.1,"1\/3":30.0,"PPA":4.0,"CrsPA":0.0,"Prog":30.0},{"Player":"Leandro Barreiro Martins","Pos":"MF","Cmp":275.0,"Cmp%":74.7,"1\/3":27.0,"PPA":2.0,"CrsPA":0.0,"Prog":40.0},{"Player":"Oliver Baumann","Pos":"GK","Cmp":1012.0,"Cmp%":77.7,"1\/3":12.0,"PPA":1.0,"CrsPA":0.0,"Prog":1.0},{"Player":"Julian Baumgartlinger","Pos":"MF","Cmp":1030.0,"Cmp%":90.3,"1\/3":73.0,"PPA":10.0,"CrsPA":0.0,"Prog":74.0},{"Player":"Christoph Baumgartner","Pos":"MF","Cmp":354.0,"Cmp%":71.4,"1\/3":22.0,"PPA":7.0,"CrsPA":1.0,"Prog":33.0},{"Player":"Ihlas Bebou","Pos":"FW","Cmp":456.0,"Cmp%":70.9,"1\/3":33.0,"PPA":24.0,"CrsPA":10.0,"Prog":45.0},{"Player":"Karim Bellarabi","Pos":"FW","Cmp":487.0,"Cmp%":68.9,"1\/3":26.0,"PPA":29.0,"CrsPA":11.0,"Prog":60.0},{"Player":"Lars Bender","Pos":"DF","Cmp":915.0,"Cmp%":85.2,"1\/3":53.0,"PPA":12.0,"CrsPA":2.0,"Prog":90.0},{"Player":"Sven Bender","Pos":"DF","Cmp":2318.0,"Cmp%":92.8,"1\/3":72.0,"PPA":4.0,"CrsPA":0.0,"Prog":88.0},{"Player":"László Bénes","Pos":"MF","Cmp":399.0,"Cmp%":76.4,"1\/3":58.0,"PPA":11.0,"CrsPA":3.0,"Prog":57.0},{"Player":"Ramy Bensebaini","Pos":"DF","Cmp":732.0,"Cmp%":79.0,"1\/3":41.0,"PPA":9.0,"CrsPA":4.0,"Prog":56.0},{"Player":"Leonardo Bittencourt","Pos":"FW","Cmp":671.0,"Cmp%":73.9,"1\/3":43.0,"PPA":30.0,"CrsPA":14.0,"Prog":75.0},{"Player":"Leonardo Bittencourt","Pos":"FW","Cmp":2.0,"Cmp%":66.7,"1\/3":0.0,"PPA":0.0,"CrsPA":0.0,"Prog":0.0},{"Player":"Jérôme Boateng","Pos":"DF","Cmp":1532.0,"Cmp%":90.0,"1\/3":133.0,"PPA":13.0,"CrsPA":0.0,"Prog":112.0},{"Player":"Adam Bodzek","Pos":"MF","Cmp":584.0,"Cmp%":82.4,"1\/3":56.0,"PPA":4.0,"CrsPA":0.0,"Prog":56.0},{"Player":"Jean-Paul Boëtius","Pos":"MF","Cmp":698.0,"Cmp%":76.0,"1\/3":94.0,"PPA":23.0,"CrsPA":1.0,"Prog":126.0},{"Player":"Sebastiaan Bornauw","Pos":"DF","Cmp":995.0,"Cmp%":82.0,"1\/3":66.0,"PPA":6.0,"CrsPA":2.0,"Prog":63.0},{"Player":"Dedryck Boyata","Pos":"DF","Cmp":1219.0,"Cmp%":90.6,"1\/3":45.0,"PPA":1.0,"CrsPA":0.0,"Prog":43.0},{"Player":"Julian Brandt","Pos":"MF","Cmp":1395.0,"Cmp%":83.2,"1\/3":110.0,"PPA":50.0,"CrsPA":1.0,"Prog":151.0},{"Player":"Josip Brekalo","Pos":"MF","Cmp":569.0,"Cmp%":69.2,"1\/3":47.0,"PPA":35.0,"CrsPA":4.0,"Prog":95.0},{"Player":"John Brooks","Pos":"DF","Cmp":990.0,"Cmp%":83.3,"1\/3":62.0,"PPA":4.0,"CrsPA":0.0,"Prog":80.0},{"Player":"Daniel Brosinski","Pos":"DF","Cmp":664.0,"Cmp%":62.9,"1\/3":50.0,"PPA":36.0,"CrsPA":12.0,"Prog":85.0},{"Player":"Jeffrey Bruma","Pos":"DF","Cmp":261.0,"Cmp%":88.2,"1\/3":15.0,"PPA":0.0,"CrsPA":0.0,"Prog":16.0},{"Player":"Jeffrey Bruma","Pos":"DF","Cmp":268.0,"Cmp%":87.6,"1\/3":5.0,"PPA":0.0,"CrsPA":0.0,"Prog":14.0},{"Player":"Jacob Bruun Larsen","Pos":"FW","Cmp":106.0,"Cmp%":76.8,"1\/3":4.0,"PPA":5.0,"CrsPA":1.0,"Prog":5.0},{"Player":"Jacob Bruun Larsen","Pos":"FW","Cmp":22.0,"Cmp%":81.5,"1\/3":3.0,"PPA":0.0,"CrsPA":0.0,"Prog":2.0},{"Player":"Marius Bülter","Pos":"MF","Cmp":411.0,"Cmp%":62.7,"1\/3":27.0,"PPA":22.0,"CrsPA":10.0,"Prog":48.0},{"Player":"Guido Burgstaller","Pos":"FW","Cmp":207.0,"Cmp%":68.5,"1\/3":12.0,"PPA":8.0,"CrsPA":0.0,"Prog":19.0},{"Player":"Roman Bürki","Pos":"GK","Cmp":831.0,"Cmp%":79.4,"1\/3":3.0,"PPA":0.0,"CrsPA":0.0,"Prog":0.0},{"Player":"Daniel Caligiuri","Pos":"MF","Cmp":637.0,"Cmp%":63.9,"1\/3":46.0,"PPA":33.0,"CrsPA":6.0,"Prog":105.0},{"Player":"Koen Casteels","Pos":"GK","Cmp":720.0,"Cmp%":73.1,"1\/3":16.0,"PPA":0.0,"CrsPA":0.0,"Prog":0.0},{"Player":"Timothy Chandler","Pos":"DF","Cmp":290.0,"Cmp%":62.8,"1\/3":26.0,"PPA":19.0,"CrsPA":14.0,"Prog":54.0},{"Player":"Kwon Chang-Hoon","Pos":"MF","Cmp":198.0,"Cmp%":72.0,"1\/3":15.0,"PPA":9.0,"CrsPA":5.0,"Prog":21.0},{"Player":"Jamilu Collins","Pos":"DF","Cmp":1346.0,"Cmp%":76.1,"1\/3":116.0,"PPA":10.0,"CrsPA":3.0,"Prog":131.0},{"Player":"Kingsley Coman","Pos":"FW","Cmp":611.0,"Cmp%":76.7,"1\/3":25.0,"PPA":34.0,"CrsPA":10.0,"Prog":68.0},{"Player":"Jhon Córdoba","Pos":"FW","Cmp":320.0,"Cmp%":78.4,"1\/3":15.0,"PPA":7.0,"CrsPA":0.0,"Prog":14.0},{"Player":"Sergio Córdova","Pos":"FW","Cmp":54.0,"Cmp%":71.1,"1\/3":7.0,"PPA":0.0,"CrsPA":0.0,"Prog":6.0},{"Player":"Danny da Costa","Pos":"DF","Cmp":408.0,"Cmp%":65.2,"1\/3":19.0,"PPA":31.0,"CrsPA":18.0,"Prog":56.0},{"Player":"Philippe Coutinho","Pos":"MF","Cmp":709.0,"Cmp%":81.8,"1\/3":114.0,"PPA":34.0,"CrsPA":1.0,"Prog":116.0},{"Player":"Matheus Cunha","Pos":"FW","Cmp":74.0,"Cmp%":77.1,"1\/3":6.0,"PPA":5.0,"CrsPA":2.0,"Prog":10.0},{"Player":"Matheus Cunha","Pos":"FW","Cmp":121.0,"Cmp%":68.8,"1\/3":20.0,"PPA":8.0,"CrsPA":1.0,"Prog":25.0},{"Player":"Rafael Czichos","Pos":"DF","Cmp":990.0,"Cmp%":83.9,"1\/3":69.0,"PPA":3.0,"CrsPA":0.0,"Prog":80.0},{"Player":"Vladimir Darida","Pos":"MF","Cmp":843.0,"Cmp%":73.1,"1\/3":77.0,"PPA":24.0,"CrsPA":10.0,"Prog":80.0},{"Player":"Alphonso Davies","Pos":"DF","Cmp":1585.0,"Cmp%":86.4,"1\/3":103.0,"PPA":37.0,"CrsPA":19.0,"Prog":136.0},{"Player":"Kerem Demirbay","Pos":"MF","Cmp":947.0,"Cmp%":78.0,"1\/3":103.0,"PPA":11.0,"CrsPA":1.0,"Prog":102.0},{"Player":"Diego Demme","Pos":"MF","Cmp":933.0,"Cmp%":86.7,"1\/3":85.0,"PPA":15.0,"CrsPA":1.0,"Prog":84.0},{"Player":"Moussa Diaby","Pos":"FW","Cmp":515.0,"Cmp%":73.6,"1\/3":24.0,"PPA":27.0,"CrsPA":14.0,"Prog":43.0},{"Player":"Javairo Dilrosun","Pos":"MF","Cmp":298.0,"Cmp%":72.3,"1\/3":29.0,"PPA":10.0,"CrsPA":5.0,"Prog":37.0},{"Player":"Bas Dost","Pos":"FW","Cmp":273.0,"Cmp%":59.2,"1\/3":33.0,"PPA":6.0,"CrsPA":0.0,"Prog":33.0},{"Player":"Mohamed Dräger","Pos":"DF","Cmp":630.0,"Cmp%":77.0,"1\/3":29.0,"PPA":13.0,"CrsPA":3.0,"Prog":57.0},{"Player":"Aleksandar Dragovic","Pos":"DF","Cmp":849.0,"Cmp%":90.7,"1\/3":71.0,"PPA":3.0,"CrsPA":0.0,"Prog":58.0},{"Player":"Dominick Drexler","Pos":"MF","Cmp":486.0,"Cmp%":73.1,"1\/3":34.0,"PPA":32.0,"CrsPA":11.0,"Prog":62.0},{"Player":"Maximilian Eggestein","Pos":"MF","Cmp":1151.0,"Cmp%":77.6,"1\/3":126.0,"PPA":36.0,"CrsPA":5.0,"Prog":172.0},{"Player":"Kingsley Ehizibue","Pos":"DF","Cmp":850.0,"Cmp%":74.8,"1\/3":44.0,"PPA":20.0,"CrsPA":9.0,"Prog":74.0},{"Player":"Nico Elvedi","Pos":"DF","Cmp":1605.0,"Cmp%":92.2,"1\/3":38.0,"PPA":0.0,"CrsPA":0.0,"Prog":56.0},{"Player":"Breel Embolo","Pos":"FW","Cmp":294.0,"Cmp%":75.4,"1\/3":24.0,"PPA":11.0,"CrsPA":1.0,"Prog":29.0},{"Player":"Felix Uduokhai","Pos":"DF","Cmp":734.0,"Cmp%":83.2,"1\/3":30.0,"PPA":1.0,"CrsPA":0.0,"Prog":42.0},{"Player":"Edimilson Fernandes","Pos":"MF","Cmp":614.0,"Cmp%":84.9,"1\/3":63.0,"PPA":7.0,"CrsPA":1.0,"Prog":65.0},{"Player":"Alfred Finnbogason","Pos":"FW","Cmp":147.0,"Cmp%":60.7,"1\/3":7.0,"PPA":7.0,"CrsPA":0.0,"Prog":17.0},{"Player":"Emil Forsberg","Pos":"MF","Cmp":429.0,"Cmp%":79.7,"1\/3":42.0,"PPA":9.0,"CrsPA":1.0,"Prog":51.0},{"Player":"Raphael Framberger","Pos":"DF","Cmp":336.0,"Cmp%":66.3,"1\/3":40.0,"PPA":12.0,"CrsPA":4.0,"Prog":47.0},{"Player":"Mike Frantz","Pos":"MF","Cmp":97.0,"Cmp%":72.9,"1\/3":9.0,"PPA":3.0,"CrsPA":3.0,"Prog":7.0},{"Player":"Marco Friedl","Pos":"DF","Cmp":989.0,"Cmp%":76.5,"1\/3":64.0,"PPA":25.0,"CrsPA":13.0,"Prog":82.0},{"Player":"Marvin Friedrich","Pos":"DF","Cmp":918.0,"Cmp%":78.5,"1\/3":97.0,"PPA":5.0,"CrsPA":2.0,"Prog":90.0},{"Player":"Mijat Gacinovic","Pos":"MF","Cmp":260.0,"Cmp%":70.5,"1\/3":29.0,"PPA":9.0,"CrsPA":2.0,"Prog":29.0},{"Player":"Theodor Gebre Selassie","Pos":"DF","Cmp":1118.0,"Cmp%":83.6,"1\/3":70.0,"PPA":22.0,"CrsPA":9.0,"Prog":102.0},{"Player":"Dennis Geiger","Pos":"MF","Cmp":516.0,"Cmp%":83.1,"1\/3":37.0,"PPA":12.0,"CrsPA":2.0,"Prog":58.0},{"Player":"Christian Gentner","Pos":"MF","Cmp":755.0,"Cmp%":73.0,"1\/3":96.0,"PPA":25.0,"CrsPA":6.0,"Prog":94.0},{"Player":"Yannick Gerhardt","Pos":"MF","Cmp":302.0,"Cmp%":77.4,"1\/3":27.0,"PPA":7.0,"CrsPA":0.0,"Prog":42.0},{"Player":"Niko Gießelmann","Pos":"DF","Cmp":858.0,"Cmp%":75.6,"1\/3":64.0,"PPA":28.0,"CrsPA":13.0,"Prog":96.0},{"Player":"Rafal Gikiewicz","Pos":"GK","Cmp":857.0,"Cmp%":63.2,"1\/3":62.0,"PPA":1.0,"CrsPA":0.0,"Prog":1.0},{"Player":"Daniel Ginczek","Pos":"FW","Cmp":132.0,"Cmp%":66.3,"1\/3":12.0,"PPA":3.0,"CrsPA":0.0,"Prog":10.0},{"Player":"Matthias Ginter","Pos":"DF","Cmp":1852.0,"Cmp%":85.9,"1\/3":121.0,"PPA":10.0,"CrsPA":0.0,"Prog":152.0},{"Player":"Klaus Gjasula","Pos":"MF","Cmp":898.0,"Cmp%":77.8,"1\/3":110.0,"PPA":6.0,"CrsPA":0.0,"Prog":111.0},{"Player":"Serge Gnabry","Pos":"FW","Cmp":883.0,"Cmp%":78.3,"1\/3":42.0,"PPA":46.0,"CrsPA":7.0,"Prog":86.0},{"Player":"Leon Goretzka","Pos":"MF","Cmp":799.0,"Cmp%":86.5,"1\/3":74.0,"PPA":24.0,"CrsPA":1.0,"Prog":77.0},{"Player":"Mario Götze","Pos":"FW","Cmp":238.0,"Cmp%":84.1,"1\/3":13.0,"PPA":9.0,"CrsPA":3.0,"Prog":16.0},{"Player":"Jeffrey Gouweleeuw","Pos":"DF","Cmp":578.0,"Cmp%":76.6,"1\/3":35.0,"PPA":5.0,"CrsPA":0.0,"Prog":39.0},{"Player":"Michael Gregoritsch","Pos":"FW","Cmp":141.0,"Cmp%":66.2,"1\/3":13.0,"PPA":5.0,"CrsPA":0.0,"Prog":13.0},{"Player":"Michael Gregoritsch","Pos":"MF","Cmp":65.0,"Cmp%":67.0,"1\/3":4.0,"PPA":3.0,"CrsPA":0.0,"Prog":9.0},{"Player":"Vincenzo Grifo","Pos":"MF","Cmp":553.0,"Cmp%":72.4,"1\/3":38.0,"PPA":22.0,"CrsPA":6.0,"Prog":60.0},{"Player":"Vincenzo Grifo","Pos":"MF","Cmp":11.0,"Cmp%":84.6,"1\/3":1.0,"PPA":0.0,"CrsPA":0.0,"Prog":1.0},{"Player":"Florian Grillitsch","Pos":"MF","Cmp":1577.0,"Cmp%":88.8,"1\/3":110.0,"PPA":25.0,"CrsPA":5.0,"Prog":128.0},{"Player":"Marko Grujic","Pos":"MF","Cmp":883.0,"Cmp%":80.6,"1\/3":97.0,"PPA":12.0,"CrsPA":1.0,"Prog":103.0},{"Player":"Raphael Guerreiro","Pos":"DF","Cmp":1887.0,"Cmp%":88.0,"1\/3":118.0,"PPA":38.0,"CrsPA":13.0,"Prog":172.0},{"Player":"Josuha Guilavogui","Pos":"MF","Cmp":807.0,"Cmp%":81.8,"1\/3":77.0,"PPA":11.0,"CrsPA":0.0,"Prog":84.0},{"Player":"Péter Gulácsi","Pos":"GK","Cmp":1015.0,"Cmp%":80.0,"1\/3":7.0,"PPA":1.0,"CrsPA":0.0,"Prog":0.0},{"Player":"Manuel Gulde","Pos":"DF","Cmp":703.0,"Cmp%":85.9,"1\/3":58.0,"PPA":9.0,"CrsPA":2.0,"Prog":64.0},{"Player":"Christian Günter","Pos":"DF","Cmp":1159.0,"Cmp%":70.5,"1\/3":62.0,"PPA":62.0,"CrsPA":44.0,"Prog":114.0},{"Player":"Erling Haaland","Pos":"FW","Cmp":174.0,"Cmp%":73.7,"1\/3":8.0,"PPA":7.0,"CrsPA":1.0,"Prog":11.0},{"Player":"Janik Haberer","Pos":"MF","Cmp":741.0,"Cmp%":84.0,"1\/3":66.0,"PPA":11.0,"CrsPA":1.0,"Prog":67.0},{"Player":"André Hahn","Pos":"FW","Cmp":102.0,"Cmp%":55.7,"1\/3":8.0,"PPA":7.0,"CrsPA":5.0,"Prog":10.0},{"Player":"Amadou Haidara","Pos":"MF","Cmp":484.0,"Cmp%":86.7,"1\/3":46.0,"PPA":12.0,"CrsPA":4.0,"Prog":54.0},{"Player":"Achraf Hakimi","Pos":"DF","Cmp":2042.0,"Cmp%":84.3,"1\/3":112.0,"PPA":43.0,"CrsPA":13.0,"Prog":196.0},{"Player":"Marcel Halstenberg","Pos":"DF","Cmp":1605.0,"Cmp%":84.1,"1\/3":125.0,"PPA":18.0,"CrsPA":6.0,"Prog":156.0},{"Player":"Amine Harit","Pos":"MF","Cmp":754.0,"Cmp%":82.9,"1\/3":66.0,"PPA":36.0,"CrsPA":5.0,"Prog":114.0},{"Player":"Makoto Hasebe","Pos":"DF","Cmp":1210.0,"Cmp%":88.1,"1\/3":106.0,"PPA":4.0,"CrsPA":0.0,"Prog":102.0},{"Player":"Kai Havertz","Pos":"MF","Cmp":1207.0,"Cmp%":85.2,"1\/3":101.0,"PPA":37.0,"CrsPA":5.0,"Prog":106.0},{"Player":"Thorgan Hazard","Pos":"FW","Cmp":961.0,"Cmp%":76.8,"1\/3":59.0,"PPA":38.0,"CrsPA":7.0,"Prog":91.0},{"Player":"Jonas Hector","Pos":"MF","Cmp":1015.0,"Cmp%":79.9,"1\/3":84.0,"PPA":28.0,"CrsPA":5.0,"Prog":113.0},{"Player":"Dominique Heintz","Pos":"DF","Cmp":1113.0,"Cmp%":84.3,"1\/3":122.0,"PPA":10.0,"CrsPA":4.0,"Prog":87.0},{"Player":"Rouwen Hennings","Pos":"FW","Cmp":430.0,"Cmp%":69.5,"1\/3":30.0,"PPA":13.0,"CrsPA":5.0,"Prog":36.0},{"Player":"Lucas Hernández","Pos":"DF","Cmp":723.0,"Cmp%":88.3,"1\/3":45.0,"PPA":3.0,"CrsPA":0.0,"Prog":53.0},{"Player":"Patrick Herrmann","Pos":"FW","Cmp":375.0,"Cmp%":70.9,"1\/3":20.0,"PPA":21.0,"CrsPA":5.0,"Prog":46.0},{"Player":"Martin Hinteregger","Pos":"DF","Cmp":1280.0,"Cmp%":77.5,"1\/3":104.0,"PPA":9.0,"CrsPA":2.0,"Prog":123.0},{"Player":"Andre Hoffmann","Pos":"DF","Cmp":1215.0,"Cmp%":91.0,"1\/3":36.0,"PPA":1.0,"CrsPA":0.0,"Prog":46.0},{"Player":"Nicolas Höfler","Pos":"MF","Cmp":1230.0,"Cmp%":83.8,"1\/3":115.0,"PPA":13.0,"CrsPA":0.0,"Prog":123.0},{"Player":"Jonas Hofmann","Pos":"MF","Cmp":1.0,"Cmp%":50.0,"1\/3":0.0,"PPA":0.0,"CrsPA":0.0,"Prog":0.0},{"Player":"Jonas Hofmann","Pos":"MF","Cmp":702.0,"Cmp%":79.6,"1\/3":57.0,"PPA":18.0,"CrsPA":3.0,"Prog":67.0},{"Player":"Marco Höger","Pos":"MF","Cmp":343.0,"Cmp%":82.1,"1\/3":39.0,"PPA":2.0,"CrsPA":0.0,"Prog":39.0},{"Player":"Lucas Höler","Pos":"FW","Cmp":452.0,"Cmp%":69.9,"1\/3":21.0,"PPA":15.0,"CrsPA":5.0,"Prog":25.0},{"Player":"Gerrit Holtmann","Pos":"MF","Cmp":288.0,"Cmp%":72.4,"1\/3":15.0,"PPA":12.0,"CrsPA":5.0,"Prog":29.0},{"Player":"Timo Horn","Pos":"GK","Cmp":867.0,"Cmp%":72.9,"1\/3":25.0,"PPA":0.0,"CrsPA":0.0,"Prog":0.0},{"Player":"Benjamin Hübner","Pos":"DF","Cmp":1364.0,"Cmp%":86.9,"1\/3":114.0,"PPA":14.0,"CrsPA":1.0,"Prog":114.0},{"Player":"Mats Hummels","Pos":"DF","Cmp":1974.0,"Cmp%":88.4,"1\/3":130.0,"PPA":12.0,"CrsPA":1.0,"Prog":118.0},{"Player":"Uwe Hünemeier","Pos":"DF","Cmp":698.0,"Cmp%":86.9,"1\/3":59.0,"PPA":1.0,"CrsPA":0.0,"Prog":63.0},{"Player":"Vedad Ibisevic","Pos":"FW","Cmp":171.0,"Cmp%":71.0,"1\/3":17.0,"PPA":4.0,"CrsPA":1.0,"Prog":15.0},{"Player":"Stefan Ilsanker","Pos":"DF","Cmp":328.0,"Cmp%":90.6,"1\/3":25.0,"PPA":4.0,"CrsPA":0.0,"Prog":28.0},{"Player":"Stefan Ilsanker","Pos":"DF","Cmp":436.0,"Cmp%":80.7,"1\/3":30.0,"PPA":3.0,"CrsPA":1.0,"Prog":33.0},{"Player":"Marcus Ingvartsen","Pos":"MF","Cmp":342.0,"Cmp%":68.1,"1\/3":19.0,"PPA":7.0,"CrsPA":2.0,"Prog":26.0},{"Player":"Ismail Jakobs","Pos":"FW","Cmp":389.0,"Cmp%":66.0,"1\/3":16.0,"PPA":16.0,"CrsPA":9.0,"Prog":30.0},{"Player":"Laurent Jans","Pos":"DF","Cmp":645.0,"Cmp%":75.1,"1\/3":46.0,"PPA":11.0,"CrsPA":6.0,"Prog":70.0},{"Player":"Tony Jantschke","Pos":"DF","Cmp":538.0,"Cmp%":83.3,"1\/3":41.0,"PPA":7.0,"CrsPA":2.0,"Prog":55.0},{"Player":"Rune Jarstein","Pos":"GK","Cmp":658.0,"Cmp%":65.3,"1\/3":13.0,"PPA":0.0,"CrsPA":0.0,"Prog":0.0},{"Player":"Tin Jedvaj","Pos":"DF","Cmp":854.0,"Cmp%":76.5,"1\/3":48.0,"PPA":5.0,"CrsPA":1.0,"Prog":63.0},{"Player":"Ozan Kabak","Pos":"DF","Cmp":856.0,"Cmp%":83.6,"1\/3":68.0,"PPA":1.0,"CrsPA":0.0,"Prog":67.0},{"Player":"Pavel Kaderábek","Pos":"DF","Cmp":970.0,"Cmp%":71.1,"1\/3":60.0,"PPA":41.0,"CrsPA":30.0,"Prog":102.0},{"Player":"Florian Kainz","Pos":"FW","Cmp":456.0,"Cmp%":62.4,"1\/3":51.0,"PPA":35.0,"CrsPA":18.0,"Prog":84.0},{"Player":"Daichi Kamada","Pos":"MF","Cmp":579.0,"Cmp%":74.9,"1\/3":60.0,"PPA":15.0,"CrsPA":3.0,"Prog":66.0},{"Player":"Kenan Karaman","Pos":"FW","Cmp":224.0,"Cmp%":66.9,"1\/3":13.0,"PPA":7.0,"CrsPA":1.0,"Prog":11.0},{"Player":"Florian Kastenmeier","Pos":"GK","Cmp":433.0,"Cmp%":68.7,"1\/3":10.0,"PPA":0.0,"CrsPA":0.0,"Prog":1.0},{"Player":"Noah Katterbach","Pos":"DF","Cmp":520.0,"Cmp%":70.9,"1\/3":41.0,"PPA":10.0,"CrsPA":3.0,"Prog":61.0},{"Player":"Jonjoe Kenny","Pos":"DF","Cmp":1180.0,"Cmp%":75.3,"1\/3":100.0,"PPA":33.0,"CrsPA":10.0,"Prog":151.0},{"Player":"Rani Khedira","Pos":"MF","Cmp":637.0,"Cmp%":72.0,"1\/3":52.0,"PPA":5.0,"CrsPA":1.0,"Prog":46.0},{"Player":"Luca Kilian","Pos":"DF","Cmp":633.0,"Cmp%":90.7,"1\/3":27.0,"PPA":1.0,"CrsPA":0.0,"Prog":19.0},{"Player":"Joshua Kimmich","Pos":"MF","Cmp":2440.0,"Cmp%":85.7,"1\/3":252.0,"PPA":64.0,"CrsPA":15.0,"Prog":249.0},{"Player":"Davy Klaassen","Pos":"MF","Cmp":1005.0,"Cmp%":77.8,"1\/3":97.0,"PPA":25.0,"CrsPA":2.0,"Prog":123.0},{"Player":"Felix Klaus","Pos":"FW","Cmp":150.0,"Cmp%":68.8,"1\/3":11.0,"PPA":6.0,"CrsPA":2.0,"Prog":17.0},{"Player":"Lukas Klostermann","Pos":"DF","Cmp":1553.0,"Cmp%":86.1,"1\/3":107.0,"PPA":13.0,"CrsPA":4.0,"Prog":122.0},{"Player":"Lukas Klünter","Pos":"DF","Cmp":573.0,"Cmp%":69.5,"1\/3":35.0,"PPA":14.0,"CrsPA":8.0,"Prog":41.0},{"Player":"Robin Knoche","Pos":"DF","Cmp":790.0,"Cmp%":84.4,"1\/3":62.0,"PPA":6.0,"CrsPA":2.0,"Prog":89.0},{"Player":"Robin Koch","Pos":"DF","Cmp":1253.0,"Cmp%":85.5,"1\/3":77.0,"PPA":13.0,"CrsPA":4.0,"Prog":83.0},{"Player":"Dominik Kohr","Pos":"MF","Cmp":634.0,"Cmp%":80.6,"1\/3":64.0,"PPA":13.0,"CrsPA":2.0,"Prog":81.0},{"Player":"Filip Kostic","Pos":"DF","Cmp":965.0,"Cmp%":59.8,"1\/3":71.0,"PPA":61.0,"CrsPA":41.0,"Prog":117.0},{"Player":"Tomas Koubek","Pos":"GK","Cmp":500.0,"Cmp%":59.5,"1\/3":10.0,"PPA":0.0,"CrsPA":0.0,"Prog":0.0},{"Player":"Dawid Kownacki","Pos":"FW","Cmp":214.0,"Cmp%":68.8,"1\/3":10.0,"PPA":11.0,"CrsPA":3.0,"Prog":20.0},{"Player":"Andrej Kramaric","Pos":"FW","Cmp":445.0,"Cmp%":80.3,"1\/3":26.0,"PPA":23.0,"CrsPA":2.0,"Prog":47.0},{"Player":"Christoph Kramer","Pos":"MF","Cmp":796.0,"Cmp%":85.1,"1\/3":55.0,"PPA":10.0,"CrsPA":1.0,"Prog":58.0},{"Player":"Felix Kroos","Pos":"MF","Cmp":129.0,"Cmp%":81.1,"1\/3":13.0,"PPA":1.0,"CrsPA":0.0,"Prog":16.0},{"Player":"Pierre Kunde","Pos":"MF","Cmp":795.0,"Cmp%":77.8,"1\/3":91.0,"PPA":15.0,"CrsPA":5.0,"Prog":92.0},{"Player":"Ahmed Kutucu","Pos":"FW","Cmp":126.0,"Cmp%":71.2,"1\/3":5.0,"PPA":5.0,"CrsPA":2.0,"Prog":9.0},{"Player":"Konrad Laimer","Pos":"MF","Cmp":1067.0,"Cmp%":82.4,"1\/3":104.0,"PPA":22.0,"CrsPA":2.0,"Prog":132.0},{"Player":"Stefan Lainer","Pos":"DF","Cmp":1105.0,"Cmp%":70.7,"1\/3":85.0,"PPA":47.0,"CrsPA":27.0,"Prog":133.0},{"Player":"Danny Latza","Pos":"MF","Cmp":494.0,"Cmp%":80.6,"1\/3":42.0,"PPA":12.0,"CrsPA":1.0,"Prog":63.0},{"Player":"Christopher Lenz","Pos":"DF","Cmp":816.0,"Cmp%":71.4,"1\/3":58.0,"PPA":21.0,"CrsPA":12.0,"Prog":85.0},{"Player":"Robert Lewandowski","Pos":"FW","Cmp":592.0,"Cmp%":75.6,"1\/3":36.0,"PPA":43.0,"CrsPA":7.0,"Prog":69.0},{"Player":"Stephan Lichtsteiner","Pos":"DF","Cmp":404.0,"Cmp%":69.2,"1\/3":31.0,"PPA":9.0,"CrsPA":4.0,"Prog":55.0},{"Player":"Philipp Lienhart","Pos":"DF","Cmp":891.0,"Cmp%":87.0,"1\/3":48.0,"PPA":4.0,"CrsPA":0.0,"Prog":46.0},{"Player":"Eduard Löwen","Pos":"MF","Cmp":157.0,"Cmp%":63.6,"1\/3":9.0,"PPA":1.0,"CrsPA":0.0,"Prog":11.0},{"Player":"Eduard Löwen","Pos":"MF","Cmp":118.0,"Cmp%":80.3,"1\/3":17.0,"PPA":1.0,"CrsPA":0.0,"Prog":12.0},{"Player":"Dodi Lukebakio","Pos":"FW","Cmp":480.0,"Cmp%":75.4,"1\/3":28.0,"PPA":20.0,"CrsPA":8.0,"Prog":48.0},{"Player":"Streli Mamba","Pos":"FW","Cmp":212.0,"Cmp%":76.8,"1\/3":12.0,"PPA":1.0,"CrsPA":0.0,"Prog":9.0},{"Player":"Aarón Martín","Pos":"DF","Cmp":662.0,"Cmp%":72.6,"1\/3":39.0,"PPA":18.0,"CrsPA":12.0,"Prog":54.0},{"Player":"Javi Martínez","Pos":"DF","Cmp":533.0,"Cmp%":91.9,"1\/3":41.0,"PPA":6.0,"CrsPA":0.0,"Prog":34.0},{"Player":"Omar Mascarell","Pos":"MF","Cmp":1102.0,"Cmp%":86.2,"1\/3":75.0,"PPA":7.0,"CrsPA":0.0,"Prog":84.0},{"Player":"Jean-Philippe Mateta","Pos":"FW","Cmp":132.0,"Cmp%":64.7,"1\/3":6.0,"PPA":2.0,"CrsPA":0.0,"Prog":7.0},{"Player":"Rabbi Matondo","Pos":"FW","Cmp":163.0,"Cmp%":68.2,"1\/3":7.0,"PPA":5.0,"CrsPA":0.0,"Prog":10.0},{"Player":"Philipp Max","Pos":"DF","Cmp":958.0,"Cmp%":67.2,"1\/3":73.0,"PPA":40.0,"CrsPA":17.0,"Prog":104.0},{"Player":"Kevin Mbabu","Pos":"DF","Cmp":652.0,"Cmp%":70.0,"1\/3":55.0,"PPA":20.0,"CrsPA":17.0,"Prog":67.0},{"Player":"Weston McKennie","Pos":"MF","Cmp":848.0,"Cmp%":80.3,"1\/3":63.0,"PPA":14.0,"CrsPA":1.0,"Prog":80.0},{"Player":"Joshua Mees","Pos":"MF","Cmp":56.0,"Cmp%":69.1,"1\/3":2.0,"PPA":2.0,"CrsPA":1.0,"Prog":5.0},{"Player":"Admir Mehmedi","Pos":"MF","Cmp":412.0,"Cmp%":71.8,"1\/3":40.0,"PPA":17.0,"CrsPA":3.0,"Prog":46.0},{"Player":"Sven Michel","Pos":"FW","Cmp":235.0,"Cmp%":63.3,"1\/3":15.0,"PPA":7.0,"CrsPA":1.0,"Prog":27.0},{"Player":"Maximilian Mittelstädt","Pos":"DF","Cmp":814.0,"Cmp%":72.4,"1\/3":68.0,"PPA":22.0,"CrsPA":11.0,"Prog":88.0},{"Player":"Anthony Modeste","Pos":"FW","Cmp":132.0,"Cmp%":55.5,"1\/3":8.0,"PPA":5.0,"CrsPA":1.0,"Prog":19.0},{"Player":"Niklas Moisander","Pos":"DF","Cmp":1326.0,"Cmp%":87.0,"1\/3":97.0,"PPA":8.0,"CrsPA":1.0,"Prog":113.0},{"Player":"Alfredo Morales","Pos":"MF","Cmp":425.0,"Cmp%":71.9,"1\/3":41.0,"PPA":10.0,"CrsPA":2.0,"Prog":59.0},{"Player":"Nordi Mukiele","Pos":"DF","Cmp":999.0,"Cmp%":77.7,"1\/3":58.0,"PPA":20.0,"CrsPA":7.0,"Prog":96.0},{"Player":"Thomas Müller","Pos":"MF","Cmp":1023.0,"Cmp%":75.3,"1\/3":91.0,"PPA":75.0,"CrsPA":27.0,"Prog":149.0},{"Player":"Matija Nastasic","Pos":"DF","Cmp":785.0,"Cmp%":86.9,"1\/3":43.0,"PPA":1.0,"CrsPA":0.0,"Prog":38.0},{"Player":"Manuel Neuer","Pos":"GK","Cmp":1272.0,"Cmp%":88.0,"1\/3":9.0,"PPA":0.0,"CrsPA":0.0,"Prog":6.0},{"Player":"Florian Neuhaus","Pos":"MF","Cmp":1052.0,"Cmp%":82.5,"1\/3":82.0,"PPA":30.0,"CrsPA":2.0,"Prog":129.0},{"Player":"Moussa Niakhate","Pos":"DF","Cmp":1177.0,"Cmp%":81.2,"1\/3":91.0,"PPA":7.0,"CrsPA":1.0,"Prog":100.0},{"Player":"Florian Niederlechner","Pos":"FW","Cmp":369.0,"Cmp%":73.5,"1\/3":24.0,"PPA":15.0,"CrsPA":1.0,"Prog":40.0},{"Player":"Christopher Nkunku","Pos":"MF","Cmp":666.0,"Cmp%":79.2,"1\/3":52.0,"PPA":32.0,"CrsPA":3.0,"Prog":89.0},{"Player":"Alexander Nübel","Pos":"GK","Cmp":721.0,"Cmp%":71.5,"1\/3":13.0,"PPA":1.0,"CrsPA":0.0,"Prog":0.0},{"Player":"Bastian Oczipka","Pos":"DF","Cmp":1369.0,"Cmp%":76.6,"1\/3":93.0,"PPA":34.0,"CrsPA":16.0,"Prog":141.0},{"Player":"Karim Onisiwo","Pos":"FW","Cmp":230.0,"Cmp%":64.1,"1\/3":13.0,"PPA":13.0,"CrsPA":4.0,"Prog":22.0},{"Player":"William","Pos":"DF","Cmp":509.0,"Cmp%":89.3,"1\/3":39.0,"PPA":0.0,"CrsPA":0.0,"Prog":44.0},{"Player":"Yuya Osako","Pos":"FW","Cmp":493.0,"Cmp%":75.7,"1\/3":52.0,"PPA":15.0,"CrsPA":2.0,"Prog":64.0},{"Player":"Levin Öztunali","Pos":"MF","Cmp":349.0,"Cmp%":65.2,"1\/3":29.0,"PPA":28.0,"CrsPA":8.0,"Prog":65.0},{"Player":"Gonçalo Paciência","Pos":"FW","Cmp":202.0,"Cmp%":63.9,"1\/3":20.0,"PPA":17.0,"CrsPA":4.0,"Prog":31.0},{"Player":"Benjamin Pavard","Pos":"DF","Cmp":2208.0,"Cmp%":87.9,"1\/3":177.0,"PPA":36.0,"CrsPA":15.0,"Prog":207.0},{"Player":"Jiri Pavlenka","Pos":"GK","Cmp":847.0,"Cmp%":70.6,"1\/3":12.0,"PPA":0.0,"CrsPA":0.0,"Prog":0.0},{"Player":"Ivan Perisic","Pos":"FW","Cmp":448.0,"Cmp%":70.9,"1\/3":22.0,"PPA":24.0,"CrsPA":11.0,"Prog":47.0},{"Player":"Nils Petersen","Pos":"FW","Cmp":332.0,"Cmp%":64.8,"1\/3":18.0,"PPA":8.0,"CrsPA":1.0,"Prog":23.0},{"Player":"Krzysztof Piatek","Pos":"FW","Cmp":163.0,"Cmp%":75.5,"1\/3":11.0,"PPA":2.0,"CrsPA":0.0,"Prog":9.0},{"Player":"Lukasz Piszczek","Pos":"DF","Cmp":1733.0,"Cmp%":87.8,"1\/3":105.0,"PPA":14.0,"CrsPA":3.0,"Prog":103.0},{"Player":"Claudio Pizarro","Pos":"FW","Cmp":60.0,"Cmp%":69.0,"1\/3":6.0,"PPA":8.0,"CrsPA":1.0,"Prog":11.0},{"Player":"Marvin Plattenhardt","Pos":"DF","Cmp":547.0,"Cmp%":73.6,"1\/3":32.0,"PPA":9.0,"CrsPA":8.0,"Prog":38.0},{"Player":"Alassane Pléa","Pos":"FW","Cmp":519.0,"Cmp%":72.3,"1\/3":43.0,"PPA":31.0,"CrsPA":8.0,"Prog":67.0},{"Player":"Stefan Posch","Pos":"DF","Cmp":1211.0,"Cmp%":81.8,"1\/3":77.0,"PPA":9.0,"CrsPA":1.0,"Prog":87.0},{"Player":"Yussuf Poulsen","Pos":"FW","Cmp":239.0,"Cmp%":70.5,"1\/3":14.0,"PPA":14.0,"CrsPA":0.0,"Prog":31.0},{"Player":"Kai Pröger","Pos":"MF","Cmp":334.0,"Cmp%":53.5,"1\/3":20.0,"PPA":15.0,"CrsPA":9.0,"Prog":34.0},{"Player":"Grischa Prömel","Pos":"MF","Cmp":274.0,"Cmp%":76.5,"1\/3":30.0,"PPA":4.0,"CrsPA":1.0,"Prog":30.0},{"Player":"Robin Quaison","Pos":"FW","Cmp":408.0,"Cmp%":70.7,"1\/3":30.0,"PPA":20.0,"CrsPA":0.0,"Prog":43.0},{"Player":"Benito Raman","Pos":"FW","Cmp":232.0,"Cmp%":67.8,"1\/3":11.0,"PPA":8.0,"CrsPA":0.0,"Prog":20.0},{"Player":"Milot Rashica","Pos":"FW","Cmp":470.0,"Cmp%":67.0,"1\/3":20.0,"PPA":24.0,"CrsPA":12.0,"Prog":41.0},{"Player":"Marco Reus","Pos":"MF","Cmp":544.0,"Cmp%":82.8,"1\/3":44.0,"PPA":22.0,"CrsPA":2.0,"Prog":55.0},{"Player":"Marco Richter","Pos":"MF","Cmp":361.0,"Cmp%":60.6,"1\/3":32.0,"PPA":21.0,"CrsPA":6.0,"Prog":53.0},{"Player":"Sebastian Rode","Pos":"MF","Cmp":1025.0,"Cmp%":84.8,"1\/3":86.0,"PPA":18.0,"CrsPA":5.0,"Prog":111.0},{"Player":"Jérôme Roussillon","Pos":"DF","Cmp":786.0,"Cmp%":72.3,"1\/3":49.0,"PPA":19.0,"CrsPA":10.0,"Prog":87.0},{"Player":"Sebastian Rudy","Pos":"MF","Cmp":1220.0,"Cmp%":79.6,"1\/3":108.0,"PPA":31.0,"CrsPA":8.0,"Prog":147.0},{"Player":"Abdelhamid Sabiri","Pos":"MF","Cmp":351.0,"Cmp%":79.6,"1\/3":40.0,"PPA":3.0,"CrsPA":0.0,"Prog":36.0},{"Player":"Marcel Sabitzer","Pos":"MF","Cmp":1163.0,"Cmp%":75.9,"1\/3":115.0,"PPA":57.0,"CrsPA":11.0,"Prog":173.0},{"Player":"Nuri Sahin","Pos":"MF","Cmp":590.0,"Cmp%":76.1,"1\/3":59.0,"PPA":7.0,"CrsPA":0.0,"Prog":64.0},{"Player":"Roland Sallai","Pos":"MF","Cmp":237.0,"Cmp%":69.1,"1\/3":13.0,"PPA":9.0,"CrsPA":1.0,"Prog":25.0},{"Player":"Diadie Samassékou","Pos":"MF","Cmp":480.0,"Cmp%":81.6,"1\/3":34.0,"PPA":8.0,"CrsPA":0.0,"Prog":39.0},{"Player":"Jadon Sancho","Pos":"FW","Cmp":1348.0,"Cmp%":83.5,"1\/3":70.0,"PPA":57.0,"CrsPA":5.0,"Prog":131.0},{"Player":"Salif Sané","Pos":"DF","Cmp":592.0,"Cmp%":86.9,"1\/3":32.0,"PPA":1.0,"CrsPA":0.0,"Prog":40.0},{"Player":"Joshua Sargent","Pos":"FW","Cmp":262.0,"Cmp%":71.8,"1\/3":12.0,"PPA":5.0,"CrsPA":2.0,"Prog":20.0},{"Player":"Patrik Schick","Pos":"FW","Cmp":220.0,"Cmp%":68.3,"1\/3":13.0,"PPA":6.0,"CrsPA":0.0,"Prog":19.0},{"Player":"Xaver Schlager","Pos":"MF","Cmp":530.0,"Cmp%":78.2,"1\/3":58.0,"PPA":9.0,"CrsPA":1.0,"Prog":65.0},{"Player":"Keven Schlotterbeck","Pos":"DF","Cmp":645.0,"Cmp%":81.1,"1\/3":38.0,"PPA":4.0,"CrsPA":1.0,"Prog":38.0},{"Player":"Keven Schlotterbeck","Pos":"DF","Cmp":152.0,"Cmp%":78.4,"1\/3":11.0,"PPA":0.0,"CrsPA":0.0,"Prog":15.0},{"Player":"Jonathan Schmid","Pos":"DF","Cmp":1178.0,"Cmp%":75.8,"1\/3":85.0,"PPA":29.0,"CrsPA":13.0,"Prog":138.0},{"Player":"Benno Schmitz","Pos":"DF","Cmp":543.0,"Cmp%":71.7,"1\/3":70.0,"PPA":20.0,"CrsPA":10.0,"Prog":81.0},{"Player":"Sebastian Schonlau","Pos":"DF","Cmp":1283.0,"Cmp%":89.8,"1\/3":40.0,"PPA":0.0,"CrsPA":0.0,"Prog":70.0},{"Player":"Alessandro Schöpf","Pos":"MF","Cmp":566.0,"Cmp%":83.5,"1\/3":27.0,"PPA":5.0,"CrsPA":1.0,"Prog":30.0},{"Player":"Alexander Schwolow","Pos":"GK","Cmp":668.0,"Cmp%":68.2,"1\/3":10.0,"PPA":0.0,"CrsPA":0.0,"Prog":0.0},{"Player":"Davie Selke","Pos":"FW","Cmp":91.0,"Cmp%":67.4,"1\/3":4.0,"PPA":2.0,"CrsPA":0.0,"Prog":7.0},{"Player":"Davie Selke","Pos":"FW","Cmp":141.0,"Cmp%":60.0,"1\/3":7.0,"PPA":4.0,"CrsPA":0.0,"Prog":11.0},{"Player":"Suat Serdar","Pos":"MF","Cmp":386.0,"Cmp%":77.5,"1\/3":41.0,"PPA":9.0,"CrsPA":0.0,"Prog":47.0},{"Player":"André Silva","Pos":"FW","Cmp":340.0,"Cmp%":70.4,"1\/3":20.0,"PPA":12.0,"CrsPA":1.0,"Prog":38.0},{"Player":"Ellyes Skhiri","Pos":"MF","Cmp":1190.0,"Cmp%":84.9,"1\/3":84.0,"PPA":22.0,"CrsPA":1.0,"Prog":124.0},{"Player":"Robert Skov","Pos":"DF","Cmp":1005.0,"Cmp%":75.0,"1\/3":54.0,"PPA":37.0,"CrsPA":15.0,"Prog":103.0},{"Player":"Marcel Sobottka","Pos":"MF","Cmp":187.0,"Cmp%":81.3,"1\/3":12.0,"PPA":1.0,"CrsPA":0.0,"Prog":12.0},{"Player":"Yann Sommer","Pos":"GK","Cmp":1270.0,"Cmp%":82.2,"1\/3":9.0,"PPA":0.0,"CrsPA":0.0,"Prog":1.0},{"Player":"Djibril Sow","Pos":"MF","Cmp":717.0,"Cmp%":81.8,"1\/3":77.0,"PPA":20.0,"CrsPA":9.0,"Prog":75.0},{"Player":"Dennis Srbeny","Pos":"FW","Cmp":173.0,"Cmp%":62.9,"1\/3":18.0,"PPA":5.0,"CrsPA":0.0,"Prog":18.0},{"Player":"Niklas Stark","Pos":"DF","Cmp":710.0,"Cmp%":83.7,"1\/3":55.0,"PPA":3.0,"CrsPA":0.0,"Prog":59.0},{"Player":"Renato Steffen","Pos":"MF","Cmp":550.0,"Cmp%":75.7,"1\/3":37.0,"PPA":24.0,"CrsPA":9.0,"Prog":71.0},{"Player":"Zack Steffen","Pos":"GK","Cmp":441.0,"Cmp%":71.1,"1\/3":7.0,"PPA":1.0,"CrsPA":0.0,"Prog":1.0},{"Player":"Lars Stindl","Pos":"MF","Cmp":616.0,"Cmp%":80.8,"1\/3":47.0,"PPA":13.0,"CrsPA":2.0,"Prog":49.0},{"Player":"Kevin Stöger","Pos":"MF","Cmp":777.0,"Cmp%":80.2,"1\/3":75.0,"PPA":16.0,"CrsPA":3.0,"Prog":82.0},{"Player":"Christian Strohdiek","Pos":"DF","Cmp":477.0,"Cmp%":75.2,"1\/3":50.0,"PPA":2.0,"CrsPA":0.0,"Prog":42.0},{"Player":"Neven Subotic","Pos":"DF","Cmp":539.0,"Cmp%":73.1,"1\/3":60.0,"PPA":5.0,"CrsPA":0.0,"Prog":66.0},{"Player":"Markus Suttner","Pos":"DF","Cmp":603.0,"Cmp%":72.7,"1\/3":74.0,"PPA":16.0,"CrsPA":5.0,"Prog":84.0},{"Player":"Ádám Szalai","Pos":"FW","Cmp":198.0,"Cmp%":64.3,"1\/3":16.0,"PPA":2.0,"CrsPA":0.0,"Prog":17.0},{"Player":"Jonathan Tah","Pos":"DF","Cmp":1831.0,"Cmp%":90.5,"1\/3":103.0,"PPA":5.0,"CrsPA":1.0,"Prog":109.0},{"Player":"Simon Terodde","Pos":"FW","Cmp":102.0,"Cmp%":62.2,"1\/3":6.0,"PPA":3.0,"CrsPA":0.0,"Prog":11.0},{"Player":"Erik Thommy","Pos":"DF","Cmp":645.0,"Cmp%":70.9,"1\/3":44.0,"PPA":27.0,"CrsPA":14.0,"Prog":63.0},{"Player":"Marcus Thuram","Pos":"FW","Cmp":473.0,"Cmp%":68.5,"1\/3":19.0,"PPA":21.0,"CrsPA":1.0,"Prog":54.0},{"Player":"Marcel Tisserand","Pos":"DF","Cmp":562.0,"Cmp%":77.8,"1\/3":53.0,"PPA":5.0,"CrsPA":1.0,"Prog":66.0},{"Player":"Jordan Torunarigha","Pos":"DF","Cmp":699.0,"Cmp%":86.0,"1\/3":38.0,"PPA":2.0,"CrsPA":0.0,"Prog":38.0},{"Player":"Almamy Touré","Pos":"DF","Cmp":493.0,"Cmp%":70.0,"1\/3":47.0,"PPA":20.0,"CrsPA":12.0,"Prog":71.0},{"Player":"Kevin Trapp","Pos":"GK","Cmp":701.0,"Cmp%":74.7,"1\/3":18.0,"PPA":0.0,"CrsPA":0.0,"Prog":1.0},{"Player":"Christopher Trimmel","Pos":"DF","Cmp":1069.0,"Cmp%":69.0,"1\/3":56.0,"PPA":24.0,"CrsPA":16.0,"Prog":84.0},{"Player":"Anthony Ujah","Pos":"FW","Cmp":162.0,"Cmp%":61.4,"1\/3":17.0,"PPA":3.0,"CrsPA":0.0,"Prog":28.0},{"Player":"Mark Uth","Pos":"FW","Cmp":82.0,"Cmp%":71.9,"1\/3":1.0,"PPA":1.0,"CrsPA":0.0,"Prog":4.0},{"Player":"Mark Uth","Pos":"MF","Cmp":316.0,"Cmp%":63.8,"1\/3":27.0,"PPA":15.0,"CrsPA":2.0,"Prog":38.0},{"Player":"Ruben Vargas","Pos":"FW","Cmp":420.0,"Cmp%":63.9,"1\/3":35.0,"PPA":19.0,"CrsPA":3.0,"Prog":74.0},{"Player":"Sebastian Vasiliadis","Pos":"MF","Cmp":818.0,"Cmp%":76.4,"1\/3":77.0,"PPA":16.0,"CrsPA":2.0,"Prog":89.0},{"Player":"Milos Veljkovic","Pos":"DF","Cmp":905.0,"Cmp%":79.3,"1\/3":97.0,"PPA":5.0,"CrsPA":0.0,"Prog":82.0},{"Player":"Kevin Vogt","Pos":"DF","Cmp":776.0,"Cmp%":93.5,"1\/3":30.0,"PPA":1.0,"CrsPA":0.0,"Prog":27.0},{"Player":"Kevin Vogt","Pos":"DF","Cmp":669.0,"Cmp%":86.5,"1\/3":25.0,"PPA":1.0,"CrsPA":0.0,"Prog":34.0},{"Player":"Kevin Volland","Pos":"FW","Cmp":429.0,"Cmp%":71.0,"1\/3":34.0,"PPA":22.0,"CrsPA":5.0,"Prog":54.0},{"Player":"Gian-Luca Waldschmidt","Pos":"FW","Cmp":276.0,"Cmp%":77.5,"1\/3":15.0,"PPA":14.0,"CrsPA":3.0,"Prog":25.0},{"Player":"Wout Weghorst","Pos":"FW","Cmp":533.0,"Cmp%":65.2,"1\/3":52.0,"PPA":17.0,"CrsPA":2.0,"Prog":61.0},{"Player":"Mitchell Weiser","Pos":"DF","Cmp":827.0,"Cmp%":79.5,"1\/3":47.0,"PPA":13.0,"CrsPA":6.0,"Prog":60.0},{"Player":"Wendell","Pos":"DF","Cmp":1612.0,"Cmp%":85.4,"1\/3":100.0,"PPA":7.0,"CrsPA":1.0,"Prog":99.0},{"Player":"Oscar Wendt","Pos":"DF","Cmp":803.0,"Cmp%":75.5,"1\/3":45.0,"PPA":21.0,"CrsPA":9.0,"Prog":75.0},{"Player":"Timo Werner","Pos":"FW","Cmp":764.0,"Cmp%":71.7,"1\/3":58.0,"PPA":58.0,"CrsPA":10.0,"Prog":108.0},{"Player":"William","Pos":"DF","Cmp":635.0,"Cmp%":71.8,"1\/3":66.0,"PPA":20.0,"CrsPA":10.0,"Prog":95.0},{"Player":"Axel Witsel","Pos":"MF","Cmp":1688.0,"Cmp%":94.1,"1\/3":140.0,"PPA":9.0,"CrsPA":2.0,"Prog":80.0},{"Player":"Marius Wolf","Pos":"FW","Cmp":465.0,"Cmp%":69.0,"1\/3":50.0,"PPA":17.0,"CrsPA":10.0,"Prog":78.0},{"Player":"Dan-Axel Zagadou","Pos":"DF","Cmp":762.0,"Cmp%":92.1,"1\/3":42.0,"PPA":0.0,"CrsPA":0.0,"Prog":44.0},{"Player":"Denis Zakaria","Pos":"MF","Cmp":787.0,"Cmp%":86.7,"1\/3":62.0,"PPA":12.0,"CrsPA":0.0,"Prog":88.0},{"Player":"Robin Zentner","Pos":"GK","Cmp":512.0,"Cmp%":64.0,"1\/3":21.0,"PPA":0.0,"CrsPA":0.0,"Prog":2.0},{"Player":"Jean Zimmer","Pos":"DF","Cmp":180.0,"Cmp%":66.7,"1\/3":16.0,"PPA":5.0,"CrsPA":0.0,"Prog":30.0},{"Player":"Matthias Zimmermann","Pos":"DF","Cmp":1186.0,"Cmp%":71.1,"1\/3":116.0,"PPA":37.0,"CrsPA":18.0,"Prog":168.0},{"Player":"Leopold Zingerle","Pos":"GK","Cmp":1004.0,"Cmp%":82.5,"1\/3":6.0,"PPA":0.0,"CrsPA":0.0,"Prog":1.0},{"Player":"Ben Zolinski","Pos":"FW","Cmp":274.0,"Cmp%":75.3,"1\/3":26.0,"PPA":6.0,"CrsPA":3.0,"Prog":27.0},{"Player":"Steven Zuber","Pos":"DF","Cmp":"350","Cmp%":"81.8","1\/3":"14","PPA":"6","CrsPA":"3","Prog":"27"}]