[{"Player":"Ignazio Abate","Pos":"DF","Cmp":625.0,"Cmp%":80.7,"1\/3":58.0,"PPA":20.0,"CrsPA":8.0,"Prog":62.0},{"Player":"Francesco Acerbi","Pos":"DF","Cmp":1359.0,"Cmp%":82.7,"1\/3":104.0,"PPA":6.0,"CrsPA":3.0,"Prog":97.0},{"Player":"Afriyie Acquah","Pos":"MF","Cmp":403.0,"Cmp%":84.0,"1\/3":42.0,"PPA":2.0,"CrsPA":0.0,"Prog":35.0},{"Player":"Claud Adjapong","Pos":"DF","Cmp":360.0,"Cmp%":70.0,"1\/3":25.0,"PPA":6.0,"CrsPA":2.0,"Prog":32.0},{"Player":"Arlind Ajeti","Pos":"DF","Cmp":286.0,"Cmp%":78.4,"1\/3":19.0,"PPA":2.0,"CrsPA":0.0,"Prog":26.0},{"Player":"Luis Alberto","Pos":"MF","Cmp":1339.0,"Cmp%":73.4,"1\/3":184.0,"PPA":79.0,"CrsPA":4.0,"Prog":242.0},{"Player":"Raúl Albiol","Pos":"DF","Cmp":2223.0,"Cmp%":88.6,"1\/3":221.0,"PPA":3.0,"CrsPA":0.0,"Prog":171.0},{"Player":"Alisson","Pos":"GK","Cmp":959.0,"Cmp%":81.6,"1\/3":12.0,"PPA":0.0,"CrsPA":0.0,"Prog":0.0},{"Player":"Allan","Pos":"MF","Cmp":1558.0,"Cmp%":85.6,"1\/3":182.0,"PPA":51.0,"CrsPA":2.0,"Prog":170.0},{"Player":"Felipe Anderson","Pos":"MF","Cmp":504.0,"Cmp%":71.1,"1\/3":39.0,"PPA":43.0,"CrsPA":7.0,"Prog":79.0},{"Player":"Nícolas","Pos":"GK","Cmp":796.0,"Cmp%":58.7,"1\/3":9.0,"PPA":0.0,"CrsPA":0.0,"Prog":1.0},{"Player":"Marco Andreolli","Pos":"DF","Cmp":681.0,"Cmp%":80.4,"1\/3":38.0,"PPA":4.0,"CrsPA":0.0,"Prog":36.0},{"Player":"Cristian Ansaldi","Pos":"DF","Cmp":695.0,"Cmp%":71.5,"1\/3":51.0,"PPA":28.0,"CrsPA":15.0,"Prog":79.0},{"Player":"Mirco Antenucci","Pos":"FW","Cmp":475.0,"Cmp%":73.4,"1\/3":26.0,"PPA":14.0,"CrsPA":6.0,"Prog":28.0},{"Player":"Mirco Antenucci","Pos":"FW","Cmp":11.0,"Cmp%":73.3,"1\/3":0.0,"PPA":1.0,"CrsPA":1.0,"Prog":1.0},{"Player":"Kwadwo Asamoah","Pos":"DF","Cmp":1118.0,"Cmp%":87.6,"1\/3":95.0,"PPA":15.0,"CrsPA":8.0,"Prog":87.0},{"Player":"Davide Astori","Pos":"DF","Cmp":1306.0,"Cmp%":86.7,"1\/3":86.0,"PPA":7.0,"CrsPA":0.0,"Prog":79.0},{"Player":"Felipe","Pos":"FW","Cmp":80.0,"Cmp%":57.1,"1\/3":5.0,"PPA":5.0,"CrsPA":0.0,"Prog":8.0},{"Player":"Khouma Babacar","Pos":"FW","Cmp":114.0,"Cmp%":81.4,"1\/3":6.0,"PPA":1.0,"CrsPA":0.0,"Prog":9.0},{"Player":"Khouma Babacar","Pos":"FW","Cmp":76.0,"Cmp%":75.2,"1\/3":6.0,"PPA":3.0,"CrsPA":0.0,"Prog":8.0},{"Player":"Milan Badelj","Pos":"MF","Cmp":1470.0,"Cmp%":82.9,"1\/3":170.0,"PPA":38.0,"CrsPA":7.0,"Prog":198.0},{"Player":"Andrija Balic","Pos":"MF","Cmp":444.0,"Cmp%":80.0,"1\/3":41.0,"PPA":7.0,"CrsPA":1.0,"Prog":45.0},{"Player":"Mattia Bani","Pos":"DF","Cmp":516.0,"Cmp%":80.5,"1\/3":32.0,"PPA":2.0,"CrsPA":0.0,"Prog":30.0},{"Player":"Antonin Barak","Pos":"MF","Cmp":912.0,"Cmp%":78.8,"1\/3":96.0,"PPA":30.0,"CrsPA":5.0,"Prog":130.0},{"Player":"Andrea Barberis","Pos":"MF","Cmp":807.0,"Cmp%":71.4,"1\/3":68.0,"PPA":12.0,"CrsPA":6.0,"Prog":77.0},{"Player":"Nicolò Barella","Pos":"MF","Cmp":1225.0,"Cmp%":75.1,"1\/3":145.0,"PPA":37.0,"CrsPA":7.0,"Prog":144.0},{"Player":"Edgar Barreto","Pos":"MF","Cmp":861.0,"Cmp%":79.5,"1\/3":76.0,"PPA":21.0,"CrsPA":5.0,"Prog":97.0},{"Player":"Andrea Barzagli","Pos":"DF","Cmp":1164.0,"Cmp%":92.1,"1\/3":89.0,"PPA":4.0,"CrsPA":2.0,"Prog":64.0},{"Player":"Daniele Baselli","Pos":"MF","Cmp":1091.0,"Cmp%":81.7,"1\/3":92.0,"PPA":25.0,"CrsPA":3.0,"Prog":114.0},{"Player":"Samuel Bastien","Pos":"MF","Cmp":403.0,"Cmp%":82.8,"1\/3":26.0,"PPA":8.0,"CrsPA":2.0,"Prog":28.0},{"Player":"Alessandro Matri","Pos":"DF","Cmp":72.0,"Cmp%":85.7,"1\/3":6.0,"PPA":0.0,"CrsPA":0.0,"Prog":7.0},{"Player":"Bastos","Pos":"DF","Cmp":786.0,"Cmp%":90.8,"1\/3":45.0,"PPA":2.0,"CrsPA":1.0,"Prog":35.0},{"Player":"Valon Behrami","Pos":"MF","Cmp":419.0,"Cmp%":81.7,"1\/3":23.0,"PPA":1.0,"CrsPA":0.0,"Prog":31.0},{"Player":"Vid Belec","Pos":"GK","Cmp":235.0,"Cmp%":65.1,"1\/3":3.0,"PPA":0.0,"CrsPA":0.0,"Prog":0.0},{"Player":"Vid Belec","Pos":"GK","Cmp":70.0,"Cmp%":81.4,"1\/3":2.0,"PPA":0.0,"CrsPA":0.0,"Prog":0.0},{"Player":"Andrea Belotti","Pos":"FW","Cmp":441.0,"Cmp%":72.3,"1\/3":27.0,"PPA":12.0,"CrsPA":1.0,"Prog":26.0},{"Player":"Marco Benassi","Pos":"MF","Cmp":994.0,"Cmp%":75.2,"1\/3":112.0,"PPA":36.0,"CrsPA":10.0,"Prog":152.0},{"Player":"Medhi Benatia","Pos":"DF","Cmp":1251.0,"Cmp%":91.0,"1\/3":60.0,"PPA":3.0,"CrsPA":0.0,"Prog":51.0},{"Player":"Rodrigo Bentancur","Pos":"MF","Cmp":474.0,"Cmp%":89.1,"1\/3":42.0,"PPA":4.0,"CrsPA":0.0,"Prog":37.0},{"Player":"Domenico Berardi","Pos":"FW","Cmp":647.0,"Cmp%":66.1,"1\/3":49.0,"PPA":38.0,"CrsPA":12.0,"Prog":101.0},{"Player":"Alex Berenguer","Pos":"FW","Cmp":336.0,"Cmp%":71.9,"1\/3":25.0,"PPA":15.0,"CrsPA":2.0,"Prog":35.0},{"Player":"Bartosz Bereszynski","Pos":"DF","Cmp":1265.0,"Cmp%":79.5,"1\/3":90.0,"PPA":17.0,"CrsPA":7.0,"Prog":124.0},{"Player":"Etrit Berisha","Pos":"GK","Cmp":543.0,"Cmp%":67.8,"1\/3":6.0,"PPA":0.0,"CrsPA":0.0,"Prog":2.0},{"Player":"Federico Bernardeschi","Pos":"FW","Cmp":307.0,"Cmp%":80.8,"1\/3":18.0,"PPA":14.0,"CrsPA":2.0,"Prog":44.0},{"Player":"Andrea Bertolacci","Pos":"MF","Cmp":1310.0,"Cmp%":79.8,"1\/3":161.0,"PPA":35.0,"CrsPA":1.0,"Prog":185.0},{"Player":"Daniel Bessa","Pos":"MF","Cmp":171.0,"Cmp%":79.9,"1\/3":13.0,"PPA":4.0,"CrsPA":0.0,"Prog":22.0},{"Player":"Daniel Bessa","Pos":"MF","Cmp":556.0,"Cmp%":80.9,"1\/3":46.0,"PPA":10.0,"CrsPA":3.0,"Prog":47.0},{"Player":"Lucas Biglia","Pos":"MF","Cmp":1469.0,"Cmp%":89.9,"1\/3":138.0,"PPA":14.0,"CrsPA":1.0,"Prog":155.0},{"Player":"Cristiano Biraghi","Pos":"DF","Cmp":1246.0,"Cmp%":70.7,"1\/3":57.0,"PPA":44.0,"CrsPA":21.0,"Prog":96.0},{"Player":"Davide Biraschi","Pos":"DF","Cmp":772.0,"Cmp%":76.4,"1\/3":77.0,"PPA":10.0,"CrsPA":5.0,"Prog":59.0},{"Player":"Valter Birsa","Pos":"MF","Cmp":1079.0,"Cmp%":71.8,"1\/3":119.0,"PPA":45.0,"CrsPA":14.0,"Prog":125.0},{"Player":"Albano Bizzarri","Pos":"GK","Cmp":664.0,"Cmp%":63.5,"1\/3":11.0,"PPA":0.0,"CrsPA":0.0,"Prog":0.0},{"Player":"Giacomo Bonaventura","Pos":"MF","Cmp":1275.0,"Cmp%":84.8,"1\/3":87.0,"PPA":32.0,"CrsPA":6.0,"Prog":103.0},{"Player":"Leonardo Bonucci","Pos":"DF","Cmp":1761.0,"Cmp%":84.1,"1\/3":230.0,"PPA":19.0,"CrsPA":2.0,"Prog":158.0},{"Player":"Fabio Borini","Pos":"FW","Cmp":643.0,"Cmp%":76.6,"1\/3":48.0,"PPA":19.0,"CrsPA":9.0,"Prog":77.0},{"Player":"Marco Borriello","Pos":"FW","Cmp":120.0,"Cmp%":74.5,"1\/3":3.0,"PPA":1.0,"CrsPA":0.0,"Prog":6.0},{"Player":"Enrico Brignola","Pos":"FW","Cmp":383.0,"Cmp%":81.1,"1\/3":16.0,"PPA":16.0,"CrsPA":1.0,"Prog":35.0},{"Player":"Marcelo Brozovic","Pos":"MF","Cmp":1504.0,"Cmp%":84.4,"1\/3":194.0,"PPA":46.0,"CrsPA":7.0,"Prog":180.0},{"Player":"Marcel Büchel","Pos":"MF","Cmp":647.0,"Cmp%":76.7,"1\/3":45.0,"PPA":4.0,"CrsPA":1.0,"Prog":43.0},{"Player":"Ante Budimir","Pos":"FW","Cmp":256.0,"Cmp%":65.5,"1\/3":17.0,"PPA":8.0,"CrsPA":1.0,"Prog":21.0},{"Player":"Gianluigi Buffon","Pos":"GK","Cmp":422.0,"Cmp%":79.3,"1\/3":0.0,"PPA":0.0,"CrsPA":0.0,"Prog":0.0},{"Player":"Nicolas Burdisso","Pos":"DF","Cmp":947.0,"Cmp%":86.2,"1\/3":36.0,"PPA":3.0,"CrsPA":1.0,"Prog":46.0},{"Player":"Fabrizio Cacciatore","Pos":"DF","Cmp":1494.0,"Cmp%":75.6,"1\/3":105.0,"PPA":68.0,"CrsPA":26.0,"Prog":193.0},{"Player":"Martín Cáceres","Pos":"DF","Cmp":185.0,"Cmp%":81.5,"1\/3":17.0,"PPA":3.0,"CrsPA":2.0,"Prog":14.0},{"Player":"Martín Cáceres","Pos":"DF","Cmp":409.0,"Cmp%":73.6,"1\/3":36.0,"PPA":5.0,"CrsPA":3.0,"Prog":42.0},{"Player":"Felipe Caicedo","Pos":"FW","Cmp":143.0,"Cmp%":80.3,"1\/3":8.0,"PPA":6.0,"CrsPA":0.0,"Prog":16.0},{"Player":"Davide Calabria","Pos":"DF","Cmp":885.0,"Cmp%":78.6,"1\/3":64.0,"PPA":22.0,"CrsPA":15.0,"Prog":72.0},{"Player":"Mattia Caldara","Pos":"DF","Cmp":870.0,"Cmp%":86.1,"1\/3":27.0,"PPA":0.0,"CrsPA":0.0,"Prog":25.0},{"Player":"Hakan Calhanoglu","Pos":"FW","Cmp":1023.0,"Cmp%":76.0,"1\/3":87.0,"PPA":47.0,"CrsPA":18.0,"Prog":115.0},{"Player":"José Callejón","Pos":"FW","Cmp":1290.0,"Cmp%":77.0,"1\/3":62.0,"PPA":41.0,"CrsPA":20.0,"Prog":88.0},{"Player":"Simone Calvano","Pos":"MF","Cmp":188.0,"Cmp%":77.7,"1\/3":21.0,"PPA":1.0,"CrsPA":1.0,"Prog":22.0},{"Player":"João Cancelo","Pos":"DF","Cmp":1244.0,"Cmp%":77.0,"1\/3":98.0,"PPA":41.0,"CrsPA":13.0,"Prog":133.0},{"Player":"Antonio Candreva","Pos":"FW","Cmp":1160.0,"Cmp%":71.9,"1\/3":60.0,"PPA":74.0,"CrsPA":37.0,"Prog":114.0},{"Player":"Paolo Cannavaro","Pos":"DF","Cmp":441.0,"Cmp%":78.8,"1\/3":49.0,"PPA":1.0,"CrsPA":0.0,"Prog":40.0},{"Player":"Gianluca Caprari","Pos":"FW","Cmp":505.0,"Cmp%":74.7,"1\/3":28.0,"PPA":39.0,"CrsPA":3.0,"Prog":65.0},{"Player":"Marco Capuano","Pos":"DF","Cmp":299.0,"Cmp%":76.7,"1\/3":14.0,"PPA":2.0,"CrsPA":1.0,"Prog":22.0},{"Player":"Marco Capuano","Pos":"DF","Cmp":493.0,"Cmp%":80.2,"1\/3":24.0,"PPA":0.0,"CrsPA":0.0,"Prog":29.0},{"Player":"Antonio Caracciolo","Pos":"DF","Cmp":788.0,"Cmp%":80.6,"1\/3":25.0,"PPA":2.0,"CrsPA":1.0,"Prog":32.0},{"Player":"Timothy Castagne","Pos":"DF","Cmp":776.0,"Cmp%":80.6,"1\/3":54.0,"PPA":21.0,"CrsPA":7.0,"Prog":86.0},{"Player":"Lucas Castro","Pos":"MF","Cmp":756.0,"Cmp%":73.7,"1\/3":84.0,"PPA":23.0,"CrsPA":9.0,"Prog":101.0},{"Player":"Danilo","Pos":"MF","Cmp":1109.0,"Cmp%":81.7,"1\/3":102.0,"PPA":24.0,"CrsPA":5.0,"Prog":100.0},{"Player":"Federico Ceccherini","Pos":"DF","Cmp":1015.0,"Cmp%":80.4,"1\/3":65.0,"PPA":7.0,"CrsPA":1.0,"Prog":78.0},{"Player":"Luca Ceppitelli","Pos":"DF","Cmp":907.0,"Cmp%":78.2,"1\/3":93.0,"PPA":7.0,"CrsPA":0.0,"Prog":72.0},{"Player":"Alessio Cerci","Pos":"FW","Cmp":318.0,"Cmp%":65.3,"1\/3":17.0,"PPA":17.0,"CrsPA":4.0,"Prog":38.0},{"Player":"Giorgio Chiellini","Pos":"DF","Cmp":1526.0,"Cmp%":86.5,"1\/3":118.0,"PPA":8.0,"CrsPA":0.0,"Prog":105.0},{"Player":"Federico Chiesa","Pos":"FW","Cmp":751.0,"Cmp%":72.3,"1\/3":40.0,"PPA":54.0,"CrsPA":14.0,"Prog":96.0},{"Player":"Luca Cigarini","Pos":"MF","Cmp":1229.0,"Cmp%":76.7,"1\/3":138.0,"PPA":26.0,"CrsPA":2.0,"Prog":158.0},{"Player":"Thiago Cionek","Pos":"DF","Cmp":587.0,"Cmp%":76.8,"1\/3":47.0,"PPA":2.0,"CrsPA":1.0,"Prog":46.0},{"Player":"Massimo Coda","Pos":"FW","Cmp":238.0,"Cmp%":69.2,"1\/3":11.0,"PPA":12.0,"CrsPA":1.0,"Prog":28.0},{"Player":"Andrea Consigli","Pos":"GK","Cmp":690.0,"Cmp%":66.1,"1\/3":11.0,"PPA":0.0,"CrsPA":0.0,"Prog":0.0},{"Player":"Andrea Costa","Pos":"DF","Cmp":91.0,"Cmp%":87.5,"1\/3":10.0,"PPA":1.0,"CrsPA":1.0,"Prog":13.0},{"Player":"Alex Cordaz","Pos":"GK","Cmp":520.0,"Cmp%":46.5,"1\/3":36.0,"PPA":0.0,"CrsPA":0.0,"Prog":0.0},{"Player":"Andreas Cornelius","Pos":"FW","Cmp":213.0,"Cmp%":70.1,"1\/3":10.0,"PPA":7.0,"CrsPA":0.0,"Prog":14.0},{"Player":"Andrea Costa","Pos":"MF","Cmp":76.0,"Cmp%":60.8,"1\/3":2.0,"PPA":1.0,"CrsPA":1.0,"Prog":6.0},{"Player":"Andrea Costa","Pos":"DF","Cmp":560.0,"Cmp%":76.2,"1\/3":41.0,"PPA":6.0,"CrsPA":2.0,"Prog":51.0},{"Player":"Douglas Costa","Pos":"FW","Cmp":826.0,"Cmp%":79.7,"1\/3":45.0,"PPA":48.0,"CrsPA":14.0,"Prog":99.0},{"Player":"Filippo Costa","Pos":"DF","Cmp":492.0,"Cmp%":65.6,"1\/3":32.0,"PPA":18.0,"CrsPA":9.0,"Prog":52.0},{"Player":"Alessio Cragno","Pos":"GK","Cmp":475.0,"Cmp%":62.3,"1\/3":16.0,"PPA":0.0,"CrsPA":0.0,"Prog":0.0},{"Player":"Bryan Cristante","Pos":"MF","Cmp":1223.0,"Cmp%":77.2,"1\/3":169.0,"PPA":44.0,"CrsPA":2.0,"Prog":175.0},{"Player":"Juan Cuadrado","Pos":"FW","Cmp":707.0,"Cmp%":84.5,"1\/3":47.0,"PPA":39.0,"CrsPA":20.0,"Prog":75.0},{"Player":"Patrick Cutrone","Pos":"FW","Cmp":233.0,"Cmp%":75.4,"1\/3":6.0,"PPA":5.0,"CrsPA":0.0,"Prog":14.0},{"Player":"Marco D&#039;Alessandro","Pos":"MF","Cmp":210.0,"Cmp%":71.9,"1\/3":9.0,"PPA":10.0,"CrsPA":7.0,"Prog":17.0},{"Player":"Danilo","Pos":"DF","Cmp":1700.0,"Cmp%":82.0,"1\/3":135.0,"PPA":23.0,"CrsPA":8.0,"Prog":138.0},{"Player":"Dario Dainelli","Pos":"DF","Cmp":459.0,"Cmp%":75.1,"1\/3":41.0,"PPA":2.0,"CrsPA":0.0,"Prog":40.0},{"Player":"Felipe","Pos":"DF","Cmp":1038.0,"Cmp%":79.3,"1\/3":74.0,"PPA":8.0,"CrsPA":3.0,"Prog":88.0},{"Player":"Sebastien De Maio","Pos":"DF","Cmp":932.0,"Cmp%":81.3,"1\/3":71.0,"PPA":5.0,"CrsPA":0.0,"Prog":69.0},{"Player":"Rodrigo de Paul","Pos":"MF","Cmp":761.0,"Cmp%":68.9,"1\/3":89.0,"PPA":50.0,"CrsPA":17.0,"Prog":127.0},{"Player":"Daniele De Rossi","Pos":"MF","Cmp":1093.0,"Cmp%":83.9,"1\/3":157.0,"PPA":14.0,"CrsPA":1.0,"Prog":141.0},{"Player":"Lorenzo De Silvestri","Pos":"DF","Cmp":1238.0,"Cmp%":71.7,"1\/3":90.0,"PPA":25.0,"CrsPA":14.0,"Prog":108.0},{"Player":"Gregoire Defrel","Pos":"FW","Cmp":116.0,"Cmp%":84.1,"1\/3":7.0,"PPA":6.0,"CrsPA":0.0,"Prog":13.0},{"Player":"Lorenzo Del Pinto","Pos":"MF","Cmp":323.0,"Cmp%":81.6,"1\/3":29.0,"PPA":3.0,"CrsPA":0.0,"Prog":21.0},{"Player":"Fabio Depaoli","Pos":"MF","Cmp":263.0,"Cmp%":65.3,"1\/3":16.0,"PPA":10.0,"CrsPA":7.0,"Prog":27.0},{"Player":"Daniele Dessena","Pos":"MF","Cmp":163.0,"Cmp%":67.1,"1\/3":11.0,"PPA":3.0,"CrsPA":3.0,"Prog":17.0},{"Player":"Mattia Destro","Pos":"FW","Cmp":195.0,"Cmp%":65.0,"1\/3":12.0,"PPA":7.0,"CrsPA":0.0,"Prog":19.0},{"Player":"Federico Di Francesco","Pos":"FW","Cmp":347.0,"Cmp%":74.6,"1\/3":14.0,"PPA":10.0,"CrsPA":4.0,"Prog":33.0},{"Player":"Amadou Diawara","Pos":"MF","Cmp":674.0,"Cmp%":92.1,"1\/3":60.0,"PPA":7.0,"CrsPA":0.0,"Prog":36.0},{"Player":"Berat Gjimshiti","Pos":"DF","Cmp":1430.0,"Cmp%":87.4,"1\/3":68.0,"PPA":3.0,"CrsPA":0.0,"Prog":76.0},{"Player":"Gianluigi Donnarumma","Pos":"GK","Cmp":851.0,"Cmp%":78.4,"1\/3":5.0,"PPA":0.0,"CrsPA":0.0,"Prog":0.0},{"Player":"Godfred Donsah","Pos":"MF","Cmp":479.0,"Cmp%":73.7,"1\/3":35.0,"PPA":17.0,"CrsPA":0.0,"Prog":57.0},{"Player":"Alfred Duncan","Pos":"MF","Cmp":561.0,"Cmp%":71.2,"1\/3":86.0,"PPA":28.0,"CrsPA":4.0,"Prog":111.0},{"Player":"Paulo Dybala","Pos":"MF","Cmp":1107.0,"Cmp%":84.0,"1\/3":80.0,"PPA":39.0,"CrsPA":8.0,"Prog":107.0},{"Player":"Edin Dzeko","Pos":"FW","Cmp":547.0,"Cmp%":68.9,"1\/3":63.0,"PPA":27.0,"CrsPA":1.0,"Prog":68.0},{"Player":"Blerim Dzemaili","Pos":"MF","Cmp":386.0,"Cmp%":78.6,"1\/3":33.0,"PPA":17.0,"CrsPA":0.0,"Prog":46.0},{"Player":"Éder","Pos":"FW","Cmp":207.0,"Cmp%":80.5,"1\/3":10.0,"PPA":11.0,"CrsPA":6.0,"Prog":16.0},{"Player":"Valentin Eysseric","Pos":"FW","Cmp":303.0,"Cmp%":75.2,"1\/3":28.0,"PPA":11.0,"CrsPA":2.0,"Prog":38.0},{"Player":"Diego Falcinelli","Pos":"FW","Cmp":167.0,"Cmp%":67.9,"1\/3":7.0,"PPA":3.0,"CrsPA":1.0,"Prog":12.0},{"Player":"Diego Falcinelli","Pos":"FW","Cmp":84.0,"Cmp%":75.0,"1\/3":3.0,"PPA":4.0,"CrsPA":0.0,"Prog":6.0},{"Player":"Iago Falque","Pos":"FW","Cmp":1023.0,"Cmp%":75.4,"1\/3":66.0,"PPA":55.0,"CrsPA":16.0,"Prog":123.0},{"Player":"Paolo Faragò","Pos":"DF","Cmp":867.0,"Cmp%":65.1,"1\/3":67.0,"PPA":50.0,"CrsPA":24.0,"Prog":134.0},{"Player":"Mohamed Fares","Pos":"DF","Cmp":812.0,"Cmp%":68.6,"1\/3":63.0,"PPA":11.0,"CrsPA":4.0,"Prog":81.0},{"Player":"Diego Farias","Pos":"FW","Cmp":454.0,"Cmp%":79.8,"1\/3":16.0,"PPA":21.0,"CrsPA":5.0,"Prog":43.0},{"Player":"Federico Fazio","Pos":"DF","Cmp":1677.0,"Cmp%":83.7,"1\/3":136.0,"PPA":6.0,"CrsPA":2.0,"Prog":148.0},{"Player":"Felipe","Pos":"DF","Cmp":592.0,"Cmp%":84.8,"1\/3":44.0,"PPA":3.0,"CrsPA":0.0,"Prog":42.0},{"Player":"Alex Ferrari","Pos":"DF","Cmp":770.0,"Cmp%":74.1,"1\/3":54.0,"PPA":10.0,"CrsPA":3.0,"Prog":63.0},{"Player":"Sergio Floccari","Pos":"FW","Cmp":197.0,"Cmp%":76.4,"1\/3":12.0,"PPA":5.0,"CrsPA":1.0,"Prog":11.0},{"Player":"Alessandro Florenzi","Pos":"DF","Cmp":1365.0,"Cmp%":77.0,"1\/3":126.0,"PPA":52.0,"CrsPA":22.0,"Prog":179.0},{"Player":"Seko Fofana","Pos":"MF","Cmp":776.0,"Cmp%":84.9,"1\/3":75.0,"PPA":12.0,"CrsPA":1.0,"Prog":65.0},{"Player":"Marco Fossati","Pos":"MF","Cmp":565.0,"Cmp%":81.5,"1\/3":57.0,"PPA":6.0,"CrsPA":2.0,"Prog":55.0},{"Player":"Remo Freuler","Pos":"MF","Cmp":1900.0,"Cmp%":86.4,"1\/3":206.0,"PPA":38.0,"CrsPA":4.0,"Prog":189.0},{"Player":"Roberto Gagliardini","Pos":"MF","Cmp":1223.0,"Cmp%":85.0,"1\/3":126.0,"PPA":15.0,"CrsPA":2.0,"Prog":109.0},{"Player":"Andrej Galabinov","Pos":"FW","Cmp":243.0,"Cmp%":65.9,"1\/3":13.0,"PPA":6.0,"CrsPA":1.0,"Prog":22.0},{"Player":"Alessandro Gamberini","Pos":"DF","Cmp":603.0,"Cmp%":84.9,"1\/3":20.0,"PPA":1.0,"CrsPA":0.0,"Prog":28.0},{"Player":"Bruno Gaspar","Pos":"DF","Cmp":461.0,"Cmp%":80.2,"1\/3":34.0,"PPA":10.0,"CrsPA":6.0,"Prog":51.0},{"Player":"Gerson","Pos":"MF","Cmp":461.0,"Cmp%":87.5,"1\/3":47.0,"PPA":6.0,"CrsPA":1.0,"Prog":33.0},{"Player":"Emanuele Giaccherini","Pos":"FW","Cmp":45.0,"Cmp%":86.5,"1\/3":1.0,"PPA":4.0,"CrsPA":1.0,"Prog":3.0},{"Player":"Emanuele Giaccherini","Pos":"MF","Cmp":298.0,"Cmp%":72.0,"1\/3":28.0,"PPA":3.0,"CrsPA":1.0,"Prog":42.0},{"Player":"Massimo Gobbi","Pos":"DF","Cmp":949.0,"Cmp%":73.9,"1\/3":86.0,"PPA":41.0,"CrsPA":18.0,"Prog":144.0},{"Player":"Alfred Gomis","Pos":"GK","Cmp":438.0,"Cmp%":57.4,"1\/3":13.0,"PPA":2.0,"CrsPA":0.0,"Prog":0.0},{"Player":"Maxime Gonalons","Pos":"MF","Cmp":682.0,"Cmp%":86.5,"1\/3":101.0,"PPA":10.0,"CrsPA":0.0,"Prog":105.0},{"Player":"Giancarlo Gonzalez","Pos":"DF","Cmp":801.0,"Cmp%":80.2,"1\/3":43.0,"PPA":0.0,"CrsPA":0.0,"Prog":37.0},{"Player":"Robin Gosens","Pos":"DF","Cmp":676.0,"Cmp%":78.4,"1\/3":56.0,"PPA":20.0,"CrsPA":4.0,"Prog":94.0},{"Player":"Alberto Grassi","Pos":"MF","Cmp":665.0,"Cmp%":82.2,"1\/3":51.0,"PPA":12.0,"CrsPA":2.0,"Prog":59.0},{"Player":"Nícolas","Pos":"MF","Cmp":77.0,"Cmp%":84.6,"1\/3":7.0,"PPA":4.0,"CrsPA":1.0,"Prog":9.0},{"Player":"Emil Hallfredsson","Pos":"MF","Cmp":391.0,"Cmp%":86.3,"1\/3":41.0,"PPA":7.0,"CrsPA":2.0,"Prog":32.0},{"Player":"Marek Hamsik","Pos":"MF","Cmp":2240.0,"Cmp%":88.7,"1\/3":269.0,"PPA":54.0,"CrsPA":9.0,"Prog":235.0},{"Player":"Samir","Pos":"GK","Cmp":873.0,"Cmp%":83.2,"1\/3":0.0,"PPA":0.0,"CrsPA":0.0,"Prog":0.0},{"Player":"Hans Hateboer","Pos":"DF","Cmp":1111.0,"Cmp%":79.3,"1\/3":75.0,"PPA":34.0,"CrsPA":12.0,"Prog":146.0},{"Player":"Filip Helander","Pos":"DF","Cmp":1011.0,"Cmp%":80.4,"1\/3":67.0,"PPA":3.0,"CrsPA":0.0,"Prog":83.0},{"Player":"Perparim Hetemaj","Pos":"MF","Cmp":904.0,"Cmp%":78.4,"1\/3":68.0,"PPA":30.0,"CrsPA":16.0,"Prog":76.0},{"Player":"Thomas Heurtaux","Pos":"DF","Cmp":418.0,"Cmp%":80.9,"1\/3":21.0,"PPA":4.0,"CrsPA":0.0,"Prog":24.0},{"Player":"Gonzalo Higuaín","Pos":"FW","Cmp":560.0,"Cmp%":79.4,"1\/3":49.0,"PPA":12.0,"CrsPA":1.0,"Prog":46.0},{"Player":"Oscar Hiljemark","Pos":"MF","Cmp":516.0,"Cmp%":76.7,"1\/3":48.0,"PPA":24.0,"CrsPA":11.0,"Prog":64.0},{"Player":"Vitor Hugo","Pos":"DF","Cmp":553.0,"Cmp%":84.6,"1\/3":26.0,"PPA":2.0,"CrsPA":0.0,"Prog":24.0},{"Player":"Elseid Hysaj","Pos":"DF","Cmp":2303.0,"Cmp%":86.5,"1\/3":124.0,"PPA":29.0,"CrsPA":12.0,"Prog":165.0},{"Player":"Mauro Icardi","Pos":"FW","Cmp":325.0,"Cmp%":73.2,"1\/3":19.0,"PPA":15.0,"CrsPA":1.0,"Prog":31.0},{"Player":"Pietro Iemmello","Pos":"FW","Cmp":157.0,"Cmp%":76.2,"1\/3":8.0,"PPA":3.0,"CrsPA":1.0,"Prog":8.0},{"Player":"Josip Ilicic","Pos":"FW","Cmp":911.0,"Cmp%":76.7,"1\/3":63.0,"PPA":69.0,"CrsPA":10.0,"Prog":129.0},{"Player":"Ciro Immobile","Pos":"FW","Cmp":615.0,"Cmp%":78.5,"1\/3":31.0,"PPA":21.0,"CrsPA":2.0,"Prog":40.0},{"Player":"Roberto Inglese","Pos":"FW","Cmp":362.0,"Cmp%":64.3,"1\/3":14.0,"PPA":14.0,"CrsPA":3.0,"Prog":28.0},{"Player":"Lorenzo Insigne","Pos":"FW","Cmp":2110.0,"Cmp%":83.3,"1\/3":104.0,"PPA":90.0,"CrsPA":13.0,"Prog":164.0},{"Player":"Artur Ionita","Pos":"MF","Cmp":723.0,"Cmp%":74.6,"1\/3":64.0,"PPA":10.0,"CrsPA":5.0,"Prog":71.0},{"Player":"Armando Izzo","Pos":"DF","Cmp":635.0,"Cmp%":75.0,"1\/3":48.0,"PPA":9.0,"CrsPA":1.0,"Prog":45.0},{"Player":"Jakub Jankto","Pos":"MF","Cmp":819.0,"Cmp%":71.5,"1\/3":74.0,"PPA":47.0,"CrsPA":10.0,"Prog":119.0},{"Player":"Juan Jesus","Pos":"DF","Cmp":1030.0,"Cmp%":86.7,"1\/3":71.0,"PPA":6.0,"CrsPA":1.0,"Prog":68.0},{"Player":"Jorginho","Pos":"MF","Cmp":2864.0,"Cmp%":88.7,"1\/3":442.0,"PPA":51.0,"CrsPA":1.0,"Prog":316.0},{"Player":"Nikola Kalinic","Pos":"FW","Cmp":295.0,"Cmp%":80.6,"1\/3":17.0,"PPA":8.0,"CrsPA":0.0,"Prog":18.0},{"Player":"Yann Karamoh","Pos":"FW","Cmp":194.0,"Cmp%":77.3,"1\/3":11.0,"PPA":8.0,"CrsPA":2.0,"Prog":20.0},{"Player":"Moise Kean","Pos":"FW","Cmp":157.0,"Cmp%":75.1,"1\/3":4.0,"PPA":3.0,"CrsPA":1.0,"Prog":10.0},{"Player":"Franck Kessié","Pos":"MF","Cmp":1472.0,"Cmp%":81.8,"1\/3":144.0,"PPA":42.0,"CrsPA":11.0,"Prog":154.0},{"Player":"Sami Khedira","Pos":"MF","Cmp":857.0,"Cmp%":87.3,"1\/3":58.0,"PPA":4.0,"CrsPA":0.0,"Prog":52.0},{"Player":"Aleksandar Kolarov","Pos":"DF","Cmp":1967.0,"Cmp%":76.3,"1\/3":131.0,"PPA":72.0,"CrsPA":40.0,"Prog":215.0},{"Player":"Kalidou Koulibaly","Pos":"DF","Cmp":2676.0,"Cmp%":91.3,"1\/3":156.0,"PPA":1.0,"CrsPA":0.0,"Prog":178.0},{"Player":"Dawid Kownacki","Pos":"FW","Cmp":200.0,"Cmp%":73.5,"1\/3":6.0,"PPA":7.0,"CrsPA":1.0,"Prog":16.0},{"Player":"Jasmin Kurtic","Pos":"MF","Cmp":248.0,"Cmp%":77.0,"1\/3":18.0,"PPA":5.0,"CrsPA":0.0,"Prog":21.0},{"Player":"Jasmin Kurtic","Pos":"MF","Cmp":492.0,"Cmp%":74.8,"1\/3":39.0,"PPA":9.0,"CrsPA":0.0,"Prog":54.0},{"Player":"Gianluca Lapadula","Pos":"FW","Cmp":168.0,"Cmp%":64.9,"1\/3":6.0,"PPA":3.0,"CrsPA":0.0,"Prog":16.0},{"Player":"Danilo","Pos":"DF","Cmp":1083.0,"Cmp%":79.1,"1\/3":56.0,"PPA":3.0,"CrsPA":0.0,"Prog":65.0},{"Player":"Kevin Lasagna","Pos":"FW","Cmp":277.0,"Cmp%":61.8,"1\/3":14.0,"PPA":8.0,"CrsPA":3.0,"Prog":30.0},{"Player":"Vincent Laurini","Pos":"DF","Cmp":856.0,"Cmp%":78.2,"1\/3":79.0,"PPA":26.0,"CrsPA":16.0,"Prog":85.0},{"Player":"Diego Laxalt","Pos":"DF","Cmp":934.0,"Cmp%":71.0,"1\/3":43.0,"PPA":32.0,"CrsPA":20.0,"Prog":89.0},{"Player":"Darko Lazovic","Pos":"MF","Cmp":463.0,"Cmp%":69.6,"1\/3":20.0,"PPA":19.0,"CrsPA":9.0,"Prog":49.0},{"Player":"Manuel Lazzari","Pos":"DF","Cmp":1189.0,"Cmp%":77.4,"1\/3":60.0,"PPA":36.0,"CrsPA":24.0,"Prog":97.0},{"Player":"Lucas Leiva","Pos":"MF","Cmp":1860.0,"Cmp%":86.8,"1\/3":246.0,"PPA":24.0,"CrsPA":0.0,"Prog":265.0},{"Player":"Gaetano Letizia","Pos":"DF","Cmp":993.0,"Cmp%":77.3,"1\/3":74.0,"PPA":18.0,"CrsPA":10.0,"Prog":94.0},{"Player":"Stephan Lichtsteiner","Pos":"DF","Cmp":1009.0,"Cmp%":81.4,"1\/3":87.0,"PPA":16.0,"CrsPA":9.0,"Prog":76.0},{"Player":"Karol Linetty","Pos":"MF","Cmp":839.0,"Cmp%":80.7,"1\/3":70.0,"PPA":30.0,"CrsPA":2.0,"Prog":108.0},{"Player":"Pol Lirola","Pos":"DF","Cmp":636.0,"Cmp%":67.6,"1\/3":66.0,"PPA":16.0,"CrsPA":13.0,"Prog":64.0},{"Player":"Adem Ljajic","Pos":"MF","Cmp":1009.0,"Cmp%":79.1,"1\/3":80.0,"PPA":61.0,"CrsPA":6.0,"Prog":130.0},{"Player":"Manuel Locatelli","Pos":"MF","Cmp":462.0,"Cmp%":84.9,"1\/3":38.0,"PPA":7.0,"CrsPA":0.0,"Prog":43.0},{"Player":"Cristiano Lombardi","Pos":"DF","Cmp":248.0,"Cmp%":69.7,"1\/3":12.0,"PPA":12.0,"CrsPA":11.0,"Prog":12.0},{"Player":"Maxi López","Pos":"FW","Cmp":249.0,"Cmp%":68.6,"1\/3":18.0,"PPA":14.0,"CrsPA":0.0,"Prog":38.0},{"Player":"José Luis Palomino","Pos":"DF","Cmp":949.0,"Cmp%":84.1,"1\/3":55.0,"PPA":5.0,"CrsPA":4.0,"Prog":60.0},{"Player":"Jordan Lukaku","Pos":"DF","Cmp":593.0,"Cmp%":78.9,"1\/3":25.0,"PPA":26.0,"CrsPA":17.0,"Prog":43.0},{"Player":"Senad Lulic","Pos":"DF","Cmp":1101.0,"Cmp%":74.6,"1\/3":79.0,"PPA":38.0,"CrsPA":22.0,"Prog":125.0},{"Player":"Christian Puggioni","Pos":"DF","Cmp":386.0,"Cmp%":83.2,"1\/3":21.0,"PPA":5.0,"CrsPA":2.0,"Prog":20.0},{"Player":"Francesco Magnanelli","Pos":"MF","Cmp":1361.0,"Cmp%":81.3,"1\/3":143.0,"PPA":23.0,"CrsPA":2.0,"Prog":145.0},{"Player":"Rolando Mandragora","Pos":"MF","Cmp":1077.0,"Cmp%":78.0,"1\/3":114.0,"PPA":16.0,"CrsPA":3.0,"Prog":123.0},{"Player":"Mario Mandzukic","Pos":"FW","Cmp":750.0,"Cmp%":76.2,"1\/3":36.0,"PPA":17.0,"CrsPA":2.0,"Prog":64.0},{"Player":"Kostas Manolas","Pos":"DF","Cmp":1192.0,"Cmp%":86.9,"1\/3":94.0,"PPA":5.0,"CrsPA":0.0,"Prog":92.0},{"Player":"Claudio Marchisio","Pos":"MF","Cmp":607.0,"Cmp%":88.6,"1\/3":54.0,"PPA":6.0,"CrsPA":1.0,"Prog":53.0},{"Player":"Gianmarco Ferrari","Pos":"DF","Cmp":1488.0,"Cmp%":87.4,"1\/3":104.0,"PPA":6.0,"CrsPA":0.0,"Prog":127.0},{"Player":"Bruno Martella","Pos":"DF","Cmp":969.0,"Cmp%":69.4,"1\/3":101.0,"PPA":31.0,"CrsPA":16.0,"Prog":131.0},{"Player":"Adam Marusic","Pos":"DF","Cmp":925.0,"Cmp%":77.4,"1\/3":32.0,"PPA":31.0,"CrsPA":13.0,"Prog":72.0},{"Player":"Andrea Masiello","Pos":"DF","Cmp":1624.0,"Cmp%":84.4,"1\/3":128.0,"PPA":9.0,"CrsPA":0.0,"Prog":120.0},{"Player":"Adam Masina","Pos":"DF","Cmp":1286.0,"Cmp%":76.7,"1\/3":112.0,"PPA":26.0,"CrsPA":9.0,"Prog":161.0},{"Player":"Ryder Matos","Pos":"MF","Cmp":40.0,"Cmp%":78.4,"1\/3":3.0,"PPA":0.0,"CrsPA":0.0,"Prog":3.0},{"Player":"Ryder Matos","Pos":"FW","Cmp":216.0,"Cmp%":78.5,"1\/3":12.0,"PPA":6.0,"CrsPA":0.0,"Prog":17.0},{"Player":"Alessandro Matri","Pos":"FW","Cmp":143.0,"Cmp%":72.2,"1\/3":11.0,"PPA":5.0,"CrsPA":1.0,"Prog":13.0},{"Player":"Federico Mattiello","Pos":"DF","Cmp":679.0,"Cmp%":76.0,"1\/3":38.0,"PPA":11.0,"CrsPA":4.0,"Prog":54.0},{"Player":"Blaise Matuidi","Pos":"MF","Cmp":1239.0,"Cmp%":88.9,"1\/3":134.0,"PPA":14.0,"CrsPA":4.0,"Prog":93.0},{"Player":"Luca Mazzitelli","Pos":"MF","Cmp":300.0,"Cmp%":68.0,"1\/3":33.0,"PPA":6.0,"CrsPA":3.0,"Prog":45.0},{"Player":"Ibrahima Mbaye","Pos":"DF","Cmp":823.0,"Cmp%":79.4,"1\/3":52.0,"PPA":6.0,"CrsPA":2.0,"Prog":68.0},{"Player":"Riccardo Meggiorini","Pos":"FW","Cmp":123.0,"Cmp%":57.7,"1\/3":5.0,"PPA":2.0,"CrsPA":0.0,"Prog":16.0},{"Player":"Ledian Memushaj","Pos":"MF","Cmp":544.0,"Cmp%":81.1,"1\/3":62.0,"PPA":6.0,"CrsPA":2.0,"Prog":67.0},{"Player":"Dries Mertens","Pos":"FW","Cmp":739.0,"Cmp%":74.0,"1\/3":45.0,"PPA":48.0,"CrsPA":4.0,"Prog":80.0},{"Player":"Nikola Milenkovic","Pos":"DF","Cmp":666.0,"Cmp%":82.8,"1\/3":46.0,"PPA":3.0,"CrsPA":1.0,"Prog":51.0},{"Player":"Arkadiusz Milik","Pos":"FW","Cmp":110.0,"Cmp%":78.0,"1\/3":4.0,"PPA":4.0,"CrsPA":0.0,"Prog":8.0},{"Player":"Sergej Milinkovic-Savic","Pos":"MF","Cmp":1424.0,"Cmp%":78.3,"1\/3":170.0,"PPA":48.0,"CrsPA":1.0,"Prog":203.0},{"Player":"Miranda","Pos":"DF","Cmp":1490.0,"Cmp%":87.3,"1\/3":64.0,"PPA":4.0,"CrsPA":0.0,"Prog":74.0},{"Player":"Antonio Mirante","Pos":"GK","Cmp":842.0,"Cmp%":69.5,"1\/3":23.0,"PPA":0.0,"CrsPA":0.0,"Prog":1.0},{"Player":"Simone Missiroli","Pos":"MF","Cmp":950.0,"Cmp%":75.2,"1\/3":121.0,"PPA":18.0,"CrsPA":5.0,"Prog":140.0},{"Player":"Cristian Molinaro","Pos":"DF","Cmp":797.0,"Cmp%":79.1,"1\/3":64.0,"PPA":12.0,"CrsPA":4.0,"Prog":90.0},{"Player":"Riccardo Montolivo","Pos":"MF","Cmp":597.0,"Cmp%":82.7,"1\/3":65.0,"PPA":13.0,"CrsPA":0.0,"Prog":64.0},{"Player":"Luca Mora","Pos":"MF","Cmp":254.0,"Cmp%":69.2,"1\/3":25.0,"PPA":10.0,"CrsPA":1.0,"Prog":58.0},{"Player":"Emiliano Moretti","Pos":"DF","Cmp":887.0,"Cmp%":84.3,"1\/3":73.0,"PPA":2.0,"CrsPA":0.0,"Prog":61.0},{"Player":"Alessandro Murgia","Pos":"MF","Cmp":313.0,"Cmp%":81.9,"1\/3":23.0,"PPA":3.0,"CrsPA":1.0,"Prog":26.0},{"Player":"Nicola Murru","Pos":"DF","Cmp":626.0,"Cmp%":74.3,"1\/3":55.0,"PPA":14.0,"CrsPA":8.0,"Prog":74.0},{"Player":"Mateo Musacchio","Pos":"DF","Cmp":853.0,"Cmp%":88.7,"1\/3":86.0,"PPA":9.0,"CrsPA":1.0,"Prog":85.0},{"Player":"Radja Nainggolan","Pos":"MF","Cmp":1051.0,"Cmp%":79.6,"1\/3":129.0,"PPA":48.0,"CrsPA":12.0,"Prog":139.0},{"Player":"Andrea Nalini","Pos":"FW","Cmp":348.0,"Cmp%":63.3,"1\/3":42.0,"PPA":22.0,"CrsPA":13.0,"Prog":47.0},{"Player":"Nani","Pos":"MF","Cmp":160.0,"Cmp%":77.3,"1\/3":12.0,"PPA":5.0,"CrsPA":0.0,"Prog":16.0},{"Player":"Nícolas","Pos":"DF","Cmp":1483.0,"Cmp%":88.7,"1\/3":75.0,"PPA":4.0,"CrsPA":0.0,"Prog":72.0},{"Player":"Bram Nuytinck","Pos":"DF","Cmp":1054.0,"Cmp%":85.6,"1\/3":69.0,"PPA":1.0,"CrsPA":0.0,"Prog":71.0},{"Player":"Joel Obi","Pos":"MF","Cmp":479.0,"Cmp%":79.0,"1\/3":54.0,"PPA":8.0,"CrsPA":4.0,"Prog":55.0},{"Player":"Stephane Omeonga","Pos":"MF","Cmp":288.0,"Cmp%":81.4,"1\/3":24.0,"PPA":5.0,"CrsPA":1.0,"Prog":25.0},{"Player":"Riccardo Orsolini","Pos":"FW","Cmp":79.0,"Cmp%":68.1,"1\/3":5.0,"PPA":2.0,"CrsPA":1.0,"Prog":8.0},{"Player":"Riccardo Orsolini","Pos":"FW","Cmp":38.0,"Cmp%":73.1,"1\/3":1.0,"PPA":2.0,"CrsPA":1.0,"Prog":2.0},{"Player":"Simone Padoin","Pos":"DF","Cmp":987.0,"Cmp%":73.5,"1\/3":73.0,"PPA":38.0,"CrsPA":26.0,"Prog":96.0},{"Player":"Rodrigo Palacio","Pos":"FW","Cmp":499.0,"Cmp%":70.7,"1\/3":22.0,"PPA":23.0,"CrsPA":11.0,"Prog":26.0},{"Player":"Simone Padoin","Pos":"FW","Cmp":14.0,"Cmp%":93.3,"1\/3":0.0,"PPA":1.0,"CrsPA":1.0,"Prog":1.0},{"Player":"Alberto Paloschi","Pos":"FW","Cmp":292.0,"Cmp%":71.7,"1\/3":11.0,"PPA":4.0,"CrsPA":1.0,"Prog":14.0},{"Player":"Goran Pandev","Pos":"FW","Cmp":445.0,"Cmp%":73.0,"1\/3":50.0,"PPA":33.0,"CrsPA":1.0,"Prog":74.0},{"Player":"Vittorio Parigini","Pos":"FW","Cmp":235.0,"Cmp%":70.4,"1\/3":11.0,"PPA":9.0,"CrsPA":5.0,"Prog":20.0},{"Player":"Marco Parolo","Pos":"MF","Cmp":995.0,"Cmp%":80.4,"1\/3":85.0,"PPA":23.0,"CrsPA":3.0,"Prog":108.0},{"Player":"Danilo","Pos":"DF","Cmp":48.0,"Cmp%":76.2,"1\/3":1.0,"PPA":2.0,"CrsPA":0.0,"Prog":4.0},{"Player":"Danilo","Pos":"DF","Cmp":220.0,"Cmp%":63.2,"1\/3":19.0,"PPA":5.0,"CrsPA":1.0,"Prog":31.0},{"Player":"Leonardo Pavoletti","Pos":"FW","Cmp":534.0,"Cmp%":67.0,"1\/3":28.0,"PPA":12.0,"CrsPA":0.0,"Prog":33.0},{"Player":"Giampaolo Pazzini","Pos":"FW","Cmp":119.0,"Cmp%":72.1,"1\/3":6.0,"PPA":4.0,"CrsPA":0.0,"Prog":12.0},{"Player":"João Pedro","Pos":"MF","Cmp":364.0,"Cmp%":70.3,"1\/3":30.0,"PPA":13.0,"CrsPA":2.0,"Prog":33.0},{"Player":"Lorenzo Pellegrini","Pos":"MF","Cmp":798.0,"Cmp%":78.4,"1\/3":104.0,"PPA":29.0,"CrsPA":10.0,"Prog":117.0},{"Player":"Sergio Pellissier","Pos":"FW","Cmp":89.0,"Cmp%":72.4,"1\/3":0.0,"PPA":1.0,"CrsPA":0.0,"Prog":2.0},{"Player":"Federico Peluso","Pos":"DF","Cmp":813.0,"Cmp%":71.1,"1\/3":90.0,"PPA":18.0,"CrsPA":12.0,"Prog":94.0},{"Player":"Bruno Peres","Pos":"DF","Cmp":661.0,"Cmp%":82.0,"1\/3":50.0,"PPA":15.0,"CrsPA":8.0,"Prog":68.0},{"Player":"Stipe Perica","Pos":"FW","Cmp":147.0,"Cmp%":73.1,"1\/3":6.0,"PPA":4.0,"CrsPA":0.0,"Prog":14.0},{"Player":"Mattia Perin","Pos":"GK","Cmp":699.0,"Cmp%":58.6,"1\/3":14.0,"PPA":1.0,"CrsPA":0.0,"Prog":0.0},{"Player":"Ivan Perisic","Pos":"FW","Cmp":1109.0,"Cmp%":68.0,"1\/3":50.0,"PPA":52.0,"CrsPA":25.0,"Prog":85.0},{"Player":"Diego Perotti","Pos":"FW","Cmp":708.0,"Cmp%":77.0,"1\/3":57.0,"PPA":38.0,"CrsPA":15.0,"Prog":73.0},{"Player":"Andrea Petagna","Pos":"FW","Cmp":385.0,"Cmp%":73.5,"1\/3":19.0,"PPA":31.0,"CrsPA":5.0,"Prog":38.0},{"Player":"Bruno Petkovic","Pos":"FW","Cmp":166.0,"Cmp%":63.4,"1\/3":9.0,"PPA":10.0,"CrsPA":1.0,"Prog":16.0},{"Player":"Bruno Petkovic","Pos":"FW","Cmp":83.0,"Cmp%":73.5,"1\/3":2.0,"PPA":4.0,"CrsPA":0.0,"Prog":9.0},{"Player":"Germán Pezzella","Pos":"DF","Cmp":1580.0,"Cmp%":83.3,"1\/3":86.0,"PPA":4.0,"CrsPA":0.0,"Prog":117.0},{"Player":"Giuseppe Pezzella","Pos":"DF","Cmp":315.0,"Cmp%":69.2,"1\/3":19.0,"PPA":14.0,"CrsPA":7.0,"Prog":31.0},{"Player":"Fabio Pisacane","Pos":"DF","Cmp":840.0,"Cmp%":81.2,"1\/3":85.0,"PPA":8.0,"CrsPA":4.0,"Prog":59.0},{"Player":"Miralem Pjanic","Pos":"MF","Cmp":1866.0,"Cmp%":86.7,"1\/3":172.0,"PPA":35.0,"CrsPA":6.0,"Prog":184.0},{"Player":"Andrea Poli","Pos":"MF","Cmp":1126.0,"Cmp%":88.5,"1\/3":84.0,"PPA":18.0,"CrsPA":3.0,"Prog":87.0},{"Player":"Matteo Politano","Pos":"FW","Cmp":706.0,"Cmp%":64.7,"1\/3":49.0,"PPA":45.0,"CrsPA":13.0,"Prog":104.0},{"Player":"Dennis Praet","Pos":"MF","Cmp":1236.0,"Cmp%":81.8,"1\/3":116.0,"PPA":46.0,"CrsPA":8.0,"Prog":142.0},{"Player":"Manuel Pucciarelli","Pos":"FW","Cmp":299.0,"Cmp%":75.9,"1\/3":22.0,"PPA":8.0,"CrsPA":1.0,"Prog":25.0},{"Player":"Christian Puggioni","Pos":"GK","Cmp":315.0,"Cmp%":72.7,"1\/3":4.0,"PPA":0.0,"CrsPA":0.0,"Prog":0.0},{"Player":"Christian Puggioni","Pos":"GK","Cmp":203.0,"Cmp%":72.2,"1\/3":1.0,"PPA":0.0,"CrsPA":0.0,"Prog":0.0},{"Player":"Erick Pulgar","Pos":"MF","Cmp":1430.0,"Cmp%":81.8,"1\/3":139.0,"PPA":19.0,"CrsPA":1.0,"Prog":149.0},{"Player":"Fabio Quagliarella","Pos":"FW","Cmp":416.0,"Cmp%":65.1,"1\/3":26.0,"PPA":31.0,"CrsPA":4.0,"Prog":57.0},{"Player":"Ivan Radovanovic","Pos":"MF","Cmp":1454.0,"Cmp%":80.5,"1\/3":145.0,"PPA":21.0,"CrsPA":4.0,"Prog":139.0},{"Player":"Stefan Radu","Pos":"DF","Cmp":1426.0,"Cmp%":85.3,"1\/3":170.0,"PPA":10.0,"CrsPA":3.0,"Prog":148.0},{"Player":"Rafinha","Pos":"MF","Cmp":652.0,"Cmp%":88.1,"1\/3":58.0,"PPA":19.0,"CrsPA":2.0,"Prog":69.0},{"Player":"Antonino Ragusa","Pos":"FW","Cmp":184.0,"Cmp%":68.9,"1\/3":9.0,"PPA":10.0,"CrsPA":4.0,"Prog":28.0},{"Player":"Gastón Ramírez","Pos":"MF","Cmp":779.0,"Cmp%":70.8,"1\/3":65.0,"PPA":39.0,"CrsPA":5.0,"Prog":83.0},{"Player":"Federico Ricci","Pos":"FW","Cmp":239.0,"Cmp%":63.6,"1\/3":17.0,"PPA":14.0,"CrsPA":2.0,"Prog":40.0},{"Player":"Federico Ricci","Pos":"FW","Cmp":49.0,"Cmp%":63.6,"1\/3":6.0,"PPA":2.0,"CrsPA":2.0,"Prog":9.0},{"Player":"Luca Rigoni","Pos":"MF","Cmp":440.0,"Cmp%":79.4,"1\/3":47.0,"PPA":10.0,"CrsPA":2.0,"Prog":57.0},{"Player":"Nicola Rigoni","Pos":"MF","Cmp":344.0,"Cmp%":81.5,"1\/3":49.0,"PPA":8.0,"CrsPA":1.0,"Prog":68.0},{"Player":"Tomás Rincón","Pos":"MF","Cmp":1255.0,"Cmp%":82.6,"1\/3":107.0,"PPA":30.0,"CrsPA":3.0,"Prog":120.0},{"Player":"Ricardo Rodríguez","Pos":"DF","Cmp":1737.0,"Cmp%":83.0,"1\/3":139.0,"PPA":31.0,"CrsPA":20.0,"Prog":130.0},{"Player":"Marko Rog","Pos":"FW","Cmp":247.0,"Cmp%":87.6,"1\/3":20.0,"PPA":1.0,"CrsPA":0.0,"Prog":13.0},{"Player":"Marcus Rohden","Pos":"MF","Cmp":360.0,"Cmp%":67.0,"1\/3":28.0,"PPA":6.0,"CrsPA":1.0,"Prog":44.0},{"Player":"Filippo Romagna","Pos":"DF","Cmp":670.0,"Cmp%":74.7,"1\/3":74.0,"PPA":10.0,"CrsPA":3.0,"Prog":72.0},{"Player":"Alessio Romagnoli","Pos":"DF","Cmp":1354.0,"Cmp%":90.1,"1\/3":70.0,"PPA":0.0,"CrsPA":0.0,"Prog":75.0},{"Player":"Rômulo","Pos":"MF","Cmp":1155.0,"Cmp%":73.0,"1\/3":78.0,"PPA":33.0,"CrsPA":14.0,"Prog":119.0},{"Player":"Marten de Roon","Pos":"MF","Cmp":1426.0,"Cmp%":84.6,"1\/3":174.0,"PPA":23.0,"CrsPA":3.0,"Prog":163.0},{"Player":"Aleandro Rosi","Pos":"DF","Cmp":565.0,"Cmp%":69.6,"1\/3":37.0,"PPA":6.0,"CrsPA":2.0,"Prog":63.0},{"Player":"Luca Rossettini","Pos":"DF","Cmp":845.0,"Cmp%":82.0,"1\/3":53.0,"PPA":1.0,"CrsPA":0.0,"Prog":48.0},{"Player":"Daniele Rugani","Pos":"DF","Cmp":1362.0,"Cmp%":90.1,"1\/3":57.0,"PPA":0.0,"CrsPA":0.0,"Prog":29.0},{"Player":"Mário Rui","Pos":"DF","Cmp":1818.0,"Cmp%":84.9,"1\/3":116.0,"PPA":32.0,"CrsPA":7.0,"Prog":137.0},{"Player":"Bartosz Salamon","Pos":"DF","Cmp":709.0,"Cmp%":79.0,"1\/3":59.0,"PPA":6.0,"CrsPA":1.0,"Prog":58.0},{"Player":"Mario Sampirisi","Pos":"DF","Cmp":822.0,"Cmp%":74.7,"1\/3":79.0,"PPA":19.0,"CrsPA":8.0,"Prog":99.0},{"Player":"Alex Sandro","Pos":"DF","Cmp":1423.0,"Cmp%":84.7,"1\/3":105.0,"PPA":45.0,"CrsPA":23.0,"Prog":125.0},{"Player":"Davide Santon","Pos":"DF","Cmp":439.0,"Cmp%":80.3,"1\/3":26.0,"PPA":2.0,"CrsPA":0.0,"Prog":30.0},{"Player":"Samir","Pos":"DF","Cmp":1107.0,"Cmp%":80.5,"1\/3":72.0,"PPA":6.0,"CrsPA":3.0,"Prog":82.0},{"Player":"Riccardo Saponara","Pos":"MF","Cmp":342.0,"Cmp%":78.8,"1\/3":50.0,"PPA":22.0,"CrsPA":1.0,"Prog":69.0},{"Player":"Marco Sau","Pos":"FW","Cmp":290.0,"Cmp%":76.3,"1\/3":12.0,"PPA":6.0,"CrsPA":1.0,"Prog":10.0},{"Player":"Pasquale Schiattarella","Pos":"MF","Cmp":939.0,"Cmp%":79.6,"1\/3":96.0,"PPA":36.0,"CrsPA":6.0,"Prog":139.0},{"Player":"Patrik Schick","Pos":"FW","Cmp":226.0,"Cmp%":77.1,"1\/3":14.0,"PPA":8.0,"CrsPA":1.0,"Prog":17.0},{"Player":"Stefano Sensi","Pos":"MF","Cmp":435.0,"Cmp%":78.9,"1\/3":56.0,"PPA":12.0,"CrsPA":2.0,"Prog":66.0},{"Player":"Stephan El Shaarawy","Pos":"FW","Cmp":819.0,"Cmp%":81.4,"1\/3":42.0,"PPA":47.0,"CrsPA":7.0,"Prog":118.0},{"Player":"André Silva","Pos":"FW","Cmp":222.0,"Cmp%":75.0,"1\/3":10.0,"PPA":3.0,"CrsPA":0.0,"Prog":14.0},{"Player":"Matías Silvestre","Pos":"DF","Cmp":1997.0,"Cmp%":88.4,"1\/3":94.0,"PPA":6.0,"CrsPA":0.0,"Prog":99.0},{"Player":"Giovanni Simeone","Pos":"FW","Cmp":387.0,"Cmp%":70.0,"1\/3":21.0,"PPA":13.0,"CrsPA":3.0,"Prog":28.0},{"Player":"Salvatore Sirigu","Pos":"GK","Cmp":856.0,"Cmp%":70.6,"1\/3":7.0,"PPA":0.0,"CrsPA":0.0,"Prog":0.0},{"Player":"Milan Skriniar","Pos":"DF","Cmp":2143.0,"Cmp%":91.4,"1\/3":107.0,"PPA":3.0,"CrsPA":0.0,"Prog":125.0},{"Player":"Stefano Sorrentino","Pos":"GK","Cmp":718.0,"Cmp%":63.3,"1\/3":5.0,"PPA":0.0,"CrsPA":0.0,"Prog":0.0},{"Player":"Samuel Souprayen","Pos":"DF","Cmp":684.0,"Cmp%":81.6,"1\/3":41.0,"PPA":10.0,"CrsPA":3.0,"Prog":47.0},{"Player":"Leonardo Spinazzola","Pos":"DF","Cmp":746.0,"Cmp%":76.7,"1\/3":45.0,"PPA":39.0,"CrsPA":14.0,"Prog":90.0},{"Player":"Nicolás Spolli","Pos":"DF","Cmp":557.0,"Cmp%":85.7,"1\/3":17.0,"PPA":2.0,"CrsPA":0.0,"Prog":22.0},{"Player":"Marco Sportiello","Pos":"GK","Cmp":726.0,"Cmp%":73.7,"1\/3":6.0,"PPA":0.0,"CrsPA":0.0,"Prog":0.0},{"Player":"Mariusz Stepinski","Pos":"FW","Cmp":112.0,"Cmp%":74.7,"1\/3":5.0,"PPA":1.0,"CrsPA":0.0,"Prog":3.0},{"Player":"Adrian Stoian","Pos":"MF","Cmp":628.0,"Cmp%":61.3,"1\/3":90.0,"PPA":37.0,"CrsPA":9.0,"Prog":141.0},{"Player":"Thomas Strakosha","Pos":"GK","Cmp":810.0,"Cmp%":73.4,"1\/3":15.0,"PPA":1.0,"CrsPA":0.0,"Prog":0.0},{"Player":"Ivan Strinic","Pos":"DF","Cmp":659.0,"Cmp%":78.2,"1\/3":47.0,"PPA":11.0,"CrsPA":4.0,"Prog":71.0},{"Player":"Kevin Strootman","Pos":"MF","Cmp":1233.0,"Cmp%":83.4,"1\/3":200.0,"PPA":25.0,"CrsPA":1.0,"Prog":159.0},{"Player":"Jens Stryger Larsen","Pos":"DF","Cmp":1078.0,"Cmp%":80.7,"1\/3":86.0,"PPA":7.0,"CrsPA":2.0,"Prog":96.0},{"Player":"Suso","Pos":"FW","Cmp":1185.0,"Cmp%":72.5,"1\/3":103.0,"PPA":85.0,"CrsPA":21.0,"Prog":187.0},{"Player":"Wojciech Szczesny","Pos":"GK","Cmp":348.0,"Cmp%":79.3,"1\/3":2.0,"PPA":0.0,"CrsPA":0.0,"Prog":0.0},{"Player":"Adel Taarabt","Pos":"FW","Cmp":572.0,"Cmp%":77.0,"1\/3":39.0,"PPA":33.0,"CrsPA":3.0,"Prog":72.0},{"Player":"Cyril Théréau","Pos":"FW","Cmp":406.0,"Cmp%":79.3,"1\/3":30.0,"PPA":10.0,"CrsPA":2.0,"Prog":35.0},{"Player":"Cyril Théréau","Pos":"FW","Cmp":56.0,"Cmp%":76.7,"1\/3":7.0,"PPA":1.0,"CrsPA":0.0,"Prog":3.0},{"Player":"Rafael Toloi","Pos":"DF","Cmp":1352.0,"Cmp%":80.9,"1\/3":143.0,"PPA":15.0,"CrsPA":3.0,"Prog":127.0},{"Player":"Nenad Tomovic","Pos":"DF","Cmp":847.0,"Cmp%":80.4,"1\/3":52.0,"PPA":6.0,"CrsPA":2.0,"Prog":58.0},{"Player":"Nenad Tomovic","Pos":"DF","Cmp":80.0,"Cmp%":82.5,"1\/3":8.0,"PPA":2.0,"CrsPA":2.0,"Prog":6.0},{"Player":"Vasilis Torosidis","Pos":"DF","Cmp":304.0,"Cmp%":72.2,"1\/3":19.0,"PPA":8.0,"CrsPA":4.0,"Prog":24.0},{"Player":"Lucas Torreira","Pos":"MF","Cmp":1939.0,"Cmp%":84.7,"1\/3":203.0,"PPA":27.0,"CrsPA":3.0,"Prog":216.0},{"Player":"Marcello Trotta","Pos":"FW","Cmp":524.0,"Cmp%":69.5,"1\/3":26.0,"PPA":10.0,"CrsPA":3.0,"Prog":48.0},{"Player":"Cengiz Ünder","Pos":"FW","Cmp":302.0,"Cmp%":67.6,"1\/3":13.0,"PPA":26.0,"CrsPA":13.0,"Prog":30.0},{"Player":"Borja Valero","Pos":"MF","Cmp":1864.0,"Cmp%":90.5,"1\/3":220.0,"PPA":28.0,"CrsPA":3.0,"Prog":150.0},{"Player":"Mattia Valoti","Pos":"MF","Cmp":435.0,"Cmp%":71.3,"1\/3":38.0,"PPA":5.0,"CrsPA":2.0,"Prog":43.0},{"Player":"Matías Vecino","Pos":"MF","Cmp":1403.0,"Cmp%":86.8,"1\/3":167.0,"PPA":21.0,"CrsPA":3.0,"Prog":135.0},{"Player":"Miguel Veloso","Pos":"MF","Cmp":859.0,"Cmp%":76.3,"1\/3":80.0,"PPA":10.0,"CrsPA":3.0,"Prog":89.0},{"Player":"Lorenzo Venuti","Pos":"DF","Cmp":958.0,"Cmp%":80.8,"1\/3":51.0,"PPA":14.0,"CrsPA":9.0,"Prog":64.0},{"Player":"Daniele Verde","Pos":"FW","Cmp":449.0,"Cmp%":65.2,"1\/3":44.0,"PPA":31.0,"CrsPA":18.0,"Prog":77.0},{"Player":"Simone Verdi","Pos":"FW","Cmp":901.0,"Cmp%":68.2,"1\/3":81.0,"PPA":49.0,"CrsPA":18.0,"Prog":115.0},{"Player":"Jordan Veretout","Pos":"MF","Cmp":1755.0,"Cmp%":81.4,"1\/3":240.0,"PPA":35.0,"CrsPA":7.0,"Prog":253.0},{"Player":"Valerio Verre","Pos":"MF","Cmp":266.0,"Cmp%":87.8,"1\/3":30.0,"PPA":7.0,"CrsPA":2.0,"Prog":31.0},{"Player":"Francesco Vicari","Pos":"DF","Cmp":1006.0,"Cmp%":84.3,"1\/3":68.0,"PPA":5.0,"CrsPA":0.0,"Prog":86.0},{"Player":"Nicolas Viola","Pos":"MF","Cmp":1003.0,"Cmp%":78.2,"1\/3":95.0,"PPA":15.0,"CrsPA":2.0,"Prog":89.0},{"Player":"Federico Viviani","Pos":"MF","Cmp":1404.0,"Cmp%":80.0,"1\/3":131.0,"PPA":24.0,"CrsPA":2.0,"Prog":115.0},{"Player":"Emiliano Viviano","Pos":"GK","Cmp":518.0,"Cmp%":65.7,"1\/3":15.0,"PPA":0.0,"CrsPA":0.0,"Prog":0.0},{"Player":"Stefan de Vrij","Pos":"DF","Cmp":1434.0,"Cmp%":90.6,"1\/3":95.0,"PPA":5.0,"CrsPA":0.0,"Prog":87.0},{"Player":"Jagos Vukovic","Pos":"DF","Cmp":434.0,"Cmp%":80.2,"1\/3":26.0,"PPA":2.0,"CrsPA":0.0,"Prog":31.0},{"Player":"Silvan Widmer","Pos":"DF","Cmp":686.0,"Cmp%":71.3,"1\/3":46.0,"PPA":22.0,"CrsPA":13.0,"Prog":81.0},{"Player":"Duván Zapata","Pos":"FW","Cmp":396.0,"Cmp%":66.8,"1\/3":21.0,"PPA":17.0,"CrsPA":6.0,"Prog":25.0},{"Player":"Piotr Zielinski","Pos":"MF","Cmp":1144.0,"Cmp%":87.5,"1\/3":128.0,"PPA":22.0,"CrsPA":3.0,"Prog":123.0},{"Player":"Bruno Zuculini","Pos":"MF","Cmp":525.0,"Cmp%":83.5,"1\/3":50.0,"PPA":1.0,"CrsPA":0.0,"Prog":44.0},{"Player":"Bruno Zuculini","Pos":"MF","Cmp":147.0,"Cmp%":84.0,"1\/3":13.0,"PPA":1.0,"CrsPA":1.0,"Prog":16.0},{"Player":"Ervin Zukanovic","Pos":"DF","Cmp":1323.0,"Cmp%":82.1,"1\/3":98.0,"PPA":20.0,"CrsPA":7.0,"Prog":110.0},{"Player":"Christian Rutjens","Pos":"","Cmp":"","Cmp%":"","1\/3":"","PPA":"","CrsPA":"","Prog":""}]