[{"Player":"Yunis Abdelhamid","Pos":"DF","Cmp":1506.0,"Cmp%":87.8,"1\/3":81.0,"PPA":1.0,"CrsPA":0.0,"Prog":91.0},{"Player":"Mehdi Abeid","Pos":"MF","Cmp":616.0,"Cmp%":85.0,"1\/3":60.0,"PPA":7.0,"CrsPA":4.0,"Prog":42.0},{"Player":"Laurent Abergel","Pos":"MF","Cmp":1330.0,"Cmp%":83.5,"1\/3":113.0,"PPA":17.0,"CrsPA":4.0,"Prog":111.0},{"Player":"Yacine Adli","Pos":"MF","Cmp":1346.0,"Cmp%":82.6,"1\/3":148.0,"PPA":24.0,"CrsPA":4.0,"Prog":142.0},{"Player":"Naif Aguerd","Pos":"DF","Cmp":2430.0,"Cmp%":91.4,"1\/3":137.0,"PPA":0.0,"CrsPA":0.0,"Prog":136.0},{"Player":"Ruben Aguilar","Pos":"DF","Cmp":1317.0,"Cmp%":82.4,"1\/3":77.0,"PPA":37.0,"CrsPA":17.0,"Prog":94.0},{"Player":"Matteo Ahlinvi","Pos":"MF","Cmp":266.0,"Cmp%":79.2,"1\/3":16.0,"PPA":2.0,"CrsPA":0.0,"Prog":16.0},{"Player":"Jean Eudes Aholou","Pos":"MF","Cmp":706.0,"Cmp%":84.1,"1\/3":67.0,"PPA":7.0,"CrsPA":0.0,"Prog":55.0},{"Player":"Jean Eudes Aholou","Pos":"MF","Cmp":8.0,"Cmp%":80.0,"1\/3":1.0,"PPA":0.0,"CrsPA":0.0,"Prog":2.0},{"Player":"Ludovic Ajorque","Pos":"FW","Cmp":645.0,"Cmp%":71.1,"1\/3":48.0,"PPA":22.0,"CrsPA":7.0,"Prog":60.0},{"Player":"Sofiane Alakouch","Pos":"DF","Cmp":726.0,"Cmp%":79.6,"1\/3":62.0,"PPA":11.0,"CrsPA":1.0,"Prog":65.0},{"Player":"Mohamed Ali-Cho","Pos":"FW","Cmp":67.0,"Cmp%":63.8,"1\/3":3.0,"PPA":3.0,"CrsPA":2.0,"Prog":5.0},{"Player":"Ibrahim Amadou","Pos":"MF","Cmp":596.0,"Cmp%":86.5,"1\/3":43.0,"PPA":2.0,"CrsPA":0.0,"Prog":45.0},{"Player":"Thierry Ambrose","Pos":"FW","Cmp":174.0,"Cmp%":68.8,"1\/3":21.0,"PPA":9.0,"CrsPA":2.0,"Prog":25.0},{"Player":"Benjamin André","Pos":"MF","Cmp":1737.0,"Cmp%":85.1,"1\/3":195.0,"PPA":12.0,"CrsPA":3.0,"Prog":174.0},{"Player":"Victorien Angban","Pos":"MF","Cmp":777.0,"Cmp%":88.5,"1\/3":68.0,"PPA":9.0,"CrsPA":1.0,"Prog":68.0},{"Player":"Houssem Aouar","Pos":"MF","Cmp":852.0,"Cmp%":84.4,"1\/3":87.0,"PPA":25.0,"CrsPA":1.0,"Prog":98.0},{"Player":"Adil Aouchiche","Pos":"MF","Cmp":594.0,"Cmp%":71.8,"1\/3":55.0,"PPA":27.0,"CrsPA":8.0,"Prog":59.0},{"Player":"Dennis Appiah","Pos":"DF","Cmp":634.0,"Cmp%":73.6,"1\/3":50.0,"PPA":14.0,"CrsPA":5.0,"Prog":79.0},{"Player":"Luiz Araujo","Pos":"MF","Cmp":463.0,"Cmp%":75.8,"1\/3":45.0,"PPA":23.0,"CrsPA":3.0,"Prog":64.0},{"Player":"Roger Assalé","Pos":"FW","Cmp":126.0,"Cmp%":68.9,"1\/3":5.0,"PPA":6.0,"CrsPA":1.0,"Prog":14.0},{"Player":"Youcef Atal","Pos":"DF","Cmp":508.0,"Cmp%":80.3,"1\/3":24.0,"PPA":12.0,"CrsPA":7.0,"Prog":41.0},{"Player":"Ludovic Blas","Pos":"DF","Cmp":215.0,"Cmp%":84.6,"1\/3":30.0,"PPA":2.0,"CrsPA":2.0,"Prog":22.0},{"Player":"Loic Bade","Pos":"DF","Cmp":1667.0,"Cmp%":88.2,"1\/3":89.0,"PPA":3.0,"CrsPA":3.0,"Prog":80.0},{"Player":"Stéphane Bahoken","Pos":"FW","Cmp":249.0,"Cmp%":71.3,"1\/3":14.0,"PPA":8.0,"CrsPA":2.0,"Prog":17.0},{"Player":"Mitchel Bakker","Pos":"DF","Cmp":1192.0,"Cmp%":88.8,"1\/3":73.0,"PPA":23.0,"CrsPA":12.0,"Prog":65.0},{"Player":"Leonardo Balerdi","Pos":"DF","Cmp":918.0,"Cmp%":87.8,"1\/3":40.0,"PPA":0.0,"CrsPA":0.0,"Prog":43.0},{"Player":"Abdoulaye Bamba","Pos":"DF","Cmp":670.0,"Cmp%":76.6,"1\/3":40.0,"PPA":14.0,"CrsPA":8.0,"Prog":54.0},{"Player":"Jonathan Bamba","Pos":"MF","Cmp":1331.0,"Cmp%":78.7,"1\/3":104.0,"PPA":47.0,"CrsPA":10.0,"Prog":114.0},{"Player":"Robson Bambu","Pos":"DF","Cmp":709.0,"Cmp%":88.2,"1\/3":18.0,"PPA":0.0,"CrsPA":0.0,"Prog":18.0},{"Player":"Simon Banza","Pos":"FW","Cmp":237.0,"Cmp%":74.5,"1\/3":20.0,"PPA":10.0,"CrsPA":4.0,"Prog":21.0},{"Player":"Cristian Battocchio","Pos":"MF","Cmp":168.0,"Cmp%":80.4,"1\/3":16.0,"PPA":1.0,"CrsPA":0.0,"Prog":13.0},{"Player":"Paul Baysse","Pos":"DF","Cmp":1502.0,"Cmp%":89.6,"1\/3":67.0,"PPA":6.0,"CrsPA":1.0,"Prog":72.0},{"Player":"Haris Belkebla","Pos":"MF","Cmp":1245.0,"Cmp%":87.4,"1\/3":90.0,"PPA":12.0,"CrsPA":1.0,"Prog":83.0},{"Player":"Jean-Ricner Bellegarde","Pos":"MF","Cmp":615.0,"Cmp%":77.8,"1\/3":45.0,"PPA":19.0,"CrsPA":9.0,"Prog":41.0},{"Player":"Hatem Ben Arfa","Pos":"MF","Cmp":711.0,"Cmp%":79.3,"1\/3":54.0,"PPA":23.0,"CrsPA":3.0,"Prog":69.0},{"Player":"Wissam Ben Yedder","Pos":"FW","Cmp":643.0,"Cmp%":73.7,"1\/3":48.0,"PPA":36.0,"CrsPA":2.0,"Prog":77.0},{"Player":"Darío Benedetto","Pos":"FW","Cmp":239.0,"Cmp%":68.1,"1\/3":15.0,"PPA":7.0,"CrsPA":2.0,"Prog":16.0},{"Player":"Walter Benítez","Pos":"GK","Cmp":990.0,"Cmp%":80.8,"1\/3":4.0,"PPA":0.0,"CrsPA":0.0,"Prog":0.0},{"Player":"Loris Benito","Pos":"DF","Cmp":1509.0,"Cmp%":84.8,"1\/3":86.0,"PPA":10.0,"CrsPA":8.0,"Prog":85.0},{"Player":"Yassin Benrahou","Pos":"MF","Cmp":439.0,"Cmp%":73.2,"1\/3":32.0,"PPA":14.0,"CrsPA":3.0,"Prog":42.0},{"Player":"Valon Berisha","Pos":"MF","Cmp":831.0,"Cmp%":80.8,"1\/3":90.0,"PPA":18.0,"CrsPA":3.0,"Prog":97.0},{"Player":"Paul Bernardoni","Pos":"GK","Cmp":642.0,"Cmp%":64.9,"1\/3":6.0,"PPA":0.0,"CrsPA":0.0,"Prog":0.0},{"Player":"El Bilal Touré","Pos":"FW","Cmp":195.0,"Cmp%":68.9,"1\/3":12.0,"PPA":2.0,"CrsPA":0.0,"Prog":12.0},{"Player":"Ludovic Blas","Pos":"MF","Cmp":771.0,"Cmp%":79.5,"1\/3":84.0,"PPA":23.0,"CrsPA":5.0,"Prog":91.0},{"Player":"Antonin Bobichon","Pos":"MF","Cmp":453.0,"Cmp%":82.2,"1\/3":35.0,"PPA":7.0,"CrsPA":0.0,"Prog":46.0},{"Player":"Sacha Boey","Pos":"DF","Cmp":815.0,"Cmp%":77.4,"1\/3":40.0,"PPA":18.0,"CrsPA":13.0,"Prog":60.0},{"Player":"Sacha Boey","Pos":"DF","Cmp":76.0,"Cmp%":85.4,"1\/3":2.0,"PPA":1.0,"CrsPA":1.0,"Prog":8.0},{"Player":"Quentin Boisgard","Pos":"MF","Cmp":370.0,"Cmp%":65.5,"1\/3":16.0,"PPA":9.0,"CrsPA":1.0,"Prog":37.0},{"Player":"Sven Botman","Pos":"DF","Cmp":2245.0,"Cmp%":88.3,"1\/3":175.0,"PPA":7.0,"CrsPA":0.0,"Prog":173.0},{"Player":"Denis Bouanga","Pos":"MF","Cmp":535.0,"Cmp%":66.7,"1\/3":32.0,"PPA":17.0,"CrsPA":6.0,"Prog":57.0},{"Player":"Hichem Boudaoui","Pos":"MF","Cmp":701.0,"Cmp%":82.2,"1\/3":52.0,"PPA":9.0,"CrsPA":1.0,"Prog":47.0},{"Player":"Farid Boulaya","Pos":"MF","Cmp":1061.0,"Cmp%":67.6,"1\/3":146.0,"PPA":49.0,"CrsPA":10.0,"Prog":144.0},{"Player":"Ismael Boura","Pos":"DF","Cmp":368.0,"Cmp%":77.1,"1\/3":11.0,"PPA":9.0,"CrsPA":5.0,"Prog":38.0},{"Player":"Benjamin Bourigeaud","Pos":"MF","Cmp":1453.0,"Cmp%":77.3,"1\/3":149.0,"PPA":42.0,"CrsPA":7.0,"Prog":178.0},{"Player":"John Boye","Pos":"DF","Cmp":1044.0,"Cmp%":86.8,"1\/3":28.0,"PPA":0.0,"CrsPA":0.0,"Prog":32.0},{"Player":"Domagoj Bradaric","Pos":"DF","Cmp":730.0,"Cmp%":80.4,"1\/3":43.0,"PPA":12.0,"CrsPA":6.0,"Prog":53.0},{"Player":"Anthony Briancon","Pos":"DF","Cmp":729.0,"Cmp%":86.8,"1\/3":46.0,"PPA":5.0,"CrsPA":0.0,"Prog":52.0},{"Player":"Jimmy Briand","Pos":"FW","Cmp":123.0,"Cmp%":74.1,"1\/3":5.0,"PPA":0.0,"CrsPA":0.0,"Prog":4.0},{"Player":"Dylan Bronn","Pos":"DF","Cmp":1497.0,"Cmp%":84.4,"1\/3":113.0,"PPA":8.0,"CrsPA":1.0,"Prog":87.0},{"Player":"Patrick Burner","Pos":"DF","Cmp":0.0,"Cmp%":"","1\/3":0.0,"PPA":0.0,"CrsPA":0.0,"Prog":0.0},{"Player":"Patrick Burner","Pos":"DF","Cmp":526.0,"Cmp%":77.8,"1\/3":29.0,"PPA":4.0,"CrsPA":3.0,"Prog":45.0},{"Player":"Jimmy Cabot","Pos":"FW","Cmp":319.0,"Cmp%":74.5,"1\/3":20.0,"PPA":10.0,"CrsPA":3.0,"Prog":28.0},{"Player":"Anthony Caci","Pos":"DF","Cmp":1469.0,"Cmp%":78.0,"1\/3":122.0,"PPA":34.0,"CrsPA":18.0,"Prog":159.0},{"Player":"Mathieu Cafaro","Pos":"MF","Cmp":513.0,"Cmp%":62.3,"1\/3":35.0,"PPA":21.0,"CrsPA":6.0,"Prog":63.0},{"Player":"Yannick Cahuzac","Pos":"MF","Cmp":755.0,"Cmp%":84.3,"1\/3":57.0,"PPA":16.0,"CrsPA":3.0,"Prog":67.0},{"Player":"Duje Caleta-Car","Pos":"DF","Cmp":1632.0,"Cmp%":86.9,"1\/3":93.0,"PPA":4.0,"CrsPA":0.0,"Prog":82.0},{"Player":"Mahdi Camara","Pos":"MF","Cmp":1449.0,"Cmp%":86.3,"1\/3":113.0,"PPA":27.0,"CrsPA":11.0,"Prog":104.0},{"Player":"Eduardo Camavinga","Pos":"MF","Cmp":1447.0,"Cmp%":89.3,"1\/3":156.0,"PPA":15.0,"CrsPA":1.0,"Prog":99.0},{"Player":"Pierrick Capelle","Pos":"MF","Cmp":966.0,"Cmp%":82.1,"1\/3":55.0,"PPA":10.0,"CrsPA":4.0,"Prog":77.0},{"Player":"Maxence Caqueret","Pos":"MF","Cmp":940.0,"Cmp%":86.6,"1\/3":107.0,"PPA":32.0,"CrsPA":2.0,"Prog":148.0},{"Player":"Irvin Cardona","Pos":"FW","Cmp":340.0,"Cmp%":68.8,"1\/3":21.0,"PPA":16.0,"CrsPA":8.0,"Prog":31.0},{"Player":"Lionel Carole","Pos":"DF","Cmp":705.0,"Cmp%":77.4,"1\/3":56.0,"PPA":12.0,"CrsPA":6.0,"Prog":66.0},{"Player":"Moreto Cassamã","Pos":"MF","Cmp":1215.0,"Cmp%":87.3,"1\/3":103.0,"PPA":5.0,"CrsPA":1.0,"Prog":100.0},{"Player":"Jean-Charles Castelletto","Pos":"DF","Cmp":633.0,"Cmp%":84.3,"1\/3":40.0,"PPA":1.0,"CrsPA":1.0,"Prog":46.0},{"Player":"Bersant Celina","Pos":"MF","Cmp":844.0,"Cmp%":77.3,"1\/3":89.0,"PPA":38.0,"CrsPA":7.0,"Prog":96.0},{"Player":"Fabien Centonze","Pos":"DF","Cmp":1381.0,"Cmp%":78.1,"1\/3":75.0,"PPA":26.0,"CrsPA":18.0,"Prog":113.0},{"Player":"Fouad Chafik","Pos":"DF","Cmp":781.0,"Cmp%":76.5,"1\/3":68.0,"PPA":9.0,"CrsPA":6.0,"Prog":76.0},{"Player":"Mehdi Chahiri","Pos":"FW","Cmp":201.0,"Cmp%":72.0,"1\/3":17.0,"PPA":9.0,"CrsPA":0.0,"Prog":36.0},{"Player":"Trevoh Chalobah","Pos":"DF","Cmp":1035.0,"Cmp%":86.1,"1\/3":66.0,"PPA":3.0,"CrsPA":0.0,"Prog":62.0},{"Player":"Gaëtan Charbonnier","Pos":"MF","Cmp":548.0,"Cmp%":78.5,"1\/3":38.0,"PPA":20.0,"CrsPA":4.0,"Prog":50.0},{"Player":"Brendan Chardonnet","Pos":"DF","Cmp":1372.0,"Cmp%":84.0,"1\/3":105.0,"PPA":18.0,"CrsPA":3.0,"Prog":90.0},{"Player":"Xavier Chavalerin","Pos":"MF","Cmp":870.0,"Cmp%":83.9,"1\/3":70.0,"PPA":11.0,"CrsPA":3.0,"Prog":71.0},{"Player":"Pape Cheikh","Pos":"MF","Cmp":535.0,"Cmp%":87.4,"1\/3":37.0,"PPA":6.0,"CrsPA":0.0,"Prog":42.0},{"Player":"Pedro Chirivella","Pos":"MF","Cmp":1040.0,"Cmp%":84.2,"1\/3":120.0,"PPA":14.0,"CrsPA":2.0,"Prog":98.0},{"Player":"Joris Chotard","Pos":"MF","Cmp":274.0,"Cmp%":72.1,"1\/3":22.0,"PPA":4.0,"CrsPA":2.0,"Prog":24.0},{"Player":"Mounir Chouiar","Pos":"FW","Cmp":395.0,"Cmp%":75.5,"1\/3":21.0,"PPA":9.0,"CrsPA":0.0,"Prog":40.0},{"Player":"Alexis Claude Maurice","Pos":"MF","Cmp":619.0,"Cmp%":80.9,"1\/3":47.0,"PPA":10.0,"CrsPA":1.0,"Prog":51.0},{"Player":"Jonathan Clauss","Pos":"DF","Cmp":1015.0,"Cmp%":72.3,"1\/3":62.0,"PPA":49.0,"CrsPA":23.0,"Prog":124.0},{"Player":"Marcus Coco","Pos":"MF","Cmp":417.0,"Cmp%":68.5,"1\/3":29.0,"PPA":12.0,"CrsPA":5.0,"Prog":42.0},{"Player":"Daniel Congré","Pos":"DF","Cmp":1296.0,"Cmp%":87.4,"1\/3":75.0,"PPA":1.0,"CrsPA":0.0,"Prog":82.0},{"Player":"Sébastien Corchia","Pos":"DF","Cmp":663.0,"Cmp%":68.4,"1\/3":46.0,"PPA":13.0,"CrsPA":7.0,"Prog":75.0},{"Player":"Maxwel Cornet","Pos":"DF","Cmp":1329.0,"Cmp%":79.4,"1\/3":79.0,"PPA":23.0,"CrsPA":12.0,"Prog":115.0},{"Player":"Benoit Costil","Pos":"GK","Cmp":926.0,"Cmp%":69.8,"1\/3":13.0,"PPA":1.0,"CrsPA":0.0,"Prog":1.0},{"Player":"Kalifa Coulibaly","Pos":"FW","Cmp":169.0,"Cmp%":62.4,"1\/3":15.0,"PPA":4.0,"CrsPA":1.0,"Prog":19.0},{"Player":"Lassana Coulibaly","Pos":"MF","Cmp":579.0,"Cmp%":85.0,"1\/3":52.0,"PPA":3.0,"CrsPA":1.0,"Prog":44.0},{"Player":"Senou Coulibaly","Pos":"DF","Cmp":813.0,"Cmp%":83.0,"1\/3":44.0,"PPA":0.0,"CrsPA":0.0,"Prog":38.0},{"Player":"Nicolas Cozza","Pos":"DF","Cmp":486.0,"Cmp%":79.7,"1\/3":37.0,"PPA":7.0,"CrsPA":2.0,"Prog":45.0},{"Player":"Adrián Cubas","Pos":"MF","Cmp":853.0,"Cmp%":82.7,"1\/3":54.0,"PPA":6.0,"CrsPA":0.0,"Prog":68.0},{"Player":"Michaël Cuisance","Pos":"MF","Cmp":442.0,"Cmp%":85.8,"1\/3":42.0,"PPA":9.0,"CrsPA":0.0,"Prog":35.0},{"Player":"Damien Da Silva","Pos":"DF","Cmp":1766.0,"Cmp%":89.2,"1\/3":145.0,"PPA":6.0,"CrsPA":1.0,"Prog":124.0},{"Player":"Colin Dagba","Pos":"DF","Cmp":841.0,"Cmp%":88.9,"1\/3":38.0,"PPA":14.0,"CrsPA":4.0,"Prog":40.0},{"Player":"Flavius Daniliuc","Pos":"DF","Cmp":974.0,"Cmp%":88.2,"1\/3":91.0,"PPA":6.0,"CrsPA":2.0,"Prog":74.0},{"Player":"Mattia De Sciglio","Pos":"DF","Cmp":807.0,"Cmp%":84.2,"1\/3":66.0,"PPA":18.0,"CrsPA":5.0,"Prog":74.0},{"Player":"Lucas Deaux","Pos":"MF","Cmp":802.0,"Cmp%":79.6,"1\/3":55.0,"PPA":12.0,"CrsPA":5.0,"Prog":67.0},{"Player":"Mathieu Debuchy","Pos":"DF","Cmp":940.0,"Cmp%":74.4,"1\/3":60.0,"PPA":32.0,"CrsPA":16.0,"Prog":66.0},{"Player":"Romain Del Castillo","Pos":"MF","Cmp":265.0,"Cmp%":71.4,"1\/3":15.0,"PPA":14.0,"CrsPA":6.0,"Prog":28.0},{"Player":"Thomas Delaine","Pos":"DF","Cmp":621.0,"Cmp%":74.9,"1\/3":27.0,"PPA":14.0,"CrsPA":8.0,"Prog":47.0},{"Player":"Jonathan Delaplace","Pos":"DF","Cmp":397.0,"Cmp%":76.3,"1\/3":22.0,"PPA":14.0,"CrsPA":10.0,"Prog":27.0},{"Player":"Andy Delort","Pos":"FW","Cmp":556.0,"Cmp%":62.1,"1\/3":41.0,"PPA":43.0,"CrsPA":26.0,"Prog":70.0},{"Player":"Moussa Dembele","Pos":"FW","Cmp":104.0,"Cmp%":71.2,"1\/3":6.0,"PPA":7.0,"CrsPA":0.0,"Prog":12.0},{"Player":"Jason Denayer","Pos":"DF","Cmp":1592.0,"Cmp%":95.8,"1\/3":70.0,"PPA":0.0,"CrsPA":0.0,"Prog":72.0},{"Player":"Memphis Depay","Pos":"FW","Cmp":917.0,"Cmp%":70.5,"1\/3":84.0,"PPA":60.0,"CrsPA":13.0,"Prog":121.0},{"Player":"Ángel Di María","Pos":"FW","Cmp":889.0,"Cmp%":73.0,"1\/3":89.0,"PPA":74.0,"CrsPA":14.0,"Prog":131.0},{"Player":"Boulaye Dia","Pos":"FW","Cmp":501.0,"Cmp%":80.5,"1\/3":22.0,"PPA":16.0,"CrsPA":1.0,"Prog":29.0},{"Player":"Abdou Diallo","Pos":"DF","Cmp":1109.0,"Cmp%":93.1,"1\/3":72.0,"PPA":5.0,"CrsPA":2.0,"Prog":75.0},{"Player":"Habib Diallo","Pos":"FW","Cmp":21.0,"Cmp%":58.3,"1\/3":3.0,"PPA":3.0,"CrsPA":1.0,"Prog":4.0},{"Player":"Habib Diallo","Pos":"FW","Cmp":401.0,"Cmp%":69.9,"1\/3":23.0,"PPA":17.0,"CrsPA":4.0,"Prog":42.0},{"Player":"Eric Junior Dina Ebimbe","Pos":"FW","Cmp":635.0,"Cmp%":79.0,"1\/3":48.0,"PPA":18.0,"CrsPA":3.0,"Prog":62.0},{"Player":"Sinaly Diomande","Pos":"DF","Cmp":639.0,"Cmp%":89.0,"1\/3":37.0,"PPA":3.0,"CrsPA":0.0,"Prog":40.0},{"Player":"Lois Diony","Pos":"FW","Cmp":254.0,"Cmp%":63.3,"1\/3":10.0,"PPA":13.0,"CrsPA":5.0,"Prog":18.0},{"Player":"Sofiane Diop","Pos":"MF","Cmp":776.0,"Cmp%":78.8,"1\/3":64.0,"PPA":25.0,"CrsPA":3.0,"Prog":89.0},{"Player":"Axel Disasi","Pos":"DF","Cmp":1327.0,"Cmp%":86.7,"1\/3":92.0,"PPA":7.0,"CrsPA":0.0,"Prog":80.0},{"Player":"Tiago Djaló","Pos":"DF","Cmp":608.0,"Cmp%":87.7,"1\/3":49.0,"PPA":2.0,"CrsPA":1.0,"Prog":36.0},{"Player":"Alexander Djiku","Pos":"DF","Cmp":1140.0,"Cmp%":86.6,"1\/3":68.0,"PPA":1.0,"CrsPA":0.0,"Prog":58.0},{"Player":"Jéremy Doku","Pos":"MF","Cmp":790.0,"Cmp%":81.4,"1\/3":34.0,"PPA":58.0,"CrsPA":16.0,"Prog":98.0},{"Player":"Kasper Dolberg","Pos":"FW","Cmp":260.0,"Cmp%":79.0,"1\/3":15.0,"PPA":3.0,"CrsPA":0.0,"Prog":10.0},{"Player":"Keagan Dolly","Pos":"MF","Cmp":156.0,"Cmp%":84.3,"1\/3":11.0,"PPA":1.0,"CrsPA":0.0,"Prog":10.0},{"Player":"Moussa Doumbia","Pos":"MF","Cmp":338.0,"Cmp%":81.1,"1\/3":21.0,"PPA":11.0,"CrsPA":4.0,"Prog":27.0},{"Player":"Souleyman Doumbia","Pos":"DF","Cmp":1033.0,"Cmp%":81.7,"1\/3":43.0,"PPA":19.0,"CrsPA":5.0,"Prog":77.0},{"Player":"Julian Draxler","Pos":"MF","Cmp":548.0,"Cmp%":86.4,"1\/3":35.0,"PPA":22.0,"CrsPA":2.0,"Prog":55.0},{"Player":"Matthieu Dreyer","Pos":"GK","Cmp":225.0,"Cmp%":62.3,"1\/3":2.0,"PPA":0.0,"CrsPA":0.0,"Prog":0.0},{"Player":"Léo Dubois","Pos":"DF","Cmp":1818.0,"Cmp%":79.4,"1\/3":133.0,"PPA":54.0,"CrsPA":18.0,"Prog":218.0},{"Player":"Haris Duljevic","Pos":"MF","Cmp":238.0,"Cmp%":77.8,"1\/3":25.0,"PPA":15.0,"CrsPA":3.0,"Prog":44.0},{"Player":"Jean-Kevin Duverne","Pos":"DF","Cmp":1131.0,"Cmp%":84.6,"1\/3":102.0,"PPA":4.0,"CrsPA":1.0,"Prog":90.0},{"Player":"Bruno Ecuele Manga","Pos":"DF","Cmp":1655.0,"Cmp%":86.3,"1\/3":59.0,"PPA":3.0,"CrsPA":0.0,"Prog":66.0},{"Player":"Niclas Eliasson","Pos":"MF","Cmp":322.0,"Cmp%":61.3,"1\/3":13.0,"PPA":16.0,"CrsPA":10.0,"Prog":33.0},{"Player":"Sepe Elye Wahi","Pos":"FW","Cmp":72.0,"Cmp%":65.5,"1\/3":6.0,"PPA":2.0,"CrsPA":0.0,"Prog":5.0},{"Player":"Renaud Emond","Pos":"FW","Cmp":62.0,"Cmp%":70.5,"1\/3":4.0,"PPA":0.0,"CrsPA":0.0,"Prog":4.0},{"Player":"Fabio","Pos":"DF","Cmp":668.0,"Cmp%":77.3,"1\/3":54.0,"PPA":7.0,"CrsPA":4.0,"Prog":64.0},{"Player":"Cesc Fàbregas","Pos":"MF","Cmp":643.0,"Cmp%":79.2,"1\/3":91.0,"PPA":18.0,"CrsPA":3.0,"Prog":90.0},{"Player":"Wout Faes","Pos":"DF","Cmp":1418.0,"Cmp%":87.4,"1\/3":78.0,"PPA":3.0,"CrsPA":0.0,"Prog":74.0},{"Player":"Romain Faivre","Pos":"MF","Cmp":1188.0,"Cmp%":80.2,"1\/3":78.0,"PPA":35.0,"CrsPA":5.0,"Prog":126.0},{"Player":"Julien Faussurier","Pos":"DF","Cmp":466.0,"Cmp%":76.4,"1\/3":32.0,"PPA":31.0,"CrsPA":21.0,"Prog":61.0},{"Player":"Zinedine Ferhat","Pos":"FW","Cmp":824.0,"Cmp%":66.3,"1\/3":70.0,"PPA":47.0,"CrsPA":12.0,"Prog":118.0},{"Player":"Jordan Ferri","Pos":"MF","Cmp":1402.0,"Cmp%":85.8,"1\/3":151.0,"PPA":16.0,"CrsPA":4.0,"Prog":152.0},{"Player":"Alessandro Florenzi","Pos":"DF","Cmp":830.0,"Cmp%":82.8,"1\/3":39.0,"PPA":24.0,"CrsPA":17.0,"Prog":60.0},{"Player":"Mamadou Fofana","Pos":"MF","Cmp":377.0,"Cmp%":84.0,"1\/3":9.0,"PPA":0.0,"CrsPA":0.0,"Prog":14.0},{"Player":"Seko Fofana","Pos":"MF","Cmp":1072.0,"Cmp%":85.8,"1\/3":69.0,"PPA":18.0,"CrsPA":3.0,"Prog":87.0},{"Player":"Youssouf Fofana","Pos":"MF","Cmp":1449.0,"Cmp%":84.7,"1\/3":155.0,"PPA":30.0,"CrsPA":3.0,"Prog":162.0},{"Player":"Thomas Foket","Pos":"DF","Cmp":1537.0,"Cmp%":79.7,"1\/3":70.0,"PPA":27.0,"CrsPA":15.0,"Prog":107.0},{"Player":"Lamine Fomba","Pos":"MF","Cmp":594.0,"Cmp%":82.4,"1\/3":38.0,"PPA":11.0,"CrsPA":0.0,"Prog":43.0},{"Player":"José Fonte","Pos":"DF","Cmp":2117.0,"Cmp%":90.6,"1\/3":126.0,"PPA":8.0,"CrsPA":3.0,"Prog":127.0},{"Player":"Steven Fortes","Pos":"DF","Cmp":815.0,"Cmp%":88.2,"1\/3":43.0,"PPA":0.0,"CrsPA":0.0,"Prog":55.0},{"Player":"Angelo Fulgini","Pos":"MF","Cmp":1315.0,"Cmp%":81.0,"1\/3":118.0,"PPA":43.0,"CrsPA":6.0,"Prog":158.0},{"Player":"Idrissa Gueye","Pos":"MF","Cmp":1569.0,"Cmp%":92.8,"1\/3":169.0,"PPA":14.0,"CrsPA":1.0,"Prog":120.0},{"Player":"Ignatius Ganago","Pos":"FW","Cmp":203.0,"Cmp%":71.7,"1\/3":8.0,"PPA":5.0,"CrsPA":0.0,"Prog":12.0},{"Player":"Valère Germain","Pos":"FW","Cmp":204.0,"Cmp%":72.3,"1\/3":11.0,"PPA":2.0,"CrsPA":1.0,"Prog":8.0},{"Player":"Andrei Girotto","Pos":"DF","Cmp":1177.0,"Cmp%":82.2,"1\/3":88.0,"PPA":8.0,"CrsPA":2.0,"Prog":99.0},{"Player":"Aleksandr Golovin","Pos":"MF","Cmp":404.0,"Cmp%":68.8,"1\/3":17.0,"PPA":20.0,"CrsPA":5.0,"Prog":43.0},{"Player":"Alfred Gomis","Pos":"GK","Cmp":535.0,"Cmp%":80.0,"1\/3":2.0,"PPA":0.0,"CrsPA":0.0,"Prog":1.0},{"Player":"Alfred Gomis","Pos":"GK","Cmp":120.0,"Cmp%":63.8,"1\/3":0.0,"PPA":0.0,"CrsPA":0.0,"Prog":0.0},{"Player":"Vágner","Pos":"FW","Cmp":189.0,"Cmp%":75.9,"1\/3":10.0,"PPA":8.0,"CrsPA":1.0,"Prog":22.0},{"Player":"Álvaro González","Pos":"DF","Cmp":1702.0,"Cmp%":89.3,"1\/3":110.0,"PPA":4.0,"CrsPA":0.0,"Prog":105.0},{"Player":"Amine Gouiri","Pos":"FW","Cmp":881.0,"Cmp%":76.0,"1\/3":34.0,"PPA":39.0,"CrsPA":7.0,"Prog":80.0},{"Player":"Jonathan Gradit","Pos":"DF","Cmp":1520.0,"Cmp%":88.3,"1\/3":159.0,"PPA":9.0,"CrsPA":4.0,"Prog":163.0},{"Player":"Andrew Gravillon","Pos":"DF","Cmp":911.0,"Cmp%":77.2,"1\/3":56.0,"PPA":8.0,"CrsPA":4.0,"Prog":54.0},{"Player":"Adrian Grbic","Pos":"FW","Cmp":132.0,"Cmp%":61.7,"1\/3":9.0,"PPA":2.0,"CrsPA":0.0,"Prog":9.0},{"Player":"Clément Grenier","Pos":"MF","Cmp":721.0,"Cmp%":79.8,"1\/3":72.0,"PPA":13.0,"CrsPA":2.0,"Prog":68.0},{"Player":"Kelyan Guessoum","Pos":"DF","Cmp":505.0,"Cmp%":90.5,"1\/3":15.0,"PPA":2.0,"CrsPA":0.0,"Prog":14.0},{"Player":"Lamine Gueye","Pos":"FW","Cmp":351.0,"Cmp%":69.9,"1\/3":9.0,"PPA":8.0,"CrsPA":3.0,"Prog":23.0},{"Player":"Bruno Guimarães","Pos":"MF","Cmp":1306.0,"Cmp%":89.4,"1\/3":135.0,"PPA":32.0,"CrsPA":1.0,"Prog":120.0},{"Player":"Sehrou Guirassy","Pos":"FW","Cmp":384.0,"Cmp%":77.3,"1\/3":24.0,"PPA":6.0,"CrsPA":0.0,"Prog":27.0},{"Player":"Massadio Haidara","Pos":"DF","Cmp":1009.0,"Cmp%":82.1,"1\/3":60.0,"PPA":17.0,"CrsPA":8.0,"Prog":96.0},{"Player":"Pierre-Yves Hamel","Pos":"FW","Cmp":124.0,"Cmp%":64.9,"1\/3":5.0,"PPA":5.0,"CrsPA":0.0,"Prog":10.0},{"Player":"Romain Hamouma","Pos":"FW","Cmp":446.0,"Cmp%":67.9,"1\/3":30.0,"PPA":15.0,"CrsPA":2.0,"Prog":49.0},{"Player":"Luis Henrique","Pos":"DF","Cmp":228.0,"Cmp%":77.3,"1\/3":15.0,"PPA":12.0,"CrsPA":9.0,"Prog":18.0},{"Player":"Christophe Herelle","Pos":"DF","Cmp":784.0,"Cmp%":89.7,"1\/3":43.0,"PPA":2.0,"CrsPA":0.0,"Prog":49.0},{"Player":"Jerome Hergault","Pos":"DF","Cmp":688.0,"Cmp%":77.8,"1\/3":38.0,"PPA":6.0,"CrsPA":1.0,"Prog":66.0},{"Player":"Ander Herrera","Pos":"MF","Cmp":1591.0,"Cmp%":90.9,"1\/3":161.0,"PPA":22.0,"CrsPA":3.0,"Prog":136.0},{"Player":"Hilton","Pos":"DF","Cmp":851.0,"Cmp%":83.3,"1\/3":50.0,"PPA":3.0,"CrsPA":0.0,"Prog":48.0},{"Player":"Franck Honorat","Pos":"MF","Cmp":690.0,"Cmp%":66.9,"1\/3":34.0,"PPA":50.0,"CrsPA":27.0,"Prog":86.0},{"Player":"Adrien Hunou","Pos":"FW","Cmp":149.0,"Cmp%":76.4,"1\/3":3.0,"PPA":5.0,"CrsPA":1.0,"Prog":7.0},{"Player":"Mauro Icardi","Pos":"FW","Cmp":144.0,"Cmp%":81.8,"1\/3":9.0,"PPA":3.0,"CrsPA":0.0,"Prog":10.0},{"Player":"Jonathan Ikone","Pos":"MF","Cmp":620.0,"Cmp%":80.2,"1\/3":49.0,"PPA":28.0,"CrsPA":2.0,"Prog":75.0},{"Player":"Corentin Jean","Pos":"FW","Cmp":129.0,"Cmp%":75.4,"1\/3":6.0,"PPA":8.0,"CrsPA":5.0,"Prog":10.0},{"Player":"Stevan Jovetic","Pos":"FW","Cmp":269.0,"Cmp%":70.4,"1\/3":28.0,"PPA":19.0,"CrsPA":2.0,"Prog":42.0},{"Player":"Abdoul Kader Bamba","Pos":"FW","Cmp":371.0,"Cmp%":75.1,"1\/3":25.0,"PPA":10.0,"CrsPA":2.0,"Prog":34.0},{"Player":"Tinotenda Kadewere","Pos":"FW","Cmp":461.0,"Cmp%":73.6,"1\/3":14.0,"PPA":19.0,"CrsPA":5.0,"Prog":32.0},{"Player":"Gaël Kakuta","Pos":"MF","Cmp":853.0,"Cmp%":73.0,"1\/3":97.0,"PPA":37.0,"CrsPA":6.0,"Prog":133.0},{"Player":"Arnaud Kalimuendo Muinga","Pos":"FW","Cmp":20.0,"Cmp%":90.9,"1\/3":0.0,"PPA":1.0,"CrsPA":0.0,"Prog":1.0},{"Player":"Arnaud Kalimuendo Muinga","Pos":"FW","Cmp":229.0,"Cmp%":76.3,"1\/3":8.0,"PPA":11.0,"CrsPA":4.0,"Prog":13.0},{"Player":"Samuel Kalu","Pos":"FW","Cmp":230.0,"Cmp%":72.6,"1\/3":12.0,"PPA":6.0,"CrsPA":1.0,"Prog":22.0},{"Player":"Boubacar Kamara","Pos":"FW","Cmp":113.0,"Cmp%":74.8,"1\/3":4.0,"PPA":5.0,"CrsPA":3.0,"Prog":9.0},{"Player":"Boubacar Kamara","Pos":"MF","Cmp":1769.0,"Cmp%":87.2,"1\/3":163.0,"PPA":16.0,"CrsPA":0.0,"Prog":145.0},{"Player":"Hassane Kamara","Pos":"DF","Cmp":1590.0,"Cmp%":82.3,"1\/3":82.0,"PPA":46.0,"CrsPA":20.0,"Prog":136.0},{"Player":"Eiji Kawashima","Pos":"GK","Cmp":487.0,"Cmp%":68.1,"1\/3":9.0,"PPA":1.0,"CrsPA":0.0,"Prog":0.0},{"Player":"Moise Kean","Pos":"FW","Cmp":253.0,"Cmp%":80.3,"1\/3":6.0,"PPA":7.0,"CrsPA":0.0,"Prog":19.0},{"Player":"Thilo Kehrer","Pos":"DF","Cmp":1164.0,"Cmp%":93.1,"1\/3":42.0,"PPA":5.0,"CrsPA":1.0,"Prog":48.0},{"Player":"Saif-Eddine Khaoui","Pos":"FW","Cmp":181.0,"Cmp%":71.0,"1\/3":17.0,"PPA":5.0,"CrsPA":1.0,"Prog":24.0},{"Player":"Wahbi Khazri","Pos":"FW","Cmp":261.0,"Cmp%":68.1,"1\/3":36.0,"PPA":15.0,"CrsPA":2.0,"Prog":43.0},{"Player":"Presnel Kimpembe","Pos":"DF","Cmp":1850.0,"Cmp%":96.0,"1\/3":120.0,"PPA":3.0,"CrsPA":0.0,"Prog":85.0},{"Player":"Randal Kolo Muani","Pos":"FW","Cmp":430.0,"Cmp%":68.4,"1\/3":23.0,"PPA":15.0,"CrsPA":3.0,"Prog":35.0},{"Player":"Timothée Kolodziejczak","Pos":"DF","Cmp":1122.0,"Cmp%":84.2,"1\/3":52.0,"PPA":5.0,"CrsPA":2.0,"Prog":91.0},{"Player":"Ghislain Konan","Pos":"DF","Cmp":1170.0,"Cmp%":79.3,"1\/3":68.0,"PPA":23.0,"CrsPA":12.0,"Prog":130.0},{"Player":"Moussa Konate","Pos":"FW","Cmp":211.0,"Cmp%":73.5,"1\/3":14.0,"PPA":7.0,"CrsPA":1.0,"Prog":14.0},{"Player":"Lamine Koné","Pos":"DF","Cmp":387.0,"Cmp%":82.2,"1\/3":35.0,"PPA":0.0,"CrsPA":0.0,"Prog":35.0},{"Player":"Moussa Koné","Pos":"FW","Cmp":237.0,"Cmp%":77.7,"1\/3":17.0,"PPA":3.0,"CrsPA":1.0,"Prog":15.0},{"Player":"Laurent Koscielny","Pos":"DF","Cmp":1207.0,"Cmp%":89.9,"1\/3":58.0,"PPA":2.0,"CrsPA":0.0,"Prog":53.0},{"Player":"Layvin Kurzawa","Pos":"DF","Cmp":849.0,"Cmp%":87.4,"1\/3":37.0,"PPA":17.0,"CrsPA":6.0,"Prog":54.0},{"Player":"Dereck Kutesa","Pos":"MF","Cmp":105.0,"Cmp%":67.3,"1\/3":7.0,"PPA":4.0,"CrsPA":1.0,"Prog":13.0},{"Player":"Enock Kwateng","Pos":"DF","Cmp":546.0,"Cmp%":82.7,"1\/3":28.0,"PPA":6.0,"CrsPA":3.0,"Prog":44.0},{"Player":"Gaetan Laborde","Pos":"FW","Cmp":613.0,"Cmp%":66.8,"1\/3":41.0,"PPA":25.0,"CrsPA":4.0,"Prog":74.0},{"Player":"Alban Lafont","Pos":"GK","Cmp":653.0,"Cmp%":57.9,"1\/3":21.0,"PPA":2.0,"CrsPA":0.0,"Prog":0.0},{"Player":"Kenny Lala","Pos":"DF","Cmp":832.0,"Cmp%":73.8,"1\/3":64.0,"PPA":26.0,"CrsPA":13.0,"Prog":85.0},{"Player":"Loïck Landre","Pos":"DF","Cmp":695.0,"Cmp%":88.9,"1\/3":33.0,"PPA":0.0,"CrsPA":0.0,"Prog":34.0},{"Player":"Julien Laporte","Pos":"DF","Cmp":1231.0,"Cmp%":86.6,"1\/3":75.0,"PPA":6.0,"CrsPA":0.0,"Prog":68.0},{"Player":"Gautier Larsonneur","Pos":"GK","Cmp":1005.0,"Cmp%":79.5,"1\/3":13.0,"PPA":0.0,"CrsPA":0.0,"Prog":0.0},{"Player":"Paul Lasne","Pos":"MF","Cmp":916.0,"Cmp%":86.2,"1\/3":63.0,"PPA":5.0,"CrsPA":0.0,"Prog":43.0},{"Player":"Armand Lauriente","Pos":"FW","Cmp":434.0,"Cmp%":75.9,"1\/3":31.0,"PPA":18.0,"CrsPA":5.0,"Prog":34.0},{"Player":"Wesley Lautoa","Pos":"MF","Cmp":700.0,"Cmp%":85.3,"1\/3":44.0,"PPA":8.0,"CrsPA":0.0,"Prog":62.0},{"Player":"Jeremy Le Douaron","Pos":"FW","Cmp":138.0,"Cmp%":70.1,"1\/3":6.0,"PPA":5.0,"CrsPA":1.0,"Prog":8.0},{"Player":"Enzo Le Fée","Pos":"MF","Cmp":689.0,"Cmp%":78.3,"1\/3":67.0,"PPA":12.0,"CrsPA":2.0,"Prog":60.0},{"Player":"Vincent Le Goff","Pos":"DF","Cmp":1007.0,"Cmp%":79.0,"1\/3":61.0,"PPA":24.0,"CrsPA":11.0,"Prog":117.0},{"Player":"Damien Le Tallec","Pos":"MF","Cmp":349.0,"Cmp%":80.2,"1\/3":36.0,"PPA":3.0,"CrsPA":0.0,"Prog":37.0},{"Player":"Jean-Louis Leca","Pos":"GK","Cmp":699.0,"Cmp%":67.8,"1\/3":14.0,"PPA":0.0,"CrsPA":0.0,"Prog":0.0},{"Player":"Benjamin Lecomte","Pos":"GK","Cmp":758.0,"Cmp%":76.0,"1\/3":11.0,"PPA":0.0,"CrsPA":0.0,"Prog":3.0},{"Player":"Pierre Lees-Melou","Pos":"MF","Cmp":1047.0,"Cmp%":85.5,"1\/3":107.0,"PPA":17.0,"CrsPA":3.0,"Prog":126.0},{"Player":"Fabien Lemoine","Pos":"MF","Cmp":1255.0,"Cmp%":86.3,"1\/3":92.0,"PPA":11.0,"CrsPA":4.0,"Prog":99.0},{"Player":"Aaron Leya Iseka","Pos":"FW","Cmp":151.0,"Cmp%":75.9,"1\/3":10.0,"PPA":3.0,"CrsPA":0.0,"Prog":9.0},{"Player":"Dmitri Lienard","Pos":"MF","Cmp":853.0,"Cmp%":73.9,"1\/3":99.0,"PPA":33.0,"CrsPA":18.0,"Prog":92.0},{"Player":"Isaac Lihadji","Pos":"MF","Cmp":75.0,"Cmp%":69.4,"1\/3":9.0,"PPA":1.0,"CrsPA":0.0,"Prog":10.0},{"Player":"Pol Lirola","Pos":"DF","Cmp":638.0,"Cmp%":77.3,"1\/3":38.0,"PPA":17.0,"CrsPA":6.0,"Prog":52.0},{"Player":"Anthony Lopes","Pos":"GK","Cmp":971.0,"Cmp%":82.6,"1\/3":12.0,"PPA":1.0,"CrsPA":0.0,"Prog":5.0},{"Player":"Rony Lopes","Pos":"FW","Cmp":590.0,"Cmp%":76.1,"1\/3":33.0,"PPA":21.0,"CrsPA":9.0,"Prog":49.0},{"Player":"Jordan Lotomba","Pos":"DF","Cmp":1185.0,"Cmp%":82.0,"1\/3":64.0,"PPA":13.0,"CrsPA":6.0,"Prog":74.0},{"Player":"Imran Louza","Pos":"MF","Cmp":1038.0,"Cmp%":78.5,"1\/3":118.0,"PPA":12.0,"CrsPA":2.0,"Prog":101.0},{"Player":"Jean Lucas","Pos":"MF","Cmp":575.0,"Cmp%":88.9,"1\/3":39.0,"PPA":6.0,"CrsPA":1.0,"Prog":42.0},{"Player":"Jean Lucas","Pos":"MF","Cmp":111.0,"Cmp%":85.4,"1\/3":10.0,"PPA":1.0,"CrsPA":0.0,"Prog":12.0},{"Player":"Mike Maignan","Pos":"GK","Cmp":777.0,"Cmp%":72.6,"1\/3":11.0,"PPA":2.0,"CrsPA":0.0,"Prog":5.0},{"Player":"Josh Maja","Pos":"FW","Cmp":165.0,"Cmp%":88.2,"1\/3":8.0,"PPA":3.0,"CrsPA":0.0,"Prog":6.0},{"Player":"Marcelo","Pos":"MF","Cmp":27.0,"Cmp%":69.2,"1\/3":1.0,"PPA":0.0,"CrsPA":0.0,"Prog":0.0},{"Player":"Vincent Manceau","Pos":"DF","Cmp":1290.0,"Cmp%":80.8,"1\/3":73.0,"PPA":25.0,"CrsPA":10.0,"Prog":117.0},{"Player":"Steve Mandanda","Pos":"GK","Cmp":942.0,"Cmp%":71.1,"1\/3":12.0,"PPA":1.0,"CrsPA":0.0,"Prog":0.0},{"Player":"Reinildo","Pos":"DF","Cmp":1259.0,"Cmp%":80.5,"1\/3":84.0,"PPA":27.0,"CrsPA":14.0,"Prog":103.0},{"Player":"Thomas Mangani","Pos":"MF","Cmp":1676.0,"Cmp%":81.7,"1\/3":191.0,"PPA":22.0,"CrsPA":4.0,"Prog":200.0},{"Player":"Myziane Maolida","Pos":"FW","Cmp":274.0,"Cmp%":75.1,"1\/3":16.0,"PPA":16.0,"CrsPA":7.0,"Prog":30.0},{"Player":"Faitout Maouassa","Pos":"DF","Cmp":640.0,"Cmp%":78.2,"1\/3":42.0,"PPA":11.0,"CrsPA":7.0,"Prog":52.0},{"Player":"Marcelo","Pos":"DF","Cmp":1801.0,"Cmp%":88.8,"1\/3":120.0,"PPA":7.0,"CrsPA":1.0,"Prog":123.0},{"Player":"Jordan Marié","Pos":"MF","Cmp":622.0,"Cmp%":81.6,"1\/3":59.0,"PPA":4.0,"CrsPA":0.0,"Prog":43.0},{"Player":"Guillermo Maripán","Pos":"DF","Cmp":1490.0,"Cmp%":90.4,"1\/3":60.0,"PPA":5.0,"CrsPA":1.0,"Prog":78.0},{"Player":"Marquinhos","Pos":"DF","Cmp":1610.0,"Cmp%":93.1,"1\/3":148.0,"PPA":11.0,"CrsPA":1.0,"Prog":89.0},{"Player":"Gelson Martins","Pos":"MF","Cmp":527.0,"Cmp%":83.4,"1\/3":23.0,"PPA":20.0,"CrsPA":7.0,"Prog":43.0},{"Player":"Tony Mauricio","Pos":"MF","Cmp":275.0,"Cmp%":80.4,"1\/3":20.0,"PPA":6.0,"CrsPA":2.0,"Prog":24.0},{"Player":"Stephy Mavididi","Pos":"FW","Cmp":398.0,"Cmp%":77.7,"1\/3":12.0,"PPA":8.0,"CrsPA":3.0,"Prog":19.0},{"Player":"Nathanael Mbuku","Pos":"MF","Cmp":448.0,"Cmp%":76.7,"1\/3":38.0,"PPA":31.0,"CrsPA":3.0,"Prog":67.0},{"Player":"Facundo Medina","Pos":"DF","Cmp":1358.0,"Cmp%":87.2,"1\/3":118.0,"PPA":4.0,"CrsPA":1.0,"Prog":139.0},{"Player":"Farid El Melali","Pos":"FW","Cmp":111.0,"Cmp%":75.5,"1\/3":6.0,"PPA":4.0,"CrsPA":0.0,"Prog":10.0},{"Player":"Birger Meling","Pos":"DF","Cmp":1064.0,"Cmp%":81.4,"1\/3":86.0,"PPA":17.0,"CrsPA":6.0,"Prog":104.0},{"Player":"Houboulang Mendes","Pos":"DF","Cmp":434.0,"Cmp%":72.5,"1\/3":18.0,"PPA":8.0,"CrsPA":5.0,"Prog":30.0},{"Player":"Pedro Mendes","Pos":"DF","Cmp":678.0,"Cmp%":84.5,"1\/3":40.0,"PPA":2.0,"CrsPA":1.0,"Prog":39.0},{"Player":"Thiago Mendes","Pos":"MF","Cmp":1327.0,"Cmp%":88.5,"1\/3":173.0,"PPA":24.0,"CrsPA":2.0,"Prog":162.0},{"Player":"Clement Michelin","Pos":"DF","Cmp":490.0,"Cmp%":72.9,"1\/3":23.0,"PPA":15.0,"CrsPA":10.0,"Prog":43.0},{"Player":"Florian Miguel","Pos":"DF","Cmp":749.0,"Cmp%":82.0,"1\/3":53.0,"PPA":7.0,"CrsPA":2.0,"Prog":48.0},{"Player":"Arkadiusz Milik","Pos":"FW","Cmp":221.0,"Cmp%":73.2,"1\/3":11.0,"PPA":4.0,"CrsPA":1.0,"Prog":14.0},{"Player":"Stefan Mitrovic","Pos":"DF","Cmp":1118.0,"Cmp%":90.0,"1\/3":44.0,"PPA":1.0,"CrsPA":0.0,"Prog":40.0},{"Player":"Florent Mollet","Pos":"MF","Cmp":1055.0,"Cmp%":83.3,"1\/3":91.0,"PPA":22.0,"CrsPA":2.0,"Prog":101.0},{"Player":"Thomas Monconduit","Pos":"MF","Cmp":542.0,"Cmp%":79.8,"1\/3":60.0,"PPA":9.0,"CrsPA":2.0,"Prog":76.0},{"Player":"Kévin Monnet-Paquet","Pos":"MF","Cmp":151.0,"Cmp%":67.4,"1\/3":5.0,"PPA":3.0,"CrsPA":1.0,"Prog":9.0},{"Player":"Jérémy Morel","Pos":"DF","Cmp":1073.0,"Cmp%":84.8,"1\/3":43.0,"PPA":2.0,"CrsPA":0.0,"Prog":63.0},{"Player":"Aïmen Moueffek","Pos":"DF","Cmp":277.0,"Cmp%":74.3,"1\/3":13.0,"PPA":5.0,"CrsPA":0.0,"Prog":28.0},{"Player":"Harold Moukoudi","Pos":"DF","Cmp":1027.0,"Cmp%":90.6,"1\/3":48.0,"PPA":0.0,"CrsPA":0.0,"Prog":55.0},{"Player":"Jessy Moulin","Pos":"GK","Cmp":634.0,"Cmp%":72.0,"1\/3":8.0,"PPA":0.0,"CrsPA":0.0,"Prog":0.0},{"Player":"Steve Mounie","Pos":"FW","Cmp":460.0,"Cmp%":60.7,"1\/3":36.0,"PPA":15.0,"CrsPA":2.0,"Prog":43.0},{"Player":"Marshall Munetsi","Pos":"MF","Cmp":726.0,"Cmp%":84.6,"1\/3":43.0,"PPA":5.0,"CrsPA":2.0,"Prog":42.0},{"Player":"Yuto Nagatomo","Pos":"DF","Cmp":649.0,"Cmp%":80.9,"1\/3":27.0,"PPA":10.0,"CrsPA":5.0,"Prog":35.0},{"Player":"Paul Nardi","Pos":"GK","Cmp":392.0,"Cmp%":61.3,"1\/3":7.0,"PPA":1.0,"CrsPA":0.0,"Prog":0.0},{"Player":"Keylor Navas","Pos":"GK","Cmp":650.0,"Cmp%":87.2,"1\/3":0.0,"PPA":0.0,"CrsPA":0.0,"Prog":0.0},{"Player":"Papa Ndiaga Yade","Pos":"FW","Cmp":197.0,"Cmp%":69.1,"1\/3":10.0,"PPA":11.0,"CrsPA":5.0,"Prog":19.0},{"Player":"Dan Ndoye","Pos":"FW","Cmp":131.0,"Cmp%":73.6,"1\/3":4.0,"PPA":2.0,"CrsPA":0.0,"Prog":7.0},{"Player":"Neymar","Pos":"MF","Cmp":776.0,"Cmp%":77.8,"1\/3":98.0,"PPA":58.0,"CrsPA":4.0,"Prog":133.0},{"Player":"Yvan Neyou","Pos":"MF","Cmp":1131.0,"Cmp%":87.0,"1\/3":88.0,"PPA":8.0,"CrsPA":2.0,"Prog":72.0},{"Player":"Opa Nguette","Pos":"FW","Cmp":204.0,"Cmp%":72.9,"1\/3":15.0,"PPA":5.0,"CrsPA":1.0,"Prog":16.0},{"Player":"Arnaud Nordin","Pos":"MF","Cmp":374.0,"Cmp%":74.4,"1\/3":24.0,"PPA":18.0,"CrsPA":6.0,"Prog":31.0},{"Player":"Jonas Omlin","Pos":"GK","Cmp":701.0,"Cmp%":71.4,"1\/3":5.0,"PPA":0.0,"CrsPA":0.0,"Prog":1.0},{"Player":"Otávio","Pos":"MF","Cmp":852.0,"Cmp%":90.2,"1\/3":38.0,"PPA":0.0,"CrsPA":0.0,"Prog":37.0},{"Player":"Remi Oudin","Pos":"FW","Cmp":725.0,"Cmp%":67.5,"1\/3":33.0,"PPA":27.0,"CrsPA":13.0,"Prog":59.0},{"Player":"Alexandre Oukidja","Pos":"GK","Cmp":679.0,"Cmp%":65.6,"1\/3":14.0,"PPA":1.0,"CrsPA":0.0,"Prog":1.0},{"Player":"Nicolas Pallois","Pos":"DF","Cmp":1035.0,"Cmp%":81.3,"1\/3":95.0,"PPA":3.0,"CrsPA":0.0,"Prog":86.0},{"Player":"Jonathan Panzo","Pos":"DF","Cmp":967.0,"Cmp%":88.3,"1\/3":36.0,"PPA":1.0,"CrsPA":0.0,"Prog":32.0},{"Player":"Lucas Paquetá","Pos":"MF","Cmp":1021.0,"Cmp%":81.4,"1\/3":124.0,"PPA":47.0,"CrsPA":4.0,"Prog":188.0},{"Player":"Gaetan Paquiez","Pos":"DF","Cmp":367.0,"Cmp%":78.1,"1\/3":27.0,"PPA":5.0,"CrsPA":2.0,"Prog":47.0},{"Player":"Leandro Paredes","Pos":"MF","Cmp":1327.0,"Cmp%":90.3,"1\/3":162.0,"PPA":12.0,"CrsPA":1.0,"Prog":131.0},{"Player":"Dimitri Payet","Pos":"FW","Cmp":1047.0,"Cmp%":71.8,"1\/3":103.0,"PPA":44.0,"CrsPA":8.0,"Prog":143.0},{"Player":"Pietro Pellegri","Pos":"FW","Cmp":24.0,"Cmp%":57.1,"1\/3":1.0,"PPA":1.0,"CrsPA":0.0,"Prog":2.0},{"Player":"Andy Pelmard","Pos":"DF","Cmp":835.0,"Cmp%":91.3,"1\/3":54.0,"PPA":2.0,"CrsPA":0.0,"Prog":36.0},{"Player":"Danilo Pereira","Pos":"MF","Cmp":1097.0,"Cmp%":93.0,"1\/3":84.0,"PPA":3.0,"CrsPA":1.0,"Prog":60.0},{"Player":"Romain Perraud","Pos":"DF","Cmp":1630.0,"Cmp%":79.6,"1\/3":88.0,"PPA":43.0,"CrsPA":30.0,"Prog":141.0},{"Player":"Romain Philippoteaux","Pos":"FW","Cmp":50.0,"Cmp%":63.3,"1\/3":3.0,"PPA":3.0,"CrsPA":2.0,"Prog":8.0},{"Player":"Romain Philippoteaux","Pos":"MF","Cmp":140.0,"Cmp%":72.5,"1\/3":8.0,"PPA":4.0,"CrsPA":2.0,"Prog":10.0},{"Player":"Ronael Pierre Gabriel","Pos":"DF","Cmp":1181.0,"Cmp%":83.6,"1\/3":94.0,"PPA":27.0,"CrsPA":7.0,"Prog":120.0},{"Player":"Nicolas de Preville","Pos":"FW","Cmp":470.0,"Cmp%":72.0,"1\/3":47.0,"PPA":16.0,"CrsPA":4.0,"Prog":53.0},{"Player":"Anthony Racioppi","Pos":"GK","Cmp":431.0,"Cmp%":65.7,"1\/3":4.0,"PPA":0.0,"CrsPA":0.0,"Prog":0.0},{"Player":"Rafinha","Pos":"MF","Cmp":1048.0,"Cmp%":89.6,"1\/3":92.0,"PPA":16.0,"CrsPA":1.0,"Prog":83.0},{"Player":"Predrag Rajkovic","Pos":"GK","Cmp":963.0,"Cmp%":66.2,"1\/3":27.0,"PPA":1.0,"CrsPA":0.0,"Prog":0.0},{"Player":"Jeff Reine-Adelaide","Pos":"FW","Cmp":15.0,"Cmp%":78.9,"1\/3":3.0,"PPA":1.0,"CrsPA":0.0,"Prog":2.0},{"Player":"Jeff Reine-Adelaide","Pos":"MF","Cmp":497.0,"Cmp%":83.8,"1\/3":49.0,"PPA":13.0,"CrsPA":2.0,"Prog":50.0},{"Player":"Baptiste Reynet","Pos":"GK","Cmp":1069.0,"Cmp%":67.4,"1\/3":32.0,"PPA":1.0,"CrsPA":0.0,"Prog":1.0},{"Player":"Renaud Ripart","Pos":"MF","Cmp":820.0,"Cmp%":68.6,"1\/3":67.0,"PPA":21.0,"CrsPA":7.0,"Prog":91.0},{"Player":"Mihailo Ristic","Pos":"DF","Cmp":983.0,"Cmp%":77.7,"1\/3":76.0,"PPA":37.0,"CrsPA":21.0,"Prog":96.0},{"Player":"Maxence Rivera","Pos":"MF","Cmp":82.0,"Cmp%":74.5,"1\/3":8.0,"PPA":1.0,"CrsPA":1.0,"Prog":9.0},{"Player":"Valentin Rongier","Pos":"MF","Cmp":1208.0,"Cmp%":87.0,"1\/3":94.0,"PPA":9.0,"CrsPA":2.0,"Prog":81.0},{"Player":"Nolan Roux","Pos":"FW","Cmp":104.0,"Cmp%":67.5,"1\/3":4.0,"PPA":5.0,"CrsPA":2.0,"Prog":6.0},{"Player":"Youssouf Sabaly","Pos":"DF","Cmp":1671.0,"Cmp%":84.8,"1\/3":94.0,"PPA":28.0,"CrsPA":9.0,"Prog":130.0},{"Player":"Hiroki Sakai","Pos":"DF","Cmp":1228.0,"Cmp%":82.9,"1\/3":69.0,"PPA":12.0,"CrsPA":3.0,"Prog":87.0},{"Player":"William Saliba","Pos":"DF","Cmp":1331.0,"Cmp%":92.6,"1\/3":91.0,"PPA":2.0,"CrsPA":0.0,"Prog":83.0},{"Player":"Romain Salin","Pos":"GK","Cmp":409.0,"Cmp%":75.2,"1\/3":5.0,"PPA":0.0,"CrsPA":0.0,"Prog":2.0},{"Player":"Junior Sambia","Pos":"DF","Cmp":1035.0,"Cmp%":78.9,"1\/3":89.0,"PPA":39.0,"CrsPA":22.0,"Prog":128.0},{"Player":"Frederic Sammaritano","Pos":"FW","Cmp":381.0,"Cmp%":75.0,"1\/3":30.0,"PPA":10.0,"CrsPA":7.0,"Prog":33.0},{"Player":"Renato Sanches","Pos":"MF","Cmp":822.0,"Cmp%":83.2,"1\/3":102.0,"PPA":11.0,"CrsPA":1.0,"Prog":96.0},{"Player":"Pablo Sarabia","Pos":"FW","Cmp":492.0,"Cmp%":76.9,"1\/3":35.0,"PPA":30.0,"CrsPA":11.0,"Prog":61.0},{"Player":"Téji Savanier","Pos":"MF","Cmp":875.0,"Cmp%":70.4,"1\/3":129.0,"PPA":28.0,"CrsPA":7.0,"Prog":136.0},{"Player":"Morgan Schneiderlin","Pos":"MF","Cmp":1422.0,"Cmp%":88.1,"1\/3":128.0,"PPA":9.0,"CrsPA":0.0,"Prog":103.0},{"Player":"Djibril Sidibe","Pos":"DF","Cmp":1522.0,"Cmp%":83.4,"1\/3":116.0,"PPA":27.0,"CrsPA":9.0,"Prog":133.0},{"Player":"Kaj Sierhuis","Pos":"FW","Cmp":110.0,"Cmp%":65.5,"1\/3":12.0,"PPA":5.0,"CrsPA":1.0,"Prog":14.0},{"Player":"Mohamed Simakan","Pos":"DF","Cmp":705.0,"Cmp%":82.7,"1\/3":66.0,"PPA":11.0,"CrsPA":1.0,"Prog":62.0},{"Player":"Moses Simon","Pos":"FW","Cmp":474.0,"Cmp%":64.8,"1\/3":25.0,"PPA":25.0,"CrsPA":11.0,"Prog":45.0},{"Player":"Ibrahima Sissoko","Pos":"MF","Cmp":941.0,"Cmp%":81.0,"1\/3":103.0,"PPA":13.0,"CrsPA":4.0,"Prog":106.0},{"Player":"Petar Skuletic","Pos":"FW","Cmp":41.0,"Cmp%":56.9,"1\/3":3.0,"PPA":1.0,"CrsPA":0.0,"Prog":2.0},{"Player":"Islam Slimani","Pos":"FW","Cmp":182.0,"Cmp%":74.3,"1\/3":15.0,"PPA":8.0,"CrsPA":2.0,"Prog":18.0},{"Player":"Florian Sotoca","Pos":"FW","Cmp":654.0,"Cmp%":71.1,"1\/3":47.0,"PPA":26.0,"CrsPA":5.0,"Prog":83.0},{"Player":"Boubakary Soumare","Pos":"MF","Cmp":1368.0,"Cmp%":86.9,"1\/3":185.0,"PPA":7.0,"CrsPA":2.0,"Prog":149.0},{"Player":"Arnaud Souquet","Pos":"DF","Cmp":486.0,"Cmp%":75.0,"1\/3":26.0,"PPA":21.0,"CrsPA":13.0,"Prog":51.0},{"Player":"Saidou Sow","Pos":"DF","Cmp":483.0,"Cmp%":86.1,"1\/3":15.0,"PPA":1.0,"CrsPA":0.0,"Prog":25.0},{"Player":"Issiaga Sylla","Pos":"DF","Cmp":531.0,"Cmp%":77.5,"1\/3":26.0,"PPA":13.0,"CrsPA":8.0,"Prog":63.0},{"Player":"Flavien Tait","Pos":"MF","Cmp":695.0,"Cmp%":84.1,"1\/3":62.0,"PPA":18.0,"CrsPA":1.0,"Prog":69.0},{"Player":"Warren Tchimbembé","Pos":"MF","Cmp":220.0,"Cmp%":85.6,"1\/3":18.0,"PPA":2.0,"CrsPA":1.0,"Prog":9.0},{"Player":"Aurelien Tchouameni","Pos":"MF","Cmp":1552.0,"Cmp%":83.8,"1\/3":154.0,"PPA":25.0,"CrsPA":1.0,"Prog":162.0},{"Player":"Martin Terrier","Pos":"FW","Cmp":642.0,"Cmp%":80.4,"1\/3":34.0,"PPA":20.0,"CrsPA":5.0,"Prog":50.0},{"Player":"Florian Thauvin","Pos":"FW","Cmp":1010.0,"Cmp%":70.6,"1\/3":93.0,"PPA":51.0,"CrsPA":9.0,"Prog":137.0},{"Player":"Sada Thioub","Pos":"FW","Cmp":504.0,"Cmp%":83.4,"1\/3":31.0,"PPA":21.0,"CrsPA":3.0,"Prog":54.0},{"Player":"Romain Thomas","Pos":"DF","Cmp":1434.0,"Cmp%":87.3,"1\/3":63.0,"PPA":0.0,"CrsPA":0.0,"Prog":68.0},{"Player":"Adrien Thomasson","Pos":"MF","Cmp":874.0,"Cmp%":76.1,"1\/3":67.0,"PPA":23.0,"CrsPA":3.0,"Prog":71.0},{"Player":"Jean-Clair Todibo","Pos":"DF","Cmp":980.0,"Cmp%":89.4,"1\/3":76.0,"PPA":3.0,"CrsPA":1.0,"Prog":58.0},{"Player":"Karl Toko Ekambi","Pos":"FW","Cmp":770.0,"Cmp%":77.7,"1\/3":42.0,"PPA":40.0,"CrsPA":5.0,"Prog":95.0},{"Player":"Abdoulaye Touré","Pos":"MF","Cmp":799.0,"Cmp%":85.1,"1\/3":85.0,"PPA":7.0,"CrsPA":0.0,"Prog":71.0},{"Player":"Amadou Traoré","Pos":"MF","Cmp":74.0,"Cmp%":71.8,"1\/3":0.0,"PPA":4.0,"CrsPA":3.0,"Prog":4.0},{"Player":"Charles Traore","Pos":"DF","Cmp":670.0,"Cmp%":71.0,"1\/3":58.0,"PPA":9.0,"CrsPA":2.0,"Prog":64.0},{"Player":"Hamari Traore","Pos":"DF","Cmp":2034.0,"Cmp%":83.3,"1\/3":155.0,"PPA":55.0,"CrsPA":23.0,"Prog":196.0},{"Player":"Ismael Traoré","Pos":"DF","Cmp":1460.0,"Cmp%":85.9,"1\/3":73.0,"PPA":6.0,"CrsPA":1.0,"Prog":68.0},{"Player":"Miguel Trauco","Pos":"DF","Cmp":1080.0,"Cmp%":76.6,"1\/3":80.0,"PPA":31.0,"CrsPA":14.0,"Prog":106.0},{"Player":"Adrien Truffert","Pos":"DF","Cmp":1083.0,"Cmp%":84.0,"1\/3":52.0,"PPA":21.0,"CrsPA":11.0,"Prog":80.0},{"Player":"Matthieu Udol","Pos":"DF","Cmp":798.0,"Cmp%":81.8,"1\/3":36.0,"PPA":19.0,"CrsPA":9.0,"Prog":65.0},{"Player":"Hwang Ui-Jo","Pos":"FW","Cmp":398.0,"Cmp%":81.6,"1\/3":9.0,"PPA":12.0,"CrsPA":4.0,"Prog":21.0},{"Player":"Marco Verratti","Pos":"MF","Cmp":1653.0,"Cmp%":91.9,"1\/3":170.0,"PPA":35.0,"CrsPA":4.0,"Prog":135.0},{"Player":"Kevin Volland","Pos":"FW","Cmp":549.0,"Cmp%":68.2,"1\/3":45.0,"PPA":30.0,"CrsPA":4.0,"Prog":62.0},{"Player":"Timothy Weah","Pos":"FW","Cmp":234.0,"Cmp%":75.7,"1\/3":17.0,"PPA":5.0,"CrsPA":1.0,"Prog":18.0},{"Player":"Yoane Wissa","Pos":"FW","Cmp":575.0,"Cmp%":76.2,"1\/3":35.0,"PPA":21.0,"CrsPA":4.0,"Prog":62.0},{"Player":"Xeka","Pos":"MF","Cmp":783.0,"Cmp%":88.9,"1\/3":87.0,"PPA":9.0,"CrsPA":0.0,"Prog":65.0},{"Player":"Yusuf Yazici","Pos":"FW","Cmp":355.0,"Cmp%":67.7,"1\/3":29.0,"PPA":19.0,"CrsPA":0.0,"Prog":50.0},{"Player":"Burak Yilmaz","Pos":"FW","Cmp":399.0,"Cmp%":75.3,"1\/3":16.0,"PPA":4.0,"CrsPA":0.0,"Prog":22.0},{"Player":"Zaydou Youssef","Pos":"MF","Cmp":392.0,"Cmp%":78.1,"1\/3":28.0,"PPA":9.0,"CrsPA":4.0,"Prog":31.0},{"Player":"Arbër Zeneli","Pos":"MF","Cmp":297.0,"Cmp%":72.6,"1\/3":13.0,"PPA":10.0,"CrsPA":2.0,"Prog":28.0},{"Player":"Mehdi Zerkane","Pos":"MF","Cmp":481.0,"Cmp%":84.5,"1\/3":41.0,"PPA":5.0,"CrsPA":1.0,"Prog":31.0},{"Player":"Kévin Zohi","Pos":"FW,MF","Cmp":"142","Cmp%":"76.3","1\/3":"10","PPA":"6","CrsPA":"2","Prog":"17"}]